Time,CORE_ZN ZN PSZ-AC-1:DesPer 1:Des Heat Mass Flow [kg/s],CORE_ZN ZN PSZ-AC-1:DesPer 1:Des Heat Cap [W],CORE_ZN ZN PSZ-AC-1:DesPer 1:Des Cool Mass Flow [kg/s],CORE_ZN ZN PSZ-AC-1:DesPer 1:Des Sens Cool Cap [W],CORE_ZN ZN PSZ-AC-1:DesPer 1:Des Tot Cool Cap [W],CORE_ZN ZN PSZ-AC-1:DesPer 2:Des Heat Mass Flow [kg/s],CORE_ZN ZN PSZ-AC-1:DesPer 2:Des Heat Cap [W],CORE_ZN ZN PSZ-AC-1:DesPer 2:Des Cool Mass Flow [kg/s],CORE_ZN ZN PSZ-AC-1:DesPer 2:Des Sens Cool Cap [W],CORE_ZN ZN PSZ-AC-1:DesPer 2:Des Tot Cool Cap [W],CORE_ZN ZN PSZ-AC-1:DesPer 3:Des Heat Mass Flow [kg/s],CORE_ZN ZN PSZ-AC-1:DesPer 3:Des Heat Cap [W],CORE_ZN ZN PSZ-AC-1:DesPer 3:Des Cool Mass Flow [kg/s],CORE_ZN ZN PSZ-AC-1:DesPer 3:Des Sens Cool Cap [W],CORE_ZN ZN PSZ-AC-1:DesPer 3:Des Tot Cool Cap [W],PERIMETER_ZN_1 ZN PSZ-AC-2:DesPer 1:Des Heat Mass Flow [kg/s],PERIMETER_ZN_1 ZN PSZ-AC-2:DesPer 1:Des Heat Cap [W],PERIMETER_ZN_1 ZN PSZ-AC-2:DesPer 1:Des Cool Mass Flow [kg/s],PERIMETER_ZN_1 ZN PSZ-AC-2:DesPer 1:Des Sens Cool Cap [W],PERIMETER_ZN_1 ZN PSZ-AC-2:DesPer 1:Des Tot Cool Cap [W],PERIMETER_ZN_1 ZN PSZ-AC-2:DesPer 2:Des Heat Mass Flow [kg/s],PERIMETER_ZN_1 ZN PSZ-AC-2:DesPer 2:Des Heat Cap [W],PERIMETER_ZN_1 ZN PSZ-AC-2:DesPer 2:Des Cool Mass Flow [kg/s],PERIMETER_ZN_1 ZN PSZ-AC-2:DesPer 2:Des Sens Cool Cap [W],PERIMETER_ZN_1 ZN PSZ-AC-2:DesPer 2:Des Tot Cool Cap [W],PERIMETER_ZN_1 ZN PSZ-AC-2:DesPer 3:Des Heat Mass Flow [kg/s],PERIMETER_ZN_1 ZN PSZ-AC-2:DesPer 3:Des Heat Cap [W],PERIMETER_ZN_1 ZN PSZ-AC-2:DesPer 3:Des Cool Mass Flow [kg/s],PERIMETER_ZN_1 ZN PSZ-AC-2:DesPer 3:Des Sens Cool Cap [W],PERIMETER_ZN_1 ZN PSZ-AC-2:DesPer 3:Des Tot Cool Cap [W],PERIMETER_ZN_2 ZN PSZ-AC-3:DesPer 1:Des Heat Mass Flow [kg/s],PERIMETER_ZN_2 ZN PSZ-AC-3:DesPer 1:Des Heat Cap [W],PERIMETER_ZN_2 ZN PSZ-AC-3:DesPer 1:Des Cool Mass Flow [kg/s],PERIMETER_ZN_2 ZN PSZ-AC-3:DesPer 1:Des Sens Cool Cap [W],PERIMETER_ZN_2 ZN PSZ-AC-3:DesPer 1:Des Tot Cool Cap [W],PERIMETER_ZN_2 ZN PSZ-AC-3:DesPer 2:Des Heat Mass Flow [kg/s],PERIMETER_ZN_2 ZN PSZ-AC-3:DesPer 2:Des Heat Cap [W],PERIMETER_ZN_2 ZN PSZ-AC-3:DesPer 2:Des Cool Mass Flow [kg/s],PERIMETER_ZN_2 ZN PSZ-AC-3:DesPer 2:Des Sens Cool Cap [W],PERIMETER_ZN_2 ZN PSZ-AC-3:DesPer 2:Des Tot Cool Cap [W],PERIMETER_ZN_2 ZN PSZ-AC-3:DesPer 3:Des Heat Mass Flow [kg/s],PERIMETER_ZN_2 ZN PSZ-AC-3:DesPer 3:Des Heat Cap [W],PERIMETER_ZN_2 ZN PSZ-AC-3:DesPer 3:Des Cool Mass Flow [kg/s],PERIMETER_ZN_2 ZN PSZ-AC-3:DesPer 3:Des Sens Cool Cap [W],PERIMETER_ZN_2 ZN PSZ-AC-3:DesPer 3:Des Tot Cool Cap [W],PERIMETER_ZN_3 ZN PSZ-AC-4:DesPer 1:Des Heat Mass Flow [kg/s],PERIMETER_ZN_3 ZN PSZ-AC-4:DesPer 1:Des Heat Cap [W],PERIMETER_ZN_3 ZN PSZ-AC-4:DesPer 1:Des Cool Mass Flow [kg/s],PERIMETER_ZN_3 ZN PSZ-AC-4:DesPer 1:Des Sens Cool Cap [W],PERIMETER_ZN_3 ZN PSZ-AC-4:DesPer 1:Des Tot Cool Cap [W],PERIMETER_ZN_3 ZN PSZ-AC-4:DesPer 2:Des Heat Mass Flow [kg/s],PERIMETER_ZN_3 ZN PSZ-AC-4:DesPer 2:Des Heat Cap [W],PERIMETER_ZN_3 ZN PSZ-AC-4:DesPer 2:Des Cool Mass Flow [kg/s],PERIMETER_ZN_3 ZN PSZ-AC-4:DesPer 2:Des Sens Cool Cap [W],PERIMETER_ZN_3 ZN PSZ-AC-4:DesPer 2:Des Tot Cool Cap [W],PERIMETER_ZN_3 ZN PSZ-AC-4:DesPer 3:Des Heat Mass Flow [kg/s],PERIMETER_ZN_3 ZN PSZ-AC-4:DesPer 3:Des Heat Cap [W],PERIMETER_ZN_3 ZN PSZ-AC-4:DesPer 3:Des Cool Mass Flow [kg/s],PERIMETER_ZN_3 ZN PSZ-AC-4:DesPer 3:Des Sens Cool Cap [W],PERIMETER_ZN_3 ZN PSZ-AC-4:DesPer 3:Des Tot Cool Cap [W],PERIMETER_ZN_4 ZN PSZ-AC-5:DesPer 1:Des Heat Mass Flow [kg/s],PERIMETER_ZN_4 ZN PSZ-AC-5:DesPer 1:Des Heat Cap [W],PERIMETER_ZN_4 ZN PSZ-AC-5:DesPer 1:Des Cool Mass Flow [kg/s],PERIMETER_ZN_4 ZN PSZ-AC-5:DesPer 1:Des Sens Cool Cap [W],PERIMETER_ZN_4 ZN PSZ-AC-5:DesPer 1:Des Tot Cool Cap [W],PERIMETER_ZN_4 ZN PSZ-AC-5:DesPer 2:Des Heat Mass Flow [kg/s],PERIMETER_ZN_4 ZN PSZ-AC-5:DesPer 2:Des Heat Cap [W],PERIMETER_ZN_4 ZN PSZ-AC-5:DesPer 2:Des Cool Mass Flow [kg/s],PERIMETER_ZN_4 ZN PSZ-AC-5:DesPer 2:Des Sens Cool Cap [W],PERIMETER_ZN_4 ZN PSZ-AC-5:DesPer 2:Des Tot Cool Cap [W],PERIMETER_ZN_4 ZN PSZ-AC-5:DesPer 3:Des Heat Mass Flow [kg/s],PERIMETER_ZN_4 ZN PSZ-AC-5:DesPer 3:Des Heat Cap [W],PERIMETER_ZN_4 ZN PSZ-AC-5:DesPer 3:Des Cool Mass Flow [kg/s],PERIMETER_ZN_4 ZN PSZ-AC-5:DesPer 3:Des Sens Cool Cap [W],PERIMETER_ZN_4 ZN PSZ-AC-5:DesPer 3:Des Tot Cool Cap [W]
00:10:00,6.823837E-02,1.555851E+03,3.662196E-01,4.323381E+03,4.544805E+03,6.823837E-02,2.104411E+03,3.412748E-01,3.496313E+03,5.073615E+03,6.823837E-02,3.785059E+03,6.823837E-02,0.000000E+00,0.000000E+00,5.172911E-02,1.179436E+03,2.945131E-01,3.466088E+03,3.603886E+03,5.172911E-02,1.595280E+03,2.216195E-01,2.236292E+03,3.494662E+03,1.265316E-01,5.041025E+03,5.172911E-02,0.000000E+00,0.000000E+00,3.068637E-02,6.996567E+02,1.843136E-01,2.163372E+03,2.246559E+03,3.068637E-02,9.463404E+02,1.405247E-01,1.427717E+03,2.187632E+03,7.713233E-02,3.050570E+03,3.068637E-02,0.000000E+00,0.000000E+00,5.172911E-02,1.179436E+03,2.962169E-01,3.485113E+03,3.622008E+03,5.172911E-02,1.595280E+03,2.221018E-01,2.241676E+03,3.504202E+03,1.274564E-01,5.067882E+03,5.172911E-02,0.000000E+00,0.000000E+00,3.068637E-02,6.996567E+02,1.950743E-01,2.283518E+03,2.370849E+03,3.068637E-02,9.463404E+02,1.499479E-01,1.532926E+03,2.299359E+03,7.645283E-02,3.030842E+03,3.068637E-02,0.000000E+00,0.000000E+00
00:20:00,6.823837E-02,1.564765E+03,3.656349E-01,4.307938E+03,4.528912E+03,6.823837E-02,2.113325E+03,3.406891E-01,3.480860E+03,5.057654E+03,6.823837E-02,3.785059E+03,6.823837E-02,0.000000E+00,0.000000E+00,5.172911E-02,1.186194E+03,2.926784E-01,3.438845E+03,3.576168E+03,5.172911E-02,1.602037E+03,2.198419E-01,2.209688E+03,3.467561E+03,1.265205E-01,5.040703E+03,5.172911E-02,0.000000E+00,0.000000E+00,3.068637E-02,7.036653E+02,1.830725E-01,2.145506E+03,2.228404E+03,3.068637E-02,9.503490E+02,1.393192E-01,1.410249E+03,2.169906E+03,7.712644E-02,3.050399E+03,3.068637E-02,0.000000E+00,0.000000E+00,5.172911E-02,1.186194E+03,2.943476E-01,3.457484E+03,3.593917E+03,5.172911E-02,1.602037E+03,2.202879E-01,2.214666E+03,3.476709E+03,1.274453E-01,5.067559E+03,5.172911E-02,0.000000E+00,0.000000E+00,3.068637E-02,7.036653E+02,1.934679E-01,2.261574E+03,2.348509E+03,3.068637E-02,9.503490E+02,1.483770E-01,1.511378E+03,2.277421E+03,7.644691E-02,3.030670E+03,3.068637E-02,0.000000E+00,0.000000E+00
00:30:00,6.823837E-02,1.573680E+03,3.650575E-01,4.292578E+03,4.513104E+03,6.823837E-02,2.122239E+03,3.401109E-01,3.465490E+03,5.041778E+03,6.823837E-02,3.785059E+03,6.823837E-02,0.000000E+00,0.000000E+00,5.172911E-02,1.192951E+03,2.908854E-01,3.412068E+03,3.548907E+03,5.172911E-02,1.608795E+03,2.180962E-01,2.183440E+03,3.440772E+03,1.265095E-01,5.040384E+03,5.172911E-02,0.000000E+00,0.000000E+00,3.068637E-02,7.076739E+02,1.818592E-01,2.127950E+03,2.210554E+03,3.068637E-02,9.543576E+02,1.381356E-01,1.393025E+03,2.152394E+03,7.712059E-02,3.050229E+03,3.068637E-02,0.000000E+00,0.000000E+00,5.172911E-02,1.192951E+03,2.925238E-01,3.430363E+03,3.566325E+03,5.172911E-02,1.608795E+03,2.185095E-01,2.188052E+03,3.449569E+03,1.274343E-01,5.067239E+03,5.172911E-02,0.000000E+00,0.000000E+00,3.068637E-02,7.076739E+02,1.919159E-01,2.240237E+03,2.326777E+03,3.068637E-02,9.543576E+02,1.468548E-01,1.490373E+03,2.256004E+03,7.644105E-02,3.030500E+03,3.068637E-02,0.000000E+00,0.000000E+00
00:40:00,6.823837E-02,1.582594E+03,3.644869E-01,4.277293E+03,4.497375E+03,6.823837E-02,2.131153E+03,3.395396E-01,3.450197E+03,5.025982E+03,6.823837E-02,3.785059E+03,6.823837E-02,0.000000E+00,0.000000E+00,5.172911E-02,1.199708E+03,2.891326E-01,3.385740E+03,3.522093E+03,5.172911E-02,1.615552E+03,2.163812E-01,2.157535E+03,3.414291E+03,1.264986E-01,5.040066E+03,5.172911E-02,0.000000E+00,0.000000E+00,3.068637E-02,7.116825E+02,1.806727E-01,2.110694E+03,2.193001E+03,3.068637E-02,9.583662E+02,1.369731E-01,1.376037E+03,2.135091E+03,7.711478E-02,3.050060E+03,3.068637E-02,0.000000E+00,0.000000E+00,5.172911E-02,1.199708E+03,2.907436E-01,3.403729E+03,3.539217E+03,5.172911E-02,1.615552E+03,2.167650E-01,2.161817E+03,3.422771E+03,1.274233E-01,5.066922E+03,5.172911E-02,0.000000E+00,0.000000E+00,3.068637E-02,7.116825E+02,1.904146E-01,2.219465E+03,2.305615E+03,3.068637E-02,9.583662E+02,1.453778E-01,1.469873E+03,2.235075E+03,7.643522E-02,3.030331E+03,3.068637E-02,0.000000E+00,0.000000E+00
00:50:00,6.823837E-02,1.591508E+03,3.639226E-01,4.262078E+03,4.481716E+03,6.823837E-02,2.140067E+03,3.389746E-01,3.434975E+03,5.010258E+03,6.823837E-02,3.785059E+03,6.823837E-02,0.000000E+00,0.000000E+00,5.172911E-02,1.206466E+03,2.874187E-01,3.359846E+03,3.495717E+03,5.172911E-02,1.622309E+03,2.146961E-01,2.131962E+03,3.388120E+03,1.264877E-01,5.039752E+03,5.172911E-02,0.000000E+00,0.000000E+00,3.068637E-02,7.156911E+02,1.795121E-01,2.093726E+03,2.175739E+03,3.068637E-02,9.623748E+02,1.358310E-01,1.359276E+03,2.118000E+03,7.710903E-02,3.049893E+03,3.068637E-02,0.000000E+00,0.000000E+00,5.172911E-02,1.206466E+03,2.890054E-01,3.377564E+03,3.512583E+03,5.172911E-02,1.622309E+03,2.150532E-01,2.135947E+03,3.396316E+03,1.274125E-01,5.066606E+03,5.172911E-02,0.000000E+00,0.000000E+00,3.068637E-02,7.156911E+02,1.889605E-01,2.199220E+03,2.284990E+03,3.068637E-02,9.623748E+02,1.439430E-01,1.449846E+03,2.214612E+03,7.642944E-02,3.030163E+03,3.068637E-02,0.000000E+00,0.000000E+00
01:00:00,6.823837E-02,1.600422E+03,3.633641E-01,4.246929E+03,4.466124E+03,6.823837E-02,2.148981E+03,3.384155E-01,3.419819E+03,4.994601E+03,6.823837E-02,3.785059E+03,6.823837E-02,0.000000E+00,0.000000E+00,5.172911E-02,1.213223E+03,2.857425E-01,3.334373E+03,3.469775E+03,5.172911E-02,1.629067E+03,2.130399E-01,2.106713E+03,3.362264E+03,1.264770E-01,5.039439E+03,5.172911E-02,0.000000E+00,0.000000E+00,3.068637E-02,7.196997E+02,1.783766E-01,2.077039E+03,2.158764E+03,3.068637E-02,9.663834E+02,1.347086E-01,1.342736E+03,2.101123E+03,7.710331E-02,3.049727E+03,3.068637E-02,0.000000E+00,0.000000E+00,5.172911E-02,1.213223E+03,2.873076E-01,3.351849E+03,3.486413E+03,5.172911E-02,1.629067E+03,2.133729E-01,2.110429E+03,3.370205E+03,1.274017E-01,5.066293E+03,5.172911E-02,0.000000E+00,0.000000E+00,3.068637E-02,7.196997E+02,1.875507E-01,2.179471E+03,2.264873E+03,3.068637E-02,9.663834E+02,1.425479E-01,1.430260E+03,2.194592E+03,7.642371E-02,3.029997E+03,3.068637E-02,0.000000E+00,0.000000E+00
01:10:00,6.823837E-02,1.606365E+03,3.628243E-01,4.234959E+03,4.453794E+03,6.823837E-02,2.154924E+03,3.378758E-01,3.407849E+03,4.982226E+03,6.823837E-02,3.785059E+03,6.823837E-02,0.000000E+00,0.000000E+00,5.172911E-02,1.217728E+03,2.841179E-01,3.311729E+03,3.446745E+03,5.172911E-02,1.633572E+03,2.114312E-01,2.084247E+03,3.339299E+03,1.264777E-01,5.039462E+03,5.172911E-02,0.000000E+00,0.000000E+00,3.068637E-02,7.223721E+02,1.772735E-01,2.062050E+03,2.143537E+03,3.068637E-02,9.690558E+02,1.336160E-01,1.327865E+03,2.085974E+03,7.710373E-02,3.049739E+03,3.068637E-02,0.000000E+00,0.000000E+00,5.172911E-02,1.217728E+03,2.856639E-01,3.328991E+03,3.463185E+03,5.172911E-02,1.633572E+03,2.117424E-01,2.087719E+03,3.347009E+03,1.274025E-01,5.066316E+03,5.172911E-02,0.000000E+00,0.000000E+00,3.068637E-02,7.223721E+02,1.861911E-01,2.161618E+03,2.246706E+03,3.068637E-02,9.690558E+02,1.412009E-01,1.412548E+03,2.176512E+03,7.642413E-02,3.030009E+03,3.068637E-02,0.000000E+00,0.000000E+00
01:20:00,6.823837E-02,1.612307E+03,3.622897E-01,4.223047E+03,4.441525E+03,6.823837E-02,2.160867E+03,3.373411E-01,3.395938E+03,4.969912E+03,6.823837E-02,3.785059E+03,6.823837E-02,0.000000E+00,0.000000E+00,5.172911E-02,1.222233E+03,2.825386E-01,3.289591E+03,3.424208E+03,5.172911E-02,1.638077E+03,2.098634E-01,2.062237E+03,3.316749E+03,1.264785E-01,5.039484E+03,5.172911E-02,0.000000E+00,0.000000E+00,3.068637E-02,7.250445E+02,1.761996E-01,2.047387E+03,2.128624E+03,3.068637E-02,9.717282E+02,1.325499E-01,1.313290E+03,2.071087E+03,7.710414E-02,3.049751E+03,3.068637E-02,0.000000E+00,0.000000E+00,5.172911E-02,1.222233E+03,2.840681E-01,3.306669E+03,3.440479E+03,5.172911E-02,1.638077E+03,2.101552E-01,2.065493E+03,3.324257E+03,1.274032E-01,5.066338E+03,5.172911E-02,0.000000E+00,0.000000E+00,3.068637E-02,7.250445E+02,1.848767E-01,2.144269E+03,2.229037E+03,3.068637E-02,9.717282E+02,1.398969E-01,1.395316E+03,2.158882E+03,7.642454E-02,3.030021E+03,3.068637E-02,0.000000E+00,0.000000E+00
01:30:00,6.823837E-02,1.618250E+03,3.617601E-01,4.211191E+03,4.429313E+03,6.823837E-02,2.166809E+03,3.368116E-01,3.384082E+03,4.957655E+03,6.823837E-02,3.785059E+03,6.823837E-02,0.000000E+00,0.000000E+00,5.172911E-02,1.226738E+03,2.810043E-01,3.267954E+03,3.402144E+03,5.172911E-02,1.642582E+03,2.083365E-01,2.040685E+03,3.294587E+03,1.264793E-01,5.039506E+03,5.172911E-02,0.000000E+00,0.000000E+00,3.068637E-02,7.277169E+02,1.751546E-01,2.033046E+03,2.114014E+03,3.068637E-02,9.744007E+02,1.315102E-01,1.299008E+03,2.056444E+03,7.710455E-02,3.049763E+03,3.068637E-02,0.000000E+00,0.000000E+00,5.172911E-02,1.226738E+03,2.825197E-01,3.284875E+03,3.418272E+03,5.172911E-02,1.642582E+03,2.086113E-01,2.043750E+03,3.301917E+03,1.274040E-01,5.066361E+03,5.172911E-02,0.000000E+00,0.000000E+00,3.068637E-02,7.277169E+02,1.836057E-01,2.127405E+03,2.211835E+03,3.068637E-02,9.744007E+02,1.386343E-01,1.378548E+03,2.141667E+03,7.642495E-02,3.030033E+03,3.068637E-02,0.000000E+00,0.000000E+00
01:40:00,6.823837E-02,1.624193E+03,3.612356E-01,4.199393E+03,4.417159E+03,6.823837E-02,2.172752E+03,3.362870E-01,3.372282E+03,4.945455E+03,6.823837E-02,3.785059E+03,6.823837E-02,0.000000E+00,0.000000E+00,5.172911E-02,1.231243E+03,2.795144E-01,3.246814E+03,3.380561E+03,5.172911E-02,1.647087E+03,2.068508E-01,2.019592E+03,3.272834E+03,1.264800E-01,5.039528E+03,5.172911E-02,0.000000E+00,0.000000E+00,3.068637E-02,7.303894E+02,1.741380E-01,2.019024E+03,2.099710E+03,3.068637E-02,9.770731E+02,1.304969E-01,1.285023E+03,2.042057E+03,7.710495E-02,3.049775E+03,3.068637E-02,0.000000E+00,0.000000E+00,5.172911E-02,1.231243E+03,2.810180E-01,3.263603E+03,3.396570E+03,5.172911E-02,1.647087E+03,2.071107E-01,2.022491E+03,3.280008E+03,1.274048E-01,5.066383E+03,5.172911E-02,0.000000E+00,0.000000E+00,3.068637E-02,7.303894E+02,1.823765E-01,2.111008E+03,2.195093E+03,3.068637E-02,9.770731E+02,1.374120E-01,1.362228E+03,2.124865E+03,7.642536E-02,3.030044E+03,3.068637E-02,0.000000E+00,0.000000E+00
01:50:00,6.823837E-02,1.630135E+03,3.607161E-01,4.187650E+03,4.405064E+03,6.823837E-02,2.178695E+03,3.357673E-01,3.360538E+03,4.933312E+03,6.823837E-02,3.785059E+03,6.823837E-02,0.000000E+00,0.000000E+00,5.172911E-02,1.235748E+03,2.780688E-01,3.226168E+03,3.359473E+03,5.172911E-02,1.651592E+03,2.054066E-01,1.998962E+03,3.251523E+03,1.264808E-01,5.039550E+03,5.172911E-02,0.000000E+00,0.000000E+00,3.068637E-02,7.330618E+02,1.731497E-01,2.005316E+03,2.085722E+03,3.068637E-02,9.797455E+02,1.295102E-01,1.271333E+03,2.027949E+03,7.710536E-02,3.049787E+03,3.068637E-02,0.000000E+00,0.000000E+00,5.172911E-02,1.235748E+03,2.795626E-01,3.242848E+03,3.375387E+03,5.172911E-02,1.651592E+03,2.056536E-01,2.001718E+03,3.258565E+03,1.274055E-01,5.066405E+03,5.172911E-02,0.000000E+00,0.000000E+00,3.068637E-02,7.330618E+02,1.811878E-01,2.095064E+03,2.178807E+03,3.068637E-02,9.797455E+02,1.362289E-01,1.346346E+03,2.108488E+03,7.642576E-02,3.030056E+03,3.068637E-02,0.000000E+00,0.000000E+00
02:00:00,6.823837E-02,1.636078E+03,3.602018E-01,4.175965E+03,4.393028E+03,6.823837E-02,2.184638E+03,3.352527E-01,3.348849E+03,4.921228E+03,6.823837E-02,3.785059E+03,6.823837E-02,0.000000E+00,0.000000E+00,5.172911E-02,1.240253E+03,2.766671E-01,3.206012E+03,3.338893E+03,5.172911E-02,1.656097E+03,2.040041E-01,1.978798E+03,3.230690E+03,1.264815E-01,5.039572E+03,5.172911E-02,0.000000E+00,0.000000E+00,3.068637E-02,7.357342E+02,1.721895E-01,1.991923E+03,2.072057E+03,3.068637E-02,9.824179E+02,1.285501E-01,1.257941E+03,2.014141E+03,7.710576E-02,3.049798E+03,3.068637E-02,0.000000E+00,0.000000E+00,5.172911E-02,1.240253E+03,2.781531E-01,3.222605E+03,3.354733E+03,5.172911E-02,1.656097E+03,2.042402E-01,1.981432E+03,3.237619E+03,1.274063E-01,5.066426E+03,5.172911E-02,0.000000E+00,0.000000E+00,3.068637E-02,7.357342E+02,1.800385E-01,2.079559E+03,2.162974E+03,3.068637E-02,9.824179E+02,1.350841E-01,1.330892E+03,2.092545E+03,7.642616E-02,3.030068E+03,3.068637E-02,0.000000E+00,0.000000E+00
02:10:00,6.823837E-02,1.640535E+03,3.596926E-01,4.165823E+03,4.382567E+03,6.823837E-02,2.189095E+03,3.347430E-01,3.338702E+03,4.910720E+03,6.823837E-02,3.785059E+03,6.823837E-02,0.000000E+00,0.000000E+00,5.172911E-02,1.243632E+03,2.752983E-01,3.187350E+03,3.319838E+03,5.172911E-02,1.659475E+03,2.026318E-01,1.960097E+03,3.211342E+03,1.264823E-01,5.039594E+03,5.172911E-02,0.000000E+00,0.000000E+00,3.068637E-02,7.377385E+02,1.712510E-01,1.979439E+03,2.059320E+03,3.068637E-02,9.844222E+02,1.276100E-01,1.245441E+03,2.001238E+03,7.710615E-02,3.049810E+03,3.068637E-02,0.000000E+00,0.000000E+00,5.172911E-02,1.243632E+03,2.767783E-01,3.203876E+03,3.335626E+03,5.172911E-02,1.659475E+03,2.028590E-01,1.962632E+03,3.218184E+03,1.274070E-01,5.066448E+03,5.172911E-02,0.000000E+00,0.000000E+00,3.068637E-02,7.377385E+02,1.789212E-01,2.065080E+03,2.148188E+03,3.068637E-02,9.844222E+02,1.339698E-01,1.316446E+03,2.077628E+03,7.642656E-02,3.030079E+03,3.068637E-02,0.000000E+00,0.000000E+00
02:20:00,6.823837E-02,1.644992E+03,3.591885E-01,4.155737E+03,4.372164E+03,6.823837E-02,2.193552E+03,3.342383E-01,3.328609E+03,4.900270E+03,6.823837E-02,3.785059E+03,6.823837E-02,0.000000E+00,0.000000E+00,5.172911E-02,1.247011E+03,2.739621E-01,3.169053E+03,3.301139E+03,5.172911E-02,1.662854E+03,2.012895E-01,1.941733E+03,3.192297E+03,1.264830E-01,5.039615E+03,5.172911E-02,0.000000E+00,0.000000E+00,3.068637E-02,7.397428E+02,1.703340E-01,1.967197E+03,2.046819E+03,3.068637E-02,9.864265E+02,1.266899E-01,1.233164E+03,1.988533E+03,7.710654E-02,3.049821E+03,3.068637E-02,0.000000E+00,0.000000E+00,5.172911E-02,1.247011E+03,2.754374E-01,3.185526E+03,3.316888E+03,5.172911E-02,1.662854E+03,2.015093E-01,1.944184E+03,3.199067E+03,1.274078E-01,5.066469E+03,5.172911E-02,0.000000E+00,0.000000E+00,3.068637E-02,7.397428E+02,1.778349E-01,2.050946E+03,2.133744E+03,3.068637E-02,9.864265E+02,1.328851E-01,1.302331E+03,2.063021E+03,7.642695E-02,3.030091E+03,3.068637E-02,0.000000E+00,0.000000E+00
02:30:00,6.823837E-02,1.649449E+03,3.586894E-01,4.145708E+03,4.361819E+03,6.823837E-02,2.198009E+03,3.337384E-01,3.318571E+03,4.889877E+03,6.823837E-02,3.785059E+03,6.823837E-02,0.000000E+00,0.000000E+00,5.172911E-02,1.250389E+03,2.726581E-01,3.151114E+03,3.282785E+03,5.172911E-02,1.666233E+03,1.999771E-01,1.923701E+03,3.173544E+03,1.264837E-01,5.039636E+03,5.172911E-02,0.000000E+00,0.000000E+00,3.068637E-02,7.417471E+02,1.694383E-01,1.955191E+03,2.034545E+03,3.068637E-02,9.884308E+02,1.257896E-01,1.221108E+03,1.976019E+03,7.710693E-02,3.049832E+03,3.068637E-02,0.000000E+00,0.000000E+00,5.172911E-02,1.250389E+03,2.741299E-01,3.167548E+03,3.298509E+03,5.172911E-02,1.666233E+03,2.001908E-01,1.926084E+03,3.180255E+03,1.274085E-01,5.066490E+03,5.172911E-02,0.000000E+00,0.000000E+00,3.068637E-02,7.417471E+02,1.767785E-01,2.037147E+03,2.119629E+03,3.068637E-02,9.884308E+02,1.318291E-01,1.288536E+03,2.048707E+03,7.642734E-02,3.030102E+03,3.068637E-02,0.000000E+00,0.000000E+00
02:40:00,6.823837E-02,1.653906E+03,3.581953E-01,4.135734E+03,4.351532E+03,6.823837E-02,2.202466E+03,3.332433E-01,3.308587E+03,4.879538E+03,6.823837E-02,3.785059E+03,6.823837E-02,0.000000E+00,0.000000E+00,5.172911E-02,1.253768E+03,2.713859E-01,3.133530E+03,3.264779E+03,5.172911E-02,1.669612E+03,1.986943E-01,1.906000E+03,3.155091E+03,1.264845E-01,5.039657E+03,5.172911E-02,0.000000E+00,0.000000E+00,3.068637E-02,7.437514E+02,1.685635E-01,1.943419E+03,2.022501E+03,3.068637E-02,9.904351E+02,1.249090E-01,1.209271E+03,1.963703E+03,7.710732E-02,3.049844E+03,3.068637E-02,0.000000E+00,0.000000E+00,5.172911E-02,1.253768E+03,2.728552E-01,3.149937E+03,3.280489E+03,5.172911E-02,1.669612E+03,1.989032E-01,1.908329E+03,3.161757E+03,1.274092E-01,5.066511E+03,5.172911E-02,0.000000E+00,0.000000E+00,3.068637E-02,7.437514E+02,1.757513E-01,2.023673E+03,2.105836E+03,3.068637E-02,9.904351E+02,1.308008E-01,1.275052E+03,2.034684E+03,7.642773E-02,3.030113E+03,3.068637E-02,0.000000E+00,0.000000E+00
02:50:00,6.823837E-02,1.658363E+03,3.577061E-01,4.125815E+03,4.341301E+03,6.823837E-02,2.206923E+03,3.327530E-01,3.298655E+03,4.869254E+03,6.823837E-02,3.785059E+03,6.823837E-02,0.000000E+00,0.000000E+00,5.172911E-02,1.257147E+03,2.701449E-01,3.116295E+03,3.247125E+03,5.172911E-02,1.672990E+03,1.974410E-01,1.888628E+03,3.136955E+03,1.264852E-01,5.039678E+03,5.172911E-02,0.000000E+00,0.000000E+00,3.068637E-02,7.457557E+02,1.677094E-01,1.931878E+03,2.010688E+03,3.068637E-02,9.924394E+02,1.240478E-01,1.197652E+03,1.951596E+03,7.710770E-02,3.049855E+03,3.068637E-02,0.000000E+00,0.000000E+00,5.172911E-02,1.257147E+03,2.716127E-01,3.132686E+03,3.262831E+03,5.172911E-02,1.672990E+03,1.976462E-01,1.890916E+03,3.143589E+03,1.274099E-01,5.066532E+03,5.172911E-02,0.000000E+00,0.000000E+00,3.068637E-02,7.457557E+02,1.747521E-01,2.010513E+03,2.092360E+03,3.068637E-02,9.924394E+02,1.297995E-01,1.261868E+03,2.020956E+03,7.642812E-02,3.030125E+03,3.068637E-02,0.000000E+00,0.000000E+00
03:00:00,6.823837E-02,1.662820E+03,3.572218E-01,4.115951E+03,4.331127E+03,6.823837E-02,2.211380E+03,3.322673E-01,3.288774E+03,4.849073E+03,6.823837E-02,3.785059E+03,6.823837E-02,0.000000E+00,0.000000E+00,5.172911E-02,1.260526E+03,2.689347E-01,3.099404E+03,3.229825E+03,5.172911E-02,1.676369E+03,1.962161E-01,1.871573E+03,3.111595E+03,1.264859E-01,5.039699E+03,5.172911E-02,0.000000E+00,0.000000E+00,3.068637E-02,7.477600E+02,1.668756E-01,1.920564E+03,1.999109E+03,3.068637E-02,9.944437E+02,1.232056E-01,1.186245E+03,1.935226E+03,7.710808E-02,3.049866E+03,3.068637E-02,0.000000E+00,0.000000E+00,5.172911E-02,1.260526E+03,2.704020E-01,3.115788E+03,3.245538E+03,5.172911E-02,1.676369E+03,1.964189E-01,1.873834E+03,3.118211E+03,1.274106E-01,5.066553E+03,5.172911E-02,0.000000E+00,0.000000E+00,3.068637E-02,7.477600E+02,1.737803E-01,1.997658E+03,2.079199E+03,3.068637E-02,9.944437E+02,1.288241E-01,1.248973E+03,2.003044E+03,7.642850E-02,3.030136E+03,3.068637E-02,0.000000E+00,0.000000E+00
03:10:00,6.823837E-02,1.667278E+03,3.567422E-01,4.106139E+03,4.321007E+03,6.823837E-02,2.215837E+03,3.317861E-01,3.278945E+03,4.828219E+03,6.823837E-02,3.785059E+03,6.823837E-02,0.000000E+00,0.000000E+00,5.172911E-02,1.263904E+03,2.677453E-01,3.082746E+03,3.212757E+03,5.172911E-02,1.679748E+03,1.950066E-01,1.854690E+03,3.085695E+03,1.264866E-01,5.039719E+03,5.172911E-02,0.000000E+00,0.000000E+00,3.068637E-02,7.497643E+02,1.660563E-01,1.909412E+03,1.987691E+03,3.068637E-02,9.964480E+02,1.223749E-01,1.174966E+03,1.918544E+03,7.710846E-02,3.049877E+03,3.068637E-02,0.000000E+00,0.000000E+00,5.172911E-02,1.263904E+03,2.692127E-01,3.099131E+03,3.228484E+03,5.172911E-02,1.679748E+03,1.952083E-01,1.856939E+03,3.092302E+03,1.274113E-01,5.066574E+03,5.172911E-02,0.000000E+00,0.000000E+00,3.068637E-02,7.497643E+02,1.728293E-01,1.985034E+03,2.066271E+03,3.068637E-02,9.964480E+02,1.278663E-01,1.236275E+03,1.984887E+03,7.642888E-02,3.030147E+03,3.068637E-02,0.000000E+00,0.000000E+00
03:20:00,6.823837E-02,1.671735E+03,3.562672E-01,4.096379E+03,4.310940E+03,6.823837E-02,2.220294E+03,3.313093E-01,3.269165E+03,4.807456E+03,6.823837E-02,3.785059E+03,6.823837E-02,0.000000E+00,0.000000E+00,5.172911E-02,1.267283E+03,2.665761E-01,3.066312E+03,3.195915E+03,5.172911E-02,1.683127E+03,1.938121E-01,1.837975E+03,3.059773E+03,1.264873E-01,5.039739E+03,5.172911E-02,0.000000E+00,0.000000E+00,3.068637E-02,7.517686E+02,1.652510E-01,1.898417E+03,1.976433E+03,3.068637E-02,9.984523E+02,1.215554E-01,1.163811E+03,1.901853E+03,7.710883E-02,3.049888E+03,3.068637E-02,0.000000E+00,0.000000E+00,5.172911E-02,1.267283E+03,2.680437E-01,3.082700E+03,3.211658E+03,5.172911E-02,1.683127E+03,1.940134E-01,1.840220E+03,3.066369E+03,1.274121E-01,5.066594E+03,5.172911E-02,0.000000E+00,0.000000E+00,3.068637E-02,7.517686E+02,1.718980E-01,1.972633E+03,2.053568E+03,3.068637E-02,9.984523E+02,1.269252E-01,1.223764E+03,1.966780E+03,7.642925E-02,3.030158E+03,3.068637E-02,0.000000E+00,0.000000E+00
03:30:00,6.823837E-02,1.676192E+03,3.557966E-01,4.086668E+03,4.300924E+03,6.823837E-02,2.224751E+03,3.308367E-01,3.259431E+03,4.786782E+03,6.823837E-02,3.785059E+03,6.823837E-02,0.000000E+00,0.000000E+00,5.172911E-02,1.270662E+03,2.654262E-01,3.050094E+03,3.179292E+03,5.172911E-02,1.686505E+03,1.926319E-01,1.821419E+03,3.033839E+03,1.264880E-01,5.039760E+03,5.172911E-02,0.000000E+00,0.000000E+00,3.068637E-02,7.537729E+02,1.644594E-01,1.887574E+03,1.965328E+03,3.068637E-02,1.000457E+03,1.207466E-01,1.152777E+03,1.885161E+03,7.710921E-02,3.049898E+03,3.068637E-02,0.000000E+00,0.000000E+00,5.172911E-02,1.270662E+03,2.668941E-01,3.066485E+03,3.195052E+03,5.172911E-02,1.686505E+03,1.928333E-01,1.823666E+03,3.040421E+03,1.274127E-01,5.066614E+03,5.172911E-02,0.000000E+00,0.000000E+00,3.068637E-02,7.537729E+02,1.709857E-01,1.960442E+03,2.041081E+03,3.068637E-02,1.000457E+03,1.260001E-01,1.211431E+03,1.948727E+03,7.642962E-02,3.030168E+03,3.068637E-02,0.000000E+00,0.000000E+00
03:40:00,6.823837E-02,1.680649E+03,3.553303E-01,4.077004E+03,4.290956E+03,6.823837E-02,2.229208E+03,3.303681E-01,3.249742E+03,4.766194E+03,6.823837E-02,3.785059E+03,6.823837E-02,0.000000E+00,0.000000E+00,5.172911E-02,1.274040E+03,2.642949E-01,3.034085E+03,3.162882E+03,5.172911E-02,1.689884E+03,1.914651E-01,1.805014E+03,3.007932E+03,1.264887E-01,5.039780E+03,5.172911E-02,0.000000E+00,0.000000E+00,3.068637E-02,7.557772E+02,1.636807E-01,1.876876E+03,1.954372E+03,3.068637E-02,1.002461E+03,1.199481E-01,1.141857E+03,1.868497E+03,7.710957E-02,3.049909E+03,3.068637E-02,0.000000E+00,0.000000E+00,5.172911E-02,1.274040E+03,2.657630E-01,3.050478E+03,3.178656E+03,5.172911E-02,1.689884E+03,1.916673E-01,1.807268E+03,3.014500E+03,1.274134E-01,5.066634E+03,5.172911E-02,0.000000E+00,0.000000E+00,3.068637E-02,7.557772E+02,1.700913E-01,1.948452E+03,2.028798E+03,3.068637E-02,1.002461E+03,1.250900E-01,1.199265E+03,1.930756E+03,7.642999E-02,3.030179E+03,3.068637E-02,0.000000E+00,0.000000E+00
03:50:00,6.823837E-02,1.685106E+03,3.548679E-01,4.067384E+03,4.281034E+03,6.823837E-02,2.233665E+03,3.299032E-01,3.240094E+03,4.745689E+03,6.823837E-02,3.785059E+03,6.823837E-02,0.000000E+00,0.000000E+00,5.172911E-02,1.277419E+03,2.631817E-01,3.018276E+03,3.146677E+03,5.172911E-02,1.693263E+03,1.903112E-01,1.788752E+03,2.982086E+03,1.264894E-01,5.039800E+03,5.172911E-02,0.000000E+00,0.000000E+00,3.068637E-02,7.577815E+02,1.629146E-01,1.866317E+03,1.943559E+03,3.068637E-02,1.004465E+03,1.191593E-01,1.131047E+03,1.851887E+03,7.710994E-02,3.049920E+03,3.068637E-02,0.000000E+00,0.000000E+00,5.172911E-02,1.277419E+03,2.646496E-01,3.034667E+03,3.162462E+03,5.172911E-02,1.693263E+03,1.905145E-01,1.791019E+03,2.988640E+03,1.274141E-01,5.066654E+03,5.172911E-02,0.000000E+00,0.000000E+00,3.068637E-02,7.577815E+02,1.692141E-01,1.936652E+03,2.016711E+03,3.068637E-02,1.004465E+03,1.241942E-01,1.187259E+03,1.912891E+03,7.643036E-02,3.030190E+03,3.068637E-02,0.000000E+00,0.000000E+00
04:00:00,6.823837E-02,1.689563E+03,3.544092E-01,4.057806E+03,4.271156E+03,6.823837E-02,2.238122E+03,3.294418E-01,3.230486E+03,4.725265E+03,6.823837E-02,3.785059E+03,6.823837E-02,0.000000E+00,0.000000E+00,5.172911E-02,1.280798E+03,2.620861E-01,3.002664E+03,3.130674E+03,5.172911E-02,1.696641E+03,1.891702E-01,1.772635E+03,2.956338E+03,1.264900E-01,5.039819E+03,5.172911E-02,0.000000E+00,0.000000E+00,3.068637E-02,7.597858E+02,1.621605E-01,1.855893E+03,1.932882E+03,3.068637E-02,1.006470E+03,1.183803E-01,1.120345E+03,1.835355E+03,7.711030E-02,3.049930E+03,3.068637E-02,0.000000E+00,0.000000E+00,5.172911E-02,1.280798E+03,2.635530E-01,3.019044E+03,3.146459E+03,5.172911E-02,1.696641E+03,1.893749E-01,1.774917E+03,2.962878E+03,1.274148E-01,5.066674E+03,5.172911E-02,0.000000E+00,0.000000E+00,3.068637E-02,7.597858E+02,1.683530E-01,1.925034E+03,2.004809E+03,3.068637E-02,1.006470E+03,1.233121E-01,1.175407E+03,1.895151E+03,7.643072E-02,3.030200E+03,3.068637E-02,0.000000E+00,0.000000E+00
04:10:00,6.823837E-02,1.692534E+03,3.539542E-01,4.049755E+03,4.262835E+03,6.823837E-02,2.241093E+03,3.289838E-01,3.222400E+03,4.709914E+03,6.823837E-02,3.785059E+03,6.823837E-02,0.000000E+00,0.000000E+00,5.172911E-02,1.283050E+03,2.610151E-01,2.988455E+03,3.116113E+03,5.172911E-02,1.698894E+03,1.880552E-01,1.757934E+03,2.934682E+03,1.264907E-01,5.039839E+03,5.172911E-02,0.000000E+00,0.000000E+00,3.068637E-02,7.611220E+02,1.614227E-01,1.846319E+03,1.923081E+03,3.068637E-02,1.007806E+03,1.176185E-01,1.110504E+03,1.821267E+03,7.711066E-02,3.049941E+03,3.068637E-02,0.000000E+00,0.000000E+00,5.172911E-02,1.283050E+03,2.624811E-01,3.004824E+03,3.131900E+03,5.172911E-02,1.698894E+03,1.882612E-01,1.760232E+03,2.941204E+03,1.274155E-01,5.066694E+03,5.172911E-02,0.000000E+00,0.000000E+00,3.068637E-02,7.611220E+02,1.675125E-01,1.914313E+03,1.993831E+03,3.068637E-02,1.007806E+03,1.224512E-01,1.164460E+03,1.879901E+03,7.643109E-02,3.030211E+03,3.068637E-02,0.000000E+00,0.000000E+00
04:20:00,6.823837E-02,1.695505E+03,3.535028E-01,4.041743E+03,4.254555E+03,6.823837E-02,2.244065E+03,3.285290E-01,3.214352E+03,4.694618E+03,6.823837E-02,3.785059E+03,6.823837E-02,0.000000E+00,0.000000E+00,5.172911E-02,1.285303E+03,2.599684E-01,2.974515E+03,3.101819E+03,5.172911E-02,1.701146E+03,1.869658E-01,1.743519E+03,2.913330E+03,1.264914E-01,5.039858E+03,5.172911E-02,0.000000E+00,0.000000E+00,3.068637E-02,7.624582E+02,1.607011E-01,1.836926E+03,1.913456E+03,3.068637E-02,1.009142E+03,1.168736E-01,1.100851E+03,1.807379E+03,7.711102E-02,3.049951E+03,3.068637E-02,0.000000E+00,0.000000E+00,5.172911E-02,1.285303E+03,2.614339E-01,2.990878E+03,3.117612E+03,5.172911E-02,1.701146E+03,1.871738E-01,1.745838E+03,2.919844E+03,1.274162E-01,5.066713E+03,5.172911E-02,0.000000E+00,0.000000E+00,3.068637E-02,7.624582E+02,1.666921E-01,1.903817E+03,1.983074E+03,3.068637E-02,1.009142E+03,1.216110E-01,1.153742E+03,1.864898E+03,7.643144E-02,3.030221E+03,3.068637E-02,0.000000E+00,0.000000E+00
04:30:00,6.823837E-02,1.698477E+03,3.530549E-01,4.033771E+03,4.246316E+03,6.823837E-02,2.247036E+03,3.280776E-01,3.206341E+03,4.679379E+03,6.823837E-02,3.785059E+03,6.823837E-02,0.000000E+00,0.000000E+00,5.172911E-02,1.287555E+03,2.589453E-01,2.960839E+03,3.087778E+03,5.172911E-02,1.703399E+03,1.859019E-01,1.729388E+03,2.892300E+03,1.264920E-01,5.039878E+03,5.172911E-02,0.000000E+00,0.000000E+00,3.068637E-02,7.637944E+02,1.599953E-01,1.827709E+03,1.904002E+03,3.068637E-02,1.010478E+03,1.161454E-01,1.091385E+03,1.793703E+03,7.711137E-02,3.049961E+03,3.068637E-02,0.000000E+00,0.000000E+00,5.172911E-02,1.287555E+03,2.604110E-01,2.977205E+03,3.103586E+03,5.172911E-02,1.703399E+03,1.861123E-01,1.731735E+03,2.898810E+03,1.274168E-01,5.066732E+03,5.172911E-02,0.000000E+00,0.000000E+00,3.068637E-02,7.637944E+02,1.658912E-01,1.893538E+03,1.972529E+03,3.068637E-02,1.010478E+03,1.207910E-01,1.143251E+03,1.850147E+03,7.643180E-02,3.030231E+03,3.068637E-02,0.000000E+00,0.000000E+00
04:40:00,6.823837E-02,1.701448E+03,3.526107E-01,4.025840E+03,4.238118E+03,6.823837E-02,2.250008E+03,3.276295E-01,3.198367E+03,4.664195E+03,6.823837E-02,3.785059E+03,6.823837E-02,0.000000E+00,0.000000E+00,5.172911E-02,1.289808E+03,2.579455E-01,2.947423E+03,3.073991E+03,5.172911E-02,1.705651E+03,1.848635E-01,1.715543E+03,2.871596E+03,1.264927E-01,5.039897E+03,5.172911E-02,0.000000E+00,0.000000E+00,3.068637E-02,7.651306E+02,1.593052E-01,1.818667E+03,1.894718E+03,3.068637E-02,1.011814E+03,1.154339E-01,1.082105E+03,1.780240E+03,7.711172E-02,3.049972E+03,3.068637E-02,0.000000E+00,0.000000E+00,5.172911E-02,1.289808E+03,2.594122E-01,2.963801E+03,3.089822E+03,5.172911E-02,1.705651E+03,1.850768E-01,1.717922E+03,2.878111E+03,1.274175E-01,5.066751E+03,5.172911E-02,0.000000E+00,0.000000E+00,3.068637E-02,7.651306E+02,1.651094E-01,1.883473E+03,1.962193E+03,3.068637E-02,1.011814E+03,1.199910E-01,1.132983E+03,1.835649E+03,7.643215E-02,3.030242E+03,3.068637E-02,0.000000E+00,0.000000E+00
04:50:00,6.823837E-02,1.704420E+03,3.521701E-01,4.017949E+03,4.229963E+03,6.823837E-02,2.252979E+03,3.271849E-01,3.190430E+03,4.649069E+03,6.823837E-02,3.785059E+03,6.823837E-02,0.000000E+00,0.000000E+00,5.172911E-02,1.292060E+03,2.569684E-01,2.934262E+03,3.060461E+03,5.172911E-02,1.707904E+03,1.838507E-01,1.701983E+03,2.851225E+03,1.264934E-01,5.039916E+03,5.172911E-02,0.000000E+00,0.000000E+00,3.068637E-02,7.664668E+02,1.586306E-01,1.809799E+03,1.885608E+03,3.068637E-02,1.013151E+03,1.147390E-01,1.073012E+03,1.766994E+03,7.711207E-02,3.049982E+03,3.068637E-02,0.000000E+00,0.000000E+00,5.172911E-02,1.292060E+03,2.584374E-01,2.950664E+03,3.076327E+03,5.172911E-02,1.707904E+03,1.840674E-01,1.704401E+03,2.857751E+03,1.274181E-01,5.066770E+03,5.172911E-02,0.000000E+00,0.000000E+00,3.068637E-02,7.664668E+02,1.643464E-01,1.873617E+03,1.952068E+03,3.068637E-02,1.013151E+03,1.192108E-01,1.122937E+03,1.821404E+03,7.643250E-02,3.030252E+03,3.068637E-02,0.000000E+00,0.000000E+00
05:00:00,6.823837E-02,1.707391E+03,3.517332E-01,4.010100E+03,4.221850E+03,6.823837E-02,2.255950E+03,3.267437E-01,3.182533E+03,4.634000E+03,6.823837E-02,3.785059E+03,6.823837E-02,0.000000E+00,0.000000E+00,5.172911E-02,1.294313E+03,2.560135E-01,2.921347E+03,3.047184E+03,5.172911E-02,1.710156E+03,1.828635E-01,1.688710E+03,2.831191E+03,1.264940E-01,5.039935E+03,5.172911E-02,0.000000E+00,0.000000E+00,3.068637E-02,7.678030E+02,1.579714E-01,1.801103E+03,1.876674E+03,3.068637E-02,1.014487E+03,1.140609E-01,1.064105E+03,1.753965E+03,7.711242E-02,3.049992E+03,3.068637E-02,0.000000E+00,0.000000E+00,5.172911E-02,1.294313E+03,2.574863E-01,2.937793E+03,3.063106E+03,5.172911E-02,1.710156E+03,1.830841E-01,1.691170E+03,2.837733E+03,1.274188E-01,5.066789E+03,5.172911E-02,0.000000E+00,0.000000E+00,3.068637E-02,7.678030E+02,1.636019E-01,1.863968E+03,1.942156E+03,3.068637E-02,1.014487E+03,1.184503E-01,1.113110E+03,1.807412E+03,7.643285E-02,3.030262E+03,3.068637E-02,0.000000E+00,0.000000E+00
05:10:00,6.823837E-02,1.704420E+03,3.513002E-01,4.008237E+03,4.219844E+03,6.823837E-02,2.252979E+03,3.263061E-01,3.180619E+03,4.638802E+03,6.823837E-02,3.785059E+03,6.823837E-02,0.000000E+00,0.000000E+00,5.172911E-02,1.292060E+03,2.551053E-01,2.913460E+03,3.039076E+03,5.172911E-02,1.707904E+03,1.819437E-01,1.680693E+03,2.827109E+03,1.264947E-01,5.039953E+03,5.172911E-02,0.000000E+00,0.000000E+00,3.068637E-02,7.664668E+02,1.573414E-01,1.795404E+03,1.870821E+03,3.068637E-02,1.013151E+03,1.134235E-01,1.058325E+03,1.750404E+03,7.711276E-02,3.050002E+03,3.068637E-02,0.000000E+00,0.000000E+00,5.172911E-02,1.292060E+03,2.565838E-01,2.929968E+03,3.055074E+03,5.172911E-02,1.707904E+03,1.821681E-01,1.683196E+03,2.833668E+03,1.274194E-01,5.066808E+03,5.172911E-02,0.000000E+00,0.000000E+00,3.068637E-02,7.664668E+02,1.628904E-01,1.857360E+03,1.935369E+03,3.068637E-02,1.013151E+03,1.177338E-01,1.106447E+03,1.802925E+03,7.643319E-02,3.030272E+03,3.068637E-02,0.000000E+00,0.000000E+00
05:20:00,6.823837E-02,1.701448E+03,3.508715E-01,4.006421E+03,4.217888E+03,6.823837E-02,2.250008E+03,3.258726E-01,3.178750E+03,4.643669E+03,6.823837E-02,3.785059E+03,6.823837E-02,0.000000E+00,0.000000E+00,5.172911E-02,1.289808E+03,2.542460E-01,2.906117E+03,3.031488E+03,5.172911E-02,1.705651E+03,1.810917E-01,1.673434E+03,2.824002E+03,1.264953E-01,5.039972E+03,5.172911E-02,0.000000E+00,0.000000E+00,3.068637E-02,7.651306E+02,1.567414E-01,1.790041E+03,1.865283E+03,3.068637E-02,1.011814E+03,1.128269E-01,1.053000E+03,1.747437E+03,7.711310E-02,3.050012E+03,3.068637E-02,0.000000E+00,0.000000E+00,5.172911E-02,1.289808E+03,2.557323E-01,2.922713E+03,3.047588E+03,5.172911E-02,1.705651E+03,1.813215E-01,1.675996E+03,2.830607E+03,1.274201E-01,5.066827E+03,5.172911E-02,0.000000E+00,0.000000E+00,3.068637E-02,7.651306E+02,1.622127E-01,1.851130E+03,1.928939E+03,3.068637E-02,1.011814E+03,1.170615E-01,1.100278E+03,1.799072E+03,7.643353E-02,3.030282E+03,3.068637E-02,0.000000E+00,0.000000E+00
05:30:00,6.823837E-02,1.698477E+03,3.504477E-01,4.004661E+03,4.215990E+03,6.823837E-02,2.247036E+03,3.254437E-01,3.176933E+03,4.648608E+03,6.823837E-02,3.785059E+03,6.823837E-02,0.000000E+00,0.000000E+00,5.172911E-02,1.287555E+03,2.534372E-01,2.899339E+03,3.024414E+03,5.172911E-02,1.703399E+03,1.803090E-01,1.666947E+03,2.821905E+03,1.264959E-01,5.039990E+03,5.172911E-02,0.000000E+00,0.000000E+00,3.068637E-02,7.637944E+02,1.561724E-01,1.785025E+03,1.860055E+03,3.068637E-02,1.010478E+03,1.122719E-01,1.048141E+03,1.745089E+03,7.711344E-02,3.050021E+03,3.068637E-02,0.000000E+00,0.000000E+00,5.172911E-02,1.287555E+03,2.549338E-01,2.916050E+03,3.040639E+03,5.172911E-02,1.703399E+03,1.805458E-01,1.669589E+03,2.828588E+03,1.274207E-01,5.066845E+03,5.172911E-02,0.000000E+00,0.000000E+00,3.068637E-02,7.637944E+02,1.615697E-01,1.845287E+03,1.922858E+03,3.068637E-02,1.010478E+03,1.164341E-01,1.094610E+03,1.795878E+03,7.643387E-02,3.030292E+03,3.068637E-02,0.000000E+00,0.000000E+00
05:40:00,6.823837E-02,1.695505E+03,3.500294E-01,4.002963E+03,4.214156E+03,6.823837E-02,2.244065E+03,3.250200E-01,3.175173E+03,4.653625E+03,6.823837E-02,3.785059E+03,6.823837E-02,0.000000E+00,0.000000E+00,5.172911E-02,1.285303E+03,2.526810E-01,2.893148E+03,3.017892E+03,5.172911E-02,1.701146E+03,1.795970E-01,1.661251E+03,2.820838E+03,1.264966E-01,5.040008E+03,5.172911E-02,0.000000E+00,0.000000E+00,3.068637E-02,7.624582E+02,1.556356E-01,1.780367E+03,1.855161E+03,3.068637E-02,1.009142E+03,1.117595E-01,1.043756E+03,1.743369E+03,7.711377E-02,3.050031E+03,3.068637E-02,0.000000E+00,0.000000E+00,5.172911E-02,1.285303E+03,2.541901E-01,2.909998E+03,3.034265E+03,5.172911E-02,1.701146E+03,1.798427E-01,1.663991E+03,2.827627E+03,1.274213E-01,5.066863E+03,5.172911E-02,0.000000E+00,0.000000E+00,3.068637E-02,7.624582E+02,1.609623E-01,1.839841E+03,1.917151E+03,3.068637E-02,1.009142E+03,1.158525E-01,1.089453E+03,1.793350E+03,7.643421E-02,3.030301E+03,3.068637E-02,0.000000E+00,0.000000E+00
05:50:00,6.823837E-02,1.692534E+03,3.496174E-01,4.001334E+03,4.212396E+03,6.823837E-02,2.241093E+03,3.246021E-01,3.173479E+03,4.658730E+03,6.823837E-02,3.785059E+03,6.823837E-02,0.000000E+00,0.000000E+00,5.172911E-02,1.283050E+03,2.519791E-01,2.887564E+03,3.011974E+03,5.172911E-02,1.698894E+03,1.789575E-01,1.656363E+03,2.820812E+03,1.264972E-01,5.040026E+03,5.172911E-02,0.000000E+00,0.000000E+00,3.068637E-02,7.611220E+02,1.551319E-01,1.776080E+03,1.850632E+03,3.068637E-02,1.007806E+03,1.112906E-01,1.039856E+03,1.742280E+03,7.711411E-02,3.050041E+03,3.068637E-02,0.000000E+00,0.000000E+00,5.172911E-02,1.283050E+03,2.535031E-01,2.904580E+03,3.028521E+03,5.172911E-02,1.698894E+03,1.792138E-01,1.659222E+03,2.827735E+03,1.274220E-01,5.066881E+03,5.172911E-02,0.000000E+00,0.000000E+00,3.068637E-02,7.611220E+02,1.603917E-01,1.834806E+03,1.911849E+03,3.068637E-02,1.007806E+03,1.153175E-01,1.084816E+03,1.791488E+03,7.643454E-02,3.030311E+03,3.068637E-02,0.000000E+00,0.000000E+00
06:00:00,6.823837E-02,1.689563E+03,3.492131E-01,3.999792E+03,4.210725E+03,6.823837E-02,2.238122E+03,3.241916E-01,3.171867E+03,4.663938E+03,6.823837E-02,3.785059E+03,6.823837E-02,0.000000E+00,0.000000E+00,5.172911E-02,1.280798E+03,2.514161E-01,2.883530E+03,3.007765E+03,5.172911E-02,1.696641E+03,1.785023E-01,1.653533E+03,2.823417E+03,1.264978E-01,5.040044E+03,5.172911E-02,0.000000E+00,0.000000E+00,3.068637E-02,7.597858E+02,1.547250E-01,1.772872E+03,1.847293E+03,3.068637E-02,1.006470E+03,1.109441E-01,1.037325E+03,1.742937E+03,7.711444E-02,3.050050E+03,3.068637E-02,0.000000E+00,0.000000E+00,5.172911E-02,1.280798E+03,2.529694E-01,2.900875E+03,3.024667E+03,5.172911E-02,1.696641E+03,1.787791E-01,1.656622E+03,2.830621E+03,1.274226E-01,5.066899E+03,5.172911E-02,0.000000E+00,0.000000E+00,3.068637E-02,7.597858E+02,1.599033E-01,1.830689E+03,1.907547E+03,3.068637E-02,1.006470E+03,1.148834E-01,1.081305E+03,1.791049E+03,7.643487E-02,3.030321E+03,3.068637E-02,0.000000E+00,0.000000E+00
06:10:00,6.823837E-02,1.679163E+03,3.488220E-01,4.005825E+03,4.216793E+03,6.823837E-02,2.227722E+03,3.237935E-01,3.177822E+03,4.694446E+03,6.823837E-02,3.785059E+03,6.823837E-02,0.000000E+00,0.000000E+00,5.172911E-02,1.272914E+03,2.510451E-01,2.887271E+03,3.011614E+03,5.172911E-02,1.688758E+03,1.785643E-01,1.662108E+03,2.852296E+03,1.264984E-01,5.040062E+03,5.172911E-02,0.000000E+00,0.000000E+00,3.068637E-02,7.551091E+02,1.546360E-01,1.776556E+03,1.851313E+03,3.068637E-02,1.001793E+03,1.111459E-01,1.044254E+03,1.762583E+03,7.711476E-02,3.050060E+03,3.068637E-02,0.000000E+00,0.000000E+00,5.172911E-02,1.272914E+03,2.527776E-01,2.906616E+03,3.030772E+03,5.172911E-02,1.688758E+03,1.790470E-01,1.667496E+03,2.862437E+03,1.274232E-01,5.066917E+03,5.172911E-02,0.000000E+00,0.000000E+00,3.068637E-02,7.551091E+02,1.595235E-01,1.831125E+03,1.907946E+03,3.068637E-02,1.001793E+03,1.147665E-01,1.084676E+03,1.806312E+03,7.643520E-02,3.030330E+03,3.068637E-02,0.000000E+00,0.000000E+00
06:20:00,6.823837E-02,1.668763E+03,3.484567E-01,4.012146E+03,4.223176E+03,6.823837E-02,2.217323E+03,3.234202E-01,3.184054E+03,4.725478E+03,6.823837E-02,3.785059E+03,6.823837E-02,0.000000E+00,0.000000E+00,5.172911E-02,1.265031E+03,2.509442E-01,2.894028E+03,3.019002E+03,5.172911E-02,1.680874E+03,1.789159E-01,1.673917E+03,2.881774E+03,1.264990E-01,5.040080E+03,5.172911E-02,0.000000E+00,0.000000E+00,3.068637E-02,7.504324E+02,1.554035E-01,1.789801E+03,1.866101E+03,3.068637E-02,9.971161E+02,1.121491E-01,1.060130E+03,1.790787E+03,7.711509E-02,3.050069E+03,3.068637E-02,0.000000E+00,0.000000E+00,5.172911E-02,1.265031E+03,2.533026E-01,2.920361E+03,3.045978E+03,5.172911E-02,1.680874E+03,1.800597E-01,1.686684E+03,2.900935E+03,1.274238E-01,5.066935E+03,5.172911E-02,0.000000E+00,0.000000E+00,3.068637E-02,7.504324E+02,1.592927E-01,1.833225E+03,1.910333E+03,3.068637E-02,9.971161E+02,1.148050E-01,1.089782E+03,1.821208E+03,7.643553E-02,3.030340E+03,3.068637E-02,0.000000E+00,0.000000E+00
06:30:00,6.823837E-02,1.658363E+03,3.481369E-01,4.018975E+03,4.230110E+03,6.823837E-02,2.206923E+03,3.230907E-01,3.190775E+03,4.756502E+03,6.823837E-02,3.785059E+03,6.823837E-02,0.000000E+00,0.000000E+00,5.172911E-02,1.257147E+03,2.511536E-01,2.904250E+03,3.030119E+03,5.172911E-02,1.672990E+03,1.795844E-01,1.689263E+03,2.913496E+03,1.264996E-01,5.040097E+03,5.172911E-02,0.000000E+00,0.000000E+00,3.068637E-02,7.457557E+02,1.570790E-01,1.813184E+03,1.891452E+03,3.068637E-02,9.924394E+02,1.138326E-01,1.083600E+03,1.825945E+03,7.711541E-02,3.050079E+03,3.068637E-02,0.000000E+00,0.000000E+00,5.172911E-02,1.257147E+03,2.545383E-01,2.942040E+03,3.069470E+03,5.172911E-02,1.672990E+03,1.817051E-01,1.712935E+03,2.945265E+03,1.274244E-01,5.066953E+03,5.172911E-02,0.000000E+00,0.000000E+00,3.068637E-02,7.457557E+02,1.592315E-01,1.837218E+03,1.914759E+03,3.068637E-02,9.924394E+02,1.150141E-01,1.096793E+03,1.837047E+03,7.643585E-02,3.030349E+03,3.068637E-02,0.000000E+00,0.000000E+00
06:40:00,6.823837E-02,1.647964E+03,3.478830E-01,4.026539E+03,4.237830E+03,6.823837E-02,2.196523E+03,3.228253E-01,3.198212E+03,4.764122E+03,6.823837E-02,3.785059E+03,6.823837E-02,0.000000E+00,0.000000E+00,5.172911E-02,1.249263E+03,2.517157E-01,2.918408E+03,3.045293E+03,5.172911E-02,1.665107E+03,1.805981E-01,1.708463E+03,2.931712E+03,1.265002E-01,5.040115E+03,5.172911E-02,0.000000E+00,0.000000E+00,3.068637E-02,7.410790E+02,1.597974E-01,1.848210E+03,1.928712E+03,3.068637E-02,9.877627E+02,1.163813E-01,1.116728E+03,1.861183E+03,7.711573E-02,3.050088E+03,3.068637E-02,0.000000E+00,0.000000E+00,5.172911E-02,1.249263E+03,2.564846E-01,2.971653E+03,3.100971E+03,5.172911E-02,1.665107E+03,1.839453E-01,1.745828E+03,2.978826E+03,1.274250E-01,5.066970E+03,5.172911E-02,0.000000E+00,0.000000E+00,3.068637E-02,7.410790E+02,1.593611E-01,1.843342E+03,1.921350E+03,3.068637E-02,9.877627E+02,1.154087E-01,1.105875E+03,1.844731E+03,7.643617E-02,3.030358E+03,3.068637E-02,0.000000E+00,0.000000E+00
06:50:00,6.823837E-02,1.637564E+03,3.477150E-01,4.035064E+03,4.246566E+03,6.823837E-02,2.186123E+03,3.226439E-01,3.206586E+03,4.772744E+03,6.823837E-02,3.785059E+03,6.823837E-02,0.000000E+00,0.000000E+00,5.172911E-02,1.241379E+03,2.527035E-01,2.937320E+03,3.065419E+03,5.172911E-02,1.657223E+03,1.820186E-01,1.732204E+03,2.956030E+03,1.265008E-01,5.040132E+03,5.172911E-02,0.000000E+00,0.000000E+00,3.068637E-02,7.364023E+02,1.639464E-01,1.899208E+03,1.982757E+03,3.068637E-02,9.830860E+02,1.201947E-01,1.163977E+03,1.913140E+03,7.711605E-02,3.050097E+03,3.068637E-02,0.000000E+00,0.000000E+00,5.172911E-02,1.241379E+03,2.593219E-01,3.011213E+03,3.142911E+03,5.172911E-02,1.657223E+03,1.868677E-01,1.786336E+03,3.021893E+03,1.274256E-01,5.066987E+03,5.172911E-02,0.000000E+00,0.000000E+00,3.068637E-02,7.364023E+02,1.597174E-01,1.851996E+03,1.930538E+03,3.068637E-02,9.830860E+02,1.160195E-01,1.117370E+03,1.855851E+03,7.643649E-02,3.030368E+03,3.068637E-02,0.000000E+00,0.000000E+00
07:00:00,6.823837E-02,1.627164E+03,3.476520E-01,4.044760E+03,4.256538E+03,6.823837E-02,2.175723E+03,3.225655E-01,3.216110E+03,4.782591E+03,6.823837E-02,3.785059E+03,6.823837E-02,0.000000E+00,0.000000E+00,5.172911E-02,1.233496E+03,2.540477E-01,2.960210E+03,3.089601E+03,5.172911E-02,1.649339E+03,1.837351E-01,1.759251E+03,2.984675E+03,1.265014E-01,5.040149E+03,5.172911E-02,0.000000E+00,0.000000E+00,3.068637E-02,7.317256E+02,1.692927E-01,1.963573E+03,2.050340E+03,3.068637E-02,9.784093E+02,1.250761E-01,1.223147E+03,1.978228E+03,7.711636E-02,3.050106E+03,3.068637E-02,0.000000E+00,0.000000E+00,5.172911E-02,1.233496E+03,2.627996E-01,3.057923E+03,3.192111E+03,5.172911E-02,1.649339E+03,1.902638E-01,1.832132E+03,3.071444E+03,1.274262E-01,5.067004E+03,5.172911E-02,0.000000E+00,0.000000E+00,3.068637E-02,7.317256E+02,1.602606E-01,1.862737E+03,1.941826E+03,3.068637E-02,9.784093E+02,1.167921E-01,1.130673E+03,1.869485E+03,7.643680E-02,3.030377E+03,3.068637E-02,0.000000E+00,0.000000E+00
07:10:00,6.823837E-02,1.601908E+03,3.476865E-01,4.070412E+03,4.282798E+03,6.823837E-02,2.150467E+03,3.225833E-01,3.241575E+03,4.808783E+03,6.823837E-02,3.785059E+03,6.823837E-02,0.000000E+00,0.000000E+00,5.172911E-02,1.214350E+03,2.557744E-01,2.998641E+03,3.129210E+03,5.172911E-02,1.630193E+03,1.854574E-01,1.797632E+03,3.023789E+03,1.265020E-01,5.040166E+03,5.172911E-02,0.000000E+00,0.000000E+00,3.068637E-02,7.203678E+02,1.756716E-01,2.046152E+03,2.134596E+03,3.068637E-02,9.670515E+02,1.306515E-01,1.296753E+03,2.055023E+03,7.711667E-02,3.050115E+03,3.068637E-02,0.000000E+00,0.000000E+00,5.172911E-02,1.214350E+03,2.667120E-01,3.120756E+03,3.256632E+03,5.172911E-02,1.630193E+03,1.935765E-01,1.888269E+03,3.129377E+03,1.274268E-01,5.067021E+03,5.172911E-02,0.000000E+00,0.000000E+00,3.068637E-02,7.203678E+02,1.610084E-01,1.882447E+03,1.962077E+03,3.068637E-02,9.670515E+02,1.175344E-01,1.150321E+03,1.889068E+03,7.643711E-02,3.030386E+03,3.068637E-02,0.000000E+00,0.000000E+00
07:20:00,6.823837E-02,1.576651E+03,3.478347E-01,4.097346E+03,4.310394E+03,6.823837E-02,2.125210E+03,3.227140E-01,3.268312E+03,4.836299E+03,6.823837E-02,3.785059E+03,6.823837E-02,0.000000E+00,0.000000E+00,5.172911E-02,1.195203E+03,2.578549E-01,3.041030E+03,3.173307E+03,5.172911E-02,1.611047E+03,1.874470E-01,1.839006E+03,3.067503E+03,1.265026E-01,5.040183E+03,5.172911E-02,0.000000E+00,0.000000E+00,3.068637E-02,7.090101E+02,1.825645E-01,2.134478E+03,2.226360E+03,3.068637E-02,9.556938E+02,1.367004E-01,1.375652E+03,2.139624E+03,7.711698E-02,3.050124E+03,3.068637E-02,0.000000E+00,0.000000E+00,5.172911E-02,1.195203E+03,2.705514E-01,3.182783E+03,3.321174E+03,5.172911E-02,1.611047E+03,1.967133E-01,1.942451E+03,3.186829E+03,1.274274E-01,5.067038E+03,5.172911E-02,0.000000E+00,0.000000E+00,3.068637E-02,7.090101E+02,1.619396E-01,1.904210E+03,1.984573E+03,3.068637E-02,9.556938E+02,1.184254E-01,1.171637E+03,1.911169E+03,7.643743E-02,3.030395E+03,3.068637E-02,0.000000E+00,0.000000E+00
07:30:00,6.823837E-02,1.551394E+03,3.480859E-01,4.125430E+03,4.339186E+03,6.823837E-02,2.099954E+03,3.229477E-01,3.296199E+03,4.865020E+03,6.823837E-02,3.785059E+03,6.823837E-02,0.000000E+00,0.000000E+00,5.172911E-02,1.176057E+03,2.602810E-01,3.087277E+03,3.221052E+03,5.172911E-02,1.591901E+03,1.896884E-01,1.883192E+03,3.113712E+03,1.265032E-01,5.040200E+03,5.172911E-02,0.000000E+00,0.000000E+00,3.068637E-02,6.976524E+02,1.899208E-01,2.227978E+03,2.322374E+03,3.068637E-02,9.443361E+02,1.433519E-01,1.461282E+03,2.229455E+03,7.711729E-02,3.050133E+03,3.068637E-02,0.000000E+00,0.000000E+00,5.172911E-02,1.176057E+03,2.742359E-01,3.243083E+03,3.383201E+03,5.172911E-02,1.591901E+03,1.997254E-01,1.995243E+03,3.241570E+03,1.274279E-01,5.067055E+03,5.172911E-02,0.000000E+00,0.000000E+00,3.068637E-02,6.976524E+02,1.630581E-01,1.928065E+03,2.009072E+03,3.068637E-02,9.443361E+02,1.194564E-01,1.194515E+03,1.934708E+03,7.643773E-02,3.030404E+03,3.068637E-02,0.000000E+00,0.000000E+00
07:40:00,6.823837E-02,1.526138E+03,3.484199E-01,4.154439E+03,4.368938E+03,6.823837E-02,2.074697E+03,3.232648E-01,3.325018E+03,4.894714E+03,6.823837E-02,3.785059E+03,6.823837E-02,0.000000E+00,0.000000E+00,5.172911E-02,1.156911E+03,2.630359E-01,3.137198E+03,3.272566E+03,5.172911E-02,1.572755E+03,1.921512E-01,1.929850E+03,3.162570E+03,1.265037E-01,5.040217E+03,5.172911E-02,0.000000E+00,0.000000E+00,3.068637E-02,6.862946E+02,1.975899E-01,2.324974E+03,2.421915E+03,3.068637E-02,9.329783E+02,1.504177E-01,1.551539E+03,2.323669E+03,7.711759E-02,3.050142E+03,3.068637E-02,0.000000E+00,0.000000E+00,5.172911E-02,1.156911E+03,2.776785E-01,3.300684E+03,3.442404E+03,5.172911E-02,1.572755E+03,2.025786E-01,2.046263E+03,3.294221E+03,1.274285E-01,5.067072E+03,5.172911E-02,0.000000E+00,0.000000E+00,3.068637E-02,6.862946E+02,1.643535E-01,1.953895E+03,2.035588E+03,3.068637E-02,9.329783E+02,1.206130E-01,1.218796E+03,1.959774E+03,7.643804E-02,3.030413E+03,3.068637E-02,0.000000E+00,0.000000E+00
07:50:00,6.823837E-02,1.500881E+03,3.488170E-01,4.184153E+03,4.399419E+03,6.823837E-02,2.049440E+03,3.236461E-01,3.354553E+03,4.925150E+03,6.823837E-02,3.785059E+03,6.823837E-02,0.000000E+00,0.000000E+00,5.172911E-02,1.137765E+03,2.661390E-01,3.191007E+03,3.328125E+03,5.172911E-02,1.553609E+03,1.948047E-01,1.978638E+03,3.213689E+03,1.265043E-01,5.040233E+03,5.172911E-02,0.000000E+00,0.000000E+00,3.068637E-02,6.749369E+02,2.055758E-01,2.425509E+03,2.525015E+03,3.068637E-02,9.216206E+02,1.578629E-01,1.646035E+03,2.421838E+03,7.711790E-02,3.050151E+03,3.068637E-02,0.000000E+00,0.000000E+00,5.172911E-02,1.137765E+03,2.807665E-01,3.354325E+03,3.497407E+03,5.172911E-02,1.553609E+03,2.052358E-01,2.095094E+03,3.344371E+03,1.274291E-01,5.067088E+03,5.172911E-02,0.000000E+00,0.000000E+00,3.068637E-02,6.749369E+02,1.658321E-01,1.981771E+03,2.064224E+03,3.068637E-02,9.216206E+02,1.218756E-01,1.244260E+03,1.986116E+03,7.643834E-02,3.030421E+03,3.068637E-02,0.000000E+00,0.000000E+00
08:00:00,6.823837E-02,1.475625E+03,3.492573E-01,4.214349E+03,4.430393E+03,6.823837E-02,2.024184E+03,3.240717E-01,3.384583E+03,4.956092E+03,6.823837E-02,3.785059E+03,6.823837E-02,0.000000E+00,0.000000E+00,5.172911E-02,1.118619E+03,2.695471E-01,3.248221E+03,3.387148E+03,5.172911E-02,1.534462E+03,1.976750E-01,2.029847E+03,3.267421E+03,1.265049E-01,5.040249E+03,5.172911E-02,0.000000E+00,0.000000E+00,3.068637E-02,6.635792E+02,2.136880E-01,2.527457E+03,2.629032E+03,3.068637E-02,9.102629E+02,1.654718E-01,1.742362E+03,2.520780E+03,7.711819E-02,3.050159E+03,3.068637E-02,0.000000E+00,0.000000E+00,5.172911E-02,1.118619E+03,2.835139E-01,3.404165E+03,3.548292E+03,5.172911E-02,1.534462E+03,2.076738E-01,2.141481E+03,3.391660E+03,1.274296E-01,5.067105E+03,5.172911E-02,0.000000E+00,0.000000E+00,3.068637E-02,6.635792E+02,1.674851E-01,2.011594E+03,2.094862E+03,3.068637E-02,9.102629E+02,1.232570E-01,1.271051E+03,2.013911E+03,7.643864E-02,3.030430E+03,3.068637E-02,0.000000E+00,0.000000E+00
08:10:00,6.823837E-02,1.447397E+03,3.497333E-01,4.247911E+03,4.464817E+03,6.823837E-02,1.995956E+03,3.245432E-01,3.418088E+03,4.990610E+03,6.823837E-02,3.785059E+03,6.823837E-02,0.000000E+00,0.000000E+00,5.172911E-02,1.097220E+03,2.731768E-01,3.310160E+03,3.450940E+03,5.172911E-02,1.513064E+03,2.007109E-01,2.085150E+03,3.325310E+03,1.265054E-01,5.040266E+03,5.172911E-02,0.000000E+00,0.000000E+00,3.068637E-02,6.508852E+02,2.217951E-01,2.630682E+03,2.734101E+03,3.068637E-02,8.975690E+02,1.731203E-01,1.840463E+03,2.620927E+03,7.711849E-02,3.050168E+03,3.068637E-02,0.000000E+00,0.000000E+00,5.172911E-02,1.097220E+03,2.859994E-01,3.453330E+03,3.598375E+03,5.172911E-02,1.513064E+03,2.099592E-01,2.188407E+03,3.439379E+03,1.274302E-01,5.067121E+03,5.172911E-02,0.000000E+00,0.000000E+00,3.068637E-02,6.508852E+02,1.692595E-01,2.044108E+03,2.128215E+03,3.068637E-02,8.975690E+02,1.247301E-01,1.300198E+03,2.044129E+03,7.643894E-02,3.030439E+03,3.068637E-02,0.000000E+00,0.000000E+00
08:20:00,6.823837E-02,1.419169E+03,3.502331E-01,4.281731E+03,4.499516E+03,6.823837E-02,1.967728E+03,3.250280E-01,3.451736E+03,5.025263E+03,6.823837E-02,3.785059E+03,6.823837E-02,0.000000E+00,0.000000E+00,5.172911E-02,1.075822E+03,2.770025E-01,3.374282E+03,3.517008E+03,5.172911E-02,1.491665E+03,2.038938E-01,2.142092E+03,3.384794E+03,1.265060E-01,5.040282E+03,5.172911E-02,0.000000E+00,0.000000E+00,3.068637E-02,6.381913E+02,2.298647E-01,2.733485E+03,2.839113E+03,3.068637E-02,8.848750E+02,1.807543E-01,1.938397E+03,2.720736E+03,7.711879E-02,3.050177E+03,3.068637E-02,0.000000E+00,0.000000E+00,5.172911E-02,1.075822E+03,2.884991E-01,3.502648E+03,3.648741E+03,5.172911E-02,1.491665E+03,2.122428E-01,2.235309E+03,3.487167E+03,1.274308E-01,5.067137E+03,5.172911E-02,0.000000E+00,0.000000E+00,3.068637E-02,6.381913E+02,1.711619E-01,2.078048E+03,2.163058E+03,3.068637E-02,8.848750E+02,1.262897E-01,1.330308E+03,2.075308E+03,7.643924E-02,3.030447E+03,3.068637E-02,0.000000E+00,0.000000E+00
08:30:00,6.823837E-02,1.390941E+03,3.507569E-01,4.315818E+03,4.534431E+03,6.823837E-02,1.939500E+03,3.255396E-01,3.485686E+03,5.060236E+03,6.823837E-02,3.785059E+03,6.823837E-02,0.000000E+00,0.000000E+00,5.172911E-02,1.054423E+03,2.810035E-01,3.440361E+03,3.584638E+03,5.172911E-02,1.470267E+03,2.072420E-01,2.200882E+03,3.446243E+03,1.265065E-01,5.040298E+03,5.172911E-02,0.000000E+00,0.000000E+00,3.068637E-02,6.254974E+02,2.378403E-01,2.835238E+03,2.942516E+03,3.068637E-02,8.721811E+02,1.883271E-01,2.035651E+03,2.820223E+03,7.711908E-02,3.050185E+03,3.068637E-02,0.000000E+00,0.000000E+00,5.172911E-02,1.054423E+03,2.911923E-01,3.554127E+03,3.700998E+03,5.172911E-02,1.470267E+03,2.146912E-01,2.284053E+03,3.537104E+03,1.274313E-01,5.067153E+03,5.172911E-02,0.000000E+00,0.000000E+00,3.068637E-02,6.254974E+02,1.731700E-01,2.113168E+03,2.198895E+03,3.068637E-02,8.721811E+02,1.279551E-01,1.361601E+03,2.107751E+03,7.643953E-02,3.030456E+03,3.068637E-02,0.000000E+00,0.000000E+00
08:40:00,6.823837E-02,1.362713E+03,3.513155E-01,4.350295E+03,4.569749E+03,6.823837E-02,1.911272E+03,3.260881E-01,3.520048E+03,5.095573E+03,6.823837E-02,3.785059E+03,6.823837E-02,0.000000E+00,0.000000E+00,5.172911E-02,1.033025E+03,2.851630E-01,3.508211E+03,3.654150E+03,5.172911E-02,1.448868E+03,2.107697E-01,2.261675E+03,3.508996E+03,1.265071E-01,5.040314E+03,5.172911E-02,0.000000E+00,0.000000E+00,3.068637E-02,6.128034E+02,2.456940E-01,2.935631E+03,3.044851E+03,3.068637E-02,8.594872E+02,1.958010E-01,2.131801E+03,2.917387E+03,7.711937E-02,3.050194E+03,3.068637E-02,0.000000E+00,0.000000E+00,5.172911E-02,1.033025E+03,2.942175E-01,3.609312E+03,3.757113E+03,5.172911E-02,1.448868E+03,2.174068E-01,2.335781E+03,3.589646E+03,1.274319E-01,5.067169E+03,5.172911E-02,0.000000E+00,0.000000E+00,3.068637E-02,6.128034E+02,1.752929E-01,2.149570E+03,2.236094E+03,3.068637E-02,8.594872E+02,1.297297E-01,1.394114E+03,2.141072E+03,7.643982E-02,3.030464E+03,3.068637E-02,0.000000E+00,0.000000E+00
08:50:00,6.823837E-02,1.334485E+03,3.519192E-01,4.385274E+03,4.605583E+03,6.823837E-02,1.883044E+03,3.266831E-01,3.554930E+03,5.131449E+03,6.823837E-02,3.785059E+03,6.823837E-02,0.000000E+00,0.000000E+00,5.172911E-02,1.011626E+03,2.893952E-01,3.576873E+03,3.724456E+03,5.172911E-02,1.427469E+03,2.144552E-01,2.324232E+03,3.573585E+03,1.265076E-01,5.040329E+03,5.172911E-02,0.000000E+00,0.000000E+00,3.068637E-02,6.001095E+02,2.529572E-01,3.029431E+03,3.140317E+03,3.068637E-02,8.467932E+02,2.027410E-01,2.221993E+03,3.008248E+03,7.711966E-02,3.050202E+03,3.068637E-02,0.000000E+00,0.000000E+00,5.172911E-02,1.011626E+03,2.975087E-01,3.667467E+03,3.816249E+03,5.172911E-02,1.427469E+03,2.203596E-01,2.390157E+03,3.645000E+03,1.274324E-01,5.067185E+03,5.172911E-02,0.000000E+00,0.000000E+00,3.068637E-02,6.001095E+02,1.774886E-01,2.186785E+03,2.274116E+03,3.068637E-02,8.467932E+02,1.316204E-01,1.427923E+03,2.175783E+03,7.644011E-02,3.030473E+03,3.068637E-02,0.000000E+00,0.000000E+00
09:00:00,6.823837E-02,1.306257E+03,3.525768E-01,4.420856E+03,4.642042E+03,6.823837E-02,1.854816E+03,3.273332E-01,3.590427E+03,5.167966E+03,6.823837E-02,3.785059E+03,6.823837E-02,0.000000E+00,0.000000E+00,5.172911E-02,9.902273E+02,2.937349E-01,3.646736E+03,3.796004E+03,5.172911E-02,1.406071E+03,2.182793E-01,2.388336E+03,3.639752E+03,1.265081E-01,5.040345E+03,5.172911E-02,0.000000E+00,0.000000E+00,3.068637E-02,5.874156E+02,2.599297E-01,3.119986E+03,3.232581E+03,3.068637E-02,8.340993E+02,2.094229E-01,2.309304E+03,3.096387E+03,7.711994E-02,3.050210E+03,3.068637E-02,0.000000E+00,0.000000E+00,5.172911E-02,9.902273E+02,3.012232E-01,3.730350E+03,3.880450E+03,5.172911E-02,1.406071E+03,2.236622E-01,2.448439E+03,3.704718E+03,1.274329E-01,5.067200E+03,5.172911E-02,0.000000E+00,0.000000E+00,3.068637E-02,5.874156E+02,1.797787E-01,2.225055E+03,2.313234E+03,3.068637E-02,8.340993E+02,1.336165E-01,1.462910E+03,2.211725E+03,7.644040E-02,3.030481E+03,3.068637E-02,0.000000E+00,0.000000E+00
09:10:00,6.823837E-02,1.281000E+03,3.533058E-01,4.454256E+03,4.676309E+03,6.823837E-02,1.829560E+03,3.280463E-01,3.623657E+03,5.202183E+03,6.823837E-02,3.785059E+03,6.823837E-02,0.000000E+00,0.000000E+00,5.172911E-02,9.710812E+02,2.981347E-01,3.715012E+03,3.865919E+03,5.172911E-02,1.386925E+03,2.221826E-01,2.451073E+03,3.704422E+03,1.265087E-01,5.040360E+03,5.172911E-02,0.000000E+00,0.000000E+00,3.068637E-02,5.760579E+02,2.665721E-01,3.205514E+03,3.319796E+03,3.068637E-02,8.227416E+02,2.157978E-01,2.391851E+03,3.179834E+03,7.712023E-02,3.050218E+03,3.068637E-02,0.000000E+00,0.000000E+00,5.172911E-02,9.710812E+02,3.052454E-01,3.794409E+03,3.946017E+03,5.172911E-02,1.386925E+03,2.272383E-01,2.507522E+03,3.765507E+03,1.274335E-01,5.067216E+03,5.172911E-02,0.000000E+00,0.000000E+00,3.068637E-02,5.760579E+02,1.821429E-01,2.262811E+03,2.351832E+03,3.068637E-02,8.227416E+02,1.356932E-01,1.497460E+03,2.247213E+03,7.644068E-02,3.030489E+03,3.068637E-02,0.000000E+00,0.000000E+00
09:20:00,6.823837E-02,1.255744E+03,3.540954E-01,4.488329E+03,4.711283E+03,6.823837E-02,1.804303E+03,3.288323E-01,3.657693E+03,5.237267E+03,6.823837E-02,3.785059E+03,6.823837E-02,0.000000E+00,0.000000E+00,5.172911E-02,9.519351E+02,3.025702E-01,3.783683E+03,3.936241E+03,5.172911E-02,1.367779E+03,2.261519E-01,2.514542E+03,3.769795E+03,1.265092E-01,5.040376E+03,5.172911E-02,0.000000E+00,0.000000E+00,3.068637E-02,5.647001E+02,2.728178E-01,3.286611E+03,3.402552E+03,3.068637E-02,8.113838E+02,2.218135E-01,2.470382E+03,3.259340E+03,7.712051E-02,3.050227E+03,3.068637E-02,0.000000E+00,0.000000E+00,5.172911E-02,9.519351E+02,3.094281E-01,3.860257E+03,4.013482E+03,5.172911E-02,1.367779E+03,2.309832E-01,2.568485E+03,3.828324E+03,1.274340E-01,5.067231E+03,5.172911E-02,0.000000E+00,0.000000E+00,3.068637E-02,5.647001E+02,1.845595E-01,2.301152E+03,2.391033E+03,3.068637E-02,8.113838E+02,1.378417E-01,1.532808E+03,2.283522E+03,7.644096E-02,3.030498E+03,3.068637E-02,0.000000E+00,0.000000E+00
09:30:00,6.823837E-02,1.230487E+03,3.549410E-01,4.523028E+03,4.746912E+03,6.823837E-02,1.779046E+03,3.296732E-01,3.692338E+03,5.272989E+03,6.823837E-02,3.785059E+03,6.823837E-02,0.000000E+00,0.000000E+00,5.172911E-02,9.327889E+02,3.070292E-01,3.852617E+03,4.006828E+03,5.172911E-02,1.348632E+03,2.301580E-01,2.578418E+03,3.835567E+03,1.265097E-01,5.040391E+03,5.172911E-02,0.000000E+00,0.000000E+00,3.068637E-02,5.533424E+02,2.786428E-01,3.363010E+03,3.480556E+03,3.068637E-02,8.000261E+02,2.274323E-01,2.544479E+03,3.334507E+03,7.712079E-02,3.050235E+03,3.068637E-02,0.000000E+00,0.000000E+00,5.172911E-02,9.327889E+02,3.136784E-01,3.926862E+03,4.081718E+03,5.172911E-02,1.348632E+03,2.347903E-01,2.630139E+03,3.891840E+03,1.274345E-01,5.067246E+03,5.172911E-02,0.000000E+00,0.000000E+00,3.068637E-02,5.533424E+02,1.870299E-01,2.340094E+03,2.430860E+03,3.068637E-02,8.000261E+02,1.400398E-01,1.568709E+03,2.320408E+03,7.644124E-02,3.030506E+03,3.068637E-02,0.000000E+00,0.000000E+00
09:40:00,6.823837E-02,1.205231E+03,3.558351E-01,4.558267E+03,4.783105E+03,6.823837E-02,1.753790E+03,3.305618E-01,3.727516E+03,5.309268E+03,6.823837E-02,3.785059E+03,6.823837E-02,0.000000E+00,0.000000E+00,5.172911E-02,9.136428E+02,3.115022E-01,3.921707E+03,4.077556E+03,5.172911E-02,1.329486E+03,2.341905E-01,2.642589E+03,3.901831E+03,1.265103E-01,5.040406E+03,5.172911E-02,0.000000E+00,0.000000E+00,3.068637E-02,5.419847E+02,2.840090E-01,3.434285E+03,3.553339E+03,3.068637E-02,7.886684E+02,2.326182E-01,2.613741E+03,3.405115E+03,7.712106E-02,3.050243E+03,3.068637E-02,0.000000E+00,0.000000E+00,5.172911E-02,9.136428E+02,3.179437E-01,3.993632E+03,4.150077E+03,5.172911E-02,1.329486E+03,2.386297E-01,2.692155E+03,3.955919E+03,1.274350E-01,5.067262E+03,5.172911E-02,0.000000E+00,0.000000E+00,3.068637E-02,5.419847E+02,1.895370E-01,2.379445E+03,2.471097E+03,3.068637E-02,7.886684E+02,1.422871E-01,1.605159E+03,2.358025E+03,7.644152E-02,3.030514E+03,3.068637E-02,0.000000E+00,0.000000E+00
09:50:00,6.823837E-02,1.179974E+03,3.567702E-01,4.593964E+03,4.819775E+03,6.823837E-02,1.728533E+03,3.314910E-01,3.763148E+03,5.346017E+03,6.823837E-02,3.785059E+03,6.823837E-02,0.000000E+00,0.000000E+00,5.172911E-02,8.944967E+02,3.160204E-01,3.991302E+03,4.148796E+03,5.172911E-02,1.310340E+03,2.382773E-01,2.707366E+03,3.969123E+03,1.265108E-01,5.040421E+03,5.172911E-02,0.000000E+00,0.000000E+00,3.068637E-02,5.306269E+02,2.889126E-01,3.500396E+03,3.620855E+03,3.068637E-02,7.773106E+02,2.373645E-01,2.678096E+03,3.471219E+03,7.712134E-02,3.050251E+03,3.068637E-02,0.000000E+00,0.000000E+00,5.172911E-02,8.944967E+02,3.222560E-01,4.060928E+03,4.218955E+03,5.172911E-02,1.310340E+03,2.425149E-01,2.754682E+03,4.020922E+03,1.274356E-01,5.067277E+03,5.172911E-02,0.000000E+00,0.000000E+00,3.068637E-02,5.306269E+02,1.921014E-01,2.419436E+03,2.511993E+03,3.068637E-02,7.773106E+02,1.445866E-01,1.642192E+03,2.396520E+03,7.644180E-02,3.030522E+03,3.068637E-02,0.000000E+00,0.000000E+00
10:00:00,6.823837E-02,1.154717E+03,3.577396E-01,4.630045E+03,4.856838E+03,6.823837E-02,1.703277E+03,3.324545E-01,3.799163E+03,5.383160E+03,6.823837E-02,3.785059E+03,6.823837E-02,0.000000E+00,0.000000E+00,5.172911E-02,8.753505E+02,3.205389E-01,4.060900E+03,4.219960E+03,5.172911E-02,1.291194E+03,2.423699E-01,2.772209E+03,4.036709E+03,1.265113E-01,5.040436E+03,5.172911E-02,0.000000E+00,0.000000E+00,3.068637E-02,5.192692E+02,2.930945E-01,3.558448E+03,3.680092E+03,3.068637E-02,7.659529E+02,2.414225E-01,2.734763E+03,3.529708E+03,7.712161E-02,3.050259E+03,3.068637E-02,0.000000E+00,0.000000E+00,5.172911E-02,8.753505E+02,3.265542E-01,4.128067E+03,4.287577E+03,5.172911E-02,1.291194E+03,2.464067E-01,2.817281E+03,4.086246E+03,1.274361E-01,5.067292E+03,5.172911E-02,0.000000E+00,0.000000E+00,3.068637E-02,5.192692E+02,1.946826E-01,2.459615E+03,2.553036E+03,3.068637E-02,7.659529E+02,1.469175E-01,1.679575E+03,2.435563E+03,7.644207E-02,3.030530E+03,3.068637E-02,0.000000E+00,0.000000E+00
10:10:00,6.823837E-02,1.132432E+03,3.587360E-01,4.663456E+03,4.891180E+03,6.823837E-02,1.680991E+03,3.334453E-01,3.832511E+03,5.417572E+03,6.823837E-02,3.785059E+03,6.823837E-02,0.000000E+00,0.000000E+00,5.172911E-02,8.584569E+02,3.250362E-01,4.128010E+03,4.288566E+03,5.172911E-02,1.274300E+03,2.464551E-01,2.834716E+03,4.102102E+03,1.265118E-01,5.040451E+03,5.172911E-02,0.000000E+00,0.000000E+00,3.068637E-02,5.092477E+02,2.965030E-01,3.606529E+03,3.729332E+03,3.068637E-02,7.559314E+02,2.447418E-01,2.781848E+03,3.578794E+03,7.712188E-02,3.050267E+03,3.068637E-02,0.000000E+00,0.000000E+00,5.172911E-02,8.584569E+02,3.308209E-01,4.192601E+03,4.353519E+03,5.172911E-02,1.274300E+03,2.502781E-01,2.877402E+03,4.149214E+03,1.274366E-01,5.067306E+03,5.172911E-02,0.000000E+00,0.000000E+00,3.068637E-02,5.092477E+02,1.972720E-01,2.498549E+03,2.592805E+03,3.068637E-02,7.559314E+02,1.492608E-01,1.715761E+03,2.473516E+03,7.644234E-02,3.030538E+03,3.068637E-02,0.000000E+00,0.000000E+00
10:20:00,6.823837E-02,1.110147E+03,3.597524E-01,4.697090E+03,4.925747E+03,6.823837E-02,1.658706E+03,3.344563E-01,3.866085E+03,5.452211E+03,6.823837E-02,3.785059E+03,6.823837E-02,0.000000E+00,0.000000E+00,5.172911E-02,8.415633E+02,3.295042E-01,4.194792E+03,4.356874E+03,5.172911E-02,1.257407E+03,2.505257E-01,2.897059E+03,4.167489E+03,1.265123E-01,5.040465E+03,5.172911E-02,0.000000E+00,0.000000E+00,3.068637E-02,4.992262E+02,2.991019E-01,3.645570E+03,3.769481E+03,3.068637E-02,7.459099E+02,2.472875E-01,2.820295E+03,3.619298E+03,7.712215E-02,3.050274E+03,3.068637E-02,0.000000E+00,0.000000E+00,5.172911E-02,8.415633E+02,3.350475E-01,4.256688E+03,4.419038E+03,5.172911E-02,1.257407E+03,2.541239E-01,2.937235E+03,4.212045E+03,1.274371E-01,5.067321E+03,5.172911E-02,0.000000E+00,0.000000E+00,3.068637E-02,4.992262E+02,1.998612E-01,2.537481E+03,2.632595E+03,3.068637E-02,7.459099E+02,1.516116E-01,1.752030E+03,2.511659E+03,7.644261E-02,3.030545E+03,3.068637E-02,0.000000E+00,0.000000E+00
10:30:00,6.823837E-02,1.087862E+03,3.607820E-01,4.730871E+03,4.960461E+03,6.823837E-02,1.636421E+03,3.354810E-01,3.899811E+03,5.487000E+03,6.823837E-02,3.785059E+03,6.823837E-02,0.000000E+00,0.000000E+00,5.172911E-02,8.246696E+02,3.339347E-01,4.261156E+03,4.424777E+03,5.172911E-02,1.240513E+03,2.545742E-01,2.959156E+03,4.232725E+03,1.265128E-01,5.040480E+03,5.172911E-02,0.000000E+00,0.000000E+00,3.068637E-02,4.892046E+02,3.008565E-01,3.675184E+03,3.800007E+03,3.068637E-02,7.358883E+02,2.490289E-01,2.849761E+03,3.650646E+03,7.712242E-02,3.050282E+03,3.068637E-02,0.000000E+00,0.000000E+00,5.172911E-02,8.246696E+02,3.392249E-01,4.320225E+03,4.484012E+03,5.172911E-02,1.240513E+03,2.579363E-01,2.996696E+03,4.274591E+03,1.274376E-01,5.067336E+03,5.172911E-02,0.000000E+00,0.000000E+00,3.068637E-02,4.892046E+02,2.024419E-01,2.576318E+03,2.672298E+03,3.068637E-02,7.358883E+02,1.539627E-01,1.788302E+03,2.549870E+03,7.644288E-02,3.030553E+03,3.068637E-02,0.000000E+00,0.000000E+00
10:40:00,6.823837E-02,1.065576E+03,3.618187E-01,4.764731E+03,4.995253E+03,6.823837E-02,1.614136E+03,3.365132E-01,3.933621E+03,5.521871E+03,6.823837E-02,3.785059E+03,6.823837E-02,0.000000E+00,0.000000E+00,5.172911E-02,8.077760E+02,3.383182E-01,4.326994E+03,4.492139E+03,5.172911E-02,1.223619E+03,2.585905E-01,3.020894E+03,4.297641E+03,1.265133E-01,5.040494E+03,5.172911E-02,0.000000E+00,0.000000E+00,3.068637E-02,4.791831E+02,3.017403E-01,3.695074E+03,3.820524E+03,3.068637E-02,7.258668E+02,2.499387E-01,2.869942E+03,3.672381E+03,7.712268E-02,3.050290E+03,3.068637E-02,0.000000E+00,0.000000E+00,5.172911E-02,8.077760E+02,3.433437E-01,4.383108E+03,4.548312E+03,5.172911E-02,1.223619E+03,2.617055E-01,3.055675E+03,4.336688E+03,1.274381E-01,5.067350E+03,5.172911E-02,0.000000E+00,0.000000E+00,3.068637E-02,4.791831E+02,2.050058E-01,2.614968E+03,2.711806E+03,3.068637E-02,7.258668E+02,1.563058E-01,1.824486E+03,2.588019E+03,7.644314E-02,3.030561E+03,3.068637E-02,0.000000E+00,0.000000E+00
10:50:00,6.823837E-02,1.043291E+03,3.628567E-01,4.798606E+03,5.030055E+03,6.823837E-02,1.591851E+03,3.375473E-01,3.967453E+03,5.556755E+03,6.823837E-02,3.785059E+03,6.823837E-02,0.000000E+00,0.000000E+00,5.172911E-02,7.908823E+02,3.426433E-01,4.392181E+03,4.558793E+03,5.172911E-02,1.206726E+03,2.625628E-01,3.082140E+03,4.362033E+03,1.265138E-01,5.040509E+03,5.172911E-02,0.000000E+00,0.000000E+00,3.068637E-02,4.691616E+02,3.017282E-01,3.704961E+03,3.830683E+03,3.068637E-02,7.158453E+02,2.499933E-01,2.880574E+03,3.684125E+03,7.712294E-02,3.050297E+03,3.068637E-02,0.000000E+00,0.000000E+00,5.172911E-02,7.908823E+02,3.473588E-01,4.444833E+03,4.611366E+03,5.172911E-02,1.206726E+03,2.653887E-01,3.113692E+03,4.397743E+03,1.274386E-01,5.067364E+03,5.172911E-02,0.000000E+00,0.000000E+00,3.068637E-02,4.691616E+02,2.075254E-01,2.653122E+03,2.750775E+03,3.068637E-02,7.158453E+02,1.586146E-01,1.860287E+03,2.625746E+03,7.644341E-02,3.030568E+03,3.068637E-02,0.000000E+00,0.000000E+00
11:00:00,6.823837E-02,1.021006E+03,3.638908E-01,4.832438E+03,5.064807E+03,6.823837E-02,1.569565E+03,3.385782E-01,4.001248E+03,5.591593E+03,6.823837E-02,3.785059E+03,6.823837E-02,0.000000E+00,0.000000E+00,5.172911E-02,7.739887E+02,3.469534E-01,4.457200E+03,4.625227E+03,5.172911E-02,1.189832E+03,2.665361E-01,3.143398E+03,4.426425E+03,1.265143E-01,5.040523E+03,5.172911E-02,0.000000E+00,0.000000E+00,3.068637E-02,4.591401E+02,3.010390E-01,3.707288E+03,3.833096E+03,3.068637E-02,7.058238E+02,2.494056E-01,2.884035E+03,3.688488E+03,7.712320E-02,3.050305E+03,3.068637E-02,0.000000E+00,0.000000E+00,5.172911E-02,7.739887E+02,3.513041E-01,4.505779E+03,4.673595E+03,5.172911E-02,1.189832E+03,2.690156E-01,3.171082E+03,4.458137E+03,1.274391E-01,5.067379E+03,5.172911E-02,0.000000E+00,0.000000E+00,3.068637E-02,4.591401E+02,2.100164E-01,2.690958E+03,2.789404E+03,3.068637E-02,7.058238E+02,1.609029E-01,1.895858E+03,2.663229E+03,7.644367E-02,3.030576E+03,3.068637E-02,0.000000E+00,0.000000E+00
11:10:00,6.823837E-02,1.006149E+03,3.649260E-01,4.858848E+03,5.092339E+03,6.823837E-02,1.554709E+03,3.396106E-01,4.027627E+03,5.619210E+03,6.823837E-02,3.785059E+03,6.823837E-02,0.000000E+00,0.000000E+00,5.172911E-02,7.627263E+02,3.512190E-01,4.516085E+03,4.686529E+03,5.172911E-02,1.178570E+03,2.704875E-01,3.198774E+03,4.486251E+03,1.265148E-01,5.040537E+03,5.172911E-02,0.000000E+00,0.000000E+00,3.068637E-02,4.524590E+02,2.996901E-01,3.698906E+03,3.824264E+03,3.068637E-02,6.991427E+02,2.481976E-01,2.877224E+03,3.681605E+03,7.712346E-02,3.050312E+03,3.068637E-02,0.000000E+00,0.000000E+00,5.172911E-02,7.627263E+02,3.551455E-01,4.559929E+03,4.729899E+03,5.172911E-02,1.178570E+03,2.725596E-01,3.221909E+03,4.513063E+03,1.274396E-01,5.067393E+03,5.172911E-02,0.000000E+00,0.000000E+00,3.068637E-02,4.524590E+02,2.124547E-01,2.724861E+03,2.824652E+03,3.068637E-02,6.991427E+02,1.631514E-01,1.927641E+03,2.697628E+03,7.644393E-02,3.030584E+03,3.068637E-02,0.000000E+00,0.000000E+00
11:20:00,6.823837E-02,9.912924E+02,3.659511E-01,4.885139E+03,5.119451E+03,6.823837E-02,1.539852E+03,3.406334E-01,4.053894E+03,5.646401E+03,6.823837E-02,3.785059E+03,6.823837E-02,0.000000E+00,0.000000E+00,5.172911E-02,7.514638E+02,3.554314E-01,4.574373E+03,4.746273E+03,5.172911E-02,1.167307E+03,2.744008E-01,3.253719E+03,4.544354E+03,1.265152E-01,5.040551E+03,5.172911E-02,0.000000E+00,0.000000E+00,3.068637E-02,4.457780E+02,2.977001E-01,3.683360E+03,3.808319E+03,3.068637E-02,6.924617E+02,2.463950E-01,2.863770E+03,3.668270E+03,7.712372E-02,3.050320E+03,3.068637E-02,0.000000E+00,0.000000E+00,5.172911E-02,7.514638E+02,3.588708E-01,4.612777E+03,4.784030E+03,5.172911E-02,1.167307E+03,2.760062E-01,3.271644E+03,4.565732E+03,1.274400E-01,5.067407E+03,5.172911E-02,0.000000E+00,0.000000E+00,3.068637E-02,4.457780E+02,2.148315E-01,2.758075E+03,2.858671E+03,3.068637E-02,6.924617E+02,1.653501E-01,1.958865E+03,2.730732E+03,7.644418E-02,3.030591E+03,3.068637E-02,0.000000E+00,0.000000E+00
11:30:00,6.823837E-02,9.764356E+02,3.669624E-01,4.911275E+03,5.146255E+03,6.823837E-02,1.524995E+03,3.416431E-01,4.080013E+03,5.673278E+03,6.823837E-02,3.785059E+03,6.823837E-02,0.000000E+00,0.000000E+00,5.172911E-02,7.402014E+02,3.595855E-01,4.632007E+03,4.804960E+03,5.172911E-02,1.156045E+03,2.782687E-01,3.308158E+03,4.601279E+03,1.265157E-01,5.040565E+03,5.172911E-02,0.000000E+00,0.000000E+00,3.068637E-02,4.390970E+02,2.950886E-01,3.660875E+03,3.785408E+03,3.068637E-02,6.857807E+02,2.440378E-01,2.844123E+03,3.648752E+03,7.712397E-02,3.050327E+03,3.068637E-02,0.000000E+00,0.000000E+00,5.172911E-02,7.402014E+02,3.624729E-01,4.664249E+03,4.836410E+03,5.172911E-02,1.156045E+03,2.793474E-01,3.320201E+03,4.616605E+03,1.274405E-01,5.067421E+03,5.172911E-02,0.000000E+00,0.000000E+00,3.068637E-02,4.390970E+02,2.171409E-01,2.790536E+03,2.891704E+03,3.068637E-02,6.857807E+02,1.674923E-01,1.989458E+03,2.762810E+03,7.644444E-02,3.030598E+03,3.068637E-02,0.000000E+00,0.000000E+00
11:40:00,6.823837E-02,9.615788E+02,3.679587E-01,4.937245E+03,5.172909E+03,6.823837E-02,1.510138E+03,3.426384E-01,4.105972E+03,5.700007E+03,6.823837E-02,3.785059E+03,6.823837E-02,0.000000E+00,0.000000E+00,5.172911E-02,7.289390E+02,3.636784E-01,4.688960E+03,4.863098E+03,5.172911E-02,1.144782E+03,2.820884E-01,3.362057E+03,4.657730E+03,1.265162E-01,5.040579E+03,5.172911E-02,0.000000E+00,0.000000E+00,3.068637E-02,4.324160E+02,2.919564E-01,3.632576E+03,3.756527E+03,3.068637E-02,6.790997E+02,2.411811E-01,2.818899E+03,3.623343E+03,7.712422E-02,3.050334E+03,3.068637E-02,0.000000E+00,0.000000E+00,5.172911E-02,7.289390E+02,3.659460E-01,4.714281E+03,4.887432E+03,5.172911E-02,1.144782E+03,2.825776E-01,3.367519E+03,4.666230E+03,1.274410E-01,5.067434E+03,5.172911E-02,0.000000E+00,0.000000E+00,3.068637E-02,4.324160E+02,2.193784E-01,2.822194E+03,2.923984E+03,3.068637E-02,6.790997E+02,1.695735E-01,2.019369E+03,2.794200E+03,7.644469E-02,3.030606E+03,3.068637E-02,0.000000E+00,0.000000E+00
11:50:00,6.823837E-02,9.467220E+02,3.689385E-01,4.963029E+03,5.199386E+03,6.823837E-02,1.495281E+03,3.436178E-01,4.131753E+03,5.726566E+03,6.823837E-02,3.785059E+03,6.823837E-02,0.000000E+00,0.000000E+00,5.172911E-02,7.176766E+02,3.676698E-01,4.744779E+03,4.920114E+03,5.172911E-02,1.133520E+03,2.858219E-01,3.414993E+03,4.713175E+03,1.265167E-01,5.040592E+03,5.172911E-02,0.000000E+00,0.000000E+00,3.068637E-02,4.257350E+02,2.885033E-01,3.600694E+03,3.723933E+03,3.068637E-02,6.724187E+02,2.380012E-01,2.790067E+03,3.594154E+03,7.712447E-02,3.050342E+03,3.068637E-02,0.000000E+00,0.000000E+00,5.172911E-02,7.176766E+02,3.692849E-01,4.762814E+03,4.936952E+03,5.172911E-02,1.133520E+03,2.856910E-01,3.413532E+03,4.714492E+03,1.274415E-01,5.067448E+03,5.172911E-02,0.000000E+00,0.000000E+00,3.068637E-02,4.257350E+02,2.215395E-01,2.852999E+03,2.955413E+03,3.068637E-02,6.724187E+02,1.715891E-01,2.048548E+03,2.824823E+03,7.644494E-02,3.030613E+03,3.068637E-02,0.000000E+00,0.000000E+00
12:00:00,6.823837E-02,9.318652E+02,3.699011E-01,4.988623E+03,5.225672E+03,6.823837E-02,1.480424E+03,3.445805E-01,4.157348E+03,5.752937E+03,6.823837E-02,3.785059E+03,6.823837E-02,0.000000E+00,0.000000E+00,5.172911E-02,7.064141E+02,3.715440E-01,4.799288E+03,4.975775E+03,5.172911E-02,1.122258E+03,2.894543E-01,3.466801E+03,4.767400E+03,1.265171E-01,5.040606E+03,5.172911E-02,0.000000E+00,0.000000E+00,3.068637E-02,4.190540E+02,2.853090E-01,3.571702E+03,3.694279E+03,3.068637E-02,6.657377E+02,2.350444E-01,2.763726E+03,3.567631E+03,7.712472E-02,3.050349E+03,3.068637E-02,0.000000E+00,0.000000E+00,5.172911E-02,7.064141E+02,3.724858E-01,4.809806E+03,4.984883E+03,5.172911E-02,1.122258E+03,2.886834E-01,3.458193E+03,4.761311E+03,1.274419E-01,5.067462E+03,5.172911E-02,0.000000E+00,0.000000E+00,3.068637E-02,4.190540E+02,2.236208E-01,2.882913E+03,2.985925E+03,3.068637E-02,6.657377E+02,1.735353E-01,2.076952E+03,2.854616E+03,7.644519E-02,3.030620E+03,3.068637E-02,0.000000E+00,0.000000E+00
12:10:00,6.823837E-02,9.199797E+02,3.708398E-01,5.010982E+03,5.248654E+03,6.823837E-02,1.468539E+03,3.455195E-01,4.179712E+03,5.775994E+03,6.823837E-02,3.785059E+03,6.823837E-02,0.000000E+00,0.000000E+00,5.172911E-02,6.974042E+02,3.753325E-01,4.850593E+03,5.028172E+03,5.172911E-02,1.113248E+03,2.930035E-01,3.515432E+03,4.818331E+03,1.265176E-01,5.040619E+03,5.172911E-02,0.000000E+00,0.000000E+00,3.068637E-02,4.137091E+02,2.825269E-01,3.545979E+03,3.667527E+03,3.068637E-02,6.603928E+02,2.324582E-01,2.740190E+03,3.543473E+03,7.712497E-02,3.050356E+03,3.068637E-02,0.000000E+00,0.000000E+00,5.172911E-02,6.974042E+02,3.755823E-01,4.853385E+03,5.029340E+03,5.172911E-02,1.113248E+03,2.915789E-01,3.499527E+03,4.804693E+03,1.274424E-01,5.067475E+03,5.172911E-02,0.000000E+00,0.000000E+00,3.068637E-02,4.137091E+02,2.256394E-01,2.910794E+03,3.014368E+03,3.068637E-02,6.603928E+02,1.754236E-01,2.103376E+03,2.882362E+03,7.644544E-02,3.030627E+03,3.068637E-02,0.000000E+00,0.000000E+00
12:20:00,6.823837E-02,9.080943E+02,3.717656E-01,5.033204E+03,5.271495E+03,6.823837E-02,1.456654E+03,3.464458E-01,4.201939E+03,5.798909E+03,6.823837E-02,3.785059E+03,6.823837E-02,0.000000E+00,0.000000E+00,5.172911E-02,6.883942E+02,3.790405E-01,4.901005E+03,5.079692E+03,5.172911E-02,1.104238E+03,2.964801E-01,3.563259E+03,4.868417E+03,1.265181E-01,5.040633E+03,5.172911E-02,0.000000E+00,0.000000E+00,3.068637E-02,4.083643E+02,2.802618E-01,3.526032E+03,3.646404E+03,3.068637E-02,6.550480E+02,2.303327E-01,2.721802E+03,3.524187E+03,7.712521E-02,3.050363E+03,3.068637E-02,0.000000E+00,0.000000E+00,5.172911E-02,6.883942E+02,3.785847E-01,4.895918E+03,5.072765E+03,5.172911E-02,1.104238E+03,2.943889E-01,3.539910E+03,4.847085E+03,1.274429E-01,5.067489E+03,5.172911E-02,0.000000E+00,0.000000E+00,3.068637E-02,4.083643E+02,2.275978E-01,2.938006E+03,3.042150E+03,3.068637E-02,6.550480E+02,1.772572E-01,2.129194E+03,2.909473E+03,7.644568E-02,3.030634E+03,3.068637E-02,0.000000E+00,0.000000E+00
12:30:00,6.823837E-02,8.962088E+02,3.726824E-01,5.055326E+03,5.294234E+03,6.823837E-02,1.444768E+03,3.473629E-01,4.224065E+03,5.821723E+03,6.823837E-02,3.785059E+03,6.823837E-02,0.000000E+00,0.000000E+00,5.172911E-02,6.793843E+02,3.826695E-01,4.950534E+03,5.130339E+03,5.172911E-02,1.095228E+03,2.998868E-01,3.610305E+03,4.917682E+03,1.265185E-01,5.040646E+03,5.172911E-02,0.000000E+00,0.000000E+00,3.068637E-02,4.030195E+02,2.786097E-01,3.512931E+03,3.632377E+03,3.068637E-02,6.497032E+02,2.287351E-01,2.709309E+03,3.511010E+03,7.712545E-02,3.050370E+03,3.068637E-02,0.000000E+00,0.000000E+00,5.172911E-02,6.793843E+02,3.814996E-01,4.937475E+03,5.115223E+03,5.172911E-02,1.095228E+03,2.971195E-01,3.579408E+03,4.888555E+03,1.274433E-01,5.067502E+03,5.172911E-02,0.000000E+00,0.000000E+00,3.068637E-02,4.030195E+02,2.294974E-01,2.964561E+03,3.069279E+03,3.068637E-02,6.497032E+02,1.790377E-01,2.154418E+03,2.935960E+03,7.644592E-02,3.030642E+03,3.068637E-02,0.000000E+00,0.000000E+00
12:40:00,6.823837E-02,8.843233E+02,3.735915E-01,5.077363E+03,5.316886E+03,6.823837E-02,1.432883E+03,3.482722E-01,4.246103E+03,5.844446E+03,6.823837E-02,3.785059E+03,6.823837E-02,0.000000E+00,0.000000E+00,5.172911E-02,6.703744E+02,3.862198E-01,4.999186E+03,5.180091E+03,5.172911E-02,1.086218E+03,3.032201E-01,3.656533E+03,4.966071E+03,1.265190E-01,5.040659E+03,5.172911E-02,0.000000E+00,0.000000E+00,3.068637E-02,3.976747E+02,2.775791E-01,3.506767E+03,3.625711E+03,3.068637E-02,6.443584E+02,2.277145E-01,2.703258E+03,3.504825E+03,7.712569E-02,3.050377E+03,3.068637E-02,0.000000E+00,0.000000E+00,5.172911E-02,6.703744E+02,3.843338E-01,4.978130E+03,5.156763E+03,5.172911E-02,1.086218E+03,2.997749E-01,3.618065E+03,4.929134E+03,1.274438E-01,5.067515E+03,5.172911E-02,0.000000E+00,0.000000E+00,3.068637E-02,3.976747E+02,2.313399E-01,2.990478E+03,3.095758E+03,3.068637E-02,6.443584E+02,1.807646E-01,2.179045E+03,2.961814E+03,7.644616E-02,3.030649E+03,3.068637E-02,0.000000E+00,0.000000E+00
12:50:00,6.823837E-02,8.724379E+02,3.744949E-01,5.099335E+03,5.339470E+03,6.823837E-02,1.420997E+03,3.491753E-01,4.268073E+03,5.867097E+03,6.823837E-02,3.785059E+03,6.823837E-02,0.000000E+00,0.000000E+00,5.172911E-02,6.613644E+02,3.896912E-01,5.046956E+03,5.228928E+03,5.172911E-02,1.077208E+03,3.064843E-01,3.701988E+03,5.013637E+03,1.265194E-01,5.040672E+03,5.172911E-02,0.000000E+00,0.000000E+00,3.068637E-02,3.923299E+02,2.770801E-01,3.506540E+03,3.625394E+03,3.068637E-02,6.390136E+02,2.271966E-01,2.702819E+03,3.504828E+03,7.712593E-02,3.050384E+03,3.068637E-02,0.000000E+00,0.000000E+00,5.172911E-02,6.613644E+02,3.870957E-01,5.017978E+03,5.197465E+03,5.172911E-02,1.077208E+03,3.023632E-01,3.655974E+03,4.968914E+03,1.274442E-01,5.067528E+03,5.172911E-02,0.000000E+00,0.000000E+00,3.068637E-02,3.923299E+02,2.331281E-01,3.015789E+03,3.121610E+03,3.068637E-02,6.390136E+02,1.824414E-01,2.203111E+03,2.987071E+03,7.644640E-02,3.030655E+03,3.068637E-02,0.000000E+00,0.000000E+00
13:00:00,6.823837E-02,8.605524E+02,3.753930E-01,5.121247E+03,5.361996E+03,6.823837E-02,1.409112E+03,3.500729E-01,4.289979E+03,5.889687E+03,6.823837E-02,3.785059E+03,6.823837E-02,0.000000E+00,0.000000E+00,5.172911E-02,6.523545E+02,3.930828E-01,5.093835E+03,5.276835E+03,5.172911E-02,1.068198E+03,3.096784E-01,3.746660E+03,5.060358E+03,1.265199E-01,5.040685E+03,5.172911E-02,0.000000E+00,0.000000E+00,3.068637E-02,3.869851E+02,2.766429E-01,3.507004E+03,3.625766E+03,3.068637E-02,6.336688E+02,2.267391E-01,2.703055E+03,3.505478E+03,7.712617E-02,3.050391E+03,3.068637E-02,0.000000E+00,0.000000E+00,5.172911E-02,6.523545E+02,3.897931E-01,5.057107E+03,5.237416E+03,5.172911E-02,1.068198E+03,3.048928E-01,3.693228E+03,5.007991E+03,1.274447E-01,5.067541E+03,5.172911E-02,0.000000E+00,0.000000E+00,3.068637E-02,3.869851E+02,2.348656E-01,3.040535E+03,3.146873E+03,3.068637E-02,6.336688E+02,1.840717E-01,2.226658E+03,3.011774E+03,7.644664E-02,3.030662E+03,3.068637E-02,0.000000E+00,0.000000E+00
13:10:00,6.823837E-02,8.531240E+02,3.762842E-01,5.138627E+03,5.379898E+03,6.823837E-02,1.401683E+03,3.509634E-01,4.307351E+03,5.907633E+03,6.823837E-02,3.785059E+03,6.823837E-02,0.000000E+00,0.000000E+00,5.172911E-02,6.467233E+02,3.963758E-01,5.136234E+03,5.320153E+03,5.172911E-02,1.062567E+03,3.127872E-01,3.787002E+03,5.102586E+03,1.265203E-01,5.040698E+03,5.172911E-02,0.000000E+00,0.000000E+00,3.068637E-02,3.836446E+02,2.762312E-01,3.505747E+03,3.624362E+03,3.068637E-02,6.303283E+02,2.263036E-01,2.701532E+03,3.504256E+03,7.712640E-02,3.050398E+03,3.068637E-02,0.000000E+00,0.000000E+00,5.172911E-02,6.467233E+02,3.924174E-01,5.092040E+03,5.273067E+03,5.172911E-02,1.062567E+03,3.073586E-01,3.726390E+03,5.042827E+03,1.274451E-01,5.067554E+03,5.172911E-02,0.000000E+00,0.000000E+00,3.068637E-02,3.836446E+02,2.365472E-01,3.062650E+03,3.169442E+03,3.068637E-02,6.303283E+02,1.856526E-01,2.247650E+03,3.033826E+03,7.644688E-02,3.030669E+03,3.068637E-02,0.000000E+00,0.000000E+00
13:20:00,6.823837E-02,8.456956E+02,3.771663E-01,5.155904E+03,5.397695E+03,6.823837E-02,1.394255E+03,3.518448E-01,4.324620E+03,5.925473E+03,6.823837E-02,3.785059E+03,6.823837E-02,0.000000E+00,0.000000E+00,5.172911E-02,6.410920E+02,3.995649E-01,5.177475E+03,5.362326E+03,5.172911E-02,1.056936E+03,3.158059E-01,3.826338E+03,5.143740E+03,1.265207E-01,5.040711E+03,5.172911E-02,0.000000E+00,0.000000E+00,3.068637E-02,3.803041E+02,2.758484E-01,3.504814E+03,3.623302E+03,3.068637E-02,6.269878E+02,2.258940E-01,2.700298E+03,3.503274E+03,7.712663E-02,3.050404E+03,3.068637E-02,0.000000E+00,0.000000E+00,5.172911E-02,6.410920E+02,3.949717E-01,5.126191E+03,5.307960E+03,5.172911E-02,1.056936E+03,3.097632E-01,3.758869E+03,5.076927E+03,1.274456E-01,5.067567E+03,5.172911E-02,0.000000E+00,0.000000E+00,3.068637E-02,3.803041E+02,2.381756E-01,3.084173E+03,3.191430E+03,3.068637E-02,6.269878E+02,1.871866E-01,2.268117E+03,3.055314E+03,7.644711E-02,3.030676E+03,3.068637E-02,0.000000E+00,0.000000E+00
13:30:00,6.823837E-02,8.382672E+02,3.780601E-01,5.173312E+03,5.415790E+03,6.823837E-02,1.386827E+03,3.527381E-01,4.342023E+03,5.943625E+03,6.823837E-02,3.785059E+03,6.823837E-02,0.000000E+00,0.000000E+00,5.172911E-02,6.354608E+02,4.026572E-01,5.217633E+03,5.403769E+03,5.172911E-02,1.051304E+03,3.187489E-01,3.864828E+03,5.184481E+03,1.265212E-01,5.040723E+03,5.172911E-02,0.000000E+00,0.000000E+00,3.068637E-02,3.769635E+02,2.755126E-01,3.504405E+03,3.622783E+03,3.068637E-02,6.236473E+02,2.255331E-01,2.699609E+03,3.502737E+03,7.712686E-02,3.050411E+03,3.068637E-02,0.000000E+00,0.000000E+00,5.172911E-02,6.354608E+02,3.974717E-01,5.159737E+03,5.342558E+03,5.172911E-02,1.051304E+03,3.121292E-01,3.790917E+03,5.110958E+03,1.274460E-01,5.067579E+03,5.172911E-02,0.000000E+00,0.000000E+00,3.068637E-02,3.769635E+02,2.397608E-01,3.105214E+03,3.213122E+03,3.068637E-02,6.236473E+02,1.886877E-01,2.288218E+03,3.076658E+03,7.644734E-02,3.030683E+03,3.068637E-02,0.000000E+00,0.000000E+00
13:40:00,6.823837E-02,8.308388E+02,3.789265E-01,5.190391E+03,5.433605E+03,6.823837E-02,1.379398E+03,3.536036E-01,4.359094E+03,5.961497E+03,6.823837E-02,3.785059E+03,6.823837E-02,0.000000E+00,0.000000E+00,5.172911E-02,6.298296E+02,4.056182E-01,5.256306E+03,5.443901E+03,5.172911E-02,1.045673E+03,3.215747E-01,3.901987E+03,5.224104E+03,1.265216E-01,5.040736E+03,5.172911E-02,0.000000E+00,0.000000E+00,3.068637E-02,3.736230E+02,2.752210E-01,3.504476E+03,3.622737E+03,3.068637E-02,6.203067E+02,2.252125E-01,2.699355E+03,3.502537E+03,7.712709E-02,3.050418E+03,3.068637E-02,0.000000E+00,0.000000E+00,5.172911E-02,6.298296E+02,3.998938E-01,5.192392E+03,5.376425E+03,5.172911E-02,1.045673E+03,3.144237E-01,3.822143E+03,5.144341E+03,1.274464E-01,5.067592E+03,5.172911E-02,0.000000E+00,0.000000E+00,3.068637E-02,3.736230E+02,2.412902E-01,3.125619E+03,3.234274E+03,3.068637E-02,6.203067E+02,1.901379E-01,2.307737E+03,3.097525E+03,7.644757E-02,3.030689E+03,3.068637E-02,0.000000E+00,0.000000E+00
13:50:00,6.823837E-02,8.234104E+02,3.797841E-01,5.207370E+03,5.451071E+03,6.823837E-02,1.371970E+03,3.544609E-01,4.376070E+03,5.979014E+03,6.823837E-02,3.785059E+03,6.823837E-02,0.000000E+00,0.000000E+00,5.172911E-02,6.241984E+02,4.084474E-01,5.293503E+03,5.481910E+03,5.172911E-02,1.040042E+03,3.242856E-01,3.937859E+03,5.261488E+03,1.265220E-01,5.040748E+03,5.172911E-02,0.000000E+00,0.000000E+00,3.068637E-02,3.702825E+02,2.749834E-01,3.505151E+03,3.623343E+03,3.068637E-02,6.169662E+02,2.249484E-01,2.699730E+03,3.503138E+03,7.712732E-02,3.050424E+03,3.068637E-02,0.000000E+00,0.000000E+00,5.172911E-02,6.241984E+02,4.022444E-01,5.224247E+03,5.408970E+03,5.172911E-02,1.040042E+03,3.166598E-01,3.852716E+03,5.176330E+03,1.274469E-01,5.067604E+03,5.172911E-02,0.000000E+00,0.000000E+00,3.068637E-02,3.702825E+02,2.427685E-01,3.145453E+03,3.254531E+03,3.068637E-02,6.169662E+02,1.915456E-01,2.326779E+03,3.117444E+03,7.644780E-02,3.030696E+03,3.068637E-02,0.000000E+00,0.000000E+00
14:00:00,6.823837E-02,8.159820E+02,3.806225E-01,5.224133E+03,5.468314E+03,6.823837E-02,1.364541E+03,3.552994E-01,4.392836E+03,5.996308E+03,6.823837E-02,3.785059E+03,6.823837E-02,0.000000E+00,0.000000E+00,5.172911E-02,6.185672E+02,4.111262E-01,5.329021E+03,5.518179E+03,5.172911E-02,1.034411E+03,3.268610E-01,3.972218E+03,5.297256E+03,1.265225E-01,5.040761E+03,5.172911E-02,0.000000E+00,0.000000E+00,3.068637E-02,3.669420E+02,2.747972E-01,3.506397E+03,3.624524E+03,3.068637E-02,6.136257E+02,2.247354E-01,2.700674E+03,3.504306E+03,7.712755E-02,3.050431E+03,3.068637E-02,0.000000E+00,0.000000E+00,5.172911E-02,6.185672E+02,4.045121E-01,5.255175E+03,5.440547E+03,5.172911E-02,1.034411E+03,3.188230E-01,3.882472E+03,5.207428E+03,1.274473E-01,5.067617E+03,5.172911E-02,0.000000E+00,0.000000E+00,3.068637E-02,3.669420E+02,2.443086E-01,3.165976E+03,3.275575E+03,3.068637E-02,6.136257E+02,1.930198E-01,2.346564E+03,3.138267E+03,7.644802E-02,3.030703E+03,3.068637E-02,0.000000E+00,0.000000E+00
14:10:00,6.823837E-02,8.159820E+02,3.814422E-01,5.233259E+03,5.477766E+03,6.823837E-02,1.364541E+03,3.561195E-01,4.401968E+03,6.005790E+03,6.823837E-02,3.785059E+03,6.823837E-02,0.000000E+00,0.000000E+00,5.172911E-02,6.185672E+02,4.136115E-01,5.356747E+03,5.546441E+03,5.172911E-02,1.034411E+03,3.292629E-01,3.999008E+03,5.325178E+03,1.265229E-01,5.040773E+03,5.172911E-02,0.000000E+00,0.000000E+00,3.068637E-02,3.669420E+02,2.746415E-01,3.504644E+03,3.622626E+03,3.068637E-02,6.136257E+02,2.245567E-01,2.698661E+03,3.502418E+03,7.712777E-02,3.050437E+03,3.068637E-02,0.000000E+00,0.000000E+00,5.172911E-02,6.185672E+02,4.066606E-01,5.279140E+03,5.464969E+03,5.172911E-02,1.034411E+03,3.208817E-01,3.905432E+03,5.231477E+03,1.274477E-01,5.067629E+03,5.172911E-02,0.000000E+00,0.000000E+00,3.068637E-02,3.669420E+02,2.464000E-01,3.189314E+03,3.299846E+03,3.068637E-02,6.136257E+02,1.950500E-01,2.369215E+03,3.162724E+03,7.644825E-02,3.030709E+03,3.068637E-02,0.000000E+00,0.000000E+00
14:20:00,6.823837E-02,8.159820E+02,3.822440E-01,5.242185E+03,5.487018E+03,6.823837E-02,1.364541E+03,3.569223E-01,4.410907E+03,6.015077E+03,6.823837E-02,3.785059E+03,6.823837E-02,0.000000E+00,0.000000E+00,5.172911E-02,6.185672E+02,4.158909E-01,5.382173E+03,5.572404E+03,5.172911E-02,1.034411E+03,3.314783E-01,4.023716E+03,5.350895E+03,1.265233E-01,5.040785E+03,5.172911E-02,0.000000E+00,0.000000E+00,3.068637E-02,3.669420E+02,2.745084E-01,3.503145E+03,3.621025E+03,3.068637E-02,6.136257E+02,2.244051E-01,2.696952E+03,3.500812E+03,7.712799E-02,3.050444E+03,3.068637E-02,0.000000E+00,0.000000E+00,5.172911E-02,6.185672E+02,4.086810E-01,5.301676E+03,5.487979E+03,5.172911E-02,1.034411E+03,3.228278E-01,3.927133E+03,5.254172E+03,1.274481E-01,5.067641E+03,5.172911E-02,0.000000E+00,0.000000E+00,3.068637E-02,3.669420E+02,2.491725E-01,3.220256E+03,3.331790E+03,3.068637E-02,6.136257E+02,1.977461E-01,2.399299E+03,3.194755E+03,7.644847E-02,3.030716E+03,3.068637E-02,0.000000E+00,0.000000E+00
14:30:00,6.823837E-02,8.159820E+02,3.830064E-01,5.250671E+03,5.495791E+03,6.823837E-02,1.364541E+03,3.576861E-01,4.419411E+03,6.023888E+03,6.823837E-02,3.785059E+03,6.823837E-02,0.000000E+00,0.000000E+00,5.172911E-02,6.185672E+02,4.179381E-01,5.405008E+03,5.595777E+03,5.172911E-02,1.034411E+03,3.334741E-01,4.045971E+03,5.374004E+03,1.265237E-01,5.040797E+03,5.172911E-02,0.000000E+00,0.000000E+00,3.068637E-02,3.669420E+02,2.743801E-01,3.501698E+03,3.619522E+03,3.068637E-02,6.136257E+02,2.242594E-01,2.695307E+03,3.499224E+03,7.712821E-02,3.050450E+03,3.068637E-02,0.000000E+00,0.000000E+00,5.172911E-02,6.185672E+02,4.105515E-01,5.322538E+03,5.509341E+03,5.172911E-02,1.034411E+03,3.246325E-01,3.947255E+03,5.275162E+03,1.274485E-01,5.067653E+03,5.172911E-02,0.000000E+00,0.000000E+00,3.068637E-02,3.669420E+02,2.527070E-01,3.259704E+03,3.372156E+03,3.068637E-02,6.136257E+02,2.011772E-01,2.437588E+03,3.234830E+03,7.644869E-02,3.030722E+03,3.068637E-02,0.000000E+00,0.000000E+00
14:40:00,6.823837E-02,8.159820E+02,3.837676E-01,5.259168E+03,5.504593E+03,6.823837E-02,1.364541E+03,3.584500E-01,4.427937E+03,6.032740E+03,6.823837E-02,3.785059E+03,6.823837E-02,0.000000E+00,0.000000E+00,5.172911E-02,6.185672E+02,4.197669E-01,5.425423E+03,5.616717E+03,5.172911E-02,1.034411E+03,3.352739E-01,4.066063E+03,5.394838E+03,1.265241E-01,5.040809E+03,5.172911E-02,0.000000E+00,0.000000E+00,3.068637E-02,3.669420E+02,2.742580E-01,3.500332E+03,3.618129E+03,3.068637E-02,6.136257E+02,2.241275E-01,2.693832E+03,3.497783E+03,7.712843E-02,3.050457E+03,3.068637E-02,0.000000E+00,0.000000E+00,5.172911E-02,6.185672E+02,4.122868E-01,5.341910E+03,5.529224E+03,5.172911E-02,1.034411E+03,3.263220E-01,3.966115E+03,5.294808E+03,1.274489E-01,5.067665E+03,5.172911E-02,0.000000E+00,0.000000E+00,3.068637E-02,3.669420E+02,2.570990E-01,3.308739E+03,3.422187E+03,3.068637E-02,6.136257E+02,2.054230E-01,2.484986E+03,3.284034E+03,7.644891E-02,3.030728E+03,3.068637E-02,0.000000E+00,0.000000E+00
14:50:00,6.823837E-02,8.159820E+02,3.845083E-01,5.267437E+03,5.513150E+03,6.823837E-02,1.364541E+03,3.591935E-01,4.436238E+03,6.041350E+03,6.823837E-02,3.785059E+03,6.823837E-02,0.000000E+00,0.000000E+00,5.172911E-02,6.185672E+02,4.213575E-01,5.443183E+03,5.634928E+03,5.172911E-02,1.034411E+03,3.368507E-01,4.083668E+03,5.413027E+03,1.265245E-01,5.040821E+03,5.172911E-02,0.000000E+00,0.000000E+00,3.068637E-02,3.669420E+02,2.741252E-01,3.498849E+03,3.616616E+03,3.068637E-02,6.136257E+02,2.239897E-01,2.692293E+03,3.496235E+03,7.712865E-02,3.050463E+03,3.068637E-02,0.000000E+00,0.000000E+00,5.172911E-02,6.185672E+02,4.138687E-01,5.359573E+03,5.547349E+03,5.172911E-02,1.034411E+03,3.278713E-01,3.983412E+03,5.312761E+03,1.274494E-01,5.067677E+03,5.172911E-02,0.000000E+00,0.000000E+00,3.068637E-02,3.669420E+02,2.624103E-01,3.368038E+03,3.482785E+03,3.068637E-02,6.136257E+02,2.105229E-01,2.541922E+03,3.343098E+03,7.644913E-02,3.030735E+03,3.068637E-02,0.000000E+00,0.000000E+00
15:00:00,6.823837E-02,8.159820E+02,3.852377E-01,5.275581E+03,5.521579E+03,6.823837E-02,1.364541E+03,3.599262E-01,4.444419E+03,6.049835E+03,6.823837E-02,3.785059E+03,6.823837E-02,0.000000E+00,0.000000E+00,5.172911E-02,6.185672E+02,4.227079E-01,5.458261E+03,5.650357E+03,5.172911E-02,1.034411E+03,3.382045E-01,4.098783E+03,5.428568E+03,1.265249E-01,5.040833E+03,5.172911E-02,0.000000E+00,0.000000E+00,3.068637E-02,3.669420E+02,2.739730E-01,3.497150E+03,3.614864E+03,3.068637E-02,6.136257E+02,2.238393E-01,2.690613E+03,3.494503E+03,7.712886E-02,3.050469E+03,3.068637E-02,0.000000E+00,0.000000E+00,5.172911E-02,6.185672E+02,4.152949E-01,5.375497E+03,5.563659E+03,5.172911E-02,1.034411E+03,3.292807E-01,3.999149E+03,5.329024E+03,1.274498E-01,5.067689E+03,5.172911E-02,0.000000E+00,0.000000E+00,3.068637E-02,3.669420E+02,2.685404E-01,3.436480E+03,3.552858E+03,3.068637E-02,6.136257E+02,2.164030E-01,2.607568E+03,3.411298E+03,7.644935E-02,3.030741E+03,3.068637E-02,0.000000E+00,0.000000E+00
15:10:00,6.823837E-02,8.248961E+02,3.859538E-01,5.274663E+03,5.520760E+03,6.823837E-02,1.373455E+03,3.606460E-01,4.443541E+03,6.049047E+03,6.823837E-02,3.785059E+03,6.823837E-02,0.000000E+00,0.000000E+00,5.172911E-02,6.253246E+02,4.238229E-01,5.463954E+03,5.656162E+03,5.172911E-02,1.041168E+03,3.393435E-01,4.104743E+03,5.434659E+03,1.265253E-01,5.040844E+03,5.172911E-02,0.000000E+00,0.000000E+00,3.068637E-02,3.709506E+02,2.737798E-01,3.490985E+03,3.608523E+03,3.068637E-02,6.176343E+02,2.236576E-01,2.684577E+03,3.488261E+03,7.712907E-02,3.050475E+03,3.068637E-02,0.000000E+00,0.000000E+00,5.172911E-02,6.253246E+02,4.165400E-01,5.382641E+03,5.570941E+03,5.172911E-02,1.041168E+03,3.305283E-01,4.006320E+03,5.336400E+03,1.274502E-01,5.067701E+03,5.172911E-02,0.000000E+00,0.000000E+00,3.068637E-02,3.709506E+02,2.749968E-01,3.504556E+03,3.622480E+03,3.068637E-02,6.176343E+02,2.225710E-01,2.672420E+03,3.478415E+03,7.644956E-02,3.030747E+03,3.068637E-02,0.000000E+00,0.000000E+00
15:20:00,6.823837E-02,8.338102E+02,3.866536E-01,5.273562E+03,5.519753E+03,6.823837E-02,1.382370E+03,3.613496E-01,4.442483E+03,6.048071E+03,6.823837E-02,3.785059E+03,6.823837E-02,0.000000E+00,0.000000E+00,5.172911E-02,6.320821E+02,4.247205E-01,5.467219E+03,5.659555E+03,5.172911E-02,1.047926E+03,3.402832E-01,4.108479E+03,5.438408E+03,1.265257E-01,5.040856E+03,5.172911E-02,0.000000E+00,0.000000E+00,3.068637E-02,3.749592E+02,2.735367E-01,3.484262E+03,3.601657E+03,3.068637E-02,6.216429E+02,2.234354E-01,2.678087E+03,3.481508E+03,7.712929E-02,3.050481E+03,3.068637E-02,0.000000E+00,0.000000E+00,5.172911E-02,6.320821E+02,4.175969E-01,5.387685E+03,5.576137E+03,5.172911E-02,1.047926E+03,3.316061E-01,4.011597E+03,5.341749E+03,1.274506E-01,5.067712E+03,5.172911E-02,0.000000E+00,0.000000E+00,3.068637E-02,3.749592E+02,2.816575E-01,3.574913E+03,3.694445E+03,3.068637E-02,6.216429E+02,2.289316E-01,2.739422E+03,3.547516E+03,7.644977E-02,3.030753E+03,3.068637E-02,0.000000E+00,0.000000E+00
15:30:00,6.823837E-02,8.427243E+02,3.873329E-01,5.272232E+03,5.518504E+03,6.823837E-02,1.391284E+03,3.620331E-01,4.441200E+03,6.046858E+03,6.823837E-02,3.785059E+03,6.823837E-02,0.000000E+00,0.000000E+00,5.172911E-02,6.388396E+02,4.253978E-01,5.468025E+03,5.660493E+03,5.172911E-02,1.054683E+03,3.410232E-01,4.109985E+03,5.439779E+03,1.265261E-01,5.040867E+03,5.172911E-02,0.000000E+00,0.000000E+00,3.068637E-02,3.789678E+02,2.732329E-01,3.476861E+03,3.594153E+03,3.068637E-02,6.256516E+02,2.231640E-01,2.671048E+03,3.474143E+03,7.712950E-02,3.050488E+03,3.068637E-02,0.000000E+00,0.000000E+00,5.172911E-02,6.388396E+02,4.184557E-01,5.390517E+03,5.579158E+03,5.172911E-02,1.054683E+03,3.325052E-01,4.014878E+03,5.344976E+03,1.274510E-01,5.067724E+03,5.172911E-02,0.000000E+00,0.000000E+00,3.068637E-02,3.789678E+02,2.884324E-01,3.646547E+03,3.767755E+03,3.068637E-02,6.256516E+02,2.354059E-01,2.807695E+03,3.617727E+03,7.644998E-02,3.030759E+03,3.068637E-02,0.000000E+00,0.000000E+00
15:40:00,6.823837E-02,8.516384E+02,3.879875E-01,5.270627E+03,5.516967E+03,6.823837E-02,1.400198E+03,3.626923E-01,4.439646E+03,6.045359E+03,6.823837E-02,3.785059E+03,6.823837E-02,0.000000E+00,0.000000E+00,5.172911E-02,6.455970E+02,4.258528E-01,5.466348E+03,5.658915E+03,5.172911E-02,1.061441E+03,3.415598E-01,4.109219E+03,5.438711E+03,1.265265E-01,5.040879E+03,5.172911E-02,0.000000E+00,0.000000E+00,3.068637E-02,3.829765E+02,2.728580E-01,3.468666E+03,3.585865E+03,3.068637E-02,6.296602E+02,2.228321E-01,2.663334E+03,3.466032E+03,7.712970E-02,3.050494E+03,3.068637E-02,0.000000E+00,0.000000E+00,5.172911E-02,6.455970E+02,4.191074E-01,5.391036E+03,5.579858E+03,5.172911E-02,1.061441E+03,3.332166E-01,4.016065E+03,5.345973E+03,1.274514E-01,5.067735E+03,5.172911E-02,0.000000E+00,0.000000E+00,3.068637E-02,3.829765E+02,2.952287E-01,3.718421E+03,3.841316E+03,3.068637E-02,6.296602E+02,2.419273E-01,2.876495E+03,3.688316E+03,7.645019E-02,3.030765E+03,3.068637E-02,0.000000E+00,0.000000E+00
15:50:00,6.823837E-02,8.605524E+02,3.886131E-01,5.268698E+03,5.515091E+03,6.823837E-02,1.409112E+03,3.633230E-01,4.437773E+03,6.043527E+03,6.823837E-02,3.785059E+03,6.823837E-02,0.000000E+00,0.000000E+00,5.172911E-02,6.523545E+02,4.260854E-01,5.462188E+03,5.654787E+03,5.172911E-02,1.068198E+03,3.418930E-01,4.106182E+03,5.435222E+03,1.265269E-01,5.040890E+03,5.172911E-02,0.000000E+00,0.000000E+00,3.068637E-02,3.869851E+02,2.724023E-01,3.459570E+03,3.576650E+03,3.068637E-02,6.336688E+02,2.224301E-01,2.654838E+03,3.457065E+03,7.712991E-02,3.050500E+03,3.068637E-02,0.000000E+00,0.000000E+00,5.172911E-02,6.523545E+02,4.195434E-01,5.389148E+03,5.578086E+03,5.172911E-02,1.068198E+03,3.337325E-01,4.015068E+03,5.344632E+03,1.274518E-01,5.067747E+03,5.172911E-02,0.000000E+00,0.000000E+00,3.068637E-02,3.869851E+02,3.019614E-01,3.789583E+03,3.914119E+03,3.068637E-02,6.336688E+02,2.484320E-01,2.945109E+03,3.758575E+03,7.645040E-02,3.030771E+03,3.068637E-02,0.000000E+00,0.000000E+00
16:00:00,6.823837E-02,8.694665E+02,3.892054E-01,5.266397E+03,5.512826E+03,6.823837E-02,1.418026E+03,3.639211E-01,4.435538E+03,6.041312E+03,6.823837E-02,3.785059E+03,6.823837E-02,0.000000E+00,0.000000E+00,5.172911E-02,6.591119E+02,4.260980E-01,5.455573E+03,5.648122E+03,5.172911E-02,1.074955E+03,3.420254E-01,4.100904E+03,5.429359E+03,1.265273E-01,5.040901E+03,5.172911E-02,0.000000E+00,0.000000E+00,3.068637E-02,3.909937E+02,2.718565E-01,3.449468E+03,3.566384E+03,3.068637E-02,6.376774E+02,2.219492E-01,2.645460E+03,3.447139E+03,7.713012E-02,3.050506E+03,3.068637E-02,0.000000E+00,0.000000E+00,5.172911E-02,6.591119E+02,4.197559E-01,5.384764E+03,5.573716E+03,5.172911E-02,1.074955E+03,3.340455E-01,4.011806E+03,5.340855E+03,1.274521E-01,5.067758E+03,5.172911E-02,0.000000E+00,0.000000E+00,3.068637E-02,3.909937E+02,3.085900E-01,3.859585E+03,3.985702E+03,3.068637E-02,6.376774E+02,2.548600E-01,3.012867E+03,3.827839E+03,7.645060E-02,3.030777E+03,3.068637E-02,0.000000E+00,0.000000E+00
16:10:00,6.823837E-02,8.813520E+02,3.897599E-01,5.260703E+03,5.507088E+03,6.823837E-02,1.429911E+03,3.644822E-01,4.429917E+03,6.035621E+03,6.823837E-02,3.785059E+03,6.823837E-02,0.000000E+00,0.000000E+00,5.172911E-02,6.681219E+02,4.258660E-01,5.443972E+03,5.636308E+03,5.172911E-02,1.083965E+03,3.419214E-01,4.090734E+03,5.418368E+03,1.265277E-01,5.040913E+03,5.172911E-02,0.000000E+00,0.000000E+00,3.068637E-02,3.963385E+02,2.712143E-01,3.436952E+03,3.553622E+03,3.068637E-02,6.430222E+02,2.213751E-01,2.633707E+03,3.434715E+03,7.713032E-02,3.050511E+03,3.068637E-02,0.000000E+00,0.000000E+00,5.172911E-02,6.681219E+02,4.197395E-01,5.375571E+03,5.564371E+03,5.172911E-02,1.083965E+03,3.341443E-01,4.003901E+03,5.332194E+03,1.274525E-01,5.067769E+03,5.172911E-02,0.000000E+00,0.000000E+00,3.068637E-02,3.963385E+02,3.147748E-01,3.923295E+03,4.050650E+03,3.068637E-02,6.430222E+02,2.608818E-01,3.074755E+03,3.890697E+03,7.645081E-02,3.030783E+03,3.068637E-02,0.000000E+00,0.000000E+00
16:20:00,6.823837E-02,8.932374E+02,3.902708E-01,5.254521E+03,5.500841E+03,6.823837E-02,1.441797E+03,3.650006E-01,4.423820E+03,6.029427E+03,6.823837E-02,3.785059E+03,6.823837E-02,0.000000E+00,0.000000E+00,5.172911E-02,6.771318E+02,4.254061E-01,5.429828E+03,5.621958E+03,5.172911E-02,1.092975E+03,3.416000E-01,4.078138E+03,5.404902E+03,1.265281E-01,5.040924E+03,5.172911E-02,0.000000E+00,0.000000E+00,3.068637E-02,4.016833E+02,2.704846E-01,3.423461E+03,3.539901E+03,3.068637E-02,6.483670E+02,2.207192E-01,2.621039E+03,3.421364E+03,7.713052E-02,3.050517E+03,3.068637E-02,0.000000E+00,0.000000E+00,5.172911E-02,6.771318E+02,4.195161E-01,5.364068E+03,5.552722E+03,5.172911E-02,1.092975E+03,3.340461E-01,3.993795E+03,5.321274E+03,1.274529E-01,5.067780E+03,5.172911E-02,0.000000E+00,0.000000E+00,3.068637E-02,4.016833E+02,3.205016E-01,3.981893E+03,4.110563E+03,3.068637E-02,6.483670E+02,2.664789E-01,3.131902E+03,3.948862E+03,7.645101E-02,3.030789E+03,3.068637E-02,0.000000E+00,0.000000E+00
16:30:00,6.823837E-02,9.051229E+02,3.907330E-01,5.247796E+03,5.494022E+03,6.823837E-02,1.453682E+03,3.654710E-01,4.417187E+03,6.022671E+03,6.823837E-02,3.785059E+03,6.823837E-02,0.000000E+00,0.000000E+00,5.172911E-02,6.861418E+02,4.247240E-01,5.413204E+03,5.605117E+03,5.172911E-02,1.101985E+03,3.410638E-01,4.063142E+03,5.388962E+03,1.265285E-01,5.040935E+03,5.172911E-02,0.000000E+00,0.000000E+00,3.068637E-02,4.070281E+02,2.696621E-01,3.408932E+03,3.525149E+03,3.068637E-02,6.537118E+02,2.199743E-01,2.607378E+03,3.406986E+03,7.713072E-02,3.050523E+03,3.068637E-02,0.000000E+00,0.000000E+00,5.172911E-02,6.861418E+02,4.190833E-01,5.350226E+03,5.538732E+03,5.172911E-02,1.101985E+03,3.337504E-01,3.981486E+03,5.308086E+03,1.274533E-01,5.067791E+03,5.172911E-02,0.000000E+00,0.000000E+00,3.068637E-02,4.070281E+02,3.257097E-01,4.034698E+03,4.164764E+03,3.068637E-02,6.537118E+02,2.715897E-01,3.183621E+03,4.001693E+03,7.645121E-02,3.030795E+03,3.068637E-02,0.000000E+00,0.000000E+00
16:40:00,6.823837E-02,9.170083E+02,3.911422E-01,5.240479E+03,5.486588E+03,6.823837E-02,1.465568E+03,3.658717E-01,4.409786E+03,6.014964E+03,6.823837E-02,3.785059E+03,6.823837E-02,0.000000E+00,0.000000E+00,5.172911E-02,6.951517E+02,4.238236E-01,5.394141E+03,5.585781E+03,5.172911E-02,1.110995E+03,3.403021E-01,4.045643E+03,5.370544E+03,1.265288E-01,5.040946E+03,5.172911E-02,0.000000E+00,0.000000E+00,3.068637E-02,4.123729E+02,2.687407E-01,3.393301E+03,3.509271E+03,3.068637E-02,6.590566E+02,2.191264E-01,2.592574E+03,3.391608E+03,7.713092E-02,3.050529E+03,3.068637E-02,0.000000E+00,0.000000E+00,5.172911E-02,6.951517E+02,4.184346E-01,5.333973E+03,5.522281E+03,5.172911E-02,1.110995E+03,3.332350E-01,3.966735E+03,5.292405E+03,1.274537E-01,5.067802E+03,5.172911E-02,0.000000E+00,0.000000E+00,3.068637E-02,4.123729E+02,3.303375E-01,4.081025E+03,4.212408E+03,3.068637E-02,6.590566E+02,2.761422E-01,3.229116E+03,4.046952E+03,7.645141E-02,3.030801E+03,3.068637E-02,0.000000E+00,0.000000E+00
16:50:00,6.823837E-02,9.288938E+02,3.914769E-01,5.232343E+03,5.478184E+03,6.823837E-02,1.477453E+03,3.662167E-01,4.401778E+03,6.006833E+03,6.823837E-02,3.785059E+03,6.823837E-02,0.000000E+00,0.000000E+00,5.172911E-02,7.041616E+02,4.226963E-01,5.372555E+03,5.564137E+03,5.172911E-02,1.120005E+03,3.393354E-01,4.025866E+03,5.349612E+03,1.265292E-01,5.040956E+03,5.172911E-02,0.000000E+00,0.000000E+00,3.068637E-02,4.177177E+02,2.677083E-01,3.376435E+03,3.492364E+03,3.068637E-02,6.644015E+02,2.181803E-01,2.576684E+03,3.374867E+03,7.713112E-02,3.050535E+03,3.068637E-02,0.000000E+00,0.000000E+00,5.172911E-02,7.041616E+02,4.175523E-01,5.315124E+03,5.503402E+03,5.172911E-02,1.120005E+03,3.325116E-01,3.949675E+03,5.274280E+03,1.274540E-01,5.067813E+03,5.172911E-02,0.000000E+00,0.000000E+00,3.068637E-02,4.177177E+02,3.343198E-01,4.120153E+03,4.252090E+03,3.068637E-02,6.644015E+02,2.800894E-01,3.267867E+03,4.086762E+03,7.645161E-02,3.030807E+03,3.068637E-02,0.000000E+00,0.000000E+00
17:00:00,6.823837E-02,9.407792E+02,3.917519E-01,5.223555E+03,5.469277E+03,6.823837E-02,1.489339E+03,3.665049E-01,4.393135E+03,5.997985E+03,6.823837E-02,3.785059E+03,6.823837E-02,0.000000E+00,0.000000E+00,5.172911E-02,7.131716E+02,4.213558E-01,5.348601E+03,5.539729E+03,5.172911E-02,1.129015E+03,3.381675E-01,4.003845E+03,5.326358E+03,1.265296E-01,5.040967E+03,5.172911E-02,0.000000E+00,0.000000E+00,3.068637E-02,4.230626E+02,2.665673E-01,3.358364E+03,3.473949E+03,3.068637E-02,6.697463E+02,2.171330E-01,2.559663E+03,3.357002E+03,7.713131E-02,3.050540E+03,3.068637E-02,0.000000E+00,0.000000E+00,5.172911E-02,7.131716E+02,4.164453E-01,5.293776E+03,5.481684E+03,5.172911E-02,1.129015E+03,3.315793E-01,3.930283E+03,5.253707E+03,1.274544E-01,5.067824E+03,5.172911E-02,0.000000E+00,0.000000E+00,3.068637E-02,4.230626E+02,3.376067E-01,4.151527E+03,4.284406E+03,3.068637E-02,6.697463E+02,2.833752E-01,3.299233E+03,4.118422E+03,7.645181E-02,3.030812E+03,3.068637E-02,0.000000E+00,0.000000E+00
17:10:00,6.823837E-02,9.556361E+02,3.919670E-01,5.211126E+03,5.456597E+03,6.823837E-02,1.504195E+03,3.667320E-01,4.380838E+03,5.985386E+03,6.823837E-02,3.785059E+03,6.823837E-02,0.000000E+00,0.000000E+00,5.172911E-02,7.244340E+02,4.198662E-01,5.320731E+03,5.511446E+03,5.172911E-02,1.140278E+03,3.368583E-01,3.977992E+03,5.299151E+03,1.265299E-01,5.040978E+03,5.172911E-02,0.000000E+00,0.000000E+00,3.068637E-02,4.297436E+02,2.653474E-01,3.338076E+03,3.453364E+03,3.068637E-02,6.764273E+02,2.160131E-01,2.540496E+03,3.336909E+03,7.713151E-02,3.050546E+03,3.068637E-02,0.000000E+00,0.000000E+00,5.172911E-02,7.244340E+02,4.151726E-01,5.268327E+03,5.455883E+03,5.172911E-02,1.140278E+03,3.304894E-01,3.906880E+03,5.228992E+03,1.274548E-01,5.067834E+03,5.172911E-02,0.000000E+00,0.000000E+00,3.068637E-02,4.297436E+02,3.404548E-01,4.176666E+03,4.310263E+03,3.068637E-02,6.764273E+02,2.862439E-01,3.324607E+03,4.144145E+03,7.645200E-02,3.030818E+03,3.068637E-02,0.000000E+00,0.000000E+00
17:20:00,6.823837E-02,9.704929E+02,3.921196E-01,5.198000E+03,5.443194E+03,6.823837E-02,1.519052E+03,3.668978E-01,4.367858E+03,5.972072E+03,6.823837E-02,3.785059E+03,6.823837E-02,0.000000E+00,0.000000E+00,5.172911E-02,7.356964E+02,4.181876E-01,5.290749E+03,5.480983E+03,5.172911E-02,1.151540E+03,3.353707E-01,3.950148E+03,5.269836E+03,1.265303E-01,5.040988E+03,5.172911E-02,0.000000E+00,0.000000E+00,3.068637E-02,4.364246E+02,2.640264E-01,3.316660E+03,3.431608E+03,3.068637E-02,6.831083E+02,2.147987E-01,2.520272E+03,3.315687E+03,7.713170E-02,3.050552E+03,3.068637E-02,0.000000E+00,0.000000E+00,5.172911E-02,7.356964E+02,4.137057E-01,5.240709E+03,5.427851E+03,5.172911E-02,1.151540E+03,3.292219E-01,3.881493E+03,5.202185E+03,1.274551E-01,5.067845E+03,5.172911E-02,0.000000E+00,0.000000E+00,3.068637E-02,4.364246E+02,3.427675E-01,4.195826E+03,4.330123E+03,3.068637E-02,6.831083E+02,2.886011E-01,3.344271E+03,4.164077E+03,7.645219E-02,3.030824E+03,3.068637E-02,0.000000E+00,0.000000E+00
17:30:00,6.823837E-02,9.853497E+02,3.922095E-01,5.184174E+03,5.429061E+03,6.823837E-02,1.533909E+03,3.670019E-01,4.354189E+03,5.958039E+03,6.823837E-02,3.785059E+03,6.823837E-02,0.000000E+00,0.000000E+00,5.172911E-02,7.469589E+02,4.163141E-01,5.258591E+03,5.448288E+03,5.172911E-02,1.162802E+03,3.336998E-01,3.920256E+03,5.238360E+03,1.265307E-01,5.040999E+03,5.172911E-02,0.000000E+00,0.000000E+00,3.068637E-02,4.431056E+02,2.626008E-01,3.294075E+03,3.408650E+03,3.068637E-02,6.897893E+02,2.134866E-01,2.498958E+03,3.293305E+03,7.713189E-02,3.050557E+03,3.068637E-02,0.000000E+00,0.000000E+00,5.172911E-02,7.469589E+02,4.120575E-01,5.211066E+03,5.397747E+03,5.172911E-02,1.162802E+03,3.277870E-01,3.854236E+03,5.173409E+03,1.274555E-01,5.067855E+03,5.172911E-02,0.000000E+00,0.000000E+00,3.068637E-02,4.431056E+02,3.444968E-01,4.208473E+03,4.343388E+03,3.068637E-02,6.897893E+02,2.903995E-01,3.357695E+03,4.177644E+03,7.645238E-02,3.030829E+03,3.068637E-02,0.000000E+00,0.000000E+00
17:40:00,6.823837E-02,1.000207E+03,3.922367E-01,5.169646E+03,5.414201E+03,6.823837E-02,1.548766E+03,3.670615E-01,4.340011E+03,5.943498E+03,6.823837E-02,3.785059E+03,6.823837E-02,0.000000E+00,0.000000E+00,5.172911E-02,7.582213E+02,4.142412E-01,5.224207E+03,5.413299E+03,5.172911E-02,1.174065E+03,3.318579E-01,3.888444E+03,5.204875E+03,1.265310E-01,5.041009E+03,5.172911E-02,0.000000E+00,0.000000E+00,3.068637E-02,4.497866E+02,2.610689E-01,3.270303E+03,3.384469E+03,3.068637E-02,6.964703E+02,2.120852E-01,2.476640E+03,3.269868E+03,7.713208E-02,3.050563E+03,3.068637E-02,0.000000E+00,0.000000E+00,5.172911E-02,7.582213E+02,4.103435E-01,5.180688E+03,5.366921E+03,5.172911E-02,1.174065E+03,3.263031E-01,3.826420E+03,5.144113E+03,1.274559E-01,5.067866E+03,5.172911E-02,0.000000E+00,0.000000E+00,3.068637E-02,4.497866E+02,3.455987E-01,4.214115E+03,4.349532E+03,3.068637E-02,6.964703E+02,2.916061E-01,3.364502E+03,4.184461E+03,7.645257E-02,3.030835E+03,3.068637E-02,0.000000E+00,0.000000E+00
17:50:00,6.823837E-02,1.015063E+03,3.922209E-01,5.154628E+03,5.398851E+03,6.823837E-02,1.563623E+03,3.670605E-01,4.325144E+03,5.928241E+03,6.823837E-02,3.785059E+03,6.823837E-02,0.000000E+00,0.000000E+00,5.172911E-02,7.694837E+02,4.119744E-01,5.187648E+03,5.376069E+03,5.172911E-02,1.185327E+03,3.298225E-01,3.854457E+03,5.169096E+03,1.265314E-01,5.041020E+03,5.172911E-02,0.000000E+00,0.000000E+00,3.068637E-02,4.564676E+02,2.594367E-01,3.245405E+03,3.359126E+03,3.068637E-02,7.031514E+02,2.105839E-01,2.453197E+03,3.245241E+03,7.713227E-02,3.050568E+03,3.068637E-02,0.000000E+00,0.000000E+00,5.172911E-02,7.694837E+02,4.088202E-01,5.152430E+03,5.338292E+03,5.172911E-02,1.185327E+03,3.249859E-01,3.800452E+03,5.116819E+03,1.274562E-01,5.067876E+03,5.172911E-02,0.000000E+00,0.000000E+00,3.068637E-02,4.564676E+02,3.460567E-01,4.212559E+03,4.348352E+03,3.068637E-02,7.031514E+02,2.921864E-01,3.364302E+03,4.184117E+03,7.645276E-02,3.030840E+03,3.068637E-02,0.000000E+00,0.000000E+00
18:00:00,6.823837E-02,1.029920E+03,3.921521E-01,5.139004E+03,5.382877E+03,6.823837E-02,1.578479E+03,3.670045E-01,4.309662E+03,5.912347E+03,6.823837E-02,3.785059E+03,6.823837E-02,0.000000E+00,0.000000E+00,5.172911E-02,7.807462E+02,4.094196E-01,5.147860E+03,5.335467E+03,5.172911E-02,1.196590E+03,3.275141E-01,3.817422E+03,5.130047E+03,1.265317E-01,5.041030E+03,5.172911E-02,0.000000E+00,0.000000E+00,3.068637E-02,4.631487E+02,2.576587E-01,3.218871E+03,3.332076E+03,3.068637E-02,7.098324E+02,2.089447E-01,2.428214E+03,3.218964E+03,7.713245E-02,3.050573E+03,3.068637E-02,0.000000E+00,0.000000E+00,5.172911E-02,7.807462E+02,4.074132E-01,5.125458E+03,5.310724E+03,5.172911E-02,1.196590E+03,3.237799E-01,3.775725E+03,5.090501E+03,1.274566E-01,5.067886E+03,5.172911E-02,0.000000E+00,0.000000E+00,3.068637E-02,4.631487E+02,3.454197E-01,4.198767E+03,4.334572E+03,3.068637E-02,7.098324E+02,2.917146E-01,3.352355E+03,4.171524E+03,7.645295E-02,3.030846E+03,3.068637E-02,0.000000E+00,0.000000E+00
18:10:00,6.823837E-02,1.052205E+03,3.920370E-01,5.115433E+03,5.358787E+03,6.823837E-02,1.600765E+03,3.669040E-01,4.286254E+03,5.888336E+03,6.823837E-02,3.785059E+03,6.823837E-02,0.000000E+00,0.000000E+00,5.172911E-02,7.976398E+02,4.065869E-01,5.099338E+03,5.285982E+03,5.172911E-02,1.213483E+03,3.249544E-01,3.771948E+03,5.082338E+03,1.265321E-01,5.041040E+03,5.172911E-02,0.000000E+00,0.000000E+00,3.068637E-02,4.731702E+02,2.557432E-01,3.187463E+03,3.300068E+03,3.068637E-02,7.198539E+02,2.071825E-01,2.398518E+03,3.187851E+03,7.713264E-02,3.050579E+03,3.068637E-02,0.000000E+00,0.000000E+00,5.172911E-02,7.976398E+02,4.061682E-01,5.094663E+03,5.279208E+03,5.172911E-02,1.213483E+03,3.227385E-01,3.747203E+03,5.060221E+03,1.274569E-01,5.067897E+03,5.172911E-02,0.000000E+00,0.000000E+00,3.068637E-02,4.731702E+02,3.439848E-01,4.172725E+03,4.308670E+03,3.068637E-02,7.198539E+02,2.904828E-01,3.328581E+03,4.147315E+03,7.645314E-02,3.030851E+03,3.068637E-02,0.000000E+00,0.000000E+00
18:20:00,6.823837E-02,1.074491E+03,3.918847E-01,5.091448E+03,5.334263E+03,6.823837E-02,1.623050E+03,3.667658E-01,4.262426E+03,5.863883E+03,6.823837E-02,3.785059E+03,6.823837E-02,0.000000E+00,0.000000E+00,5.172911E-02,8.145334E+02,4.034788E-01,5.047740E+03,5.233407E+03,5.172911E-02,1.230377E+03,3.221446E-01,3.723684E+03,5.031675E+03,1.265324E-01,5.041050E+03,5.172911E-02,0.000000E+00,0.000000E+00,3.068637E-02,4.831917E+02,2.536955E-01,3.154578E+03,3.266587E+03,3.068637E-02,7.298754E+02,2.053019E-01,2.367500E+03,3.155326E+03,7.713282E-02,3.050584E+03,3.068637E-02,0.000000E+00,0.000000E+00,5.172911E-02,8.145334E+02,4.050766E-01,5.065581E+03,5.249570E+03,5.172911E-02,1.230377E+03,3.218490E-01,3.720379E+03,5.031706E+03,1.274573E-01,5.067907E+03,5.172911E-02,0.000000E+00,0.000000E+00,3.068637E-02,4.831917E+02,3.417658E-01,4.137928E+03,4.273836E+03,3.068637E-02,7.298754E+02,2.884954E-01,3.296372E+03,4.114372E+03,7.645332E-02,3.030856E+03,3.068637E-02,0.000000E+00,0.000000E+00
18:30:00,6.823837E-02,1.096776E+03,3.916982E-01,5.067081E+03,5.309336E+03,6.823837E-02,1.645335E+03,3.665928E-01,4.238209E+03,5.839023E+03,6.823837E-02,3.785059E+03,6.823837E-02,0.000000E+00,0.000000E+00,5.172911E-02,8.314271E+02,4.000931E-01,4.993044E+03,5.177664E+03,5.172911E-02,1.247271E+03,3.190846E-01,3.672626E+03,4.977992E+03,1.265328E-01,5.041060E+03,5.172911E-02,0.000000E+00,0.000000E+00,3.068637E-02,4.932132E+02,2.515175E-01,3.120238E+03,3.231624E+03,3.068637E-02,7.398970E+02,2.033058E-01,2.335192E+03,3.121385E+03,7.713300E-02,3.050589E+03,3.068637E-02,0.000000E+00,0.000000E+00,5.172911E-02,8.314271E+02,4.040465E-01,5.037185E+03,5.220783E+03,5.172911E-02,1.247271E+03,3.210251E-01,3.694287E+03,5.003994E+03,1.274576E-01,5.067917E+03,5.172911E-02,0.000000E+00,0.000000E+00,3.068637E-02,4.932132E+02,3.387242E-01,4.093946E+03,4.229410E+03,3.068637E-02,7.398970E+02,2.857269E-01,3.255442E+03,4.072099E+03,7.645350E-02,3.030862E+03,3.068637E-02,0.000000E+00,0.000000E+00
18:40:00,6.823837E-02,1.119061E+03,3.914752E-01,5.042305E+03,5.283986E+03,6.823837E-02,1.667620E+03,3.663831E-01,4.213583E+03,5.813735E+03,6.823837E-02,3.785059E+03,6.823837E-02,0.000000E+00,0.000000E+00,5.172911E-02,8.483207E+02,3.964326E-01,4.935279E+03,5.118736E+03,5.172911E-02,1.264164E+03,3.157793E-01,3.618829E+03,4.921340E+03,1.265331E-01,5.041070E+03,5.172911E-02,0.000000E+00,0.000000E+00,3.068637E-02,5.032348E+02,2.492123E-01,3.084477E+03,3.195189E+03,3.068637E-02,7.499185E+02,2.011981E-01,2.301638E+03,3.086081E+03,7.713318E-02,3.050595E+03,3.068637E-02,0.000000E+00,0.000000E+00,5.172911E-02,8.483207E+02,4.028422E-01,5.006844E+03,5.190113E+03,5.172911E-02,1.264164E+03,3.200534E-01,3.666544E+03,4.974599E+03,1.274580E-01,5.067927E+03,5.172911E-02,0.000000E+00,0.000000E+00,3.068637E-02,5.032348E+02,3.348391E-01,4.040546E+03,4.175249E+03,3.068637E-02,7.499185E+02,2.821513E-01,3.205499E+03,4.020331E+03,7.645368E-02,3.030867E+03,3.068637E-02,0.000000E+00,0.000000E+00
18:50:00,6.823837E-02,1.141346E+03,3.912067E-01,5.017022E+03,5.258112E+03,6.823837E-02,1.689906E+03,3.661284E-01,4.188453E+03,5.787926E+03,6.823837E-02,3.785059E+03,6.823837E-02,0.000000E+00,0.000000E+00,5.172911E-02,8.652144E+02,3.924981E-01,4.874456E+03,5.056604E+03,5.172911E-02,1.281058E+03,3.122326E-01,3.562336E+03,4.861758E+03,1.265335E-01,5.041080E+03,5.172911E-02,0.000000E+00,0.000000E+00,3.068637E-02,5.132563E+02,2.467805E-01,3.047304E+03,3.157273E+03,3.068637E-02,7.599400E+02,1.989812E-01,2.266865E+03,3.049443E+03,7.713336E-02,3.050600E+03,3.068637E-02,0.000000E+00,0.000000E+00,5.172911E-02,8.652144E+02,4.010657E-01,4.970116E+03,5.152868E+03,5.172911E-02,1.281058E+03,3.185599E-01,3.632976E+03,4.938998E+03,1.274583E-01,5.067937E+03,5.172911E-02,0.000000E+00,0.000000E+00,3.068637E-02,5.132563E+02,3.300639E-01,3.977207E+03,4.110858E+03,3.068637E-02,7.599400E+02,2.777315E-01,3.146132E+03,3.958730E+03,7.645386E-02,3.030872E+03,3.068637E-02,0.000000E+00,0.000000E+00
19:00:00,6.823837E-02,1.163631E+03,3.908753E-01,4.991037E+03,5.231514E+03,6.823837E-02,1.712191E+03,3.658113E-01,4.162628E+03,5.761395E+03,6.823837E-02,3.785059E+03,6.823837E-02,0.000000E+00,0.000000E+00,5.172911E-02,8.821080E+02,3.883694E-01,4.811463E+03,4.992233E+03,5.172911E-02,1.297951E+03,3.085238E-01,3.504034E+03,4.800259E+03,1.265338E-01,5.041090E+03,5.172911E-02,0.000000E+00,0.000000E+00,3.068637E-02,5.232778E+02,2.442620E-01,3.009162E+03,3.118357E+03,3.068637E-02,7.699615E+02,1.966946E-01,2.231313E+03,3.011979E+03,7.713354E-02,3.050605E+03,3.068637E-02,0.000000E+00,0.000000E+00,5.172911E-02,8.821080E+02,3.986842E-01,4.926632E+03,5.108792E+03,5.172911E-02,1.297951E+03,3.165116E-01,3.593214E+03,4.897000E+03,1.274586E-01,5.067946E+03,5.172911E-02,0.000000E+00,0.000000E+00,3.068637E-02,5.232778E+02,3.247872E-01,3.908269E+03,4.040929E+03,3.068637E-02,7.699615E+02,2.728470E-01,3.081575E+03,3.892048E+03,7.645404E-02,3.030877E+03,3.068637E-02,0.000000E+00,0.000000E+00
19:10:00,6.823837E-02,1.179974E+03,3.904507E-01,4.969962E+03,5.209909E+03,6.823837E-02,1.728533E+03,3.654019E-01,4.141722E+03,5.739881E+03,6.823837E-02,3.785059E+03,6.823837E-02,0.000000E+00,0.000000E+00,5.172911E-02,8.944967E+02,3.845934E-01,4.756921E+03,4.934897E+03,5.172911E-02,1.310340E+03,3.046626E-01,3.448542E+03,4.741830E+03,1.265341E-01,5.041099E+03,5.172911E-02,0.000000E+00,0.000000E+00,3.068637E-02,5.306269E+02,2.420185E-01,2.976766E+03,3.084178E+03,3.068637E-02,7.773106E+02,1.943428E-01,2.197712E+03,2.976671E+03,7.713372E-02,3.050610E+03,3.068637E-02,0.000000E+00,0.000000E+00,5.172911E-02,8.944967E+02,3.959622E-01,4.883858E+03,5.063679E+03,5.172911E-02,1.310340E+03,3.136498E-01,3.548882E+03,4.850351E+03,1.274590E-01,5.067956E+03,5.172911E-02,0.000000E+00,0.000000E+00,3.068637E-02,5.306269E+02,3.187576E-01,3.833603E+03,3.963694E+03,3.068637E-02,7.773106E+02,2.669454E-01,3.008341E+03,3.816709E+03,7.645422E-02,3.030882E+03,3.068637E-02,0.000000E+00,0.000000E+00
19:20:00,6.823837E-02,1.196316E+03,3.899225E-01,4.947734E+03,5.187116E+03,6.823837E-02,1.744876E+03,3.648898E-01,4.119674E+03,5.717185E+03,6.823837E-02,3.785059E+03,6.823837E-02,0.000000E+00,0.000000E+00,5.172911E-02,9.068853E+02,3.806698E-01,4.700733E+03,4.871774E+03,5.172911E-02,1.322729E+03,3.006904E-01,3.391815E+03,4.682419E+03,1.265345E-01,5.041109E+03,5.172911E-02,0.000000E+00,0.000000E+00,3.068637E-02,5.379761E+02,2.397055E-01,2.943599E+03,3.046427E+03,3.068637E-02,7.846598E+02,1.919440E-01,2.163586E+03,2.941048E+03,7.713389E-02,3.050615E+03,3.068637E-02,0.000000E+00,0.000000E+00,5.172911E-02,9.068853E+02,3.924181E-01,4.831909E+03,5.004995E+03,5.172911E-02,1.322729E+03,3.100544E-01,3.496362E+03,4.795716E+03,1.274593E-01,5.067966E+03,5.172911E-02,0.000000E+00,0.000000E+00,3.068637E-02,5.379761E+02,3.118854E-01,3.749531E+03,3.874044E+03,3.068637E-02,7.846598E+02,2.602788E-01,2.926569E+03,3.733188E+03,7.645440E-02,3.030888E+03,3.068637E-02,0.000000E+00,0.000000E+00
19:30:00,6.823837E-02,1.212659E+03,3.892833E-01,4.924262E+03,5.162843E+03,6.823837E-02,1.761218E+03,3.642672E-01,4.096386E+03,5.693006E+03,6.823837E-02,3.785059E+03,6.823837E-02,0.000000E+00,0.000000E+00,5.172911E-02,9.192740E+02,3.766060E-01,4.642978E+03,4.808514E+03,5.172911E-02,1.335118E+03,2.966296E-01,3.334093E+03,4.620565E+03,1.265348E-01,5.041118E+03,5.172911E-02,0.000000E+00,0.000000E+00,3.068637E-02,5.453252E+02,2.373227E-01,2.909648E+03,3.009038E+03,3.068637E-02,7.920089E+02,1.895026E-01,2.128983E+03,2.904073E+03,7.713407E-02,3.050620E+03,3.068637E-02,0.000000E+00,0.000000E+00,5.172911E-02,9.192740E+02,3.879081E-01,4.769172E+03,4.936502E+03,5.172911E-02,1.335118E+03,3.056141E-01,3.434405E+03,4.729283E+03,1.274596E-01,5.067975E+03,5.172911E-02,0.000000E+00,0.000000E+00,3.068637E-02,5.453252E+02,3.041026E-01,3.655288E+03,3.774594E+03,3.068637E-02,7.920089E+02,2.527794E-01,2.835494E+03,3.637526E+03,7.645457E-02,3.030893E+03,3.068637E-02,0.000000E+00,0.000000E+00
19:40:00,6.823837E-02,1.229001E+03,3.885182E-01,4.899377E+03,5.137238E+03,6.823837E-02,1.777561E+03,3.635187E-01,4.071687E+03,5.667486E+03,6.823837E-02,3.785059E+03,6.823837E-02,0.000000E+00,0.000000E+00,5.172911E-02,9.316627E+02,3.724475E-01,4.584158E+03,4.746066E+03,5.172911E-02,1.347506E+03,2.925263E-01,3.275891E+03,4.558741E+03,1.265351E-01,5.041128E+03,5.172911E-02,0.000000E+00,0.000000E+00,3.068637E-02,5.526743E+02,2.348868E-01,2.875102E+03,2.972296E+03,3.068637E-02,7.993580E+02,1.870338E-01,2.094070E+03,2.867013E+03,7.713424E-02,3.050625E+03,3.068637E-02,0.000000E+00,0.000000E+00,5.172911E-02,9.316627E+02,3.827024E-01,4.698662E+03,4.862129E+03,5.172911E-02,1.347506E+03,3.005773E-01,3.365781E+03,4.656432E+03,1.274600E-01,5.067985E+03,5.172911E-02,0.000000E+00,0.000000E+00,3.068637E-02,5.526743E+02,2.958256E-01,3.555524E+03,3.671736E+03,3.068637E-02,7.993580E+02,2.448329E-01,2.739421E+03,3.537815E+03,7.645474E-02,3.030898E+03,3.068637E-02,0.000000E+00,0.000000E+00
19:50:00,6.823837E-02,1.245344E+03,3.876316E-01,4.873135E+03,5.110302E+03,6.823837E-02,1.793903E+03,3.626481E-01,4.045623E+03,5.640625E+03,6.823837E-02,3.785059E+03,6.823837E-02,0.000000E+00,0.000000E+00,5.172911E-02,9.440514E+02,3.682459E-01,4.524858E+03,4.684625E+03,5.172911E-02,1.359895E+03,2.884283E-01,3.217747E+03,4.497093E+03,1.265354E-01,5.041137E+03,5.172911E-02,0.000000E+00,0.000000E+00,3.068637E-02,5.600234E+02,2.324185E-01,2.840195E+03,2.936177E+03,3.068637E-02,8.067071E+02,1.845600E-01,2.059100E+03,2.829912E+03,7.713441E-02,3.050630E+03,3.068637E-02,0.000000E+00,0.000000E+00,5.172911E-02,9.440514E+02,3.771740E-01,4.624547E+03,4.785695E+03,5.172911E-02,1.359895E+03,2.952895E-01,3.294353E+03,4.580880E+03,1.274603E-01,5.067994E+03,5.172911E-02,0.000000E+00,0.000000E+00,3.068637E-02,5.600234E+02,2.874987E-01,3.455202E+03,3.569397E+03,3.068637E-02,8.067071E+02,2.368509E-01,2.642952E+03,3.437808E+03,7.645491E-02,3.030903E+03,3.068637E-02,0.000000E+00,0.000000E+00
20:00:00,6.823837E-02,1.261686E+03,3.866414E-01,4.845737E+03,5.082142E+03,6.823837E-02,1.810246E+03,3.616727E-01,4.018390E+03,5.612522E+03,6.823837E-02,3.785059E+03,6.823837E-02,0.000000E+00,0.000000E+00,5.172911E-02,9.564400E+02,3.640865E-01,4.466029E+03,4.624326E+03,5.172911E-02,1.372284E+03,2.844114E-01,3.160509E+03,4.436416E+03,1.265358E-01,5.041147E+03,5.172911E-02,0.000000E+00,0.000000E+00,3.068637E-02,5.673725E+02,2.299573E-01,2.805365E+03,2.900580E+03,3.068637E-02,8.140562E+02,1.821204E-01,2.024512E+03,2.793256E+03,7.713458E-02,3.050635E+03,3.068637E-02,0.000000E+00,0.000000E+00,5.172911E-02,9.564400E+02,3.716081E-01,4.550015E+03,4.709256E+03,5.172911E-02,1.372284E+03,2.900144E-01,3.223068E+03,4.505282E+03,1.274606E-01,5.068003E+03,5.172911E-02,0.000000E+00,0.000000E+00,3.068637E-02,5.673725E+02,2.794619E-01,3.358119E+03,3.470103E+03,3.068637E-02,8.140562E+02,2.291438E-01,2.549551E+03,3.340290E+03,7.645508E-02,3.030908E+03,3.068637E-02,0.000000E+00,0.000000E+00
20:10:00,6.823837E-02,1.275058E+03,3.855837E-01,4.820549E+03,5.056218E+03,6.823837E-02,1.823617E+03,3.606278E-01,3.993346E+03,5.586644E+03,6.823837E-02,3.785059E+03,6.823837E-02,0.000000E+00,0.000000E+00,5.172911E-02,9.665762E+02,3.595807E-01,4.405578E+03,4.562241E+03,5.172911E-02,1.382420E+03,2.805613E-01,3.107379E+03,4.380717E+03,1.265361E-01,5.041156E+03,5.172911E-02,0.000000E+00,0.000000E+00,3.068637E-02,5.733854E+02,2.272211E-01,2.768799E+03,2.863130E+03,3.068637E-02,8.200692E+02,1.797548E-01,1.992082E+03,2.759353E+03,7.713475E-02,3.050640E+03,3.068637E-02,0.000000E+00,0.000000E+00,5.172911E-02,9.665762E+02,3.658783E-01,4.475897E+03,4.632948E+03,5.172911E-02,1.382420E+03,2.850963E-01,3.158013E+03,4.436793E+03,1.274609E-01,5.068013E+03,5.172911E-02,0.000000E+00,0.000000E+00,3.068637E-02,5.733854E+02,2.718970E-01,3.267637E+03,3.377185E+03,3.068637E-02,8.200692E+02,2.221790E-01,2.465768E+03,3.253037E+03,7.645525E-02,3.030912E+03,3.068637E-02,0.000000E+00,0.000000E+00
20:20:00,6.823837E-02,1.288429E+03,3.844800E-01,4.794842E+03,5.029742E+03,6.823837E-02,1.836988E+03,3.595346E-01,3.967758E+03,5.560188E+03,6.823837E-02,3.785059E+03,6.823837E-02,0.000000E+00,0.000000E+00,5.172911E-02,9.767124E+02,3.552821E-01,4.347437E+03,4.502613E+03,5.172911E-02,1.392556E+03,2.768854E-01,3.056191E+03,4.327645E+03,1.265364E-01,5.041165E+03,5.172911E-02,0.000000E+00,0.000000E+00,3.068637E-02,5.793984E+02,2.245768E-01,2.733255E+03,2.826784E+03,3.068637E-02,8.260821E+02,1.774647E-01,1.960494E+03,2.726758E+03,7.713492E-02,3.050645E+03,3.068637E-02,0.000000E+00,0.000000E+00,5.172911E-02,9.767124E+02,3.605330E-01,4.406069E+03,4.561005E+03,5.172911E-02,1.392556E+03,2.805084E-01,3.096643E+03,4.372646E+03,1.274612E-01,5.068022E+03,5.172911E-02,0.000000E+00,0.000000E+00,3.068637E-02,5.793984E+02,2.650342E-01,3.184989E+03,3.292157E+03,3.068637E-02,8.260821E+02,2.158525E-01,2.389111E+03,3.173431E+03,7.645542E-02,3.030917E+03,3.068637E-02,0.000000E+00,0.000000E+00
20:30:00,6.823837E-02,1.301800E+03,3.833536E-01,4.768888E+03,5.002995E+03,6.823837E-02,1.850359E+03,3.584167E-01,3.941898E+03,5.533436E+03,6.823837E-02,3.785059E+03,6.823837E-02,0.000000E+00,0.000000E+00,5.172911E-02,9.868486E+02,3.512358E-01,4.292118E+03,4.445934E+03,5.172911E-02,1.402692E+03,2.734068E-01,3.007210E+03,4.277243E+03,1.265367E-01,5.041174E+03,5.172911E-02,0.000000E+00,0.000000E+00,3.068637E-02,5.854113E+02,2.220488E-01,2.699012E+03,2.791800E+03,3.068637E-02,8.320950E+02,1.752652E-01,1.929920E+03,2.695466E+03,7.713508E-02,3.050650E+03,3.068637E-02,0.000000E+00,0.000000E+00,5.172911E-02,9.868486E+02,3.558397E-01,4.343525E+03,4.496766E+03,5.172911E-02,1.402692E+03,2.764750E-01,3.041466E+03,4.315622E+03,1.274616E-01,5.068031E+03,5.172911E-02,0.000000E+00,0.000000E+00,3.068637E-02,5.854113E+02,2.591358E-01,3.113113E+03,3.218383E+03,3.068637E-02,8.320950E+02,2.104019E-01,2.322235E+03,3.104475E+03,7.645559E-02,3.030922E+03,3.068637E-02,0.000000E+00,0.000000E+00
20:40:00,6.823837E-02,1.315171E+03,3.822402E-01,4.743085E+03,4.976404E+03,6.823837E-02,1.863730E+03,3.573097E-01,3.916166E+03,5.506821E+03,6.823837E-02,3.785059E+03,6.823837E-02,0.000000E+00,0.000000E+00,5.172911E-02,9.969848E+02,3.474451E-01,4.239655E+03,4.392268E+03,5.172911E-02,1.412828E+03,2.701203E-01,2.960379E+03,4.229347E+03,1.265370E-01,5.041183E+03,5.172911E-02,0.000000E+00,0.000000E+00,3.068637E-02,5.914242E+02,2.196429E-01,2.666137E+03,2.758255E+03,3.068637E-02,8.381079E+02,1.731600E-01,1.900401E+03,2.665442E+03,7.713525E-02,3.050654E+03,3.068637E-02,0.000000E+00,0.000000E+00,5.172911E-02,9.969848E+02,3.516972E-01,4.287135E+03,4.439085E+03,5.172911E-02,1.412828E+03,2.729015E-01,2.991430E+03,4.264485E+03,1.274619E-01,5.068040E+03,5.172911E-02,0.000000E+00,0.000000E+00,3.068637E-02,5.914242E+02,2.539680E-01,3.049398E+03,3.153168E+03,3.068637E-02,8.381079E+02,2.056198E-01,2.262828E+03,3.043634E+03,7.645575E-02,3.030927E+03,3.068637E-02,0.000000E+00,0.000000E+00
20:50:00,6.823837E-02,1.328542E+03,3.811598E-01,4.717651E+03,4.950209E+03,6.823837E-02,1.877101E+03,3.562338E-01,3.890783E+03,5.480584E+03,6.823837E-02,3.785059E+03,6.823837E-02,0.000000E+00,0.000000E+00,5.172911E-02,1.007121E+03,3.439082E-01,4.190028E+03,4.341617E+03,5.172911E-02,1.422964E+03,2.670202E-01,2.915629E+03,4.183837E+03,1.265373E-01,5.041192E+03,5.172911E-02,0.000000E+00,0.000000E+00,3.068637E-02,5.974371E+02,2.173637E-01,2.634674E+03,2.726208E+03,3.068637E-02,8.441208E+02,1.711469E-01,1.871912E+03,2.636617E+03,7.713541E-02,3.050659E+03,3.068637E-02,0.000000E+00,0.000000E+00,5.172911E-02,1.007121E+03,3.479343E-01,4.234983E+03,4.385915E+03,5.172911E-02,1.422964E+03,2.696262E-01,2.944725E+03,4.217126E+03,1.274622E-01,5.068049E+03,5.172911E-02,0.000000E+00,0.000000E+00,3.068637E-02,5.974371E+02,2.492782E-01,2.991021E+03,3.093519E+03,3.068637E-02,8.441208E+02,2.012685E-01,2.208231E+03,2.987944E+03,7.645592E-02,3.030932E+03,3.068637E-02,0.000000E+00,0.000000E+00
21:00:00,6.823837E-02,1.341913E+03,3.801213E-01,4.692684E+03,4.924510E+03,6.823837E-02,1.890473E+03,3.551982E-01,3.865849E+03,5.454830E+03,6.823837E-02,3.785059E+03,6.823837E-02,0.000000E+00,0.000000E+00,5.172911E-02,1.017257E+03,3.405858E-01,4.142795E+03,4.293505E+03,5.172911E-02,1.433101E+03,2.640681E-01,2.872532E+03,4.140180E+03,1.265376E-01,5.041201E+03,5.172911E-02,0.000000E+00,0.000000E+00,3.068637E-02,6.034500E+02,2.151953E-01,2.604451E+03,2.695469E+03,3.068637E-02,8.501337E+02,1.692059E-01,1.844227E+03,2.608699E+03,7.713557E-02,3.050664E+03,3.068637E-02,0.000000E+00,0.000000E+00,5.172911E-02,1.017257E+03,3.444077E-01,4.185471E+03,4.335521E+03,5.172911E-02,1.433101E+03,2.665134E-01,2.899832E+03,4.171760E+03,1.274625E-01,5.068058E+03,5.172911E-02,0.000000E+00,0.000000E+00,3.068637E-02,6.034500E+02,2.449083E-01,2.936214E+03,3.037546E+03,3.068637E-02,8.501337E+02,1.972026E-01,2.156820E+03,2.935583E+03,7.645608E-02,3.030936E+03,3.068637E-02,0.000000E+00,0.000000E+00
21:10:00,6.823837E-02,1.355284E+03,3.791498E-01,4.668466E+03,4.899476E+03,6.823837E-02,1.903844E+03,3.542286E-01,3.841652E+03,5.429727E+03,6.823837E-02,3.785059E+03,6.823837E-02,0.000000E+00,0.000000E+00,5.172911E-02,1.027393E+03,3.373936E-01,4.097015E+03,4.246451E+03,5.172911E-02,1.443237E+03,2.612303E-01,2.830710E+03,4.097160E+03,1.265379E-01,5.041210E+03,5.172911E-02,0.000000E+00,0.000000E+00,3.068637E-02,6.094629E+02,2.130977E-01,2.575017E+03,2.665266E+03,3.068637E-02,8.561466E+02,1.673252E-01,1.817215E+03,2.581019E+03,7.713573E-02,3.050669E+03,3.068637E-02,0.000000E+00,0.000000E+00,5.172911E-02,1.027393E+03,3.410193E-01,4.137500E+03,4.286241E+03,5.172911E-02,1.443237E+03,2.635083E-01,2.856143E+03,4.126860E+03,1.274628E-01,5.068067E+03,5.172911E-02,0.000000E+00,0.000000E+00,3.068637E-02,6.094629E+02,2.407895E-01,2.884212E+03,2.983992E+03,3.068637E-02,8.561466E+02,1.933701E-01,2.108015E+03,2.885119E+03,7.645624E-02,3.030941E+03,3.068637E-02,0.000000E+00,0.000000E+00
21:20:00,6.823837E-02,1.368656E+03,3.782079E-01,4.644556E+03,4.874612E+03,6.823837E-02,1.917215E+03,3.532871E-01,3.817747E+03,5.404772E+03,6.823837E-02,3.785059E+03,6.823837E-02,0.000000E+00,0.000000E+00,5.172911E-02,1.037530E+03,3.343004E-01,4.052326E+03,4.200176E+03,5.172911E-02,1.453373E+03,2.584656E-01,2.789687E+03,4.054358E+03,1.265382E-01,5.041219E+03,5.172911E-02,0.000000E+00,0.000000E+00,3.068637E-02,6.154759E+02,2.110564E-01,2.546201E+03,2.635489E+03,3.068637E-02,8.621596E+02,1.654842E-01,1.790636E+03,2.553394E+03,7.713589E-02,3.050673E+03,3.068637E-02,0.000000E+00,0.000000E+00,5.172911E-02,1.037530E+03,3.377345E-01,4.090672E+03,4.237767E+03,5.172911E-02,1.453373E+03,2.605771E-01,2.813262E+03,4.082127E+03,1.274631E-01,5.068076E+03,5.172911E-02,0.000000E+00,0.000000E+00,3.068637E-02,6.154759E+02,2.368968E-01,2.834725E+03,2.932708E+03,3.068637E-02,8.621596E+02,1.897337E-01,2.061389E+03,2.836307E+03,7.645640E-02,3.030946E+03,3.068637E-02,0.000000E+00,0.000000E+00
21:30:00,6.823837E-02,1.382027E+03,3.773136E-01,4.621175E+03,4.850594E+03,6.823837E-02,1.930586E+03,3.523924E-01,3.794364E+03,5.380675E+03,6.823837E-02,3.785059E+03,6.823837E-02,0.000000E+00,0.000000E+00,5.172911E-02,1.047666E+03,3.313121E-01,4.008807E+03,4.155895E+03,5.172911E-02,1.463509E+03,2.557884E-01,2.749640E+03,4.013944E+03,1.265385E-01,5.041227E+03,5.172911E-02,0.000000E+00,0.000000E+00,3.068637E-02,6.214888E+02,2.090763E-01,2.518069E+03,2.606902E+03,3.068637E-02,8.681725E+02,1.636930E-01,1.764612E+03,2.527233E+03,7.713605E-02,3.050678E+03,3.068637E-02,0.000000E+00,0.000000E+00,5.172911E-02,1.047666E+03,3.345619E-01,4.045094E+03,4.191400E+03,5.172911E-02,1.463509E+03,2.577362E-01,2.771387E+03,4.039882E+03,1.274634E-01,5.068084E+03,5.172911E-02,0.000000E+00,0.000000E+00,3.068637E-02,6.214888E+02,2.332252E-01,2.787705E+03,2.884731E+03,3.068637E-02,8.681725E+02,1.862974E-01,2.016995E+03,2.791183E+03,7.645656E-02,3.030950E+03,3.068637E-02,0.000000E+00,0.000000E+00
21:40:00,6.823837E-02,1.395398E+03,3.764554E-01,4.598196E+03,4.826998E+03,6.823837E-02,1.943957E+03,3.515332E-01,3.771375E+03,5.356991E+03,6.823837E-02,3.785059E+03,6.823837E-02,0.000000E+00,0.000000E+00,5.172911E-02,1.057802E+03,3.284185E-01,3.966345E+03,4.112698E+03,5.172911E-02,1.473645E+03,2.531863E-01,2.710433E+03,3.974397E+03,1.265388E-01,5.041236E+03,5.172911E-02,0.000000E+00,0.000000E+00,3.068637E-02,6.275017E+02,2.071530E-01,2.490572E+03,2.578966E+03,3.068637E-02,8.741854E+02,1.619463E-01,1.739085E+03,2.501584E+03,7.713621E-02,3.050682E+03,3.068637E-02,0.000000E+00,0.000000E+00,5.172911E-02,1.057802E+03,3.314932E-01,4.000678E+03,4.146222E+03,5.172911E-02,1.473645E+03,2.549763E-01,2.730417E+03,3.998560E+03,1.274637E-01,5.068093E+03,5.172911E-02,0.000000E+00,0.000000E+00,3.068637E-02,6.275017E+02,2.297600E-01,2.742990E+03,2.839116E+03,3.068637E-02,8.741854E+02,1.830477E-01,1.974686E+03,2.748197E+03,7.645672E-02,3.030955E+03,3.068637E-02,0.000000E+00,0.000000E+00
21:50:00,6.823837E-02,1.408769E+03,3.756314E-01,4.575600E+03,4.803803E+03,6.823837E-02,1.957328E+03,3.507077E-01,3.748764E+03,5.333706E+03,6.823837E-02,3.785059E+03,6.823837E-02,0.000000E+00,0.000000E+00,5.172911E-02,1.067938E+03,3.256144E-01,3.924883E+03,4.070529E+03,5.172911E-02,1.483782E+03,2.506556E-01,2.672023E+03,3.935671E+03,1.265391E-01,5.041245E+03,5.172911E-02,0.000000E+00,0.000000E+00,3.068637E-02,6.335146E+02,2.052848E-01,2.463689E+03,2.551661E+03,3.068637E-02,8.801983E+02,1.602432E-01,1.714044E+03,2.476435E+03,7.713636E-02,3.050687E+03,3.068637E-02,0.000000E+00,0.000000E+00,5.172911E-02,1.067938E+03,3.285251E-01,3.957384E+03,4.102195E+03,5.172911E-02,1.483782E+03,2.522955E-01,2.690331E+03,3.958144E+03,1.274640E-01,5.068102E+03,5.172911E-02,0.000000E+00,0.000000E+00,3.068637E-02,6.335146E+02,2.264882E-01,2.700436E+03,2.795717E+03,3.068637E-02,8.801983E+02,1.799738E-01,1.934340E+03,2.707230E+03,7.645687E-02,3.030959E+03,3.068637E-02,0.000000E+00,0.000000E+00
22:00:00,6.823837E-02,1.422140E+03,3.748390E-01,4.553357E+03,4.780980E+03,6.823837E-02,1.970699E+03,3.499134E-01,3.726501E+03,5.310789E+03,6.823837E-02,3.785059E+03,6.823837E-02,0.000000E+00,0.000000E+00,5.172911E-02,1.078074E+03,3.228941E-01,3.884357E+03,4.029326E+03,5.172911E-02,1.493918E+03,2.481912E-01,2.634353E+03,3.897708E+03,1.265394E-01,5.041253E+03,5.172911E-02,0.000000E+00,0.000000E+00,3.068637E-02,6.395275E+02,2.034690E-01,2.437392E+03,2.524959E+03,3.068637E-02,8.862112E+02,1.585815E-01,1.689467E+03,2.451762E+03,7.713652E-02,3.050691E+03,3.068637E-02,0.000000E+00,0.000000E+00,5.172911E-02,1.078074E+03,3.256524E-01,3.915155E+03,4.059266E+03,5.172911E-02,1.493918E+03,2.496899E-01,2.651084E+03,3.918589E+03,1.274643E-01,5.068110E+03,5.172911E-02,0.000000E+00,0.000000E+00,3.068637E-02,6.395275E+02,2.233960E-01,2.659886E+03,2.754377E+03,3.068637E-02,8.862112E+02,1.770630E-01,1.895815E+03,2.668137E+03,7.645703E-02,3.030964E+03,3.068637E-02,0.000000E+00,0.000000E+00
22:10:00,6.823837E-02,1.432540E+03,3.740526E-01,4.534152E+03,4.761234E+03,6.823837E-02,1.981099E+03,3.491248E-01,3.707274E+03,5.290955E+03,6.823837E-02,3.785059E+03,6.823837E-02,0.000000E+00,0.000000E+00,5.172911E-02,1.085958E+03,3.202631E-01,3.847079E+03,3.991455E+03,5.172911E-02,1.501801E+03,2.457877E-01,2.599616E+03,3.862743E+03,1.265397E-01,5.041262E+03,5.172911E-02,0.000000E+00,0.000000E+00,3.068637E-02,6.442042E+02,2.017091E-01,2.413055E+03,2.500267E+03,3.068637E-02,8.908879E+02,1.569583E-01,1.666656E+03,2.428892E+03,7.713667E-02,3.050696E+03,3.068637E-02,0.000000E+00,0.000000E+00,5.172911E-02,1.085958E+03,3.228806E-01,3.876307E+03,4.019804E+03,5.172911E-02,1.501801E+03,2.471549E-01,2.614879E+03,3.882143E+03,1.274646E-01,5.068119E+03,5.172911E-02,0.000000E+00,0.000000E+00,3.068637E-02,6.442042E+02,2.204763E-01,2.622599E+03,2.716384E+03,3.068637E-02,8.908879E+02,1.743041E-01,1.860322E+03,2.632156E+03,7.645718E-02,3.030968E+03,3.068637E-02,0.000000E+00,0.000000E+00
22:20:00,6.823837E-02,1.442940E+03,3.733060E-01,4.515414E+03,4.741990E+03,6.823837E-02,1.991499E+03,3.483764E-01,3.688515E+03,5.271628E+03,6.823837E-02,3.785059E+03,6.823837E-02,0.000000E+00,0.000000E+00,5.172911E-02,1.093842E+03,3.177372E-01,3.810991E+03,3.954785E+03,5.172911E-02,1.509685E+03,2.434731E-01,2.565888E+03,3.828782E+03,1.265400E-01,5.041270E+03,5.172911E-02,0.000000E+00,0.000000E+00,3.068637E-02,6.488809E+02,2.000143E-01,2.389454E+03,2.476313E+03,3.068637E-02,8.955647E+02,1.553903E-01,1.644471E+03,2.406634E+03,7.713682E-02,3.050700E+03,3.068637E-02,0.000000E+00,0.000000E+00,5.172911E-02,1.093842E+03,3.202263E-01,3.838785E+03,3.981683E+03,5.172911E-02,1.509685E+03,2.447196E-01,2.579804E+03,3.846824E+03,1.274649E-01,5.068127E+03,5.172911E-02,0.000000E+00,0.000000E+00,3.068637E-02,6.488809E+02,2.177273E-01,2.587227E+03,2.680337E+03,3.068637E-02,8.955647E+02,1.717026E-01,1.826598E+03,2.597958E+03,7.645733E-02,3.030973E+03,3.068637E-02,0.000000E+00,0.000000E+00
22:30:00,6.823837E-02,1.453339E+03,3.725763E-01,4.496866E+03,4.722932E+03,6.823837E-02,2.001899E+03,3.476445E-01,3.669944E+03,5.252484E+03,6.823837E-02,3.785059E+03,6.823837E-02,0.000000E+00,0.000000E+00,5.172911E-02,1.101725E+03,3.153002E-01,3.775897E+03,3.919086E+03,5.172911E-02,1.517569E+03,2.412273E-01,2.532930E+03,3.795514E+03,1.265403E-01,5.041278E+03,5.172911E-02,0.000000E+00,0.000000E+00,3.068637E-02,6.535577E+02,1.983755E-01,2.366479E+03,2.452970E+03,3.068637E-02,9.002414E+02,1.538666E-01,1.622781E+03,2.384813E+03,7.713697E-02,3.050705E+03,3.068637E-02,0.000000E+00,0.000000E+00,5.172911E-02,1.101725E+03,3.176729E-01,3.802391E+03,3.944670E+03,5.172911E-02,1.517569E+03,2.423638E-01,2.545615E+03,3.812314E+03,1.274651E-01,5.068135E+03,5.172911E-02,0.000000E+00,0.000000E+00,3.068637E-02,6.535577E+02,2.151305E-01,2.553555E+03,2.646002E+03,3.068637E-02,9.002414E+02,1.692377E-01,1.794400E+03,2.565257E+03,7.645748E-02,3.030977E+03,3.068637E-02,0.000000E+00,0.000000E+00
22:40:00,6.823837E-02,1.463739E+03,3.718698E-01,4.478578E+03,4.704146E+03,6.823837E-02,2.012298E+03,3.469361E-01,3.651634E+03,5.233614E+03,6.823837E-02,3.785059E+03,6.823837E-02,0.000000E+00,0.000000E+00,5.172911E-02,1.109609E+03,3.129525E-01,3.741800E+03,3.884383E+03,5.172911E-02,1.525453E+03,2.390535E-01,2.500775E+03,3.762998E+03,1.265406E-01,5.041286E+03,5.172911E-02,0.000000E+00,0.000000E+00,3.068637E-02,6.582344E+02,1.967931E-01,2.344134E+03,2.430253E+03,3.068637E-02,9.049181E+02,1.523893E-01,1.601611E+03,2.363474E+03,7.713712E-02,3.050709E+03,3.068637E-02,0.000000E+00,0.000000E+00,5.172911E-02,1.109609E+03,3.152201E-01,3.767121E+03,3.908782E+03,5.172911E-02,1.525453E+03,2.400905E-01,2.512350E+03,3.778679E+03,1.274654E-01,5.068144E+03,5.172911E-02,0.000000E+00,0.000000E+00,3.068637E-02,6.582344E+02,2.126766E-01,2.521479E+03,2.613286E+03,3.068637E-02,9.049181E+02,1.669028E-01,1.763654E+03,2.533998E+03,7.645763E-02,3.030982E+03,3.068637E-02,0.000000E+00,0.000000E+00
22:50:00,6.823837E-02,1.474139E+03,3.711837E-01,4.460518E+03,4.685595E+03,6.823837E-02,2.022698E+03,3.462481E-01,3.633553E+03,5.214980E+03,6.823837E-02,3.785059E+03,6.823837E-02,0.000000E+00,0.000000E+00,5.172911E-02,1.117493E+03,3.106893E-01,3.708646E+03,3.850640E+03,5.172911E-02,1.533336E+03,2.369481E-01,2.469383E+03,3.731224E+03,1.265409E-01,5.041295E+03,5.172911E-02,0.000000E+00,0.000000E+00,3.068637E-02,6.629111E+02,1.952642E-01,2.322387E+03,2.408143E+03,3.068637E-02,9.095948E+02,1.509561E-01,1.580932E+03,2.342609E+03,7.713727E-02,3.050713E+03,3.068637E-02,0.000000E+00,0.000000E+00,5.172911E-02,1.117493E+03,3.128627E-01,3.732915E+03,3.873978E+03,5.172911E-02,1.533336E+03,2.378953E-01,2.479957E+03,3.745898E+03,1.274657E-01,5.068152E+03,5.172911E-02,0.000000E+00,0.000000E+00,3.068637E-02,6.629111E+02,2.103546E-01,2.490876E+03,2.582076E+03,3.068637E-02,9.095948E+02,1.646874E-01,1.734241E+03,2.504086E+03,7.645778E-02,3.030986E+03,3.068637E-02,0.000000E+00,0.000000E+00
23:00:00,6.823837E-02,1.484539E+03,3.705161E-01,4.442664E+03,4.667256E+03,6.823837E-02,2.033098E+03,3.455788E-01,3.615680E+03,5.196561E+03,6.823837E-02,3.785059E+03,6.823837E-02,0.000000E+00,0.000000E+00,5.172911E-02,1.125376E+03,3.085068E-01,3.676394E+03,3.817828E+03,5.172911E-02,1.541220E+03,2.349079E-01,2.438721E+03,3.700183E+03,1.265411E-01,5.041303E+03,5.172911E-02,0.000000E+00,0.000000E+00,3.068637E-02,6.675878E+02,1.937867E-01,2.301212E+03,2.386623E+03,3.068637E-02,9.142715E+02,1.495652E-01,1.560724E+03,2.322214E+03,7.713742E-02,3.050718E+03,3.068637E-02,0.000000E+00,0.000000E+00,5.172911E-02,1.125376E+03,3.105960E-01,3.699722E+03,3.840219E+03,5.172911E-02,1.541220E+03,2.357746E-01,2.448395E+03,3.713957E+03,1.274660E-01,5.068160E+03,5.172911E-02,0.000000E+00,0.000000E+00,3.068637E-02,6.675878E+02,2.081544E-01,2.461633E+03,2.552267E+03,3.068637E-02,9.142715E+02,1.625828E-01,1.706065E+03,2.475439E+03,7.645793E-02,3.030990E+03,3.068637E-02,0.000000E+00,0.000000E+00
23:10:00,6.823837E-02,1.494938E+03,3.698654E-01,4.424999E+03,4.649111E+03,6.823837E-02,2.043498E+03,3.449266E-01,3.597998E+03,5.178338E+03,6.823837E-02,3.785059E+03,6.823837E-02,0.000000E+00,0.000000E+00,5.172911E-02,1.133260E+03,3.063763E-01,3.644722E+03,3.785602E+03,5.172911E-02,1.549104E+03,2.329108E-01,2.408538E+03,3.669598E+03,1.265414E-01,5.041311E+03,5.172911E-02,0.000000E+00,0.000000E+00,3.068637E-02,6.722645E+02,1.923438E-01,2.280425E+03,2.365494E+03,3.068637E-02,9.189482E+02,1.482035E-01,1.540845E+03,2.302131E+03,7.713756E-02,3.050722E+03,3.068637E-02,0.000000E+00,0.000000E+00,5.172911E-02,1.133260E+03,3.083907E-01,3.667216E+03,3.807156E+03,5.172911E-02,1.549104E+03,2.337049E-01,2.417402E+03,3.682562E+03,1.274663E-01,5.068168E+03,5.172911E-02,0.000000E+00,0.000000E+00,3.068637E-02,6.722645E+02,2.060521E-01,2.433483E+03,2.523575E+03,3.068637E-02,9.189482E+02,1.605675E-01,1.678888E+03,2.447801E+03,7.645808E-02,3.030994E+03,3.068637E-02,0.000000E+00,0.000000E+00
23:20:00,6.823837E-02,1.505338E+03,3.692300E-01,4.407505E+03,4.631144E+03,6.823837E-02,2.053898E+03,3.442898E-01,3.580489E+03,5.160295E+03,6.823837E-02,3.785059E+03,6.823837E-02,0.000000E+00,0.000000E+00,5.172911E-02,1.141144E+03,3.042945E-01,3.613594E+03,3.753928E+03,5.172911E-02,1.556987E+03,2.309526E-01,2.378790E+03,3.639428E+03,1.265417E-01,5.041319E+03,5.172911E-02,0.000000E+00,0.000000E+00,3.068637E-02,6.769412E+02,1.909338E-01,2.260005E+03,2.344739E+03,3.068637E-02,9.236249E+02,1.468690E-01,1.521268E+03,2.282341E+03,7.713771E-02,3.050726E+03,3.068637E-02,0.000000E+00,0.000000E+00,5.172911E-02,1.141144E+03,3.062420E-01,3.635340E+03,3.774736E+03,5.172911E-02,1.556987E+03,2.316809E-01,2.386919E+03,3.651662E+03,1.274665E-01,5.068176E+03,5.172911E-02,0.000000E+00,0.000000E+00,3.068637E-02,6.769412E+02,2.040395E-01,2.406334E+03,2.495910E+03,3.068637E-02,9.236249E+02,1.586335E-01,1.652617E+03,2.421082E+03,7.645822E-02,3.030999E+03,3.068637E-02,0.000000E+00,0.000000E+00
23:30:00,6.823837E-02,1.515738E+03,3.686084E-01,4.390165E+03,4.613333E+03,6.823837E-02,2.064297E+03,3.436671E-01,3.563136E+03,5.142411E+03,6.823837E-02,3.785059E+03,6.823837E-02,0.000000E+00,0.000000E+00,5.172911E-02,1.149028E+03,3.022582E-01,3.582974E+03,3.722770E+03,5.172911E-02,1.564871E+03,2.290278E-01,2.349416E+03,3.609611E+03,1.265420E-01,5.041327E+03,5.172911E-02,0.000000E+00,0.000000E+00,3.068637E-02,6.816179E+02,1.895546E-01,2.239929E+03,2.324335E+03,3.068637E-02,9.283016E+02,1.455585E-01,1.501958E+03,2.262807E+03,7.713785E-02,3.050730E+03,3.068637E-02,0.000000E+00,0.000000E+00,5.172911E-02,1.149028E+03,3.041457E-01,3.604050E+03,3.742911E+03,5.172911E-02,1.564871E+03,2.296970E-01,2.356885E+03,3.621192E+03,1.274668E-01,5.068184E+03,5.172911E-02,0.000000E+00,0.000000E+00,3.068637E-02,6.816179E+02,2.021087E-01,2.380100E+03,2.469181E+03,3.068637E-02,9.283016E+02,1.567734E-01,1.627172E+03,2.395202E+03,7.645837E-02,3.031003E+03,3.068637E-02,0.000000E+00,0.000000E+00
23:40:00,6.823837E-02,1.526138E+03,3.679991E-01,4.372963E+03,4.595664E+03,6.823837E-02,2.074697E+03,3.430568E-01,3.545923E+03,5.124671E+03,6.823837E-02,3.785059E+03,6.823837E-02,0.000000E+00,0.000000E+00,5.172911E-02,1.156911E+03,3.002640E-01,3.552825E+03,3.692093E+03,5.172911E-02,1.572755E+03,2.271346E-01,2.320395E+03,3.580132E+03,1.265422E-01,5.041335E+03,5.172911E-02,0.000000E+00,0.000000E+00,3.068637E-02,6.862946E+02,1.882044E-01,2.220176E+03,2.304260E+03,3.068637E-02,9.329783E+02,1.442701E-01,1.482897E+03,2.243512E+03,7.713799E-02,3.050734E+03,3.068637E-02,0.000000E+00,0.000000E+00,5.172911E-02,1.156911E+03,3.020979E-01,3.573302E+03,3.711641E+03,5.172911E-02,1.572755E+03,2.277501E-01,2.327264E+03,3.591122E+03,1.274671E-01,5.068192E+03,5.172911E-02,0.000000E+00,0.000000E+00,3.068637E-02,6.862946E+02,2.002527E-01,2.354699E+03,2.443307E+03,3.068637E-02,9.329783E+02,1.549804E-01,1.602477E+03,2.370082E+03,7.645851E-02,3.031007E+03,3.068637E-02,0.000000E+00,0.000000E+00
23:50:00,6.823837E-02,1.536538E+03,3.674008E-01,4.355883E+03,4.578121E+03,6.823837E-02,2.085097E+03,3.424578E-01,3.528835E+03,5.107058E+03,6.823837E-02,3.785059E+03,6.823837E-02,0.000000E+00,0.000000E+00,5.172911E-02,1.164795E+03,2.983093E-01,3.523115E+03,3.661863E+03,5.172911E-02,1.580638E+03,2.252697E-01,2.291689E+03,3.550951E+03,1.265425E-01,5.041342E+03,5.172911E-02,0.000000E+00,0.000000E+00,3.068637E-02,6.909713E+02,1.868813E-01,2.200726E+03,2.284494E+03,3.068637E-02,9.376551E+02,1.430022E-01,1.464063E+03,2.224436E+03,7.713814E-02,3.050738E+03,3.068637E-02,0.000000E+00,0.000000E+00,5.172911E-02,1.164795E+03,3.000950E-01,3.543055E+03,3.680882E+03,5.172911E-02,1.580638E+03,2.258364E-01,2.298014E+03,3.561408E+03,1.274674E-01,5.068200E+03,5.172911E-02,0.000000E+00,0.000000E+00,3.068637E-02,6.909713E+02,1.984648E-01,2.330061E+03,2.418214E+03,3.068637E-02,9.376551E+02,1.532483E-01,1.578460E+03,2.345650E+03,7.645865E-02,3.031011E+03,3.068637E-02,0.000000E+00,0.000000E+00
24:00:00,6.823837E-02,1.546937E+03,3.668124E-01,4.338914E+03,4.560690E+03,6.823837E-02,2.095497E+03,3.418687E-01,3.511858E+03,5.089560E+03,6.823837E-02,3.785059E+03,6.823837E-02,0.000000E+00,0.000000E+00,5.172911E-02,1.172679E+03,2.963912E-01,3.493816E+03,3.632053E+03,5.172911E-02,1.588522E+03,2.234303E-01,2.263268E+03,3.522039E+03,1.265428E-01,5.041350E+03,5.172911E-02,0.000000E+00,0.000000E+00,3.068637E-02,6.956481E+02,1.855837E-01,2.181561E+03,2.265018E+03,3.068637E-02,9.423318E+02,1.417530E-01,1.445440E+03,2.205560E+03,7.713828E-02,3.050742E+03,3.068637E-02,0.000000E+00,0.000000E+00,5.172911E-02,1.172679E+03,2.981338E-01,3.513274E+03,3.650598E+03,5.172911E-02,1.588522E+03,2.239529E-01,2.269101E+03,3.532015E+03,1.274676E-01,5.068207E+03,5.172911E-02,0.000000E+00,0.000000E+00,3.068637E-02,6.956481E+02,1.967393E-01,2.306117E+03,2.393834E+03,3.068637E-02,9.423318E+02,1.515713E-01,1.555060E+03,2.321841E+03,7.645879E-02,3.031015E+03,3.068637E-02,0.000000E+00,0.000000E+00
Coinc Peak   ,6.823837E-02,3.922367E-01,3.785059E+03,5.275581E+03,1.265428E-01,4.260980E-01,5.041350E+03,5.468025E+03,7.713828E-02,3.017403E-01,3.050742E+03,3.707288E+03,1.274676E-01,4.197559E-01,5.068207E+03,5.391036E+03,7.645879E-02,3.460567E-01,3.031015E+03,4.214115E+03
NonCoinc Peak,6.823837E-02,3.922367E-01,3.785059E+03,5.275581E+03,1.265428E-01,4.260980E-01,5.041350E+03,5.468025E+03,7.713828E-02,3.017403E-01,3.050742E+03,3.707288E+03,1.274676E-01,4.197559E-01,5.068207E+03,5.391036E+03,7.645879E-02,3.460567E-01,3.031015E+03,4.214115E+03
