Time,CORE_ZN ZN:EL PASO INTERNATIONAL AP  UT ANN HTG 99.6% CONDNS DB:Des Heat Load [W],CORE_ZN ZN:EL PASO INTERNATIONAL AP  UT ANN CLG .4% CONDNS DB=>MWB:Des Sens Cool Load [W],CORE_ZN ZN:EL PASO INTERNATIONAL AP  UT ANN HTG 99.6% CONDNS DB:Des Heat Mass Flow [kg/s],CORE_ZN ZN:EL PASO INTERNATIONAL AP  UT ANN CLG .4% CONDNS DB=>MWB:Des Cool Mass Flow [kg/s],CORE_ZN ZN::Des Latent Heat Load [W],CORE_ZN ZN::Des Latent Cool Load [W],CORE_ZN ZN::Des Latent Heat Mass Flow [kg/s],CORE_ZN ZN::Des Latent Cool Mass Flow [kg/s],CORE_ZN ZN::Des Heat Load No DOAS [W],CORE_ZN ZN::Des Sens Cool Load No DOAS [W],CORE_ZN ZN::Des Latent Heat Load No DOAS [W],CORE_ZN ZN::Des Latent Cool Load No DOAS [W],CORE_ZN ZN:EL PASO INTERNATIONAL AP  UT ANN HTG 99.6% CONDNS DB:Heating Zone Temperature [C],CORE_ZN ZN:EL PASO INTERNATIONAL AP  UT ANN HTG 99.6% CONDNS DB:Heating Zone Relative Humidity [%],CORE_ZN ZN:EL PASO INTERNATIONAL AP  UT ANN CLG .4% CONDNS DB=>MWB:Cooling Zone Temperature [C],CORE_ZN ZN:EL PASO INTERNATIONAL AP  UT ANN CLG .4% CONDNS DB=>MWB:Cooling Zone Relative Humidity [%],PERIMETER_ZN_1 ZN:EL PASO INTERNATIONAL AP  UT ANN HTG 99.6% CONDNS DB:Des Heat Load [W],PERIMETER_ZN_1 ZN:EL PASO INTERNATIONAL AP  UT ANN CLG .4% CONDNS DB=>MWB:Des Sens Cool Load [W],PERIMETER_ZN_1 ZN:EL PASO INTERNATIONAL AP  UT ANN HTG 99.6% CONDNS DB:Des Heat Mass Flow [kg/s],PERIMETER_ZN_1 ZN:EL PASO INTERNATIONAL AP  UT ANN CLG .4% CONDNS DB=>MWB:Des Cool Mass Flow [kg/s],PERIMETER_ZN_1 ZN::Des Latent Heat Load [W],PERIMETER_ZN_1 ZN::Des Latent Cool Load [W],PERIMETER_ZN_1 ZN::Des Latent Heat Mass Flow [kg/s],PERIMETER_ZN_1 ZN::Des Latent Cool Mass Flow [kg/s],PERIMETER_ZN_1 ZN::Des Heat Load No DOAS [W],PERIMETER_ZN_1 ZN::Des Sens Cool Load No DOAS [W],PERIMETER_ZN_1 ZN::Des Latent Heat Load No DOAS [W],PERIMETER_ZN_1 ZN::Des Latent Cool Load No DOAS [W],PERIMETER_ZN_1 ZN:EL PASO INTERNATIONAL AP  UT ANN HTG 99.6% CONDNS DB:Heating Zone Temperature [C],PERIMETER_ZN_1 ZN:EL PASO INTERNATIONAL AP  UT ANN HTG 99.6% CONDNS DB:Heating Zone Relative Humidity [%],PERIMETER_ZN_1 ZN:EL PASO INTERNATIONAL AP  UT ANN CLG .4% CONDNS DB=>MWB:Cooling Zone Temperature [C],PERIMETER_ZN_1 ZN:EL PASO INTERNATIONAL AP  UT ANN CLG .4% CONDNS DB=>MWB:Cooling Zone Relative Humidity [%],PERIMETER_ZN_2 ZN:EL PASO INTERNATIONAL AP  UT ANN HTG 99.6% CONDNS DB:Des Heat Load [W],PERIMETER_ZN_2 ZN:EL PASO INTERNATIONAL AP  UT ANN CLG .4% CONDNS DB=>MWB:Des Sens Cool Load [W],PERIMETER_ZN_2 ZN:EL PASO INTERNATIONAL AP  UT ANN HTG 99.6% CONDNS DB:Des Heat Mass Flow [kg/s],PERIMETER_ZN_2 ZN:EL PASO INTERNATIONAL AP  UT ANN CLG .4% CONDNS DB=>MWB:Des Cool Mass Flow [kg/s],PERIMETER_ZN_2 ZN::Des Latent Heat Load [W],PERIMETER_ZN_2 ZN::Des Latent Cool Load [W],PERIMETER_ZN_2 ZN::Des Latent Heat Mass Flow [kg/s],PERIMETER_ZN_2 ZN::Des Latent Cool Mass Flow [kg/s],PERIMETER_ZN_2 ZN::Des Heat Load No DOAS [W],PERIMETER_ZN_2 ZN::Des Sens Cool Load No DOAS [W],PERIMETER_ZN_2 ZN::Des Latent Heat Load No DOAS [W],PERIMETER_ZN_2 ZN::Des Latent Cool Load No DOAS [W],PERIMETER_ZN_2 ZN:EL PASO INTERNATIONAL AP  UT ANN HTG 99.6% CONDNS DB:Heating Zone Temperature [C],PERIMETER_ZN_2 ZN:EL PASO INTERNATIONAL AP  UT ANN HTG 99.6% CONDNS DB:Heating Zone Relative Humidity [%],PERIMETER_ZN_2 ZN:EL PASO INTERNATIONAL AP  UT ANN CLG .4% CONDNS DB=>MWB:Cooling Zone Temperature [C],PERIMETER_ZN_2 ZN:EL PASO INTERNATIONAL AP  UT ANN CLG .4% CONDNS DB=>MWB:Cooling Zone Relative Humidity [%],PERIMETER_ZN_3 ZN:EL PASO INTERNATIONAL AP  UT ANN HTG 99.6% CONDNS DB:Des Heat Load [W],PERIMETER_ZN_3 ZN:EL PASO INTERNATIONAL AP  UT ANN CLG .4% CONDNS DB=>MWB:Des Sens Cool Load [W],PERIMETER_ZN_3 ZN:EL PASO INTERNATIONAL AP  UT ANN HTG 99.6% CONDNS DB:Des Heat Mass Flow [kg/s],PERIMETER_ZN_3 ZN:EL PASO INTERNATIONAL AP  UT ANN CLG .4% CONDNS DB=>MWB:Des Cool Mass Flow [kg/s],PERIMETER_ZN_3 ZN::Des Latent Heat Load [W],PERIMETER_ZN_3 ZN::Des Latent Cool Load [W],PERIMETER_ZN_3 ZN::Des Latent Heat Mass Flow [kg/s],PERIMETER_ZN_3 ZN::Des Latent Cool Mass Flow [kg/s],PERIMETER_ZN_3 ZN::Des Heat Load No DOAS [W],PERIMETER_ZN_3 ZN::Des Sens Cool Load No DOAS [W],PERIMETER_ZN_3 ZN::Des Latent Heat Load No DOAS [W],PERIMETER_ZN_3 ZN::Des Latent Cool Load No DOAS [W],PERIMETER_ZN_3 ZN:EL PASO INTERNATIONAL AP  UT ANN HTG 99.6% CONDNS DB:Heating Zone Temperature [C],PERIMETER_ZN_3 ZN:EL PASO INTERNATIONAL AP  UT ANN HTG 99.6% CONDNS DB:Heating Zone Relative Humidity [%],PERIMETER_ZN_3 ZN:EL PASO INTERNATIONAL AP  UT ANN CLG .4% CONDNS DB=>MWB:Cooling Zone Temperature [C],PERIMETER_ZN_3 ZN:EL PASO INTERNATIONAL AP  UT ANN CLG .4% CONDNS DB=>MWB:Cooling Zone Relative Humidity [%],PERIMETER_ZN_4 ZN:EL PASO INTERNATIONAL AP  UT ANN HTG 99.6% CONDNS DB:Des Heat Load [W],PERIMETER_ZN_4 ZN:EL PASO INTERNATIONAL AP  UT ANN CLG .4% CONDNS DB=>MWB:Des Sens Cool Load [W],PERIMETER_ZN_4 ZN:EL PASO INTERNATIONAL AP  UT ANN HTG 99.6% CONDNS DB:Des Heat Mass Flow [kg/s],PERIMETER_ZN_4 ZN:EL PASO INTERNATIONAL AP  UT ANN CLG .4% CONDNS DB=>MWB:Des Cool Mass Flow [kg/s],PERIMETER_ZN_4 ZN::Des Latent Heat Load [W],PERIMETER_ZN_4 ZN::Des Latent Cool Load [W],PERIMETER_ZN_4 ZN::Des Latent Heat Mass Flow [kg/s],PERIMETER_ZN_4 ZN::Des Latent Cool Mass Flow [kg/s],PERIMETER_ZN_4 ZN::Des Heat Load No DOAS [W],PERIMETER_ZN_4 ZN::Des Sens Cool Load No DOAS [W],PERIMETER_ZN_4 ZN::Des Latent Heat Load No DOAS [W],PERIMETER_ZN_4 ZN::Des Latent Cool Load No DOAS [W],PERIMETER_ZN_4 ZN:EL PASO INTERNATIONAL AP  UT ANN HTG 99.6% CONDNS DB:Heating Zone Temperature [C],PERIMETER_ZN_4 ZN:EL PASO INTERNATIONAL AP  UT ANN HTG 99.6% CONDNS DB:Heating Zone Relative Humidity [%],PERIMETER_ZN_4 ZN:EL PASO INTERNATIONAL AP  UT ANN CLG .4% CONDNS DB=>MWB:Cooling Zone Temperature [C],PERIMETER_ZN_4 ZN:EL PASO INTERNATIONAL AP  UT ANN CLG .4% CONDNS DB=>MWB:Cooling Zone Relative Humidity [%]
00:10:00,9.575027E+02,3.460830E+03,3.250237E-02,3.051830E-01,0.000000E+00,0.000000E+00,0.000000E+00,0.000000E+00,0.000000E+00,0.000000E+00,0.000000E+00,0.000000E+00,2.111000E+01,4.455040E+01,2.388862E+01,4.263196E+01,3.106526E+03,2.783251E+03,1.054430E-01,2.454276E-01,0.000000E+00,0.000000E+00,0.000000E+00,0.000000E+00,0.000000E+00,0.000000E+00,0.000000E+00,0.000000E+00,2.110784E+01,4.006453E+01,2.388884E+01,4.219764E+01,1.893718E+03,1.741835E+03,6.427694E-02,1.535947E-01,0.000000E+00,0.000000E+00,0.000000E+00,0.000000E+00,0.000000E+00,0.000000E+00,0.000000E+00,0.000000E+00,2.110766E+01,3.971542E+01,2.388889E+01,4.205418E+01,3.129241E+03,2.799354E+03,1.062137E-01,2.468474E-01,0.000000E+00,0.000000E+00,0.000000E+00,0.000000E+00,0.000000E+00,0.000000E+00,0.000000E+00,0.000000E+00,2.110776E+01,3.991927E+01,2.388885E+01,4.217303E+01,1.877035E+03,1.843530E+03,6.371069E-02,1.625619E-01,0.000000E+00,0.000000E+00,0.000000E+00,0.000000E+00,0.000000E+00,0.000000E+00,0.000000E+00,0.000000E+00,2.110766E+01,3.967966E+01,2.388890E+01,4.194139E+01
00:20:00,9.566965E+02,3.455304E+03,3.247501E-02,3.046957E-01,0.000000E+00,0.000000E+00,0.000000E+00,0.000000E+00,0.000000E+00,0.000000E+00,0.000000E+00,0.000000E+00,2.111000E+01,4.455040E+01,2.388862E+01,4.263619E+01,3.106254E+03,2.765912E+03,1.054337E-01,2.438986E-01,0.000000E+00,0.000000E+00,0.000000E+00,0.000000E+00,0.000000E+00,0.000000E+00,0.000000E+00,0.000000E+00,2.110784E+01,4.006456E+01,2.388884E+01,4.221462E+01,1.893573E+03,1.730106E+03,6.427203E-02,1.525604E-01,0.000000E+00,0.000000E+00,0.000000E+00,0.000000E+00,0.000000E+00,0.000000E+00,0.000000E+00,0.000000E+00,2.110766E+01,3.971545E+01,2.388889E+01,4.207143E+01,3.128968E+03,2.781688E+03,1.062044E-01,2.452896E-01,0.000000E+00,0.000000E+00,0.000000E+00,0.000000E+00,0.000000E+00,0.000000E+00,0.000000E+00,0.000000E+00,2.110776E+01,3.991930E+01,2.388885E+01,4.219016E+01,1.876890E+03,1.828348E+03,6.370576E-02,1.612233E-01,0.000000E+00,0.000000E+00,0.000000E+00,0.000000E+00,0.000000E+00,0.000000E+00,0.000000E+00,0.000000E+00,2.110766E+01,3.967968E+01,2.388890E+01,4.196066E+01
00:30:00,9.558960E+02,3.449848E+03,3.244784E-02,3.042146E-01,0.000000E+00,0.000000E+00,0.000000E+00,0.000000E+00,0.000000E+00,0.000000E+00,0.000000E+00,0.000000E+00,2.111000E+01,4.455040E+01,2.388862E+01,4.264038E+01,3.105983E+03,2.748966E+03,1.054246E-01,2.424045E-01,0.000000E+00,0.000000E+00,0.000000E+00,0.000000E+00,0.000000E+00,0.000000E+00,0.000000E+00,0.000000E+00,2.110784E+01,4.006458E+01,2.388884E+01,4.223134E+01,1.893429E+03,1.718639E+03,6.426716E-02,1.515494E-01,0.000000E+00,0.000000E+00,0.000000E+00,0.000000E+00,0.000000E+00,0.000000E+00,0.000000E+00,0.000000E+00,2.110766E+01,3.971547E+01,2.388888E+01,4.208844E+01,3.128698E+03,2.764452E+03,1.061952E-01,2.437698E-01,0.000000E+00,0.000000E+00,0.000000E+00,0.000000E+00,0.000000E+00,0.000000E+00,0.000000E+00,0.000000E+00,2.110776E+01,3.991932E+01,2.388884E+01,4.220700E+01,1.876746E+03,1.813681E+03,6.370087E-02,1.599300E-01,0.000000E+00,0.000000E+00,0.000000E+00,0.000000E+00,0.000000E+00,0.000000E+00,0.000000E+00,0.000000E+00,2.110766E+01,3.967970E+01,2.388889E+01,4.197954E+01
00:40:00,9.551010E+02,3.444456E+03,3.242085E-02,3.037391E-01,0.000000E+00,0.000000E+00,0.000000E+00,0.000000E+00,0.000000E+00,0.000000E+00,0.000000E+00,0.000000E+00,2.111000E+01,4.455040E+01,2.388862E+01,4.264453E+01,3.105715E+03,2.732401E+03,1.054155E-01,2.409438E-01,0.000000E+00,0.000000E+00,0.000000E+00,0.000000E+00,0.000000E+00,0.000000E+00,0.000000E+00,0.000000E+00,2.110784E+01,4.006460E+01,2.388883E+01,4.224783E+01,1.893287E+03,1.707426E+03,6.426232E-02,1.505606E-01,0.000000E+00,0.000000E+00,0.000000E+00,0.000000E+00,0.000000E+00,0.000000E+00,0.000000E+00,0.000000E+00,2.110766E+01,3.971549E+01,2.388888E+01,4.210524E+01,3.128429E+03,2.747628E+03,1.061861E-01,2.422864E-01,0.000000E+00,0.000000E+00,0.000000E+00,0.000000E+00,0.000000E+00,0.000000E+00,0.000000E+00,0.000000E+00,2.110776E+01,3.991935E+01,2.388884E+01,4.222360E+01,1.876603E+03,1.799492E+03,6.369602E-02,1.586788E-01,0.000000E+00,0.000000E+00,0.000000E+00,0.000000E+00,0.000000E+00,0.000000E+00,0.000000E+00,0.000000E+00,2.110766E+01,3.967973E+01,2.388889E+01,4.199808E+01
00:50:00,9.543115E+02,3.439123E+03,3.239405E-02,3.032688E-01,0.000000E+00,0.000000E+00,0.000000E+00,0.000000E+00,0.000000E+00,0.000000E+00,0.000000E+00,0.000000E+00,2.111000E+01,4.455040E+01,2.388861E+01,4.264865E+01,3.105449E+03,2.716203E+03,1.054064E-01,2.395156E-01,0.000000E+00,0.000000E+00,0.000000E+00,0.000000E+00,0.000000E+00,0.000000E+00,0.000000E+00,0.000000E+00,2.110784E+01,4.006463E+01,2.388883E+01,4.226418E+01,1.893146E+03,1.696457E+03,6.425752E-02,1.495934E-01,0.000000E+00,0.000000E+00,0.000000E+00,0.000000E+00,0.000000E+00,0.000000E+00,0.000000E+00,0.000000E+00,2.110766E+01,3.971551E+01,2.388888E+01,4.212192E+01,3.128162E+03,2.731200E+03,1.061771E-01,2.408378E-01,0.000000E+00,0.000000E+00,0.000000E+00,0.000000E+00,0.000000E+00,0.000000E+00,0.000000E+00,0.000000E+00,2.110776E+01,3.991937E+01,2.388884E+01,4.224003E+01,1.876461E+03,1.785750E+03,6.369120E-02,1.574671E-01,0.000000E+00,0.000000E+00,0.000000E+00,0.000000E+00,0.000000E+00,0.000000E+00,0.000000E+00,0.000000E+00,2.110766E+01,3.967975E+01,2.388889E+01,4.201638E+01
01:00:00,9.535275E+02,3.433845E+03,3.236744E-02,3.028034E-01,0.000000E+00,0.000000E+00,0.000000E+00,0.000000E+00,0.000000E+00,0.000000E+00,0.000000E+00,0.000000E+00,2.111000E+01,4.455040E+01,2.388861E+01,4.265272E+01,3.105185E+03,2.700362E+03,1.053975E-01,2.381187E-01,0.000000E+00,0.000000E+00,0.000000E+00,0.000000E+00,0.000000E+00,0.000000E+00,0.000000E+00,0.000000E+00,2.110784E+01,4.006465E+01,2.388883E+01,4.228044E+01,1.893005E+03,1.685725E+03,6.425276E-02,1.486471E-01,0.000000E+00,0.000000E+00,0.000000E+00,0.000000E+00,0.000000E+00,0.000000E+00,0.000000E+00,0.000000E+00,2.110766E+01,3.971554E+01,2.388887E+01,4.213852E+01,3.127898E+03,2.715155E+03,1.061681E-01,2.394230E-01,0.000000E+00,0.000000E+00,0.000000E+00,0.000000E+00,0.000000E+00,0.000000E+00,0.000000E+00,0.000000E+00,2.110776E+01,3.991940E+01,2.388884E+01,4.225636E+01,1.876320E+03,1.772426E+03,6.368643E-02,1.562923E-01,0.000000E+00,0.000000E+00,0.000000E+00,0.000000E+00,0.000000E+00,0.000000E+00,0.000000E+00,0.000000E+00,2.110766E+01,3.967977E+01,2.388888E+01,4.203448E+01
01:10:00,9.535812E+02,3.428743E+03,3.236926E-02,3.023536E-01,0.000000E+00,0.000000E+00,0.000000E+00,0.000000E+00,0.000000E+00,0.000000E+00,0.000000E+00,0.000000E+00,2.111000E+01,4.455040E+01,2.388861E+01,4.265677E+01,3.105204E+03,2.685008E+03,1.053981E-01,2.367649E-01,0.000000E+00,0.000000E+00,0.000000E+00,0.000000E+00,0.000000E+00,0.000000E+00,0.000000E+00,0.000000E+00,2.110784E+01,4.006468E+01,2.388883E+01,4.229665E+01,1.893016E+03,1.675300E+03,6.425311E-02,1.477279E-01,0.000000E+00,0.000000E+00,0.000000E+00,0.000000E+00,0.000000E+00,0.000000E+00,0.000000E+00,0.000000E+00,2.110766E+01,3.971556E+01,2.388887E+01,4.215508E+01,3.127917E+03,2.699620E+03,1.061687E-01,2.380532E-01,0.000000E+00,0.000000E+00,0.000000E+00,0.000000E+00,0.000000E+00,0.000000E+00,0.000000E+00,0.000000E+00,2.110776E+01,3.991942E+01,2.388883E+01,4.227263E+01,1.876330E+03,1.759577E+03,6.368677E-02,1.551593E-01,0.000000E+00,0.000000E+00,0.000000E+00,0.000000E+00,0.000000E+00,0.000000E+00,0.000000E+00,0.000000E+00,2.110766E+01,3.967979E+01,2.388888E+01,4.205245E+01
01:20:00,9.536346E+02,3.423690E+03,3.237107E-02,3.019080E-01,0.000000E+00,0.000000E+00,0.000000E+00,0.000000E+00,0.000000E+00,0.000000E+00,0.000000E+00,0.000000E+00,2.111000E+01,4.455040E+01,2.388861E+01,4.266079E+01,3.105223E+03,2.670083E+03,1.053988E-01,2.354489E-01,0.000000E+00,0.000000E+00,0.000000E+00,0.000000E+00,0.000000E+00,0.000000E+00,0.000000E+00,0.000000E+00,2.110784E+01,4.006470E+01,2.388882E+01,4.231245E+01,1.893026E+03,1.665151E+03,6.425345E-02,1.468330E-01,0.000000E+00,0.000000E+00,0.000000E+00,0.000000E+00,0.000000E+00,0.000000E+00,0.000000E+00,0.000000E+00,2.110766E+01,3.971558E+01,2.388887E+01,4.217125E+01,3.127936E+03,2.684539E+03,1.061694E-01,2.367234E-01,0.000000E+00,0.000000E+00,0.000000E+00,0.000000E+00,0.000000E+00,0.000000E+00,0.000000E+00,0.000000E+00,2.110776E+01,3.991945E+01,2.388883E+01,4.228846E+01,1.876340E+03,1.747155E+03,6.368712E-02,1.540639E-01,0.000000E+00,0.000000E+00,0.000000E+00,0.000000E+00,0.000000E+00,0.000000E+00,0.000000E+00,0.000000E+00,2.110766E+01,3.967982E+01,2.388888E+01,4.206994E+01
01:30:00,9.536877E+02,3.418686E+03,3.237287E-02,3.014667E-01,0.000000E+00,0.000000E+00,0.000000E+00,0.000000E+00,0.000000E+00,0.000000E+00,0.000000E+00,0.000000E+00,2.111000E+01,4.455040E+01,2.388861E+01,4.266478E+01,3.105242E+03,2.655582E+03,1.053994E-01,2.341702E-01,0.000000E+00,0.000000E+00,0.000000E+00,0.000000E+00,0.000000E+00,0.000000E+00,0.000000E+00,0.000000E+00,2.110784E+01,4.006472E+01,2.388882E+01,4.232771E+01,1.893036E+03,1.655275E+03,6.425379E-02,1.459621E-01,0.000000E+00,0.000000E+00,0.000000E+00,0.000000E+00,0.000000E+00,0.000000E+00,0.000000E+00,0.000000E+00,2.110766E+01,3.971560E+01,2.388886E+01,4.218691E+01,3.127955E+03,2.669906E+03,1.061700E-01,2.354331E-01,0.000000E+00,0.000000E+00,0.000000E+00,0.000000E+00,0.000000E+00,0.000000E+00,0.000000E+00,0.000000E+00,2.110776E+01,3.991947E+01,2.388883E+01,4.230375E+01,1.876350E+03,1.735142E+03,6.368746E-02,1.530047E-01,0.000000E+00,0.000000E+00,0.000000E+00,0.000000E+00,0.000000E+00,0.000000E+00,0.000000E+00,0.000000E+00,2.110766E+01,3.967984E+01,2.388887E+01,4.208684E+01
01:40:00,9.537403E+02,3.413729E+03,3.237466E-02,3.010296E-01,0.000000E+00,0.000000E+00,0.000000E+00,0.000000E+00,0.000000E+00,0.000000E+00,0.000000E+00,0.000000E+00,2.111000E+01,4.455040E+01,2.388861E+01,4.266874E+01,3.105260E+03,2.641502E+03,1.054000E-01,2.329287E-01,0.000000E+00,0.000000E+00,0.000000E+00,0.000000E+00,0.000000E+00,0.000000E+00,0.000000E+00,0.000000E+00,2.110784E+01,4.006475E+01,2.388882E+01,4.234253E+01,1.893046E+03,1.645668E+03,6.425413E-02,1.451150E-01,0.000000E+00,0.000000E+00,0.000000E+00,0.000000E+00,0.000000E+00,0.000000E+00,0.000000E+00,0.000000E+00,2.110766E+01,3.971562E+01,2.388886E+01,4.220214E+01,3.127973E+03,2.655713E+03,1.061706E-01,2.341817E-01,0.000000E+00,0.000000E+00,0.000000E+00,0.000000E+00,0.000000E+00,0.000000E+00,0.000000E+00,0.000000E+00,2.110776E+01,3.991949E+01,2.388882E+01,4.231855E+01,1.876360E+03,1.723526E+03,6.368780E-02,1.519804E-01,0.000000E+00,0.000000E+00,0.000000E+00,0.000000E+00,0.000000E+00,0.000000E+00,0.000000E+00,0.000000E+00,2.110766E+01,3.967986E+01,2.388887E+01,4.210324E+01
01:50:00,9.537927E+02,3.408820E+03,3.237644E-02,3.005968E-01,0.000000E+00,0.000000E+00,0.000000E+00,0.000000E+00,0.000000E+00,0.000000E+00,0.000000E+00,0.000000E+00,2.111000E+01,4.455040E+01,2.388861E+01,4.267267E+01,3.105279E+03,2.627840E+03,1.054006E-01,2.317240E-01,0.000000E+00,0.000000E+00,0.000000E+00,0.000000E+00,0.000000E+00,0.000000E+00,0.000000E+00,0.000000E+00,2.110784E+01,4.006477E+01,2.388881E+01,4.235702E+01,1.893056E+03,1.636327E+03,6.425446E-02,1.442914E-01,0.000000E+00,0.000000E+00,0.000000E+00,0.000000E+00,0.000000E+00,0.000000E+00,0.000000E+00,0.000000E+00,2.110766E+01,3.971565E+01,2.388886E+01,4.221707E+01,3.127992E+03,2.641959E+03,1.061713E-01,2.329688E-01,0.000000E+00,0.000000E+00,0.000000E+00,0.000000E+00,0.000000E+00,0.000000E+00,0.000000E+00,0.000000E+00,2.110776E+01,3.991952E+01,2.388882E+01,4.233302E+01,1.876370E+03,1.712292E+03,6.368813E-02,1.509898E-01,0.000000E+00,0.000000E+00,0.000000E+00,0.000000E+00,0.000000E+00,0.000000E+00,0.000000E+00,0.000000E+00,2.110766E+01,3.967988E+01,2.388887E+01,4.211928E+01
02:00:00,9.538446E+02,3.403959E+03,3.237820E-02,3.001682E-01,0.000000E+00,0.000000E+00,0.000000E+00,0.000000E+00,0.000000E+00,0.000000E+00,0.000000E+00,0.000000E+00,2.111000E+01,4.455040E+01,2.388861E+01,4.267658E+01,3.105297E+03,2.614593E+03,1.054013E-01,2.305559E-01,0.000000E+00,0.000000E+00,0.000000E+00,0.000000E+00,0.000000E+00,0.000000E+00,0.000000E+00,0.000000E+00,2.110784E+01,4.006479E+01,2.388881E+01,4.237129E+01,1.893065E+03,1.627253E+03,6.425480E-02,1.434913E-01,0.000000E+00,0.000000E+00,0.000000E+00,0.000000E+00,0.000000E+00,0.000000E+00,0.000000E+00,0.000000E+00,2.110766E+01,3.971567E+01,2.388886E+01,4.223181E+01,3.128010E+03,2.628638E+03,1.061719E-01,2.317943E-01,0.000000E+00,0.000000E+00,0.000000E+00,0.000000E+00,0.000000E+00,0.000000E+00,0.000000E+00,0.000000E+00,2.110776E+01,3.991954E+01,2.388882E+01,4.234725E+01,1.876380E+03,1.701430E+03,6.368847E-02,1.500321E-01,0.000000E+00,0.000000E+00,0.000000E+00,0.000000E+00,0.000000E+00,0.000000E+00,0.000000E+00,0.000000E+00,2.110766E+01,3.967991E+01,2.388887E+01,4.213507E+01
02:10:00,9.538962E+02,3.399147E+03,3.237995E-02,2.997438E-01,0.000000E+00,0.000000E+00,0.000000E+00,0.000000E+00,0.000000E+00,0.000000E+00,0.000000E+00,0.000000E+00,2.111000E+01,4.455040E+01,2.388861E+01,4.268046E+01,3.105315E+03,2.601656E+03,1.054019E-01,2.294152E-01,0.000000E+00,0.000000E+00,0.000000E+00,0.000000E+00,0.000000E+00,0.000000E+00,0.000000E+00,0.000000E+00,2.110784E+01,4.006482E+01,2.388881E+01,4.238542E+01,1.893075E+03,1.618383E+03,6.425513E-02,1.427092E-01,0.000000E+00,0.000000E+00,0.000000E+00,0.000000E+00,0.000000E+00,0.000000E+00,0.000000E+00,0.000000E+00,2.110766E+01,3.971569E+01,2.388885E+01,4.224641E+01,3.128028E+03,2.615645E+03,1.061725E-01,2.306486E-01,0.000000E+00,0.000000E+00,0.000000E+00,0.000000E+00,0.000000E+00,0.000000E+00,0.000000E+00,0.000000E+00,2.110776E+01,3.991957E+01,2.388882E+01,4.236133E+01,1.876390E+03,1.690871E+03,6.368880E-02,1.491010E-01,0.000000E+00,0.000000E+00,0.000000E+00,0.000000E+00,0.000000E+00,0.000000E+00,0.000000E+00,0.000000E+00,2.110766E+01,3.967993E+01,2.388886E+01,4.215067E+01
02:20:00,9.539474E+02,3.394383E+03,3.238169E-02,2.993237E-01,0.000000E+00,0.000000E+00,0.000000E+00,0.000000E+00,0.000000E+00,0.000000E+00,0.000000E+00,0.000000E+00,2.111000E+01,4.455040E+01,2.388861E+01,4.268431E+01,3.105333E+03,2.589029E+03,1.054025E-01,2.283018E-01,0.000000E+00,0.000000E+00,0.000000E+00,0.000000E+00,0.000000E+00,0.000000E+00,0.000000E+00,0.000000E+00,2.110784E+01,4.006484E+01,2.388881E+01,4.239924E+01,1.893085E+03,1.609717E+03,6.425545E-02,1.419450E-01,0.000000E+00,0.000000E+00,0.000000E+00,0.000000E+00,0.000000E+00,0.000000E+00,0.000000E+00,0.000000E+00,2.110766E+01,3.971571E+01,2.388885E+01,4.226074E+01,3.128046E+03,2.602973E+03,1.061731E-01,2.295312E-01,0.000000E+00,0.000000E+00,0.000000E+00,0.000000E+00,0.000000E+00,0.000000E+00,0.000000E+00,0.000000E+00,2.110776E+01,3.991959E+01,2.388881E+01,4.237509E+01,1.876400E+03,1.680604E+03,6.368913E-02,1.481957E-01,0.000000E+00,0.000000E+00,0.000000E+00,0.000000E+00,0.000000E+00,0.000000E+00,0.000000E+00,0.000000E+00,2.110766E+01,3.967995E+01,2.388886E+01,4.216594E+01
02:30:00,9.539983E+02,3.389667E+03,3.238342E-02,2.989079E-01,0.000000E+00,0.000000E+00,0.000000E+00,0.000000E+00,0.000000E+00,0.000000E+00,0.000000E+00,0.000000E+00,2.111000E+01,4.455040E+01,2.388861E+01,4.268814E+01,3.105351E+03,2.576705E+03,1.054031E-01,2.272151E-01,0.000000E+00,0.000000E+00,0.000000E+00,0.000000E+00,0.000000E+00,0.000000E+00,0.000000E+00,0.000000E+00,2.110784E+01,4.006486E+01,2.388880E+01,4.241272E+01,1.893094E+03,1.601251E+03,6.425578E-02,1.411986E-01,0.000000E+00,0.000000E+00,0.000000E+00,0.000000E+00,0.000000E+00,0.000000E+00,0.000000E+00,0.000000E+00,2.110766E+01,3.971573E+01,2.388885E+01,4.227472E+01,3.128064E+03,2.590615E+03,1.061737E-01,2.284416E-01,0.000000E+00,0.000000E+00,0.000000E+00,0.000000E+00,0.000000E+00,0.000000E+00,0.000000E+00,0.000000E+00,2.110776E+01,3.991961E+01,2.388881E+01,4.238849E+01,1.876409E+03,1.670621E+03,6.368945E-02,1.473155E-01,0.000000E+00,0.000000E+00,0.000000E+00,0.000000E+00,0.000000E+00,0.000000E+00,0.000000E+00,0.000000E+00,2.110766E+01,3.967997E+01,2.388886E+01,4.218083E+01
02:40:00,9.540488E+02,3.384997E+03,3.238513E-02,2.984961E-01,0.000000E+00,0.000000E+00,0.000000E+00,0.000000E+00,0.000000E+00,0.000000E+00,0.000000E+00,0.000000E+00,2.111000E+01,4.455040E+01,2.388861E+01,4.269194E+01,3.105369E+03,2.564681E+03,1.054037E-01,2.261549E-01,0.000000E+00,0.000000E+00,0.000000E+00,0.000000E+00,0.000000E+00,0.000000E+00,0.000000E+00,0.000000E+00,2.110784E+01,4.006488E+01,2.388880E+01,4.242589E+01,1.893104E+03,1.592984E+03,6.425610E-02,1.404696E-01,0.000000E+00,0.000000E+00,0.000000E+00,0.000000E+00,0.000000E+00,0.000000E+00,0.000000E+00,0.000000E+00,2.110766E+01,3.971575E+01,2.388885E+01,4.228843E+01,3.128082E+03,2.578568E+03,1.061743E-01,2.273793E-01,0.000000E+00,0.000000E+00,0.000000E+00,0.000000E+00,0.000000E+00,0.000000E+00,0.000000E+00,0.000000E+00,2.110776E+01,3.991963E+01,2.388881E+01,4.240158E+01,1.876419E+03,1.660912E+03,6.368978E-02,1.464594E-01,0.000000E+00,0.000000E+00,0.000000E+00,0.000000E+00,0.000000E+00,0.000000E+00,0.000000E+00,0.000000E+00,2.110766E+01,3.967999E+01,2.388886E+01,4.219539E+01
02:50:00,9.540990E+02,3.380374E+03,3.238684E-02,2.980884E-01,0.000000E+00,0.000000E+00,0.000000E+00,0.000000E+00,0.000000E+00,0.000000E+00,0.000000E+00,0.000000E+00,2.111000E+01,4.455040E+01,2.388861E+01,4.269570E+01,3.105387E+03,2.552953E+03,1.054043E-01,2.251207E-01,0.000000E+00,0.000000E+00,0.000000E+00,0.000000E+00,0.000000E+00,0.000000E+00,0.000000E+00,0.000000E+00,2.110784E+01,4.006491E+01,2.388880E+01,4.243884E+01,1.893113E+03,1.584912E+03,6.425642E-02,1.397578E-01,0.000000E+00,0.000000E+00,0.000000E+00,0.000000E+00,0.000000E+00,0.000000E+00,0.000000E+00,0.000000E+00,2.110766E+01,3.971577E+01,2.388885E+01,4.230192E+01,3.128100E+03,2.566826E+03,1.061749E-01,2.263439E-01,0.000000E+00,0.000000E+00,0.000000E+00,0.000000E+00,0.000000E+00,0.000000E+00,0.000000E+00,0.000000E+00,2.110776E+01,3.991966E+01,2.388881E+01,4.241443E+01,1.876428E+03,1.651470E+03,6.369010E-02,1.456268E-01,0.000000E+00,0.000000E+00,0.000000E+00,0.000000E+00,0.000000E+00,0.000000E+00,0.000000E+00,0.000000E+00,2.110766E+01,3.968001E+01,2.388885E+01,4.220970E+01
03:00:00,9.541488E+02,3.375797E+03,3.238853E-02,2.976848E-01,0.000000E+00,0.000000E+00,0.000000E+00,0.000000E+00,0.000000E+00,0.000000E+00,0.000000E+00,0.000000E+00,2.111000E+01,4.455040E+01,2.388861E+01,4.269945E+01,3.105404E+03,2.541516E+03,1.054049E-01,2.241123E-01,0.000000E+00,0.000000E+00,0.000000E+00,0.000000E+00,0.000000E+00,0.000000E+00,0.000000E+00,0.000000E+00,2.110784E+01,4.006493E+01,2.388880E+01,4.245161E+01,1.893122E+03,1.577032E+03,6.425674E-02,1.390630E-01,0.000000E+00,0.000000E+00,0.000000E+00,0.000000E+00,0.000000E+00,0.000000E+00,0.000000E+00,0.000000E+00,2.110766E+01,3.971579E+01,2.388884E+01,4.231525E+01,3.128117E+03,2.555384E+03,1.061755E-01,2.253350E-01,0.000000E+00,0.000000E+00,0.000000E+00,0.000000E+00,0.000000E+00,0.000000E+00,0.000000E+00,0.000000E+00,2.110776E+01,3.991968E+01,2.388881E+01,4.242710E+01,1.876438E+03,1.642286E+03,6.369041E-02,1.448170E-01,0.000000E+00,0.000000E+00,0.000000E+00,0.000000E+00,0.000000E+00,0.000000E+00,0.000000E+00,0.000000E+00,2.110766E+01,3.968003E+01,2.388885E+01,4.222382E+01
03:10:00,9.541983E+02,3.371265E+03,3.239021E-02,2.972852E-01,0.000000E+00,0.000000E+00,0.000000E+00,0.000000E+00,0.000000E+00,0.000000E+00,0.000000E+00,0.000000E+00,2.111000E+01,4.455040E+01,2.388861E+01,4.270316E+01,3.105421E+03,2.530275E+03,1.054055E-01,2.231211E-01,0.000000E+00,0.000000E+00,0.000000E+00,0.000000E+00,0.000000E+00,0.000000E+00,0.000000E+00,0.000000E+00,2.110784E+01,4.006495E+01,2.388880E+01,4.246425E+01,1.893132E+03,1.569289E+03,6.425705E-02,1.383802E-01,0.000000E+00,0.000000E+00,0.000000E+00,0.000000E+00,0.000000E+00,0.000000E+00,0.000000E+00,0.000000E+00,2.110766E+01,3.971581E+01,2.388884E+01,4.232847E+01,3.128135E+03,2.544144E+03,1.061761E-01,2.243439E-01,0.000000E+00,0.000000E+00,0.000000E+00,0.000000E+00,0.000000E+00,0.000000E+00,0.000000E+00,0.000000E+00,2.110776E+01,3.991970E+01,2.388880E+01,4.243963E+01,1.876447E+03,1.633297E+03,6.369073E-02,1.440244E-01,0.000000E+00,0.000000E+00,0.000000E+00,0.000000E+00,0.000000E+00,0.000000E+00,0.000000E+00,0.000000E+00,2.110766E+01,3.968005E+01,2.388885E+01,4.223778E+01
03:20:00,9.542474E+02,3.366776E+03,3.239187E-02,2.968893E-01,0.000000E+00,0.000000E+00,0.000000E+00,0.000000E+00,0.000000E+00,0.000000E+00,0.000000E+00,0.000000E+00,2.111000E+01,4.455040E+01,2.388861E+01,4.270685E+01,3.105439E+03,2.519225E+03,1.054061E-01,2.221467E-01,0.000000E+00,0.000000E+00,0.000000E+00,0.000000E+00,0.000000E+00,0.000000E+00,0.000000E+00,0.000000E+00,2.110784E+01,4.006497E+01,2.388879E+01,4.247679E+01,1.893141E+03,1.561679E+03,6.425736E-02,1.377092E-01,0.000000E+00,0.000000E+00,0.000000E+00,0.000000E+00,0.000000E+00,0.000000E+00,0.000000E+00,0.000000E+00,2.110766E+01,3.971583E+01,2.388884E+01,4.234159E+01,3.128152E+03,2.533096E+03,1.061767E-01,2.233698E-01,0.000000E+00,0.000000E+00,0.000000E+00,0.000000E+00,0.000000E+00,0.000000E+00,0.000000E+00,0.000000E+00,2.110776E+01,3.991972E+01,2.388880E+01,4.245205E+01,1.876456E+03,1.624497E+03,6.369104E-02,1.432484E-01,0.000000E+00,0.000000E+00,0.000000E+00,0.000000E+00,0.000000E+00,0.000000E+00,0.000000E+00,0.000000E+00,2.110766E+01,3.968007E+01,2.388885E+01,4.225161E+01
03:30:00,9.542962E+02,3.362329E+03,3.239353E-02,2.964972E-01,0.000000E+00,0.000000E+00,0.000000E+00,0.000000E+00,0.000000E+00,0.000000E+00,0.000000E+00,0.000000E+00,2.111000E+01,4.455040E+01,2.388861E+01,4.271052E+01,3.105456E+03,2.508358E+03,1.054067E-01,2.211885E-01,0.000000E+00,0.000000E+00,0.000000E+00,0.000000E+00,0.000000E+00,0.000000E+00,0.000000E+00,0.000000E+00,2.110784E+01,4.006499E+01,2.388879E+01,4.248922E+01,1.893150E+03,1.554197E+03,6.425767E-02,1.370495E-01,0.000000E+00,0.000000E+00,0.000000E+00,0.000000E+00,0.000000E+00,0.000000E+00,0.000000E+00,0.000000E+00,2.110766E+01,3.971585E+01,2.388884E+01,4.235462E+01,3.128169E+03,2.522232E+03,1.061773E-01,2.224118E-01,0.000000E+00,0.000000E+00,0.000000E+00,0.000000E+00,0.000000E+00,0.000000E+00,0.000000E+00,0.000000E+00,2.110776E+01,3.991974E+01,2.388880E+01,4.246438E+01,1.876465E+03,1.615874E+03,6.369135E-02,1.424881E-01,0.000000E+00,0.000000E+00,0.000000E+00,0.000000E+00,0.000000E+00,0.000000E+00,0.000000E+00,0.000000E+00,2.110766E+01,3.968009E+01,2.388885E+01,4.226532E+01
03:40:00,9.543446E+02,3.357922E+03,3.239518E-02,2.961085E-01,0.000000E+00,0.000000E+00,0.000000E+00,0.000000E+00,0.000000E+00,0.000000E+00,0.000000E+00,0.000000E+00,2.111000E+01,4.455040E+01,2.388861E+01,4.271416E+01,3.105473E+03,2.497667E+03,1.054072E-01,2.202458E-01,0.000000E+00,0.000000E+00,0.000000E+00,0.000000E+00,0.000000E+00,0.000000E+00,0.000000E+00,0.000000E+00,2.110784E+01,4.006501E+01,2.388879E+01,4.250158E+01,1.893159E+03,1.546839E+03,6.425798E-02,1.364006E-01,0.000000E+00,0.000000E+00,0.000000E+00,0.000000E+00,0.000000E+00,0.000000E+00,0.000000E+00,0.000000E+00,2.110766E+01,3.971587E+01,2.388884E+01,4.236758E+01,3.128186E+03,2.511542E+03,1.061779E-01,2.214692E-01,0.000000E+00,0.000000E+00,0.000000E+00,0.000000E+00,0.000000E+00,0.000000E+00,0.000000E+00,0.000000E+00,2.110776E+01,3.991977E+01,2.388880E+01,4.247663E+01,1.876474E+03,1.607422E+03,6.369166E-02,1.417428E-01,0.000000E+00,0.000000E+00,0.000000E+00,0.000000E+00,0.000000E+00,0.000000E+00,0.000000E+00,0.000000E+00,2.110766E+01,3.968011E+01,2.388884E+01,4.227893E+01
03:50:00,9.543928E+02,3.353552E+03,3.239681E-02,2.957232E-01,0.000000E+00,0.000000E+00,0.000000E+00,0.000000E+00,0.000000E+00,0.000000E+00,0.000000E+00,0.000000E+00,2.111000E+01,4.455040E+01,2.388861E+01,4.271778E+01,3.105490E+03,2.487146E+03,1.054078E-01,2.193181E-01,0.000000E+00,0.000000E+00,0.000000E+00,0.000000E+00,0.000000E+00,0.000000E+00,0.000000E+00,0.000000E+00,2.110784E+01,4.006503E+01,2.388879E+01,4.251386E+01,1.893168E+03,1.539598E+03,6.425828E-02,1.357622E-01,0.000000E+00,0.000000E+00,0.000000E+00,0.000000E+00,0.000000E+00,0.000000E+00,0.000000E+00,0.000000E+00,2.110766E+01,3.971589E+01,2.388883E+01,4.238048E+01,3.128203E+03,2.501020E+03,1.061784E-01,2.205413E-01,0.000000E+00,0.000000E+00,0.000000E+00,0.000000E+00,0.000000E+00,0.000000E+00,0.000000E+00,0.000000E+00,2.110776E+01,3.991979E+01,2.388880E+01,4.248880E+01,1.876483E+03,1.599131E+03,6.369197E-02,1.410117E-01,0.000000E+00,0.000000E+00,0.000000E+00,0.000000E+00,0.000000E+00,0.000000E+00,0.000000E+00,0.000000E+00,2.110766E+01,3.968013E+01,2.388884E+01,4.229245E+01
04:00:00,9.544405E+02,3.349217E+03,3.239843E-02,2.953410E-01,0.000000E+00,0.000000E+00,0.000000E+00,0.000000E+00,0.000000E+00,0.000000E+00,0.000000E+00,0.000000E+00,2.111000E+01,4.455040E+01,2.388861E+01,4.272137E+01,3.105506E+03,2.476791E+03,1.054084E-01,2.184050E-01,0.000000E+00,0.000000E+00,0.000000E+00,0.000000E+00,0.000000E+00,0.000000E+00,0.000000E+00,0.000000E+00,2.110784E+01,4.006506E+01,2.388879E+01,4.252607E+01,1.893177E+03,1.532471E+03,6.425859E-02,1.351337E-01,0.000000E+00,0.000000E+00,0.000000E+00,0.000000E+00,0.000000E+00,0.000000E+00,0.000000E+00,0.000000E+00,2.110766E+01,3.971591E+01,2.388883E+01,4.239331E+01,3.128220E+03,2.490656E+03,1.061790E-01,2.196275E-01,0.000000E+00,0.000000E+00,0.000000E+00,0.000000E+00,0.000000E+00,0.000000E+00,0.000000E+00,0.000000E+00,2.110776E+01,3.991981E+01,2.388879E+01,4.250091E+01,1.876492E+03,1.590994E+03,6.369227E-02,1.402942E-01,0.000000E+00,0.000000E+00,0.000000E+00,0.000000E+00,0.000000E+00,0.000000E+00,0.000000E+00,0.000000E+00,2.110766E+01,3.968015E+01,2.388884E+01,4.230587E+01
04:10:00,9.544880E+02,3.344918E+03,3.240004E-02,2.949619E-01,0.000000E+00,0.000000E+00,0.000000E+00,0.000000E+00,0.000000E+00,0.000000E+00,0.000000E+00,0.000000E+00,2.111000E+01,4.455040E+01,2.388861E+01,4.272495E+01,3.105523E+03,2.466670E+03,1.054089E-01,2.175126E-01,0.000000E+00,0.000000E+00,0.000000E+00,0.000000E+00,0.000000E+00,0.000000E+00,0.000000E+00,0.000000E+00,2.110784E+01,4.006508E+01,2.388878E+01,4.253822E+01,1.893186E+03,1.525499E+03,6.425889E-02,1.345189E-01,0.000000E+00,0.000000E+00,0.000000E+00,0.000000E+00,0.000000E+00,0.000000E+00,0.000000E+00,0.000000E+00,2.110766E+01,3.971593E+01,2.388883E+01,4.240609E+01,3.128236E+03,2.480526E+03,1.061796E-01,2.187342E-01,0.000000E+00,0.000000E+00,0.000000E+00,0.000000E+00,0.000000E+00,0.000000E+00,0.000000E+00,0.000000E+00,2.110776E+01,3.991983E+01,2.388879E+01,4.251296E+01,1.876501E+03,1.583051E+03,6.369257E-02,1.395938E-01,0.000000E+00,0.000000E+00,0.000000E+00,0.000000E+00,0.000000E+00,0.000000E+00,0.000000E+00,0.000000E+00,2.110766E+01,3.968017E+01,2.388884E+01,4.231922E+01
04:20:00,9.545351E+02,3.340651E+03,3.240164E-02,2.945857E-01,0.000000E+00,0.000000E+00,0.000000E+00,0.000000E+00,0.000000E+00,0.000000E+00,0.000000E+00,0.000000E+00,2.111000E+01,4.455040E+01,2.388861E+01,4.272851E+01,3.105539E+03,2.456778E+03,1.054095E-01,2.166403E-01,0.000000E+00,0.000000E+00,0.000000E+00,0.000000E+00,0.000000E+00,0.000000E+00,0.000000E+00,0.000000E+00,2.110784E+01,4.006510E+01,2.388878E+01,4.255012E+01,1.893195E+03,1.518679E+03,6.425918E-02,1.339176E-01,0.000000E+00,0.000000E+00,0.000000E+00,0.000000E+00,0.000000E+00,0.000000E+00,0.000000E+00,0.000000E+00,2.110766E+01,3.971595E+01,2.388883E+01,4.241863E+01,3.128253E+03,2.470629E+03,1.061801E-01,2.178616E-01,0.000000E+00,0.000000E+00,0.000000E+00,0.000000E+00,0.000000E+00,0.000000E+00,0.000000E+00,0.000000E+00,2.110776E+01,3.991985E+01,2.388879E+01,4.252477E+01,1.876510E+03,1.575297E+03,6.369287E-02,1.389101E-01,0.000000E+00,0.000000E+00,0.000000E+00,0.000000E+00,0.000000E+00,0.000000E+00,0.000000E+00,0.000000E+00,2.110766E+01,3.968019E+01,2.388884E+01,4.233231E+01
04:30:00,9.545819E+02,3.336419E+03,3.240323E-02,2.942125E-01,0.000000E+00,0.000000E+00,0.000000E+00,0.000000E+00,0.000000E+00,0.000000E+00,0.000000E+00,0.000000E+00,2.111000E+01,4.455040E+01,2.388861E+01,4.273205E+01,3.105556E+03,2.447109E+03,1.054100E-01,2.157878E-01,0.000000E+00,0.000000E+00,0.000000E+00,0.000000E+00,0.000000E+00,0.000000E+00,0.000000E+00,0.000000E+00,2.110784E+01,4.006512E+01,2.388878E+01,4.256172E+01,1.893203E+03,1.512009E+03,6.425948E-02,1.333294E-01,0.000000E+00,0.000000E+00,0.000000E+00,0.000000E+00,0.000000E+00,0.000000E+00,0.000000E+00,0.000000E+00,2.110766E+01,3.971597E+01,2.388883E+01,4.243087E+01,3.128269E+03,2.460962E+03,1.061807E-01,2.170092E-01,0.000000E+00,0.000000E+00,0.000000E+00,0.000000E+00,0.000000E+00,0.000000E+00,0.000000E+00,0.000000E+00,2.110776E+01,3.991987E+01,2.388879E+01,4.253626E+01,1.876519E+03,1.567728E+03,6.369317E-02,1.382427E-01,0.000000E+00,0.000000E+00,0.000000E+00,0.000000E+00,0.000000E+00,0.000000E+00,0.000000E+00,0.000000E+00,2.110766E+01,3.968021E+01,2.388883E+01,4.234508E+01
04:40:00,9.546284E+02,3.332221E+03,3.240481E-02,2.938422E-01,0.000000E+00,0.000000E+00,0.000000E+00,0.000000E+00,0.000000E+00,0.000000E+00,0.000000E+00,0.000000E+00,2.111000E+01,4.455040E+01,2.388861E+01,4.273557E+01,3.105572E+03,2.437660E+03,1.054106E-01,2.149546E-01,0.000000E+00,0.000000E+00,0.000000E+00,0.000000E+00,0.000000E+00,0.000000E+00,0.000000E+00,0.000000E+00,2.110784E+01,4.006514E+01,2.388878E+01,4.257306E+01,1.893212E+03,1.505486E+03,6.425977E-02,1.327543E-01,0.000000E+00,0.000000E+00,0.000000E+00,0.000000E+00,0.000000E+00,0.000000E+00,0.000000E+00,0.000000E+00,2.110766E+01,3.971599E+01,2.388882E+01,4.244284E+01,3.128285E+03,2.451523E+03,1.061812E-01,2.161769E-01,0.000000E+00,0.000000E+00,0.000000E+00,0.000000E+00,0.000000E+00,0.000000E+00,0.000000E+00,0.000000E+00,2.110776E+01,3.991989E+01,2.388879E+01,4.254748E+01,1.876527E+03,1.560340E+03,6.369346E-02,1.375912E-01,0.000000E+00,0.000000E+00,0.000000E+00,0.000000E+00,0.000000E+00,0.000000E+00,0.000000E+00,0.000000E+00,2.110766E+01,3.968023E+01,2.388883E+01,4.235757E+01
04:50:00,9.546745E+02,3.328057E+03,3.240637E-02,2.934751E-01,0.000000E+00,0.000000E+00,0.000000E+00,0.000000E+00,0.000000E+00,0.000000E+00,0.000000E+00,0.000000E+00,2.111000E+01,4.455040E+01,2.388861E+01,4.273907E+01,3.105588E+03,2.428426E+03,1.054111E-01,2.141404E-01,0.000000E+00,0.000000E+00,0.000000E+00,0.000000E+00,0.000000E+00,0.000000E+00,0.000000E+00,0.000000E+00,2.110784E+01,4.006516E+01,2.388878E+01,4.258419E+01,1.893220E+03,1.499111E+03,6.426006E-02,1.321922E-01,0.000000E+00,0.000000E+00,0.000000E+00,0.000000E+00,0.000000E+00,0.000000E+00,0.000000E+00,0.000000E+00,2.110766E+01,3.971600E+01,2.388882E+01,4.245461E+01,3.128301E+03,2.442310E+03,1.061818E-01,2.153645E-01,0.000000E+00,0.000000E+00,0.000000E+00,0.000000E+00,0.000000E+00,0.000000E+00,0.000000E+00,0.000000E+00,2.110776E+01,3.991991E+01,2.388879E+01,4.255847E+01,1.876536E+03,1.553129E+03,6.369375E-02,1.369553E-01,0.000000E+00,0.000000E+00,0.000000E+00,0.000000E+00,0.000000E+00,0.000000E+00,0.000000E+00,0.000000E+00,2.110766E+01,3.968025E+01,2.388883E+01,4.236983E+01
05:00:00,9.547204E+02,3.323928E+03,3.240793E-02,2.931110E-01,0.000000E+00,0.000000E+00,0.000000E+00,0.000000E+00,0.000000E+00,0.000000E+00,0.000000E+00,0.000000E+00,2.111000E+01,4.455040E+01,2.388861E+01,4.274255E+01,3.105604E+03,2.419401E+03,1.054117E-01,2.133446E-01,0.000000E+00,0.000000E+00,0.000000E+00,0.000000E+00,0.000000E+00,0.000000E+00,0.000000E+00,0.000000E+00,2.110784E+01,4.006518E+01,2.388878E+01,4.259517E+01,1.893229E+03,1.492881E+03,6.426035E-02,1.316429E-01,0.000000E+00,0.000000E+00,0.000000E+00,0.000000E+00,0.000000E+00,0.000000E+00,0.000000E+00,0.000000E+00,2.110766E+01,3.971602E+01,2.388882E+01,4.246623E+01,3.128317E+03,2.433322E+03,1.061823E-01,2.145719E-01,0.000000E+00,0.000000E+00,0.000000E+00,0.000000E+00,0.000000E+00,0.000000E+00,0.000000E+00,0.000000E+00,2.110776E+01,3.991993E+01,2.388878E+01,4.256931E+01,1.876544E+03,1.546092E+03,6.369404E-02,1.363349E-01,0.000000E+00,0.000000E+00,0.000000E+00,0.000000E+00,0.000000E+00,0.000000E+00,0.000000E+00,0.000000E+00,2.110766E+01,3.968027E+01,2.388883E+01,4.238194E+01
05:10:00,9.547659E+02,3.319836E+03,3.240948E-02,2.927501E-01,0.000000E+00,0.000000E+00,0.000000E+00,0.000000E+00,0.000000E+00,0.000000E+00,0.000000E+00,0.000000E+00,2.111000E+01,4.455040E+01,2.388861E+01,4.274600E+01,3.105619E+03,2.410819E+03,1.054122E-01,2.125878E-01,0.000000E+00,0.000000E+00,0.000000E+00,0.000000E+00,0.000000E+00,0.000000E+00,0.000000E+00,0.000000E+00,2.110784E+01,4.006520E+01,2.388878E+01,4.260603E+01,1.893237E+03,1.486927E+03,6.426063E-02,1.311178E-01,0.000000E+00,0.000000E+00,0.000000E+00,0.000000E+00,0.000000E+00,0.000000E+00,0.000000E+00,0.000000E+00,2.110766E+01,3.971604E+01,2.388882E+01,4.247773E+01,3.128333E+03,2.424792E+03,1.061829E-01,2.138198E-01,0.000000E+00,0.000000E+00,0.000000E+00,0.000000E+00,0.000000E+00,0.000000E+00,0.000000E+00,0.000000E+00,2.110776E+01,3.991995E+01,2.388878E+01,4.258002E+01,1.876553E+03,1.539368E+03,6.369433E-02,1.357420E-01,0.000000E+00,0.000000E+00,0.000000E+00,0.000000E+00,0.000000E+00,0.000000E+00,0.000000E+00,0.000000E+00,2.110766E+01,3.968029E+01,2.388883E+01,4.239392E+01
05:20:00,9.548111E+02,3.315784E+03,3.241101E-02,2.923929E-01,0.000000E+00,0.000000E+00,0.000000E+00,0.000000E+00,0.000000E+00,0.000000E+00,0.000000E+00,0.000000E+00,2.111000E+01,4.455040E+01,2.388860E+01,4.274944E+01,3.105635E+03,2.402697E+03,1.054127E-01,2.118716E-01,0.000000E+00,0.000000E+00,0.000000E+00,0.000000E+00,0.000000E+00,0.000000E+00,0.000000E+00,0.000000E+00,2.110784E+01,4.006522E+01,2.388877E+01,4.261605E+01,1.893246E+03,1.481257E+03,6.426092E-02,1.306178E-01,0.000000E+00,0.000000E+00,0.000000E+00,0.000000E+00,0.000000E+00,0.000000E+00,0.000000E+00,0.000000E+00,2.110766E+01,3.971606E+01,2.388882E+01,4.248837E+01,3.128349E+03,2.416745E+03,1.061834E-01,2.131103E-01,0.000000E+00,0.000000E+00,0.000000E+00,0.000000E+00,0.000000E+00,0.000000E+00,0.000000E+00,0.000000E+00,2.110776E+01,3.991997E+01,2.388878E+01,4.258987E+01,1.876561E+03,1.532963E+03,6.369461E-02,1.351773E-01,0.000000E+00,0.000000E+00,0.000000E+00,0.000000E+00,0.000000E+00,0.000000E+00,0.000000E+00,0.000000E+00,2.110766E+01,3.968031E+01,2.388882E+01,4.240502E+01
05:30:00,9.548560E+02,3.311779E+03,3.241253E-02,2.920397E-01,0.000000E+00,0.000000E+00,0.000000E+00,0.000000E+00,0.000000E+00,0.000000E+00,0.000000E+00,0.000000E+00,2.111000E+01,4.455040E+01,2.388860E+01,4.275285E+01,3.105651E+03,2.395054E+03,1.054133E-01,2.111977E-01,0.000000E+00,0.000000E+00,0.000000E+00,0.000000E+00,0.000000E+00,0.000000E+00,0.000000E+00,0.000000E+00,2.110784E+01,4.006524E+01,2.388877E+01,4.262494E+01,1.893254E+03,1.475879E+03,6.426120E-02,1.301437E-01,0.000000E+00,0.000000E+00,0.000000E+00,0.000000E+00,0.000000E+00,0.000000E+00,0.000000E+00,0.000000E+00,2.110766E+01,3.971608E+01,2.388881E+01,4.249788E+01,3.128364E+03,2.409198E+03,1.061839E-01,2.124448E-01,0.000000E+00,0.000000E+00,0.000000E+00,0.000000E+00,0.000000E+00,0.000000E+00,0.000000E+00,0.000000E+00,2.110776E+01,3.991999E+01,2.388878E+01,4.259853E+01,1.876569E+03,1.526886E+03,6.369489E-02,1.346414E-01,0.000000E+00,0.000000E+00,0.000000E+00,0.000000E+00,0.000000E+00,0.000000E+00,0.000000E+00,0.000000E+00,2.110766E+01,3.968032E+01,2.388882E+01,4.241498E+01
05:40:00,9.549006E+02,3.307827E+03,3.241405E-02,2.916912E-01,0.000000E+00,0.000000E+00,0.000000E+00,0.000000E+00,0.000000E+00,0.000000E+00,0.000000E+00,0.000000E+00,2.111000E+01,4.455040E+01,2.388860E+01,4.275623E+01,3.105666E+03,2.387907E+03,1.054138E-01,2.105675E-01,0.000000E+00,0.000000E+00,0.000000E+00,0.000000E+00,0.000000E+00,0.000000E+00,0.000000E+00,0.000000E+00,2.110784E+01,4.006526E+01,2.388877E+01,4.263281E+01,1.893262E+03,1.470806E+03,6.426148E-02,1.296963E-01,0.000000E+00,0.000000E+00,0.000000E+00,0.000000E+00,0.000000E+00,0.000000E+00,0.000000E+00,0.000000E+00,2.110766E+01,3.971610E+01,2.388881E+01,4.250637E+01,3.128380E+03,2.402169E+03,1.061844E-01,2.118251E-01,0.000000E+00,0.000000E+00,0.000000E+00,0.000000E+00,0.000000E+00,0.000000E+00,0.000000E+00,0.000000E+00,2.110776E+01,3.992001E+01,2.388878E+01,4.260614E+01,1.876578E+03,1.521147E+03,6.369517E-02,1.341353E-01,0.000000E+00,0.000000E+00,0.000000E+00,0.000000E+00,0.000000E+00,0.000000E+00,0.000000E+00,0.000000E+00,2.110766E+01,3.968034E+01,2.388882E+01,4.242393E+01
05:50:00,9.549448E+02,3.303933E+03,3.241555E-02,2.913478E-01,0.000000E+00,0.000000E+00,0.000000E+00,0.000000E+00,0.000000E+00,0.000000E+00,0.000000E+00,0.000000E+00,2.111000E+01,4.455040E+01,2.388860E+01,4.275957E+01,3.105681E+03,2.381274E+03,1.054143E-01,2.099826E-01,0.000000E+00,0.000000E+00,0.000000E+00,0.000000E+00,0.000000E+00,0.000000E+00,0.000000E+00,0.000000E+00,2.110784E+01,4.006528E+01,2.388877E+01,4.263989E+01,1.893270E+03,1.466046E+03,6.426176E-02,1.292766E-01,0.000000E+00,0.000000E+00,0.000000E+00,0.000000E+00,0.000000E+00,0.000000E+00,0.000000E+00,0.000000E+00,2.110766E+01,3.971611E+01,2.388881E+01,4.251408E+01,3.128395E+03,2.395677E+03,1.061850E-01,2.112526E-01,0.000000E+00,0.000000E+00,0.000000E+00,0.000000E+00,0.000000E+00,0.000000E+00,0.000000E+00,0.000000E+00,2.110776E+01,3.992003E+01,2.388878E+01,4.261292E+01,1.876586E+03,1.515754E+03,6.369545E-02,1.336597E-01,0.000000E+00,0.000000E+00,0.000000E+00,0.000000E+00,0.000000E+00,0.000000E+00,0.000000E+00,0.000000E+00,2.110766E+01,3.968036E+01,2.388882E+01,4.243211E+01
06:00:00,9.549888E+02,3.300112E+03,3.241704E-02,2.910109E-01,0.000000E+00,0.000000E+00,0.000000E+00,0.000000E+00,0.000000E+00,0.000000E+00,0.000000E+00,0.000000E+00,2.111000E+01,4.455040E+01,2.388860E+01,4.276287E+01,3.105697E+03,2.375953E+03,1.054148E-01,2.095134E-01,0.000000E+00,0.000000E+00,0.000000E+00,0.000000E+00,0.000000E+00,0.000000E+00,0.000000E+00,0.000000E+00,2.110784E+01,4.006529E+01,2.388877E+01,4.264638E+01,1.893278E+03,1.462200E+03,6.426203E-02,1.289375E-01,0.000000E+00,0.000000E+00,0.000000E+00,0.000000E+00,0.000000E+00,0.000000E+00,0.000000E+00,0.000000E+00,2.110766E+01,3.971613E+01,2.388881E+01,4.252123E+01,3.128410E+03,2.390634E+03,1.061855E-01,2.108079E-01,0.000000E+00,0.000000E+00,0.000000E+00,0.000000E+00,0.000000E+00,0.000000E+00,0.000000E+00,0.000000E+00,2.110776E+01,3.992005E+01,2.388878E+01,4.261910E+01,1.876594E+03,1.511138E+03,6.369573E-02,1.332528E-01,0.000000E+00,0.000000E+00,0.000000E+00,0.000000E+00,0.000000E+00,0.000000E+00,0.000000E+00,0.000000E+00,2.110766E+01,3.968038E+01,2.388882E+01,4.243972E+01
06:10:00,9.550324E+02,3.296416E+03,3.241852E-02,2.906850E-01,0.000000E+00,0.000000E+00,0.000000E+00,0.000000E+00,0.000000E+00,0.000000E+00,0.000000E+00,0.000000E+00,2.111000E+01,4.455040E+01,2.388860E+01,4.276610E+01,3.105712E+03,2.372446E+03,1.054153E-01,2.092042E-01,0.000000E+00,0.000000E+00,0.000000E+00,0.000000E+00,0.000000E+00,0.000000E+00,0.000000E+00,0.000000E+00,2.110784E+01,4.006531E+01,2.388877E+01,4.265154E+01,1.893286E+03,1.461359E+03,6.426230E-02,1.288634E-01,0.000000E+00,0.000000E+00,0.000000E+00,0.000000E+00,0.000000E+00,0.000000E+00,0.000000E+00,0.000000E+00,2.110766E+01,3.971615E+01,2.388881E+01,4.252689E+01,3.128425E+03,2.388821E+03,1.061860E-01,2.106480E-01,0.000000E+00,0.000000E+00,0.000000E+00,0.000000E+00,0.000000E+00,0.000000E+00,0.000000E+00,0.000000E+00,2.110776E+01,3.992007E+01,2.388877E+01,4.262382E+01,1.876602E+03,1.507548E+03,6.369600E-02,1.329362E-01,0.000000E+00,0.000000E+00,0.000000E+00,0.000000E+00,0.000000E+00,0.000000E+00,0.000000E+00,0.000000E+00,2.110766E+01,3.968040E+01,2.388882E+01,4.244618E+01
06:20:00,9.550758E+02,3.292964E+03,3.241999E-02,2.903806E-01,0.000000E+00,0.000000E+00,0.000000E+00,0.000000E+00,0.000000E+00,0.000000E+00,0.000000E+00,0.000000E+00,2.111000E+01,4.455040E+01,2.388860E+01,4.276925E+01,3.105727E+03,2.371492E+03,1.054158E-01,2.091202E-01,0.000000E+00,0.000000E+00,0.000000E+00,0.000000E+00,0.000000E+00,0.000000E+00,0.000000E+00,0.000000E+00,2.110784E+01,4.006533E+01,2.388876E+01,4.265741E+01,1.893294E+03,1.468612E+03,6.426257E-02,1.295029E-01,0.000000E+00,0.000000E+00,0.000000E+00,0.000000E+00,0.000000E+00,0.000000E+00,0.000000E+00,0.000000E+00,2.110766E+01,3.971617E+01,2.388880E+01,4.253024E+01,3.128440E+03,2.393781E+03,1.061865E-01,2.110855E-01,0.000000E+00,0.000000E+00,0.000000E+00,0.000000E+00,0.000000E+00,0.000000E+00,0.000000E+00,0.000000E+00,2.110776E+01,3.992009E+01,2.388877E+01,4.262781E+01,1.876610E+03,1.505367E+03,6.369627E-02,1.327439E-01,0.000000E+00,0.000000E+00,0.000000E+00,0.000000E+00,0.000000E+00,0.000000E+00,0.000000E+00,0.000000E+00,2.110766E+01,3.968041E+01,2.388881E+01,4.245399E+01
06:30:00,9.551188E+02,3.289942E+03,3.242146E-02,2.901141E-01,0.000000E+00,0.000000E+00,0.000000E+00,0.000000E+00,0.000000E+00,0.000000E+00,0.000000E+00,0.000000E+00,2.111000E+01,4.455040E+01,2.388860E+01,4.277217E+01,3.105741E+03,2.373471E+03,1.054164E-01,2.092947E-01,0.000000E+00,0.000000E+00,0.000000E+00,0.000000E+00,0.000000E+00,0.000000E+00,0.000000E+00,0.000000E+00,2.110784E+01,4.006535E+01,2.388876E+01,4.266099E+01,1.893302E+03,1.484445E+03,6.426284E-02,1.308992E-01,0.000000E+00,0.000000E+00,0.000000E+00,0.000000E+00,0.000000E+00,0.000000E+00,0.000000E+00,0.000000E+00,2.110766E+01,3.971618E+01,2.388877E+01,4.251889E+01,3.128455E+03,2.405458E+03,1.061870E-01,2.121152E-01,0.000000E+00,0.000000E+00,0.000000E+00,0.000000E+00,0.000000E+00,0.000000E+00,0.000000E+00,0.000000E+00,2.110776E+01,3.992011E+01,2.388875E+01,4.262446E+01,1.876618E+03,1.504788E+03,6.369654E-02,1.326929E-01,0.000000E+00,0.000000E+00,0.000000E+00,0.000000E+00,0.000000E+00,0.000000E+00,0.000000E+00,0.000000E+00,2.110766E+01,3.968043E+01,2.388881E+01,4.246016E+01
06:40:00,9.551616E+02,3.287542E+03,3.242291E-02,2.899025E-01,0.000000E+00,0.000000E+00,0.000000E+00,0.000000E+00,0.000000E+00,0.000000E+00,0.000000E+00,0.000000E+00,2.111000E+01,4.455040E+01,2.388860E+01,4.277469E+01,3.105756E+03,2.378781E+03,1.054169E-01,2.097631E-01,0.000000E+00,0.000000E+00,0.000000E+00,0.000000E+00,0.000000E+00,0.000000E+00,0.000000E+00,0.000000E+00,2.110784E+01,4.006537E+01,2.388875E+01,4.266031E+01,1.893310E+03,1.510133E+03,6.426311E-02,1.331645E-01,0.000000E+00,0.000000E+00,0.000000E+00,0.000000E+00,0.000000E+00,0.000000E+00,0.000000E+00,0.000000E+00,2.110766E+01,3.971620E+01,2.388874E+01,4.248832E+01,3.128470E+03,2.423849E+03,1.061875E-01,2.137372E-01,0.000000E+00,0.000000E+00,0.000000E+00,0.000000E+00,0.000000E+00,0.000000E+00,0.000000E+00,0.000000E+00,2.110776E+01,3.992013E+01,2.388874E+01,4.261143E+01,1.876626E+03,1.506013E+03,6.369681E-02,1.328009E-01,0.000000E+00,0.000000E+00,0.000000E+00,0.000000E+00,0.000000E+00,0.000000E+00,0.000000E+00,0.000000E+00,2.110766E+01,3.968045E+01,2.388880E+01,4.246262E+01
06:50:00,9.552041E+02,3.285954E+03,3.242435E-02,2.897625E-01,0.000000E+00,0.000000E+00,0.000000E+00,0.000000E+00,0.000000E+00,0.000000E+00,0.000000E+00,0.000000E+00,2.111000E+01,4.455040E+01,2.388860E+01,4.277661E+01,3.105771E+03,2.388116E+03,1.054173E-01,2.105863E-01,0.000000E+00,0.000000E+00,0.000000E+00,0.000000E+00,0.000000E+00,0.000000E+00,0.000000E+00,0.000000E+00,2.110784E+01,4.006539E+01,2.388874E+01,4.265500E+01,1.893318E+03,1.549340E+03,6.426337E-02,1.366220E-01,0.000000E+00,0.000000E+00,0.000000E+00,0.000000E+00,0.000000E+00,0.000000E+00,0.000000E+00,0.000000E+00,2.110766E+01,3.971622E+01,2.388871E+01,4.243976E+01,3.128485E+03,2.450661E+03,1.061880E-01,2.161016E-01,0.000000E+00,0.000000E+00,0.000000E+00,0.000000E+00,0.000000E+00,0.000000E+00,0.000000E+00,0.000000E+00,2.110776E+01,3.992015E+01,2.388873E+01,4.259020E+01,1.876634E+03,1.509380E+03,6.369707E-02,1.330979E-01,0.000000E+00,0.000000E+00,0.000000E+00,0.000000E+00,0.000000E+00,0.000000E+00,0.000000E+00,0.000000E+00,2.110766E+01,3.968047E+01,2.388880E+01,4.246101E+01
07:00:00,9.552462E+02,3.285359E+03,3.242578E-02,2.897100E-01,0.000000E+00,0.000000E+00,0.000000E+00,0.000000E+00,0.000000E+00,0.000000E+00,0.000000E+00,0.000000E+00,2.111000E+01,4.455040E+01,2.388860E+01,4.277778E+01,3.105785E+03,2.400818E+03,1.054178E-01,2.117064E-01,0.000000E+00,0.000000E+00,0.000000E+00,0.000000E+00,0.000000E+00,0.000000E+00,0.000000E+00,0.000000E+00,2.110784E+01,4.006541E+01,2.388874E+01,4.264515E+01,1.893326E+03,1.599860E+03,6.426363E-02,1.410773E-01,0.000000E+00,0.000000E+00,0.000000E+00,0.000000E+00,0.000000E+00,0.000000E+00,0.000000E+00,0.000000E+00,2.110766E+01,3.971623E+01,2.388869E+01,4.237255E+01,3.128499E+03,2.483524E+03,1.061885E-01,2.189997E-01,0.000000E+00,0.000000E+00,0.000000E+00,0.000000E+00,0.000000E+00,0.000000E+00,0.000000E+00,0.000000E+00,2.110776E+01,3.992017E+01,2.388872E+01,4.256160E+01,1.876641E+03,1.514512E+03,6.369733E-02,1.335505E-01,0.000000E+00,0.000000E+00,0.000000E+00,0.000000E+00,0.000000E+00,0.000000E+00,0.000000E+00,0.000000E+00,2.110766E+01,3.968048E+01,2.388879E+01,4.245555E+01
07:10:00,9.552881E+02,3.285696E+03,3.242720E-02,2.897388E-01,0.000000E+00,0.000000E+00,0.000000E+00,0.000000E+00,0.000000E+00,0.000000E+00,0.000000E+00,0.000000E+00,2.111000E+01,4.455040E+01,2.388883E+01,4.277746E+01,3.105800E+03,2.417142E+03,1.054183E-01,2.131453E-01,0.000000E+00,0.000000E+00,0.000000E+00,0.000000E+00,0.000000E+00,0.000000E+00,0.000000E+00,0.000000E+00,2.110784E+01,4.006542E+01,2.388894E+01,4.262624E+01,1.893333E+03,1.660145E+03,6.426389E-02,1.463930E-01,0.000000E+00,0.000000E+00,0.000000E+00,0.000000E+00,0.000000E+00,0.000000E+00,0.000000E+00,0.000000E+00,2.110766E+01,3.971625E+01,2.388888E+01,4.226969E+01,3.128513E+03,2.520503E+03,1.061890E-01,2.222600E-01,0.000000E+00,0.000000E+00,0.000000E+00,0.000000E+00,0.000000E+00,0.000000E+00,0.000000E+00,0.000000E+00,2.110776E+01,3.992018E+01,2.388892E+01,4.251883E+01,1.876649E+03,1.521583E+03,6.369760E-02,1.341737E-01,0.000000E+00,0.000000E+00,0.000000E+00,0.000000E+00,0.000000E+00,0.000000E+00,0.000000E+00,0.000000E+00,2.110766E+01,3.968050E+01,2.388898E+01,4.244327E+01
07:20:00,9.553297E+02,3.287121E+03,3.242861E-02,2.898623E-01,0.000000E+00,0.000000E+00,0.000000E+00,0.000000E+00,0.000000E+00,0.000000E+00,0.000000E+00,0.000000E+00,2.111000E+01,4.455040E+01,2.388909E+01,4.277617E+01,3.105814E+03,2.436818E+03,1.054188E-01,2.148791E-01,0.000000E+00,0.000000E+00,0.000000E+00,0.000000E+00,0.000000E+00,0.000000E+00,0.000000E+00,0.000000E+00,2.110784E+01,4.006544E+01,2.388917E+01,4.260716E+01,1.893341E+03,1.725294E+03,6.426415E-02,1.521371E-01,0.000000E+00,0.000000E+00,0.000000E+00,0.000000E+00,0.000000E+00,0.000000E+00,0.000000E+00,0.000000E+00,2.110766E+01,3.971627E+01,2.388913E+01,4.218779E+01,3.128528E+03,2.556802E+03,1.061895E-01,2.254595E-01,0.000000E+00,0.000000E+00,0.000000E+00,0.000000E+00,0.000000E+00,0.000000E+00,0.000000E+00,0.000000E+00,2.110776E+01,3.992020E+01,2.388916E+01,4.248531E+01,1.876657E+03,1.530392E+03,6.369785E-02,1.349496E-01,0.000000E+00,0.000000E+00,0.000000E+00,0.000000E+00,0.000000E+00,0.000000E+00,0.000000E+00,0.000000E+00,2.110766E+01,3.968052E+01,2.388919E+01,4.242981E+01
07:30:00,9.553710E+02,3.289518E+03,3.243001E-02,2.900716E-01,0.000000E+00,0.000000E+00,0.000000E+00,0.000000E+00,0.000000E+00,0.000000E+00,0.000000E+00,0.000000E+00,2.111000E+01,4.455040E+01,2.388910E+01,4.277464E+01,3.105828E+03,2.459761E+03,1.054193E-01,2.169008E-01,0.000000E+00,0.000000E+00,0.000000E+00,0.000000E+00,0.000000E+00,0.000000E+00,0.000000E+00,0.000000E+00,2.110784E+01,4.006546E+01,2.388917E+01,4.258225E+01,1.893348E+03,1.794824E+03,6.426441E-02,1.582673E-01,0.000000E+00,0.000000E+00,0.000000E+00,0.000000E+00,0.000000E+00,0.000000E+00,0.000000E+00,0.000000E+00,2.110766E+01,3.971628E+01,2.388915E+01,4.209574E+01,3.128542E+03,2.591638E+03,1.061899E-01,2.285299E-01,0.000000E+00,0.000000E+00,0.000000E+00,0.000000E+00,0.000000E+00,0.000000E+00,0.000000E+00,0.000000E+00,2.110776E+01,3.992022E+01,2.388917E+01,4.244900E+01,1.876664E+03,1.540972E+03,6.369811E-02,1.358818E-01,0.000000E+00,0.000000E+00,0.000000E+00,0.000000E+00,0.000000E+00,0.000000E+00,0.000000E+00,0.000000E+00,2.110766E+01,3.968053E+01,2.388920E+01,4.241188E+01
07:40:00,9.554120E+02,3.292699E+03,3.243141E-02,2.903499E-01,0.000000E+00,0.000000E+00,0.000000E+00,0.000000E+00,0.000000E+00,0.000000E+00,0.000000E+00,0.000000E+00,2.111000E+01,4.455040E+01,2.388910E+01,4.277245E+01,3.105842E+03,2.485813E+03,1.054198E-01,2.191966E-01,0.000000E+00,0.000000E+00,0.000000E+00,0.000000E+00,0.000000E+00,0.000000E+00,0.000000E+00,0.000000E+00,2.110784E+01,4.006548E+01,2.388917E+01,4.255421E+01,1.893356E+03,1.867312E+03,6.426466E-02,1.646582E-01,0.000000E+00,0.000000E+00,0.000000E+00,0.000000E+00,0.000000E+00,0.000000E+00,0.000000E+00,0.000000E+00,2.110766E+01,3.971630E+01,2.388916E+01,4.200772E+01,3.128556E+03,2.624190E+03,1.061904E-01,2.313988E-01,0.000000E+00,0.000000E+00,0.000000E+00,0.000000E+00,0.000000E+00,0.000000E+00,0.000000E+00,0.000000E+00,2.110776E+01,3.992024E+01,2.388918E+01,4.241589E+01,1.876672E+03,1.553223E+03,6.369837E-02,1.369613E-01,0.000000E+00,0.000000E+00,0.000000E+00,0.000000E+00,0.000000E+00,0.000000E+00,0.000000E+00,0.000000E+00,2.110766E+01,3.968055E+01,2.388920E+01,4.239120E+01
07:50:00,9.554527E+02,3.296477E+03,3.243279E-02,2.906808E-01,0.000000E+00,0.000000E+00,0.000000E+00,0.000000E+00,0.000000E+00,0.000000E+00,0.000000E+00,0.000000E+00,2.111000E+01,4.455040E+01,2.388910E+01,4.276971E+01,3.105856E+03,2.515155E+03,1.054202E-01,2.217825E-01,0.000000E+00,0.000000E+00,0.000000E+00,0.000000E+00,0.000000E+00,0.000000E+00,0.000000E+00,0.000000E+00,2.110784E+01,4.006549E+01,2.388917E+01,4.252353E+01,1.893363E+03,1.942795E+03,6.426491E-02,1.713131E-01,0.000000E+00,0.000000E+00,0.000000E+00,0.000000E+00,0.000000E+00,0.000000E+00,0.000000E+00,0.000000E+00,2.110766E+01,3.971632E+01,2.388916E+01,4.192349E+01,3.128570E+03,2.653391E+03,1.061909E-01,2.339721E-01,0.000000E+00,0.000000E+00,0.000000E+00,0.000000E+00,0.000000E+00,0.000000E+00,0.000000E+00,0.000000E+00,2.110776E+01,3.992026E+01,2.388918E+01,4.238613E+01,1.876679E+03,1.567206E+03,6.369862E-02,1.381934E-01,0.000000E+00,0.000000E+00,0.000000E+00,0.000000E+00,0.000000E+00,0.000000E+00,0.000000E+00,0.000000E+00,2.110766E+01,3.968057E+01,2.388920E+01,4.236820E+01
08:00:00,9.554931E+02,3.300662E+03,3.243416E-02,2.910477E-01,0.000000E+00,0.000000E+00,0.000000E+00,0.000000E+00,0.000000E+00,0.000000E+00,0.000000E+00,0.000000E+00,2.111000E+01,4.455040E+01,2.388910E+01,4.276656E+01,3.105870E+03,2.547379E+03,1.054207E-01,2.246226E-01,0.000000E+00,0.000000E+00,0.000000E+00,0.000000E+00,0.000000E+00,0.000000E+00,0.000000E+00,0.000000E+00,2.110784E+01,4.006551E+01,2.388917E+01,4.249020E+01,1.893371E+03,2.019474E+03,6.426516E-02,1.780734E-01,0.000000E+00,0.000000E+00,0.000000E+00,0.000000E+00,0.000000E+00,0.000000E+00,0.000000E+00,0.000000E+00,2.110766E+01,3.971633E+01,2.388917E+01,4.184015E+01,3.128584E+03,2.679374E+03,1.061914E-01,2.362616E-01,0.000000E+00,0.000000E+00,0.000000E+00,0.000000E+00,0.000000E+00,0.000000E+00,0.000000E+00,0.000000E+00,2.110776E+01,3.992027E+01,2.388919E+01,4.235868E+01,1.876687E+03,1.582837E+03,6.369887E-02,1.395709E-01,0.000000E+00,0.000000E+00,0.000000E+00,0.000000E+00,0.000000E+00,0.000000E+00,0.000000E+00,0.000000E+00,2.110766E+01,3.968058E+01,2.388920E+01,4.234295E+01
08:10:00,9.555333E+02,3.305182E+03,3.243552E-02,2.914444E-01,0.000000E+00,0.000000E+00,0.000000E+00,0.000000E+00,0.000000E+00,0.000000E+00,0.000000E+00,0.000000E+00,2.111000E+01,4.455040E+01,2.388925E+01,4.276279E+01,3.105884E+03,2.581696E+03,1.054212E-01,2.276473E-01,0.000000E+00,0.000000E+00,0.000000E+00,0.000000E+00,0.000000E+00,0.000000E+00,0.000000E+00,0.000000E+00,2.110784E+01,4.006553E+01,2.388931E+01,4.245471E+01,1.893378E+03,2.096103E+03,6.426541E-02,1.848293E-01,0.000000E+00,0.000000E+00,0.000000E+00,0.000000E+00,0.000000E+00,0.000000E+00,0.000000E+00,0.000000E+00,2.110766E+01,3.971635E+01,2.388930E+01,4.176122E+01,3.128598E+03,2.702879E+03,1.061918E-01,2.383328E-01,0.000000E+00,0.000000E+00,0.000000E+00,0.000000E+00,0.000000E+00,0.000000E+00,0.000000E+00,0.000000E+00,2.110776E+01,3.992029E+01,2.388932E+01,4.233321E+01,1.876694E+03,1.599615E+03,6.369912E-02,1.410496E-01,0.000000E+00,0.000000E+00,0.000000E+00,0.000000E+00,0.000000E+00,0.000000E+00,0.000000E+00,0.000000E+00,2.110766E+01,3.968060E+01,2.388933E+01,4.231559E+01
08:20:00,9.555732E+02,3.309917E+03,3.243688E-02,2.918609E-01,0.000000E+00,0.000000E+00,0.000000E+00,0.000000E+00,0.000000E+00,0.000000E+00,0.000000E+00,0.000000E+00,2.111000E+01,4.455040E+01,2.388933E+01,4.275907E+01,3.105897E+03,2.617860E+03,1.054216E-01,2.308354E-01,0.000000E+00,0.000000E+00,0.000000E+00,0.000000E+00,0.000000E+00,0.000000E+00,0.000000E+00,0.000000E+00,2.110784E+01,4.006555E+01,2.388938E+01,4.241883E+01,1.893385E+03,2.172375E+03,6.426566E-02,1.915539E-01,0.000000E+00,0.000000E+00,0.000000E+00,0.000000E+00,0.000000E+00,0.000000E+00,0.000000E+00,0.000000E+00,2.110766E+01,3.971636E+01,2.388938E+01,4.169253E+01,3.128611E+03,2.726512E+03,1.061923E-01,2.404159E-01,0.000000E+00,0.000000E+00,0.000000E+00,0.000000E+00,0.000000E+00,0.000000E+00,0.000000E+00,0.000000E+00,2.110776E+01,3.992031E+01,2.388939E+01,4.230928E+01,1.876701E+03,1.617599E+03,6.369936E-02,1.426349E-01,0.000000E+00,0.000000E+00,0.000000E+00,0.000000E+00,0.000000E+00,0.000000E+00,0.000000E+00,0.000000E+00,2.110766E+01,3.968062E+01,2.388940E+01,4.228748E+01
08:30:00,9.556128E+02,3.314879E+03,3.243822E-02,2.922974E-01,0.000000E+00,0.000000E+00,0.000000E+00,0.000000E+00,0.000000E+00,0.000000E+00,0.000000E+00,0.000000E+00,2.111000E+01,4.455040E+01,2.388933E+01,4.275495E+01,3.105911E+03,2.655680E+03,1.054221E-01,2.341696E-01,0.000000E+00,0.000000E+00,0.000000E+00,0.000000E+00,0.000000E+00,0.000000E+00,0.000000E+00,0.000000E+00,2.110784E+01,4.006556E+01,2.388939E+01,4.237909E+01,1.893392E+03,2.247758E+03,6.426590E-02,1.982003E-01,0.000000E+00,0.000000E+00,0.000000E+00,0.000000E+00,0.000000E+00,0.000000E+00,0.000000E+00,0.000000E+00,2.110766E+01,3.971638E+01,2.388939E+01,4.162535E+01,3.128625E+03,2.751975E+03,1.061928E-01,2.426603E-01,0.000000E+00,0.000000E+00,0.000000E+00,0.000000E+00,0.000000E+00,0.000000E+00,0.000000E+00,0.000000E+00,2.110776E+01,3.992033E+01,2.388940E+01,4.228182E+01,1.876708E+03,1.636582E+03,6.369961E-02,1.443084E-01,0.000000E+00,0.000000E+00,0.000000E+00,0.000000E+00,0.000000E+00,0.000000E+00,0.000000E+00,0.000000E+00,2.110766E+01,3.968063E+01,2.388940E+01,4.225594E+01
08:40:00,9.556521E+02,3.320170E+03,3.243956E-02,2.927629E-01,0.000000E+00,0.000000E+00,0.000000E+00,0.000000E+00,0.000000E+00,0.000000E+00,0.000000E+00,0.000000E+00,2.111000E+01,4.455040E+01,2.388933E+01,4.275056E+01,3.105924E+03,2.694999E+03,1.054226E-01,2.376358E-01,0.000000E+00,0.000000E+00,0.000000E+00,0.000000E+00,0.000000E+00,0.000000E+00,0.000000E+00,0.000000E+00,2.110784E+01,4.006558E+01,2.388939E+01,4.233974E+01,1.893400E+03,2.321989E+03,6.426614E-02,2.047450E-01,0.000000E+00,0.000000E+00,0.000000E+00,0.000000E+00,0.000000E+00,0.000000E+00,0.000000E+00,0.000000E+00,2.110766E+01,3.971640E+01,2.388940E+01,4.156673E+01,3.128638E+03,2.780573E+03,1.061932E-01,2.451812E-01,0.000000E+00,0.000000E+00,0.000000E+00,0.000000E+00,0.000000E+00,0.000000E+00,0.000000E+00,0.000000E+00,2.110776E+01,3.992034E+01,2.388940E+01,4.225253E+01,1.876716E+03,1.656649E+03,6.369985E-02,1.460774E-01,0.000000E+00,0.000000E+00,0.000000E+00,0.000000E+00,0.000000E+00,0.000000E+00,0.000000E+00,0.000000E+00,2.110766E+01,3.968065E+01,2.388941E+01,4.222425E+01
08:50:00,9.556911E+02,3.325887E+03,3.244088E-02,2.932660E-01,0.000000E+00,0.000000E+00,0.000000E+00,0.000000E+00,0.000000E+00,0.000000E+00,0.000000E+00,0.000000E+00,2.111000E+01,4.455040E+01,2.388933E+01,4.274579E+01,3.105937E+03,2.735005E+03,1.054230E-01,2.411627E-01,0.000000E+00,0.000000E+00,0.000000E+00,0.000000E+00,0.000000E+00,0.000000E+00,0.000000E+00,0.000000E+00,2.110784E+01,4.006560E+01,2.388939E+01,4.230082E+01,1.893407E+03,2.390640E+03,6.426638E-02,2.107977E-01,0.000000E+00,0.000000E+00,0.000000E+00,0.000000E+00,0.000000E+00,0.000000E+00,0.000000E+00,0.000000E+00,2.110766E+01,3.971641E+01,2.388941E+01,4.151498E+01,3.128651E+03,2.811687E+03,1.061937E-01,2.479239E-01,0.000000E+00,0.000000E+00,0.000000E+00,0.000000E+00,0.000000E+00,0.000000E+00,0.000000E+00,0.000000E+00,2.110776E+01,3.992036E+01,2.388940E+01,4.222152E+01,1.876723E+03,1.677406E+03,6.370009E-02,1.479072E-01,0.000000E+00,0.000000E+00,0.000000E+00,0.000000E+00,0.000000E+00,0.000000E+00,0.000000E+00,0.000000E+00,2.110766E+01,3.968066E+01,2.388941E+01,4.219231E+01
09:00:00,9.557299E+02,3.332114E+03,3.244220E-02,2.938140E-01,0.000000E+00,0.000000E+00,0.000000E+00,0.000000E+00,0.000000E+00,0.000000E+00,0.000000E+00,0.000000E+00,2.111000E+01,4.455040E+01,2.388933E+01,4.274059E+01,3.105951E+03,2.776028E+03,1.054235E-01,2.447791E-01,0.000000E+00,0.000000E+00,0.000000E+00,0.000000E+00,0.000000E+00,0.000000E+00,0.000000E+00,0.000000E+00,2.110784E+01,4.006561E+01,2.388939E+01,4.226239E+01,1.893414E+03,2.456543E+03,6.426662E-02,2.166081E-01,0.000000E+00,0.000000E+00,0.000000E+00,0.000000E+00,0.000000E+00,0.000000E+00,0.000000E+00,0.000000E+00,2.110766E+01,3.971643E+01,2.388941E+01,4.146917E+01,3.128665E+03,2.846801E+03,1.061941E-01,2.510193E-01,0.000000E+00,0.000000E+00,0.000000E+00,0.000000E+00,0.000000E+00,0.000000E+00,0.000000E+00,0.000000E+00,2.110776E+01,3.992038E+01,2.388940E+01,4.218945E+01,1.876730E+03,1.699054E+03,6.370033E-02,1.498156E-01,0.000000E+00,0.000000E+00,0.000000E+00,0.000000E+00,0.000000E+00,0.000000E+00,0.000000E+00,0.000000E+00,2.110766E+01,3.968068E+01,2.388941E+01,4.216023E+01
09:10:00,9.557684E+02,3.339007E+03,3.244351E-02,2.944215E-01,0.000000E+00,0.000000E+00,0.000000E+00,0.000000E+00,0.000000E+00,0.000000E+00,0.000000E+00,0.000000E+00,2.111000E+01,4.455040E+01,2.388933E+01,4.273495E+01,3.105964E+03,2.817613E+03,1.054239E-01,2.484456E-01,0.000000E+00,0.000000E+00,0.000000E+00,0.000000E+00,0.000000E+00,0.000000E+00,0.000000E+00,0.000000E+00,2.110784E+01,4.006563E+01,2.388939E+01,4.222467E+01,1.893421E+03,2.519323E+03,6.426686E-02,2.221434E-01,0.000000E+00,0.000000E+00,0.000000E+00,0.000000E+00,0.000000E+00,0.000000E+00,0.000000E+00,0.000000E+00,2.110766E+01,3.971644E+01,2.388941E+01,4.142862E+01,3.128678E+03,2.884817E+03,1.061946E-01,2.543712E-01,0.000000E+00,0.000000E+00,0.000000E+00,0.000000E+00,0.000000E+00,0.000000E+00,0.000000E+00,0.000000E+00,2.110776E+01,3.992039E+01,2.388940E+01,4.215693E+01,1.876737E+03,1.721399E+03,6.370057E-02,1.517857E-01,0.000000E+00,0.000000E+00,0.000000E+00,0.000000E+00,0.000000E+00,0.000000E+00,0.000000E+00,0.000000E+00,2.110766E+01,3.968069E+01,2.388941E+01,4.212812E+01
09:20:00,9.558067E+02,3.346469E+03,3.244480E-02,2.950795E-01,0.000000E+00,0.000000E+00,0.000000E+00,0.000000E+00,0.000000E+00,0.000000E+00,0.000000E+00,0.000000E+00,2.111000E+01,4.455040E+01,2.388933E+01,4.272889E+01,3.105977E+03,2.859532E+03,1.054243E-01,2.521418E-01,0.000000E+00,0.000000E+00,0.000000E+00,0.000000E+00,0.000000E+00,0.000000E+00,0.000000E+00,0.000000E+00,2.110784E+01,4.006565E+01,2.388939E+01,4.218800E+01,1.893428E+03,2.578353E+03,6.426709E-02,2.273482E-01,0.000000E+00,0.000000E+00,0.000000E+00,0.000000E+00,0.000000E+00,0.000000E+00,0.000000E+00,0.000000E+00,2.110766E+01,3.971646E+01,2.388942E+01,4.139296E+01,3.128691E+03,2.924347E+03,1.061950E-01,2.578567E-01,0.000000E+00,0.000000E+00,0.000000E+00,0.000000E+00,0.000000E+00,0.000000E+00,0.000000E+00,0.000000E+00,2.110776E+01,3.992041E+01,2.388940E+01,4.212463E+01,1.876744E+03,1.744239E+03,6.370080E-02,1.537996E-01,0.000000E+00,0.000000E+00,0.000000E+00,0.000000E+00,0.000000E+00,0.000000E+00,0.000000E+00,0.000000E+00,2.110766E+01,3.968071E+01,2.388941E+01,4.209638E+01
09:30:00,9.558447E+02,3.354461E+03,3.244609E-02,2.957842E-01,0.000000E+00,0.000000E+00,0.000000E+00,0.000000E+00,0.000000E+00,0.000000E+00,0.000000E+00,0.000000E+00,2.111000E+01,4.455040E+01,2.388933E+01,4.272245E+01,3.105990E+03,2.901674E+03,1.054248E-01,2.558577E-01,0.000000E+00,0.000000E+00,0.000000E+00,0.000000E+00,0.000000E+00,0.000000E+00,0.000000E+00,0.000000E+00,2.110784E+01,4.006566E+01,2.388940E+01,4.215239E+01,1.893434E+03,2.633405E+03,6.426732E-02,2.322024E-01,0.000000E+00,0.000000E+00,0.000000E+00,0.000000E+00,0.000000E+00,0.000000E+00,0.000000E+00,0.000000E+00,2.110766E+01,3.971647E+01,2.388942E+01,4.136164E+01,3.128704E+03,2.964516E+03,1.061954E-01,2.613987E-01,0.000000E+00,0.000000E+00,0.000000E+00,0.000000E+00,0.000000E+00,0.000000E+00,0.000000E+00,0.000000E+00,2.110776E+01,3.992043E+01,2.388940E+01,4.209284E+01,1.876750E+03,1.767587E+03,6.370104E-02,1.558583E-01,0.000000E+00,0.000000E+00,0.000000E+00,0.000000E+00,0.000000E+00,0.000000E+00,0.000000E+00,0.000000E+00,2.110766E+01,3.968072E+01,2.388941E+01,4.206508E+01
09:40:00,9.558824E+02,3.362911E+03,3.244737E-02,2.965293E-01,0.000000E+00,0.000000E+00,0.000000E+00,0.000000E+00,0.000000E+00,0.000000E+00,0.000000E+00,0.000000E+00,2.111000E+01,4.455040E+01,2.388933E+01,4.271568E+01,3.106002E+03,2.943947E+03,1.054252E-01,2.595851E-01,0.000000E+00,0.000000E+00,0.000000E+00,0.000000E+00,0.000000E+00,0.000000E+00,0.000000E+00,0.000000E+00,2.110784E+01,4.006568E+01,2.388940E+01,4.211776E+01,1.893441E+03,2.684120E+03,6.426755E-02,2.366741E-01,0.000000E+00,0.000000E+00,0.000000E+00,0.000000E+00,0.000000E+00,0.000000E+00,0.000000E+00,0.000000E+00,2.110766E+01,3.971649E+01,2.388943E+01,4.133414E+01,3.128717E+03,3.004827E+03,1.061959E-01,2.649531E-01,0.000000E+00,0.000000E+00,0.000000E+00,0.000000E+00,0.000000E+00,0.000000E+00,0.000000E+00,0.000000E+00,2.110776E+01,3.992044E+01,2.388940E+01,4.206163E+01,1.876757E+03,1.791281E+03,6.370127E-02,1.579475E-01,0.000000E+00,0.000000E+00,0.000000E+00,0.000000E+00,0.000000E+00,0.000000E+00,0.000000E+00,0.000000E+00,2.110766E+01,3.968074E+01,2.388941E+01,4.203420E+01
09:50:00,9.559199E+02,3.371748E+03,3.244865E-02,2.973085E-01,0.000000E+00,0.000000E+00,0.000000E+00,0.000000E+00,0.000000E+00,0.000000E+00,0.000000E+00,0.000000E+00,2.111000E+01,4.455040E+01,2.388933E+01,4.270862E+01,3.106015E+03,2.986648E+03,1.054256E-01,2.633503E-01,0.000000E+00,0.000000E+00,0.000000E+00,0.000000E+00,0.000000E+00,0.000000E+00,0.000000E+00,0.000000E+00,2.110784E+01,4.006569E+01,2.388940E+01,4.208392E+01,1.893448E+03,2.730465E+03,6.426778E-02,2.407605E-01,0.000000E+00,0.000000E+00,0.000000E+00,0.000000E+00,0.000000E+00,0.000000E+00,0.000000E+00,0.000000E+00,2.110766E+01,3.971650E+01,2.388943E+01,4.131006E+01,3.128729E+03,3.045582E+03,1.061963E-01,2.685466E-01,0.000000E+00,0.000000E+00,0.000000E+00,0.000000E+00,0.000000E+00,0.000000E+00,0.000000E+00,0.000000E+00,2.110776E+01,3.992046E+01,2.388940E+01,4.203094E+01,1.876764E+03,1.815516E+03,6.370150E-02,1.600845E-01,0.000000E+00,0.000000E+00,0.000000E+00,0.000000E+00,0.000000E+00,0.000000E+00,0.000000E+00,0.000000E+00,2.110766E+01,3.968075E+01,2.388941E+01,4.200365E+01
10:00:00,9.559571E+02,3.380910E+03,3.244991E-02,2.981163E-01,0.000000E+00,0.000000E+00,0.000000E+00,0.000000E+00,0.000000E+00,0.000000E+00,0.000000E+00,0.000000E+00,2.111000E+01,4.455040E+01,2.388933E+01,4.270132E+01,3.106028E+03,3.029352E+03,1.054261E-01,2.671157E-01,0.000000E+00,0.000000E+00,0.000000E+00,0.000000E+00,0.000000E+00,0.000000E+00,0.000000E+00,0.000000E+00,2.110784E+01,4.006571E+01,2.388940E+01,4.205069E+01,1.893455E+03,2.769988E+03,6.426801E-02,2.442454E-01,0.000000E+00,0.000000E+00,0.000000E+00,0.000000E+00,0.000000E+00,0.000000E+00,0.000000E+00,0.000000E+00,2.110766E+01,3.971652E+01,2.388943E+01,4.128991E+01,3.128742E+03,3.086204E+03,1.061967E-01,2.721285E-01,0.000000E+00,0.000000E+00,0.000000E+00,0.000000E+00,0.000000E+00,0.000000E+00,0.000000E+00,0.000000E+00,2.110776E+01,3.992048E+01,2.388941E+01,4.200069E+01,1.876771E+03,1.839912E+03,6.370173E-02,1.622355E-01,0.000000E+00,0.000000E+00,0.000000E+00,0.000000E+00,0.000000E+00,0.000000E+00,0.000000E+00,0.000000E+00,2.110766E+01,3.968077E+01,2.388942E+01,4.197337E+01
10:10:00,9.559940E+02,3.390327E+03,3.245116E-02,2.989467E-01,0.000000E+00,0.000000E+00,0.000000E+00,0.000000E+00,0.000000E+00,0.000000E+00,0.000000E+00,0.000000E+00,2.111000E+01,4.455040E+01,2.388933E+01,4.269381E+01,3.106040E+03,3.071856E+03,1.054265E-01,2.708635E-01,0.000000E+00,0.000000E+00,0.000000E+00,0.000000E+00,0.000000E+00,0.000000E+00,0.000000E+00,0.000000E+00,2.110784E+01,4.006572E+01,2.388940E+01,4.201856E+01,1.893461E+03,2.802203E+03,6.426824E-02,2.470859E-01,0.000000E+00,0.000000E+00,0.000000E+00,0.000000E+00,0.000000E+00,0.000000E+00,0.000000E+00,0.000000E+00,2.110766E+01,3.971653E+01,2.388944E+01,4.127517E+01,3.128754E+03,3.126528E+03,1.061972E-01,2.756841E-01,0.000000E+00,0.000000E+00,0.000000E+00,0.000000E+00,0.000000E+00,0.000000E+00,0.000000E+00,0.000000E+00,2.110776E+01,3.992049E+01,2.388941E+01,4.197142E+01,1.876777E+03,1.864383E+03,6.370195E-02,1.643933E-01,0.000000E+00,0.000000E+00,0.000000E+00,0.000000E+00,0.000000E+00,0.000000E+00,0.000000E+00,0.000000E+00,2.110766E+01,3.968078E+01,2.388942E+01,4.194387E+01
10:20:00,9.560307E+02,3.399933E+03,3.245241E-02,2.997937E-01,0.000000E+00,0.000000E+00,0.000000E+00,0.000000E+00,0.000000E+00,0.000000E+00,0.000000E+00,0.000000E+00,2.111000E+01,4.455040E+01,2.388933E+01,4.268617E+01,3.106053E+03,3.114083E+03,1.054269E-01,2.745868E-01,0.000000E+00,0.000000E+00,0.000000E+00,0.000000E+00,0.000000E+00,0.000000E+00,0.000000E+00,0.000000E+00,2.110784E+01,4.006574E+01,2.388940E+01,4.198793E+01,1.893468E+03,2.826765E+03,6.426846E-02,2.492516E-01,0.000000E+00,0.000000E+00,0.000000E+00,0.000000E+00,0.000000E+00,0.000000E+00,0.000000E+00,0.000000E+00,2.110766E+01,3.971654E+01,2.388944E+01,4.126537E+01,3.128767E+03,3.166474E+03,1.061976E-01,2.792063E-01,0.000000E+00,0.000000E+00,0.000000E+00,0.000000E+00,0.000000E+00,0.000000E+00,0.000000E+00,0.000000E+00,2.110776E+01,3.992051E+01,2.388941E+01,4.194351E+01,1.876784E+03,1.888854E+03,6.370218E-02,1.665510E-01,0.000000E+00,0.000000E+00,0.000000E+00,0.000000E+00,0.000000E+00,0.000000E+00,0.000000E+00,0.000000E+00,2.110766E+01,3.968080E+01,2.388942E+01,4.191553E+01
10:30:00,9.560671E+02,3.409663E+03,3.245364E-02,3.006517E-01,0.000000E+00,0.000000E+00,0.000000E+00,0.000000E+00,0.000000E+00,0.000000E+00,0.000000E+00,0.000000E+00,2.111000E+01,4.455040E+01,2.388933E+01,4.267844E+01,3.106065E+03,3.155956E+03,1.054273E-01,2.782789E-01,0.000000E+00,0.000000E+00,0.000000E+00,0.000000E+00,0.000000E+00,0.000000E+00,0.000000E+00,0.000000E+00,2.110784E+01,4.006576E+01,2.388941E+01,4.195866E+01,1.893474E+03,2.843349E+03,6.426868E-02,2.507138E-01,0.000000E+00,0.000000E+00,0.000000E+00,0.000000E+00,0.000000E+00,0.000000E+00,0.000000E+00,0.000000E+00,2.110766E+01,3.971656E+01,2.388945E+01,4.125954E+01,3.128779E+03,3.205954E+03,1.061980E-01,2.826874E-01,0.000000E+00,0.000000E+00,0.000000E+00,0.000000E+00,0.000000E+00,0.000000E+00,0.000000E+00,0.000000E+00,2.110776E+01,3.992052E+01,2.388941E+01,4.191685E+01,1.876791E+03,1.913244E+03,6.370240E-02,1.687016E-01,0.000000E+00,0.000000E+00,0.000000E+00,0.000000E+00,0.000000E+00,0.000000E+00,0.000000E+00,0.000000E+00,2.110766E+01,3.968081E+01,2.388942E+01,4.188824E+01
10:40:00,9.561033E+02,3.419461E+03,3.245487E-02,3.015156E-01,0.000000E+00,0.000000E+00,0.000000E+00,0.000000E+00,0.000000E+00,0.000000E+00,0.000000E+00,0.000000E+00,2.111000E+01,4.455040E+01,2.388933E+01,4.267069E+01,3.106077E+03,3.197383E+03,1.054277E-01,2.819318E-01,0.000000E+00,0.000000E+00,0.000000E+00,0.000000E+00,0.000000E+00,0.000000E+00,0.000000E+00,0.000000E+00,2.110784E+01,4.006577E+01,2.388941E+01,4.193058E+01,1.893481E+03,2.851702E+03,6.426890E-02,2.514502E-01,0.000000E+00,0.000000E+00,0.000000E+00,0.000000E+00,0.000000E+00,0.000000E+00,0.000000E+00,0.000000E+00,2.110766E+01,3.971657E+01,2.388945E+01,4.125709E+01,3.128791E+03,3.244880E+03,1.061984E-01,2.861198E-01,0.000000E+00,0.000000E+00,0.000000E+00,0.000000E+00,0.000000E+00,0.000000E+00,0.000000E+00,0.000000E+00,2.110776E+01,3.992054E+01,2.388941E+01,4.189128E+01,1.876797E+03,1.937476E+03,6.370262E-02,1.708382E-01,0.000000E+00,0.000000E+00,0.000000E+00,0.000000E+00,0.000000E+00,0.000000E+00,0.000000E+00,0.000000E+00,2.110766E+01,3.968083E+01,2.388942E+01,4.186190E+01
10:50:00,9.561392E+02,3.429271E+03,3.245609E-02,3.023806E-01,0.000000E+00,0.000000E+00,0.000000E+00,0.000000E+00,0.000000E+00,0.000000E+00,0.000000E+00,0.000000E+00,2.111000E+01,4.455040E+01,2.388933E+01,4.266294E+01,3.106089E+03,3.238260E+03,1.054282E-01,2.855361E-01,0.000000E+00,0.000000E+00,0.000000E+00,0.000000E+00,0.000000E+00,0.000000E+00,0.000000E+00,0.000000E+00,2.110784E+01,4.006579E+01,2.388941E+01,4.190344E+01,1.893487E+03,2.851588E+03,6.426912E-02,2.514401E-01,0.000000E+00,0.000000E+00,0.000000E+00,0.000000E+00,0.000000E+00,0.000000E+00,0.000000E+00,0.000000E+00,2.110766E+01,3.971659E+01,2.388945E+01,4.125765E+01,3.128803E+03,3.282826E+03,1.061988E-01,2.894657E-01,0.000000E+00,0.000000E+00,0.000000E+00,0.000000E+00,0.000000E+00,0.000000E+00,0.000000E+00,0.000000E+00,2.110776E+01,3.992055E+01,2.388941E+01,4.186668E+01,1.876804E+03,1.961287E+03,6.370284E-02,1.729378E-01,0.000000E+00,0.000000E+00,0.000000E+00,0.000000E+00,0.000000E+00,0.000000E+00,0.000000E+00,0.000000E+00,2.110766E+01,3.968084E+01,2.388942E+01,4.183642E+01
11:00:00,9.561749E+02,3.439044E+03,3.245730E-02,3.032424E-01,0.000000E+00,0.000000E+00,0.000000E+00,0.000000E+00,0.000000E+00,0.000000E+00,0.000000E+00,0.000000E+00,2.111000E+01,4.455040E+01,2.388933E+01,4.265524E+01,3.106101E+03,3.278994E+03,1.054286E-01,2.891278E-01,0.000000E+00,0.000000E+00,0.000000E+00,0.000000E+00,0.000000E+00,0.000000E+00,0.000000E+00,0.000000E+00,2.110784E+01,4.006580E+01,2.388941E+01,4.187688E+01,1.893494E+03,2.845075E+03,6.426934E-02,2.508658E-01,0.000000E+00,0.000000E+00,0.000000E+00,0.000000E+00,0.000000E+00,0.000000E+00,0.000000E+00,0.000000E+00,2.110766E+01,3.971660E+01,2.388945E+01,4.126102E+01,3.128816E+03,3.320114E+03,1.061992E-01,2.927534E-01,0.000000E+00,0.000000E+00,0.000000E+00,0.000000E+00,0.000000E+00,0.000000E+00,0.000000E+00,0.000000E+00,2.110776E+01,3.992057E+01,2.388941E+01,4.184296E+01,1.876810E+03,1.984830E+03,6.370306E-02,1.750137E-01,0.000000E+00,0.000000E+00,0.000000E+00,0.000000E+00,0.000000E+00,0.000000E+00,0.000000E+00,0.000000E+00,2.110766E+01,3.968086E+01,2.388942E+01,4.181179E+01
11:10:00,9.562103E+02,3.448822E+03,3.245851E-02,3.041050E-01,0.000000E+00,0.000000E+00,0.000000E+00,0.000000E+00,0.000000E+00,0.000000E+00,0.000000E+00,0.000000E+00,2.111000E+01,4.455040E+01,2.388922E+01,4.265002E+01,3.106113E+03,3.319303E+03,1.054290E-01,2.926825E-01,0.000000E+00,0.000000E+00,0.000000E+00,0.000000E+00,0.000000E+00,0.000000E+00,0.000000E+00,0.000000E+00,2.110784E+01,4.006582E+01,2.388932E+01,4.185842E+01,1.893500E+03,2.832325E+03,6.426955E-02,2.497417E-01,0.000000E+00,0.000000E+00,0.000000E+00,0.000000E+00,0.000000E+00,0.000000E+00,0.000000E+00,0.000000E+00,2.110766E+01,3.971661E+01,2.388938E+01,4.126545E+01,3.128827E+03,3.356414E+03,1.061996E-01,2.959546E-01,0.000000E+00,0.000000E+00,0.000000E+00,0.000000E+00,0.000000E+00,0.000000E+00,0.000000E+00,0.000000E+00,2.110776E+01,3.992058E+01,2.388932E+01,4.182673E+01,1.876816E+03,2.007871E+03,6.370327E-02,1.770456E-01,0.000000E+00,0.000000E+00,0.000000E+00,0.000000E+00,0.000000E+00,0.000000E+00,0.000000E+00,0.000000E+00,2.110766E+01,3.968087E+01,2.388934E+01,4.179486E+01
11:20:00,9.562455E+02,3.458497E+03,3.245970E-02,3.049593E-01,0.000000E+00,0.000000E+00,0.000000E+00,0.000000E+00,0.000000E+00,0.000000E+00,0.000000E+00,0.000000E+00,2.111000E+01,4.455040E+01,2.388910E+01,4.264315E+01,3.106125E+03,3.359104E+03,1.054294E-01,2.961929E-01,0.000000E+00,0.000000E+00,0.000000E+00,0.000000E+00,0.000000E+00,0.000000E+00,0.000000E+00,0.000000E+00,2.110784E+01,4.006583E+01,2.388921E+01,4.183516E+01,1.893506E+03,2.813511E+03,6.426976E-02,2.480834E-01,0.000000E+00,0.000000E+00,0.000000E+00,0.000000E+00,0.000000E+00,0.000000E+00,0.000000E+00,0.000000E+00,2.110766E+01,3.971663E+01,2.388929E+01,4.127425E+01,3.128839E+03,3.391611E+03,1.062000E-01,2.990590E-01,0.000000E+00,0.000000E+00,0.000000E+00,0.000000E+00,0.000000E+00,0.000000E+00,0.000000E+00,0.000000E+00,2.110776E+01,3.992060E+01,2.388922E+01,4.180661E+01,1.876823E+03,2.030329E+03,6.370349E-02,1.790263E-01,0.000000E+00,0.000000E+00,0.000000E+00,0.000000E+00,0.000000E+00,0.000000E+00,0.000000E+00,0.000000E+00,2.110766E+01,3.968088E+01,2.388924E+01,4.177380E+01
11:30:00,9.562804E+02,3.468042E+03,3.246089E-02,3.058020E-01,0.000000E+00,0.000000E+00,0.000000E+00,0.000000E+00,0.000000E+00,0.000000E+00,0.000000E+00,0.000000E+00,2.111000E+01,4.455040E+01,2.388910E+01,4.263521E+01,3.106137E+03,3.398353E+03,1.054298E-01,2.996546E-01,0.000000E+00,0.000000E+00,0.000000E+00,0.000000E+00,0.000000E+00,0.000000E+00,0.000000E+00,0.000000E+00,2.110784E+01,4.006585E+01,2.388921E+01,4.181029E+01,1.893513E+03,2.788824E+03,6.426998E-02,2.459072E-01,0.000000E+00,0.000000E+00,0.000000E+00,0.000000E+00,0.000000E+00,0.000000E+00,0.000000E+00,0.000000E+00,2.110766E+01,3.971664E+01,2.388928E+01,4.128665E+01,3.128851E+03,3.425643E+03,1.062004E-01,3.020607E-01,0.000000E+00,0.000000E+00,0.000000E+00,0.000000E+00,0.000000E+00,0.000000E+00,0.000000E+00,0.000000E+00,2.110776E+01,3.992061E+01,2.388922E+01,4.178539E+01,1.876829E+03,2.052149E+03,6.370370E-02,1.809508E-01,0.000000E+00,0.000000E+00,0.000000E+00,0.000000E+00,0.000000E+00,0.000000E+00,0.000000E+00,0.000000E+00,2.110766E+01,3.968090E+01,2.388924E+01,4.175152E+01
11:40:00,9.563151E+02,3.477446E+03,3.246206E-02,3.066323E-01,0.000000E+00,0.000000E+00,0.000000E+00,0.000000E+00,0.000000E+00,0.000000E+00,0.000000E+00,0.000000E+00,2.111000E+01,4.455040E+01,2.388910E+01,4.262757E+01,3.106148E+03,3.437025E+03,1.054302E-01,3.030653E-01,0.000000E+00,0.000000E+00,0.000000E+00,0.000000E+00,0.000000E+00,0.000000E+00,0.000000E+00,0.000000E+00,2.110784E+01,4.006586E+01,2.388922E+01,4.178729E+01,1.893519E+03,2.759216E+03,6.427018E-02,2.432970E-01,0.000000E+00,0.000000E+00,0.000000E+00,0.000000E+00,0.000000E+00,0.000000E+00,0.000000E+00,0.000000E+00,2.110766E+01,3.971665E+01,2.388929E+01,4.130153E+01,3.128863E+03,3.458458E+03,1.062008E-01,3.049550E-01,0.000000E+00,0.000000E+00,0.000000E+00,0.000000E+00,0.000000E+00,0.000000E+00,0.000000E+00,0.000000E+00,2.110776E+01,3.992063E+01,2.388922E+01,4.176600E+01,1.876835E+03,2.073289E+03,6.370391E-02,1.828153E-01,0.000000E+00,0.000000E+00,0.000000E+00,0.000000E+00,0.000000E+00,0.000000E+00,0.000000E+00,0.000000E+00,2.110766E+01,3.968091E+01,2.388924E+01,4.173108E+01
11:50:00,9.563496E+02,3.486693E+03,3.246323E-02,3.074487E-01,0.000000E+00,0.000000E+00,0.000000E+00,0.000000E+00,0.000000E+00,0.000000E+00,0.000000E+00,0.000000E+00,2.111000E+01,4.455040E+01,2.388910E+01,4.262019E+01,3.106160E+03,3.474737E+03,1.054306E-01,3.063915E-01,0.000000E+00,0.000000E+00,0.000000E+00,0.000000E+00,0.000000E+00,0.000000E+00,0.000000E+00,0.000000E+00,2.110784E+01,4.006587E+01,2.388922E+01,4.176563E+01,1.893525E+03,2.726574E+03,6.427039E-02,2.404194E-01,0.000000E+00,0.000000E+00,0.000000E+00,0.000000E+00,0.000000E+00,0.000000E+00,0.000000E+00,0.000000E+00,2.110766E+01,3.971667E+01,2.388929E+01,4.131797E+01,3.128874E+03,3.490003E+03,1.062012E-01,3.077374E-01,0.000000E+00,0.000000E+00,0.000000E+00,0.000000E+00,0.000000E+00,0.000000E+00,0.000000E+00,0.000000E+00,2.110776E+01,3.992064E+01,2.388923E+01,4.174790E+01,1.876841E+03,2.093707E+03,6.370412E-02,1.846162E-01,0.000000E+00,0.000000E+00,0.000000E+00,0.000000E+00,0.000000E+00,0.000000E+00,0.000000E+00,0.000000E+00,2.110766E+01,3.968093E+01,2.388924E+01,4.171196E+01
12:00:00,9.563838E+02,3.495779E+03,3.246440E-02,3.082509E-01,0.000000E+00,0.000000E+00,0.000000E+00,0.000000E+00,0.000000E+00,0.000000E+00,0.000000E+00,0.000000E+00,2.111000E+01,4.455040E+01,2.388910E+01,4.261305E+01,3.106171E+03,3.511341E+03,1.054309E-01,3.096200E-01,0.000000E+00,0.000000E+00,0.000000E+00,0.000000E+00,0.000000E+00,0.000000E+00,0.000000E+00,0.000000E+00,2.110784E+01,4.006589E+01,2.388922E+01,4.174503E+01,1.893531E+03,2.696379E+03,6.427060E-02,2.377575E-01,0.000000E+00,0.000000E+00,0.000000E+00,0.000000E+00,0.000000E+00,0.000000E+00,0.000000E+00,0.000000E+00,2.110766E+01,3.971668E+01,2.388928E+01,4.133349E+01,3.128886E+03,3.520244E+03,1.062016E-01,3.104048E-01,0.000000E+00,0.000000E+00,0.000000E+00,0.000000E+00,0.000000E+00,0.000000E+00,0.000000E+00,0.000000E+00,2.110776E+01,3.992066E+01,2.388923E+01,4.173083E+01,1.876847E+03,2.113371E+03,6.370432E-02,1.863506E-01,0.000000E+00,0.000000E+00,0.000000E+00,0.000000E+00,0.000000E+00,0.000000E+00,0.000000E+00,0.000000E+00,2.110766E+01,3.968094E+01,2.388924E+01,4.169389E+01
12:10:00,9.564178E+02,3.504643E+03,3.246555E-02,3.090332E-01,0.000000E+00,0.000000E+00,0.000000E+00,0.000000E+00,0.000000E+00,0.000000E+00,0.000000E+00,0.000000E+00,2.111000E+01,4.455040E+01,2.388910E+01,4.260610E+01,3.106183E+03,3.547140E+03,1.054313E-01,3.127771E-01,0.000000E+00,0.000000E+00,0.000000E+00,0.000000E+00,0.000000E+00,0.000000E+00,0.000000E+00,0.000000E+00,2.110784E+01,4.006590E+01,2.388922E+01,4.172540E+01,1.893537E+03,2.670082E+03,6.427080E-02,2.354391E-01,0.000000E+00,0.000000E+00,0.000000E+00,0.000000E+00,0.000000E+00,0.000000E+00,0.000000E+00,0.000000E+00,2.110766E+01,3.971669E+01,2.388928E+01,4.134412E+01,3.128897E+03,3.549503E+03,1.062020E-01,3.129853E-01,0.000000E+00,0.000000E+00,0.000000E+00,0.000000E+00,0.000000E+00,0.000000E+00,0.000000E+00,0.000000E+00,2.110776E+01,3.992067E+01,2.388923E+01,4.171465E+01,1.876853E+03,2.132446E+03,6.370453E-02,1.880328E-01,0.000000E+00,0.000000E+00,0.000000E+00,0.000000E+00,0.000000E+00,0.000000E+00,0.000000E+00,0.000000E+00,2.110766E+01,3.968095E+01,2.388925E+01,4.167676E+01
12:20:00,9.564515E+02,3.513392E+03,3.246669E-02,3.098046E-01,0.000000E+00,0.000000E+00,0.000000E+00,0.000000E+00,0.000000E+00,0.000000E+00,0.000000E+00,0.000000E+00,2.111000E+01,4.455040E+01,2.388910E+01,4.259930E+01,3.106194E+03,3.582183E+03,1.054317E-01,3.158671E-01,0.000000E+00,0.000000E+00,0.000000E+00,0.000000E+00,0.000000E+00,0.000000E+00,0.000000E+00,0.000000E+00,2.110784E+01,4.006592E+01,2.388922E+01,4.170682E+01,1.893543E+03,2.648674E+03,6.427101E-02,2.335515E-01,0.000000E+00,0.000000E+00,0.000000E+00,0.000000E+00,0.000000E+00,0.000000E+00,0.000000E+00,0.000000E+00,2.110766E+01,3.971671E+01,2.388928E+01,4.135034E+01,3.128908E+03,3.577878E+03,1.062024E-01,3.154872E-01,0.000000E+00,0.000000E+00,0.000000E+00,0.000000E+00,0.000000E+00,0.000000E+00,0.000000E+00,0.000000E+00,2.110776E+01,3.992069E+01,2.388923E+01,4.169947E+01,1.876859E+03,2.150955E+03,6.370473E-02,1.896649E-01,0.000000E+00,0.000000E+00,0.000000E+00,0.000000E+00,0.000000E+00,0.000000E+00,0.000000E+00,0.000000E+00,2.110766E+01,3.968097E+01,2.388925E+01,4.166068E+01
12:30:00,9.564851E+02,3.522056E+03,3.246783E-02,3.105686E-01,0.000000E+00,0.000000E+00,0.000000E+00,0.000000E+00,0.000000E+00,0.000000E+00,0.000000E+00,0.000000E+00,2.111000E+01,4.455040E+01,2.388910E+01,4.259263E+01,3.106205E+03,3.616480E+03,1.054321E-01,3.188912E-01,0.000000E+00,0.000000E+00,0.000000E+00,0.000000E+00,0.000000E+00,0.000000E+00,0.000000E+00,0.000000E+00,2.110784E+01,4.006593E+01,2.388923E+01,4.168920E+01,1.893549E+03,2.633061E+03,6.427121E-02,2.321748E-01,0.000000E+00,0.000000E+00,0.000000E+00,0.000000E+00,0.000000E+00,0.000000E+00,0.000000E+00,0.000000E+00,2.110766E+01,3.971672E+01,2.388928E+01,4.135424E+01,3.128920E+03,3.605427E+03,1.062028E-01,3.179163E-01,0.000000E+00,0.000000E+00,0.000000E+00,0.000000E+00,0.000000E+00,0.000000E+00,0.000000E+00,0.000000E+00,2.110776E+01,3.992070E+01,2.388923E+01,4.168515E+01,1.876865E+03,2.168908E+03,6.370494E-02,1.912479E-01,0.000000E+00,0.000000E+00,0.000000E+00,0.000000E+00,0.000000E+00,0.000000E+00,0.000000E+00,0.000000E+00,2.110766E+01,3.968098E+01,2.388925E+01,4.164555E+01
12:40:00,9.565183E+02,3.530649E+03,3.246896E-02,3.113263E-01,0.000000E+00,0.000000E+00,0.000000E+00,0.000000E+00,0.000000E+00,0.000000E+00,0.000000E+00,0.000000E+00,2.111000E+01,4.455040E+01,2.388910E+01,4.258605E+01,3.106216E+03,3.650034E+03,1.054325E-01,3.218498E-01,0.000000E+00,0.000000E+00,0.000000E+00,0.000000E+00,0.000000E+00,0.000000E+00,0.000000E+00,0.000000E+00,2.110784E+01,4.006595E+01,2.388923E+01,4.167234E+01,1.893555E+03,2.623320E+03,6.427141E-02,2.313159E-01,0.000000E+00,0.000000E+00,0.000000E+00,0.000000E+00,0.000000E+00,0.000000E+00,0.000000E+00,0.000000E+00,2.110766E+01,3.971673E+01,2.388928E+01,4.135695E+01,3.128931E+03,3.632212E+03,1.062031E-01,3.202782E-01,0.000000E+00,0.000000E+00,0.000000E+00,0.000000E+00,0.000000E+00,0.000000E+00,0.000000E+00,0.000000E+00,2.110776E+01,3.992072E+01,2.388923E+01,4.167149E+01,1.876871E+03,2.186321E+03,6.370514E-02,1.927833E-01,0.000000E+00,0.000000E+00,0.000000E+00,0.000000E+00,0.000000E+00,0.000000E+00,0.000000E+00,0.000000E+00,2.110766E+01,3.968099E+01,2.388925E+01,4.163117E+01
12:50:00,9.565514E+02,3.539186E+03,3.247008E-02,3.120791E-01,0.000000E+00,0.000000E+00,0.000000E+00,0.000000E+00,0.000000E+00,0.000000E+00,0.000000E+00,0.000000E+00,2.111000E+01,4.455040E+01,2.388910E+01,4.257956E+01,3.106227E+03,3.682842E+03,1.054328E-01,3.247427E-01,0.000000E+00,0.000000E+00,0.000000E+00,0.000000E+00,0.000000E+00,0.000000E+00,0.000000E+00,0.000000E+00,2.110784E+01,4.006596E+01,2.388923E+01,4.165614E+01,1.893561E+03,2.618604E+03,6.427161E-02,2.309001E-01,0.000000E+00,0.000000E+00,0.000000E+00,0.000000E+00,0.000000E+00,0.000000E+00,0.000000E+00,0.000000E+00,2.110766E+01,3.971675E+01,2.388928E+01,4.135900E+01,3.128942E+03,3.658314E+03,1.062035E-01,3.225797E-01,0.000000E+00,0.000000E+00,0.000000E+00,0.000000E+00,0.000000E+00,0.000000E+00,0.000000E+00,0.000000E+00,2.110776E+01,3.992073E+01,2.388924E+01,4.165834E+01,1.876877E+03,2.203221E+03,6.370534E-02,1.942734E-01,0.000000E+00,0.000000E+00,0.000000E+00,0.000000E+00,0.000000E+00,0.000000E+00,0.000000E+00,0.000000E+00,2.110766E+01,3.968101E+01,2.388925E+01,4.161739E+01
13:00:00,9.565842E+02,3.547673E+03,3.247120E-02,3.128275E-01,0.000000E+00,0.000000E+00,0.000000E+00,0.000000E+00,0.000000E+00,0.000000E+00,0.000000E+00,0.000000E+00,2.111000E+01,4.455040E+01,2.388910E+01,4.257316E+01,3.106238E+03,3.714894E+03,1.054332E-01,3.275690E-01,0.000000E+00,0.000000E+00,0.000000E+00,0.000000E+00,0.000000E+00,0.000000E+00,0.000000E+00,0.000000E+00,2.110784E+01,4.006597E+01,2.388923E+01,4.164053E+01,1.893566E+03,2.614472E+03,6.427181E-02,2.305358E-01,0.000000E+00,0.000000E+00,0.000000E+00,0.000000E+00,0.000000E+00,0.000000E+00,0.000000E+00,0.000000E+00,2.110766E+01,3.971676E+01,2.388928E+01,4.136061E+01,3.128953E+03,3.683808E+03,1.062039E-01,3.248276E-01,0.000000E+00,0.000000E+00,0.000000E+00,0.000000E+00,0.000000E+00,0.000000E+00,0.000000E+00,0.000000E+00,2.110776E+01,3.992074E+01,2.388924E+01,4.164561E+01,1.876883E+03,2.219642E+03,6.370553E-02,1.957214E-01,0.000000E+00,0.000000E+00,0.000000E+00,0.000000E+00,0.000000E+00,0.000000E+00,0.000000E+00,0.000000E+00,2.110766E+01,3.968102E+01,2.388925E+01,4.160414E+01
13:10:00,9.566168E+02,3.556096E+03,3.247230E-02,3.135701E-01,0.000000E+00,0.000000E+00,0.000000E+00,0.000000E+00,0.000000E+00,0.000000E+00,0.000000E+00,0.000000E+00,2.111000E+01,4.455040E+01,2.388910E+01,4.256685E+01,3.106249E+03,3.746016E+03,1.054336E-01,3.303131E-01,0.000000E+00,0.000000E+00,0.000000E+00,0.000000E+00,0.000000E+00,0.000000E+00,0.000000E+00,0.000000E+00,2.110784E+01,4.006599E+01,2.388923E+01,4.162557E+01,1.893572E+03,2.610581E+03,6.427200E-02,2.301927E-01,0.000000E+00,0.000000E+00,0.000000E+00,0.000000E+00,0.000000E+00,0.000000E+00,0.000000E+00,0.000000E+00,2.110766E+01,3.971677E+01,2.388928E+01,4.136192E+01,3.128964E+03,3.708609E+03,1.062043E-01,3.270145E-01,0.000000E+00,0.000000E+00,0.000000E+00,0.000000E+00,0.000000E+00,0.000000E+00,0.000000E+00,0.000000E+00,2.110776E+01,3.992076E+01,2.388924E+01,4.163331E+01,1.876889E+03,2.235534E+03,6.370573E-02,1.971226E-01,0.000000E+00,0.000000E+00,0.000000E+00,0.000000E+00,0.000000E+00,0.000000E+00,0.000000E+00,0.000000E+00,2.110766E+01,3.968103E+01,2.388925E+01,4.159143E+01
13:20:00,9.566491E+02,3.564433E+03,3.247340E-02,3.143053E-01,0.000000E+00,0.000000E+00,0.000000E+00,0.000000E+00,0.000000E+00,0.000000E+00,0.000000E+00,0.000000E+00,2.111000E+01,4.455040E+01,2.388910E+01,4.256065E+01,3.106260E+03,3.776156E+03,1.054340E-01,3.329708E-01,0.000000E+00,0.000000E+00,0.000000E+00,0.000000E+00,0.000000E+00,0.000000E+00,0.000000E+00,0.000000E+00,2.110784E+01,4.006600E+01,2.388923E+01,4.161156E+01,1.893578E+03,2.606963E+03,6.427219E-02,2.298737E-01,0.000000E+00,0.000000E+00,0.000000E+00,0.000000E+00,0.000000E+00,0.000000E+00,0.000000E+00,0.000000E+00,2.110766E+01,3.971678E+01,2.388928E+01,4.136320E+01,3.128975E+03,3.732749E+03,1.062046E-01,3.291430E-01,0.000000E+00,0.000000E+00,0.000000E+00,0.000000E+00,0.000000E+00,0.000000E+00,0.000000E+00,0.000000E+00,2.110776E+01,3.992077E+01,2.388924E+01,4.162174E+01,1.876894E+03,2.250923E+03,6.370592E-02,1.984796E-01,0.000000E+00,0.000000E+00,0.000000E+00,0.000000E+00,0.000000E+00,0.000000E+00,0.000000E+00,0.000000E+00,2.110766E+01,3.968104E+01,2.388926E+01,4.157952E+01
13:30:00,9.566813E+02,3.572879E+03,3.247449E-02,3.150500E-01,0.000000E+00,0.000000E+00,0.000000E+00,0.000000E+00,0.000000E+00,0.000000E+00,0.000000E+00,0.000000E+00,2.111000E+01,4.455040E+01,2.388910E+01,4.255536E+01,3.106271E+03,3.805381E+03,1.054343E-01,3.355477E-01,0.000000E+00,0.000000E+00,0.000000E+00,0.000000E+00,0.000000E+00,0.000000E+00,0.000000E+00,0.000000E+00,2.110784E+01,4.006601E+01,2.388923E+01,4.160017E+01,1.893584E+03,2.603790E+03,6.427239E-02,2.295939E-01,0.000000E+00,0.000000E+00,0.000000E+00,0.000000E+00,0.000000E+00,0.000000E+00,0.000000E+00,0.000000E+00,2.110766E+01,3.971680E+01,2.388928E+01,4.136426E+01,3.128985E+03,3.756376E+03,1.062050E-01,3.312264E-01,0.000000E+00,0.000000E+00,0.000000E+00,0.000000E+00,0.000000E+00,0.000000E+00,0.000000E+00,0.000000E+00,2.110776E+01,3.992079E+01,2.388924E+01,4.161228E+01,1.876900E+03,2.265905E+03,6.370612E-02,1.998007E-01,0.000000E+00,0.000000E+00,0.000000E+00,0.000000E+00,0.000000E+00,0.000000E+00,0.000000E+00,0.000000E+00,2.110766E+01,3.968106E+01,2.388926E+01,4.156983E+01
13:40:00,9.567132E+02,3.581043E+03,3.247558E-02,3.157721E-01,0.000000E+00,0.000000E+00,0.000000E+00,0.000000E+00,0.000000E+00,0.000000E+00,0.000000E+00,0.000000E+00,2.111000E+01,4.455040E+01,2.388866E+01,4.255176E+01,3.106281E+03,3.833345E+03,1.054347E-01,3.380152E-01,0.000000E+00,0.000000E+00,0.000000E+00,0.000000E+00,0.000000E+00,0.000000E+00,0.000000E+00,0.000000E+00,2.110784E+01,4.006603E+01,2.388890E+01,4.159145E+01,1.893589E+03,2.601022E+03,6.427258E-02,2.293508E-01,0.000000E+00,0.000000E+00,0.000000E+00,0.000000E+00,0.000000E+00,0.000000E+00,0.000000E+00,0.000000E+00,2.110766E+01,3.971681E+01,2.388898E+01,4.136571E+01,3.128996E+03,3.779248E+03,1.062054E-01,3.332448E-01,0.000000E+00,0.000000E+00,0.000000E+00,0.000000E+00,0.000000E+00,0.000000E+00,0.000000E+00,0.000000E+00,2.110776E+01,3.992080E+01,2.388890E+01,4.160506E+01,1.876906E+03,2.280348E+03,6.370631E-02,2.010752E-01,0.000000E+00,0.000000E+00,0.000000E+00,0.000000E+00,0.000000E+00,0.000000E+00,0.000000E+00,0.000000E+00,2.110766E+01,3.968107E+01,2.388894E+01,4.156241E+01
13:50:00,9.567449E+02,3.589122E+03,3.247665E-02,3.164867E-01,0.000000E+00,0.000000E+00,0.000000E+00,0.000000E+00,0.000000E+00,0.000000E+00,0.000000E+00,0.000000E+00,2.111000E+01,4.455040E+01,2.388861E+01,4.254584E+01,3.106292E+03,3.860061E+03,1.054350E-01,3.403728E-01,0.000000E+00,0.000000E+00,0.000000E+00,0.000000E+00,0.000000E+00,0.000000E+00,0.000000E+00,0.000000E+00,2.110784E+01,4.006604E+01,2.388885E+01,4.157959E+01,1.893595E+03,2.598763E+03,6.427277E-02,2.291529E-01,0.000000E+00,0.000000E+00,0.000000E+00,0.000000E+00,0.000000E+00,0.000000E+00,0.000000E+00,0.000000E+00,2.110766E+01,3.971682E+01,2.388893E+01,4.136650E+01,3.129006E+03,3.801441E+03,1.062057E-01,3.352037E-01,0.000000E+00,0.000000E+00,0.000000E+00,0.000000E+00,0.000000E+00,0.000000E+00,0.000000E+00,0.000000E+00,2.110776E+01,3.992081E+01,2.388886E+01,4.159495E+01,1.876911E+03,2.294306E+03,6.370650E-02,2.023071E-01,0.000000E+00,0.000000E+00,0.000000E+00,0.000000E+00,0.000000E+00,0.000000E+00,0.000000E+00,0.000000E+00,2.110766E+01,3.968108E+01,2.388889E+01,4.155212E+01
14:00:00,9.567764E+02,3.597019E+03,3.247772E-02,3.171854E-01,0.000000E+00,0.000000E+00,0.000000E+00,0.000000E+00,0.000000E+00,0.000000E+00,0.000000E+00,0.000000E+00,2.111000E+01,4.455040E+01,2.388861E+01,4.253995E+01,3.106302E+03,3.885355E+03,1.054354E-01,3.426052E-01,0.000000E+00,0.000000E+00,0.000000E+00,0.000000E+00,0.000000E+00,0.000000E+00,0.000000E+00,0.000000E+00,2.110784E+01,4.006605E+01,2.388885E+01,4.156831E+01,1.893600E+03,2.596989E+03,6.427295E-02,2.289976E-01,0.000000E+00,0.000000E+00,0.000000E+00,0.000000E+00,0.000000E+00,0.000000E+00,0.000000E+00,0.000000E+00,2.110766E+01,3.971683E+01,2.388893E+01,4.136686E+01,3.129017E+03,3.822850E+03,1.062061E-01,3.370934E-01,0.000000E+00,0.000000E+00,0.000000E+00,0.000000E+00,0.000000E+00,0.000000E+00,0.000000E+00,0.000000E+00,2.110776E+01,3.992083E+01,2.388885E+01,4.158510E+01,1.876917E+03,2.308848E+03,6.370669E-02,2.035905E-01,0.000000E+00,0.000000E+00,0.000000E+00,0.000000E+00,0.000000E+00,0.000000E+00,0.000000E+00,0.000000E+00,2.110766E+01,3.968109E+01,2.388889E+01,4.154215E+01
14:10:00,9.568076E+02,3.604738E+03,3.247878E-02,3.178685E-01,0.000000E+00,0.000000E+00,0.000000E+00,0.000000E+00,0.000000E+00,0.000000E+00,0.000000E+00,0.000000E+00,2.111000E+01,4.455040E+01,2.388861E+01,4.253425E+01,3.106313E+03,3.908819E+03,1.054357E-01,3.446762E-01,0.000000E+00,0.000000E+00,0.000000E+00,0.000000E+00,0.000000E+00,0.000000E+00,0.000000E+00,0.000000E+00,2.110784E+01,4.006607E+01,2.388885E+01,4.155770E+01,1.893606E+03,2.595504E+03,6.427314E-02,2.288679E-01,0.000000E+00,0.000000E+00,0.000000E+00,0.000000E+00,0.000000E+00,0.000000E+00,0.000000E+00,0.000000E+00,2.110766E+01,3.971684E+01,2.388893E+01,4.136689E+01,3.129027E+03,3.843132E+03,1.062064E-01,3.388838E-01,0.000000E+00,0.000000E+00,0.000000E+00,0.000000E+00,0.000000E+00,0.000000E+00,0.000000E+00,0.000000E+00,2.110776E+01,3.992084E+01,2.388886E+01,4.157561E+01,1.876922E+03,2.328601E+03,6.370687E-02,2.053334E-01,0.000000E+00,0.000000E+00,0.000000E+00,0.000000E+00,0.000000E+00,0.000000E+00,0.000000E+00,0.000000E+00,2.110766E+01,3.968111E+01,2.388889E+01,4.153148E+01
14:20:00,9.568387E+02,3.612289E+03,3.247984E-02,3.185366E-01,0.000000E+00,0.000000E+00,0.000000E+00,0.000000E+00,0.000000E+00,0.000000E+00,0.000000E+00,0.000000E+00,2.111000E+01,4.455040E+01,2.388861E+01,4.252873E+01,3.106323E+03,3.930339E+03,1.054361E-01,3.465758E-01,0.000000E+00,0.000000E+00,0.000000E+00,0.000000E+00,0.000000E+00,0.000000E+00,0.000000E+00,0.000000E+00,2.110784E+01,4.006608E+01,2.388885E+01,4.154831E+01,1.893611E+03,2.594233E+03,6.427333E-02,2.287570E-01,0.000000E+00,0.000000E+00,0.000000E+00,0.000000E+00,0.000000E+00,0.000000E+00,0.000000E+00,0.000000E+00,2.110766E+01,3.971686E+01,2.388893E+01,4.136708E+01,3.129038E+03,3.862204E+03,1.062068E-01,3.405675E-01,0.000000E+00,0.000000E+00,0.000000E+00,0.000000E+00,0.000000E+00,0.000000E+00,0.000000E+00,0.000000E+00,2.110776E+01,3.992085E+01,2.388886E+01,4.156702E+01,1.876928E+03,2.354789E+03,6.370706E-02,2.076438E-01,0.000000E+00,0.000000E+00,0.000000E+00,0.000000E+00,0.000000E+00,0.000000E+00,0.000000E+00,0.000000E+00,2.110766E+01,3.968112E+01,2.388888E+01,4.151573E+01
14:30:00,9.568695E+02,3.619467E+03,3.248088E-02,3.191720E-01,0.000000E+00,0.000000E+00,0.000000E+00,0.000000E+00,0.000000E+00,0.000000E+00,0.000000E+00,0.000000E+00,2.111000E+01,4.455040E+01,2.388861E+01,4.252337E+01,3.106333E+03,3.949663E+03,1.054364E-01,3.482818E-01,0.000000E+00,0.000000E+00,0.000000E+00,0.000000E+00,0.000000E+00,0.000000E+00,0.000000E+00,0.000000E+00,2.110784E+01,4.006609E+01,2.388886E+01,4.154026E+01,1.893617E+03,2.593008E+03,6.427351E-02,2.286501E-01,0.000000E+00,0.000000E+00,0.000000E+00,0.000000E+00,0.000000E+00,0.000000E+00,0.000000E+00,0.000000E+00,2.110766E+01,3.971687E+01,2.388893E+01,4.136758E+01,3.129048E+03,3.879859E+03,1.062071E-01,3.421262E-01,0.000000E+00,0.000000E+00,0.000000E+00,0.000000E+00,0.000000E+00,0.000000E+00,0.000000E+00,0.000000E+00,2.110776E+01,3.992087E+01,2.388886E+01,4.155946E+01,1.876933E+03,2.388177E+03,6.370724E-02,2.105891E-01,0.000000E+00,0.000000E+00,0.000000E+00,0.000000E+00,0.000000E+00,0.000000E+00,0.000000E+00,0.000000E+00,2.110766E+01,3.968113E+01,2.388887E+01,4.149327E+01
14:40:00,9.569001E+02,3.626658E+03,3.248192E-02,3.198063E-01,0.000000E+00,0.000000E+00,0.000000E+00,0.000000E+00,0.000000E+00,0.000000E+00,0.000000E+00,0.000000E+00,2.111000E+01,4.455040E+01,2.388861E+01,4.251816E+01,3.106343E+03,3.966943E+03,1.054368E-01,3.498057E-01,0.000000E+00,0.000000E+00,0.000000E+00,0.000000E+00,0.000000E+00,0.000000E+00,0.000000E+00,0.000000E+00,2.110784E+01,4.006610E+01,2.388886E+01,4.153336E+01,1.893622E+03,2.591851E+03,6.427369E-02,2.285483E-01,0.000000E+00,0.000000E+00,0.000000E+00,0.000000E+00,0.000000E+00,0.000000E+00,0.000000E+00,0.000000E+00,2.110766E+01,3.971688E+01,2.388893E+01,4.136825E+01,3.129058E+03,3.896256E+03,1.062075E-01,3.435723E-01,0.000000E+00,0.000000E+00,0.000000E+00,0.000000E+00,0.000000E+00,0.000000E+00,0.000000E+00,0.000000E+00,2.110776E+01,3.992088E+01,2.388886E+01,4.155275E+01,1.876939E+03,2.429681E+03,6.370743E-02,2.142492E-01,0.000000E+00,0.000000E+00,0.000000E+00,0.000000E+00,0.000000E+00,0.000000E+00,0.000000E+00,0.000000E+00,2.110766E+01,3.968114E+01,2.388886E+01,4.146518E+01
14:50:00,9.569305E+02,3.633658E+03,3.248295E-02,3.204236E-01,0.000000E+00,0.000000E+00,0.000000E+00,0.000000E+00,0.000000E+00,0.000000E+00,0.000000E+00,0.000000E+00,2.111000E+01,4.455040E+01,2.388861E+01,4.251305E+01,3.106353E+03,3.981976E+03,1.054371E-01,3.511312E-01,0.000000E+00,0.000000E+00,0.000000E+00,0.000000E+00,0.000000E+00,0.000000E+00,0.000000E+00,0.000000E+00,2.110784E+01,4.006612E+01,2.388886E+01,4.152739E+01,1.893627E+03,2.590596E+03,6.427387E-02,2.284377E-01,0.000000E+00,0.000000E+00,0.000000E+00,0.000000E+00,0.000000E+00,0.000000E+00,0.000000E+00,0.000000E+00,2.110766E+01,3.971689E+01,2.388893E+01,4.136897E+01,3.129068E+03,3.911207E+03,1.062078E-01,3.448906E-01,0.000000E+00,0.000000E+00,0.000000E+00,0.000000E+00,0.000000E+00,0.000000E+00,0.000000E+00,0.000000E+00,2.110776E+01,3.992089E+01,2.388886E+01,4.154667E+01,1.876944E+03,2.479873E+03,6.370761E-02,2.186753E-01,0.000000E+00,0.000000E+00,0.000000E+00,0.000000E+00,0.000000E+00,0.000000E+00,0.000000E+00,0.000000E+00,2.110766E+01,3.968115E+01,2.388885E+01,4.143333E+01
15:00:00,9.569607E+02,3.640551E+03,3.248398E-02,3.210314E-01,0.000000E+00,0.000000E+00,0.000000E+00,0.000000E+00,0.000000E+00,0.000000E+00,0.000000E+00,0.000000E+00,2.111000E+01,4.455040E+01,2.388861E+01,4.250806E+01,3.106363E+03,3.994738E+03,1.054375E-01,3.522566E-01,0.000000E+00,0.000000E+00,0.000000E+00,0.000000E+00,0.000000E+00,0.000000E+00,0.000000E+00,0.000000E+00,2.110784E+01,4.006613E+01,2.388886E+01,4.152220E+01,1.893633E+03,2.589158E+03,6.427405E-02,2.283109E-01,0.000000E+00,0.000000E+00,0.000000E+00,0.000000E+00,0.000000E+00,0.000000E+00,0.000000E+00,0.000000E+00,2.110766E+01,3.971690E+01,2.388893E+01,4.136966E+01,3.129078E+03,3.924685E+03,1.062081E-01,3.460791E-01,0.000000E+00,0.000000E+00,0.000000E+00,0.000000E+00,0.000000E+00,0.000000E+00,0.000000E+00,0.000000E+00,2.110776E+01,3.992090E+01,2.388887E+01,4.154108E+01,1.876949E+03,2.537803E+03,6.370779E-02,2.237836E-01,0.000000E+00,0.000000E+00,0.000000E+00,0.000000E+00,0.000000E+00,0.000000E+00,0.000000E+00,0.000000E+00,2.110766E+01,3.968116E+01,2.388885E+01,4.139935E+01
15:10:00,9.569907E+02,3.647319E+03,3.248499E-02,3.216282E-01,0.000000E+00,0.000000E+00,0.000000E+00,0.000000E+00,0.000000E+00,0.000000E+00,0.000000E+00,0.000000E+00,2.111000E+01,4.455040E+01,2.388861E+01,4.250317E+01,3.106373E+03,4.005277E+03,1.054378E-01,3.531857E-01,0.000000E+00,0.000000E+00,0.000000E+00,0.000000E+00,0.000000E+00,0.000000E+00,0.000000E+00,0.000000E+00,2.110784E+01,4.006614E+01,2.388886E+01,4.151774E+01,1.893638E+03,2.587332E+03,6.427423E-02,2.281499E-01,0.000000E+00,0.000000E+00,0.000000E+00,0.000000E+00,0.000000E+00,0.000000E+00,0.000000E+00,0.000000E+00,2.110766E+01,3.971691E+01,2.388893E+01,4.137033E+01,3.129088E+03,3.936452E+03,1.062085E-01,3.471166E-01,0.000000E+00,0.000000E+00,0.000000E+00,0.000000E+00,0.000000E+00,0.000000E+00,0.000000E+00,0.000000E+00,2.110776E+01,3.992092E+01,2.388887E+01,4.153592E+01,1.876955E+03,2.598818E+03,6.370797E-02,2.291640E-01,0.000000E+00,0.000000E+00,0.000000E+00,0.000000E+00,0.000000E+00,0.000000E+00,0.000000E+00,0.000000E+00,2.110766E+01,3.968118E+01,2.388885E+01,4.136472E+01
15:20:00,9.570204E+02,3.653932E+03,3.248601E-02,3.222113E-01,0.000000E+00,0.000000E+00,0.000000E+00,0.000000E+00,0.000000E+00,0.000000E+00,0.000000E+00,0.000000E+00,2.111000E+01,4.455040E+01,2.388861E+01,4.249841E+01,3.106383E+03,4.013760E+03,1.054381E-01,3.539337E-01,0.000000E+00,0.000000E+00,0.000000E+00,0.000000E+00,0.000000E+00,0.000000E+00,0.000000E+00,0.000000E+00,2.110784E+01,4.006615E+01,2.388887E+01,4.151446E+01,1.893643E+03,2.585035E+03,6.427440E-02,2.279473E-01,0.000000E+00,0.000000E+00,0.000000E+00,0.000000E+00,0.000000E+00,0.000000E+00,0.000000E+00,0.000000E+00,2.110766E+01,3.971693E+01,2.388893E+01,4.137159E+01,3.129098E+03,3.946441E+03,1.062088E-01,3.479974E-01,0.000000E+00,0.000000E+00,0.000000E+00,0.000000E+00,0.000000E+00,0.000000E+00,0.000000E+00,0.000000E+00,2.110776E+01,3.992093E+01,2.388887E+01,4.153183E+01,1.876960E+03,2.661762E+03,6.370814E-02,2.347146E-01,0.000000E+00,0.000000E+00,0.000000E+00,0.000000E+00,0.000000E+00,0.000000E+00,0.000000E+00,0.000000E+00,2.110766E+01,3.968119E+01,2.388886E+01,4.133092E+01
15:30:00,9.570500E+02,3.660352E+03,3.248701E-02,3.227774E-01,0.000000E+00,0.000000E+00,0.000000E+00,0.000000E+00,0.000000E+00,0.000000E+00,0.000000E+00,0.000000E+00,2.111000E+01,4.455040E+01,2.388861E+01,4.249380E+01,3.106393E+03,4.020162E+03,1.054385E-01,3.544982E-01,0.000000E+00,0.000000E+00,0.000000E+00,0.000000E+00,0.000000E+00,0.000000E+00,0.000000E+00,0.000000E+00,2.110784E+01,4.006617E+01,2.388887E+01,4.151235E+01,1.893648E+03,2.582163E+03,6.427458E-02,2.276941E-01,0.000000E+00,0.000000E+00,0.000000E+00,0.000000E+00,0.000000E+00,0.000000E+00,0.000000E+00,0.000000E+00,2.110766E+01,3.971694E+01,2.388893E+01,4.137360E+01,3.129107E+03,3.954558E+03,1.062091E-01,3.487131E-01,0.000000E+00,0.000000E+00,0.000000E+00,0.000000E+00,0.000000E+00,0.000000E+00,0.000000E+00,0.000000E+00,2.110776E+01,3.992094E+01,2.388887E+01,4.152897E+01,1.876965E+03,2.725788E+03,6.370832E-02,2.403603E-01,0.000000E+00,0.000000E+00,0.000000E+00,0.000000E+00,0.000000E+00,0.000000E+00,0.000000E+00,0.000000E+00,2.110766E+01,3.968120E+01,2.388886E+01,4.129860E+01
15:40:00,9.570793E+02,3.666538E+03,3.248801E-02,3.233229E-01,0.000000E+00,0.000000E+00,0.000000E+00,0.000000E+00,0.000000E+00,0.000000E+00,0.000000E+00,0.000000E+00,2.111000E+01,4.455040E+01,2.388861E+01,4.248934E+01,3.106402E+03,4.024462E+03,1.054388E-01,3.548773E-01,0.000000E+00,0.000000E+00,0.000000E+00,0.000000E+00,0.000000E+00,0.000000E+00,0.000000E+00,0.000000E+00,2.110784E+01,4.006618E+01,2.388887E+01,4.151119E+01,1.893653E+03,2.578620E+03,6.427475E-02,2.273816E-01,0.000000E+00,0.000000E+00,0.000000E+00,0.000000E+00,0.000000E+00,0.000000E+00,0.000000E+00,0.000000E+00,2.110766E+01,3.971695E+01,2.388893E+01,4.137619E+01,3.129117E+03,3.960717E+03,1.062095E-01,3.492562E-01,0.000000E+00,0.000000E+00,0.000000E+00,0.000000E+00,0.000000E+00,0.000000E+00,0.000000E+00,0.000000E+00,2.110776E+01,3.992095E+01,2.388887E+01,4.152717E+01,1.876970E+03,2.790016E+03,6.370849E-02,2.460239E-01,0.000000E+00,0.000000E+00,0.000000E+00,0.000000E+00,0.000000E+00,0.000000E+00,0.000000E+00,0.000000E+00,2.110766E+01,3.968121E+01,2.388887E+01,4.126789E+01
15:50:00,9.571085E+02,3.672450E+03,3.248899E-02,3.238443E-01,0.000000E+00,0.000000E+00,0.000000E+00,0.000000E+00,0.000000E+00,0.000000E+00,0.000000E+00,0.000000E+00,2.111000E+01,4.455040E+01,2.388861E+01,4.248508E+01,3.106412E+03,4.026661E+03,1.054391E-01,3.550711E-01,0.000000E+00,0.000000E+00,0.000000E+00,0.000000E+00,0.000000E+00,0.000000E+00,0.000000E+00,0.000000E+00,2.110784E+01,4.006619E+01,2.388887E+01,4.151083E+01,1.893658E+03,2.574314E+03,6.427493E-02,2.270019E-01,0.000000E+00,0.000000E+00,0.000000E+00,0.000000E+00,0.000000E+00,0.000000E+00,0.000000E+00,0.000000E+00,2.110766E+01,3.971696E+01,2.388893E+01,4.137920E+01,3.129127E+03,3.964838E+03,1.062098E-01,3.496195E-01,0.000000E+00,0.000000E+00,0.000000E+00,0.000000E+00,0.000000E+00,0.000000E+00,0.000000E+00,0.000000E+00,2.110776E+01,3.992097E+01,2.388887E+01,4.152616E+01,1.876975E+03,2.853643E+03,6.370867E-02,2.516345E-01,0.000000E+00,0.000000E+00,0.000000E+00,0.000000E+00,0.000000E+00,0.000000E+00,0.000000E+00,0.000000E+00,2.110766E+01,3.968122E+01,2.388887E+01,4.123877E+01
16:00:00,9.571375E+02,3.678048E+03,3.248998E-02,3.243379E-01,0.000000E+00,0.000000E+00,0.000000E+00,0.000000E+00,0.000000E+00,0.000000E+00,0.000000E+00,0.000000E+00,2.111000E+01,4.455040E+01,2.388861E+01,4.248104E+01,3.106421E+03,4.026781E+03,1.054394E-01,3.550817E-01,0.000000E+00,0.000000E+00,0.000000E+00,0.000000E+00,0.000000E+00,0.000000E+00,0.000000E+00,0.000000E+00,2.110784E+01,4.006620E+01,2.388887E+01,4.151117E+01,1.893663E+03,2.569156E+03,6.427510E-02,2.265471E-01,0.000000E+00,0.000000E+00,0.000000E+00,0.000000E+00,0.000000E+00,0.000000E+00,0.000000E+00,0.000000E+00,2.110766E+01,3.971697E+01,2.388893E+01,4.138252E+01,3.129136E+03,3.966847E+03,1.062101E-01,3.497966E-01,0.000000E+00,0.000000E+00,0.000000E+00,0.000000E+00,0.000000E+00,0.000000E+00,0.000000E+00,0.000000E+00,2.110776E+01,3.992098E+01,2.388888E+01,4.152580E+01,1.876980E+03,2.916287E+03,6.370884E-02,2.571584E-01,0.000000E+00,0.000000E+00,0.000000E+00,0.000000E+00,0.000000E+00,0.000000E+00,0.000000E+00,0.000000E+00,2.110766E+01,3.968123E+01,2.388888E+01,4.121127E+01
16:10:00,9.571662E+02,3.683288E+03,3.249095E-02,3.247999E-01,0.000000E+00,0.000000E+00,0.000000E+00,0.000000E+00,0.000000E+00,0.000000E+00,0.000000E+00,0.000000E+00,2.111000E+01,4.455040E+01,2.388862E+01,4.247723E+01,3.106431E+03,4.024589E+03,1.054397E-01,3.548883E-01,0.000000E+00,0.000000E+00,0.000000E+00,0.000000E+00,0.000000E+00,0.000000E+00,0.000000E+00,0.000000E+00,2.110784E+01,4.006621E+01,2.388887E+01,4.151218E+01,1.893668E+03,2.563087E+03,6.427527E-02,2.260119E-01,0.000000E+00,0.000000E+00,0.000000E+00,0.000000E+00,0.000000E+00,0.000000E+00,0.000000E+00,0.000000E+00,2.110766E+01,3.971698E+01,2.388893E+01,4.138614E+01,3.129146E+03,3.966693E+03,1.062104E-01,3.497829E-01,0.000000E+00,0.000000E+00,0.000000E+00,0.000000E+00,0.000000E+00,0.000000E+00,0.000000E+00,0.000000E+00,2.110776E+01,3.992099E+01,2.388888E+01,4.152602E+01,1.876985E+03,2.974736E+03,6.370901E-02,2.623123E-01,0.000000E+00,0.000000E+00,0.000000E+00,0.000000E+00,0.000000E+00,0.000000E+00,0.000000E+00,0.000000E+00,2.110766E+01,3.968124E+01,2.388888E+01,4.118545E+01
16:20:00,9.571948E+02,3.688117E+03,3.249192E-02,3.252257E-01,0.000000E+00,0.000000E+00,0.000000E+00,0.000000E+00,0.000000E+00,0.000000E+00,0.000000E+00,0.000000E+00,2.111000E+01,4.455040E+01,2.388862E+01,4.247368E+01,3.106440E+03,4.020243E+03,1.054401E-01,3.545050E-01,0.000000E+00,0.000000E+00,0.000000E+00,0.000000E+00,0.000000E+00,0.000000E+00,0.000000E+00,0.000000E+00,2.110784E+01,4.006623E+01,2.388888E+01,4.151436E+01,1.893673E+03,2.556191E+03,6.427543E-02,2.254038E-01,0.000000E+00,0.000000E+00,0.000000E+00,0.000000E+00,0.000000E+00,0.000000E+00,0.000000E+00,0.000000E+00,2.110766E+01,3.971699E+01,2.388893E+01,4.139054E+01,3.129155E+03,3.964582E+03,1.062108E-01,3.495968E-01,0.000000E+00,0.000000E+00,0.000000E+00,0.000000E+00,0.000000E+00,0.000000E+00,0.000000E+00,0.000000E+00,2.110776E+01,3.992100E+01,2.388888E+01,4.152733E+01,1.876990E+03,3.028859E+03,6.370918E-02,2.670847E-01,0.000000E+00,0.000000E+00,0.000000E+00,0.000000E+00,0.000000E+00,0.000000E+00,0.000000E+00,0.000000E+00,2.110766E+01,3.968126E+01,2.388889E+01,4.116361E+01
16:30:00,9.572231E+02,3.692484E+03,3.249288E-02,3.256108E-01,0.000000E+00,0.000000E+00,0.000000E+00,0.000000E+00,0.000000E+00,0.000000E+00,0.000000E+00,0.000000E+00,2.111000E+01,4.455040E+01,2.388862E+01,4.247043E+01,3.106449E+03,4.013798E+03,1.054404E-01,3.539367E-01,0.000000E+00,0.000000E+00,0.000000E+00,0.000000E+00,0.000000E+00,0.000000E+00,0.000000E+00,0.000000E+00,2.110784E+01,4.006624E+01,2.388888E+01,4.151762E+01,1.893678E+03,2.548418E+03,6.427560E-02,2.247184E-01,0.000000E+00,0.000000E+00,0.000000E+00,0.000000E+00,0.000000E+00,0.000000E+00,0.000000E+00,0.000000E+00,2.110766E+01,3.971700E+01,2.388893E+01,4.139571E+01,3.129164E+03,3.960492E+03,1.062111E-01,3.492361E-01,0.000000E+00,0.000000E+00,0.000000E+00,0.000000E+00,0.000000E+00,0.000000E+00,0.000000E+00,0.000000E+00,2.110776E+01,3.992101E+01,2.388888E+01,4.152972E+01,1.876995E+03,3.078079E+03,6.370934E-02,2.714248E-01,0.000000E+00,0.000000E+00,0.000000E+00,0.000000E+00,0.000000E+00,0.000000E+00,0.000000E+00,0.000000E+00,2.110766E+01,3.968127E+01,2.388890E+01,4.114579E+01
16:40:00,9.572513E+02,3.696351E+03,3.249384E-02,3.259518E-01,0.000000E+00,0.000000E+00,0.000000E+00,0.000000E+00,0.000000E+00,0.000000E+00,0.000000E+00,0.000000E+00,2.111000E+01,4.455040E+01,2.388862E+01,4.246752E+01,3.106459E+03,4.005289E+03,1.054407E-01,3.531863E-01,0.000000E+00,0.000000E+00,0.000000E+00,0.000000E+00,0.000000E+00,0.000000E+00,0.000000E+00,0.000000E+00,2.110784E+01,4.006625E+01,2.388888E+01,4.152172E+01,1.893683E+03,2.539711E+03,6.427577E-02,2.239506E-01,0.000000E+00,0.000000E+00,0.000000E+00,0.000000E+00,0.000000E+00,0.000000E+00,0.000000E+00,0.000000E+00,2.110766E+01,3.971701E+01,2.388893E+01,4.140148E+01,3.129174E+03,3.954362E+03,1.062114E-01,3.486955E-01,0.000000E+00,0.000000E+00,0.000000E+00,0.000000E+00,0.000000E+00,0.000000E+00,0.000000E+00,0.000000E+00,2.110776E+01,3.992103E+01,2.388888E+01,4.153298E+01,1.877000E+03,3.121815E+03,6.370951E-02,2.752813E-01,0.000000E+00,0.000000E+00,0.000000E+00,0.000000E+00,0.000000E+00,0.000000E+00,0.000000E+00,0.000000E+00,2.110766E+01,3.968128E+01,2.388891E+01,4.113101E+01
16:50:00,9.572792E+02,3.699527E+03,3.249479E-02,3.262307E-01,0.000000E+00,0.000000E+00,0.000000E+00,0.000000E+00,0.000000E+00,0.000000E+00,0.000000E+00,0.000000E+00,2.111000E+01,4.455040E+01,2.388884E+01,4.246384E+01,3.106468E+03,3.994646E+03,1.054410E-01,3.522469E-01,0.000000E+00,0.000000E+00,0.000000E+00,0.000000E+00,0.000000E+00,0.000000E+00,0.000000E+00,0.000000E+00,2.110784E+01,4.006626E+01,2.388905E+01,4.152765E+01,1.893688E+03,2.529961E+03,6.427593E-02,2.230903E-01,0.000000E+00,0.000000E+00,0.000000E+00,0.000000E+00,0.000000E+00,0.000000E+00,0.000000E+00,0.000000E+00,2.110766E+01,3.971702E+01,2.388909E+01,4.140929E+01,3.129183E+03,3.946035E+03,1.062117E-01,3.479603E-01,0.000000E+00,0.000000E+00,0.000000E+00,0.000000E+00,0.000000E+00,0.000000E+00,0.000000E+00,0.000000E+00,2.110776E+01,3.992104E+01,2.388905E+01,4.153789E+01,1.877005E+03,3.159459E+03,6.370967E-02,2.785998E-01,0.000000E+00,0.000000E+00,0.000000E+00,0.000000E+00,0.000000E+00,0.000000E+00,0.000000E+00,0.000000E+00,2.110766E+01,3.968129E+01,2.388907E+01,4.111488E+01
17:00:00,9.573070E+02,3.702153E+03,3.249573E-02,3.264599E-01,0.000000E+00,0.000000E+00,0.000000E+00,0.000000E+00,0.000000E+00,0.000000E+00,0.000000E+00,0.000000E+00,2.111000E+01,4.455040E+01,2.388910E+01,4.246145E+01,3.106477E+03,3.981999E+03,1.054413E-01,3.511298E-01,0.000000E+00,0.000000E+00,0.000000E+00,0.000000E+00,0.000000E+00,0.000000E+00,0.000000E+00,0.000000E+00,2.110784E+01,4.006627E+01,2.388924E+01,4.153268E+01,1.893693E+03,2.519190E+03,6.427609E-02,2.221394E-01,0.000000E+00,0.000000E+00,0.000000E+00,0.000000E+00,0.000000E+00,0.000000E+00,0.000000E+00,0.000000E+00,2.110766E+01,3.971703E+01,2.388927E+01,4.141562E+01,3.129192E+03,3.935594E+03,1.062120E-01,3.470377E-01,0.000000E+00,0.000000E+00,0.000000E+00,0.000000E+00,0.000000E+00,0.000000E+00,0.000000E+00,0.000000E+00,2.110776E+01,3.992105E+01,2.388924E+01,4.154225E+01,1.877010E+03,3.190541E+03,6.370984E-02,2.813389E-01,0.000000E+00,0.000000E+00,0.000000E+00,0.000000E+00,0.000000E+00,0.000000E+00,0.000000E+00,0.000000E+00,2.110766E+01,3.968130E+01,2.388926E+01,4.110472E+01
17:10:00,9.573346E+02,3.704213E+03,3.249667E-02,3.266392E-01,0.000000E+00,0.000000E+00,0.000000E+00,0.000000E+00,0.000000E+00,0.000000E+00,0.000000E+00,0.000000E+00,2.111000E+01,4.455040E+01,2.388911E+01,4.245981E+01,3.106486E+03,3.967945E+03,1.054416E-01,3.498885E-01,0.000000E+00,0.000000E+00,0.000000E+00,0.000000E+00,0.000000E+00,0.000000E+00,0.000000E+00,0.000000E+00,2.110784E+01,4.006628E+01,2.388925E+01,4.153942E+01,1.893698E+03,2.507674E+03,6.427626E-02,2.211228E-01,0.000000E+00,0.000000E+00,0.000000E+00,0.000000E+00,0.000000E+00,0.000000E+00,0.000000E+00,0.000000E+00,2.110766E+01,3.971704E+01,2.388928E+01,4.142360E+01,3.129201E+03,3.923589E+03,1.062123E-01,3.459772E-01,0.000000E+00,0.000000E+00,0.000000E+00,0.000000E+00,0.000000E+00,0.000000E+00,0.000000E+00,0.000000E+00,2.110776E+01,3.992106E+01,2.388925E+01,4.154828E+01,1.877015E+03,3.217475E+03,6.371000E-02,2.837124E-01,0.000000E+00,0.000000E+00,0.000000E+00,0.000000E+00,0.000000E+00,0.000000E+00,0.000000E+00,0.000000E+00,2.110766E+01,3.968131E+01,2.388927E+01,4.109611E+01
17:20:00,9.573619E+02,3.705683E+03,3.249760E-02,3.267663E-01,0.000000E+00,0.000000E+00,0.000000E+00,0.000000E+00,0.000000E+00,0.000000E+00,0.000000E+00,0.000000E+00,2.111000E+01,4.455040E+01,2.388911E+01,4.245860E+01,3.106495E+03,3.952103E+03,1.054419E-01,3.484896E-01,0.000000E+00,0.000000E+00,0.000000E+00,0.000000E+00,0.000000E+00,0.000000E+00,0.000000E+00,0.000000E+00,2.110784E+01,4.006629E+01,2.388925E+01,4.154690E+01,1.893702E+03,2.495204E+03,6.427642E-02,2.200220E-01,0.000000E+00,0.000000E+00,0.000000E+00,0.000000E+00,0.000000E+00,0.000000E+00,0.000000E+00,0.000000E+00,2.110766E+01,3.971706E+01,2.388928E+01,4.143214E+01,3.129210E+03,3.909748E+03,1.062126E-01,3.447548E-01,0.000000E+00,0.000000E+00,0.000000E+00,0.000000E+00,0.000000E+00,0.000000E+00,0.000000E+00,0.000000E+00,2.110776E+01,3.992107E+01,2.388925E+01,4.155510E+01,1.877019E+03,3.239349E+03,6.371016E-02,2.856396E-01,0.000000E+00,0.000000E+00,0.000000E+00,0.000000E+00,0.000000E+00,0.000000E+00,0.000000E+00,0.000000E+00,2.110766E+01,3.968132E+01,2.388928E+01,4.109009E+01
17:30:00,9.573891E+02,3.706560E+03,3.249852E-02,3.268413E-01,0.000000E+00,0.000000E+00,0.000000E+00,0.000000E+00,0.000000E+00,0.000000E+00,0.000000E+00,0.000000E+00,2.111000E+01,4.455040E+01,2.388911E+01,4.245776E+01,3.106504E+03,3.934420E+03,1.054422E-01,3.469284E-01,0.000000E+00,0.000000E+00,0.000000E+00,0.000000E+00,0.000000E+00,0.000000E+00,0.000000E+00,0.000000E+00,2.110784E+01,4.006630E+01,2.388925E+01,4.155519E+01,1.893707E+03,2.481744E+03,6.427657E-02,2.188340E-01,0.000000E+00,0.000000E+00,0.000000E+00,0.000000E+00,0.000000E+00,0.000000E+00,0.000000E+00,0.000000E+00,2.110766E+01,3.971707E+01,2.388928E+01,4.144135E+01,3.129219E+03,3.894193E+03,1.062129E-01,3.433812E-01,0.000000E+00,0.000000E+00,0.000000E+00,0.000000E+00,0.000000E+00,0.000000E+00,0.000000E+00,0.000000E+00,2.110776E+01,3.992108E+01,2.388925E+01,4.156271E+01,1.877024E+03,3.255711E+03,6.371032E-02,2.870806E-01,0.000000E+00,0.000000E+00,0.000000E+00,0.000000E+00,0.000000E+00,0.000000E+00,0.000000E+00,0.000000E+00,2.110766E+01,3.968133E+01,2.388928E+01,4.108639E+01
17:40:00,9.574161E+02,3.706843E+03,3.249944E-02,3.268639E-01,0.000000E+00,0.000000E+00,0.000000E+00,0.000000E+00,0.000000E+00,0.000000E+00,0.000000E+00,0.000000E+00,2.111000E+01,4.455040E+01,2.388911E+01,4.245732E+01,3.106512E+03,3.914852E+03,1.054425E-01,3.452010E-01,0.000000E+00,0.000000E+00,0.000000E+00,0.000000E+00,0.000000E+00,0.000000E+00,0.000000E+00,0.000000E+00,2.110784E+01,4.006632E+01,2.388925E+01,4.156428E+01,1.893712E+03,2.467279E+03,6.427673E-02,2.175574E-01,0.000000E+00,0.000000E+00,0.000000E+00,0.000000E+00,0.000000E+00,0.000000E+00,0.000000E+00,0.000000E+00,2.110766E+01,3.971708E+01,2.388928E+01,4.145121E+01,3.129227E+03,3.878017E+03,1.062132E-01,3.419529E-01,0.000000E+00,0.000000E+00,0.000000E+00,0.000000E+00,0.000000E+00,0.000000E+00,0.000000E+00,0.000000E+00,2.110776E+01,3.992109E+01,2.388925E+01,4.157081E+01,1.877029E+03,3.266143E+03,6.371048E-02,2.879989E-01,0.000000E+00,0.000000E+00,0.000000E+00,0.000000E+00,0.000000E+00,0.000000E+00,0.000000E+00,0.000000E+00,2.110766E+01,3.968134E+01,2.388928E+01,4.108494E+01
17:50:00,9.574429E+02,3.706709E+03,3.250035E-02,3.268508E-01,0.000000E+00,0.000000E+00,0.000000E+00,0.000000E+00,0.000000E+00,0.000000E+00,0.000000E+00,0.000000E+00,2.111000E+01,4.455040E+01,2.388911E+01,4.245727E+01,3.106521E+03,3.893441E+03,1.054428E-01,3.433120E-01,0.000000E+00,0.000000E+00,0.000000E+00,0.000000E+00,0.000000E+00,0.000000E+00,0.000000E+00,0.000000E+00,2.110784E+01,4.006633E+01,2.388925E+01,4.157420E+01,1.893716E+03,2.451861E+03,6.427689E-02,2.161973E-01,0.000000E+00,0.000000E+00,0.000000E+00,0.000000E+00,0.000000E+00,0.000000E+00,0.000000E+00,0.000000E+00,2.110766E+01,3.971709E+01,2.388928E+01,4.146172E+01,3.129236E+03,3.863632E+03,1.062135E-01,3.406835E-01,0.000000E+00,0.000000E+00,0.000000E+00,0.000000E+00,0.000000E+00,0.000000E+00,0.000000E+00,0.000000E+00,2.110776E+01,3.992111E+01,2.388925E+01,4.157834E+01,1.877033E+03,3.270481E+03,6.371064E-02,2.883806E-01,0.000000E+00,0.000000E+00,0.000000E+00,0.000000E+00,0.000000E+00,0.000000E+00,0.000000E+00,0.000000E+00,2.110766E+01,3.968135E+01,2.388928E+01,4.108576E+01
18:00:00,9.574696E+02,3.706060E+03,3.250125E-02,3.267934E-01,0.000000E+00,0.000000E+00,0.000000E+00,0.000000E+00,0.000000E+00,0.000000E+00,0.000000E+00,0.000000E+00,2.111000E+01,4.455040E+01,2.388911E+01,4.245758E+01,3.106530E+03,3.869297E+03,1.054431E-01,3.411830E-01,0.000000E+00,0.000000E+00,0.000000E+00,0.000000E+00,0.000000E+00,0.000000E+00,0.000000E+00,0.000000E+00,2.110784E+01,4.006634E+01,2.388925E+01,4.158509E+01,1.893721E+03,2.435057E+03,6.427704E-02,2.147156E-01,0.000000E+00,0.000000E+00,0.000000E+00,0.000000E+00,0.000000E+00,0.000000E+00,0.000000E+00,0.000000E+00,2.110766E+01,3.971710E+01,2.388928E+01,4.147300E+01,3.129245E+03,3.850336E+03,1.062138E-01,3.395110E-01,0.000000E+00,0.000000E+00,0.000000E+00,0.000000E+00,0.000000E+00,0.000000E+00,0.000000E+00,0.000000E+00,2.110776E+01,3.992112E+01,2.388925E+01,4.158415E+01,1.877038E+03,3.264462E+03,6.371079E-02,2.878497E-01,0.000000E+00,0.000000E+00,0.000000E+00,0.000000E+00,0.000000E+00,0.000000E+00,0.000000E+00,0.000000E+00,2.110766E+01,3.968136E+01,2.388929E+01,4.108954E+01
18:10:00,9.574960E+02,3.704972E+03,3.250215E-02,3.266975E-01,0.000000E+00,0.000000E+00,0.000000E+00,0.000000E+00,0.000000E+00,0.000000E+00,0.000000E+00,0.000000E+00,2.111000E+01,4.455040E+01,2.388911E+01,4.245817E+01,3.106538E+03,3.842526E+03,1.054434E-01,3.388224E-01,0.000000E+00,0.000000E+00,0.000000E+00,0.000000E+00,0.000000E+00,0.000000E+00,0.000000E+00,0.000000E+00,2.110784E+01,4.006635E+01,2.388925E+01,4.159748E+01,1.893725E+03,2.416955E+03,6.427720E-02,2.131193E-01,0.000000E+00,0.000000E+00,0.000000E+00,0.000000E+00,0.000000E+00,0.000000E+00,0.000000E+00,0.000000E+00,2.110766E+01,3.971711E+01,2.388928E+01,4.148546E+01,3.129254E+03,3.838569E+03,1.062141E-01,3.384735E-01,0.000000E+00,0.000000E+00,0.000000E+00,0.000000E+00,0.000000E+00,0.000000E+00,0.000000E+00,0.000000E+00,2.110776E+01,3.992113E+01,2.388925E+01,4.158905E+01,1.877042E+03,3.250903E+03,6.371095E-02,2.866540E-01,0.000000E+00,0.000000E+00,0.000000E+00,0.000000E+00,0.000000E+00,0.000000E+00,0.000000E+00,0.000000E+00,2.110766E+01,3.968137E+01,2.388929E+01,4.109819E+01
18:20:00,9.575223E+02,3.703533E+03,3.250304E-02,3.265706E-01,0.000000E+00,0.000000E+00,0.000000E+00,0.000000E+00,0.000000E+00,0.000000E+00,0.000000E+00,0.000000E+00,2.111000E+01,4.455040E+01,2.388911E+01,4.245898E+01,3.106547E+03,3.813152E+03,1.054437E-01,3.362323E-01,0.000000E+00,0.000000E+00,0.000000E+00,0.000000E+00,0.000000E+00,0.000000E+00,0.000000E+00,0.000000E+00,2.110784E+01,4.006636E+01,2.388925E+01,4.161155E+01,1.893730E+03,2.397603E+03,6.427735E-02,2.114129E-01,0.000000E+00,0.000000E+00,0.000000E+00,0.000000E+00,0.000000E+00,0.000000E+00,0.000000E+00,0.000000E+00,2.110766E+01,3.971712E+01,2.388928E+01,4.149927E+01,3.129262E+03,3.828253E+03,1.062144E-01,3.375639E-01,0.000000E+00,0.000000E+00,0.000000E+00,0.000000E+00,0.000000E+00,0.000000E+00,0.000000E+00,0.000000E+00,2.110776E+01,3.992114E+01,2.388925E+01,4.159397E+01,1.877047E+03,3.229932E+03,6.371110E-02,2.848049E-01,0.000000E+00,0.000000E+00,0.000000E+00,0.000000E+00,0.000000E+00,0.000000E+00,0.000000E+00,0.000000E+00,2.110766E+01,3.968138E+01,2.388929E+01,4.110962E+01
18:30:00,9.575484E+02,3.701771E+03,3.250393E-02,3.264152E-01,0.000000E+00,0.000000E+00,0.000000E+00,0.000000E+00,0.000000E+00,0.000000E+00,0.000000E+00,0.000000E+00,2.111000E+01,4.455040E+01,2.388911E+01,4.245998E+01,3.106555E+03,3.781155E+03,1.054440E-01,3.334109E-01,0.000000E+00,0.000000E+00,0.000000E+00,0.000000E+00,0.000000E+00,0.000000E+00,0.000000E+00,0.000000E+00,2.110784E+01,4.006637E+01,2.388925E+01,4.162710E+01,1.893734E+03,2.377019E+03,6.427750E-02,2.095979E-01,0.000000E+00,0.000000E+00,0.000000E+00,0.000000E+00,0.000000E+00,0.000000E+00,0.000000E+00,0.000000E+00,2.110766E+01,3.971712E+01,2.388927E+01,4.151422E+01,3.129271E+03,3.818517E+03,1.062147E-01,3.367054E-01,0.000000E+00,0.000000E+00,0.000000E+00,0.000000E+00,0.000000E+00,0.000000E+00,0.000000E+00,0.000000E+00,2.110776E+01,3.992115E+01,2.388925E+01,4.159944E+01,1.877051E+03,3.201187E+03,6.371125E-02,2.822701E-01,0.000000E+00,0.000000E+00,0.000000E+00,0.000000E+00,0.000000E+00,0.000000E+00,0.000000E+00,0.000000E+00,2.110766E+01,3.968139E+01,2.388929E+01,4.112279E+01
18:40:00,9.575743E+02,3.699663E+03,3.250480E-02,3.262293E-01,0.000000E+00,0.000000E+00,0.000000E+00,0.000000E+00,0.000000E+00,0.000000E+00,0.000000E+00,0.000000E+00,2.111000E+01,4.455040E+01,2.388911E+01,4.246121E+01,3.106564E+03,3.746561E+03,1.054443E-01,3.303605E-01,0.000000E+00,0.000000E+00,0.000000E+00,0.000000E+00,0.000000E+00,0.000000E+00,0.000000E+00,0.000000E+00,2.110784E+01,4.006638E+01,2.388925E+01,4.164395E+01,1.893739E+03,2.355233E+03,6.427765E-02,2.076769E-01,0.000000E+00,0.000000E+00,0.000000E+00,0.000000E+00,0.000000E+00,0.000000E+00,0.000000E+00,0.000000E+00,2.110766E+01,3.971713E+01,2.388927E+01,4.153014E+01,3.129279E+03,3.807135E+03,1.062150E-01,3.357018E-01,0.000000E+00,0.000000E+00,0.000000E+00,0.000000E+00,0.000000E+00,0.000000E+00,0.000000E+00,0.000000E+00,2.110776E+01,3.992116E+01,2.388925E+01,4.160622E+01,1.877056E+03,3.164471E+03,6.371140E-02,2.790326E-01,0.000000E+00,0.000000E+00,0.000000E+00,0.000000E+00,0.000000E+00,0.000000E+00,0.000000E+00,0.000000E+00,2.110766E+01,3.968140E+01,2.388929E+01,4.113850E+01
18:50:00,9.576000E+02,3.697126E+03,3.250568E-02,3.260056E-01,0.000000E+00,0.000000E+00,0.000000E+00,0.000000E+00,0.000000E+00,0.000000E+00,0.000000E+00,0.000000E+00,2.111000E+01,4.455040E+01,2.388911E+01,4.246275E+01,3.106572E+03,3.709377E+03,1.054445E-01,3.270818E-01,0.000000E+00,0.000000E+00,0.000000E+00,0.000000E+00,0.000000E+00,0.000000E+00,0.000000E+00,0.000000E+00,2.110784E+01,4.006639E+01,2.388925E+01,4.166202E+01,1.893743E+03,2.332251E+03,6.427780E-02,2.056504E-01,0.000000E+00,0.000000E+00,0.000000E+00,0.000000E+00,0.000000E+00,0.000000E+00,0.000000E+00,0.000000E+00,2.110766E+01,3.971714E+01,2.388927E+01,4.154696E+01,3.129287E+03,3.790346E+03,1.062152E-01,3.342214E-01,0.000000E+00,0.000000E+00,0.000000E+00,0.000000E+00,0.000000E+00,0.000000E+00,0.000000E+00,0.000000E+00,2.110776E+01,3.992117E+01,2.388925E+01,4.161533E+01,1.877060E+03,3.119341E+03,6.371155E-02,2.750532E-01,0.000000E+00,0.000000E+00,0.000000E+00,0.000000E+00,0.000000E+00,0.000000E+00,0.000000E+00,0.000000E+00,2.110766E+01,3.968141E+01,2.388929E+01,4.115739E+01
19:00:00,9.576255E+02,3.693994E+03,3.250654E-02,3.257295E-01,0.000000E+00,0.000000E+00,0.000000E+00,0.000000E+00,0.000000E+00,0.000000E+00,0.000000E+00,0.000000E+00,2.111000E+01,4.455040E+01,2.388911E+01,4.246471E+01,3.106580E+03,3.670358E+03,1.054448E-01,3.236412E-01,0.000000E+00,0.000000E+00,0.000000E+00,0.000000E+00,0.000000E+00,0.000000E+00,0.000000E+00,0.000000E+00,2.110784E+01,4.006640E+01,2.388925E+01,4.168130E+01,1.893748E+03,2.308449E+03,6.427795E-02,2.035517E-01,0.000000E+00,0.000000E+00,0.000000E+00,0.000000E+00,0.000000E+00,0.000000E+00,0.000000E+00,0.000000E+00,2.110766E+01,3.971715E+01,2.388927E+01,4.156467E+01,3.129296E+03,3.767839E+03,1.062155E-01,3.322368E-01,0.000000E+00,0.000000E+00,0.000000E+00,0.000000E+00,0.000000E+00,0.000000E+00,0.000000E+00,0.000000E+00,2.110776E+01,3.992118E+01,2.388925E+01,4.162761E+01,1.877065E+03,3.069473E+03,6.371170E-02,2.706560E-01,0.000000E+00,0.000000E+00,0.000000E+00,0.000000E+00,0.000000E+00,0.000000E+00,0.000000E+00,0.000000E+00,2.110766E+01,3.968142E+01,2.388929E+01,4.117990E+01
19:10:00,9.576509E+02,3.689990E+03,3.250741E-02,3.253756E-01,0.000000E+00,0.000000E+00,0.000000E+00,0.000000E+00,0.000000E+00,0.000000E+00,0.000000E+00,0.000000E+00,2.111000E+01,4.455040E+01,2.388926E+01,4.246691E+01,3.106589E+03,3.634679E+03,1.054451E-01,3.204945E-01,0.000000E+00,0.000000E+00,0.000000E+00,0.000000E+00,0.000000E+00,0.000000E+00,0.000000E+00,0.000000E+00,2.110784E+01,4.006641E+01,2.388937E+01,4.169036E+01,1.893752E+03,2.287250E+03,6.427810E-02,2.016821E-01,0.000000E+00,0.000000E+00,0.000000E+00,0.000000E+00,0.000000E+00,0.000000E+00,0.000000E+00,0.000000E+00,2.110766E+01,3.971716E+01,2.388939E+01,4.157083E+01,3.129304E+03,3.742122E+03,1.062158E-01,3.299685E-01,0.000000E+00,0.000000E+00,0.000000E+00,0.000000E+00,0.000000E+00,0.000000E+00,0.000000E+00,0.000000E+00,2.110776E+01,3.992119E+01,2.388938E+01,4.163205E+01,1.877069E+03,3.012495E+03,6.371185E-02,2.656314E-01,0.000000E+00,0.000000E+00,0.000000E+00,0.000000E+00,0.000000E+00,0.000000E+00,0.000000E+00,0.000000E+00,2.110766E+01,3.968143E+01,2.388941E+01,4.119677E+01
19:20:00,9.576761E+02,3.685011E+03,3.250826E-02,3.249354E-01,0.000000E+00,0.000000E+00,0.000000E+00,0.000000E+00,0.000000E+00,0.000000E+00,0.000000E+00,0.000000E+00,2.111000E+01,4.455040E+01,2.388934E+01,4.247002E+01,3.106597E+03,3.597608E+03,1.054454E-01,3.172248E-01,0.000000E+00,0.000000E+00,0.000000E+00,0.000000E+00,0.000000E+00,0.000000E+00,0.000000E+00,0.000000E+00,2.110784E+01,4.006642E+01,2.388945E+01,4.167778E+01,1.893756E+03,2.265397E+03,6.427824E-02,1.997546E-01,0.000000E+00,0.000000E+00,0.000000E+00,0.000000E+00,0.000000E+00,0.000000E+00,0.000000E+00,0.000000E+00,2.110766E+01,3.971717E+01,2.388946E+01,4.155355E+01,3.129312E+03,3.708639E+03,1.062161E-01,3.270151E-01,0.000000E+00,0.000000E+00,0.000000E+00,0.000000E+00,0.000000E+00,0.000000E+00,0.000000E+00,0.000000E+00,2.110776E+01,3.992120E+01,2.388945E+01,4.161806E+01,1.877073E+03,2.947555E+03,6.371200E-02,2.599045E-01,0.000000E+00,0.000000E+00,0.000000E+00,0.000000E+00,0.000000E+00,0.000000E+00,0.000000E+00,0.000000E+00,2.110766E+01,3.968144E+01,2.388948E+01,4.119977E+01
19:30:00,9.577011E+02,3.678977E+03,3.250911E-02,3.244028E-01,0.000000E+00,0.000000E+00,0.000000E+00,0.000000E+00,0.000000E+00,0.000000E+00,0.000000E+00,0.000000E+00,2.111000E+01,4.455040E+01,2.388924E+01,4.247327E+01,3.106605E+03,3.559210E+03,1.054457E-01,3.138384E-01,0.000000E+00,0.000000E+00,0.000000E+00,0.000000E+00,0.000000E+00,0.000000E+00,0.000000E+00,0.000000E+00,2.110784E+01,4.006643E+01,2.388937E+01,4.167417E+01,1.893760E+03,2.242881E+03,6.427839E-02,1.977689E-01,0.000000E+00,0.000000E+00,0.000000E+00,0.000000E+00,0.000000E+00,0.000000E+00,0.000000E+00,0.000000E+00,2.110766E+01,3.971718E+01,2.388939E+01,4.154694E+01,3.129320E+03,3.666023E+03,1.062164E-01,3.232568E-01,0.000000E+00,0.000000E+00,0.000000E+00,0.000000E+00,0.000000E+00,0.000000E+00,0.000000E+00,0.000000E+00,2.110776E+01,3.992121E+01,2.388938E+01,4.161512E+01,1.877078E+03,2.874008E+03,6.371214E-02,2.534188E-01,0.000000E+00,0.000000E+00,0.000000E+00,0.000000E+00,0.000000E+00,0.000000E+00,0.000000E+00,0.000000E+00,2.110766E+01,3.968145E+01,2.388943E+01,4.121096E+01
19:40:00,9.577259E+02,3.671747E+03,3.250995E-02,3.237652E-01,0.000000E+00,0.000000E+00,0.000000E+00,0.000000E+00,0.000000E+00,0.000000E+00,0.000000E+00,0.000000E+00,2.111000E+01,4.455040E+01,2.388912E+01,4.247811E+01,3.106613E+03,3.519910E+03,1.054459E-01,3.103729E-01,0.000000E+00,0.000000E+00,0.000000E+00,0.000000E+00,0.000000E+00,0.000000E+00,0.000000E+00,0.000000E+00,2.110784E+01,4.006644E+01,2.388928E+01,4.168172E+01,1.893765E+03,2.219862E+03,6.427853E-02,1.957390E-01,0.000000E+00,0.000000E+00,0.000000E+00,0.000000E+00,0.000000E+00,0.000000E+00,0.000000E+00,0.000000E+00,2.110766E+01,3.971719E+01,2.388931E+01,4.155175E+01,3.129328E+03,3.616828E+03,1.062166E-01,3.189187E-01,0.000000E+00,0.000000E+00,0.000000E+00,0.000000E+00,0.000000E+00,0.000000E+00,0.000000E+00,0.000000E+00,2.110776E+01,3.992122E+01,2.388930E+01,4.162669E+01,1.877082E+03,2.795786E+03,6.371229E-02,2.465213E-01,0.000000E+00,0.000000E+00,0.000000E+00,0.000000E+00,0.000000E+00,0.000000E+00,0.000000E+00,0.000000E+00,2.110766E+01,3.968146E+01,2.388934E+01,4.124032E+01
19:50:00,9.577506E+02,3.663367E+03,3.251079E-02,3.230263E-01,0.000000E+00,0.000000E+00,0.000000E+00,0.000000E+00,0.000000E+00,0.000000E+00,0.000000E+00,0.000000E+00,2.111000E+01,4.455040E+01,2.388911E+01,4.248394E+01,3.106621E+03,3.480204E+03,1.054462E-01,3.068716E-01,0.000000E+00,0.000000E+00,0.000000E+00,0.000000E+00,0.000000E+00,0.000000E+00,0.000000E+00,0.000000E+00,2.110784E+01,4.006645E+01,2.388928E+01,4.169808E+01,1.893769E+03,2.196536E+03,6.427868E-02,1.936821E-01,0.000000E+00,0.000000E+00,0.000000E+00,0.000000E+00,0.000000E+00,0.000000E+00,0.000000E+00,0.000000E+00,2.110766E+01,3.971720E+01,2.388931E+01,4.156568E+01,3.129336E+03,3.564583E+03,1.062169E-01,3.143117E-01,0.000000E+00,0.000000E+00,0.000000E+00,0.000000E+00,0.000000E+00,0.000000E+00,0.000000E+00,0.000000E+00,2.110776E+01,3.992123E+01,2.388929E+01,4.164903E+01,1.877086E+03,2.717093E+03,6.371243E-02,2.395822E-01,0.000000E+00,0.000000E+00,0.000000E+00,0.000000E+00,0.000000E+00,0.000000E+00,0.000000E+00,0.000000E+00,2.110766E+01,3.968147E+01,2.388933E+01,4.127933E+01
20:00:00,9.577751E+02,3.654010E+03,3.251162E-02,3.222011E-01,0.000000E+00,0.000000E+00,0.000000E+00,0.000000E+00,0.000000E+00,0.000000E+00,0.000000E+00,0.000000E+00,2.111000E+01,4.455040E+01,2.388911E+01,4.249033E+01,3.106629E+03,3.440896E+03,1.054465E-01,3.034054E-01,0.000000E+00,0.000000E+00,0.000000E+00,0.000000E+00,0.000000E+00,0.000000E+00,0.000000E+00,0.000000E+00,2.110784E+01,4.006646E+01,2.388928E+01,4.171850E+01,1.893773E+03,2.173276E+03,6.427882E-02,1.916311E-01,0.000000E+00,0.000000E+00,0.000000E+00,0.000000E+00,0.000000E+00,0.000000E+00,0.000000E+00,0.000000E+00,2.110766E+01,3.971721E+01,2.388931E+01,4.158392E+01,3.129344E+03,3.511984E+03,1.062172E-01,3.096734E-01,0.000000E+00,0.000000E+00,0.000000E+00,0.000000E+00,0.000000E+00,0.000000E+00,0.000000E+00,0.000000E+00,2.110776E+01,3.992124E+01,2.388929E+01,4.167473E+01,1.877090E+03,2.641141E+03,6.371257E-02,2.328849E-01,0.000000E+00,0.000000E+00,0.000000E+00,0.000000E+00,0.000000E+00,0.000000E+00,0.000000E+00,0.000000E+00,2.110766E+01,3.968148E+01,2.388933E+01,4.131755E+01
20:10:00,9.577994E+02,3.644006E+03,3.251245E-02,3.213198E-01,0.000000E+00,0.000000E+00,0.000000E+00,0.000000E+00,0.000000E+00,0.000000E+00,0.000000E+00,0.000000E+00,2.111000E+01,4.455040E+01,2.388911E+01,4.249717E+01,3.106637E+03,3.398308E+03,1.054467E-01,2.996506E-01,0.000000E+00,0.000000E+00,0.000000E+00,0.000000E+00,0.000000E+00,0.000000E+00,0.000000E+00,0.000000E+00,2.110784E+01,4.006647E+01,2.388928E+01,4.174060E+01,1.893777E+03,2.147415E+03,6.427896E-02,1.893509E-01,0.000000E+00,0.000000E+00,0.000000E+00,0.000000E+00,0.000000E+00,0.000000E+00,0.000000E+00,0.000000E+00,2.110766E+01,3.971722E+01,2.388930E+01,4.160405E+01,3.129352E+03,3.457828E+03,1.062174E-01,3.048986E-01,0.000000E+00,0.000000E+00,0.000000E+00,0.000000E+00,0.000000E+00,0.000000E+00,0.000000E+00,0.000000E+00,2.110776E+01,3.992125E+01,2.388929E+01,4.170052E+01,1.877094E+03,2.569643E+03,6.371271E-02,2.265809E-01,0.000000E+00,0.000000E+00,0.000000E+00,0.000000E+00,0.000000E+00,0.000000E+00,0.000000E+00,0.000000E+00,2.110766E+01,3.968149E+01,2.388932E+01,4.135304E+01
20:20:00,9.578235E+02,3.633562E+03,3.251327E-02,3.204000E-01,0.000000E+00,0.000000E+00,0.000000E+00,0.000000E+00,0.000000E+00,0.000000E+00,0.000000E+00,0.000000E+00,2.111000E+01,4.455040E+01,2.388911E+01,4.250429E+01,3.106644E+03,3.357674E+03,1.054470E-01,2.960684E-01,0.000000E+00,0.000000E+00,0.000000E+00,0.000000E+00,0.000000E+00,0.000000E+00,0.000000E+00,0.000000E+00,2.110784E+01,4.006648E+01,2.388928E+01,4.176279E+01,1.893781E+03,2.122418E+03,6.427910E-02,1.871473E-01,0.000000E+00,0.000000E+00,0.000000E+00,0.000000E+00,0.000000E+00,0.000000E+00,0.000000E+00,0.000000E+00,2.110766E+01,3.971723E+01,2.388930E+01,4.162458E+01,3.129360E+03,3.407302E+03,1.062177E-01,3.004442E-01,0.000000E+00,0.000000E+00,0.000000E+00,0.000000E+00,0.000000E+00,0.000000E+00,0.000000E+00,0.000000E+00,2.110776E+01,3.992126E+01,2.388929E+01,4.172510E+01,1.877099E+03,2.504777E+03,6.371285E-02,2.208618E-01,0.000000E+00,0.000000E+00,0.000000E+00,0.000000E+00,0.000000E+00,0.000000E+00,0.000000E+00,0.000000E+00,2.110766E+01,3.968149E+01,2.388932E+01,4.138598E+01
20:30:00,9.578475E+02,3.622911E+03,3.251408E-02,3.194613E-01,0.000000E+00,0.000000E+00,0.000000E+00,0.000000E+00,0.000000E+00,0.000000E+00,0.000000E+00,0.000000E+00,2.111000E+01,4.455040E+01,2.388911E+01,4.251152E+01,3.106652E+03,3.319429E+03,1.054473E-01,2.926965E-01,0.000000E+00,0.000000E+00,0.000000E+00,0.000000E+00,0.000000E+00,0.000000E+00,0.000000E+00,0.000000E+00,2.110784E+01,4.006649E+01,2.388928E+01,4.178458E+01,1.893785E+03,2.098524E+03,6.427923E-02,1.850406E-01,0.000000E+00,0.000000E+00,0.000000E+00,0.000000E+00,0.000000E+00,0.000000E+00,0.000000E+00,0.000000E+00,2.110766E+01,3.971724E+01,2.388930E+01,4.164502E+01,3.129367E+03,3.362942E+03,1.062180E-01,2.965331E-01,0.000000E+00,0.000000E+00,0.000000E+00,0.000000E+00,0.000000E+00,0.000000E+00,0.000000E+00,0.000000E+00,2.110776E+01,3.992127E+01,2.388928E+01,4.174851E+01,1.877103E+03,2.449028E+03,6.371299E-02,2.159465E-01,0.000000E+00,0.000000E+00,0.000000E+00,0.000000E+00,0.000000E+00,0.000000E+00,0.000000E+00,0.000000E+00,2.110766E+01,3.968150E+01,2.388932E+01,4.141717E+01
20:40:00,9.578713E+02,3.612388E+03,3.251489E-02,3.185335E-01,0.000000E+00,0.000000E+00,0.000000E+00,0.000000E+00,0.000000E+00,0.000000E+00,0.000000E+00,0.000000E+00,2.111000E+01,4.455040E+01,2.388911E+01,4.251872E+01,3.106660E+03,3.283603E+03,1.054475E-01,2.895376E-01,0.000000E+00,0.000000E+00,0.000000E+00,0.000000E+00,0.000000E+00,0.000000E+00,0.000000E+00,0.000000E+00,2.110784E+01,4.006650E+01,2.388927E+01,4.180605E+01,1.893789E+03,2.075787E+03,6.427937E-02,1.830358E-01,0.000000E+00,0.000000E+00,0.000000E+00,0.000000E+00,0.000000E+00,0.000000E+00,0.000000E+00,0.000000E+00,2.110766E+01,3.971724E+01,2.388930E+01,4.166539E+01,3.129375E+03,3.323791E+03,1.062182E-01,2.930810E-01,0.000000E+00,0.000000E+00,0.000000E+00,0.000000E+00,0.000000E+00,0.000000E+00,0.000000E+00,0.000000E+00,2.110776E+01,3.992128E+01,2.388928E+01,4.177117E+01,1.877107E+03,2.400188E+03,6.371313E-02,2.116400E-01,0.000000E+00,0.000000E+00,0.000000E+00,0.000000E+00,0.000000E+00,0.000000E+00,0.000000E+00,0.000000E+00,2.110766E+01,3.968151E+01,2.388931E+01,4.144732E+01
20:50:00,9.578950E+02,3.602178E+03,3.251569E-02,3.176332E-01,0.000000E+00,0.000000E+00,0.000000E+00,0.000000E+00,0.000000E+00,0.000000E+00,0.000000E+00,0.000000E+00,2.111000E+01,4.455040E+01,2.388911E+01,4.252582E+01,3.106667E+03,3.250177E+03,1.054478E-01,2.865902E-01,0.000000E+00,0.000000E+00,0.000000E+00,0.000000E+00,0.000000E+00,0.000000E+00,0.000000E+00,0.000000E+00,2.110784E+01,4.006651E+01,2.388927E+01,4.182727E+01,1.893793E+03,2.054246E+03,6.427951E-02,1.811364E-01,0.000000E+00,0.000000E+00,0.000000E+00,0.000000E+00,0.000000E+00,0.000000E+00,0.000000E+00,0.000000E+00,2.110766E+01,3.971725E+01,2.388930E+01,4.168572E+01,3.129383E+03,3.288228E+03,1.062185E-01,2.899452E-01,0.000000E+00,0.000000E+00,0.000000E+00,0.000000E+00,0.000000E+00,0.000000E+00,0.000000E+00,0.000000E+00,2.110776E+01,3.992129E+01,2.388928E+01,4.179335E+01,1.877111E+03,2.355865E+03,6.371326E-02,2.077319E-01,0.000000E+00,0.000000E+00,0.000000E+00,0.000000E+00,0.000000E+00,0.000000E+00,0.000000E+00,0.000000E+00,2.110766E+01,3.968152E+01,2.388931E+01,4.147673E+01
21:00:00,9.579185E+02,3.592363E+03,3.251649E-02,3.167677E-01,0.000000E+00,0.000000E+00,0.000000E+00,0.000000E+00,0.000000E+00,0.000000E+00,0.000000E+00,0.000000E+00,2.111000E+01,4.455040E+01,2.388911E+01,4.253275E+01,3.106675E+03,3.218778E+03,1.054480E-01,2.838215E-01,0.000000E+00,0.000000E+00,0.000000E+00,0.000000E+00,0.000000E+00,0.000000E+00,0.000000E+00,0.000000E+00,2.110784E+01,4.006652E+01,2.388927E+01,4.184827E+01,1.893797E+03,2.033753E+03,6.427964E-02,1.793294E-01,0.000000E+00,0.000000E+00,0.000000E+00,0.000000E+00,0.000000E+00,0.000000E+00,0.000000E+00,0.000000E+00,2.110766E+01,3.971726E+01,2.388929E+01,4.170598E+01,3.129390E+03,3.254899E+03,1.062187E-01,2.870065E-01,0.000000E+00,0.000000E+00,0.000000E+00,0.000000E+00,0.000000E+00,0.000000E+00,0.000000E+00,0.000000E+00,2.110776E+01,3.992130E+01,2.388928E+01,4.181520E+01,1.877115E+03,2.314565E+03,6.371340E-02,2.040902E-01,0.000000E+00,0.000000E+00,0.000000E+00,0.000000E+00,0.000000E+00,0.000000E+00,0.000000E+00,0.000000E+00,2.110766E+01,3.968153E+01,2.388931E+01,4.150553E+01
21:10:00,9.579418E+02,3.583182E+03,3.251728E-02,3.159582E-01,0.000000E+00,0.000000E+00,0.000000E+00,0.000000E+00,0.000000E+00,0.000000E+00,0.000000E+00,0.000000E+00,2.111000E+01,4.455040E+01,2.388911E+01,4.253860E+01,3.106682E+03,3.188608E+03,1.054483E-01,2.811613E-01,0.000000E+00,0.000000E+00,0.000000E+00,0.000000E+00,0.000000E+00,0.000000E+00,0.000000E+00,0.000000E+00,2.110784E+01,4.006653E+01,2.388927E+01,4.186624E+01,1.893801E+03,2.013929E+03,6.427978E-02,1.775814E-01,0.000000E+00,0.000000E+00,0.000000E+00,0.000000E+00,0.000000E+00,0.000000E+00,0.000000E+00,0.000000E+00,2.110766E+01,3.971727E+01,2.388929E+01,4.172338E+01,3.129398E+03,3.222875E+03,1.062190E-01,2.841827E-01,0.000000E+00,0.000000E+00,0.000000E+00,0.000000E+00,0.000000E+00,0.000000E+00,0.000000E+00,0.000000E+00,2.110776E+01,3.992131E+01,2.388928E+01,4.183383E+01,1.877119E+03,2.275639E+03,6.371353E-02,2.006579E-01,0.000000E+00,0.000000E+00,0.000000E+00,0.000000E+00,0.000000E+00,0.000000E+00,0.000000E+00,0.000000E+00,2.110766E+01,3.968154E+01,2.388931E+01,4.152991E+01
21:20:00,9.579650E+02,3.574258E+03,3.251807E-02,3.151733E-01,0.000000E+00,0.000000E+00,0.000000E+00,0.000000E+00,0.000000E+00,0.000000E+00,0.000000E+00,0.000000E+00,2.111000E+01,4.455040E+01,2.388868E+01,4.254452E+01,3.106690E+03,3.159359E+03,1.054485E-01,2.785836E-01,0.000000E+00,0.000000E+00,0.000000E+00,0.000000E+00,0.000000E+00,0.000000E+00,0.000000E+00,0.000000E+00,2.110784E+01,4.006654E+01,2.388894E+01,4.188264E+01,1.893805E+03,1.994627E+03,6.427991E-02,1.758803E-01,0.000000E+00,0.000000E+00,0.000000E+00,0.000000E+00,0.000000E+00,0.000000E+00,0.000000E+00,0.000000E+00,2.110766E+01,3.971728E+01,2.388899E+01,4.173935E+01,3.129405E+03,3.191816E+03,1.062192E-01,2.814454E-01,0.000000E+00,0.000000E+00,0.000000E+00,0.000000E+00,0.000000E+00,0.000000E+00,0.000000E+00,0.000000E+00,2.110776E+01,3.992132E+01,2.388895E+01,4.185078E+01,1.877123E+03,2.238840E+03,6.371367E-02,1.974140E-01,0.000000E+00,0.000000E+00,0.000000E+00,0.000000E+00,0.000000E+00,0.000000E+00,0.000000E+00,0.000000E+00,2.110766E+01,3.968155E+01,2.388902E+01,4.155171E+01
21:30:00,9.579880E+02,3.565780E+03,3.251885E-02,3.144280E-01,0.000000E+00,0.000000E+00,0.000000E+00,0.000000E+00,0.000000E+00,0.000000E+00,0.000000E+00,0.000000E+00,2.111000E+01,4.455040E+01,2.388863E+01,4.255090E+01,3.106697E+03,3.131101E+03,1.054488E-01,2.760935E-01,0.000000E+00,0.000000E+00,0.000000E+00,0.000000E+00,0.000000E+00,0.000000E+00,0.000000E+00,0.000000E+00,2.110784E+01,4.006655E+01,2.388890E+01,4.190315E+01,1.893809E+03,1.975904E+03,6.428004E-02,1.742302E-01,0.000000E+00,0.000000E+00,0.000000E+00,0.000000E+00,0.000000E+00,0.000000E+00,0.000000E+00,0.000000E+00,2.110766E+01,3.971729E+01,2.388895E+01,4.175943E+01,3.129412E+03,3.161815E+03,1.062195E-01,2.788015E-01,0.000000E+00,0.000000E+00,0.000000E+00,0.000000E+00,0.000000E+00,0.000000E+00,0.000000E+00,0.000000E+00,2.110776E+01,3.992133E+01,2.388891E+01,4.187200E+01,1.877126E+03,2.204130E+03,6.371380E-02,1.943543E-01,0.000000E+00,0.000000E+00,0.000000E+00,0.000000E+00,0.000000E+00,0.000000E+00,0.000000E+00,0.000000E+00,2.110766E+01,3.968156E+01,2.388898E+01,4.157912E+01
21:40:00,9.580108E+02,3.557644E+03,3.251962E-02,3.137128E-01,0.000000E+00,0.000000E+00,0.000000E+00,0.000000E+00,0.000000E+00,0.000000E+00,0.000000E+00,0.000000E+00,2.111000E+01,4.455040E+01,2.388863E+01,4.255696E+01,3.106704E+03,3.103737E+03,1.054490E-01,2.736821E-01,0.000000E+00,0.000000E+00,0.000000E+00,0.000000E+00,0.000000E+00,0.000000E+00,0.000000E+00,0.000000E+00,2.110784E+01,4.006656E+01,2.388889E+01,4.192342E+01,1.893813E+03,1.957717E+03,6.428017E-02,1.726275E-01,0.000000E+00,0.000000E+00,0.000000E+00,0.000000E+00,0.000000E+00,0.000000E+00,0.000000E+00,0.000000E+00,2.110766E+01,3.971730E+01,2.388894E+01,4.177936E+01,3.129420E+03,3.132797E+03,1.062197E-01,2.762444E-01,0.000000E+00,0.000000E+00,0.000000E+00,0.000000E+00,0.000000E+00,0.000000E+00,0.000000E+00,0.000000E+00,2.110776E+01,3.992134E+01,2.388890E+01,4.189295E+01,1.877130E+03,2.171370E+03,6.371393E-02,1.914666E-01,0.000000E+00,0.000000E+00,0.000000E+00,0.000000E+00,0.000000E+00,0.000000E+00,0.000000E+00,0.000000E+00,2.110766E+01,3.968157E+01,2.388897E+01,4.160593E+01
21:50:00,9.580335E+02,3.549831E+03,3.252039E-02,3.130262E-01,0.000000E+00,0.000000E+00,0.000000E+00,0.000000E+00,0.000000E+00,0.000000E+00,0.000000E+00,0.000000E+00,2.111000E+01,4.455040E+01,2.388862E+01,4.256285E+01,3.106712E+03,3.077219E+03,1.054493E-01,2.713453E-01,0.000000E+00,0.000000E+00,0.000000E+00,0.000000E+00,0.000000E+00,0.000000E+00,0.000000E+00,0.000000E+00,2.110784E+01,4.006657E+01,2.388889E+01,4.194355E+01,1.893817E+03,1.940051E+03,6.428030E-02,1.710707E-01,0.000000E+00,0.000000E+00,0.000000E+00,0.000000E+00,0.000000E+00,0.000000E+00,0.000000E+00,0.000000E+00,2.110766E+01,3.971730E+01,2.388894E+01,4.179921E+01,3.129427E+03,3.104729E+03,1.062200E-01,2.737709E-01,0.000000E+00,0.000000E+00,0.000000E+00,0.000000E+00,0.000000E+00,0.000000E+00,0.000000E+00,0.000000E+00,2.110776E+01,3.992135E+01,2.388890E+01,4.191373E+01,1.877134E+03,2.140439E+03,6.371406E-02,1.887402E-01,0.000000E+00,0.000000E+00,0.000000E+00,0.000000E+00,0.000000E+00,0.000000E+00,0.000000E+00,0.000000E+00,2.110766E+01,3.968157E+01,2.388896E+01,4.163222E+01
22:00:00,9.580560E+02,3.542316E+03,3.252116E-02,3.123658E-01,0.000000E+00,0.000000E+00,0.000000E+00,0.000000E+00,0.000000E+00,0.000000E+00,0.000000E+00,0.000000E+00,2.111000E+01,4.455040E+01,2.388862E+01,4.256857E+01,3.106719E+03,3.051493E+03,1.054495E-01,2.690785E-01,0.000000E+00,0.000000E+00,0.000000E+00,0.000000E+00,0.000000E+00,0.000000E+00,0.000000E+00,0.000000E+00,2.110784E+01,4.006657E+01,2.388889E+01,4.196356E+01,1.893821E+03,1.922880E+03,6.428043E-02,1.695575E-01,0.000000E+00,0.000000E+00,0.000000E+00,0.000000E+00,0.000000E+00,0.000000E+00,0.000000E+00,0.000000E+00,2.110766E+01,3.971731E+01,2.388893E+01,4.181900E+01,3.129434E+03,3.077562E+03,1.062202E-01,2.713770E-01,0.000000E+00,0.000000E+00,0.000000E+00,0.000000E+00,0.000000E+00,0.000000E+00,0.000000E+00,0.000000E+00,2.110776E+01,3.992136E+01,2.388890E+01,4.193436E+01,1.877138E+03,2.111205E+03,6.371419E-02,1.861633E-01,0.000000E+00,0.000000E+00,0.000000E+00,0.000000E+00,0.000000E+00,0.000000E+00,0.000000E+00,0.000000E+00,2.110766E+01,3.968158E+01,2.388896E+01,4.165801E+01
22:10:00,9.580784E+02,3.534859E+03,3.252192E-02,3.117105E-01,0.000000E+00,0.000000E+00,0.000000E+00,0.000000E+00,0.000000E+00,0.000000E+00,0.000000E+00,0.000000E+00,2.111000E+01,4.455040E+01,2.388862E+01,4.257414E+01,3.106726E+03,3.026611E+03,1.054498E-01,2.668859E-01,0.000000E+00,0.000000E+00,0.000000E+00,0.000000E+00,0.000000E+00,0.000000E+00,0.000000E+00,0.000000E+00,2.110784E+01,4.006658E+01,2.388888E+01,4.198347E+01,1.893824E+03,1.906238E+03,6.428056E-02,1.680909E-01,0.000000E+00,0.000000E+00,0.000000E+00,0.000000E+00,0.000000E+00,0.000000E+00,0.000000E+00,0.000000E+00,2.110766E+01,3.971732E+01,2.388893E+01,4.183874E+01,3.129441E+03,3.051350E+03,1.062205E-01,2.690672E-01,0.000000E+00,0.000000E+00,0.000000E+00,0.000000E+00,0.000000E+00,0.000000E+00,0.000000E+00,0.000000E+00,2.110776E+01,3.992137E+01,2.388889E+01,4.195485E+01,1.877142E+03,2.083601E+03,6.371432E-02,1.837303E-01,0.000000E+00,0.000000E+00,0.000000E+00,0.000000E+00,0.000000E+00,0.000000E+00,0.000000E+00,0.000000E+00,2.110766E+01,3.968159E+01,2.388895E+01,4.168334E+01
22:20:00,9.581006E+02,3.527801E+03,3.252267E-02,3.110884E-01,0.000000E+00,0.000000E+00,0.000000E+00,0.000000E+00,0.000000E+00,0.000000E+00,0.000000E+00,0.000000E+00,2.111000E+01,4.455040E+01,2.388862E+01,4.257955E+01,3.106733E+03,3.002737E+03,1.054500E-01,2.647810E-01,0.000000E+00,0.000000E+00,0.000000E+00,0.000000E+00,0.000000E+00,0.000000E+00,0.000000E+00,0.000000E+00,2.110784E+01,4.006659E+01,2.388888E+01,4.200290E+01,1.893828E+03,1.890219E+03,6.428068E-02,1.666786E-01,0.000000E+00,0.000000E+00,0.000000E+00,0.000000E+00,0.000000E+00,0.000000E+00,0.000000E+00,0.000000E+00,2.110766E+01,3.971733E+01,2.388892E+01,4.185805E+01,3.129448E+03,3.026263E+03,1.062207E-01,2.668552E-01,0.000000E+00,0.000000E+00,0.000000E+00,0.000000E+00,0.000000E+00,0.000000E+00,0.000000E+00,0.000000E+00,2.110776E+01,3.992138E+01,2.388889E+01,4.197483E+01,1.877145E+03,2.057619E+03,6.371444E-02,1.814394E-01,0.000000E+00,0.000000E+00,0.000000E+00,0.000000E+00,0.000000E+00,0.000000E+00,0.000000E+00,0.000000E+00,2.110766E+01,3.968160E+01,2.388895E+01,4.170785E+01
22:30:00,9.581227E+02,3.520904E+03,3.252342E-02,3.104802E-01,0.000000E+00,0.000000E+00,0.000000E+00,0.000000E+00,0.000000E+00,0.000000E+00,0.000000E+00,0.000000E+00,2.111000E+01,4.455040E+01,2.388862E+01,4.258482E+01,3.106740E+03,2.979705E+03,1.054502E-01,2.627502E-01,0.000000E+00,0.000000E+00,0.000000E+00,0.000000E+00,0.000000E+00,0.000000E+00,0.000000E+00,0.000000E+00,2.110784E+01,4.006660E+01,2.388887E+01,4.202175E+01,1.893832E+03,1.874731E+03,6.428081E-02,1.653130E-01,0.000000E+00,0.000000E+00,0.000000E+00,0.000000E+00,0.000000E+00,0.000000E+00,0.000000E+00,0.000000E+00,2.110766E+01,3.971734E+01,2.388892E+01,4.187684E+01,3.129455E+03,3.002131E+03,1.062210E-01,2.647274E-01,0.000000E+00,0.000000E+00,0.000000E+00,0.000000E+00,0.000000E+00,0.000000E+00,0.000000E+00,0.000000E+00,2.110776E+01,3.992138E+01,2.388888E+01,4.199418E+01,1.877149E+03,2.033077E+03,6.371457E-02,1.792754E-01,0.000000E+00,0.000000E+00,0.000000E+00,0.000000E+00,0.000000E+00,0.000000E+00,0.000000E+00,0.000000E+00,2.110766E+01,3.968161E+01,2.388894E+01,4.173149E+01
22:40:00,9.581446E+02,3.514227E+03,3.252416E-02,3.098915E-01,0.000000E+00,0.000000E+00,0.000000E+00,0.000000E+00,0.000000E+00,0.000000E+00,0.000000E+00,0.000000E+00,2.111000E+01,4.455040E+01,2.388862E+01,4.258995E+01,3.106747E+03,2.957517E+03,1.054505E-01,2.607937E-01,0.000000E+00,0.000000E+00,0.000000E+00,0.000000E+00,0.000000E+00,0.000000E+00,0.000000E+00,0.000000E+00,2.110784E+01,4.006661E+01,2.388887E+01,4.204011E+01,1.893835E+03,1.859776E+03,6.428093E-02,1.639943E-01,0.000000E+00,0.000000E+00,0.000000E+00,0.000000E+00,0.000000E+00,0.000000E+00,0.000000E+00,0.000000E+00,2.110766E+01,3.971735E+01,2.388892E+01,4.189519E+01,3.129462E+03,2.978950E+03,1.062212E-01,2.626835E-01,0.000000E+00,0.000000E+00,0.000000E+00,0.000000E+00,0.000000E+00,0.000000E+00,0.000000E+00,0.000000E+00,2.110776E+01,3.992139E+01,2.388888E+01,4.201300E+01,1.877153E+03,2.009886E+03,6.371470E-02,1.772305E-01,0.000000E+00,0.000000E+00,0.000000E+00,0.000000E+00,0.000000E+00,0.000000E+00,0.000000E+00,0.000000E+00,2.110766E+01,3.968162E+01,2.388894E+01,4.175436E+01
22:50:00,9.581663E+02,3.507743E+03,3.252490E-02,3.093197E-01,0.000000E+00,0.000000E+00,0.000000E+00,0.000000E+00,0.000000E+00,0.000000E+00,0.000000E+00,0.000000E+00,2.111000E+01,4.455040E+01,2.388862E+01,4.259495E+01,3.106754E+03,2.936128E+03,1.054507E-01,2.589077E-01,0.000000E+00,0.000000E+00,0.000000E+00,0.000000E+00,0.000000E+00,0.000000E+00,0.000000E+00,0.000000E+00,2.110784E+01,4.006662E+01,2.388887E+01,4.205813E+01,1.893839E+03,1.845327E+03,6.428106E-02,1.627202E-01,0.000000E+00,0.000000E+00,0.000000E+00,0.000000E+00,0.000000E+00,0.000000E+00,0.000000E+00,0.000000E+00,2.110766E+01,3.971735E+01,2.388891E+01,4.191325E+01,3.129469E+03,2.956670E+03,1.062214E-01,2.607189E-01,0.000000E+00,0.000000E+00,0.000000E+00,0.000000E+00,0.000000E+00,0.000000E+00,0.000000E+00,0.000000E+00,2.110776E+01,3.992140E+01,2.388888E+01,4.203143E+01,1.877157E+03,1.987941E+03,6.371482E-02,1.752955E-01,0.000000E+00,0.000000E+00,0.000000E+00,0.000000E+00,0.000000E+00,0.000000E+00,0.000000E+00,0.000000E+00,2.110766E+01,3.968162E+01,2.388893E+01,4.177661E+01
23:00:00,9.581879E+02,3.501434E+03,3.252564E-02,3.087634E-01,0.000000E+00,0.000000E+00,0.000000E+00,0.000000E+00,0.000000E+00,0.000000E+00,0.000000E+00,0.000000E+00,2.111000E+01,4.455040E+01,2.388862E+01,4.259982E+01,3.106761E+03,2.915502E+03,1.054509E-01,2.570890E-01,0.000000E+00,0.000000E+00,0.000000E+00,0.000000E+00,0.000000E+00,0.000000E+00,0.000000E+00,0.000000E+00,2.110784E+01,4.006663E+01,2.388886E+01,4.207591E+01,1.893843E+03,1.831363E+03,6.428118E-02,1.614889E-01,0.000000E+00,0.000000E+00,0.000000E+00,0.000000E+00,0.000000E+00,0.000000E+00,0.000000E+00,0.000000E+00,2.110766E+01,3.971736E+01,2.388891E+01,4.193111E+01,3.129476E+03,2.935248E+03,1.062217E-01,2.588300E-01,0.000000E+00,0.000000E+00,0.000000E+00,0.000000E+00,0.000000E+00,0.000000E+00,0.000000E+00,0.000000E+00,2.110776E+01,3.992141E+01,2.388887E+01,4.204958E+01,1.877160E+03,1.967147E+03,6.371494E-02,1.734620E-01,0.000000E+00,0.000000E+00,0.000000E+00,0.000000E+00,0.000000E+00,0.000000E+00,0.000000E+00,0.000000E+00,2.110766E+01,3.968163E+01,2.388893E+01,4.179837E+01
23:10:00,9.582094E+02,3.495284E+03,3.252636E-02,3.082211E-01,0.000000E+00,0.000000E+00,0.000000E+00,0.000000E+00,0.000000E+00,0.000000E+00,0.000000E+00,0.000000E+00,2.111000E+01,4.455040E+01,2.388862E+01,4.260459E+01,3.106768E+03,2.895367E+03,1.054512E-01,2.553136E-01,0.000000E+00,0.000000E+00,0.000000E+00,0.000000E+00,0.000000E+00,0.000000E+00,0.000000E+00,0.000000E+00,2.110784E+01,4.006664E+01,2.388886E+01,4.209353E+01,1.893846E+03,1.817726E+03,6.428130E-02,1.602865E-01,0.000000E+00,0.000000E+00,0.000000E+00,0.000000E+00,0.000000E+00,0.000000E+00,0.000000E+00,0.000000E+00,2.110766E+01,3.971737E+01,2.388891E+01,4.194886E+01,3.129483E+03,2.914407E+03,1.062219E-01,2.569922E-01,0.000000E+00,0.000000E+00,0.000000E+00,0.000000E+00,0.000000E+00,0.000000E+00,0.000000E+00,0.000000E+00,2.110776E+01,3.992142E+01,2.388887E+01,4.206753E+01,1.877164E+03,1.947279E+03,6.371507E-02,1.717101E-01,0.000000E+00,0.000000E+00,0.000000E+00,0.000000E+00,0.000000E+00,0.000000E+00,0.000000E+00,0.000000E+00,2.110766E+01,3.968164E+01,2.388892E+01,4.181971E+01
23:20:00,9.582307E+02,3.489279E+03,3.252709E-02,3.076916E-01,0.000000E+00,0.000000E+00,0.000000E+00,0.000000E+00,0.000000E+00,0.000000E+00,0.000000E+00,0.000000E+00,2.111000E+01,4.455040E+01,2.388862E+01,4.260925E+01,3.106774E+03,2.875693E+03,1.054514E-01,2.535788E-01,0.000000E+00,0.000000E+00,0.000000E+00,0.000000E+00,0.000000E+00,0.000000E+00,0.000000E+00,0.000000E+00,2.110784E+01,4.006664E+01,2.388886E+01,4.211102E+01,1.893850E+03,1.804401E+03,6.428142E-02,1.591115E-01,0.000000E+00,0.000000E+00,0.000000E+00,0.000000E+00,0.000000E+00,0.000000E+00,0.000000E+00,0.000000E+00,2.110766E+01,3.971738E+01,2.388890E+01,4.196651E+01,3.129490E+03,2.894099E+03,1.062221E-01,2.552017E-01,0.000000E+00,0.000000E+00,0.000000E+00,0.000000E+00,0.000000E+00,0.000000E+00,0.000000E+00,0.000000E+00,2.110776E+01,3.992143E+01,2.388887E+01,4.208532E+01,1.877167E+03,1.928258E+03,6.371519E-02,1.700329E-01,0.000000E+00,0.000000E+00,0.000000E+00,0.000000E+00,0.000000E+00,0.000000E+00,0.000000E+00,0.000000E+00,2.110766E+01,3.968165E+01,2.388892E+01,4.184068E+01
23:30:00,9.582519E+02,3.483405E+03,3.252781E-02,3.071736E-01,0.000000E+00,0.000000E+00,0.000000E+00,0.000000E+00,0.000000E+00,0.000000E+00,0.000000E+00,0.000000E+00,2.111000E+01,4.455040E+01,2.388862E+01,4.261382E+01,3.106781E+03,2.856448E+03,1.054516E-01,2.518818E-01,0.000000E+00,0.000000E+00,0.000000E+00,0.000000E+00,0.000000E+00,0.000000E+00,0.000000E+00,0.000000E+00,2.110784E+01,4.006665E+01,2.388885E+01,4.212841E+01,1.893853E+03,1.791367E+03,6.428154E-02,1.579622E-01,0.000000E+00,0.000000E+00,0.000000E+00,0.000000E+00,0.000000E+00,0.000000E+00,0.000000E+00,0.000000E+00,2.110766E+01,3.971738E+01,2.388890E+01,4.198408E+01,3.129497E+03,2.874288E+03,1.062223E-01,2.534547E-01,0.000000E+00,0.000000E+00,0.000000E+00,0.000000E+00,0.000000E+00,0.000000E+00,0.000000E+00,0.000000E+00,2.110776E+01,3.992144E+01,2.388886E+01,4.210299E+01,1.877171E+03,1.910011E+03,6.371531E-02,1.684239E-01,0.000000E+00,0.000000E+00,0.000000E+00,0.000000E+00,0.000000E+00,0.000000E+00,0.000000E+00,0.000000E+00,2.110766E+01,3.968165E+01,2.388892E+01,4.186132E+01
23:40:00,9.582729E+02,3.477647E+03,3.252852E-02,3.066659E-01,0.000000E+00,0.000000E+00,0.000000E+00,0.000000E+00,0.000000E+00,0.000000E+00,0.000000E+00,0.000000E+00,2.111000E+01,4.455040E+01,2.388862E+01,4.261831E+01,3.106788E+03,2.837602E+03,1.054519E-01,2.502200E-01,0.000000E+00,0.000000E+00,0.000000E+00,0.000000E+00,0.000000E+00,0.000000E+00,0.000000E+00,0.000000E+00,2.110784E+01,4.006666E+01,2.388885E+01,4.214573E+01,1.893857E+03,1.778606E+03,6.428166E-02,1.568370E-01,0.000000E+00,0.000000E+00,0.000000E+00,0.000000E+00,0.000000E+00,0.000000E+00,0.000000E+00,0.000000E+00,2.110766E+01,3.971739E+01,2.388890E+01,4.200161E+01,3.129503E+03,2.854934E+03,1.062226E-01,2.517482E-01,0.000000E+00,0.000000E+00,0.000000E+00,0.000000E+00,0.000000E+00,0.000000E+00,0.000000E+00,0.000000E+00,2.110776E+01,3.992145E+01,2.388886E+01,4.212055E+01,1.877174E+03,1.892470E+03,6.371543E-02,1.668772E-01,0.000000E+00,0.000000E+00,0.000000E+00,0.000000E+00,0.000000E+00,0.000000E+00,0.000000E+00,0.000000E+00,2.110766E+01,3.968166E+01,2.388891E+01,4.188166E+01
23:50:00,9.582937E+02,3.471993E+03,3.252923E-02,3.061674E-01,0.000000E+00,0.000000E+00,0.000000E+00,0.000000E+00,0.000000E+00,0.000000E+00,0.000000E+00,0.000000E+00,2.111000E+01,4.455040E+01,2.388862E+01,4.262272E+01,3.106794E+03,2.819128E+03,1.054521E-01,2.485911E-01,0.000000E+00,0.000000E+00,0.000000E+00,0.000000E+00,0.000000E+00,0.000000E+00,0.000000E+00,0.000000E+00,2.110784E+01,4.006667E+01,2.388885E+01,4.216299E+01,1.893860E+03,1.766101E+03,6.428178E-02,1.557344E-01,0.000000E+00,0.000000E+00,0.000000E+00,0.000000E+00,0.000000E+00,0.000000E+00,0.000000E+00,0.000000E+00,2.110766E+01,3.971740E+01,2.388889E+01,4.201910E+01,3.129510E+03,2.836006E+03,1.062228E-01,2.500792E-01,0.000000E+00,0.000000E+00,0.000000E+00,0.000000E+00,0.000000E+00,0.000000E+00,0.000000E+00,0.000000E+00,2.110776E+01,3.992145E+01,2.388886E+01,4.213803E+01,1.877178E+03,1.875573E+03,6.371554E-02,1.653874E-01,0.000000E+00,0.000000E+00,0.000000E+00,0.000000E+00,0.000000E+00,0.000000E+00,0.000000E+00,0.000000E+00,2.110766E+01,3.968167E+01,2.388891E+01,4.190174E+01
24:00:00,9.583145E+02,3.466432E+03,3.252993E-02,3.056770E-01,0.000000E+00,0.000000E+00,0.000000E+00,0.000000E+00,0.000000E+00,0.000000E+00,0.000000E+00,0.000000E+00,2.111000E+01,4.455040E+01,2.388862E+01,4.262707E+01,3.106801E+03,2.801001E+03,1.054523E-01,2.469927E-01,0.000000E+00,0.000000E+00,0.000000E+00,0.000000E+00,0.000000E+00,0.000000E+00,0.000000E+00,0.000000E+00,2.110784E+01,4.006668E+01,2.388885E+01,4.218021E+01,1.893864E+03,1.753838E+03,6.428190E-02,1.546531E-01,0.000000E+00,0.000000E+00,0.000000E+00,0.000000E+00,0.000000E+00,0.000000E+00,0.000000E+00,0.000000E+00,2.110766E+01,3.971741E+01,2.388889E+01,4.203655E+01,3.129516E+03,2.817471E+03,1.062230E-01,2.484448E-01,0.000000E+00,0.000000E+00,0.000000E+00,0.000000E+00,0.000000E+00,0.000000E+00,0.000000E+00,0.000000E+00,2.110776E+01,3.992146E+01,2.388885E+01,4.215543E+01,1.877181E+03,1.859265E+03,6.371566E-02,1.639494E-01,0.000000E+00,0.000000E+00,0.000000E+00,0.000000E+00,0.000000E+00,0.000000E+00,0.000000E+00,0.000000E+00,2.110766E+01,3.968168E+01,2.388891E+01,4.192158E+01
Peak,9.583145E+02,3.706843E+03,3.252993E-02,3.268639E-01,0.000000E+00,0.000000E+00,0.000000E+00,0.000000E+00,0.000000E+00,0.000000E+00,0.000000E+00,0.000000E+00,,,,,3.106801E+03,4.026781E+03,1.054523E-01,3.550817E-01,0.000000E+00,0.000000E+00,0.000000E+00,0.000000E+00,0.000000E+00,0.000000E+00,0.000000E+00,0.000000E+00,,,,,1.893864E+03,2.851702E+03,6.428190E-02,2.514502E-01,0.000000E+00,0.000000E+00,0.000000E+00,0.000000E+00,0.000000E+00,0.000000E+00,0.000000E+00,0.000000E+00,,,,,3.129516E+03,3.966847E+03,1.062230E-01,3.497966E-01,0.000000E+00,0.000000E+00,0.000000E+00,0.000000E+00,0.000000E+00,0.000000E+00,0.000000E+00,0.000000E+00,,,,,1.877181E+03,3.270481E+03,6.371566E-02,2.883806E-01,0.000000E+00,0.000000E+00,0.000000E+00,0.000000E+00,0.000000E+00,0.000000E+00,0.000000E+00,0.000000E+00,,,,

Peak Vol Flow (m3/s),,,3.080600E-02,3.095417E-01,,,0.000000E+00,0.000000E+00,,,,,,,,,,,9.986384E-02,3.362641E-01,,,0.000000E+00,0.000000E+00,,,,,,,,,,,6.087526E-02,2.381246E-01,,,0.000000E+00,0.000000E+00,,,,,,,,,,,1.005937E-01,3.312591E-01,,,0.000000E+00,0.000000E+00,,,,,,,,,,,6.033904E-02,2.730978E-01,,,0.000000E+00,0.000000E+00,,,,,,,,
