Time,ZONE CORE SPACE - STORY GROUND PSZ-AC:DesPer 1:Des Heat Mass Flow [kg/s],ZONE CORE SPACE - STORY GROUND PSZ-AC:DesPer 1:Des Heat Cap [W],ZONE CORE SPACE - STORY GROUND PSZ-AC:DesPer 1:Des Cool Mass Flow [kg/s],ZONE CORE SPACE - STORY GROUND PSZ-AC:DesPer 1:Des Sens Cool Cap [W],ZONE CORE SPACE - STORY GROUND PSZ-AC:DesPer 1:Des Tot Cool Cap [W],ZONE CORE SPACE - STORY GROUND PSZ-AC:DesPer 2:Des Heat Mass Flow [kg/s],ZONE CORE SPACE - STORY GROUND PSZ-AC:DesPer 2:Des Heat Cap [W],ZONE CORE SPACE - STORY GROUND PSZ-AC:DesPer 2:Des Cool Mass Flow [kg/s],ZONE CORE SPACE - STORY GROUND PSZ-AC:DesPer 2:Des Sens Cool Cap [W],ZONE CORE SPACE - STORY GROUND PSZ-AC:DesPer 2:Des Tot Cool Cap [W],ZONE CORE SPACE - STORY GROUND PSZ-AC:DesPer 3:Des Heat Mass Flow [kg/s],ZONE CORE SPACE - STORY GROUND PSZ-AC:DesPer 3:Des Heat Cap [W],ZONE CORE SPACE - STORY GROUND PSZ-AC:DesPer 3:Des Cool Mass Flow [kg/s],ZONE CORE SPACE - STORY GROUND PSZ-AC:DesPer 3:Des Sens Cool Cap [W],ZONE CORE SPACE - STORY GROUND PSZ-AC:DesPer 3:Des Tot Cool Cap [W],ZONE EAST PERIMETER SPACE - STORY GROUND PSZ-AC:DesPer 1:Des Heat Mass Flow [kg/s],ZONE EAST PERIMETER SPACE - STORY GROUND PSZ-AC:DesPer 1:Des Heat Cap [W],ZONE EAST PERIMETER SPACE - STORY GROUND PSZ-AC:DesPer 1:Des Cool Mass Flow [kg/s],ZONE EAST PERIMETER SPACE - STORY GROUND PSZ-AC:DesPer 1:Des Sens Cool Cap [W],ZONE EAST PERIMETER SPACE - STORY GROUND PSZ-AC:DesPer 1:Des Tot Cool Cap [W],ZONE EAST PERIMETER SPACE - STORY GROUND PSZ-AC:DesPer 2:Des Heat Mass Flow [kg/s],ZONE EAST PERIMETER SPACE - STORY GROUND PSZ-AC:DesPer 2:Des Heat Cap [W],ZONE EAST PERIMETER SPACE - STORY GROUND PSZ-AC:DesPer 2:Des Cool Mass Flow [kg/s],ZONE EAST PERIMETER SPACE - STORY GROUND PSZ-AC:DesPer 2:Des Sens Cool Cap [W],ZONE EAST PERIMETER SPACE - STORY GROUND PSZ-AC:DesPer 2:Des Tot Cool Cap [W],ZONE EAST PERIMETER SPACE - STORY GROUND PSZ-AC:DesPer 3:Des Heat Mass Flow [kg/s],ZONE EAST PERIMETER SPACE - STORY GROUND PSZ-AC:DesPer 3:Des Heat Cap [W],ZONE EAST PERIMETER SPACE - STORY GROUND PSZ-AC:DesPer 3:Des Cool Mass Flow [kg/s],ZONE EAST PERIMETER SPACE - STORY GROUND PSZ-AC:DesPer 3:Des Sens Cool Cap [W],ZONE EAST PERIMETER SPACE - STORY GROUND PSZ-AC:DesPer 3:Des Tot Cool Cap [W],ZONE NORTH PERIMETER SPACE - STORY GROUND PSZ-AC:DesPer 1:Des Heat Mass Flow [kg/s],ZONE NORTH PERIMETER SPACE - STORY GROUND PSZ-AC:DesPer 1:Des Heat Cap [W],ZONE NORTH PERIMETER SPACE - STORY GROUND PSZ-AC:DesPer 1:Des Cool Mass Flow [kg/s],ZONE NORTH PERIMETER SPACE - STORY GROUND PSZ-AC:DesPer 1:Des Sens Cool Cap [W],ZONE NORTH PERIMETER SPACE - STORY GROUND PSZ-AC:DesPer 1:Des Tot Cool Cap [W],ZONE NORTH PERIMETER SPACE - STORY GROUND PSZ-AC:DesPer 2:Des Heat Mass Flow [kg/s],ZONE NORTH PERIMETER SPACE - STORY GROUND PSZ-AC:DesPer 2:Des Heat Cap [W],ZONE NORTH PERIMETER SPACE - STORY GROUND PSZ-AC:DesPer 2:Des Cool Mass Flow [kg/s],ZONE NORTH PERIMETER SPACE - STORY GROUND PSZ-AC:DesPer 2:Des Sens Cool Cap [W],ZONE NORTH PERIMETER SPACE - STORY GROUND PSZ-AC:DesPer 2:Des Tot Cool Cap [W],ZONE NORTH PERIMETER SPACE - STORY GROUND PSZ-AC:DesPer 3:Des Heat Mass Flow [kg/s],ZONE NORTH PERIMETER SPACE - STORY GROUND PSZ-AC:DesPer 3:Des Heat Cap [W],ZONE NORTH PERIMETER SPACE - STORY GROUND PSZ-AC:DesPer 3:Des Cool Mass Flow [kg/s],ZONE NORTH PERIMETER SPACE - STORY GROUND PSZ-AC:DesPer 3:Des Sens Cool Cap [W],ZONE NORTH PERIMETER SPACE - STORY GROUND PSZ-AC:DesPer 3:Des Tot Cool Cap [W],ZONE SOUTH PERIMETER SPACE - STORY GROUND PSZ-AC:DesPer 1:Des Heat Mass Flow [kg/s],ZONE SOUTH PERIMETER SPACE - STORY GROUND PSZ-AC:DesPer 1:Des Heat Cap [W],ZONE SOUTH PERIMETER SPACE - STORY GROUND PSZ-AC:DesPer 1:Des Cool Mass Flow [kg/s],ZONE SOUTH PERIMETER SPACE - STORY GROUND PSZ-AC:DesPer 1:Des Sens Cool Cap [W],ZONE SOUTH PERIMETER SPACE - STORY GROUND PSZ-AC:DesPer 1:Des Tot Cool Cap [W],ZONE SOUTH PERIMETER SPACE - STORY GROUND PSZ-AC:DesPer 2:Des Heat Mass Flow [kg/s],ZONE SOUTH PERIMETER SPACE - STORY GROUND PSZ-AC:DesPer 2:Des Heat Cap [W],ZONE SOUTH PERIMETER SPACE - STORY GROUND PSZ-AC:DesPer 2:Des Cool Mass Flow [kg/s],ZONE SOUTH PERIMETER SPACE - STORY GROUND PSZ-AC:DesPer 2:Des Sens Cool Cap [W],ZONE SOUTH PERIMETER SPACE - STORY GROUND PSZ-AC:DesPer 2:Des Tot Cool Cap [W],ZONE SOUTH PERIMETER SPACE - STORY GROUND PSZ-AC:DesPer 3:Des Heat Mass Flow [kg/s],ZONE SOUTH PERIMETER SPACE - STORY GROUND PSZ-AC:DesPer 3:Des Heat Cap [W],ZONE SOUTH PERIMETER SPACE - STORY GROUND PSZ-AC:DesPer 3:Des Cool Mass Flow [kg/s],ZONE SOUTH PERIMETER SPACE - STORY GROUND PSZ-AC:DesPer 3:Des Sens Cool Cap [W],ZONE SOUTH PERIMETER SPACE - STORY GROUND PSZ-AC:DesPer 3:Des Tot Cool Cap [W],ZONE WEST PERIMETER SPACE - STORY GROUND PSZ-AC:DesPer 1:Des Heat Mass Flow [kg/s],ZONE WEST PERIMETER SPACE - STORY GROUND PSZ-AC:DesPer 1:Des Heat Cap [W],ZONE WEST PERIMETER SPACE - STORY GROUND PSZ-AC:DesPer 1:Des Cool Mass Flow [kg/s],ZONE WEST PERIMETER SPACE - STORY GROUND PSZ-AC:DesPer 1:Des Sens Cool Cap [W],ZONE WEST PERIMETER SPACE - STORY GROUND PSZ-AC:DesPer 1:Des Tot Cool Cap [W],ZONE WEST PERIMETER SPACE - STORY GROUND PSZ-AC:DesPer 2:Des Heat Mass Flow [kg/s],ZONE WEST PERIMETER SPACE - STORY GROUND PSZ-AC:DesPer 2:Des Heat Cap [W],ZONE WEST PERIMETER SPACE - STORY GROUND PSZ-AC:DesPer 2:Des Cool Mass Flow [kg/s],ZONE WEST PERIMETER SPACE - STORY GROUND PSZ-AC:DesPer 2:Des Sens Cool Cap [W],ZONE WEST PERIMETER SPACE - STORY GROUND PSZ-AC:DesPer 2:Des Tot Cool Cap [W],ZONE WEST PERIMETER SPACE - STORY GROUND PSZ-AC:DesPer 3:Des Heat Mass Flow [kg/s],ZONE WEST PERIMETER SPACE - STORY GROUND PSZ-AC:DesPer 3:Des Heat Cap [W],ZONE WEST PERIMETER SPACE - STORY GROUND PSZ-AC:DesPer 3:Des Cool Mass Flow [kg/s],ZONE WEST PERIMETER SPACE - STORY GROUND PSZ-AC:DesPer 3:Des Sens Cool Cap [W],ZONE WEST PERIMETER SPACE - STORY GROUND PSZ-AC:DesPer 3:Des Tot Cool Cap [W]
00:10:00,7.309966E-02,2.163906E+03,2.712161E-01,2.782162E+03,2.646792E+03,7.309966E-02,2.577089E+03,2.384695E-01,2.003366E+03,3.094671E+03,1.139176E-01,6.172542E+03,7.309966E-02,0.000000E+00,0.000000E+00,2.984875E-02,8.835865E+02,9.256709E-02,9.331373E+02,7.835179E+02,2.984875E-02,1.052301E+03,5.178937E-02,3.090843E+02,7.146825E+02,1.498412E-01,5.520378E+03,2.984875E-02,0.000000E+00,0.000000E+00,5.001158E-02,1.480449E+03,1.575197E-01,1.590522E+03,1.353624E+03,5.001158E-02,1.763131E+03,9.433161E-02,6.022556E+02,1.303720E+03,2.310445E-01,8.668262E+03,5.001158E-02,0.000000E+00,0.000000E+00,5.001158E-02,1.480449E+03,1.579833E-01,1.595699E+03,1.359075E+03,5.001158E-02,1.763131E+03,9.448135E-02,6.039275E+02,1.305835E+03,2.304776E-01,8.651803E+03,5.001158E-02,0.000000E+00,0.000000E+00,2.984875E-02,8.835865E+02,9.287023E-02,9.365221E+02,7.870740E+02,2.984875E-02,1.052301E+03,5.188371E-02,3.101375E+02,7.160639E+02,1.494676E-01,5.509531E+03,2.984875E-02,0.000000E+00,0.000000E+00
00:20:00,7.309966E-02,2.176613E+03,2.704145E-01,2.760504E+03,2.624104E+03,7.309966E-02,2.587960E+03,2.377588E-01,1.984559E+03,3.074728E+03,1.137618E-01,6.168020E+03,7.309966E-02,0.000000E+00,0.000000E+00,2.984875E-02,8.887754E+02,9.177674E-02,9.191237E+02,7.688716E+02,2.984875E-02,1.056740E+03,5.113284E-02,2.973155E+02,7.002794E+02,1.497974E-01,5.519106E+03,2.984875E-02,0.000000E+00,0.000000E+00,5.001158E-02,1.489143E+03,1.562865E-01,1.568059E+03,1.330114E+03,5.001158E-02,1.770569E+03,9.329204E-02,5.832120E+02,1.281014E+03,2.309662E-01,8.665988E+03,5.001158E-02,0.000000E+00,0.000000E+00,5.001158E-02,1.489143E+03,1.567456E-01,1.573186E+03,1.335515E+03,5.001158E-02,1.770569E+03,9.343715E-02,5.848322E+02,1.283072E+03,2.303993E-01,8.649530E+03,5.001158E-02,0.000000E+00,0.000000E+00,2.984875E-02,8.887754E+02,9.207687E-02,9.224749E+02,7.723941E+02,2.984875E-02,1.056740E+03,5.122393E-02,2.983326E+02,7.016192E+02,1.494238E-01,5.508260E+03,2.984875E-02,0.000000E+00,0.000000E+00
00:30:00,7.309966E-02,2.189321E+03,2.696167E-01,2.738889E+03,2.601459E+03,7.309966E-02,2.598832E+03,2.370512E-01,1.965788E+03,3.054821E+03,1.136073E-01,6.163533E+03,7.309966E-02,0.000000E+00,0.000000E+00,2.984875E-02,8.939643E+02,9.099378E-02,9.051925E+02,7.543079E+02,2.984875E-02,1.061180E+03,5.048498E-02,2.856436E+02,6.859633E+02,1.497540E-01,5.517847E+03,2.984875E-02,0.000000E+00,0.000000E+00,5.001158E-02,1.497837E+03,1.550646E-01,1.545722E+03,1.306729E+03,5.001158E-02,1.778006E+03,9.226477E-02,5.643057E+02,1.258433E+03,2.308886E-01,8.663734E+03,5.001158E-02,0.000000E+00,0.000000E+00,5.001158E-02,1.497837E+03,1.555191E-01,1.550797E+03,1.312079E+03,5.001158E-02,1.778006E+03,9.240525E-02,5.658741E+02,1.260432E+03,2.303217E-01,8.647277E+03,5.001158E-02,0.000000E+00,0.000000E+00,2.984875E-02,8.939643E+02,9.129083E-02,9.085094E+02,7.577960E+02,2.984875E-02,1.061180E+03,5.057282E-02,2.866243E+02,6.872609E+02,1.493804E-01,5.507000E+03,2.984875E-02,0.000000E+00,0.000000E+00
00:40:00,7.309966E-02,2.202029E+03,2.688235E-01,2.717326E+03,2.578869E+03,7.309966E-02,2.609703E+03,2.363474E-01,1.947059E+03,3.034958E+03,1.134539E-01,6.159080E+03,7.309966E-02,0.000000E+00,0.000000E+00,2.984875E-02,8.991532E+02,9.021878E-02,8.913504E+02,7.398349E+02,2.984875E-02,1.065619E+03,4.984627E-02,2.740739E+02,6.717435E+02,1.497110E-01,5.516598E+03,2.984875E-02,0.000000E+00,0.000000E+00,5.001158E-02,1.506531E+03,1.538548E-01,1.523520E+03,1.283483E+03,5.001158E-02,1.785444E+03,9.125043E-02,5.455438E+02,1.235987E+03,2.308116E-01,8.661501E+03,5.001158E-02,0.000000E+00,0.000000E+00,5.001158E-02,1.506531E+03,1.543046E-01,1.528542E+03,1.288780E+03,5.001158E-02,1.785444E+03,9.138629E-02,5.470605E+02,1.237928E+03,2.302448E-01,8.645044E+03,5.001158E-02,0.000000E+00,0.000000E+00,2.984875E-02,8.991532E+02,9.051270E-02,8.946321E+02,7.432877E+02,2.984875E-02,1.065619E+03,4.993084E-02,2.750181E+02,6.729983E+02,1.493375E-01,5.505753E+03,2.984875E-02,0.000000E+00,0.000000E+00
00:50:00,7.309966E-02,2.214736E+03,2.680359E-01,2.695824E+03,2.556345E+03,7.309966E-02,2.620574E+03,2.356480E-01,1.928378E+03,3.015147E+03,1.133017E-01,6.154663E+03,7.309966E-02,0.000000E+00,0.000000E+00,2.984875E-02,9.043421E+02,8.945232E-02,8.776035E+02,7.254608E+02,2.984875E-02,1.070058E+03,4.921724E-02,2.626121E+02,6.576316E+02,1.496684E-01,5.515362E+03,2.984875E-02,0.000000E+00,0.000000E+00,5.001158E-02,1.515225E+03,1.526580E-01,1.501464E+03,1.260389E+03,5.001158E-02,1.792882E+03,9.024965E-02,5.269331E+02,1.213693E+03,2.307354E-01,8.659288E+03,5.001158E-02,0.000000E+00,0.000000E+00,5.001158E-02,1.515225E+03,1.531031E-01,1.506433E+03,1.265633E+03,5.001158E-02,1.792882E+03,9.038088E-02,5.283983E+02,1.215574E+03,2.301686E-01,8.642832E+03,5.001158E-02,0.000000E+00,0.000000E+00,2.984875E-02,9.043421E+02,8.974303E-02,8.808494E+02,7.288778E+02,2.984875E-02,1.070058E+03,4.929851E-02,2.635195E+02,6.588429E+02,1.492949E-01,5.504516E+03,2.984875E-02,0.000000E+00,0.000000E+00
01:00:00,7.309966E-02,2.227444E+03,2.672544E-01,2.674391E+03,2.533893E+03,7.309966E-02,2.631446E+03,2.349535E-01,1.909753E+03,2.995395E+03,1.131507E-01,6.150279E+03,7.309966E-02,0.000000E+00,0.000000E+00,2.984875E-02,9.095311E+02,8.869489E-02,8.639575E+02,7.111920E+02,2.984875E-02,1.074497E+03,4.859846E-02,2.512649E+02,6.436395E+02,1.496262E-01,5.514136E+03,2.984875E-02,0.000000E+00,0.000000E+00,5.001158E-02,1.523919E+03,1.514752E-01,1.479562E+03,1.237458E+03,5.001158E-02,1.800319E+03,8.926303E-02,5.084806E+02,1.191562E+03,2.306598E-01,8.657094E+03,5.001158E-02,0.000000E+00,0.000000E+00,5.001158E-02,1.523919E+03,1.519153E-01,1.484477E+03,1.242646E+03,5.001158E-02,1.800319E+03,8.938965E-02,5.098943E+02,1.193384E+03,2.300931E-01,8.640639E+03,5.001158E-02,0.000000E+00,0.000000E+00,2.984875E-02,9.095311E+02,8.898235E-02,8.671671E+02,7.145724E+02,2.984875E-02,1.074497E+03,4.867641E-02,2.521352E+02,6.448063E+02,1.492527E-01,5.503291E+03,2.984875E-02,0.000000E+00,0.000000E+00
01:10:00,7.309966E-02,2.235916E+03,2.666545E-01,2.659222E+03,2.518148E+03,7.309966E-02,2.638693E+03,2.344558E-01,1.896948E+03,2.973135E+03,1.131616E-01,6.150594E+03,7.309966E-02,0.000000E+00,0.000000E+00,2.984875E-02,9.129904E+02,8.801576E-02,8.529153E+02,6.996435E+02,2.984875E-02,1.077456E+03,4.806670E-02,2.423688E+02,6.289593E+02,1.496295E-01,5.514232E+03,2.984875E-02,0.000000E+00,0.000000E+00,5.001158E-02,1.529715E+03,1.504235E-01,1.462024E+03,1.219098E+03,5.001158E-02,1.805278E+03,8.842099E-02,4.941214E+02,1.168211E+03,2.306657E-01,8.657264E+03,5.001158E-02,0.000000E+00,0.000000E+00,5.001158E-02,1.529715E+03,1.508584E-01,1.466879E+03,1.224226E+03,5.001158E-02,1.805278E+03,8.854250E-02,4.954780E+02,1.169964E+03,2.300989E-01,8.640809E+03,5.001158E-02,0.000000E+00,0.000000E+00,2.984875E-02,9.129904E+02,8.829967E-02,8.560853E+02,7.029836E+02,2.984875E-02,1.077456E+03,4.814099E-02,2.431982E+02,6.300752E+02,1.492560E-01,5.503387E+03,2.984875E-02,0.000000E+00,0.000000E+00
01:20:00,7.309966E-02,2.244388E+03,2.660619E-01,2.644133E+03,2.502494E+03,7.309966E-02,2.645941E+03,2.339631E-01,1.884200E+03,2.944999E+03,1.131723E-01,6.150907E+03,7.309966E-02,0.000000E+00,0.000000E+00,2.984875E-02,9.164496E+02,8.735692E-02,8.420997E+02,6.883341E+02,2.984875E-02,1.080416E+03,4.755493E-02,2.336958E+02,6.120936E+02,1.496328E-01,5.514327E+03,2.984875E-02,0.000000E+00,0.000000E+00,5.001158E-02,1.535511E+03,1.494027E-01,1.444830E+03,1.201104E+03,5.001158E-02,1.810236E+03,8.760642E-02,4.800689E+02,1.141090E+03,2.306715E-01,8.657433E+03,5.001158E-02,0.000000E+00,0.000000E+00,5.001158E-02,1.535511E+03,1.498323E-01,1.449626E+03,1.206171E+03,5.001158E-02,1.810236E+03,8.772295E-02,4.813699E+02,1.142776E+03,2.301047E-01,8.640978E+03,5.001158E-02,0.000000E+00,0.000000E+00,2.984875E-02,9.164496E+02,8.763731E-02,8.452304E+02,6.916342E+02,2.984875E-02,1.080416E+03,4.762549E-02,2.344837E+02,6.131568E+02,1.492593E-01,5.503482E+03,2.984875E-02,0.000000E+00,0.000000E+00
01:30:00,7.309966E-02,2.252859E+03,2.654785E-01,2.629148E+03,2.486950E+03,7.309966E-02,2.653188E+03,2.334768E-01,1.871523E+03,2.917029E+03,1.131830E-01,6.151218E+03,7.309966E-02,0.000000E+00,0.000000E+00,2.984875E-02,9.199089E+02,8.671945E-02,8.315227E+02,6.772735E+02,2.984875E-02,1.083375E+03,4.706176E-02,2.252306E+02,5.954233E+02,1.496361E-01,5.514422E+03,2.984875E-02,0.000000E+00,0.000000E+00,5.001158E-02,1.541307E+03,1.484145E-01,1.428000E+03,1.183489E+03,5.001158E-02,1.815195E+03,8.682036E-02,4.663347E+02,1.114233E+03,2.306773E-01,8.657600E+03,5.001158E-02,0.000000E+00,0.000000E+00,5.001158E-02,1.541307E+03,1.488388E-01,1.432738E+03,1.188496E+03,5.001158E-02,1.815195E+03,8.693203E-02,4.675814E+02,1.115853E+03,2.301105E-01,8.641145E+03,5.001158E-02,0.000000E+00,0.000000E+00,2.984875E-02,9.199089E+02,8.699636E-02,8.346145E+02,6.805339E+02,2.984875E-02,1.083375E+03,4.712972E-02,2.259893E+02,5.964517E+02,1.492625E-01,5.503576E+03,2.984875E-02,0.000000E+00,0.000000E+00
01:40:00,7.309966E-02,2.261331E+03,2.649061E-01,2.614286E+03,2.471539E+03,7.309966E-02,2.660436E+03,2.329979E-01,1.858929E+03,2.889237E+03,1.131937E-01,6.151526E+03,7.309966E-02,0.000000E+00,0.000000E+00,2.984875E-02,9.233682E+02,8.610439E-02,8.211959E+02,6.664764E+02,2.984875E-02,1.086334E+03,4.658407E-02,2.169381E+02,5.788951E+02,1.496393E-01,5.514515E+03,2.984875E-02,0.000000E+00,0.000000E+00,5.001158E-02,1.547103E+03,1.474605E-01,1.411552E+03,1.166277E+03,5.001158E-02,1.820153E+03,8.606379E-02,4.529297E+02,1.087649E+03,2.306830E-01,8.657766E+03,5.001158E-02,0.000000E+00,0.000000E+00,5.001158E-02,1.547103E+03,1.478796E-01,1.416232E+03,1.171226E+03,5.001158E-02,1.820153E+03,8.617072E-02,4.541236E+02,1.089202E+03,2.301162E-01,8.641310E+03,5.001158E-02,0.000000E+00,0.000000E+00,2.984875E-02,9.233682E+02,8.637786E-02,8.242494E+02,6.696975E+02,2.984875E-02,1.086334E+03,4.664937E-02,2.176672E+02,5.798863E+02,1.492657E-01,5.503670E+03,2.984875E-02,0.000000E+00,0.000000E+00
01:50:00,7.309966E-02,2.269803E+03,2.643464E-01,2.599565E+03,2.456278E+03,7.309966E-02,2.667683E+03,2.325275E-01,1.846429E+03,2.861633E+03,1.132042E-01,6.151832E+03,7.309966E-02,0.000000E+00,0.000000E+00,2.984875E-02,9.268275E+02,8.551267E-02,8.111297E+02,6.559554E+02,2.984875E-02,1.089294E+03,4.612170E-02,2.088168E+02,5.625342E+02,1.496425E-01,5.514608E+03,2.984875E-02,0.000000E+00,0.000000E+00,5.001158E-02,1.552899E+03,1.465422E-01,1.395504E+03,1.149490E+03,5.001158E-02,1.825112E+03,8.533762E-02,4.398641E+02,1.061392E+03,2.306886E-01,8.657930E+03,5.001158E-02,0.000000E+00,0.000000E+00,5.001158E-02,1.552899E+03,1.469563E-01,1.400127E+03,1.154381E+03,5.001158E-02,1.825112E+03,8.543995E-02,4.410066E+02,1.062881E+03,2.301218E-01,8.641474E+03,5.001158E-02,0.000000E+00,0.000000E+00,2.984875E-02,9.268275E+02,8.578276E-02,8.141454E+02,6.591379E+02,2.984875E-02,1.089294E+03,4.618466E-02,2.095197E+02,5.634924E+02,1.492689E-01,5.503762E+03,2.984875E-02,0.000000E+00,0.000000E+00
02:00:00,7.309966E-02,2.278275E+03,2.638008E-01,2.585002E+03,2.441186E+03,7.309966E-02,2.674931E+03,2.320664E-01,1.834033E+03,2.834227E+03,1.132147E-01,6.152135E+03,7.309966E-02,0.000000E+00,0.000000E+00,2.984875E-02,9.302868E+02,8.494511E-02,8.013333E+02,6.457236E+02,2.984875E-02,1.092253E+03,4.567429E-02,2.008625E+02,5.463638E+02,1.496456E-01,5.514699E+03,2.984875E-02,0.000000E+00,0.000000E+00,5.001158E-02,1.558696E+03,1.456611E-01,1.379869E+03,1.133149E+03,5.001158E-02,1.830070E+03,8.464271E-02,4.271475E+02,1.035527E+03,2.306942E-01,8.658093E+03,5.001158E-02,0.000000E+00,0.000000E+00,5.001158E-02,1.558696E+03,1.460701E-01,1.384436E+03,1.137982E+03,5.001158E-02,1.830070E+03,8.474057E-02,4.282401E+02,1.036952E+03,2.301274E-01,8.641637E+03,5.001158E-02,0.000000E+00,0.000000E+00,2.984875E-02,9.302868E+02,8.521188E-02,8.043119E+02,6.488682E+02,2.984875E-02,1.092253E+03,4.573508E-02,2.015412E+02,5.472914E+02,1.492721E-01,5.503854E+03,2.984875E-02,0.000000E+00,0.000000E+00
02:10:00,7.309966E-02,2.284629E+03,2.632701E-01,2.572722E+03,2.428429E+03,7.309966E-02,2.680367E+03,2.316151E-01,1.823559E+03,2.812465E+03,1.132250E-01,6.152436E+03,7.309966E-02,0.000000E+00,0.000000E+00,2.984875E-02,9.328812E+02,8.439214E-02,7.925646E+02,6.365443E+02,2.984875E-02,1.094473E+03,4.523274E-02,1.937135E+02,5.324723E+02,1.496487E-01,5.514790E+03,2.984875E-02,0.000000E+00,0.000000E+00,5.001158E-02,1.563043E+03,1.448026E-01,1.365936E+03,1.118552E+03,5.001158E-02,1.833789E+03,8.396663E-02,4.158808E+02,1.013608E+03,2.306998E-01,8.658254E+03,5.001158E-02,0.000000E+00,0.000000E+00,5.001158E-02,1.563043E+03,1.452067E-01,1.370449E+03,1.123328E+03,5.001158E-02,1.833789E+03,8.406008E-02,4.169241E+02,1.014970E+03,2.301330E-01,8.641798E+03,5.001158E-02,0.000000E+00,0.000000E+00,2.984875E-02,9.328812E+02,8.465562E-02,7.955065E+02,6.396513E+02,2.984875E-02,1.094473E+03,4.529156E-02,1.943702E+02,5.333721E+02,1.492752E-01,5.503945E+03,2.984875E-02,0.000000E+00,0.000000E+00
02:20:00,7.309966E-02,2.290983E+03,2.627539E-01,2.560606E+03,2.415848E+03,7.309966E-02,2.685802E+03,2.311736E-01,1.813194E+03,2.790871E+03,1.132353E-01,6.152735E+03,7.309966E-02,0.000000E+00,0.000000E+00,2.984875E-02,9.354757E+02,8.385384E-02,7.839597E+02,6.275357E+02,2.984875E-02,1.096692E+03,4.479656E-02,1.866246E+02,5.186426E+02,1.496518E-01,5.514880E+03,2.984875E-02,0.000000E+00,0.000000E+00,5.001158E-02,1.567390E+03,1.439669E-01,1.352259E+03,1.104220E+03,5.001158E-02,1.837508E+03,8.331016E-02,4.048331E+02,9.919533E+02,2.307053E-01,8.658413E+03,5.001158E-02,0.000000E+00,0.000000E+00,5.001158E-02,1.567390E+03,1.443661E-01,1.356716E+03,1.108940E+03,5.001158E-02,1.837508E+03,8.339922E-02,4.058274E+02,9.932523E+02,2.301385E-01,8.641957E+03,5.001158E-02,0.000000E+00,0.000000E+00,2.984875E-02,9.354757E+02,8.411405E-02,7.868651E+02,6.306053E+02,2.984875E-02,1.096692E+03,4.485364E-02,1.872618E+02,5.195185E+02,1.492783E-01,5.504035E+03,2.984875E-02,0.000000E+00,0.000000E+00
02:30:00,7.309966E-02,2.297336E+03,2.622518E-01,2.548646E+03,2.403434E+03,7.309966E-02,2.691238E+03,2.307418E-01,1.802938E+03,2.769442E+03,1.132455E-01,6.153032E+03,7.309966E-02,0.000000E+00,0.000000E+00,2.984875E-02,9.380701E+02,8.332999E-02,7.755161E+02,6.186946E+02,2.984875E-02,1.098912E+03,4.436748E-02,1.796149E+02,5.049192E+02,1.496549E-01,5.514969E+03,2.984875E-02,0.000000E+00,0.000000E+00,5.001158E-02,1.571737E+03,1.431537E-01,1.338831E+03,1.090149E+03,5.001158E-02,1.841227E+03,8.267347E-02,3.940062E+02,9.705961E+02,2.307107E-01,8.658572E+03,5.001158E-02,0.000000E+00,0.000000E+00,5.001158E-02,1.571737E+03,1.435480E-01,1.343234E+03,1.094813E+03,5.001158E-02,1.841227E+03,8.275814E-02,3.949515E+02,9.718318E+02,2.301439E-01,8.642116E+03,5.001158E-02,0.000000E+00,0.000000E+00,2.984875E-02,9.380701E+02,8.358695E-02,7.783853E+02,6.217270E+02,2.984875E-02,1.098912E+03,4.442186E-02,1.802220E+02,5.057547E+02,1.492814E-01,5.504124E+03,2.984875E-02,0.000000E+00,0.000000E+00
02:40:00,7.309966E-02,2.303690E+03,2.617631E-01,2.536835E+03,2.391178E+03,7.309966E-02,2.696674E+03,2.303195E-01,1.792787E+03,2.748175E+03,1.132557E-01,6.153326E+03,7.309966E-02,0.000000E+00,0.000000E+00,2.984875E-02,9.406646E+02,8.282037E-02,7.672314E+02,6.100191E+02,2.984875E-02,1.101131E+03,4.394892E-02,1.727227E+02,4.913675E+02,1.496580E-01,5.515058E+03,2.984875E-02,0.000000E+00,0.000000E+00,5.001158E-02,1.576084E+03,1.423624E-01,1.325650E+03,1.076334E+03,5.001158E-02,1.844946E+03,8.205684E-02,3.834033E+02,9.495554E+02,2.307161E-01,8.658728E+03,5.001158E-02,0.000000E+00,0.000000E+00,5.001158E-02,1.576084E+03,1.427519E-01,1.329998E+03,1.080943E+03,5.001158E-02,1.844946E+03,8.213709E-02,3.842993E+02,9.507271E+02,2.301493E-01,8.642272E+03,5.001158E-02,0.000000E+00,0.000000E+00,2.984875E-02,9.406646E+02,8.307410E-02,7.700645E+02,6.130144E+02,2.984875E-02,1.101131E+03,4.400081E-02,1.733020E+02,4.921661E+02,1.492844E-01,5.504212E+03,2.984875E-02,0.000000E+00,0.000000E+00
02:50:00,7.309966E-02,2.310044E+03,2.612870E-01,2.525165E+03,2.379072E+03,7.309966E-02,2.702109E+03,2.299065E-01,1.782740E+03,2.727066E+03,1.132657E-01,6.153618E+03,7.309966E-02,0.000000E+00,0.000000E+00,2.984875E-02,9.432591E+02,8.232477E-02,7.591034E+02,6.015088E+02,2.984875E-02,1.103351E+03,4.354119E-02,1.659513E+02,4.779975E+02,1.496610E-01,5.515145E+03,2.984875E-02,0.000000E+00,0.000000E+00,5.001158E-02,1.580431E+03,1.415929E-01,1.312711E+03,1.062776E+03,5.001158E-02,1.848664E+03,8.146092E-02,3.730316E+02,9.288501E+02,2.307215E-01,8.658884E+03,5.001158E-02,0.000000E+00,0.000000E+00,5.001158E-02,1.580431E+03,1.419776E-01,1.317005E+03,1.067329E+03,5.001158E-02,1.848664E+03,8.153665E-02,3.738771E+02,9.299557E+02,2.301547E-01,8.642428E+03,5.001158E-02,0.000000E+00,0.000000E+00,2.984875E-02,9.432591E+02,8.257531E-02,7.619007E+02,6.044674E+02,2.984875E-02,1.103351E+03,4.359046E-02,1.665014E+02,4.787566E+02,1.492874E-01,5.504299E+03,2.984875E-02,0.000000E+00,0.000000E+00
03:00:00,7.309966E-02,2.316398E+03,2.608230E-01,2.513632E+03,2.367109E+03,7.309966E-02,2.707545E+03,2.295027E-01,1.772796E+03,2.706114E+03,1.132757E-01,6.153907E+03,7.309966E-02,0.000000E+00,0.000000E+00,2.984875E-02,9.458535E+02,8.184307E-02,7.511304E+02,5.931625E+02,2.984875E-02,1.105570E+03,4.314476E-02,1.593061E+02,4.648201E+02,1.496640E-01,5.515232E+03,2.984875E-02,0.000000E+00,0.000000E+00,5.001158E-02,1.584778E+03,1.408448E-01,1.300011E+03,1.049472E+03,5.001158E-02,1.852383E+03,8.088403E-02,3.628724E+02,9.084572E+02,2.307268E-01,8.659038E+03,5.001158E-02,0.000000E+00,0.000000E+00,5.001158E-02,1.584778E+03,1.412247E-01,1.304252E+03,1.053969E+03,5.001158E-02,1.852383E+03,8.095666E-02,3.636834E+02,9.095202E+02,2.301600E-01,8.642581E+03,5.001158E-02,0.000000E+00,0.000000E+00,2.984875E-02,9.458535E+02,8.209043E-02,7.538923E+02,5.960847E+02,2.984875E-02,1.105570E+03,4.319140E-02,1.598267E+02,4.655394E+02,1.492904E-01,5.504386E+03,2.984875E-02,0.000000E+00,0.000000E+00
03:10:00,7.309966E-02,2.322752E+03,2.603705E-01,2.502225E+03,2.355279E+03,7.309966E-02,2.712980E+03,2.291106E-01,1.762982E+03,2.685354E+03,1.132856E-01,6.154195E+03,7.309966E-02,0.000000E+00,0.000000E+00,2.984875E-02,9.484480E+02,8.136478E-02,7.431955E+02,5.848523E+02,2.984875E-02,1.107790E+03,4.275229E-02,1.527050E+02,4.517140E+02,1.496669E-01,5.515318E+03,2.984875E-02,0.000000E+00,0.000000E+00,5.001158E-02,1.589125E+03,1.401024E-01,1.287375E+03,1.036228E+03,5.001158E-02,1.856102E+03,8.030999E-02,3.527450E+02,8.881180E+02,2.307320E-01,8.659190E+03,5.001158E-02,0.000000E+00,0.000000E+00,5.001158E-02,1.589125E+03,1.404775E-01,1.291562E+03,1.040670E+03,5.001158E-02,1.856102E+03,8.037917E-02,3.535175E+02,8.891310E+02,2.301652E-01,8.642734E+03,5.001158E-02,0.000000E+00,0.000000E+00,2.984875E-02,9.484480E+02,8.160895E-02,7.459218E+02,5.877378E+02,2.984875E-02,1.107790E+03,4.279625E-02,1.531958E+02,4.523928E+02,1.492934E-01,5.504472E+03,2.984875E-02,0.000000E+00,0.000000E+00
03:20:00,7.309966E-02,2.329106E+03,2.599279E-01,2.490929E+03,2.343565E+03,7.309966E-02,2.718416E+03,2.287289E-01,1.753285E+03,2.664766E+03,1.132954E-01,6.154480E+03,7.309966E-02,0.000000E+00,0.000000E+00,2.984875E-02,9.510424E+02,8.088935E-02,7.352926E+02,5.765722E+02,2.984875E-02,1.110009E+03,4.236354E-02,1.461455E+02,4.386764E+02,1.496699E-01,5.515403E+03,2.984875E-02,0.000000E+00,0.000000E+00,5.001158E-02,1.593472E+03,1.393648E-01,1.274791E+03,1.023034E+03,5.001158E-02,1.859821E+03,7.973772E-02,3.426375E+02,8.678211E+02,2.307373E-01,8.659342E+03,5.001158E-02,0.000000E+00,0.000000E+00,5.001158E-02,1.593472E+03,1.397349E-01,1.278924E+03,1.027420E+03,5.001158E-02,1.859821E+03,7.980379E-02,3.433752E+02,8.687894E+02,2.301704E-01,8.642885E+03,5.001158E-02,0.000000E+00,0.000000E+00,2.984875E-02,9.510424E+02,8.113029E-02,7.379829E+02,5.794205E+02,2.984875E-02,1.110009E+03,4.240476E-02,1.466058E+02,4.393136E+02,1.492963E-01,5.504557E+03,2.984875E-02,0.000000E+00,0.000000E+00
03:30:00,7.309966E-02,2.335459E+03,2.594935E-01,2.479726E+03,2.331946E+03,7.309966E-02,2.723852E+03,2.283524E-01,1.743645E+03,2.644278E+03,1.133052E-01,6.154763E+03,7.309966E-02,0.000000E+00,0.000000E+00,2.984875E-02,9.536369E+02,8.041607E-02,7.274137E+02,5.683140E+02,2.984875E-02,1.112229E+03,4.197556E-02,1.395946E+02,4.256593E+02,1.496728E-01,5.515487E+03,2.984875E-02,0.000000E+00,0.000000E+00,5.001158E-02,1.597819E+03,1.386307E-01,1.262248E+03,1.009876E+03,5.001158E-02,1.863540E+03,7.916138E-02,3.324847E+02,8.474762E+02,2.307424E-01,8.659491E+03,5.001158E-02,0.000000E+00,0.000000E+00,5.001158E-02,1.597819E+03,1.389959E-01,1.266326E+03,1.014205E+03,5.001158E-02,1.863540E+03,7.922439E-02,3.331881E+02,8.484004E+02,2.301756E-01,8.643035E+03,5.001158E-02,0.000000E+00,0.000000E+00,2.984875E-02,9.536369E+02,8.065375E-02,7.300675E+02,5.711247E+02,2.984875E-02,1.112229E+03,4.201397E-02,1.400234E+02,4.262533E+02,1.492992E-01,5.504641E+03,2.984875E-02,0.000000E+00,0.000000E+00
03:40:00,7.309966E-02,2.341813E+03,2.590658E-01,2.468596E+03,2.320405E+03,7.309966E-02,2.729287E+03,2.279830E-01,1.734085E+03,2.623923E+03,1.133148E-01,6.155044E+03,7.309966E-02,0.000000E+00,0.000000E+00,2.984875E-02,9.562314E+02,7.994427E-02,7.195513E+02,5.600700E+02,2.984875E-02,1.114449E+03,4.159002E-02,1.330709E+02,4.126943E+02,1.496756E-01,5.515571E+03,2.984875E-02,0.000000E+00,0.000000E+00,5.001158E-02,1.602166E+03,1.378990E-01,1.249732E+03,9.967429E+02,5.001158E-02,1.867259E+03,7.858245E-02,3.223029E+02,8.271146E+02,2.307475E-01,8.659640E+03,5.001158E-02,0.000000E+00,0.000000E+00,5.001158E-02,1.602166E+03,1.382593E-01,1.253754E+03,1.001014E+03,5.001158E-02,1.867259E+03,7.864255E-02,3.229739E+02,8.279972E+02,2.301807E-01,8.643183E+03,5.001158E-02,0.000000E+00,0.000000E+00,2.984875E-02,9.562314E+02,8.017866E-02,7.221684E+02,5.628427E+02,2.984875E-02,1.114449E+03,4.162553E-02,1.334674E+02,4.132436E+02,1.493021E-01,5.504725E+03,2.984875E-02,0.000000E+00,0.000000E+00
03:50:00,7.309966E-02,2.348167E+03,2.586434E-01,2.457527E+03,2.308923E+03,7.309966E-02,2.734723E+03,2.276167E-01,1.724561E+03,2.603648E+03,1.133244E-01,6.155323E+03,7.309966E-02,0.000000E+00,0.000000E+00,2.984875E-02,9.588258E+02,7.947340E-02,7.116993E+02,5.518338E+02,2.984875E-02,1.116668E+03,4.120485E-02,1.265513E+02,3.997474E+02,1.496785E-01,5.515654E+03,2.984875E-02,0.000000E+00,0.000000E+00,5.001158E-02,1.606513E+03,1.371690E-01,1.237234E+03,9.836236E+02,5.001158E-02,1.870977E+03,7.799627E-02,3.120402E+02,8.066618E+02,2.307526E-01,8.659787E+03,5.001158E-02,0.000000E+00,0.000000E+00,5.001158E-02,1.606513E+03,1.375243E-01,1.241200E+03,9.878368E+02,5.001158E-02,1.870977E+03,7.805367E-02,3.126811E+02,8.075063E+02,2.301858E-01,8.643330E+03,5.001158E-02,0.000000E+00,0.000000E+00,2.984875E-02,9.588258E+02,7.970446E-02,7.142792E+02,5.545681E+02,2.984875E-02,1.116668E+03,4.123735E-02,1.269142E+02,4.002501E+02,1.493049E-01,5.504808E+03,2.984875E-02,0.000000E+00,0.000000E+00
04:00:00,7.309966E-02,2.354521E+03,2.582253E-01,2.446504E+03,2.297490E+03,7.309966E-02,2.740159E+03,2.272556E-01,1.715093E+03,2.583483E+03,1.133340E-01,6.155599E+03,7.309966E-02,0.000000E+00,0.000000E+00,2.984875E-02,9.614203E+02,7.900306E-02,7.038532E+02,5.436013E+02,2.984875E-02,1.118888E+03,4.082171E-02,1.200544E+02,3.868487E+02,1.496813E-01,5.515736E+03,2.984875E-02,0.000000E+00,0.000000E+00,5.001158E-02,1.610860E+03,1.364399E-01,1.224746E+03,9.705105E+02,5.001158E-02,1.874696E+03,7.740623E-02,3.017346E+02,7.861766E+02,2.307576E-01,8.659933E+03,5.001158E-02,0.000000E+00,0.000000E+00,5.001158E-02,1.610860E+03,1.367901E-01,1.228655E+03,9.746646E+02,5.001158E-02,1.874696E+03,7.745960E-02,3.023304E+02,7.869610E+02,2.301908E-01,8.643476E+03,5.001158E-02,0.000000E+00,0.000000E+00,2.984875E-02,9.614203E+02,7.923074E-02,7.063954E+02,5.462966E+02,2.984875E-02,1.118888E+03,4.085107E-02,1.203821E+02,3.873023E+02,1.493077E-01,5.504890E+03,2.984875E-02,0.000000E+00,0.000000E+00
04:10:00,7.309966E-02,2.358757E+03,2.578140E-01,2.437677E+03,2.288297E+03,7.309966E-02,2.743783E+03,2.268964E-01,1.707458E+03,2.568637E+03,1.133434E-01,6.155873E+03,7.309966E-02,0.000000E+00,0.000000E+00,2.984875E-02,9.631499E+02,7.854557E-02,6.970154E+02,5.364047E+02,2.984875E-02,1.120367E+03,4.044842E-02,1.144073E+02,3.762734E+02,1.496841E-01,5.515817E+03,2.984875E-02,0.000000E+00,0.000000E+00,5.001158E-02,1.613758E+03,1.357304E-01,1.213925E+03,9.591110E+02,5.001158E-02,1.877175E+03,7.682800E-02,2.928002E+02,7.695068E+02,2.307626E-01,8.660077E+03,5.001158E-02,0.000000E+00,0.000000E+00,5.001158E-02,1.613758E+03,1.360755E-01,1.217778E+03,9.632068E+02,5.001158E-02,1.877175E+03,7.687779E-02,2.933562E+02,7.702386E+02,2.301958E-01,8.643620E+03,5.001158E-02,0.000000E+00,0.000000E+00,2.984875E-02,9.631499E+02,7.876992E-02,6.995204E+02,5.390615E+02,2.984875E-02,1.120367E+03,4.047445E-02,1.146978E+02,3.766748E+02,1.493105E-01,5.504971E+03,2.984875E-02,0.000000E+00,0.000000E+00
04:20:00,7.309966E-02,2.362993E+03,2.574096E-01,2.428926E+03,2.279186E+03,7.309966E-02,2.747406E+03,2.265391E-01,1.699846E+03,2.553831E+03,1.133528E-01,6.156146E+03,7.309966E-02,0.000000E+00,0.000000E+00,2.984875E-02,9.648796E+02,7.810087E-02,6.903204E+02,5.293598E+02,2.984875E-02,1.121847E+03,4.008535E-02,1.088742E+02,3.658800E+02,1.496869E-01,5.515898E+03,2.984875E-02,0.000000E+00,0.000000E+00,5.001158E-02,1.616656E+03,1.350402E-01,1.203321E+03,9.479430E+02,5.001158E-02,1.879655E+03,7.626127E-02,2.839942E+02,7.530513E+02,2.307675E-01,8.660221E+03,5.001158E-02,0.000000E+00,0.000000E+00,5.001158E-02,1.616656E+03,1.353804E-01,1.207119E+03,9.519815E+02,5.001158E-02,1.879655E+03,7.630725E-02,2.845076E+02,7.537266E+02,2.302007E-01,8.643764E+03,5.001158E-02,0.000000E+00,0.000000E+00,2.984875E-02,9.648796E+02,7.832194E-02,6.927888E+02,5.319788E+02,2.984875E-02,1.121847E+03,4.010770E-02,1.091237E+02,3.662233E+02,1.493133E-01,5.505051E+03,2.984875E-02,0.000000E+00,0.000000E+00
04:30:00,7.309966E-02,2.367229E+03,2.570120E-01,2.420251E+03,2.270153E+03,7.309966E-02,2.751030E+03,2.261881E-01,1.692303E+03,2.539121E+03,1.133621E-01,6.156416E+03,7.309966E-02,0.000000E+00,0.000000E+00,2.984875E-02,9.666092E+02,7.766872E-02,6.837655E+02,5.224617E+02,2.984875E-02,1.123327E+03,3.973662E-02,1.035012E+02,3.557409E+02,1.496896E-01,5.515977E+03,2.984875E-02,0.000000E+00,0.000000E+00,5.001158E-02,1.619554E+03,1.343692E-01,1.192931E+03,9.369984E+02,5.001158E-02,1.882134E+03,7.571111E-02,2.753732E+02,7.368995E+02,2.307724E-01,8.660363E+03,5.001158E-02,0.000000E+00,0.000000E+00,5.001158E-02,1.619554E+03,1.347045E-01,1.196675E+03,9.409805E+02,5.001158E-02,1.882134E+03,7.575331E-02,2.758444E+02,7.375187E+02,2.302056E-01,8.643905E+03,5.001158E-02,0.000000E+00,0.000000E+00,2.984875E-02,9.666092E+02,7.788656E-02,6.861979E+02,5.250435E+02,2.984875E-02,1.123327E+03,3.975436E-02,1.036993E+02,3.560103E+02,1.493161E-01,5.505131E+03,2.984875E-02,0.000000E+00,0.000000E+00
04:40:00,7.309966E-02,2.371465E+03,2.566217E-01,2.411657E+03,2.261205E+03,7.309966E-02,2.754654E+03,2.258410E-01,1.684804E+03,2.524477E+03,1.133713E-01,6.156684E+03,7.309966E-02,0.000000E+00,0.000000E+00,2.984875E-02,9.683389E+02,7.724930E-02,6.773528E+02,5.157136E+02,2.984875E-02,1.124806E+03,3.939767E-02,9.823743E+01,3.457778E+02,1.496924E-01,5.516056E+03,2.984875E-02,0.000000E+00,0.000000E+00,5.001158E-02,1.622452E+03,1.337175E-01,1.182757E+03,9.262828E+02,5.001158E-02,1.884613E+03,7.517529E-02,2.669123E+02,7.210138E+02,2.307773E-01,8.660503E+03,5.001158E-02,0.000000E+00,0.000000E+00,5.001158E-02,1.622452E+03,1.340481E-01,1.186447E+03,9.302096E+02,5.001158E-02,1.884613E+03,7.521369E-02,2.673410E+02,7.215763E+02,2.302104E-01,8.644046E+03,5.001158E-02,0.000000E+00,0.000000E+00,2.984875E-02,9.683389E+02,7.746399E-02,6.797500E+02,5.182588E+02,2.984875E-02,1.124806E+03,3.941327E-02,9.841157E+01,3.460153E+02,1.493188E-01,5.505210E+03,2.984875E-02,0.000000E+00,0.000000E+00
04:50:00,7.309966E-02,2.375700E+03,2.562393E-01,2.403152E+03,2.252350E+03,7.309966E-02,2.758278E+03,2.255012E-01,1.677386E+03,2.509943E+03,1.133805E-01,6.156950E+03,7.309966E-02,0.000000E+00,0.000000E+00,2.984875E-02,9.700685E+02,7.684288E-02,6.710852E+02,5.091198E+02,2.984875E-02,1.126286E+03,3.907065E-02,9.310677E+01,3.360269E+02,1.496951E-01,5.516135E+03,2.984875E-02,0.000000E+00,0.000000E+00,5.001158E-02,1.625350E+03,1.330857E-01,1.172804E+03,9.158029E+02,5.001158E-02,1.887092E+03,7.465749E-02,2.586524E+02,7.054505E+02,2.307821E-01,8.660643E+03,5.001158E-02,0.000000E+00,0.000000E+00,5.001158E-02,1.625350E+03,1.334116E-01,1.176443E+03,9.196757E+02,5.001158E-02,1.887092E+03,7.469208E-02,2.590386E+02,7.059561E+02,2.302152E-01,8.644185E+03,5.001158E-02,0.000000E+00,0.000000E+00,2.984875E-02,9.700685E+02,7.705447E-02,6.734478E+02,5.116291E+02,2.984875E-02,1.126286E+03,3.908433E-02,9.325960E+01,3.362354E+02,1.493215E-01,5.505288E+03,2.984875E-02,0.000000E+00,0.000000E+00
05:00:00,7.309966E-02,2.379936E+03,2.558653E-01,2.394740E+03,2.243598E+03,7.309966E-02,2.761901E+03,2.251666E-01,1.670026E+03,2.495491E+03,1.133896E-01,6.157214E+03,7.309966E-02,0.000000E+00,0.000000E+00,2.984875E-02,9.717981E+02,7.644968E-02,6.649653E+02,5.026854E+02,2.984875E-02,1.127766E+03,3.875322E-02,8.808322E+01,3.264480E+02,1.496977E-01,5.516212E+03,2.984875E-02,0.000000E+00,0.000000E+00,5.001158E-02,1.628248E+03,1.324741E-01,1.163078E+03,9.055690E+02,5.001158E-02,1.889572E+03,7.415576E-02,2.505719E+02,6.901738E+02,2.307868E-01,8.660781E+03,5.001158E-02,0.000000E+00,0.000000E+00,5.001158E-02,1.628248E+03,1.327955E-01,1.166665E+03,9.093890E+02,5.001158E-02,1.889572E+03,7.418652E-02,2.509153E+02,6.906219E+02,2.302200E-01,8.644323E+03,5.001158E-02,0.000000E+00,0.000000E+00,2.984875E-02,9.717981E+02,7.665825E-02,6.672941E+02,5.051599E+02,2.984875E-02,1.127766E+03,3.876567E-02,8.822223E+01,3.266380E+02,1.493241E-01,5.505366E+03,2.984875E-02,0.000000E+00,0.000000E+00
05:10:00,7.309966E-02,2.375700E+03,2.554981E-01,2.394876E+03,2.243557E+03,7.309966E-02,2.758278E+03,2.248382E-01,1.669984E+03,2.501964E+03,1.133986E-01,6.157476E+03,7.309966E-02,0.000000E+00,0.000000E+00,2.984875E-02,9.700685E+02,7.609868E-02,6.627758E+02,5.002915E+02,2.984875E-02,1.126286E+03,3.847379E-02,8.644332E+01,3.260123E+02,1.497004E-01,5.516289E+03,2.984875E-02,0.000000E+00,0.000000E+00,5.001158E-02,1.625350E+03,1.319263E-01,1.159859E+03,9.020254E+02,5.001158E-02,1.887092E+03,7.371384E-02,2.481175E+02,6.901297E+02,2.307915E-01,8.660917E+03,5.001158E-02,0.000000E+00,0.000000E+00,5.001158E-02,1.625350E+03,1.322434E-01,1.163399E+03,9.057968E+02,5.001158E-02,1.887092E+03,7.374084E-02,2.484190E+02,6.905215E+02,2.302247E-01,8.644460E+03,5.001158E-02,0.000000E+00,0.000000E+00,2.984875E-02,9.700685E+02,7.630446E-02,6.650734E+02,5.027337E+02,2.984875E-02,1.126286E+03,3.848556E-02,8.657479E+01,3.261928E+02,1.493268E-01,5.505443E+03,2.984875E-02,0.000000E+00,0.000000E+00
05:20:00,7.309966E-02,2.371465E+03,2.551417E-01,2.395132E+03,2.243649E+03,7.309966E-02,2.754654E+03,2.245199E-01,1.670054E+03,2.508583E+03,1.134076E-01,6.157736E+03,7.309966E-02,0.000000E+00,0.000000E+00,2.984875E-02,9.683389E+02,7.579172E-02,6.610780E+02,4.984279E+02,2.984875E-02,1.124806E+03,3.823323E-02,8.523739E+01,3.262613E+02,1.497030E-01,5.516365E+03,2.984875E-02,0.000000E+00,0.000000E+00,5.001158E-02,1.622452E+03,1.314453E-01,1.157386E+03,8.992899E+02,5.001158E-02,1.884613E+03,7.333466E-02,2.463637E+02,6.911787E+02,2.307962E-01,8.661053E+03,5.001158E-02,0.000000E+00,0.000000E+00,5.001158E-02,1.622452E+03,1.317586E-01,1.160885E+03,9.030174E+02,5.001158E-02,1.884613E+03,7.335809E-02,2.466253E+02,6.915170E+02,2.302293E-01,8.644595E+03,5.001158E-02,0.000000E+00,0.000000E+00,2.984875E-02,9.683389E+02,7.599499E-02,6.633477E+02,5.008412E+02,2.984875E-02,1.124806E+03,3.824516E-02,8.537058E+01,3.264460E+02,1.493294E-01,5.505519E+03,2.984875E-02,0.000000E+00,0.000000E+00
05:30:00,7.309966E-02,2.367229E+03,2.548014E-01,2.395569E+03,2.243939E+03,7.309966E-02,2.751030E+03,2.242156E-01,1.670280E+03,2.515399E+03,1.134164E-01,6.157994E+03,7.309966E-02,0.000000E+00,0.000000E+00,2.984875E-02,9.666092E+02,7.553174E-02,6.599049E+02,4.971244E+02,2.984875E-02,1.123327E+03,3.803240E-02,8.447499E+01,3.272163E+02,1.497056E-01,5.516441E+03,2.984875E-02,0.000000E+00,0.000000E+00,5.001158E-02,1.619554E+03,1.310360E-01,1.155714E+03,8.974107E+02,5.001158E-02,1.882134E+03,7.302216E-02,2.453542E+02,6.934035E+02,2.308008E-01,8.661187E+03,5.001158E-02,0.000000E+00,0.000000E+00,5.001158E-02,1.619554E+03,1.313460E-01,1.159175E+03,9.010995E+02,5.001158E-02,1.882134E+03,7.304219E-02,2.455778E+02,6.936908E+02,2.302340E-01,8.644730E+03,5.001158E-02,0.000000E+00,0.000000E+00,2.984875E-02,9.666092E+02,7.573281E-02,6.621498E+02,4.995122E+02,2.984875E-02,1.123327E+03,3.804590E-02,8.462571E+01,3.274291E+02,1.493320E-01,5.505594E+03,2.984875E-02,0.000000E+00,0.000000E+00
05:40:00,7.309966E-02,2.362993E+03,2.544821E-01,2.396240E+03,2.244485E+03,7.309966E-02,2.747406E+03,2.239293E-01,1.670708E+03,2.522459E+03,1.134253E-01,6.158249E+03,7.309966E-02,0.000000E+00,0.000000E+00,2.984875E-02,9.648796E+02,7.532124E-02,6.592840E+02,4.964136E+02,2.984875E-02,1.121847E+03,3.787609E-02,8.420970E+01,3.289571E+02,1.497082E-01,5.516516E+03,2.984875E-02,0.000000E+00,0.000000E+00,5.001158E-02,1.616656E+03,1.307024E-01,1.154887E+03,8.964405E+02,5.001158E-02,1.879655E+03,7.278003E-02,2.451302E+02,6.968596E+02,2.308054E-01,8.661321E+03,5.001158E-02,0.000000E+00,0.000000E+00,5.001158E-02,1.616656E+03,1.310095E-01,1.158316E+03,9.000959E+02,5.001158E-02,1.879655E+03,7.279678E-02,2.453173E+02,6.970976E+02,2.302386E-01,8.644863E+03,5.001158E-02,0.000000E+00,0.000000E+00,2.984875E-02,9.648796E+02,7.552040E-02,6.615079E+02,4.987793E+02,2.984875E-02,1.121847E+03,3.788918E-02,8.435584E+01,3.291642E+02,1.493346E-01,5.505669E+03,2.984875E-02,0.000000E+00,0.000000E+00
05:50:00,7.309966E-02,2.358757E+03,2.541881E-01,2.397193E+03,2.245338E+03,7.309966E-02,2.743783E+03,2.236648E-01,1.671377E+03,2.529809E+03,1.134340E-01,6.158503E+03,7.309966E-02,0.000000E+00,0.000000E+00,2.984875E-02,9.631499E+02,7.516240E-02,6.592401E+02,4.963260E+02,2.984875E-02,1.120367E+03,3.776597E-02,8.446003E+01,3.315078E+02,1.497107E-01,5.516590E+03,2.984875E-02,0.000000E+00,0.000000E+00,5.001158E-02,1.613758E+03,1.304481E-01,1.154945E+03,8.964299E+02,5.001158E-02,1.877175E+03,7.261164E-02,2.457295E+02,7.015898E+02,2.308100E-01,8.661453E+03,5.001158E-02,0.000000E+00,0.000000E+00,5.001158E-02,1.613758E+03,1.307528E-01,1.158348E+03,9.000575E+02,5.001158E-02,1.877175E+03,7.262518E-02,2.458807E+02,7.017790E+02,2.302431E-01,8.644995E+03,5.001158E-02,0.000000E+00,0.000000E+00,2.984875E-02,9.631499E+02,7.535999E-02,6.614463E+02,4.986735E+02,2.984875E-02,1.120367E+03,3.777892E-02,8.460454E+01,3.317135E+02,1.493371E-01,5.505743E+03,2.984875E-02,0.000000E+00,0.000000E+00
06:00:00,7.309966E-02,2.354521E+03,2.539232E-01,2.398471E+03,2.246543E+03,7.309966E-02,2.740159E+03,2.234250E-01,1.672324E+03,2.537485E+03,1.134427E-01,6.158755E+03,7.309966E-02,0.000000E+00,0.000000E+00,2.984875E-02,9.614203E+02,7.505713E-02,6.597942E+02,4.968893E+02,2.984875E-02,1.118888E+03,3.770419E-02,8.524997E+01,3.349018E+02,1.497133E-01,5.516663E+03,2.984875E-02,0.000000E+00,0.000000E+00,5.001158E-02,1.610860E+03,1.302760E-01,1.155922E+03,8.974238E+02,5.001158E-02,1.874696E+03,7.252030E-02,2.471890E+02,7.076362E+02,2.308145E-01,8.661583E+03,5.001158E-02,0.000000E+00,0.000000E+00,5.001158E-02,1.610860E+03,1.305788E-01,1.159303E+03,9.010294E+02,5.001158E-02,1.874696E+03,7.253039E-02,2.473017E+02,7.077729E+02,2.302476E-01,8.645126E+03,5.001158E-02,0.000000E+00,0.000000E+00,2.984875E-02,9.614203E+02,7.525347E-02,6.619865E+02,4.992223E+02,2.984875E-02,1.118888E+03,3.771685E-02,8.539125E+01,3.351035E+02,1.493397E-01,5.505817E+03,2.984875E-02,0.000000E+00,0.000000E+00
06:10:00,7.309966E-02,2.339695E+03,2.536908E-01,2.410703E+03,2.258931E+03,7.309966E-02,2.727476E+03,2.232131E-01,1.682641E+03,2.571981E+03,1.134513E-01,6.159005E+03,7.309966E-02,0.000000E+00,0.000000E+00,2.984875E-02,9.553665E+02,7.501710E-02,6.654010E+02,5.026511E+02,2.984875E-02,1.113709E+03,3.770174E-02,9.040149E+01,3.501092E+02,1.497158E-01,5.516736E+03,2.984875E-02,0.000000E+00,0.000000E+00,5.001158E-02,1.600717E+03,1.302040E-01,1.165261E+03,9.070216E+02,5.001158E-02,1.866019E+03,7.252298E-02,2.558960E+02,7.333475E+02,2.308189E-01,8.661713E+03,5.001158E-02,0.000000E+00,0.000000E+00,5.001158E-02,1.600717E+03,1.305055E-01,1.168627E+03,9.106120E+02,5.001158E-02,1.866019E+03,7.252978E-02,2.559720E+02,7.334341E+02,2.302521E-01,8.645255E+03,5.001158E-02,0.000000E+00,0.000000E+00,2.984875E-02,9.553665E+02,7.521257E-02,6.675835E+02,5.049742E+02,2.984875E-02,1.113709E+03,3.771423E-02,9.054094E+01,3.503089E+02,1.493422E-01,5.505889E+03,2.984875E-02,0.000000E+00,0.000000E+00
06:20:00,7.309966E-02,2.324870E+03,2.534948E-01,2.423339E+03,2.271764E+03,7.309966E-02,2.714792E+03,2.230322E-01,1.693305E+03,2.607118E+03,1.134598E-01,6.159253E+03,7.309966E-02,0.000000E+00,0.000000E+00,2.984875E-02,9.493128E+02,7.504414E-02,6.717566E+02,5.092186E+02,2.984875E-02,1.108530E+03,3.776023E-02,9.623348E+01,3.664909E+02,1.497182E-01,5.516808E+03,2.984875E-02,0.000000E+00,0.000000E+00,5.001158E-02,1.590574E+03,1.302350E-01,1.175749E+03,9.178599E+02,5.001158E-02,1.857342E+03,7.261882E-02,2.656431E+02,7.608461E+02,2.308234E-01,8.661841E+03,5.001158E-02,0.000000E+00,0.000000E+00,5.001158E-02,1.590574E+03,1.305357E-01,1.179107E+03,9.214417E+02,5.001158E-02,1.857342E+03,7.262479E-02,2.657098E+02,7.609231E+02,2.302565E-01,8.645383E+03,5.001158E-02,0.000000E+00,0.000000E+00,2.984875E-02,9.493128E+02,7.523911E-02,6.739336E+02,5.115360E+02,2.984875E-02,1.108530E+03,3.777271E-02,9.637279E+01,3.666911E+02,1.493447E-01,5.505961E+03,2.984875E-02,0.000000E+00,0.000000E+00
06:30:00,7.309966E-02,2.310044E+03,2.533387E-01,2.436422E+03,2.285086E+03,7.309966E-02,2.702109E+03,2.228856E-01,1.704351E+03,2.642936E+03,1.134683E-01,6.159499E+03,7.309966E-02,0.000000E+00,0.000000E+00,2.984875E-02,9.432591E+02,7.514009E-02,6.788816E+02,5.166081E+02,2.984875E-02,1.103351E+03,3.788139E-02,1.027650E+02,3.840905E+02,1.497207E-01,5.516879E+03,2.984875E-02,0.000000E+00,0.000000E+00,5.001158E-02,1.580431E+03,1.303718E-01,1.187420E+03,9.299635E+02,5.001158E-02,1.848664E+03,7.280975E-02,2.764518E+02,7.901960E+02,2.308277E-01,8.661969E+03,5.001158E-02,0.000000E+00,0.000000E+00,5.001158E-02,1.580431E+03,1.306723E-01,1.190776E+03,9.335431E+02,5.001158E-02,1.848664E+03,7.281572E-02,2.765186E+02,7.902756E+02,2.302609E-01,8.645511E+03,5.001158E-02,0.000000E+00,0.000000E+00,2.984875E-02,9.432591E+02,7.533494E-02,6.810572E+02,5.189241E+02,2.984875E-02,1.103351E+03,3.789403E-02,1.029062E+02,3.842940E+02,1.493471E-01,5.506033E+03,2.984875E-02,0.000000E+00,0.000000E+00
06:40:00,7.309966E-02,2.295218E+03,2.532261E-01,2.449990E+03,2.298933E+03,7.309966E-02,2.689426E+03,2.227762E-01,1.715813E+03,2.679471E+03,1.134767E-01,6.159744E+03,7.309966E-02,0.000000E+00,0.000000E+00,2.984875E-02,9.372053E+02,7.530659E-02,6.867943E+02,5.248405E+02,2.984875E-02,1.098172E+03,3.806666E-02,1.100123E+02,4.029386E+02,1.497231E-01,5.516950E+03,2.984875E-02,0.000000E+00,0.000000E+00,5.001158E-02,1.570288E+03,1.306172E-01,1.200304E+03,9.433671E+02,5.001158E-02,1.839987E+03,7.309680E-02,2.883337E+02,8.214200E+02,2.308321E-01,8.662095E+03,5.001158E-02,0.000000E+00,0.000000E+00,5.001158E-02,1.570288E+03,1.309181E-01,1.203663E+03,9.469507E+02,5.001158E-02,1.839987E+03,7.310383E-02,2.884122E+02,8.215180E+02,2.302652E-01,8.645637E+03,5.001158E-02,0.000000E+00,0.000000E+00,2.984875E-02,9.372053E+02,7.550167E-02,6.889726E+02,5.271591E+02,2.984875E-02,1.098172E+03,3.807967E-02,1.101576E+02,4.031487E+02,1.493495E-01,5.506103E+03,2.984875E-02,0.000000E+00,0.000000E+00
06:50:00,7.309966E-02,2.280393E+03,2.531598E-01,2.464076E+03,2.313338E+03,7.309966E-02,2.676743E+03,2.227066E-01,1.727719E+03,2.716756E+03,1.134851E-01,6.159986E+03,7.309966E-02,0.000000E+00,0.000000E+00,2.984875E-02,9.311516E+02,7.554511E-02,6.955111E+02,5.339385E+02,2.984875E-02,1.092993E+03,3.831727E-02,1.179891E+02,4.230592E+02,1.497256E-01,5.517020E+03,2.984875E-02,0.000000E+00,0.000000E+00,5.001158E-02,1.560145E+03,1.309736E-01,1.214426E+03,9.581083E+02,5.001158E-02,1.831310E+03,7.348090E-02,3.012989E+02,8.545286E+02,2.308364E-01,8.662220E+03,5.001158E-02,0.000000E+00,0.000000E+00,5.001158E-02,1.560145E+03,1.312754E-01,1.217795E+03,9.617021E+02,5.001158E-02,1.831310E+03,7.348994E-02,3.013999E+02,8.546602E+02,2.302695E-01,8.645762E+03,5.001158E-02,0.000000E+00,0.000000E+00,2.984875E-02,9.311516E+02,7.574080E-02,6.976961E+02,5.362641E+02,2.984875E-02,1.092993E+03,3.833087E-02,1.181409E+02,4.232795E+02,1.493520E-01,5.506173E+03,2.984875E-02,0.000000E+00,0.000000E+00
07:00:00,7.309966E-02,2.265567E+03,2.531426E-01,2.478710E+03,2.328333E+03,7.309966E-02,2.664060E+03,2.226793E-01,1.740097E+03,2.754820E+03,1.134934E-01,6.160226E+03,7.309966E-02,0.000000E+00,0.000000E+00,2.984875E-02,9.250978E+02,7.585695E-02,7.050466E+02,5.439232E+02,2.984875E-02,1.087814E+03,3.863426E-02,1.267069E+02,4.444733E+02,1.497280E-01,5.517090E+03,2.984875E-02,0.000000E+00,0.000000E+00,5.001158E-02,1.550001E+03,1.314431E-01,1.229810E+03,9.742213E+02,5.001158E-02,1.822632E+03,7.396231E-02,3.153504E+02,8.895221E+02,2.308407E-01,8.662344E+03,5.001158E-02,0.000000E+00,0.000000E+00,5.001158E-02,1.550001E+03,1.317463E-01,1.233196E+03,9.778317E+02,5.001158E-02,1.822632E+03,7.397461E-02,3.154877E+02,8.897072E+02,2.302738E-01,8.645885E+03,5.001158E-02,0.000000E+00,0.000000E+00,2.984875E-02,9.250978E+02,7.605360E-02,7.072424E+02,5.462597E+02,2.984875E-02,1.087814E+03,3.864867E-02,1.268678E+02,4.447076E+02,1.493544E-01,5.506243E+03,2.984875E-02,0.000000E+00,0.000000E+00
07:10:00,7.309966E-02,2.229562E+03,2.531805E-01,2.515137E+03,2.365573E+03,7.309966E-02,2.633258E+03,2.226993E-01,1.771123E+03,2.846981E+03,1.135016E-01,6.160465E+03,7.309966E-02,0.000000E+00,0.000000E+00,2.984875E-02,9.103959E+02,7.629142E-02,7.245996E+02,5.642122E+02,2.984875E-02,1.075237E+03,3.906274E-02,1.440679E+02,4.896845E+02,1.497303E-01,5.517159E+03,2.984875E-02,0.000000E+00,0.000000E+00,5.001158E-02,1.525368E+03,1.320999E-01,1.261777E+03,1.007394E+03,5.001158E-02,1.801559E+03,7.460738E-02,3.436252E+02,9.639075E+02,2.308449E-01,8.662466E+03,5.001158E-02,0.000000E+00,0.000000E+00,5.001158E-02,1.525368E+03,1.324055E-01,1.265189E+03,1.011032E+03,5.001158E-02,1.801559E+03,7.462436E-02,3.438147E+02,9.641696E+02,2.302780E-01,8.646008E+03,5.001158E-02,0.000000E+00,0.000000E+00,2.984875E-02,9.103959E+02,7.648969E-02,7.268134E+02,5.665674E+02,2.984875E-02,1.075237E+03,3.907856E-02,1.442445E+02,4.899428E+02,1.493567E-01,5.506312E+03,2.984875E-02,0.000000E+00,0.000000E+00
07:20:00,7.309966E-02,2.193557E+03,2.532819E-01,2.552274E+03,2.403594E+03,7.309966E-02,2.602455E+03,2.227737E-01,1.802755E+03,2.879545E+03,1.135097E-01,6.160702E+03,7.309966E-02,0.000000E+00,0.000000E+00,2.984875E-02,8.956939E+02,7.685498E-02,7.455938E+02,5.860522E+02,2.984875E-02,1.062659E+03,3.960543E-02,1.627039E+02,5.124415E+02,1.497327E-01,5.517227E+03,2.984875E-02,0.000000E+00,0.000000E+00,5.001158E-02,1.500735E+03,1.329544E-01,1.295951E+03,1.042949E+03,5.001158E-02,1.780486E+03,7.542236E-02,3.737968E+02,1.000210E+03,2.308491E-01,8.662588E+03,5.001158E-02,0.000000E+00,0.000000E+00,5.001158E-02,1.500735E+03,1.332632E-01,1.299399E+03,1.046624E+03,5.001158E-02,1.780486E+03,7.544306E-02,3.740278E+02,1.000533E+03,2.302822E-01,8.646130E+03,5.001158E-02,0.000000E+00,0.000000E+00,2.984875E-02,8.956939E+02,7.705537E-02,7.478313E+02,5.884318E+02,2.984875E-02,1.062659E+03,3.962320E-02,1.629022E+02,5.127329E+02,1.493591E-01,5.506380E+03,2.984875E-02,0.000000E+00,0.000000E+00
07:30:00,7.309966E-02,2.157552E+03,2.534564E-01,2.590227E+03,2.442503E+03,7.309966E-02,2.571653E+03,2.229095E-01,1.835073E+03,2.912870E+03,1.135178E-01,6.160937E+03,7.309966E-02,0.000000E+00,0.000000E+00,2.984875E-02,8.809920E+02,7.755188E-02,7.680769E+02,6.094769E+02,2.984875E-02,1.050082E+03,4.026528E-02,1.826477E+02,5.371894E+02,1.497350E-01,5.517294E+03,2.984875E-02,0.000000E+00,0.000000E+00,5.001158E-02,1.476102E+03,1.340135E-01,1.332409E+03,1.080939E+03,5.001158E-02,1.759412E+03,7.641076E-02,4.059043E+02,1.039294E+03,2.308532E-01,8.662709E+03,5.001158E-02,0.000000E+00,0.000000E+00,5.001158E-02,1.476102E+03,1.343263E-01,1.335901E+03,1.084659E+03,5.001158E-02,1.759412E+03,7.643588E-02,4.061847E+02,1.039688E+03,2.302863E-01,8.646250E+03,5.001158E-02,0.000000E+00,0.000000E+00,2.984875E-02,8.809920E+02,7.775490E-02,7.703437E+02,6.118865E+02,2.984875E-02,1.050082E+03,4.028556E-02,1.828741E+02,5.375228E+02,1.493614E-01,5.506447E+03,2.984875E-02,0.000000E+00,0.000000E+00
07:40:00,7.309966E-02,2.121547E+03,2.537129E-01,2.629096E+03,2.482406E+03,7.309966E-02,2.540851E+03,2.231130E-01,1.868147E+03,2.947029E+03,1.135259E-01,6.161170E+03,7.309966E-02,0.000000E+00,0.000000E+00,2.984875E-02,8.662901E+02,7.838586E-02,7.920905E+02,6.345317E+02,2.984875E-02,1.037504E+03,4.104424E-02,2.039213E+02,5.638496E+02,1.497373E-01,5.517361E+03,2.984875E-02,0.000000E+00,0.000000E+00,5.001158E-02,1.451469E+03,1.352833E-01,1.371219E+03,1.121440E+03,5.001158E-02,1.738339E+03,7.757455E-02,4.399696E+02,1.080956E+03,2.308573E-01,8.662828E+03,5.001158E-02,0.000000E+00,0.000000E+00,5.001158E-02,1.451469E+03,1.356007E-01,1.374763E+03,1.125213E+03,5.001158E-02,1.738339E+03,7.760460E-02,4.403051E+02,1.081428E+03,2.302904E-01,8.646369E+03,5.001158E-02,0.000000E+00,0.000000E+00,2.984875E-02,8.662901E+02,7.859198E-02,7.943920E+02,6.369764E+02,2.984875E-02,1.037504E+03,4.106762E-02,2.041823E+02,5.642339E+02,1.493637E-01,5.506514E+03,2.984875E-02,0.000000E+00,0.000000E+00
07:50:00,7.309966E-02,2.085542E+03,2.540596E-01,2.668972E+03,2.523392E+03,7.309966E-02,2.510049E+03,2.233901E-01,1.902042E+03,2.982089E+03,1.135338E-01,6.161401E+03,7.309966E-02,0.000000E+00,0.000000E+00,2.984875E-02,8.515881E+02,7.936011E-02,8.176703E+02,6.612603E+02,2.984875E-02,1.024927E+03,4.194360E-02,2.265389E+02,5.923855E+02,1.497396E-01,5.517428E+03,2.984875E-02,0.000000E+00,0.000000E+00,5.001158E-02,1.426836E+03,1.367689E-01,1.412439E+03,1.164524E+03,5.001158E-02,1.717265E+03,7.891315E-02,4.759863E+02,1.125099E+03,2.308614E-01,8.662946E+03,5.001158E-02,0.000000E+00,0.000000E+00,5.001158E-02,1.426836E+03,1.370916E-01,1.416042E+03,1.168357E+03,5.001158E-02,1.717265E+03,7.894876E-02,4.763838E+02,1.125657E+03,2.302945E-01,8.646488E+03,5.001158E-02,0.000000E+00,0.000000E+00,2.984875E-02,8.515881E+02,7.956978E-02,8.200115E+02,6.637450E+02,2.984875E-02,1.024927E+03,4.197066E-02,2.268410E+02,5.928295E+02,1.493660E-01,5.506580E+03,2.984875E-02,0.000000E+00,0.000000E+00
08:00:00,7.309966E-02,2.049537E+03,2.545036E-01,2.709933E+03,2.565549E+03,7.309966E-02,2.479247E+03,2.237457E-01,1.936814E+03,3.018110E+03,1.135417E-01,6.161631E+03,7.309966E-02,0.000000E+00,0.000000E+00,2.984875E-02,8.368862E+02,8.047726E-02,8.448456E+02,6.897018E+02,2.984875E-02,1.012350E+03,4.296396E-02,2.505072E+02,6.227796E+02,1.497419E-01,5.517493E+03,2.984875E-02,0.000000E+00,0.000000E+00,5.001158E-02,1.402203E+03,1.384745E-01,1.456116E+03,1.210256E+03,5.001158E-02,1.696192E+03,8.042127E-02,5.138953E+02,1.171628E+03,2.308655E-01,8.663064E+03,5.001158E-02,0.000000E+00,0.000000E+00,5.001158E-02,1.402203E+03,1.388031E-01,1.459785E+03,1.214155E+03,5.001158E-02,1.696192E+03,8.046275E-02,5.143584E+02,1.172276E+03,2.302986E-01,8.646605E+03,5.001158E-02,0.000000E+00,0.000000E+00,2.984875E-02,8.368862E+02,8.069088E-02,8.472308E+02,6.922309E+02,2.984875E-02,1.012350E+03,4.299530E-02,2.508571E+02,6.232920E+02,1.493682E-01,5.506646E+03,2.984875E-02,0.000000E+00,0.000000E+00
08:10:00,7.309966E-02,2.009296E+03,2.550463E-01,2.756234E+03,2.613208E+03,7.309966E-02,2.444821E+03,2.241805E-01,1.976094E+03,3.058809E+03,1.135496E-01,6.161858E+03,7.309966E-02,0.000000E+00,0.000000E+00,2.984875E-02,8.204546E+02,8.165899E-02,8.744716E+02,7.206474E+02,2.984875E-02,9.982926E+02,4.403080E-02,2.764741E+02,6.552389E+02,1.497441E-01,5.517558E+03,2.984875E-02,0.000000E+00,0.000000E+00,5.001158E-02,1.374672E+03,1.402825E-01,1.503834E+03,1.260119E+03,5.001158E-02,1.672639E+03,8.197690E-02,5.548137E+02,1.221061E+03,2.308695E-01,8.663180E+03,5.001158E-02,0.000000E+00,0.000000E+00,5.001158E-02,1.374672E+03,1.406168E-01,1.507566E+03,1.264082E+03,5.001158E-02,1.672639E+03,8.202489E-02,5.553494E+02,1.221808E+03,2.303026E-01,8.646721E+03,5.001158E-02,0.000000E+00,0.000000E+00,2.984875E-02,8.204546E+02,8.187638E-02,8.768990E+02,7.232186E+02,2.984875E-02,9.982926E+02,4.406663E-02,2.768741E+02,6.558216E+02,1.493705E-01,5.506711E+03,2.984875E-02,0.000000E+00,0.000000E+00
08:20:00,7.309966E-02,1.969055E+03,2.556836E-01,2.803590E+03,2.661999E+03,7.309966E-02,2.410396E+03,2.246908E-01,2.016217E+03,3.100426E+03,1.135574E-01,6.162084E+03,7.309966E-02,0.000000E+00,0.000000E+00,2.984875E-02,8.040230E+02,8.290007E-02,9.047603E+02,7.522690E+02,2.984875E-02,9.842356E+02,4.514018E-02,3.029157E+02,6.881500E+02,1.497463E-01,5.517623E+03,2.984875E-02,0.000000E+00,0.000000E+00,5.001158E-02,1.347141E+03,1.421845E-01,1.552601E+03,1.311054E+03,5.001158E-02,1.649087E+03,8.359022E-02,5.963760E+02,1.271032E+03,2.308734E-01,8.663295E+03,5.001158E-02,0.000000E+00,0.000000E+00,5.001158E-02,1.347141E+03,1.425240E-01,1.556392E+03,1.315075E+03,5.001158E-02,1.649087E+03,8.364522E-02,5.969899E+02,1.271883E+03,2.303065E-01,8.646836E+03,5.001158E-02,0.000000E+00,0.000000E+00,2.984875E-02,8.040230E+02,8.312106E-02,9.072278E+02,7.548800E+02,2.984875E-02,9.842356E+02,4.518063E-02,3.033673E+02,6.888034E+02,1.493727E-01,5.506776E+03,2.984875E-02,0.000000E+00,0.000000E+00
08:30:00,7.309966E-02,1.928814E+03,2.564087E-01,2.851926E+03,2.711833E+03,7.309966E-02,2.375970E+03,2.252715E-01,2.057126E+03,3.142891E+03,1.135651E-01,6.162309E+03,7.309966E-02,0.000000E+00,0.000000E+00,2.984875E-02,7.875914E+02,8.419571E-02,9.356582E+02,7.845068E+02,2.984875E-02,9.701785E+02,4.628462E-02,3.297486E+02,7.213635E+02,1.497485E-01,5.517687E+03,2.984875E-02,0.000000E+00,0.000000E+00,5.001158E-02,1.319609E+03,1.441724E-01,1.602328E+03,1.362960E+03,5.001158E-02,1.625534E+03,8.526021E-02,6.385708E+02,1.321509E+03,2.308774E-01,8.663409E+03,5.001158E-02,0.000000E+00,0.000000E+00,5.001158E-02,1.319609E+03,1.445168E-01,1.606174E+03,1.367034E+03,5.001158E-02,1.625534E+03,8.532254E-02,6.392667E+02,1.322468E+03,2.303105E-01,8.646950E+03,5.001158E-02,0.000000E+00,0.000000E+00,2.984875E-02,7.875914E+02,8.441999E-02,9.381625E+02,7.871536E+02,2.984875E-02,9.701785E+02,4.632968E-02,3.302517E+02,7.220853E+02,1.493749E-01,5.506840E+03,2.984875E-02,0.000000E+00,0.000000E+00
08:40:00,7.309966E-02,1.888573E+03,2.572143E-01,2.901161E+03,2.762619E+03,7.309966E-02,2.341544E+03,2.259173E-01,2.098762E+03,3.186136E+03,1.135728E-01,6.162531E+03,7.309966E-02,0.000000E+00,0.000000E+00,2.984875E-02,7.711598E+02,8.554056E-02,9.671055E+02,8.172988E+02,2.984875E-02,9.561214E+02,4.744778E-02,3.567905E+02,7.545909E+02,1.497507E-01,5.517750E+03,2.984875E-02,0.000000E+00,0.000000E+00,5.001158E-02,1.292078E+03,1.462376E-01,1.652917E+03,1.415736E+03,5.001158E-02,1.601981E+03,8.698531E-02,6.813811E+02,1.372460E+03,2.308813E-01,8.663522E+03,5.001158E-02,0.000000E+00,0.000000E+00,5.001158E-02,1.292078E+03,1.465860E-01,1.656808E+03,1.419853E+03,5.001158E-02,1.601981E+03,8.705569E-02,6.821667E+02,1.373535E+03,2.303144E-01,8.647063E+03,5.001158E-02,0.000000E+00,0.000000E+00,2.984875E-02,7.711598E+02,8.576763E-02,9.696410E+02,8.199753E+02,2.984875E-02,9.561214E+02,4.749712E-02,3.573413E+02,7.553735E+02,1.493771E-01,5.506903E+03,2.984875E-02,0.000000E+00,0.000000E+00
08:50:00,7.309966E-02,1.848332E+03,2.580937E-01,2.951220E+03,2.814272E+03,7.309966E-02,2.307118E+03,2.266236E-01,2.141074E+03,3.230099E+03,1.135804E-01,6.162752E+03,7.309966E-02,0.000000E+00,0.000000E+00,2.984875E-02,7.547282E+02,8.692811E-02,9.990296E+02,8.505693E+02,2.984875E-02,9.420643E+02,4.863544E-02,3.841057E+02,7.879413E+02,1.497529E-01,5.517813E+03,2.984875E-02,0.000000E+00,0.000000E+00,5.001158E-02,1.264547E+03,1.483690E-01,1.704246E+03,1.469254E+03,5.001158E-02,1.578429E+03,8.876844E-02,7.248392E+02,1.423929E+03,2.308851E-01,8.663634E+03,5.001158E-02,0.000000E+00,0.000000E+00,5.001158E-02,1.264547E+03,1.487197E-01,1.708162E+03,1.473392E+03,5.001158E-02,1.578429E+03,8.884748E-02,7.257215E+02,1.425128E+03,2.303182E-01,8.647176E+03,5.001158E-02,0.000000E+00,0.000000E+00,2.984875E-02,7.547282E+02,8.715698E-02,1.001585E+03,8.532635E+02,2.984875E-02,9.420643E+02,4.869003E-02,3.847151E+02,7.888002E+02,1.493792E-01,5.506966E+03,2.984875E-02,0.000000E+00,0.000000E+00
09:00:00,7.309966E-02,1.808091E+03,2.590415E-01,3.002043E+03,2.866721E+03,7.309966E-02,2.272692E+03,2.273864E-01,2.184016E+03,3.274730E+03,1.135879E-01,6.162971E+03,7.309966E-02,0.000000E+00,0.000000E+00,2.984875E-02,7.382966E+02,8.834612E-02,1.031294E+03,8.841732E+02,2.984875E-02,9.280072E+02,4.985039E-02,4.117256E+02,8.214640E+02,1.497550E-01,5.517875E+03,2.984875E-02,0.000000E+00,0.000000E+00,5.001158E-02,1.237016E+03,1.505484E-01,1.756111E+03,1.523298E+03,5.001158E-02,1.554876E+03,9.061684E-02,7.690262E+02,1.476042E+03,2.308889E-01,8.663746E+03,5.001158E-02,0.000000E+00,0.000000E+00,5.001158E-02,1.237016E+03,1.509014E-01,1.760052E+03,1.527458E+03,5.001158E-02,1.554876E+03,9.070541E-02,7.700149E+02,1.477374E+03,2.303220E-01,8.647287E+03,5.001158E-02,0.000000E+00,0.000000E+00,2.984875E-02,7.382966E+02,8.857589E-02,1.033859E+03,8.868744E+02,2.984875E-02,9.280072E+02,4.991056E-02,4.123973E+02,8.224020E+02,1.493814E-01,5.507028E+03,2.984875E-02,0.000000E+00,0.000000E+00
09:10:00,7.309966E-02,1.772085E+03,2.600514E-01,3.049323E+03,2.915574E+03,7.309966E-02,2.241890E+03,2.282011E-01,2.223913E+03,3.316259E+03,1.135954E-01,6.163189E+03,7.309966E-02,0.000000E+00,0.000000E+00,2.984875E-02,7.235947E+02,8.976409E-02,1.061828E+03,9.159816E+02,2.984875E-02,9.154298E+02,5.105921E-02,4.377973E+02,8.530695E+02,1.497571E-01,5.517937E+03,2.984875E-02,0.000000E+00,0.000000E+00,5.001158E-02,1.212383E+03,1.527339E-01,1.805146E+03,1.574410E+03,5.001158E-02,1.533803E+03,9.249075E-02,8.110188E+02,1.525603E+03,2.308927E-01,8.663856E+03,5.001158E-02,0.000000E+00,0.000000E+00,5.001158E-02,1.212383E+03,1.530913E-01,1.809137E+03,1.578620E+03,5.001158E-02,1.533803E+03,9.258848E-02,8.121098E+02,1.527061E+03,2.303258E-01,8.647397E+03,5.001158E-02,0.000000E+00,0.000000E+00,2.984875E-02,7.235947E+02,8.999657E-02,1.064424E+03,9.187130E+02,2.984875E-02,9.154298E+02,5.112499E-02,4.385317E+02,8.540849E+02,1.493835E-01,5.507089E+03,2.984875E-02,0.000000E+00,0.000000E+00
09:20:00,7.309966E-02,1.736080E+03,2.611149E-01,3.097201E+03,2.965044E+03,7.309966E-02,2.211088E+03,2.290610E-01,2.264315E+03,3.358314E+03,1.136028E-01,6.163404E+03,7.309966E-02,0.000000E+00,0.000000E+00,2.984875E-02,7.088927E+02,9.118600E-02,1.092406E+03,9.478141E+02,2.984875E-02,9.028525E+02,5.226332E-02,4.638166E+02,8.843253E+02,1.497592E-01,5.517998E+03,2.984875E-02,0.000000E+00,0.000000E+00,5.001158E-02,1.187750E+03,1.549294E-01,1.854293E+03,1.625603E+03,5.001158E-02,1.512729E+03,9.437557E-02,8.531335E+02,1.574962E+03,2.308965E-01,8.663965E+03,5.001158E-02,0.000000E+00,0.000000E+00,5.001158E-02,1.187750E+03,1.552926E-01,1.858348E+03,1.629878E+03,5.001158E-02,1.512729E+03,9.448213E-02,8.543231E+02,1.576538E+03,2.303296E-01,8.647506E+03,5.001158E-02,0.000000E+00,0.000000E+00,2.984875E-02,7.088927E+02,9.142218E-02,1.095043E+03,9.505870E+02,2.984875E-02,9.028525E+02,5.233474E-02,4.646140E+02,8.854165E+02,1.493856E-01,5.507150E+03,2.984875E-02,0.000000E+00,0.000000E+00
09:30:00,7.309966E-02,1.700075E+03,2.622227E-01,3.145575E+03,3.015017E+03,7.309966E-02,2.180286E+03,2.299590E-01,2.305143E+03,3.400804E+03,1.136102E-01,6.163618E+03,7.309966E-02,0.000000E+00,0.000000E+00,2.984875E-02,6.941908E+02,9.261338E-02,1.123045E+03,9.796893E+02,2.984875E-02,8.902751E+02,5.346513E-02,4.898102E+02,9.152920E+02,1.497613E-01,5.518058E+03,2.984875E-02,0.000000E+00,0.000000E+00,5.001158E-02,1.163117E+03,1.571364E-01,1.903567E+03,1.676895E+03,5.001158E-02,1.491656E+03,9.626500E-02,8.952998E+02,1.624053E+03,2.309002E-01,8.664073E+03,5.001158E-02,0.000000E+00,0.000000E+00,5.001158E-02,1.163117E+03,1.575067E-01,1.907702E+03,1.681251E+03,5.001158E-02,1.491656E+03,9.638015E-02,8.965852E+02,1.625741E+03,2.303333E-01,8.647614E+03,5.001158E-02,0.000000E+00,0.000000E+00,2.984875E-02,6.941908E+02,9.285415E-02,1.125734E+03,9.825138E+02,2.984875E-02,8.902751E+02,5.354232E-02,4.906720E+02,9.164595E+02,1.493877E-01,5.507211E+03,2.984875E-02,0.000000E+00,0.000000E+00
09:40:00,7.309966E-02,1.664070E+03,2.633664E-01,3.194349E+03,3.065392E+03,7.309966E-02,2.149484E+03,2.308883E-01,2.346321E+03,3.443647E+03,1.136175E-01,6.163831E+03,7.309966E-02,0.000000E+00,0.000000E+00,2.984875E-02,6.794889E+02,9.404796E-02,1.153765E+03,1.011626E+03,2.984875E-02,8.776977E+02,5.467695E-02,5.159158E+02,9.461903E+02,1.497634E-01,5.518118E+03,2.984875E-02,0.000000E+00,0.000000E+00,5.001158E-02,1.138484E+03,1.593569E-01,1.952994E+03,1.728309E+03,5.001158E-02,1.470583E+03,9.815543E-02,9.374773E+02,1.672844E+03,2.309039E-01,8.664180E+03,5.001158E-02,0.000000E+00,0.000000E+00,5.001158E-02,1.138484E+03,1.597360E-01,1.957226E+03,1.732763E+03,5.001158E-02,1.470583E+03,9.827853E-02,9.388514E+02,1.674631E+03,2.303370E-01,8.647721E+03,5.001158E-02,0.000000E+00,0.000000E+00,2.984875E-02,6.794889E+02,9.429434E-02,1.156516E+03,1.014513E+03,2.984875E-02,8.776977E+02,5.476030E-02,5.168463E+02,9.474392E+02,1.493898E-01,5.507271E+03,2.984875E-02,0.000000E+00,0.000000E+00
09:50:00,7.309966E-02,1.628065E+03,2.645384E-01,3.243439E+03,3.116081E+03,7.309966E-02,2.118682E+03,2.318431E-01,2.387783E+03,3.486772E+03,1.136248E-01,6.164041E+03,7.309966E-02,0.000000E+00,0.000000E+00,2.984875E-02,6.647869E+02,9.549305E-02,1.184602E+03,1.043663E+03,2.984875E-02,8.651203E+02,5.588992E-02,5.420344E+02,9.768834E+02,1.497654E-01,5.518177E+03,2.984875E-02,0.000000E+00,0.000000E+00,5.001158E-02,1.113851E+03,1.615964E-01,2.002631E+03,1.779910E+03,5.001158E-02,1.449509E+03,1.000415E-01,9.796059E+02,1.721269E+03,2.309076E-01,8.664286E+03,5.001158E-02,0.000000E+00,0.000000E+00,5.001158E-02,1.113851E+03,1.619866E-01,2.006988E+03,1.784492E+03,5.001158E-02,1.449509E+03,1.001719E-01,9.810621E+02,1.723146E+03,2.303407E-01,8.647827E+03,5.001158E-02,0.000000E+00,0.000000E+00,2.984875E-02,6.647869E+02,9.574651E-02,1.187432E+03,1.046632E+03,2.984875E-02,8.651203E+02,5.597844E-02,5.430227E+02,9.781964E+02,1.493918E-01,5.507330E+03,2.984875E-02,0.000000E+00,0.000000E+00
10:00:00,7.309966E-02,1.592060E+03,2.657322E-01,3.292773E+03,3.167007E+03,7.309966E-02,2.087880E+03,2.328181E-01,2.429470E+03,3.530117E+03,1.136320E-01,6.164251E+03,7.309966E-02,0.000000E+00,0.000000E+00,2.984875E-02,6.500850E+02,9.695842E-02,1.215666E+03,1.075921E+03,2.984875E-02,8.525429E+02,5.709914E-02,5.681112E+02,1.007301E+03,1.497674E-01,5.518236E+03,2.984875E-02,0.000000E+00,0.000000E+00,5.001158E-02,1.089217E+03,1.638686E-01,2.052634E+03,1.831868E+03,5.001158E-02,1.428436E+03,1.019187E-01,1.021636E+03,1.769273E+03,2.309112E-01,8.664391E+03,5.001158E-02,0.000000E+00,0.000000E+00,5.001158E-02,1.089217E+03,1.642707E-01,2.057125E+03,1.836588E+03,5.001158E-02,1.428436E+03,1.020559E-01,1.023168E+03,1.771230E+03,2.303443E-01,8.647932E+03,5.001158E-02,0.000000E+00,0.000000E+00,2.984875E-02,6.500850E+02,9.722039E-02,1.218591E+03,1.078988E+03,2.984875E-02,8.525429E+02,5.719248E-02,5.691532E+02,1.008672E+03,1.493938E-01,5.507389E+03,2.984875E-02,0.000000E+00,0.000000E+00
10:10:00,7.309966E-02,1.560291E+03,2.669425E-01,3.338055E+03,3.213790E+03,7.309966E-02,2.060702E+03,2.338091E-01,2.467713E+03,3.569921E+03,1.136391E-01,6.164458E+03,7.309966E-02,0.000000E+00,0.000000E+00,2.984875E-02,6.371127E+02,9.843426E-02,1.245116E+03,1.106519E+03,2.984875E-02,8.414452E+02,5.830571E-02,5.926788E+02,1.035959E+03,1.497694E-01,5.518295E+03,2.984875E-02,0.000000E+00,0.000000E+00,5.001158E-02,1.067482E+03,1.661542E-01,2.099889E+03,1.880995E+03,5.001158E-02,1.409842E+03,1.037883E-01,1.061102E+03,1.814359E+03,2.309148E-01,8.664496E+03,5.001158E-02,0.000000E+00,0.000000E+00,5.001158E-02,1.067482E+03,1.665667E-01,2.104495E+03,1.885833E+03,5.001158E-02,1.409842E+03,1.039316E-01,1.062702E+03,1.816385E+03,2.303479E-01,8.648036E+03,5.001158E-02,0.000000E+00,0.000000E+00,2.984875E-02,6.371127E+02,9.870332E-02,1.248121E+03,1.109666E+03,2.984875E-02,8.414452E+02,5.840350E-02,5.937703E+02,1.037380E+03,1.493958E-01,5.507447E+03,2.984875E-02,0.000000E+00,0.000000E+00
10:20:00,7.309966E-02,1.528521E+03,2.681646E-01,3.383469E+03,3.260691E+03,7.309966E-02,2.033523E+03,2.348123E-01,2.506092E+03,3.609848E+03,1.136462E-01,6.164664E+03,7.309966E-02,0.000000E+00,0.000000E+00,2.984875E-02,6.241404E+02,9.991317E-02,1.274602E+03,1.137134E+03,2.984875E-02,8.303475E+02,5.950138E-02,6.171245E+02,1.064269E+03,1.497714E-01,5.518352E+03,2.984875E-02,0.000000E+00,0.000000E+00,5.001158E-02,1.045747E+03,1.684436E-01,2.147186E+03,1.930137E+03,5.001158E-02,1.391247E+03,1.056385E-01,1.100351E+03,1.858924E+03,2.309183E-01,8.664599E+03,5.001158E-02,0.000000E+00,0.000000E+00,5.001158E-02,1.045747E+03,1.688658E-01,2.151901E+03,1.935085E+03,5.001158E-02,1.391247E+03,1.057874E-01,1.102013E+03,1.861011E+03,2.303514E-01,8.648140E+03,5.001158E-02,0.000000E+00,0.000000E+00,2.984875E-02,6.241404E+02,1.001888E-01,1.277679E+03,1.140356E+03,2.984875E-02,8.303475E+02,5.960343E-02,6.182638E+02,1.065739E+03,1.493978E-01,5.507505E+03,2.984875E-02,0.000000E+00,0.000000E+00
10:30:00,7.309966E-02,1.496752E+03,2.693948E-01,3.428972E+03,3.307666E+03,7.309966E-02,2.006345E+03,2.358248E-01,2.544574E+03,3.649863E+03,1.136533E-01,6.164868E+03,7.309966E-02,0.000000E+00,0.000000E+00,2.984875E-02,6.111680E+02,1.013908E-01,1.304073E+03,1.167722E+03,2.984875E-02,8.192498E+02,6.068925E-02,6.414834E+02,1.092317E+03,1.497734E-01,5.518409E+03,2.984875E-02,0.000000E+00,0.000000E+00,5.001158E-02,1.024012E+03,1.707306E-01,2.194457E+03,1.979229E+03,5.001158E-02,1.372653E+03,1.074735E-01,1.139431E+03,1.903087E+03,2.309219E-01,8.664701E+03,5.001158E-02,0.000000E+00,0.000000E+00,5.001158E-02,1.024012E+03,1.711621E-01,2.199275E+03,1.984282E+03,5.001158E-02,1.372653E+03,1.076265E-01,1.141138E+03,1.905213E+03,2.303549E-01,8.648242E+03,5.001158E-02,0.000000E+00,0.000000E+00,2.984875E-02,6.111680E+02,1.016727E-01,1.307220E+03,1.171014E+03,2.984875E-02,8.192498E+02,6.079519E-02,6.426660E+02,1.093828E+03,1.493998E-01,5.507562E+03,2.984875E-02,0.000000E+00,0.000000E+00
10:40:00,7.309966E-02,1.464983E+03,2.706298E-01,3.474530E+03,3.354683E+03,7.309966E-02,1.979167E+03,2.368438E-01,2.583130E+03,3.689938E+03,1.136602E-01,6.165071E+03,7.309966E-02,0.000000E+00,0.000000E+00,2.984875E-02,5.981957E+02,1.028642E-01,1.333496E+03,1.198245E+03,2.984875E-02,8.081521E+02,6.186229E-02,6.656766E+02,1.120002E+03,1.497754E-01,5.518466E+03,2.984875E-02,0.000000E+00,0.000000E+00,5.001158E-02,1.002277E+03,1.730107E-01,2.241650E+03,2.028217E+03,5.001158E-02,1.354059E+03,1.092823E-01,1.178218E+03,1.946694E+03,2.309254E-01,8.664803E+03,5.001158E-02,0.000000E+00,0.000000E+00,5.001158E-02,1.002277E+03,1.734512E-01,2.246568E+03,2.033371E+03,5.001158E-02,1.354059E+03,1.094404E-01,1.179983E+03,1.948877E+03,2.303584E-01,8.648343E+03,5.001158E-02,0.000000E+00,0.000000E+00,2.984875E-02,5.981957E+02,1.031522E-01,1.336711E+03,1.201606E+03,2.984875E-02,8.081521E+02,6.197192E-02,6.669004E+02,1.121553E+03,1.494017E-01,5.507619E+03,2.984875E-02,0.000000E+00,0.000000E+00
10:50:00,7.309966E-02,1.433214E+03,2.718671E-01,3.520113E+03,3.401712E+03,7.309966E-02,1.951989E+03,2.378672E-01,2.621734E+03,3.730048E+03,1.136672E-01,6.165272E+03,7.309966E-02,0.000000E+00,0.000000E+00,2.984875E-02,5.852234E+02,1.043309E-01,1.362845E+03,1.228674E+03,2.984875E-02,7.970544E+02,6.302388E-02,6.897421E+02,1.147395E+03,1.497773E-01,5.518522E+03,2.984875E-02,0.000000E+00,0.000000E+00,5.001158E-02,9.805419E+02,1.752804E-01,2.288727E+03,2.077058E+03,5.001158E-02,1.335465E+03,1.110722E-01,1.216794E+03,1.989879E+03,2.309288E-01,8.664903E+03,5.001158E-02,0.000000E+00,0.000000E+00,5.001158E-02,9.805419E+02,1.757296E-01,2.293743E+03,2.082311E+03,5.001158E-02,1.335465E+03,1.112318E-01,1.218576E+03,1.992063E+03,2.303619E-01,8.648444E+03,5.001158E-02,0.000000E+00,0.000000E+00,2.984875E-02,5.852234E+02,1.046248E-01,1.366126E+03,1.232102E+03,2.984875E-02,7.970544E+02,6.313410E-02,6.909725E+02,1.148936E+03,1.494037E-01,5.507675E+03,2.984875E-02,0.000000E+00,0.000000E+00
11:00:00,7.309966E-02,1.401445E+03,2.731045E-01,3.565698E+03,3.448731E+03,7.309966E-02,1.924810E+03,2.388932E-01,2.660368E+03,3.770174E+03,1.136740E-01,6.165472E+03,7.309966E-02,0.000000E+00,0.000000E+00,2.984875E-02,5.722511E+02,1.057892E-01,1.392100E+03,1.258987E+03,2.984875E-02,7.859567E+02,6.416751E-02,7.136071E+02,1.174398E+03,1.497792E-01,5.518578E+03,2.984875E-02,0.000000E+00,0.000000E+00,5.001158E-02,9.588068E+02,1.775370E-01,2.335658E+03,2.125717E+03,5.001158E-02,1.316871E+03,1.128346E-01,1.255063E+03,2.032516E+03,2.309323E-01,8.665003E+03,5.001158E-02,0.000000E+00,0.000000E+00,5.001158E-02,9.588068E+02,1.779949E-01,2.340771E+03,2.131067E+03,5.001158E-02,1.316871E+03,1.129989E-01,1.256898E+03,2.034754E+03,2.303653E-01,8.648544E+03,5.001158E-02,0.000000E+00,0.000000E+00,2.984875E-02,5.722511E+02,1.060888E-01,1.395445E+03,1.262479E+03,2.984875E-02,7.859567E+02,6.428033E-02,7.148665E+02,1.175966E+03,1.494056E-01,5.507730E+03,2.984875E-02,0.000000E+00,0.000000E+00
11:10:00,7.309966E-02,1.380265E+03,2.743389E-01,3.600659E+03,3.484908E+03,7.309966E-02,1.906691E+03,2.399191E-01,2.689940E+03,3.801010E+03,1.136809E-01,6.165670E+03,7.309966E-02,0.000000E+00,0.000000E+00,2.984875E-02,5.636029E+02,1.072096E-01,1.416608E+03,1.284420E+03,2.984875E-02,7.785583E+02,6.527008E-02,7.333145E+02,1.196867E+03,1.497811E-01,5.518633E+03,2.984875E-02,0.000000E+00,0.000000E+00,5.001158E-02,9.443167E+02,1.797363E-01,2.374704E+03,2.166268E+03,5.001158E-02,1.304474E+03,1.145356E-01,1.286449E+03,2.067738E+03,2.309357E-01,8.665102E+03,5.001158E-02,0.000000E+00,0.000000E+00,5.001158E-02,9.443167E+02,1.802023E-01,2.379908E+03,2.171710E+03,5.001158E-02,1.304474E+03,1.147051E-01,1.288341E+03,2.070035E+03,2.303687E-01,8.648642E+03,5.001158E-02,0.000000E+00,0.000000E+00,2.984875E-02,5.636029E+02,1.075147E-01,1.420014E+03,1.287974E+03,2.984875E-02,7.785583E+02,6.538542E-02,7.346021E+02,1.198460E+03,1.494075E-01,5.507786E+03,2.984875E-02,0.000000E+00,0.000000E+00
11:20:00,7.309966E-02,1.359086E+03,2.755648E-01,3.635526E+03,3.520966E+03,7.309966E-02,1.888573E+03,2.409403E-01,2.719460E+03,3.831770E+03,1.136876E-01,6.165866E+03,7.309966E-02,0.000000E+00,0.000000E+00,2.984875E-02,5.549547E+02,1.085867E-01,1.440632E+03,1.309331E+03,2.984875E-02,7.711598E+02,6.633333E-02,7.525830E+02,1.218690E+03,1.497830E-01,5.518688E+03,2.984875E-02,0.000000E+00,0.000000E+00,5.001158E-02,9.298267E+02,1.818697E-01,2.413015E+03,2.206022E+03,5.001158E-02,1.292078E+03,1.161786E-01,1.317188E+03,2.102047E+03,2.309390E-01,8.665200E+03,5.001158E-02,0.000000E+00,0.000000E+00,5.001158E-02,9.298267E+02,1.823437E-01,2.418307E+03,2.211552E+03,5.001158E-02,1.292078E+03,1.163531E-01,1.319136E+03,2.104400E+03,2.303721E-01,8.648740E+03,5.001158E-02,0.000000E+00,0.000000E+00,2.984875E-02,5.549547E+02,1.088971E-01,1.444097E+03,1.312944E+03,2.984875E-02,7.711598E+02,6.645072E-02,7.538934E+02,1.220301E+03,1.494094E-01,5.507840E+03,2.984875E-02,0.000000E+00,0.000000E+00
11:30:00,7.309966E-02,1.337906E+03,2.767759E-01,3.670227E+03,3.556831E+03,7.309966E-02,1.870454E+03,2.419517E-01,2.748871E+03,3.862393E+03,1.136944E-01,6.166061E+03,7.309966E-02,0.000000E+00,0.000000E+00,2.984875E-02,5.463065E+02,1.099164E-01,1.464126E+03,1.333680E+03,2.984875E-02,7.637613E+02,6.734895E-02,7.713197E+02,1.239783E+03,1.497849E-01,5.518742E+03,2.984875E-02,0.000000E+00,0.000000E+00,5.001158E-02,9.153366E+02,1.839306E-01,2.450517E+03,2.244916E+03,5.001158E-02,1.279682E+03,1.177522E-01,1.347152E+03,2.135331E+03,2.309424E-01,8.665297E+03,5.001158E-02,0.000000E+00,0.000000E+00,5.001158E-02,9.153366E+02,1.844122E-01,2.455893E+03,2.250532E+03,5.001158E-02,1.279682E+03,1.179324E-01,1.349164E+03,2.137749E+03,2.303754E-01,8.648837E+03,5.001158E-02,0.000000E+00,0.000000E+00,2.984875E-02,5.463065E+02,1.102318E-01,1.467648E+03,1.337350E+03,2.984875E-02,7.637613E+02,6.746801E-02,7.726488E+02,1.241406E+03,1.494112E-01,5.507894E+03,2.984875E-02,0.000000E+00,0.000000E+00
11:40:00,7.309966E-02,1.316727E+03,2.779662E-01,3.704697E+03,3.592436E+03,7.309966E-02,1.852335E+03,2.429483E-01,2.778117E+03,3.892822E+03,1.137010E-01,6.166255E+03,7.309966E-02,0.000000E+00,0.000000E+00,2.984875E-02,5.376583E+02,1.111950E-01,1.487051E+03,1.357427E+03,2.984875E-02,7.563629E+02,6.831918E-02,7.895499E+02,1.260198E+03,1.497867E-01,5.518796E+03,2.984875E-02,0.000000E+00,0.000000E+00,5.001158E-02,9.008465E+02,1.859136E-01,2.487147E+03,2.282887E+03,5.001158E-02,1.267286E+03,1.192607E-01,1.376389E+03,2.167674E+03,2.309457E-01,8.665393E+03,5.001158E-02,0.000000E+00,0.000000E+00,5.001158E-02,9.008465E+02,1.864024E-01,2.492605E+03,2.288584E+03,5.001158E-02,1.267286E+03,1.194442E-01,1.378438E+03,2.170123E+03,2.303788E-01,8.648933E+03,5.001158E-02,0.000000E+00,0.000000E+00,2.984875E-02,5.376583E+02,1.115153E-01,1.490628E+03,1.361152E+03,2.984875E-02,7.563629E+02,6.843915E-02,7.908891E+02,1.261822E+03,1.494131E-01,5.507948E+03,2.984875E-02,0.000000E+00,0.000000E+00
11:50:00,7.309966E-02,1.295547E+03,2.791306E-01,3.738877E+03,3.627726E+03,7.309966E-02,1.834216E+03,2.439257E-01,2.807149E+03,3.923008E+03,1.137076E-01,6.166447E+03,7.309966E-02,0.000000E+00,0.000000E+00,2.984875E-02,5.290101E+02,1.124196E-01,1.509373E+03,1.380531E+03,2.984875E-02,7.489644E+02,6.923564E-02,8.071797E+02,1.279809E+03,1.497885E-01,5.518849E+03,2.984875E-02,0.000000E+00,0.000000E+00,5.001158E-02,8.863565E+02,1.878137E-01,2.522853E+03,2.319869E+03,5.001158E-02,1.254890E+03,1.206877E-01,1.404717E+03,2.198832E+03,2.309490E-01,8.665488E+03,5.001158E-02,0.000000E+00,0.000000E+00,5.001158E-02,8.863565E+02,1.883095E-01,2.528389E+03,2.325645E+03,5.001158E-02,1.254890E+03,1.208755E-01,1.406814E+03,2.201329E+03,2.303820E-01,8.649028E+03,5.001158E-02,0.000000E+00,0.000000E+00,2.984875E-02,5.290101E+02,1.127446E-01,1.513001E+03,1.384308E+03,2.984875E-02,7.489644E+02,6.935816E-02,8.085474E+02,1.281461E+03,1.494149E-01,5.508001E+03,2.984875E-02,0.000000E+00,0.000000E+00
12:00:00,7.309966E-02,1.274368E+03,2.802645E-01,3.772716E+03,3.662647E+03,7.309966E-02,1.816097E+03,2.448802E-01,2.835924E+03,3.952906E+03,1.137142E-01,6.166637E+03,7.309966E-02,0.000000E+00,0.000000E+00,2.984875E-02,5.203619E+02,1.135876E-01,1.531063E+03,1.402957E+03,2.984875E-02,7.415660E+02,7.009781E-02,8.242035E+02,1.298610E+03,1.497904E-01,5.518901E+03,2.984875E-02,0.000000E+00,0.000000E+00,5.001158E-02,8.718664E+02,1.896269E-01,2.557588E+03,2.355804E+03,5.001158E-02,1.242494E+03,1.220388E-01,1.432198E+03,2.228890E+03,2.309522E-01,8.665582E+03,5.001158E-02,0.000000E+00,0.000000E+00,5.001158E-02,8.718664E+02,1.901293E-01,2.563198E+03,2.361655E+03,5.001158E-02,1.242494E+03,1.222308E-01,1.434341E+03,2.231439E+03,2.303853E-01,8.649123E+03,5.001158E-02,0.000000E+00,0.000000E+00,2.984875E-02,5.203619E+02,1.139170E-01,1.534740E+03,1.406784E+03,2.984875E-02,7.415660E+02,7.022061E-02,8.255742E+02,1.300258E+03,1.494167E-01,5.508054E+03,2.984875E-02,0.000000E+00,0.000000E+00
12:10:00,7.309966E-02,1.257424E+03,2.813655E-01,3.801953E+03,3.692853E+03,7.309966E-02,1.801602E+03,2.458094E-01,2.860794E+03,3.978783E+03,1.137207E-01,6.166826E+03,7.309966E-02,0.000000E+00,0.000000E+00,2.984875E-02,5.134433E+02,1.147231E-01,1.550660E+03,1.423233E+03,2.984875E-02,7.356472E+02,7.092980E-02,8.394106E+02,1.315465E+03,1.497921E-01,5.518953E+03,2.984875E-02,0.000000E+00,0.000000E+00,5.001158E-02,8.602744E+02,1.913893E-01,2.588858E+03,2.388181E+03,5.001158E-02,1.232577E+03,1.233501E-01,1.456755E+03,2.255856E+03,2.309554E-01,8.665676E+03,5.001158E-02,0.000000E+00,0.000000E+00,5.001158E-02,8.602744E+02,1.918984E-01,2.594543E+03,2.394107E+03,5.001158E-02,1.232577E+03,1.235466E-01,1.458949E+03,2.258459E+03,2.303885E-01,8.649216E+03,5.001158E-02,0.000000E+00,0.000000E+00,2.984875E-02,5.134433E+02,1.150570E-01,1.554387E+03,1.427110E+03,2.984875E-02,7.356472E+02,7.105290E-02,8.407848E+02,1.317112E+03,1.494185E-01,5.508106E+03,2.984875E-02,0.000000E+00,0.000000E+00
12:20:00,7.309966E-02,1.240481E+03,2.824341E-01,3.830827E+03,3.722664E+03,7.309966E-02,1.787107E+03,2.467136E-01,2.885385E+03,4.004348E+03,1.137272E-01,6.167014E+03,7.309966E-02,0.000000E+00,0.000000E+00,2.984875E-02,5.065248E+02,1.158290E-01,1.569926E+03,1.443162E+03,2.984875E-02,7.297284E+02,7.173478E-02,8.543162E+02,1.331955E+03,1.497939E-01,5.519005E+03,2.984875E-02,0.000000E+00,0.000000E+00,5.001158E-02,8.486823E+02,1.931055E-01,2.619612E+03,2.420015E+03,5.001158E-02,1.222660E+03,1.246267E-01,1.480924E+03,2.282363E+03,2.309586E-01,8.665769E+03,5.001158E-02,0.000000E+00,0.000000E+00,5.001158E-02,8.486823E+02,1.936211E-01,2.625370E+03,2.426015E+03,5.001158E-02,1.222660E+03,1.248285E-01,1.483177E+03,2.285028E+03,2.303917E-01,8.649309E+03,5.001158E-02,0.000000E+00,0.000000E+00,2.984875E-02,5.065248E+02,1.161672E-01,1.573702E+03,1.447089E+03,2.984875E-02,7.297284E+02,7.185994E-02,8.557133E+02,1.333626E+03,1.494203E-01,5.508158E+03,2.984875E-02,0.000000E+00,0.000000E+00
12:30:00,7.309966E-02,1.223537E+03,2.834723E-01,3.859362E+03,3.752113E+03,7.309966E-02,1.772612E+03,2.475942E-01,2.909712E+03,4.029623E+03,1.137336E-01,6.167200E+03,7.309966E-02,0.000000E+00,0.000000E+00,2.984875E-02,4.996062E+02,1.169068E-01,1.588879E+03,1.462767E+03,2.984875E-02,7.238096E+02,7.251779E-02,8.689765E+02,1.348158E+03,1.497957E-01,5.519056E+03,2.984875E-02,0.000000E+00,0.000000E+00,5.001158E-02,8.370903E+02,1.947779E-01,2.649878E+03,2.451343E+03,5.001158E-02,1.212743E+03,1.258731E-01,1.504756E+03,2.308479E+03,2.309618E-01,8.665861E+03,5.001158E-02,0.000000E+00,0.000000E+00,5.001158E-02,8.370903E+02,1.953000E-01,2.655708E+03,2.457417E+03,5.001158E-02,1.212743E+03,1.260812E-01,1.507080E+03,2.311219E+03,2.303949E-01,8.649401E+03,5.001158E-02,0.000000E+00,0.000000E+00,2.984875E-02,4.996062E+02,1.172493E-01,1.592703E+03,1.466743E+03,2.984875E-02,7.238096E+02,7.264633E-02,8.704113E+02,1.349872E+03,1.494221E-01,5.508209E+03,2.984875E-02,0.000000E+00,0.000000E+00
12:40:00,7.309966E-02,1.206593E+03,2.844825E-01,3.887585E+03,3.781228E+03,7.309966E-02,1.758117E+03,2.484529E-01,2.933794E+03,4.054631E+03,1.137399E-01,6.167385E+03,7.309966E-02,0.000000E+00,0.000000E+00,2.984875E-02,4.926877E+02,1.179576E-01,1.607530E+03,1.482057E+03,2.984875E-02,7.178909E+02,7.328260E-02,8.834338E+02,1.364122E+03,1.497974E-01,5.519107E+03,2.984875E-02,0.000000E+00,0.000000E+00,5.001158E-02,8.254982E+02,1.964085E-01,2.679676E+03,2.482182E+03,5.001158E-02,1.202826E+03,1.270939E-01,1.528303E+03,2.334261E+03,2.309649E-01,8.665952E+03,5.001158E-02,0.000000E+00,0.000000E+00,5.001158E-02,8.254982E+02,1.969370E-01,2.685578E+03,2.488328E+03,5.001158E-02,1.202826E+03,1.273095E-01,1.530710E+03,2.337096E+03,2.303980E-01,8.649492E+03,5.001158E-02,0.000000E+00,0.000000E+00,2.984875E-02,4.926877E+02,1.183044E-01,1.611402E+03,1.486081E+03,2.984875E-02,7.178909E+02,7.341551E-02,8.849174E+02,1.365890E+03,1.494238E-01,5.508259E+03,2.984875E-02,0.000000E+00,0.000000E+00
12:50:00,7.309966E-02,1.189650E+03,2.854668E-01,3.915518E+03,3.810039E+03,7.309966E-02,1.743622E+03,2.492912E-01,2.957649E+03,4.079394E+03,1.137462E-01,6.167568E+03,7.309966E-02,0.000000E+00,0.000000E+00,2.984875E-02,4.857691E+02,1.189824E-01,1.625891E+03,1.501041E+03,2.984875E-02,7.119721E+02,7.403310E-02,8.977313E+02,1.379893E+03,1.497992E-01,5.519157E+03,2.984875E-02,0.000000E+00,0.000000E+00,5.001158E-02,8.139061E+02,1.979986E-01,2.709023E+03,2.512545E+03,5.001158E-02,1.192909E+03,1.282964E-01,1.551645E+03,2.359806E+03,2.309680E-01,8.666042E+03,5.001158E-02,0.000000E+00,0.000000E+00,5.001158E-02,8.139061E+02,1.985335E-01,2.714995E+03,2.518763E+03,5.001158E-02,1.192909E+03,1.285224E-01,1.554169E+03,2.362777E+03,2.304011E-01,8.649582E+03,5.001158E-02,0.000000E+00,0.000000E+00,2.984875E-02,4.857691E+02,1.193334E-01,1.629811E+03,1.505112E+03,2.984875E-02,7.119721E+02,7.417203E-02,8.992822E+02,1.381739E+03,1.494255E-01,5.508310E+03,2.984875E-02,0.000000E+00,0.000000E+00
13:00:00,7.309966E-02,1.172706E+03,2.864268E-01,3.943180E+03,3.838563E+03,7.309966E-02,1.729127E+03,2.501102E-01,2.981288E+03,4.103926E+03,1.137525E-01,6.167750E+03,7.309966E-02,0.000000E+00,0.000000E+00,2.984875E-02,4.788505E+02,1.199818E-01,1.643969E+03,1.519722E+03,2.984875E-02,7.060533E+02,7.477565E-02,9.119402E+02,1.395556E+03,1.498009E-01,5.519207E+03,2.984875E-02,0.000000E+00,0.000000E+00,5.001158E-02,8.023141E+02,1.995495E-01,2.737932E+03,2.542438E+03,5.001158E-02,1.182992E+03,1.294824E-01,1.574803E+03,2.385127E+03,2.309711E-01,8.666131E+03,5.001158E-02,0.000000E+00,0.000000E+00,5.001158E-02,8.023141E+02,2.000907E-01,2.743974E+03,2.548727E+03,5.001158E-02,1.182992E+03,1.297160E-01,1.577411E+03,2.388190E+03,2.304042E-01,8.649671E+03,5.001158E-02,0.000000E+00,0.000000E+00,2.984875E-02,4.788505E+02,1.203370E-01,1.647935E+03,1.523841E+03,2.984875E-02,7.060533E+02,7.492101E-02,9.135631E+02,1.397485E+03,1.494273E-01,5.508360E+03,2.984875E-02,0.000000E+00,0.000000E+00
13:10:00,7.309966E-02,1.162117E+03,2.873635E-01,3.964228E+03,3.860335E+03,7.309966E-02,1.720067E+03,2.509104E-01,2.999282E+03,4.122671E+03,1.137587E-01,6.167930E+03,7.309966E-02,0.000000E+00,0.000000E+00,2.984875E-02,4.745264E+02,1.209456E-01,1.659054E+03,1.535331E+03,2.984875E-02,7.023541E+02,7.549805E-02,9.237046E+02,1.408643E+03,1.498026E-01,5.519257E+03,2.984875E-02,0.000000E+00,0.000000E+00,5.001158E-02,7.950691E+02,2.010457E-01,2.761883E+03,2.567242E+03,5.001158E-02,1.176794E+03,1.306329E-01,1.593846E+03,2.406116E+03,2.309742E-01,8.666220E+03,5.001158E-02,0.000000E+00,0.000000E+00,5.001158E-02,7.950691E+02,2.015931E-01,2.767994E+03,2.573601E+03,5.001158E-02,1.176794E+03,1.308735E-01,1.596533E+03,2.409265E+03,2.304072E-01,8.649760E+03,5.001158E-02,0.000000E+00,0.000000E+00,2.984875E-02,4.745264E+02,1.213049E-01,1.663066E+03,1.539496E+03,2.984875E-02,7.023541E+02,7.565006E-02,9.254018E+02,1.410658E+03,1.494290E-01,5.508409E+03,2.984875E-02,0.000000E+00,0.000000E+00
13:20:00,7.309966E-02,1.151527E+03,2.882763E-01,3.985009E+03,3.881824E+03,7.309966E-02,1.711008E+03,2.516914E-01,3.017062E+03,4.141182E+03,1.137649E-01,6.168109E+03,7.309966E-02,0.000000E+00,0.000000E+00,2.984875E-02,4.702023E+02,1.218735E-01,1.673739E+03,1.550521E+03,2.984875E-02,6.986549E+02,7.619986E-02,9.352394E+02,1.421454E+03,1.498043E-01,5.519306E+03,2.984875E-02,0.000000E+00,0.000000E+00,5.001158E-02,7.878240E+02,2.024869E-01,2.785219E+03,2.591402E+03,5.001158E-02,1.170596E+03,1.317461E-01,1.612472E+03,2.426609E+03,2.309772E-01,8.666308E+03,5.001158E-02,0.000000E+00,0.000000E+00,5.001158E-02,7.878240E+02,2.030403E-01,2.791398E+03,2.597829E+03,5.001158E-02,1.170596E+03,1.319933E-01,1.615232E+03,2.429835E+03,2.304103E-01,8.649848E+03,5.001158E-02,0.000000E+00,0.000000E+00,2.984875E-02,4.702023E+02,1.222368E-01,1.677796E+03,1.554732E+03,2.984875E-02,6.986549E+02,7.635719E-02,9.369960E+02,1.423536E+03,1.494306E-01,5.508458E+03,2.984875E-02,0.000000E+00,0.000000E+00
13:30:00,7.309966E-02,1.140937E+03,2.891643E-01,4.005514E+03,3.903020E+03,7.309966E-02,1.701948E+03,2.524523E-01,3.034617E+03,4.159450E+03,1.137710E-01,6.168287E+03,7.309966E-02,0.000000E+00,0.000000E+00,2.984875E-02,4.658782E+02,1.227649E-01,1.688016E+03,1.565290E+03,2.984875E-02,6.949556E+02,7.687793E-02,9.465091E+02,1.433958E+03,1.498059E-01,5.519354E+03,2.984875E-02,0.000000E+00,0.000000E+00,5.001158E-02,7.805790E+02,2.038720E-01,2.807930E+03,2.614914E+03,5.001158E-02,1.164398E+03,1.328199E-01,1.630659E+03,2.446596E+03,2.309802E-01,8.666395E+03,5.001158E-02,0.000000E+00,0.000000E+00,5.001158E-02,7.805790E+02,2.044313E-01,2.814175E+03,2.621408E+03,5.001158E-02,1.164398E+03,1.330733E-01,1.633488E+03,2.449896E+03,2.304133E-01,8.649935E+03,5.001158E-02,0.000000E+00,0.000000E+00,2.984875E-02,4.658782E+02,1.231322E-01,1.692117E+03,1.569546E+03,2.984875E-02,6.949556E+02,7.703985E-02,9.483168E+02,1.436095E+03,1.494323E-01,5.508506E+03,2.984875E-02,0.000000E+00,0.000000E+00
13:40:00,7.309966E-02,1.130347E+03,2.900264E-01,4.025729E+03,3.923906E+03,7.309966E-02,1.692889E+03,2.531921E-01,3.051935E+03,4.177464E+03,1.137771E-01,6.168463E+03,7.309966E-02,0.000000E+00,0.000000E+00,2.984875E-02,4.615541E+02,1.236190E-01,1.701877E+03,1.579624E+03,2.984875E-02,6.912564E+02,7.753050E-02,9.574941E+02,1.446127E+03,1.498076E-01,5.519402E+03,2.984875E-02,0.000000E+00,0.000000E+00,5.001158E-02,7.733340E+02,2.051998E-01,2.830000E+03,2.637756E+03,5.001158E-02,1.158200E+03,1.338526E-01,1.648386E+03,2.466051E+03,2.309832E-01,8.666481E+03,5.001158E-02,0.000000E+00,0.000000E+00,5.001158E-02,7.733340E+02,2.057648E-01,2.836309E+03,2.644316E+03,5.001158E-02,1.158200E+03,1.341118E-01,1.651281E+03,2.469420E+03,2.304162E-01,8.650021E+03,5.001158E-02,0.000000E+00,0.000000E+00,2.984875E-02,4.615541E+02,1.239902E-01,1.706021E+03,1.583923E+03,2.984875E-02,6.912564E+02,7.769680E-02,9.593507E+02,1.448317E+03,1.494340E-01,5.508554E+03,2.984875E-02,0.000000E+00,0.000000E+00
13:50:00,7.309966E-02,1.119758E+03,2.908614E-01,4.045641E+03,3.944475E+03,7.309966E-02,1.683829E+03,2.539097E-01,3.069007E+03,4.195214E+03,1.137831E-01,6.168638E+03,7.309966E-02,0.000000E+00,0.000000E+00,2.984875E-02,4.572300E+02,1.244351E-01,1.715313E+03,1.593511E+03,2.984875E-02,6.875572E+02,7.815641E-02,9.681814E+02,1.457934E+03,1.498092E-01,5.519450E+03,2.984875E-02,0.000000E+00,0.000000E+00,5.001158E-02,7.660889E+02,2.064690E-01,2.851416E+03,2.659908E+03,5.001158E-02,1.152002E+03,1.348424E-01,1.665635E+03,2.484935E+03,2.309861E-01,8.666566E+03,5.001158E-02,0.000000E+00,0.000000E+00,5.001158E-02,7.660889E+02,2.070397E-01,2.857788E+03,2.666532E+03,5.001158E-02,1.152002E+03,1.351072E-01,1.668592E+03,2.488370E+03,2.304192E-01,8.650106E+03,5.001158E-02,0.000000E+00,0.000000E+00,2.984875E-02,4.572300E+02,1.248100E-01,1.719499E+03,1.597853E+03,2.984875E-02,6.875572E+02,7.832677E-02,9.700833E+02,1.460172E+03,1.494356E-01,5.508602E+03,2.984875E-02,0.000000E+00,0.000000E+00
14:00:00,7.309966E-02,1.109168E+03,2.916683E-01,4.065240E+03,3.964713E+03,7.309966E-02,1.674770E+03,2.546043E-01,3.085821E+03,4.212688E+03,1.137891E-01,6.168811E+03,7.309966E-02,0.000000E+00,0.000000E+00,2.984875E-02,4.529059E+02,1.252124E-01,1.728316E+03,1.606939E+03,2.984875E-02,6.838579E+02,7.875450E-02,9.785581E+02,1.469354E+03,1.498109E-01,5.519497E+03,2.984875E-02,0.000000E+00,0.000000E+00,5.001158E-02,7.588439E+02,2.076784E-01,2.872165E+03,2.681350E+03,5.001158E-02,1.145804E+03,1.357879E-01,1.682390E+03,2.503213E+03,2.309890E-01,8.666651E+03,5.001158E-02,0.000000E+00,0.000000E+00,5.001158E-02,7.588439E+02,2.082546E-01,2.878599E+03,2.688036E+03,5.001158E-02,1.145804E+03,1.360581E-01,1.685406E+03,2.506711E+03,2.304221E-01,8.650191E+03,5.001158E-02,0.000000E+00,0.000000E+00,2.984875E-02,4.529059E+02,1.255909E-01,1.732543E+03,1.611321E+03,2.984875E-02,6.838579E+02,7.892868E-02,9.805026E+02,1.471638E+03,1.494372E-01,5.508649E+03,2.984875E-02,0.000000E+00,0.000000E+00
14:10:00,7.309966E-02,1.109168E+03,2.924452E-01,4.073914E+03,3.973801E+03,7.309966E-02,1.674770E+03,2.552742E-01,3.093301E+03,4.220595E+03,1.137950E-01,6.168984E+03,7.309966E-02,0.000000E+00,0.000000E+00,2.984875E-02,4.529059E+02,1.259293E-01,1.736320E+03,1.615236E+03,2.984875E-02,6.838579E+02,7.930696E-02,9.847261E+02,1.476322E+03,1.498125E-01,5.519543E+03,2.984875E-02,0.000000E+00,0.000000E+00,5.001158E-02,7.588439E+02,2.087954E-01,2.884637E+03,2.694296E+03,5.001158E-02,1.145804E+03,1.366624E-01,1.692154E+03,2.514128E+03,2.309919E-01,8.666735E+03,5.001158E-02,0.000000E+00,0.000000E+00,5.001158E-02,7.588439E+02,2.093769E-01,2.891130E+03,2.701042E+03,5.001158E-02,1.145804E+03,1.369377E-01,1.695227E+03,2.517685E+03,2.304250E-01,8.650275E+03,5.001158E-02,0.000000E+00,0.000000E+00,2.984875E-02,4.529059E+02,1.263113E-01,1.740586E+03,1.619658E+03,2.984875E-02,6.838579E+02,7.948470E-02,9.867104E+02,1.478647E+03,1.494388E-01,5.508696E+03,2.984875E-02,0.000000E+00,0.000000E+00
14:20:00,7.309966E-02,1.109168E+03,2.931885E-01,4.082213E+03,3.982486E+03,7.309966E-02,1.674770E+03,2.559165E-01,3.100473E+03,4.228166E+03,1.138009E-01,6.169154E+03,7.309966E-02,0.000000E+00,0.000000E+00,2.984875E-02,4.529059E+02,1.265833E-01,1.743622E+03,1.622800E+03,2.984875E-02,6.838579E+02,7.981182E-02,9.903627E+02,1.482660E+03,1.498141E-01,5.519590E+03,2.984875E-02,0.000000E+00,0.000000E+00,5.001158E-02,7.588439E+02,2.098161E-01,2.896034E+03,2.706117E+03,5.001158E-02,1.145804E+03,1.374630E-01,1.701091E+03,2.524078E+03,2.309948E-01,8.666818E+03,5.001158E-02,0.000000E+00,0.000000E+00,5.001158E-02,7.588439E+02,2.104026E-01,2.902582E+03,2.712919E+03,5.001158E-02,1.145804E+03,1.377429E-01,1.704216E+03,2.527689E+03,2.304278E-01,8.650358E+03,5.001158E-02,0.000000E+00,0.000000E+00,2.984875E-02,4.529059E+02,1.269686E-01,1.747925E+03,1.627260E+03,2.984875E-02,6.838579E+02,7.999284E-02,9.923837E+02,1.485024E+03,1.494404E-01,5.508742E+03,2.984875E-02,0.000000E+00,0.000000E+00
14:30:00,7.309966E-02,1.109168E+03,2.938896E-01,4.090041E+03,3.990660E+03,7.309966E-02,1.674770E+03,2.565239E-01,3.107255E+03,4.235308E+03,1.138067E-01,6.169324E+03,7.309966E-02,0.000000E+00,0.000000E+00,2.984875E-02,4.529059E+02,1.271695E-01,1.750168E+03,1.629582E+03,2.984875E-02,6.838579E+02,8.026493E-02,9.954216E+02,1.488337E+03,1.498156E-01,5.519636E+03,2.984875E-02,0.000000E+00,0.000000E+00,5.001158E-02,7.588439E+02,2.107327E-01,2.906268E+03,2.716735E+03,5.001158E-02,1.145804E+03,1.381829E-01,1.709129E+03,2.533010E+03,2.309976E-01,8.666900E+03,5.001158E-02,0.000000E+00,0.000000E+00,5.001158E-02,7.588439E+02,2.113238E-01,2.912868E+03,2.723590E+03,5.001158E-02,1.145804E+03,1.384671E-01,1.712302E+03,2.536672E+03,2.304307E-01,8.650441E+03,5.001158E-02,0.000000E+00,0.000000E+00,2.984875E-02,4.529059E+02,1.275579E-01,1.754505E+03,1.634077E+03,2.984875E-02,6.838579E+02,8.044893E-02,9.974759E+02,1.490736E+03,1.494420E-01,5.508788E+03,2.984875E-02,0.000000E+00,0.000000E+00
14:40:00,7.309966E-02,1.109168E+03,2.945457E-01,4.097367E+03,3.998302E+03,7.309966E-02,1.674770E+03,2.570940E-01,3.113620E+03,4.242001E+03,1.138125E-01,6.169492E+03,7.309966E-02,0.000000E+00,0.000000E+00,2.984875E-02,4.529059E+02,1.276865E-01,1.755940E+03,1.635561E+03,2.984875E-02,6.838579E+02,8.066486E-02,9.998869E+02,1.493333E+03,1.498172E-01,5.519681E+03,2.984875E-02,0.000000E+00,0.000000E+00,5.001158E-02,7.588439E+02,2.115427E-01,2.915313E+03,2.726116E+03,5.001158E-02,1.145804E+03,1.388201E-01,1.716243E+03,2.540895E+03,2.310004E-01,8.666982E+03,5.001158E-02,0.000000E+00,0.000000E+00,5.001158E-02,7.588439E+02,2.121381E-01,2.921961E+03,2.733020E+03,5.001158E-02,1.145804E+03,1.391081E-01,1.719459E+03,2.544603E+03,2.304335E-01,8.650522E+03,5.001158E-02,0.000000E+00,0.000000E+00,2.984875E-02,4.529059E+02,1.280777E-01,1.760309E+03,1.640089E+03,2.984875E-02,6.838579E+02,8.085157E-02,1.001971E+03,1.495764E+03,1.494436E-01,5.508833E+03,2.984875E-02,0.000000E+00,0.000000E+00
14:50:00,7.309966E-02,1.109168E+03,2.951549E-01,4.104168E+03,4.005397E+03,7.309966E-02,1.674770E+03,2.576253E-01,3.119551E+03,4.248234E+03,1.138183E-01,6.169659E+03,7.309966E-02,0.000000E+00,0.000000E+00,2.984875E-02,4.529059E+02,1.281331E-01,1.760927E+03,1.640718E+03,2.984875E-02,6.838579E+02,8.101069E-02,1.003748E+03,1.497620E+03,1.498188E-01,5.519726E+03,2.984875E-02,0.000000E+00,0.000000E+00,5.001158E-02,7.588439E+02,2.122446E-01,2.923149E+03,2.734231E+03,5.001158E-02,1.145804E+03,1.393731E-01,1.722417E+03,2.547691E+03,2.310032E-01,8.667063E+03,5.001158E-02,0.000000E+00,0.000000E+00,5.001158E-02,7.588439E+02,2.128439E-01,2.929841E+03,2.741180E+03,5.001158E-02,1.145804E+03,1.396647E-01,1.725673E+03,2.551440E+03,2.304363E-01,8.650603E+03,5.001158E-02,0.000000E+00,0.000000E+00,2.984875E-02,4.529059E+02,1.285270E-01,1.765325E+03,1.645276E+03,2.984875E-02,6.838579E+02,8.119983E-02,1.005860E+03,1.500080E+03,1.494451E-01,5.508878E+03,2.984875E-02,0.000000E+00,0.000000E+00
15:00:00,7.309966E-02,1.109168E+03,2.957149E-01,4.110421E+03,4.011912E+03,7.309966E-02,1.674770E+03,2.581158E-01,3.125028E+03,4.253980E+03,1.138240E-01,6.169825E+03,7.309966E-02,0.000000E+00,0.000000E+00,2.984875E-02,4.529059E+02,1.285080E-01,1.765114E+03,1.645030E+03,2.984875E-02,6.838579E+02,8.130121E-02,1.006992E+03,1.501163E+03,1.498203E-01,5.519771E+03,2.984875E-02,0.000000E+00,0.000000E+00,5.001158E-02,7.588439E+02,2.128361E-01,2.929755E+03,2.741040E+03,5.001158E-02,1.145804E+03,1.398400E-01,1.727631E+03,2.553343E+03,2.310060E-01,8.667143E+03,5.001158E-02,0.000000E+00,0.000000E+00,5.001158E-02,7.588439E+02,2.134391E-01,2.936487E+03,2.748031E+03,5.001158E-02,1.145804E+03,1.401348E-01,1.730922E+03,2.557129E+03,2.304390E-01,8.650683E+03,5.001158E-02,0.000000E+00,0.000000E+00,2.984875E-02,4.529059E+02,1.289043E-01,1.769539E+03,1.649615E+03,2.984875E-02,6.838579E+02,8.149251E-02,1.009128E+03,1.503648E+03,1.494467E-01,5.508923E+03,2.984875E-02,0.000000E+00,0.000000E+00
15:10:00,7.309966E-02,1.121876E+03,2.962232E-01,4.103388E+03,4.004862E+03,7.309966E-02,1.685641E+03,2.585634E-01,3.119155E+03,4.248087E+03,1.138297E-01,6.169989E+03,7.309966E-02,0.000000E+00,0.000000E+00,2.984875E-02,4.580948E+02,1.288002E-01,1.763188E+03,1.643070E+03,2.984875E-02,6.882970E+02,8.152773E-02,1.005082E+03,1.499268E+03,1.498218E-01,5.519815E+03,2.984875E-02,0.000000E+00,0.000000E+00,5.001158E-02,7.675379E+02,2.133005E-01,2.926246E+03,2.737471E+03,5.001158E-02,1.153242E+03,1.402078E-01,1.724300E+03,2.550016E+03,2.310087E-01,8.667223E+03,5.001158E-02,0.000000E+00,0.000000E+00,5.001158E-02,7.675379E+02,2.139067E-01,2.933014E+03,2.744499E+03,5.001158E-02,1.153242E+03,1.405053E-01,1.727621E+03,2.553834E+03,2.304418E-01,8.650763E+03,5.001158E-02,0.000000E+00,0.000000E+00,2.984875E-02,4.580948E+02,1.291987E-01,1.767636E+03,1.647680E+03,2.984875E-02,6.882970E+02,8.172088E-02,1.007239E+03,1.501775E+03,1.494482E-01,5.508967E+03,2.984875E-02,0.000000E+00,0.000000E+00
15:20:00,7.309966E-02,1.134583E+03,2.966771E-01,4.095749E+03,3.997159E+03,7.309966E-02,1.696513E+03,2.589660E-01,3.112778E+03,4.241647E+03,1.138353E-01,6.170152E+03,7.309966E-02,0.000000E+00,0.000000E+00,2.984875E-02,4.632838E+02,1.290087E-01,1.760326E+03,1.640138E+03,2.984875E-02,6.927361E+02,8.168930E-02,1.002447E+03,1.496540E+03,1.498233E-01,5.519859E+03,2.984875E-02,0.000000E+00,0.000000E+00,5.001158E-02,7.762320E+02,2.136361E-01,2.921299E+03,2.732405E+03,5.001158E-02,1.160679E+03,1.404749E-01,1.719845E+03,2.545408E+03,2.310114E-01,8.667302E+03,5.001158E-02,0.000000E+00,0.000000E+00,5.001158E-02,7.762320E+02,2.142451E-01,2.928099E+03,2.739465E+03,5.001158E-02,1.160679E+03,1.407746E-01,1.723190E+03,2.549252E+03,2.304445E-01,8.650842E+03,5.001158E-02,0.000000E+00,0.000000E+00,2.984875E-02,4.632838E+02,1.294090E-01,1.764796E+03,1.644769E+03,2.984875E-02,6.927361E+02,8.188398E-02,1.004621E+03,1.499064E+03,1.494497E-01,5.509011E+03,2.984875E-02,0.000000E+00,0.000000E+00
15:30:00,7.309966E-02,1.147291E+03,2.970781E-01,4.087519E+03,3.988828E+03,7.309966E-02,1.707384E+03,2.593249E-01,3.105914E+03,4.234683E+03,1.138408E-01,6.170314E+03,7.309966E-02,0.000000E+00,0.000000E+00,2.984875E-02,4.684727E+02,1.291339E-01,1.756535E+03,1.636249E+03,2.984875E-02,6.971752E+02,8.178662E-02,9.990952E+02,1.493016E+03,1.498248E-01,5.519902E+03,2.984875E-02,0.000000E+00,0.000000E+00,5.001158E-02,7.849260E+02,2.138437E-01,2.914923E+03,2.725865E+03,5.001158E-02,1.168117E+03,1.406423E-01,1.714276E+03,2.539579E+03,2.310141E-01,8.667380E+03,5.001158E-02,0.000000E+00,0.000000E+00,5.001158E-02,7.849260E+02,2.144551E-01,2.921750E+03,2.732953E+03,5.001158E-02,1.168117E+03,1.409438E-01,1.717642E+03,2.543445E+03,2.304472E-01,8.650920E+03,5.001158E-02,0.000000E+00,0.000000E+00,2.984875E-02,4.684727E+02,1.295358E-01,1.761023E+03,1.640898E+03,2.984875E-02,6.971752E+02,8.198252E-02,1.001282E+03,1.495555E+03,1.494512E-01,5.509054E+03,2.984875E-02,0.000000E+00,0.000000E+00
15:40:00,7.309966E-02,1.159999E+03,2.974222E-01,4.078653E+03,3.979827E+03,7.309966E-02,1.718255E+03,2.596369E-01,3.098526E+03,4.227157E+03,1.138464E-01,6.170475E+03,7.309966E-02,0.000000E+00,0.000000E+00,2.984875E-02,4.736616E+02,1.291734E-01,1.751788E+03,1.631368E+03,2.984875E-02,7.016143E+02,8.181794E-02,9.950062E+02,1.488661E+03,1.498263E-01,5.519945E+03,2.984875E-02,0.000000E+00,0.000000E+00,5.001158E-02,7.936201E+02,2.139194E-01,2.907074E+03,2.717796E+03,5.001158E-02,1.175555E+03,1.407072E-01,1.707564E+03,2.532473E+03,2.310168E-01,8.667457E+03,5.001158E-02,0.000000E+00,0.000000E+00,5.001158E-02,7.936201E+02,2.145328E-01,2.913924E+03,2.724908E+03,5.001158E-02,1.175555E+03,1.410100E-01,1.710944E+03,2.536354E+03,2.304498E-01,8.650997E+03,5.001158E-02,0.000000E+00,0.000000E+00,2.984875E-02,4.736616E+02,1.295766E-01,1.756290E+03,1.636032E+03,2.984875E-02,7.016143E+02,8.201473E-02,9.972032E+02,1.491212E+03,1.494527E-01,5.509097E+03,2.984875E-02,0.000000E+00,0.000000E+00
15:50:00,7.309966E-02,1.172706E+03,2.977051E-01,4.069104E+03,3.970108E+03,7.309966E-02,1.729127E+03,2.598982E-01,3.090572E+03,4.219030E+03,1.138519E-01,6.170634E+03,7.309966E-02,0.000000E+00,0.000000E+00,2.984875E-02,4.788505E+02,1.291247E-01,1.746055E+03,1.625455E+03,2.984875E-02,7.060533E+02,8.178134E-02,9.901590E+02,1.483425E+03,1.498278E-01,5.519988E+03,2.984875E-02,0.000000E+00,0.000000E+00,5.001158E-02,8.023141E+02,2.138590E-01,2.897706E+03,2.708134E+03,5.001158E-02,1.182992E+03,1.406664E-01,1.699672E+03,2.524010E+03,2.310194E-01,8.667534E+03,5.001158E-02,0.000000E+00,0.000000E+00,5.001158E-02,8.023141E+02,2.144739E-01,2.904572E+03,2.715263E+03,5.001158E-02,1.182992E+03,1.409700E-01,1.703062E+03,2.527902E+03,2.304525E-01,8.651074E+03,5.001158E-02,0.000000E+00,0.000000E+00,2.984875E-02,4.788505E+02,1.295289E-01,1.750568E+03,1.630131E+03,2.984875E-02,7.060533E+02,8.197866E-02,9.923618E+02,1.485982E+03,1.494541E-01,5.509140E+03,2.984875E-02,0.000000E+00,0.000000E+00
16:00:00,7.309966E-02,1.185414E+03,2.979237E-01,4.058838E+03,3.959637E+03,7.309966E-02,1.739998E+03,2.601062E-01,3.082024E+03,4.210268E+03,1.138573E-01,6.170792E+03,7.309966E-02,0.000000E+00,0.000000E+00,2.984875E-02,4.840395E+02,1.289857E-01,1.739315E+03,1.618480E+03,2.984875E-02,7.104924E+02,8.167547E-02,9.845384E+02,1.477263E+03,1.498292E-01,5.520030E+03,2.984875E-02,0.000000E+00,0.000000E+00,5.001158E-02,8.110081E+02,2.136594E-01,2.886784E+03,2.696829E+03,5.001158E-02,1.190430E+03,1.405179E-01,1.690577E+03,2.514124E+03,2.310220E-01,8.667610E+03,5.001158E-02,0.000000E+00,0.000000E+00,5.001158E-02,8.110081E+02,2.142754E-01,2.893662E+03,2.703971E+03,5.001158E-02,1.190430E+03,1.408217E-01,1.693969E+03,2.518020E+03,2.304551E-01,8.651150E+03,5.001158E-02,0.000000E+00,0.000000E+00,2.984875E-02,4.840395E+02,1.293906E-01,1.743836E+03,1.623165E+03,2.984875E-02,7.104924E+02,8.187294E-02,9.867430E+02,1.479823E+03,1.494556E-01,5.509182E+03,2.984875E-02,0.000000E+00,0.000000E+00
16:10:00,7.309966E-02,1.202358E+03,2.980773E-01,4.043609E+03,3.944079E+03,7.309966E-02,1.754493E+03,2.602601E-01,3.069248E+03,4.197153E+03,1.138627E-01,6.170949E+03,7.309966E-02,0.000000E+00,0.000000E+00,2.984875E-02,4.909580E+02,1.287967E-01,1.730286E+03,1.609159E+03,2.984875E-02,7.164112E+02,8.153212E-02,9.770197E+02,1.469114E+03,1.498307E-01,5.520072E+03,2.984875E-02,0.000000E+00,0.000000E+00,5.001158E-02,8.226002E+02,2.133811E-01,2.872084E+03,2.681650E+03,5.001158E-02,1.200347E+03,1.403094E-01,1.678333E+03,2.500951E+03,2.310246E-01,8.667685E+03,5.001158E-02,0.000000E+00,0.000000E+00,5.001158E-02,8.226002E+02,2.139978E-01,2.878970E+03,2.688801E+03,5.001158E-02,1.200347E+03,1.406131E-01,1.681724E+03,2.504846E+03,2.304577E-01,8.651225E+03,5.001158E-02,0.000000E+00,0.000000E+00,2.984875E-02,4.909580E+02,1.292020E-01,1.734812E+03,1.613850E+03,2.984875E-02,7.164112E+02,8.172947E-02,9.792230E+02,1.471673E+03,1.494570E-01,5.509224E+03,2.984875E-02,0.000000E+00,0.000000E+00
16:20:00,7.309966E-02,1.219301E+03,2.981688E-01,4.027687E+03,3.927791E+03,7.309966E-02,1.768988E+03,2.603622E-01,3.055892E+03,4.183421E+03,1.138681E-01,6.171104E+03,7.309966E-02,0.000000E+00,0.000000E+00,2.984875E-02,4.978766E+02,1.285583E-01,1.720706E+03,1.599270E+03,2.984875E-02,7.223300E+02,8.135220E-02,9.690927E+02,1.460518E+03,1.498321E-01,5.520113E+03,2.984875E-02,0.000000E+00,0.000000E+00,5.001158E-02,8.341922E+02,2.130252E-01,2.856520E+03,2.665579E+03,5.001158E-02,1.210264E+03,1.400426E-01,1.665438E+03,2.487071E+03,2.310272E-01,8.667760E+03,5.001158E-02,0.000000E+00,0.000000E+00,5.001158E-02,8.341922E+02,2.136424E-01,2.863411E+03,2.672737E+03,5.001158E-02,1.210264E+03,1.403459E-01,1.668824E+03,2.490962E+03,2.304603E-01,8.651300E+03,5.001158E-02,0.000000E+00,0.000000E+00,2.984875E-02,4.978766E+02,1.289640E-01,1.725235E+03,1.603964E+03,2.984875E-02,7.223300E+02,8.154921E-02,9.712922E+02,1.463074E+03,1.494585E-01,5.509265E+03,2.984875E-02,0.000000E+00,0.000000E+00
16:30:00,7.309966E-02,1.236245E+03,2.982027E-01,4.011123E+03,3.910824E+03,7.309966E-02,1.783483E+03,2.604158E-01,3.041997E+03,4.169112E+03,1.138734E-01,6.171259E+03,7.309966E-02,0.000000E+00,0.000000E+00,2.984875E-02,5.047951E+02,1.282727E-01,1.710599E+03,1.588838E+03,2.984875E-02,7.282487E+02,8.113768E-02,9.607793E+02,1.451503E+03,1.498335E-01,5.520154E+03,2.984875E-02,0.000000E+00,0.000000E+00,5.001158E-02,8.457843E+02,2.125956E-01,2.840130E+03,2.648658E+03,5.001158E-02,1.220181E+03,1.397206E-01,1.651927E+03,2.472527E+03,2.310297E-01,8.667834E+03,5.001158E-02,0.000000E+00,0.000000E+00,5.001158E-02,8.457843E+02,2.132130E-01,2.847025E+03,2.655819E+03,5.001158E-02,1.220181E+03,1.400231E-01,1.655304E+03,2.476409E+03,2.304628E-01,8.651374E+03,5.001158E-02,0.000000E+00,0.000000E+00,2.984875E-02,5.047951E+02,1.286785E-01,1.715130E+03,1.593534E+03,2.984875E-02,7.282487E+02,8.133407E-02,9.629720E+02,1.454052E+03,1.494599E-01,5.509306E+03,2.984875E-02,0.000000E+00,0.000000E+00
16:40:00,7.309966E-02,1.253188E+03,2.981838E-01,3.993968E+03,3.893241E+03,7.309966E-02,1.797978E+03,2.604249E-01,3.027603E+03,4.154278E+03,1.138787E-01,6.171412E+03,7.309966E-02,0.000000E+00,0.000000E+00,2.984875E-02,5.117137E+02,1.279421E-01,1.699988E+03,1.577885E+03,2.984875E-02,7.341675E+02,8.089057E-02,9.521022E+02,1.442088E+03,1.498349E-01,5.520195E+03,2.984875E-02,0.000000E+00,0.000000E+00,5.001158E-02,8.573763E+02,2.120955E-01,2.822955E+03,2.630924E+03,5.001158E-02,1.230098E+03,1.393466E-01,1.637835E+03,2.457350E+03,2.310323E-01,8.667907E+03,5.001158E-02,0.000000E+00,0.000000E+00,5.001158E-02,8.573763E+02,2.127130E-01,2.829850E+03,2.638086E+03,5.001158E-02,1.230098E+03,1.396479E-01,1.641198E+03,2.461219E+03,2.304653E-01,8.651447E+03,5.001158E-02,0.000000E+00,0.000000E+00,2.984875E-02,5.117137E+02,1.283479E-01,1.704520E+03,1.582583E+03,2.984875E-02,7.341675E+02,8.108603E-02,9.542843E+02,1.444626E+03,1.494613E-01,5.509347E+03,2.984875E-02,0.000000E+00,0.000000E+00
16:50:00,7.309966E-02,1.270132E+03,2.981160E-01,3.976268E+03,3.875088E+03,7.309966E-02,1.812473E+03,2.603926E-01,3.012747E+03,4.138958E+03,1.138839E-01,6.171564E+03,7.309966E-02,0.000000E+00,0.000000E+00,2.984875E-02,5.186323E+02,1.275681E-01,1.688895E+03,1.566429E+03,2.984875E-02,7.400863E+02,8.061298E-02,9.430846E+02,1.432288E+03,1.498363E-01,5.520235E+03,2.984875E-02,0.000000E+00,0.000000E+00,5.001158E-02,8.689684E+02,2.115280E-01,2.805027E+03,2.612403E+03,5.001158E-02,1.240015E+03,1.389236E-01,1.623196E+03,2.441562E+03,2.310348E-01,8.667980E+03,5.001158E-02,0.000000E+00,0.000000E+00,5.001158E-02,8.689684E+02,2.121453E-01,2.811920E+03,2.619564E+03,5.001158E-02,1.240015E+03,1.392232E-01,1.626541E+03,2.445410E+03,2.304678E-01,8.651519E+03,5.001158E-02,0.000000E+00,0.000000E+00,2.984875E-02,5.186323E+02,1.279739E-01,1.693425E+03,1.571126E+03,2.984875E-02,7.400863E+02,8.080705E-02,9.452513E+02,1.434810E+03,1.494627E-01,5.509387E+03,2.984875E-02,0.000000E+00,0.000000E+00
17:00:00,7.309966E-02,1.287075E+03,2.980029E-01,3.958061E+03,3.856409E+03,7.309966E-02,1.826968E+03,2.603216E-01,2.997460E+03,4.123184E+03,1.138891E-01,6.171715E+03,7.309966E-02,0.000000E+00,0.000000E+00,2.984875E-02,5.255508E+02,1.271524E-01,1.677334E+03,1.554484E+03,2.984875E-02,7.460050E+02,8.030736E-02,9.337541E+02,1.422125E+03,1.498377E-01,5.520275E+03,2.984875E-02,0.000000E+00,0.000000E+00,5.001158E-02,8.805605E+02,2.108953E-01,2.786371E+03,2.593119E+03,5.001158E-02,1.249931E+03,1.384550E-01,1.608048E+03,2.425188E+03,2.310373E-01,8.668051E+03,5.001158E-02,0.000000E+00,0.000000E+00,5.001158E-02,8.805605E+02,2.115123E-01,2.793260E+03,2.600277E+03,5.001158E-02,1.249931E+03,1.387521E-01,1.611365E+03,2.429005E+03,2.304703E-01,8.651591E+03,5.001158E-02,0.000000E+00,0.000000E+00,2.984875E-02,5.255508E+02,1.275578E-01,1.681861E+03,1.559177E+03,2.984875E-02,7.460050E+02,8.049930E-02,9.358970E+02,1.424620E+03,1.494640E-01,5.509427E+03,2.984875E-02,0.000000E+00,0.000000E+00
17:10:00,7.309966E-02,1.308255E+03,2.978470E-01,3.935142E+03,3.832912E+03,7.309966E-02,1.845087E+03,2.602142E-01,2.978143E+03,4.103275E+03,1.138943E-01,6.171865E+03,7.309966E-02,0.000000E+00,0.000000E+00,2.984875E-02,5.341990E+02,1.266961E-01,1.663591E+03,1.540298E+03,2.984875E-02,7.534035E+02,7.997870E-02,9.226866E+02,1.410145E+03,1.498390E-01,5.520315E+03,2.984875E-02,0.000000E+00,0.000000E+00,5.001158E-02,8.950505E+02,2.101997E-01,2.764114E+03,2.570138E+03,5.001158E-02,1.262328E+03,1.379497E-01,1.590011E+03,2.405803E+03,2.310397E-01,8.668123E+03,5.001158E-02,0.000000E+00,0.000000E+00,5.001158E-02,8.950505E+02,2.108160E-01,2.770996E+03,2.577289E+03,5.001158E-02,1.262328E+03,1.382406E-01,1.593259E+03,2.409538E+03,2.304728E-01,8.651663E+03,5.001158E-02,0.000000E+00,0.000000E+00,2.984875E-02,5.341990E+02,1.271010E-01,1.668113E+03,1.544987E+03,2.984875E-02,7.534035E+02,8.016872E-02,9.248082E+02,1.412617E+03,1.494654E-01,5.509467E+03,2.984875E-02,0.000000E+00,0.000000E+00
17:20:00,7.309966E-02,1.329434E+03,2.976480E-01,3.911741E+03,3.808910E+03,7.309966E-02,1.863206E+03,2.600722E-01,2.958438E+03,4.082956E+03,1.138994E-01,6.172013E+03,7.309966E-02,0.000000E+00,0.000000E+00,2.984875E-02,5.428472E+02,1.261982E-01,1.649384E+03,1.525630E+03,2.984875E-02,7.608020E+02,7.962200E-02,9.113062E+02,1.397797E+03,1.498404E-01,5.520354E+03,2.984875E-02,0.000000E+00,0.000000E+00,5.001158E-02,9.095406E+02,2.094395E-01,2.741136E+03,2.546406E+03,5.001158E-02,1.274724E+03,1.374032E-01,1.571514E+03,2.385892E+03,2.310421E-01,8.668194E+03,5.001158E-02,0.000000E+00,0.000000E+00,5.001158E-02,9.095406E+02,2.100549E-01,2.748008E+03,2.553548E+03,5.001158E-02,1.274724E+03,1.376924E-01,1.574743E+03,2.389616E+03,2.304752E-01,8.651733E+03,5.001158E-02,0.000000E+00,0.000000E+00,2.984875E-02,5.428472E+02,1.266026E-01,1.653899E+03,1.530313E+03,2.984875E-02,7.608020E+02,7.981122E-02,9.134187E+02,1.400263E+03,1.494668E-01,5.509506E+03,2.984875E-02,0.000000E+00,0.000000E+00
17:30:00,7.309966E-02,1.350614E+03,2.974071E-01,3.887872E+03,3.784416E+03,7.309966E-02,1.881325E+03,2.598946E-01,2.938337E+03,4.062214E+03,1.139045E-01,6.172161E+03,7.309966E-02,0.000000E+00,0.000000E+00,2.984875E-02,5.514954E+02,1.256593E-01,1.634719E+03,1.510489E+03,2.984875E-02,7.682004E+02,7.923360E-02,8.995718E+02,1.385037E+03,1.498417E-01,5.520393E+03,2.984875E-02,0.000000E+00,0.000000E+00,5.001158E-02,9.240306E+02,2.086156E-01,2.717447E+03,2.521938E+03,5.001158E-02,1.287120E+03,1.368091E-01,1.552486E+03,2.365372E+03,2.310446E-01,8.668264E+03,5.001158E-02,0.000000E+00,0.000000E+00,5.001158E-02,9.240306E+02,2.092299E-01,2.724306E+03,2.529068E+03,5.001158E-02,1.287120E+03,1.370979E-01,1.555710E+03,2.369097E+03,2.304776E-01,8.651803E+03,5.001158E-02,0.000000E+00,0.000000E+00,2.984875E-02,5.514954E+02,1.260629E-01,1.639226E+03,1.515164E+03,2.984875E-02,7.682004E+02,7.942280E-02,9.016841E+02,1.387508E+03,1.494681E-01,5.509545E+03,2.984875E-02,0.000000E+00,0.000000E+00
17:40:00,7.309966E-02,1.371793E+03,2.971262E-01,3.863556E+03,3.759456E+03,7.309966E-02,1.899444E+03,2.596821E-01,2.917845E+03,4.041060E+03,1.139095E-01,6.172307E+03,7.309966E-02,0.000000E+00,0.000000E+00,2.984875E-02,5.601436E+02,1.250804E-01,1.619607E+03,1.494884E+03,2.984875E-02,7.755989E+02,7.881167E-02,8.874631E+02,1.371843E+03,1.498431E-01,5.520431E+03,2.984875E-02,0.000000E+00,0.000000E+00,5.001158E-02,9.385207E+02,2.077295E-01,2.693064E+03,2.496749E+03,5.001158E-02,1.299516E+03,1.361643E-01,1.532891E+03,2.344200E+03,2.310469E-01,8.668333E+03,5.001158E-02,0.000000E+00,0.000000E+00,5.001158E-02,9.385207E+02,2.083424E-01,2.699907E+03,2.503864E+03,5.001158E-02,1.299516E+03,1.364534E-01,1.536118E+03,2.347934E+03,2.304800E-01,8.651873E+03,5.001158E-02,0.000000E+00,0.000000E+00,2.984875E-02,5.601436E+02,1.254831E-01,1.624103E+03,1.499548E+03,2.984875E-02,7.755989E+02,7.900142E-02,8.895816E+02,1.374324E+03,1.494694E-01,5.509584E+03,2.984875E-02,0.000000E+00,0.000000E+00
17:50:00,7.309966E-02,1.392973E+03,2.968066E-01,3.838809E+03,3.734046E+03,7.309966E-02,1.917563E+03,2.594360E-01,2.896979E+03,4.019512E+03,1.139145E-01,6.172452E+03,7.309966E-02,0.000000E+00,0.000000E+00,2.984875E-02,5.687918E+02,1.244620E-01,1.604054E+03,1.478817E+03,2.984875E-02,7.829974E+02,7.835474E-02,8.749637E+02,1.358185E+03,1.498444E-01,5.520470E+03,2.984875E-02,0.000000E+00,0.000000E+00,5.001158E-02,9.530108E+02,2.067821E-01,2.667996E+03,2.470842E+03,5.001158E-02,1.311912E+03,1.354668E-01,1.512708E+03,2.322343E+03,2.310493E-01,8.668402E+03,5.001158E-02,0.000000E+00,0.000000E+00,5.001158E-02,9.530108E+02,2.073934E-01,2.674821E+03,2.477940E+03,5.001158E-02,1.311912E+03,1.357570E-01,1.515948E+03,2.326095E+03,2.304824E-01,8.651942E+03,5.001158E-02,0.000000E+00,0.000000E+00,2.984875E-02,5.687918E+02,1.248635E-01,1.608538E+03,1.483469E+03,2.984875E-02,7.829974E+02,7.854566E-02,8.770952E+02,1.360687E+03,1.494707E-01,5.509622E+03,2.984875E-02,0.000000E+00,0.000000E+00
18:00:00,7.309966E-02,1.414152E+03,2.964495E-01,3.813642E+03,3.708197E+03,7.309966E-02,1.935682E+03,2.591574E-01,2.875750E+03,3.997584E+03,1.139195E-01,6.172596E+03,7.309966E-02,0.000000E+00,0.000000E+00,2.984875E-02,5.774401E+02,1.238045E-01,1.588065E+03,1.462289E+03,2.984875E-02,7.903958E+02,7.786068E-02,8.620498E+02,1.344025E+03,1.498457E-01,5.520507E+03,2.984875E-02,0.000000E+00,0.000000E+00,5.001158E-02,9.675008E+02,2.057742E-01,2.642252E+03,2.444219E+03,5.001158E-02,1.324308E+03,1.347140E-01,1.491908E+03,2.299751E+03,2.310517E-01,8.668470E+03,5.001158E-02,0.000000E+00,0.000000E+00,5.001158E-02,9.675008E+02,2.063835E-01,2.649055E+03,2.451295E+03,5.001158E-02,1.324308E+03,1.350062E-01,1.495170E+03,2.303534E+03,2.304847E-01,8.652010E+03,5.001158E-02,0.000000E+00,0.000000E+00,2.984875E-02,5.774401E+02,1.242047E-01,1.592533E+03,1.466927E+03,2.984875E-02,7.903958E+02,7.805360E-02,8.642036E+02,1.346558E+03,1.494720E-01,5.509660E+03,2.984875E-02,0.000000E+00,0.000000E+00
18:10:00,7.309966E-02,1.445921E+03,2.960540E-01,3.777458E+03,3.671102E+03,7.309966E-02,1.962860E+03,2.588460E-01,2.845095E+03,3.965995E+03,1.139244E-01,6.172739E+03,7.309966E-02,0.000000E+00,0.000000E+00,2.984875E-02,5.904124E+02,1.230817E-01,1.567022E+03,1.440576E+03,2.984875E-02,8.014935E+02,7.730228E-02,8.447184E+02,1.325151E+03,1.498470E-01,5.520545E+03,2.984875E-02,0.000000E+00,0.000000E+00,5.001158E-02,9.892359E+02,2.046660E-01,2.608144E+03,2.409012E+03,5.001158E-02,1.342902E+03,1.338638E-01,1.463823E+03,2.269436E+03,2.310540E-01,8.668538E+03,5.001158E-02,0.000000E+00,0.000000E+00,5.001158E-02,9.892359E+02,2.052728E-01,2.614919E+03,2.416061E+03,5.001158E-02,1.342902E+03,1.341618E-01,1.467150E+03,2.273308E+03,2.304871E-01,8.652077E+03,5.001158E-02,0.000000E+00,0.000000E+00,2.984875E-02,5.904124E+02,1.234802E-01,1.571472E+03,1.445195E+03,2.984875E-02,8.014935E+02,7.749705E-02,8.468928E+02,1.327715E+03,1.494733E-01,5.509697E+03,2.984875E-02,0.000000E+00,0.000000E+00
18:20:00,7.309966E-02,1.477691E+03,2.956194E-01,3.740836E+03,3.633542E+03,7.309966E-02,1.990038E+03,2.584992E-01,2.814044E+03,3.933977E+03,1.139293E-01,6.172881E+03,7.309966E-02,0.000000E+00,0.000000E+00,2.984875E-02,6.033847E+02,1.222907E-01,1.545218E+03,1.418064E+03,2.984875E-02,8.125912E+02,7.667672E-02,8.266372E+02,1.305358E+03,1.498482E-01,5.520582E+03,2.984875E-02,0.000000E+00,0.000000E+00,5.001158E-02,1.010971E+03,2.034533E-01,2.572868E+03,2.372578E+03,5.001158E-02,1.361497E+03,1.329089E-01,1.434568E+03,2.237707E+03,2.310563E-01,8.668605E+03,5.001158E-02,0.000000E+00,0.000000E+00,5.001158E-02,1.010971E+03,2.040570E-01,2.579610E+03,2.379592E+03,5.001158E-02,1.361497E+03,1.332126E-01,1.437960E+03,2.241670E+03,2.304894E-01,8.652144E+03,5.001158E-02,0.000000E+00,0.000000E+00,2.984875E-02,6.033847E+02,1.226871E-01,1.549644E+03,1.422660E+03,2.984875E-02,8.125912E+02,7.687527E-02,8.288538E+02,1.307983E+03,1.494746E-01,5.509734E+03,2.984875E-02,0.000000E+00,0.000000E+00
18:30:00,7.309966E-02,1.509460E+03,2.951416E-01,3.703732E+03,3.595467E+03,7.309966E-02,2.017216E+03,2.581157E-01,2.782585E+03,3.901519E+03,1.139341E-01,6.173021E+03,7.309966E-02,0.000000E+00,0.000000E+00,2.984875E-02,6.163570E+02,1.214289E-01,1.522623E+03,1.394730E+03,2.984875E-02,8.236889E+02,7.598992E-02,8.078725E+02,1.284761E+03,1.498495E-01,5.520619E+03,2.984875E-02,0.000000E+00,0.000000E+00,5.001158E-02,1.032706E+03,2.021318E-01,2.536378E+03,2.334878E+03,5.001158E-02,1.380091E+03,1.318587E-01,1.404251E+03,2.204748E+03,2.310586E-01,8.668671E+03,5.001158E-02,0.000000E+00,0.000000E+00,5.001158E-02,1.032706E+03,2.027319E-01,2.543079E+03,2.341853E+03,5.001158E-02,1.380091E+03,1.321632E-01,1.407650E+03,2.208722E+03,2.304916E-01,8.652211E+03,5.001158E-02,0.000000E+00,0.000000E+00,2.984875E-02,6.163570E+02,1.218229E-01,1.527023E+03,1.399300E+03,2.984875E-02,8.236889E+02,7.618886E-02,8.100935E+02,1.287393E+03,1.494759E-01,5.509771E+03,2.984875E-02,0.000000E+00,0.000000E+00
18:40:00,7.309966E-02,1.541229E+03,2.946156E-01,3.666091E+03,3.556823E+03,7.309966E-02,2.044395E+03,2.576926E-01,2.750683E+03,3.868587E+03,1.139389E-01,6.173161E+03,7.309966E-02,0.000000E+00,0.000000E+00,2.984875E-02,6.293293E+02,1.204938E-01,1.499210E+03,1.370542E+03,2.984875E-02,8.347866E+02,7.523517E-02,7.883490E+02,1.263243E+03,1.498508E-01,5.520655E+03,2.984875E-02,0.000000E+00,0.000000E+00,5.001158E-02,1.054441E+03,2.006974E-01,2.498628E+03,2.295860E+03,5.001158E-02,1.398685E+03,1.307036E-01,1.372761E+03,2.170392E+03,2.310609E-01,8.668737E+03,5.001158E-02,0.000000E+00,0.000000E+00,5.001158E-02,1.054441E+03,2.012934E-01,2.505282E+03,2.302788E+03,5.001158E-02,1.398685E+03,1.310122E-01,1.376206E+03,2.174432E+03,2.304939E-01,8.652277E+03,5.001158E-02,0.000000E+00,0.000000E+00,2.984875E-02,6.293293E+02,1.208850E-01,1.503578E+03,1.375080E+03,2.984875E-02,8.347866E+02,7.543675E-02,7.905995E+02,1.265920E+03,1.494771E-01,5.509807E+03,2.984875E-02,0.000000E+00,0.000000E+00
18:50:00,7.309966E-02,1.572998E+03,2.940372E-01,3.627864E+03,3.517561E+03,7.309966E-02,2.071573E+03,2.572263E-01,2.718299E+03,3.835138E+03,1.139437E-01,6.173299E+03,7.309966E-02,0.000000E+00,0.000000E+00,2.984875E-02,6.423016E+02,1.194836E-01,1.474959E+03,1.345470E+03,2.984875E-02,8.458843E+02,7.441637E-02,7.681105E+02,1.240843E+03,1.498520E-01,5.520691E+03,2.984875E-02,0.000000E+00,0.000000E+00,5.001158E-02,1.076176E+03,1.991471E-01,2.459583E+03,2.255474E+03,5.001158E-02,1.417279E+03,1.294491E-01,1.340162E+03,2.134697E+03,2.310631E-01,8.668802E+03,5.001158E-02,0.000000E+00,0.000000E+00,5.001158E-02,1.076176E+03,1.997383E-01,2.466184E+03,2.262349E+03,5.001158E-02,1.417279E+03,1.297522E-01,1.343546E+03,2.138659E+03,2.304962E-01,8.652342E+03,5.001158E-02,0.000000E+00,0.000000E+00,2.984875E-02,6.423016E+02,1.198716E-01,1.479291E+03,1.349972E+03,2.984875E-02,8.458843E+02,7.461420E-02,7.703191E+02,1.243468E+03,1.494784E-01,5.509844E+03,2.984875E-02,0.000000E+00,0.000000E+00
19:00:00,7.309966E-02,1.604768E+03,2.934030E-01,3.589014E+03,3.477641E+03,7.309966E-02,2.098751E+03,2.567140E-01,2.685401E+03,3.801138E+03,1.139484E-01,6.173437E+03,7.309966E-02,0.000000E+00,0.000000E+00,2.984875E-02,6.552739E+02,1.183968E-01,1.449852E+03,1.319490E+03,2.984875E-02,8.569820E+02,7.352647E-02,7.470783E+02,1.217427E+03,1.498532E-01,5.520727E+03,2.984875E-02,0.000000E+00,0.000000E+00,5.001158E-02,1.097911E+03,1.974784E-01,2.419216E+03,2.213679E+03,5.001158E-02,1.435873E+03,1.280847E-01,1.306336E+03,2.097462E+03,2.310653E-01,8.668866E+03,5.001158E-02,0.000000E+00,0.000000E+00,5.001158E-02,1.097911E+03,1.980641E-01,2.425756E+03,2.220493E+03,5.001158E-02,1.435873E+03,1.283896E-01,1.309741E+03,2.101469E+03,2.304984E-01,8.652406E+03,5.001158E-02,0.000000E+00,0.000000E+00,2.984875E-02,6.552739E+02,1.187811E-01,1.454143E+03,1.323951E+03,2.984875E-02,8.569820E+02,7.372551E-02,7.493004E+02,1.220083E+03,1.494796E-01,5.509879E+03,2.984875E-02,0.000000E+00,0.000000E+00
19:10:00,7.309966E-02,1.628065E+03,2.927142E-01,3.558027E+03,3.445710E+03,7.309966E-02,2.118682E+03,2.561565E-01,2.659246E+03,3.774014E+03,1.139531E-01,6.173573E+03,7.309966E-02,0.000000E+00,0.000000E+00,2.984875E-02,6.647869E+02,1.173154E-01,1.428265E+03,1.297114E+03,2.984875E-02,8.651203E+02,7.263902E-02,7.290327E+02,1.197126E+03,1.498545E-01,5.520763E+03,2.984875E-02,0.000000E+00,0.000000E+00,5.001158E-02,1.113851E+03,1.958148E-01,2.384703E+03,2.177880E+03,5.001158E-02,1.449509E+03,1.267207E-01,1.277473E+03,2.065396E+03,2.310675E-01,8.668930E+03,5.001158E-02,0.000000E+00,0.000000E+00,5.001158E-02,1.113851E+03,1.963952E-01,2.391183E+03,2.184634E+03,5.001158E-02,1.449509E+03,1.270237E-01,1.280856E+03,2.069388E+03,2.305006E-01,8.652470E+03,5.001158E-02,0.000000E+00,0.000000E+00,2.984875E-02,6.647869E+02,1.176961E-01,1.432516E+03,1.301534E+03,2.984875E-02,8.651203E+02,7.283670E-02,7.312397E+02,1.199772E+03,1.494808E-01,5.509915E+03,2.984875E-02,0.000000E+00,0.000000E+00
19:20:00,7.309966E-02,1.651362E+03,2.919803E-01,3.526536E+03,3.413250E+03,7.309966E-02,2.138613E+03,2.555612E-01,2.632669E+03,3.746442E+03,1.139578E-01,6.173708E+03,7.309966E-02,0.000000E+00,0.000000E+00,2.984875E-02,6.742999E+02,1.162494E-01,1.406849E+03,1.274922E+03,2.984875E-02,8.732586E+02,7.176358E-02,7.111212E+02,1.176994E+03,1.498557E-01,5.520798E+03,2.984875E-02,0.000000E+00,0.000000E+00,5.001158E-02,1.129790E+03,1.941720E-01,2.350421E+03,2.142332E+03,5.001158E-02,1.463145E+03,1.253722E-01,1.248783E+03,2.033554E+03,2.310697E-01,8.668994E+03,5.001158E-02,0.000000E+00,0.000000E+00,5.001158E-02,1.129790E+03,1.947469E-01,2.356841E+03,2.149026E+03,5.001158E-02,1.463145E+03,1.256677E-01,1.252082E+03,2.037447E+03,2.305028E-01,8.652534E+03,5.001158E-02,0.000000E+00,0.000000E+00,2.984875E-02,6.742999E+02,1.166264E-01,1.411059E+03,1.279302E+03,2.984875E-02,8.732586E+02,7.195621E-02,7.132718E+02,1.179574E+03,1.494820E-01,5.509950E+03,2.984875E-02,0.000000E+00,0.000000E+00
19:30:00,7.309966E-02,1.674660E+03,2.912138E-01,3.494680E+03,3.380413E+03,7.309966E-02,2.158543E+03,2.549383E-01,2.605784E+03,3.718548E+03,1.139624E-01,6.173843E+03,7.309966E-02,0.000000E+00,0.000000E+00,2.984875E-02,6.838130E+02,1.152061E-01,1.385687E+03,1.252994E+03,2.984875E-02,8.813969E+02,7.090037E-02,6.933462E+02,1.156999E+03,1.498569E-01,5.520832E+03,2.984875E-02,0.000000E+00,0.000000E+00,5.001158E-02,1.145729E+03,1.925618E-01,2.316504E+03,2.107165E+03,5.001158E-02,1.476781E+03,1.240404E-01,1.220279E+03,2.001901E+03,2.310719E-01,8.669057E+03,5.001158E-02,0.000000E+00,0.000000E+00,5.001158E-02,1.145729E+03,1.931314E-01,2.322863E+03,2.113798E+03,5.001158E-02,1.476781E+03,1.243317E-01,1.223532E+03,2.005749E+03,2.305049E-01,8.652597E+03,5.001158E-02,0.000000E+00,0.000000E+00,2.984875E-02,6.838130E+02,1.155795E-01,1.389857E+03,1.257333E+03,2.984875E-02,8.813969E+02,7.109024E-02,6.954659E+02,1.159549E+03,1.494832E-01,5.509985E+03,2.984875E-02,0.000000E+00,0.000000E+00
19:40:00,7.309966E-02,1.697957E+03,2.904269E-01,3.462598E+03,3.347344E+03,7.309966E-02,2.178474E+03,2.542978E-01,2.578702E+03,3.690452E+03,1.139670E-01,6.173976E+03,7.309966E-02,0.000000E+00,0.000000E+00,2.984875E-02,6.933260E+02,1.141918E-01,1.364849E+03,1.231405E+03,2.984875E-02,8.895352E+02,7.005995E-02,6.758255E+02,1.137298E+03,1.498581E-01,5.520867E+03,2.984875E-02,0.000000E+00,0.000000E+00,5.001158E-02,1.161668E+03,1.909944E-01,2.283064E+03,2.072497E+03,5.001158E-02,1.490416E+03,1.227418E-01,1.192146E+03,1.970676E+03,2.310740E-01,8.669119E+03,5.001158E-02,0.000000E+00,0.000000E+00,5.001158E-02,1.161668E+03,1.915586E-01,2.289364E+03,2.079070E+03,5.001158E-02,1.490416E+03,1.230245E-01,1.195302E+03,1.974412E+03,2.305071E-01,8.652659E+03,5.001158E-02,0.000000E+00,0.000000E+00,2.984875E-02,6.933260E+02,1.145616E-01,1.368978E+03,1.235703E+03,2.984875E-02,8.895352E+02,7.024403E-02,6.778807E+02,1.139773E+03,1.494844E-01,5.510019E+03,2.984875E-02,0.000000E+00,0.000000E+00
19:50:00,7.309966E-02,1.721255E+03,2.896306E-01,3.430410E+03,3.314170E+03,7.309966E-02,2.198405E+03,2.536484E-01,2.551521E+03,3.662257E+03,1.139715E-01,6.174108E+03,7.309966E-02,0.000000E+00,0.000000E+00,2.984875E-02,7.028390E+02,1.132118E-01,1.344393E+03,1.210220E+03,2.984875E-02,8.976735E+02,6.924116E-02,6.585463E+02,1.117878E+03,1.498592E-01,5.520901E+03,2.984875E-02,0.000000E+00,0.000000E+00,5.001158E-02,1.177607E+03,1.894783E-01,2.250197E+03,2.038438E+03,5.001158E-02,1.504052E+03,1.214753E-01,1.164371E+03,1.939869E+03,2.310762E-01,8.669181E+03,5.001158E-02,0.000000E+00,0.000000E+00,5.001158E-02,1.177607E+03,1.900372E-01,2.256437E+03,2.044951E+03,5.001158E-02,1.504052E+03,1.217579E-01,1.167526E+03,1.943622E+03,2.305092E-01,8.652721E+03,5.001158E-02,0.000000E+00,0.000000E+00,2.984875E-02,7.028390E+02,1.135779E-01,1.348482E+03,1.214478E+03,2.984875E-02,8.976735E+02,6.942519E-02,6.606008E+02,1.120365E+03,1.494856E-01,5.510053E+03,2.984875E-02,0.000000E+00,0.000000E+00
20:00:00,7.309966E-02,1.744552E+03,2.888336E-01,3.398215E+03,3.280997E+03,7.309966E-02,2.218336E+03,2.529976E-01,2.524324E+03,3.634055E+03,1.139761E-01,6.174239E+03,7.309966E-02,0.000000E+00,0.000000E+00,2.984875E-02,7.123520E+02,1.122705E-01,1.324371E+03,1.189498E+03,2.984875E-02,9.058118E+02,6.845341E-02,6.416135E+02,1.098892E+03,1.498604E-01,5.520935E+03,2.984875E-02,0.000000E+00,0.000000E+00,5.001158E-02,1.193546E+03,1.880207E-01,2.217983E+03,2.005080E+03,5.001158E-02,1.517688E+03,1.202554E-01,1.137116E+03,1.909712E+03,2.310783E-01,8.669242E+03,5.001158E-02,0.000000E+00,0.000000E+00,5.001158E-02,1.193546E+03,1.885742E-01,2.224164E+03,2.011533E+03,5.001158E-02,1.517688E+03,1.205296E-01,1.140178E+03,1.913355E+03,2.305113E-01,8.652782E+03,5.001158E-02,0.000000E+00,0.000000E+00,2.984875E-02,7.123520E+02,1.126331E-01,1.328419E+03,1.193715E+03,2.984875E-02,9.058118E+02,6.863179E-02,6.436050E+02,1.101306E+03,1.494868E-01,5.510087E+03,2.984875E-02,0.000000E+00,0.000000E+00
20:10:00,7.309966E-02,1.763614E+03,2.880425E-01,3.370320E+03,3.252217E+03,7.309966E-02,2.234643E+03,2.523506E-01,2.500794E+03,3.609618E+03,1.139805E-01,6.174369E+03,7.309966E-02,0.000000E+00,0.000000E+00,2.984875E-02,7.201354E+02,1.113546E-01,1.306360E+03,1.170837E+03,2.984875E-02,9.124705E+02,6.768062E-02,6.263274E+02,1.081614E+03,1.498616E-01,5.520969E+03,2.984875E-02,0.000000E+00,0.000000E+00,5.001158E-02,1.206587E+03,1.866015E-01,2.189096E+03,1.975132E+03,5.001158E-02,1.528844E+03,1.190583E-01,1.112596E+03,1.882392E+03,2.310803E-01,8.669303E+03,5.001158E-02,0.000000E+00,0.000000E+00,5.001158E-02,1.206587E+03,1.871496E-01,2.195216E+03,1.981523E+03,5.001158E-02,1.528844E+03,1.193273E-01,1.115599E+03,1.885973E+03,2.305134E-01,8.652843E+03,5.001158E-02,0.000000E+00,0.000000E+00,2.984875E-02,7.201354E+02,1.117134E-01,1.310367E+03,1.175011E+03,2.984875E-02,9.124705E+02,6.785549E-02,6.282798E+02,1.083987E+03,1.494879E-01,5.510121E+03,2.984875E-02,0.000000E+00,0.000000E+00
20:20:00,7.309966E-02,1.782675E+03,2.872604E-01,3.342527E+03,3.223555E+03,7.309966E-02,2.250950E+03,2.517104E-01,2.477339E+03,3.585273E+03,1.139850E-01,6.174499E+03,7.309966E-02,0.000000E+00,0.000000E+00,2.984875E-02,7.279188E+02,1.104634E-01,1.288626E+03,1.152462E+03,2.984875E-02,9.191291E+02,6.692395E-02,6.112212E+02,1.064525E+03,1.498627E-01,5.521002E+03,2.984875E-02,0.000000E+00,0.000000E+00,5.001158E-02,1.219628E+03,1.852200E-01,2.160630E+03,1.945621E+03,5.001158E-02,1.540001E+03,1.178859E-01,1.088350E+03,1.855365E+03,2.310824E-01,8.669363E+03,5.001158E-02,0.000000E+00,0.000000E+00,5.001158E-02,1.219628E+03,1.857624E-01,2.166686E+03,1.951948E+03,5.001158E-02,1.540001E+03,1.181502E-01,1.091301E+03,1.858892E+03,2.305155E-01,8.652903E+03,5.001158E-02,0.000000E+00,0.000000E+00,2.984875E-02,7.279188E+02,1.108183E-01,1.292589E+03,1.156593E+03,2.984875E-02,9.191291E+02,6.709569E-02,6.131387E+02,1.066862E+03,1.494891E-01,5.510154E+03,2.984875E-02,0.000000E+00,0.000000E+00
20:30:00,7.309966E-02,1.801737E+03,2.864892E-01,3.314854E+03,3.195028E+03,7.309966E-02,2.267257E+03,2.510785E-01,2.453977E+03,3.561035E+03,1.139894E-01,6.174627E+03,7.309966E-02,0.000000E+00,0.000000E+00,2.984875E-02,7.357022E+02,1.095977E-01,1.271177E+03,1.134383E+03,2.984875E-02,9.257877E+02,6.618406E-02,5.963025E+02,1.047628E+03,1.498638E-01,5.521035E+03,2.984875E-02,0.000000E+00,0.000000E+00,5.001158E-02,1.232669E+03,1.838771E-01,2.132595E+03,1.916555E+03,5.001158E-02,1.551157E+03,1.167393E-01,1.064393E+03,1.828636E+03,2.310845E-01,8.669422E+03,5.001158E-02,0.000000E+00,0.000000E+00,5.001158E-02,1.232669E+03,1.844136E-01,2.138585E+03,1.922816E+03,5.001158E-02,1.551157E+03,1.169991E-01,1.067293E+03,1.832111E+03,2.305175E-01,8.652962E+03,5.001158E-02,0.000000E+00,0.000000E+00,2.984875E-02,7.357022E+02,1.099485E-01,1.275094E+03,1.138467E+03,2.984875E-02,9.257877E+02,6.635276E-02,5.981859E+02,1.049931E+03,1.494902E-01,5.510187E+03,2.984875E-02,0.000000E+00,0.000000E+00
20:40:00,7.309966E-02,1.820798E+03,2.857294E-01,3.287310E+03,3.166641E+03,7.309966E-02,2.283564E+03,2.504557E-01,2.430716E+03,3.536911E+03,1.139938E-01,6.174754E+03,7.309966E-02,0.000000E+00,0.000000E+00,2.984875E-02,7.434856E+02,1.087590E-01,1.254030E+03,1.116616E+03,2.984875E-02,9.324463E+02,6.546168E-02,5.815791E+02,1.030939E+03,1.498650E-01,5.521067E+03,2.984875E-02,0.000000E+00,0.000000E+00,5.001158E-02,1.245710E+03,1.825746E-01,2.105011E+03,1.887958E+03,5.001158E-02,1.562314E+03,1.156194E-01,1.040733E+03,1.802223E+03,2.310865E-01,8.669481E+03,5.001158E-02,0.000000E+00,0.000000E+00,5.001158E-02,1.245710E+03,1.831046E-01,2.110929E+03,1.894144E+03,5.001158E-02,1.562314E+03,1.158744E-01,1.043581E+03,1.805643E+03,2.305196E-01,8.653021E+03,5.001158E-02,0.000000E+00,0.000000E+00,2.984875E-02,7.434856E+02,1.091052E-01,1.257895E+03,1.120647E+03,2.984875E-02,9.324463E+02,6.562726E-02,5.834277E+02,1.033205E+03,1.494913E-01,5.510220E+03,2.984875E-02,0.000000E+00,0.000000E+00
20:50:00,7.309966E-02,1.839860E+03,2.849819E-01,3.259902E+03,3.138400E+03,7.309966E-02,2.299871E+03,2.498424E-01,2.407562E+03,3.512905E+03,1.139981E-01,6.174880E+03,7.309966E-02,0.000000E+00,0.000000E+00,2.984875E-02,7.512689E+02,1.079515E-01,1.237230E+03,1.099215E+03,2.984875E-02,9.391049E+02,6.475700E-02,5.670534E+02,1.014466E+03,1.498661E-01,5.521100E+03,2.984875E-02,0.000000E+00,0.000000E+00,5.001158E-02,1.258751E+03,1.813171E-01,2.077929E+03,1.859891E+03,5.001158E-02,1.573470E+03,1.145264E-01,1.017375E+03,1.776143E+03,2.310885E-01,8.669540E+03,5.001158E-02,0.000000E+00,0.000000E+00,5.001158E-02,1.258751E+03,1.818382E-01,2.083747E+03,1.865973E+03,5.001158E-02,1.573470E+03,1.147767E-01,1.020169E+03,1.779507E+03,2.305216E-01,8.653080E+03,5.001158E-02,0.000000E+00,0.000000E+00,2.984875E-02,7.512689E+02,1.082916E-01,1.241027E+03,1.103176E+03,2.984875E-02,9.391049E+02,6.491940E-02,5.688665E+02,1.016696E+03,1.494924E-01,5.510252E+03,2.984875E-02,0.000000E+00,0.000000E+00
21:00:00,7.309966E-02,1.858921E+03,2.842468E-01,3.232634E+03,3.110307E+03,7.309966E-02,2.316178E+03,2.492393E-01,2.384521E+03,3.489021E+03,1.140024E-01,6.175005E+03,7.309966E-02,0.000000E+00,0.000000E+00,2.984875E-02,7.590523E+02,1.071703E-01,1.220723E+03,1.082121E+03,2.984875E-02,9.457635E+02,6.407022E-02,5.527274E+02,9.982221E+02,1.498672E-01,5.521132E+03,2.984875E-02,0.000000E+00,0.000000E+00,5.001158E-02,1.271792E+03,1.801037E-01,2.051340E+03,1.832343E+03,5.001158E-02,1.584627E+03,1.134607E-01,9.943201E+02,1.750411E+03,2.310905E-01,8.669598E+03,5.001158E-02,0.000000E+00,0.000000E+00,5.001158E-02,1.271792E+03,1.806191E-01,2.057094E+03,1.838362E+03,5.001158E-02,1.584627E+03,1.137062E-01,9.970615E+02,1.753718E+03,2.305236E-01,8.653138E+03,5.001158E-02,0.000000E+00,0.000000E+00,2.984875E-02,7.590523E+02,1.075069E-01,1.224483E+03,1.086044E+03,2.984875E-02,9.457635E+02,6.422943E-02,5.545048E+02,1.000414E+03,1.494935E-01,5.510284E+03,2.984875E-02,0.000000E+00,0.000000E+00
21:10:00,7.309966E-02,1.877983E+03,2.835237E-01,3.205499E+03,3.082355E+03,7.309966E-02,2.332484E+03,2.486459E-01,2.361589E+03,3.465255E+03,1.140067E-01,6.175129E+03,7.309966E-02,0.000000E+00,0.000000E+00,2.984875E-02,7.668357E+02,1.063929E-01,1.204261E+03,1.065064E+03,2.984875E-02,9.524222E+02,6.338395E-02,5.384072E+02,9.819408E+02,1.498683E-01,5.521164E+03,2.984875E-02,0.000000E+00,0.000000E+00,5.001158E-02,1.284833E+03,1.788984E-01,2.024841E+03,1.804876E+03,5.001158E-02,1.595783E+03,1.123961E-01,9.712779E+02,1.724635E+03,2.310925E-01,8.669655E+03,5.001158E-02,0.000000E+00,0.000000E+00,5.001158E-02,1.284833E+03,1.794096E-01,2.030549E+03,1.810849E+03,5.001158E-02,1.595783E+03,1.126367E-01,9.739649E+02,1.727884E+03,2.305256E-01,8.653195E+03,5.001158E-02,0.000000E+00,0.000000E+00,2.984875E-02,7.668357E+02,1.067272E-01,1.207993E+03,1.068962E+03,2.984875E-02,9.524222E+02,6.353988E-02,5.401481E+02,9.840941E+02,1.494946E-01,5.510316E+03,2.984875E-02,0.000000E+00,0.000000E+00
21:20:00,7.309966E-02,1.897044E+03,2.828105E-01,3.178474E+03,3.054519E+03,7.309966E-02,2.348791E+03,2.480606E-01,2.338748E+03,3.441586E+03,1.140110E-01,6.175253E+03,7.309966E-02,0.000000E+00,0.000000E+00,2.984875E-02,7.746191E+02,1.056157E-01,1.187799E+03,1.048005E+03,2.984875E-02,9.590808E+02,6.269757E-02,5.240858E+02,9.656160E+02,1.498694E-01,5.521195E+03,2.984875E-02,0.000000E+00,0.000000E+00,5.001158E-02,1.297874E+03,1.776951E-01,1.998364E+03,1.777423E+03,5.001158E-02,1.606940E+03,1.113314E-01,9.482356E+02,1.698804E+03,2.310945E-01,8.669712E+03,5.001158E-02,0.000000E+00,0.000000E+00,5.001158E-02,1.297874E+03,1.782033E-01,2.004039E+03,1.783364E+03,5.001158E-02,1.606940E+03,1.115671E-01,9.508666E+02,1.701993E+03,2.305275E-01,8.653252E+03,5.001158E-02,0.000000E+00,0.000000E+00,2.984875E-02,7.746191E+02,1.059484E-01,1.191514E+03,1.051884E+03,2.984875E-02,9.590808E+02,6.285014E-02,5.257891E+02,9.677291E+02,1.494957E-01,5.510347E+03,2.984875E-02,0.000000E+00,0.000000E+00
21:30:00,7.309966E-02,1.916106E+03,2.821043E-01,3.151528E+03,3.026764E+03,7.309966E-02,2.365098E+03,2.474813E-01,2.315973E+03,3.417986E+03,1.140152E-01,6.175375E+03,7.309966E-02,0.000000E+00,0.000000E+00,2.984875E-02,7.824025E+02,1.048347E-01,1.171295E+03,1.030897E+03,2.984875E-02,9.657394E+02,6.201007E-02,5.097518E+02,9.492344E+02,1.498704E-01,5.521226E+03,2.984875E-02,0.000000E+00,0.000000E+00,5.001158E-02,1.310915E+03,1.764877E-01,1.971842E+03,1.749914E+03,5.001158E-02,1.618096E+03,1.102649E-01,9.251723E+02,1.672893E+03,2.310964E-01,8.669769E+03,5.001158E-02,0.000000E+00,0.000000E+00,5.001158E-02,1.310915E+03,1.769941E-01,1.977497E+03,1.755836E+03,5.001158E-02,1.618096E+03,1.104954E-01,9.277460E+02,1.676021E+03,2.305295E-01,8.653309E+03,5.001158E-02,0.000000E+00,0.000000E+00,2.984875E-02,7.824025E+02,1.051665E-01,1.175000E+03,1.034768E+03,2.984875E-02,9.657394E+02,6.215915E-02,5.114162E+02,9.513053E+02,1.494968E-01,5.510379E+03,2.984875E-02,0.000000E+00,0.000000E+00
21:40:00,7.309966E-02,1.935167E+03,2.814025E-01,3.124631E+03,2.999059E+03,7.309966E-02,2.381405E+03,2.469058E-01,2.293240E+03,3.394428E+03,1.140194E-01,6.175496E+03,7.309966E-02,0.000000E+00,0.000000E+00,2.984875E-02,7.901859E+02,1.040456E-01,1.154702E+03,1.013692E+03,2.984875E-02,9.723980E+02,6.132023E-02,4.953917E+02,9.327787E+02,1.498715E-01,5.521257E+03,2.984875E-02,0.000000E+00,0.000000E+00,5.001158E-02,1.323956E+03,1.752700E-01,1.945205E+03,1.722282E+03,5.001158E-02,1.629253E+03,1.091948E-01,9.020688E+02,1.646880E+03,2.310983E-01,8.669825E+03,5.001158E-02,0.000000E+00,0.000000E+00,5.001158E-02,1.323956E+03,1.757759E-01,1.950854E+03,1.728198E+03,5.001158E-02,1.629253E+03,1.094201E-01,9.045847E+02,1.649945E+03,2.305314E-01,8.653365E+03,5.001158E-02,0.000000E+00,0.000000E+00,2.984875E-02,7.901859E+02,1.043775E-01,1.158408E+03,1.017565E+03,2.984875E-02,9.723980E+02,6.146582E-02,4.970171E+02,9.348073E+02,1.494979E-01,5.510409E+03,2.984875E-02,0.000000E+00,0.000000E+00
21:50:00,7.309966E-02,1.954229E+03,2.807029E-01,3.097758E+03,2.971375E+03,7.309966E-02,2.397712E+03,2.463323E-01,2.270530E+03,3.370890E+03,1.140235E-01,6.175617E+03,7.309966E-02,0.000000E+00,0.000000E+00,2.984875E-02,7.979692E+02,1.032420E-01,1.137945E+03,9.963102E+02,2.984875E-02,9.790566E+02,6.062740E-02,4.809982E+02,9.162397E+02,1.498725E-01,5.521288E+03,2.984875E-02,0.000000E+00,0.000000E+00,5.001158E-02,1.336998E+03,1.740337E-01,1.918360E+03,1.694420E+03,5.001158E-02,1.640409E+03,1.081199E-01,8.789118E+02,1.620749E+03,2.311002E-01,8.669880E+03,5.001158E-02,0.000000E+00,0.000000E+00,5.001158E-02,1.336998E+03,1.745420E-01,1.924036E+03,1.700369E+03,5.001158E-02,1.640409E+03,1.083400E-01,8.813693E+02,1.623750E+03,2.305333E-01,8.653420E+03,5.001158E-02,0.000000E+00,0.000000E+00,2.984875E-02,7.979692E+02,1.035759E-01,1.141673E+03,1.000208E+03,2.984875E-02,9.790566E+02,6.076945E-02,4.825842E+02,9.182253E+02,1.494989E-01,5.510440E+03,2.984875E-02,0.000000E+00,0.000000E+00
22:00:00,7.309966E-02,1.973290E+03,2.800038E-01,3.070891E+03,2.943693E+03,7.309966E-02,2.414019E+03,2.457592E-01,2.247824E+03,3.347353E+03,1.140276E-01,6.175736E+03,7.309966E-02,0.000000E+00,0.000000E+00,2.984875E-02,8.057526E+02,1.024263E-01,1.121054E+03,9.787818E+02,2.984875E-02,9.857152E+02,5.993099E-02,4.665648E+02,8.996088E+02,1.498736E-01,5.521318E+03,2.984875E-02,0.000000E+00,0.000000E+00,5.001158E-02,1.350039E+03,1.727759E-01,1.891275E+03,1.666297E+03,5.001158E-02,1.651566E+03,1.070392E-01,8.556905E+02,1.594485E+03,2.311021E-01,8.669935E+03,5.001158E-02,0.000000E+00,0.000000E+00,5.001158E-02,1.350039E+03,1.732842E-01,1.896950E+03,1.672247E+03,5.001158E-02,1.651566E+03,1.072540E-01,8.580885E+02,1.597421E+03,2.305352E-01,8.653475E+03,5.001158E-02,0.000000E+00,0.000000E+00,2.984875E-02,8.057526E+02,1.027598E-01,1.124778E+03,9.826773E+02,2.984875E-02,9.857152E+02,6.006946E-02,4.681107E+02,9.015506E+02,1.495000E-01,5.510470E+03,2.984875E-02,0.000000E+00,0.000000E+00
22:10:00,7.309966E-02,1.988116E+03,2.793046E-01,3.048260E+03,2.920325E+03,7.309966E-02,2.426703E+03,2.451860E-01,2.228742E+03,3.327520E+03,1.140317E-01,6.175855E+03,7.309966E-02,0.000000E+00,0.000000E+00,2.984875E-02,8.118064E+02,1.016196E-01,1.105993E+03,9.631258E+02,2.984875E-02,9.908942E+02,5.924865E-02,4.537682E+02,8.846845E+02,1.498746E-01,5.521348E+03,2.984875E-02,0.000000E+00,0.000000E+00,5.001158E-02,1.360182E+03,1.715306E-01,1.867228E+03,1.641282E+03,5.001158E-02,1.660243E+03,1.059792E-01,8.351795E+02,1.571045E+03,2.311040E-01,8.669989E+03,5.001158E-02,0.000000E+00,0.000000E+00,5.001158E-02,1.360182E+03,1.720376E-01,1.872889E+03,1.647220E+03,5.001158E-02,1.660243E+03,1.061887E-01,8.375186E+02,1.573916E+03,2.305371E-01,8.653530E+03,5.001158E-02,0.000000E+00,0.000000E+00,2.984875E-02,8.118064E+02,1.019520E-01,1.109705E+03,9.670105E+02,2.984875E-02,9.908942E+02,5.938355E-02,4.552743E+02,8.865826E+02,1.495010E-01,5.510500E+03,2.984875E-02,0.000000E+00,0.000000E+00
22:20:00,7.309966E-02,2.002942E+03,2.786069E-01,3.025645E+03,2.896973E+03,7.309966E-02,2.439386E+03,2.446138E-01,2.209669E+03,3.307696E+03,1.140358E-01,6.175972E+03,7.309966E-02,0.000000E+00,0.000000E+00,2.984875E-02,8.178601E+02,1.008239E-01,1.091055E+03,9.475989E+02,2.984875E-02,9.960731E+02,5.858069E-02,4.411321E+02,8.699346E+02,1.498757E-01,5.521378E+03,2.984875E-02,0.000000E+00,0.000000E+00,5.001158E-02,1.370325E+03,1.703014E-01,1.843361E+03,1.616455E+03,5.001158E-02,1.668921E+03,1.049405E-01,8.149064E+02,1.547863E+03,2.311059E-01,8.670043E+03,5.001158E-02,0.000000E+00,0.000000E+00,5.001158E-02,1.370325E+03,1.708063E-01,1.848998E+03,1.622371E+03,5.001158E-02,1.668921E+03,1.051449E-01,8.171875E+02,1.550671E+03,2.305389E-01,8.653583E+03,5.001158E-02,0.000000E+00,0.000000E+00,2.984875E-02,8.178601E+02,1.011549E-01,1.094751E+03,9.514676E+02,2.984875E-02,9.960731E+02,5.871209E-02,4.425991E+02,8.717895E+02,1.495020E-01,5.510530E+03,2.984875E-02,0.000000E+00,0.000000E+00
22:30:00,7.309966E-02,2.017767E+03,2.779129E-01,3.003070E+03,2.873664E+03,7.309966E-02,2.452069E+03,2.440441E-01,2.190625E+03,3.287902E+03,1.140398E-01,6.176089E+03,7.309966E-02,0.000000E+00,0.000000E+00,2.984875E-02,8.239139E+02,1.000414E-01,1.076265E+03,9.322230E+02,2.984875E-02,1.001252E+03,5.792797E-02,4.286661E+02,8.553655E+02,1.498767E-01,5.521407E+03,2.984875E-02,0.000000E+00,0.000000E+00,5.001158E-02,1.380468E+03,1.690918E-01,1.819711E+03,1.591852E+03,5.001158E-02,1.677598E+03,1.039246E-01,7.948868E+02,1.524951E+03,2.311077E-01,8.670097E+03,5.001158E-02,0.000000E+00,0.000000E+00,5.001158E-02,1.380468E+03,1.695941E-01,1.825321E+03,1.597740E+03,5.001158E-02,1.677598E+03,1.041238E-01,7.971109E+02,1.527696E+03,2.305408E-01,8.653637E+03,5.001158E-02,0.000000E+00,0.000000E+00,2.984875E-02,8.239139E+02,1.003706E-01,1.079941E+03,9.360722E+02,2.984875E-02,1.001252E+03,5.805592E-02,4.300946E+02,8.571778E+02,1.495030E-01,5.510560E+03,2.984875E-02,0.000000E+00,0.000000E+00
22:40:00,7.309966E-02,2.032593E+03,2.772249E-01,2.980563E+03,2.850427E+03,7.309966E-02,2.464752E+03,2.434788E-01,2.171631E+03,3.268160E+03,1.140438E-01,6.176205E+03,7.309966E-02,0.000000E+00,0.000000E+00,2.984875E-02,8.299676E+02,9.927401E-02,1.061643E+03,9.170224E+02,2.984875E-02,1.006431E+03,5.729137E-02,4.163801E+02,8.409941E+02,1.498777E-01,5.521437E+03,2.984875E-02,0.000000E+00,0.000000E+00,5.001158E-02,1.390611E+03,1.679048E-01,1.796315E+03,1.567512E+03,5.001158E-02,1.686275E+03,1.029328E-01,7.751371E+02,1.502335E+03,2.311095E-01,8.670150E+03,5.001158E-02,0.000000E+00,0.000000E+00,5.001158E-02,1.390611E+03,1.684042E-01,1.801891E+03,1.573368E+03,5.001158E-02,1.686275E+03,1.031270E-01,7.773052E+02,1.505018E+03,2.305426E-01,8.653690E+03,5.001158E-02,0.000000E+00,0.000000E+00,2.984875E-02,8.299676E+02,9.960122E-02,1.065296E+03,9.208494E+02,2.984875E-02,1.006431E+03,5.741592E-02,4.177706E+02,8.427643E+02,1.495041E-01,5.510589E+03,2.984875E-02,0.000000E+00,0.000000E+00
22:50:00,7.309966E-02,2.047419E+03,2.765451E-01,2.958147E+03,2.827285E+03,7.309966E-02,2.477435E+03,2.429195E-01,2.152704E+03,3.248489E+03,1.140477E-01,6.176320E+03,7.309966E-02,0.000000E+00,0.000000E+00,2.984875E-02,8.360213E+02,9.852326E-02,1.047206E+03,9.020180E+02,2.984875E-02,1.011610E+03,5.667172E-02,4.042833E+02,8.268403E+02,1.498787E-01,5.521466E+03,2.984875E-02,0.000000E+00,0.000000E+00,5.001158E-02,1.400754E+03,1.667430E-01,1.773200E+03,1.543471E+03,5.001158E-02,1.694952E+03,1.019666E-01,7.556727E+02,1.480046E+03,2.311113E-01,8.670202E+03,5.001158E-02,0.000000E+00,0.000000E+00,5.001158E-02,1.400754E+03,1.672392E-01,1.778741E+03,1.549291E+03,5.001158E-02,1.694952E+03,1.021559E-01,7.577858E+02,1.482668E+03,2.305444E-01,8.653742E+03,5.001158E-02,0.000000E+00,0.000000E+00,2.984875E-02,8.360213E+02,9.884829E-02,1.050835E+03,9.058208E+02,2.984875E-02,1.011610E+03,5.679295E-02,4.056367E+02,8.285689E+02,1.495051E-01,5.510618E+03,2.984875E-02,0.000000E+00,0.000000E+00
23:00:00,7.309966E-02,2.062244E+03,2.758751E-01,2.935842E+03,2.804259E+03,7.309966E-02,2.490119E+03,2.423678E-01,2.133860E+03,3.228909E+03,1.140516E-01,6.176434E+03,7.309966E-02,0.000000E+00,0.000000E+00,2.984875E-02,8.420751E+02,9.779056E-02,1.032972E+03,8.872280E+02,2.984875E-02,1.016789E+03,5.606979E-02,3.923843E+02,8.129228E+02,1.498797E-01,5.521494E+03,2.984875E-02,0.000000E+00,0.000000E+00,5.001158E-02,1.410897E+03,1.656087E-01,1.750392E+03,1.519758E+03,5.001158E-02,1.703630E+03,1.010272E-01,7.365074E+02,1.458113E+03,2.311131E-01,8.670254E+03,5.001158E-02,0.000000E+00,0.000000E+00,5.001158E-02,1.410897E+03,1.661015E-01,1.755895E+03,1.525540E+03,5.001158E-02,1.703630E+03,1.012116E-01,7.385666E+02,1.460675E+03,2.305462E-01,8.653795E+03,5.001158E-02,0.000000E+00,0.000000E+00,2.984875E-02,8.420751E+02,9.811329E-02,1.036575E+03,8.910052E+02,2.984875E-02,1.016789E+03,5.618775E-02,3.937013E+02,8.146104E+02,1.495060E-01,5.510647E+03,2.984875E-02,0.000000E+00,0.000000E+00
23:10:00,7.309966E-02,2.077070E+03,2.752158E-01,2.913654E+03,2.781361E+03,7.309966E-02,2.502802E+03,2.418241E-01,2.115107E+03,3.209425E+03,1.140555E-01,6.176547E+03,7.309966E-02,0.000000E+00,0.000000E+00,2.984875E-02,8.481288E+02,9.705748E-02,1.018733E+03,8.724291E+02,2.984875E-02,1.021968E+03,5.546818E-02,3.804889E+02,7.989662E+02,1.498806E-01,5.521523E+03,2.984875E-02,0.000000E+00,0.000000E+00,5.001158E-02,1.421040E+03,1.644742E-01,1.727583E+03,1.496036E+03,5.001158E-02,1.712307E+03,1.000884E-01,7.173493E+02,1.436133E+03,2.311149E-01,8.670306E+03,5.001158E-02,0.000000E+00,0.000000E+00,5.001158E-02,1.421040E+03,1.649635E-01,1.733045E+03,1.501778E+03,5.001158E-02,1.712307E+03,1.002680E-01,7.193545E+02,1.438634E+03,2.305480E-01,8.653846E+03,5.001158E-02,0.000000E+00,0.000000E+00,2.984875E-02,8.481288E+02,9.737780E-02,1.022309E+03,8.761793E+02,2.984875E-02,1.021968E+03,5.558287E-02,3.817693E+02,8.006125E+02,1.495070E-01,5.510675E+03,2.984875E-02,0.000000E+00,0.000000E+00
23:20:00,7.309966E-02,2.091895E+03,2.745659E-01,2.891572E+03,2.758573E+03,7.309966E-02,2.515485E+03,2.412876E-01,2.096434E+03,3.190027E+03,1.140594E-01,6.176659E+03,7.309966E-02,0.000000E+00,0.000000E+00,2.984875E-02,8.541826E+02,9.632364E-02,1.004485E+03,8.576169E+02,2.984875E-02,1.027147E+03,5.486685E-02,3.685966E+02,7.849717E+02,1.498816E-01,5.521551E+03,2.984875E-02,0.000000E+00,0.000000E+00,5.001158E-02,1.431183E+03,1.633390E-01,1.704764E+03,1.472297E+03,5.001158E-02,1.720984E+03,9.915005E-02,6.981964E+02,1.414105E+03,2.311167E-01,8.670357E+03,5.001158E-02,0.000000E+00,0.000000E+00,5.001158E-02,1.431183E+03,1.638245E-01,1.710184E+03,1.477996E+03,5.001158E-02,1.720984E+03,9.932475E-02,7.001468E+02,1.416544E+03,2.305497E-01,8.653897E+03,5.001158E-02,0.000000E+00,0.000000E+00,2.984875E-02,8.541826E+02,9.664139E-02,1.008033E+03,8.613382E+02,2.984875E-02,1.027147E+03,5.497821E-02,3.698399E+02,7.865757E+02,1.495080E-01,5.510703E+03,2.984875E-02,0.000000E+00,0.000000E+00
23:30:00,7.309966E-02,2.106721E+03,2.739233E-01,2.869573E+03,2.735870E+03,7.309966E-02,2.528168E+03,2.407568E-01,2.077824E+03,3.170695E+03,1.140632E-01,6.176770E+03,7.309966E-02,0.000000E+00,0.000000E+00,2.984875E-02,8.602363E+02,9.558818E-02,9.902195E+02,8.427809E+02,2.984875E-02,1.032326E+03,5.426527E-02,3.567015E+02,7.709328E+02,1.498826E-01,5.521579E+03,2.984875E-02,0.000000E+00,0.000000E+00,5.001158E-02,1.441326E+03,1.622016E-01,1.681921E+03,1.448524E+03,5.001158E-02,1.729662E+03,9.821123E-02,6.790380E+02,1.392017E+03,2.311184E-01,8.670408E+03,5.001158E-02,0.000000E+00,0.000000E+00,5.001158E-02,1.441326E+03,1.626830E-01,1.687296E+03,1.454178E+03,5.001158E-02,1.729662E+03,9.838096E-02,6.809329E+02,1.394393E+03,2.305515E-01,8.653948E+03,5.001158E-02,0.000000E+00,0.000000E+00,2.984875E-02,8.602363E+02,9.590322E-02,9.937372E+02,8.464718E+02,2.984875E-02,1.032326E+03,5.437326E-02,3.579072E+02,7.724936E+02,1.495090E-01,5.510731E+03,2.984875E-02,0.000000E+00,0.000000E+00
23:40:00,7.309966E-02,2.121547E+03,2.732862E-01,2.847633E+03,2.713229E+03,7.309966E-02,2.540851E+03,2.402299E-01,2.059258E+03,3.151408E+03,1.140671E-01,6.176881E+03,7.309966E-02,0.000000E+00,0.000000E+00,2.984875E-02,8.662901E+02,9.485026E-02,9.759265E+02,8.279124E+02,2.984875E-02,1.037504E+03,5.366291E-02,3.447978E+02,7.568422E+02,1.498835E-01,5.521607E+03,2.984875E-02,0.000000E+00,0.000000E+00,5.001158E-02,1.451469E+03,1.610606E-01,1.659038E+03,1.424703E+03,5.001158E-02,1.738339E+03,9.727097E-02,6.598635E+02,1.369859E+03,2.311201E-01,8.670458E+03,5.001158E-02,0.000000E+00,0.000000E+00,5.001158E-02,1.451469E+03,1.615377E-01,1.664366E+03,1.430309E+03,5.001158E-02,1.738339E+03,9.743566E-02,6.617021E+02,1.372170E+03,2.305532E-01,8.653998E+03,5.001158E-02,0.000000E+00,0.000000E+00,2.984875E-02,8.662901E+02,9.516245E-02,9.794123E+02,8.315713E+02,2.984875E-02,1.037504E+03,5.376749E-02,3.459653E+02,7.583588E+02,1.495099E-01,5.510759E+03,2.984875E-02,0.000000E+00,0.000000E+00
23:50:00,7.309966E-02,2.136372E+03,2.726525E-01,2.825733E+03,2.690627E+03,7.309966E-02,2.553535E+03,2.397057E-01,2.040722E+03,3.132149E+03,1.140708E-01,6.176991E+03,7.309966E-02,0.000000E+00,0.000000E+00,2.984875E-02,8.723438E+02,9.410916E-02,9.615980E+02,8.130024E+02,2.984875E-02,1.042683E+03,5.305933E-02,3.328803E+02,7.426929E+02,1.498845E-01,5.521634E+03,2.984875E-02,0.000000E+00,0.000000E+00,5.001158E-02,1.461612E+03,1.599147E-01,1.636101E+03,1.400820E+03,5.001158E-02,1.747016E+03,9.632842E-02,6.406634E+02,1.347616E+03,2.311219E-01,8.670508E+03,5.001158E-02,0.000000E+00,0.000000E+00,5.001158E-02,1.461612E+03,1.603874E-01,1.641379E+03,1.406375E+03,5.001158E-02,1.747016E+03,9.648800E-02,6.424450E+02,1.349862E+03,2.305549E-01,8.654048E+03,5.001158E-02,0.000000E+00,0.000000E+00,2.984875E-02,8.723438E+02,9.441836E-02,9.650504E+02,8.166275E+02,2.984875E-02,1.042683E+03,5.316043E-02,3.340091E+02,7.441643E+02,1.495109E-01,5.510787E+03,2.984875E-02,0.000000E+00,0.000000E+00
24:00:00,7.309966E-02,2.151198E+03,2.720209E-01,2.803855E+03,2.668045E+03,7.309966E-02,2.566218E+03,2.391827E-01,2.022200E+03,3.112902E+03,1.140746E-01,6.177099E+03,7.309966E-02,0.000000E+00,0.000000E+00,2.984875E-02,8.783975E+02,9.336428E-02,9.472273E+02,7.980435E+02,2.984875E-02,1.047862E+03,5.245417E-02,3.209453E+02,7.284797E+02,1.498854E-01,5.521661E+03,2.984875E-02,0.000000E+00,0.000000E+00,5.001158E-02,1.471755E+03,1.587632E-01,1.613101E+03,1.376861E+03,5.001158E-02,1.755693E+03,9.538291E-02,6.214303E+02,1.325279E+03,2.311236E-01,8.670557E+03,5.001158E-02,0.000000E+00,0.000000E+00,5.001158E-02,1.471755E+03,1.592312E-01,1.618326E+03,1.382363E+03,5.001158E-02,1.755693E+03,9.553730E-02,6.231539E+02,1.327458E+03,2.305566E-01,8.654097E+03,5.001158E-02,0.000000E+00,0.000000E+00,2.984875E-02,8.783975E+02,9.367036E-02,9.506448E+02,8.016334E+02,2.984875E-02,1.047862E+03,5.255174E-02,3.220347E+02,7.299048E+02,1.495118E-01,5.510814E+03,2.984875E-02,0.000000E+00,0.000000E+00
Coinc Peak   ,1.140746E-01,2.982027E-01,6.177099E+03,4.110421E+03,1.498854E-01,1.291734E-01,5.521661E+03,1.765114E+03,2.311236E-01,2.139194E-01,8.670557E+03,2.929755E+03,2.305566E-01,2.145328E-01,8.654097E+03,2.936487E+03,1.495118E-01,1.295766E-01,5.510814E+03,1.769539E+03
NonCoinc Peak,1.140746E-01,2.982027E-01,6.177099E+03,4.110421E+03,1.498854E-01,1.291734E-01,5.521661E+03,1.765114E+03,2.311236E-01,2.139194E-01,8.670557E+03,2.929755E+03,2.305566E-01,2.145328E-01,8.654097E+03,2.936487E+03,1.495118E-01,1.295766E-01,5.510814E+03,1.769539E+03
