Time,ZONE CORE SPACE - STORY GROUND:DENVER.INTL.AP ANN HTG 99.6% CONDNS DB:Des Heat Load [W],ZONE CORE SPACE - STORY GROUND:DENVER.INTL.AP ANN CLG .4% CONDNS DB=>MWB:Des Sens Cool Load [W],ZONE CORE SPACE - STORY GROUND:DENVER.INTL.AP ANN HTG 99.6% CONDNS DB:Des Heat Mass Flow [kg/s],ZONE CORE SPACE - STORY GROUND:DENVER.INTL.AP ANN CLG .4% CONDNS DB=>MWB:Des Cool Mass Flow [kg/s],ZONE CORE SPACE - STORY GROUND::Des Latent Heat Load [W],ZONE CORE SPACE - STORY GROUND::Des Latent Cool Load [W],ZONE CORE SPACE - STORY GROUND::Des Latent Heat Mass Flow [kg/s],ZONE CORE SPACE - STORY GROUND::Des Latent Cool Mass Flow [kg/s],ZONE CORE SPACE - STORY GROUND::Des Heat Load No DOAS [W],ZONE CORE SPACE - STORY GROUND::Des Sens Cool Load No DOAS [W],ZONE CORE SPACE - STORY GROUND::Des Latent Heat Load No DOAS [W],ZONE CORE SPACE - STORY GROUND::Des Latent Cool Load No DOAS [W],ZONE CORE SPACE - STORY GROUND:DENVER.INTL.AP ANN HTG 99.6% CONDNS DB:Heating Zone Temperature [C],ZONE CORE SPACE - STORY GROUND:DENVER.INTL.AP ANN HTG 99.6% CONDNS DB:Heating Zone Relative Humidity [%],ZONE CORE SPACE - STORY GROUND:DENVER.INTL.AP ANN CLG .4% CONDNS DB=>MWB:Cooling Zone Temperature [C],ZONE CORE SPACE - STORY GROUND:DENVER.INTL.AP ANN CLG .4% CONDNS DB=>MWB:Cooling Zone Relative Humidity [%],ZONE EAST PERIMETER SPACE - STORY GROUND:DENVER.INTL.AP ANN HTG 99.6% CONDNS DB:Des Heat Load [W],ZONE EAST PERIMETER SPACE - STORY GROUND:DENVER.INTL.AP ANN CLG .4% CONDNS DB=>MWB:Des Sens Cool Load [W],ZONE EAST PERIMETER SPACE - STORY GROUND:DENVER.INTL.AP ANN HTG 99.6% CONDNS DB:Des Heat Mass Flow [kg/s],ZONE EAST PERIMETER SPACE - STORY GROUND:DENVER.INTL.AP ANN CLG .4% CONDNS DB=>MWB:Des Cool Mass Flow [kg/s],ZONE EAST PERIMETER SPACE - STORY GROUND::Des Latent Heat Load [W],ZONE EAST PERIMETER SPACE - STORY GROUND::Des Latent Cool Load [W],ZONE EAST PERIMETER SPACE - STORY GROUND::Des Latent Heat Mass Flow [kg/s],ZONE EAST PERIMETER SPACE - STORY GROUND::Des Latent Cool Mass Flow [kg/s],ZONE EAST PERIMETER SPACE - STORY GROUND::Des Heat Load No DOAS [W],ZONE EAST PERIMETER SPACE - STORY GROUND::Des Sens Cool Load No DOAS [W],ZONE EAST PERIMETER SPACE - STORY GROUND::Des Latent Heat Load No DOAS [W],ZONE EAST PERIMETER SPACE - STORY GROUND::Des Latent Cool Load No DOAS [W],ZONE EAST PERIMETER SPACE - STORY GROUND:DENVER.INTL.AP ANN HTG 99.6% CONDNS DB:Heating Zone Temperature [C],ZONE EAST PERIMETER SPACE - STORY GROUND:DENVER.INTL.AP ANN HTG 99.6% CONDNS DB:Heating Zone Relative Humidity [%],ZONE EAST PERIMETER SPACE - STORY GROUND:DENVER.INTL.AP ANN CLG .4% CONDNS DB=>MWB:Cooling Zone Temperature [C],ZONE EAST PERIMETER SPACE - STORY GROUND:DENVER.INTL.AP ANN CLG .4% CONDNS DB=>MWB:Cooling Zone Relative Humidity [%],ZONE NORTH PERIMETER SPACE - STORY GROUND:DENVER.INTL.AP ANN HTG 99.6% CONDNS DB:Des Heat Load [W],ZONE NORTH PERIMETER SPACE - STORY GROUND:DENVER.INTL.AP ANN CLG .4% CONDNS DB=>MWB:Des Sens Cool Load [W],ZONE NORTH PERIMETER SPACE - STORY GROUND:DENVER.INTL.AP ANN HTG 99.6% CONDNS DB:Des Heat Mass Flow [kg/s],ZONE NORTH PERIMETER SPACE - STORY GROUND:DENVER.INTL.AP ANN CLG .4% CONDNS DB=>MWB:Des Cool Mass Flow [kg/s],ZONE NORTH PERIMETER SPACE - STORY GROUND::Des Latent Heat Load [W],ZONE NORTH PERIMETER SPACE - STORY GROUND::Des Latent Cool Load [W],ZONE NORTH PERIMETER SPACE - STORY GROUND::Des Latent Heat Mass Flow [kg/s],ZONE NORTH PERIMETER SPACE - STORY GROUND::Des Latent Cool Mass Flow [kg/s],ZONE NORTH PERIMETER SPACE - STORY GROUND::Des Heat Load No DOAS [W],ZONE NORTH PERIMETER SPACE - STORY GROUND::Des Sens Cool Load No DOAS [W],ZONE NORTH PERIMETER SPACE - STORY GROUND::Des Latent Heat Load No DOAS [W],ZONE NORTH PERIMETER SPACE - STORY GROUND::Des Latent Cool Load No DOAS [W],ZONE NORTH PERIMETER SPACE - STORY GROUND:DENVER.INTL.AP ANN HTG 99.6% CONDNS DB:Heating Zone Temperature [C],ZONE NORTH PERIMETER SPACE - STORY GROUND:DENVER.INTL.AP ANN HTG 99.6% CONDNS DB:Heating Zone Relative Humidity [%],ZONE NORTH PERIMETER SPACE - STORY GROUND:DENVER.INTL.AP ANN CLG .4% CONDNS DB=>MWB:Cooling Zone Temperature [C],ZONE NORTH PERIMETER SPACE - STORY GROUND:DENVER.INTL.AP ANN CLG .4% CONDNS DB=>MWB:Cooling Zone Relative Humidity [%],ZONE SOUTH PERIMETER SPACE - STORY GROUND:DENVER.INTL.AP ANN HTG 99.6% CONDNS DB:Des Heat Load [W],ZONE SOUTH PERIMETER SPACE - STORY GROUND:DENVER.INTL.AP ANN CLG .4% CONDNS DB=>MWB:Des Sens Cool Load [W],ZONE SOUTH PERIMETER SPACE - STORY GROUND:DENVER.INTL.AP ANN HTG 99.6% CONDNS DB:Des Heat Mass Flow [kg/s],ZONE SOUTH PERIMETER SPACE - STORY GROUND:DENVER.INTL.AP ANN CLG .4% CONDNS DB=>MWB:Des Cool Mass Flow [kg/s],ZONE SOUTH PERIMETER SPACE - STORY GROUND::Des Latent Heat Load [W],ZONE SOUTH PERIMETER SPACE - STORY GROUND::Des Latent Cool Load [W],ZONE SOUTH PERIMETER SPACE - STORY GROUND::Des Latent Heat Mass Flow [kg/s],ZONE SOUTH PERIMETER SPACE - STORY GROUND::Des Latent Cool Mass Flow [kg/s],ZONE SOUTH PERIMETER SPACE - STORY GROUND::Des Heat Load No DOAS [W],ZONE SOUTH PERIMETER SPACE - STORY GROUND::Des Sens Cool Load No DOAS [W],ZONE SOUTH PERIMETER SPACE - STORY GROUND::Des Latent Heat Load No DOAS [W],ZONE SOUTH PERIMETER SPACE - STORY GROUND::Des Latent Cool Load No DOAS [W],ZONE SOUTH PERIMETER SPACE - STORY GROUND:DENVER.INTL.AP ANN HTG 99.6% CONDNS DB:Heating Zone Temperature [C],ZONE SOUTH PERIMETER SPACE - STORY GROUND:DENVER.INTL.AP ANN HTG 99.6% CONDNS DB:Heating Zone Relative Humidity [%],ZONE SOUTH PERIMETER SPACE - STORY GROUND:DENVER.INTL.AP ANN CLG .4% CONDNS DB=>MWB:Cooling Zone Temperature [C],ZONE SOUTH PERIMETER SPACE - STORY GROUND:DENVER.INTL.AP ANN CLG .4% CONDNS DB=>MWB:Cooling Zone Relative Humidity [%],ZONE WEST PERIMETER SPACE - STORY GROUND:DENVER.INTL.AP ANN HTG 99.6% CONDNS DB:Des Heat Load [W],ZONE WEST PERIMETER SPACE - STORY GROUND:DENVER.INTL.AP ANN CLG .4% CONDNS DB=>MWB:Des Sens Cool Load [W],ZONE WEST PERIMETER SPACE - STORY GROUND:DENVER.INTL.AP ANN HTG 99.6% CONDNS DB:Des Heat Mass Flow [kg/s],ZONE WEST PERIMETER SPACE - STORY GROUND:DENVER.INTL.AP ANN CLG .4% CONDNS DB=>MWB:Des Cool Mass Flow [kg/s],ZONE WEST PERIMETER SPACE - STORY GROUND::Des Latent Heat Load [W],ZONE WEST PERIMETER SPACE - STORY GROUND::Des Latent Cool Load [W],ZONE WEST PERIMETER SPACE - STORY GROUND::Des Latent Heat Mass Flow [kg/s],ZONE WEST PERIMETER SPACE - STORY GROUND::Des Latent Cool Mass Flow [kg/s],ZONE WEST PERIMETER SPACE - STORY GROUND::Des Heat Load No DOAS [W],ZONE WEST PERIMETER SPACE - STORY GROUND::Des Sens Cool Load No DOAS [W],ZONE WEST PERIMETER SPACE - STORY GROUND::Des Latent Heat Load No DOAS [W],ZONE WEST PERIMETER SPACE - STORY GROUND::Des Latent Cool Load No DOAS [W],ZONE WEST PERIMETER SPACE - STORY GROUND:DENVER.INTL.AP ANN HTG 99.6% CONDNS DB:Heating Zone Temperature [C],ZONE WEST PERIMETER SPACE - STORY GROUND:DENVER.INTL.AP ANN HTG 99.6% CONDNS DB:Heating Zone Relative Humidity [%],ZONE WEST PERIMETER SPACE - STORY GROUND:DENVER.INTL.AP ANN CLG .4% CONDNS DB=>MWB:Cooling Zone Temperature [C],ZONE WEST PERIMETER SPACE - STORY GROUND:DENVER.INTL.AP ANN CLG .4% CONDNS DB=>MWB:Cooling Zone Relative Humidity [%]
00:10:00,2.684761E+03,2.674446E+03,9.113408E-02,2.358401E-01,0.000000E+00,0.000000E+00,0.000000E+00,0.000000E+00,0.000000E+00,0.000000E+00,0.000000E+00,0.000000E+00,2.111000E+01,4.208825E+01,2.388852E+01,4.094118E+01,3.531775E+03,9.128714E+02,1.198730E-01,8.049312E-02,0.000000E+00,0.000000E+00,0.000000E+00,0.000000E+00,0.000000E+00,0.000000E+00,0.000000E+00,0.000000E+00,2.110688E+01,3.890095E+01,2.388941E+01,3.936683E+01,5.445703E+03,1.553404E+03,1.848356E-01,1.369736E-01,0.000000E+00,0.000000E+00,0.000000E+00,0.000000E+00,0.000000E+00,0.000000E+00,0.000000E+00,0.000000E+00,2.110711E+01,3.897926E+01,2.388932E+01,3.954423E+01,5.432341E+03,1.557976E+03,1.843821E-01,1.373768E-01,0.000000E+00,0.000000E+00,0.000000E+00,0.000000E+00,0.000000E+00,0.000000E+00,0.000000E+00,0.000000E+00,2.110711E+01,3.897222E+01,2.388932E+01,3.953957E+01,3.522969E+03,9.158609E+02,1.195741E-01,8.075672E-02,0.000000E+00,0.000000E+00,0.000000E+00,0.000000E+00,0.000000E+00,0.000000E+00,0.000000E+00,0.000000E+00,2.110688E+01,3.889365E+01,2.388941E+01,3.936224E+01
00:20:00,2.681090E+03,2.666541E+03,9.100946E-02,2.351430E-01,0.000000E+00,0.000000E+00,0.000000E+00,0.000000E+00,0.000000E+00,0.000000E+00,0.000000E+00,0.000000E+00,2.111000E+01,4.208825E+01,2.388852E+01,4.094850E+01,3.530743E+03,9.050772E+02,1.198379E-01,7.980586E-02,0.000000E+00,0.000000E+00,0.000000E+00,0.000000E+00,0.000000E+00,0.000000E+00,0.000000E+00,0.000000E+00,2.110688E+01,3.890102E+01,2.388941E+01,3.937642E+01,5.443857E+03,1.541243E+03,1.847729E-01,1.359013E-01,0.000000E+00,0.000000E+00,0.000000E+00,0.000000E+00,0.000000E+00,0.000000E+00,0.000000E+00,0.000000E+00,2.110711E+01,3.897933E+01,2.388932E+01,3.955423E+01,5.430496E+03,1.545771E+03,1.843194E-01,1.363006E-01,0.000000E+00,0.000000E+00,0.000000E+00,0.000000E+00,0.000000E+00,0.000000E+00,0.000000E+00,0.000000E+00,2.110711E+01,3.897230E+01,2.388932E+01,3.954957E+01,3.521937E+03,9.080371E+02,1.195391E-01,8.006685E-02,0.000000E+00,0.000000E+00,0.000000E+00,0.000000E+00,0.000000E+00,0.000000E+00,0.000000E+00,0.000000E+00,2.110688E+01,3.889371E+01,2.388941E+01,3.937182E+01
00:30:00,2.677448E+03,2.658673E+03,9.088581E-02,2.344493E-01,0.000000E+00,0.000000E+00,0.000000E+00,0.000000E+00,0.000000E+00,0.000000E+00,0.000000E+00,0.000000E+00,2.111000E+01,4.208825E+01,2.388852E+01,4.095583E+01,3.529720E+03,8.973559E+02,1.198032E-01,7.912502E-02,0.000000E+00,0.000000E+00,0.000000E+00,0.000000E+00,0.000000E+00,0.000000E+00,0.000000E+00,0.000000E+00,2.110688E+01,3.890109E+01,2.388941E+01,3.938604E+01,5.442027E+03,1.529193E+03,1.847108E-01,1.348387E-01,0.000000E+00,0.000000E+00,0.000000E+00,0.000000E+00,0.000000E+00,0.000000E+00,0.000000E+00,0.000000E+00,2.110711E+01,3.897941E+01,2.388933E+01,3.956425E+01,5.428667E+03,1.533675E+03,1.842574E-01,1.352340E-01,0.000000E+00,0.000000E+00,0.000000E+00,0.000000E+00,0.000000E+00,0.000000E+00,0.000000E+00,0.000000E+00,2.110711E+01,3.897238E+01,2.388933E+01,3.955958E+01,3.520915E+03,9.002854E+02,1.195044E-01,7.938333E-02,0.000000E+00,0.000000E+00,0.000000E+00,0.000000E+00,0.000000E+00,0.000000E+00,0.000000E+00,0.000000E+00,2.110688E+01,3.889378E+01,2.388941E+01,3.938144E+01
00:40:00,2.673833E+03,2.650852E+03,9.076311E-02,2.337596E-01,0.000000E+00,0.000000E+00,0.000000E+00,0.000000E+00,0.000000E+00,0.000000E+00,0.000000E+00,0.000000E+00,2.111000E+01,4.208825E+01,2.388852E+01,4.096315E+01,3.528707E+03,8.897132E+02,1.197688E-01,7.845112E-02,0.000000E+00,0.000000E+00,0.000000E+00,0.000000E+00,0.000000E+00,0.000000E+00,0.000000E+00,0.000000E+00,2.110688E+01,3.890115E+01,2.388941E+01,3.939569E+01,5.440214E+03,1.517262E+03,1.846493E-01,1.337867E-01,0.000000E+00,0.000000E+00,0.000000E+00,0.000000E+00,0.000000E+00,0.000000E+00,0.000000E+00,0.000000E+00,2.110711E+01,3.897948E+01,2.388933E+01,3.957430E+01,5.426854E+03,1.521698E+03,1.841958E-01,1.341779E-01,0.000000E+00,0.000000E+00,0.000000E+00,0.000000E+00,0.000000E+00,0.000000E+00,0.000000E+00,0.000000E+00,2.110711E+01,3.897245E+01,2.388933E+01,3.956963E+01,3.519902E+03,8.926117E+02,1.194700E-01,7.870669E-02,0.000000E+00,0.000000E+00,0.000000E+00,0.000000E+00,0.000000E+00,0.000000E+00,0.000000E+00,0.000000E+00,2.110688E+01,3.889385E+01,2.388941E+01,3.939108E+01
00:50:00,2.670246E+03,2.643085E+03,9.064137E-02,2.330747E-01,0.000000E+00,0.000000E+00,0.000000E+00,0.000000E+00,0.000000E+00,0.000000E+00,0.000000E+00,0.000000E+00,2.111000E+01,4.208825E+01,2.388852E+01,4.097047E+01,3.527703E+03,8.821546E+02,1.197347E-01,7.778463E-02,0.000000E+00,0.000000E+00,0.000000E+00,0.000000E+00,0.000000E+00,0.000000E+00,0.000000E+00,0.000000E+00,2.110688E+01,3.890122E+01,2.388941E+01,3.940541E+01,5.438417E+03,1.505461E+03,1.845883E-01,1.327461E-01,0.000000E+00,0.000000E+00,0.000000E+00,0.000000E+00,0.000000E+00,0.000000E+00,0.000000E+00,0.000000E+00,2.110711E+01,3.897956E+01,2.388933E+01,3.958439E+01,5.425058E+03,1.509849E+03,1.841349E-01,1.331331E-01,0.000000E+00,0.000000E+00,0.000000E+00,0.000000E+00,0.000000E+00,0.000000E+00,0.000000E+00,0.000000E+00,2.110711E+01,3.897253E+01,2.388933E+01,3.957972E+01,3.518898E+03,8.850215E+02,1.194359E-01,7.803742E-02,0.000000E+00,0.000000E+00,0.000000E+00,0.000000E+00,0.000000E+00,0.000000E+00,0.000000E+00,0.000000E+00,2.110688E+01,3.889391E+01,2.388941E+01,3.940079E+01
01:00:00,2.666688E+03,2.635379E+03,9.052056E-02,2.323951E-01,0.000000E+00,0.000000E+00,0.000000E+00,0.000000E+00,0.000000E+00,0.000000E+00,0.000000E+00,0.000000E+00,2.111000E+01,4.208825E+01,2.388852E+01,4.097776E+01,3.526708E+03,8.746852E+02,1.197010E-01,7.712599E-02,0.000000E+00,0.000000E+00,0.000000E+00,0.000000E+00,0.000000E+00,0.000000E+00,0.000000E+00,0.000000E+00,2.110688E+01,3.890129E+01,2.388941E+01,3.941520E+01,5.436637E+03,1.493796E+03,1.845279E-01,1.317175E-01,0.000000E+00,0.000000E+00,0.000000E+00,0.000000E+00,0.000000E+00,0.000000E+00,0.000000E+00,0.000000E+00,2.110711E+01,3.897963E+01,2.388933E+01,3.959457E+01,5.423278E+03,1.498136E+03,1.840745E-01,1.321003E-01,0.000000E+00,0.000000E+00,0.000000E+00,0.000000E+00,0.000000E+00,0.000000E+00,0.000000E+00,0.000000E+00,2.110711E+01,3.897260E+01,2.388933E+01,3.958989E+01,3.517904E+03,8.775200E+02,1.194022E-01,7.737595E-02,0.000000E+00,0.000000E+00,0.000000E+00,0.000000E+00,0.000000E+00,0.000000E+00,0.000000E+00,0.000000E+00,2.110688E+01,3.889398E+01,2.388941E+01,3.941058E+01
01:10:00,2.666944E+03,2.629463E+03,9.052925E-02,2.318735E-01,0.000000E+00,0.000000E+00,0.000000E+00,0.000000E+00,0.000000E+00,0.000000E+00,0.000000E+00,0.000000E+00,2.111000E+01,4.208825E+01,2.388852E+01,4.098503E+01,3.526786E+03,8.679878E+02,1.197036E-01,7.653545E-02,0.000000E+00,0.000000E+00,0.000000E+00,0.000000E+00,0.000000E+00,0.000000E+00,0.000000E+00,0.000000E+00,2.110688E+01,3.890135E+01,2.388941E+01,3.942511E+01,5.436775E+03,1.483425E+03,1.845326E-01,1.308031E-01,0.000000E+00,0.000000E+00,0.000000E+00,0.000000E+00,0.000000E+00,0.000000E+00,0.000000E+00,0.000000E+00,2.110711E+01,3.897970E+01,2.388933E+01,3.960484E+01,5.423416E+03,1.487713E+03,1.840792E-01,1.311812E-01,0.000000E+00,0.000000E+00,0.000000E+00,0.000000E+00,0.000000E+00,0.000000E+00,0.000000E+00,0.000000E+00,2.110711E+01,3.897268E+01,2.388933E+01,3.960016E+01,3.517982E+03,8.707877E+02,1.194048E-01,7.678232E-02,0.000000E+00,0.000000E+00,0.000000E+00,0.000000E+00,0.000000E+00,0.000000E+00,0.000000E+00,0.000000E+00,2.110688E+01,3.889405E+01,2.388941E+01,3.942048E+01
01:20:00,2.667198E+03,2.623619E+03,9.053788E-02,2.313581E-01,0.000000E+00,0.000000E+00,0.000000E+00,0.000000E+00,0.000000E+00,0.000000E+00,0.000000E+00,0.000000E+00,2.111000E+01,4.208825E+01,2.388851E+01,4.099228E+01,3.526863E+03,8.614905E+02,1.197062E-01,7.596254E-02,0.000000E+00,0.000000E+00,0.000000E+00,0.000000E+00,0.000000E+00,0.000000E+00,0.000000E+00,0.000000E+00,2.110688E+01,3.890142E+01,2.388941E+01,3.943490E+01,5.436912E+03,1.473358E+03,1.845372E-01,1.299154E-01,0.000000E+00,0.000000E+00,0.000000E+00,0.000000E+00,0.000000E+00,0.000000E+00,0.000000E+00,0.000000E+00,2.110711E+01,3.897978E+01,2.388933E+01,3.961499E+01,5.423553E+03,1.477594E+03,1.840838E-01,1.302889E-01,0.000000E+00,0.000000E+00,0.000000E+00,0.000000E+00,0.000000E+00,0.000000E+00,0.000000E+00,0.000000E+00,2.110711E+01,3.897275E+01,2.388933E+01,3.961032E+01,3.518059E+03,8.642557E+02,1.194074E-01,7.620635E-02,0.000000E+00,0.000000E+00,0.000000E+00,0.000000E+00,0.000000E+00,0.000000E+00,0.000000E+00,0.000000E+00,2.110688E+01,3.889411E+01,2.388942E+01,3.943028E+01
01:30:00,2.667450E+03,2.617866E+03,9.054644E-02,2.308508E-01,0.000000E+00,0.000000E+00,0.000000E+00,0.000000E+00,0.000000E+00,0.000000E+00,0.000000E+00,0.000000E+00,2.111000E+01,4.208825E+01,2.388851E+01,4.099948E+01,3.526940E+03,8.552040E+02,1.197088E-01,7.540822E-02,0.000000E+00,0.000000E+00,0.000000E+00,0.000000E+00,0.000000E+00,0.000000E+00,0.000000E+00,0.000000E+00,2.110688E+01,3.890148E+01,2.388942E+01,3.944449E+01,5.437047E+03,1.463612E+03,1.845418E-01,1.290561E-01,0.000000E+00,0.000000E+00,0.000000E+00,0.000000E+00,0.000000E+00,0.000000E+00,0.000000E+00,0.000000E+00,2.110711E+01,3.897985E+01,2.388933E+01,3.962493E+01,5.423689E+03,1.467797E+03,1.840884E-01,1.294250E-01,0.000000E+00,0.000000E+00,0.000000E+00,0.000000E+00,0.000000E+00,0.000000E+00,0.000000E+00,0.000000E+00,2.110711E+01,3.897282E+01,2.388933E+01,3.962026E+01,3.518135E+03,8.579348E+02,1.194100E-01,7.564900E-02,0.000000E+00,0.000000E+00,0.000000E+00,0.000000E+00,0.000000E+00,0.000000E+00,0.000000E+00,0.000000E+00,2.110688E+01,3.889417E+01,2.388942E+01,3.943987E+01
01:40:00,2.667700E+03,2.612222E+03,9.055493E-02,2.303531E-01,0.000000E+00,0.000000E+00,0.000000E+00,0.000000E+00,0.000000E+00,0.000000E+00,0.000000E+00,0.000000E+00,2.111000E+01,4.208825E+01,2.388851E+01,4.100660E+01,3.527015E+03,8.491385E+02,1.197114E-01,7.487338E-02,0.000000E+00,0.000000E+00,0.000000E+00,0.000000E+00,0.000000E+00,0.000000E+00,0.000000E+00,0.000000E+00,2.110688E+01,3.890154E+01,2.388942E+01,3.945388E+01,5.437182E+03,1.454204E+03,1.845464E-01,1.282265E-01,0.000000E+00,0.000000E+00,0.000000E+00,0.000000E+00,0.000000E+00,0.000000E+00,0.000000E+00,0.000000E+00,2.110711E+01,3.897992E+01,2.388933E+01,3.963464E+01,5.423823E+03,1.458338E+03,1.840930E-01,1.285910E-01,0.000000E+00,0.000000E+00,0.000000E+00,0.000000E+00,0.000000E+00,0.000000E+00,0.000000E+00,0.000000E+00,2.110711E+01,3.897289E+01,2.388933E+01,3.962998E+01,3.518211E+03,8.518354E+02,1.194126E-01,7.511118E-02,0.000000E+00,0.000000E+00,0.000000E+00,0.000000E+00,0.000000E+00,0.000000E+00,0.000000E+00,0.000000E+00,2.110688E+01,3.889424E+01,2.388942E+01,3.944926E+01
01:50:00,2.667948E+03,2.606703E+03,9.056336E-02,2.298665E-01,0.000000E+00,0.000000E+00,0.000000E+00,0.000000E+00,0.000000E+00,0.000000E+00,0.000000E+00,0.000000E+00,2.111000E+01,4.208825E+01,2.388851E+01,4.101361E+01,3.527091E+03,8.433031E+02,1.197140E-01,7.435884E-02,0.000000E+00,0.000000E+00,0.000000E+00,0.000000E+00,0.000000E+00,0.000000E+00,0.000000E+00,0.000000E+00,2.110688E+01,3.890161E+01,2.388942E+01,3.946313E+01,5.437315E+03,1.445149E+03,1.845509E-01,1.274280E-01,0.000000E+00,0.000000E+00,0.000000E+00,0.000000E+00,0.000000E+00,0.000000E+00,0.000000E+00,0.000000E+00,2.110711E+01,3.897999E+01,2.388933E+01,3.964420E+01,5.423956E+03,1.449233E+03,1.840975E-01,1.277881E-01,0.000000E+00,0.000000E+00,0.000000E+00,0.000000E+00,0.000000E+00,0.000000E+00,0.000000E+00,0.000000E+00,2.110711E+01,3.897296E+01,2.388933E+01,3.963954E+01,3.518286E+03,8.459667E+02,1.194151E-01,7.459370E-02,0.000000E+00,0.000000E+00,0.000000E+00,0.000000E+00,0.000000E+00,0.000000E+00,0.000000E+00,0.000000E+00,2.110688E+01,3.889430E+01,2.388942E+01,3.945850E+01
02:00:00,2.668195E+03,2.601322E+03,9.057172E-02,2.293920E-01,0.000000E+00,0.000000E+00,0.000000E+00,0.000000E+00,0.000000E+00,0.000000E+00,0.000000E+00,0.000000E+00,2.111000E+01,4.208825E+01,2.388851E+01,4.102050E+01,3.527165E+03,8.377061E+02,1.197165E-01,7.386532E-02,0.000000E+00,0.000000E+00,0.000000E+00,0.000000E+00,0.000000E+00,0.000000E+00,0.000000E+00,0.000000E+00,2.110688E+01,3.890167E+01,2.388942E+01,3.947227E+01,5.437447E+03,1.436459E+03,1.845554E-01,1.266618E-01,0.000000E+00,0.000000E+00,0.000000E+00,0.000000E+00,0.000000E+00,0.000000E+00,0.000000E+00,0.000000E+00,2.110711E+01,3.898006E+01,2.388933E+01,3.965364E+01,5.424088E+03,1.440493E+03,1.841020E-01,1.270175E-01,0.000000E+00,0.000000E+00,0.000000E+00,0.000000E+00,0.000000E+00,0.000000E+00,0.000000E+00,0.000000E+00,2.110711E+01,3.897303E+01,2.388933E+01,3.964899E+01,3.518360E+03,8.403368E+02,1.194177E-01,7.409729E-02,0.000000E+00,0.000000E+00,0.000000E+00,0.000000E+00,0.000000E+00,0.000000E+00,0.000000E+00,0.000000E+00,2.110688E+01,3.889436E+01,2.388942E+01,3.946765E+01
02:10:00,2.668439E+03,2.596088E+03,9.058002E-02,2.289305E-01,0.000000E+00,0.000000E+00,0.000000E+00,0.000000E+00,0.000000E+00,0.000000E+00,0.000000E+00,0.000000E+00,2.111000E+01,4.208825E+01,2.388851E+01,4.102725E+01,3.527239E+03,8.322529E+02,1.197190E-01,7.338447E-02,0.000000E+00,0.000000E+00,0.000000E+00,0.000000E+00,0.000000E+00,0.000000E+00,0.000000E+00,0.000000E+00,2.110688E+01,3.890173E+01,2.388942E+01,3.948135E+01,5.437578E+03,1.427993E+03,1.845598E-01,1.259153E-01,0.000000E+00,0.000000E+00,0.000000E+00,0.000000E+00,0.000000E+00,0.000000E+00,0.000000E+00,0.000000E+00,2.110711E+01,3.898013E+01,2.388933E+01,3.966301E+01,5.424219E+03,1.431979E+03,1.841064E-01,1.262667E-01,0.000000E+00,0.000000E+00,0.000000E+00,0.000000E+00,0.000000E+00,0.000000E+00,0.000000E+00,0.000000E+00,2.110711E+01,3.897310E+01,2.388933E+01,3.965836E+01,3.518434E+03,8.348512E+02,1.194202E-01,7.361359E-02,0.000000E+00,0.000000E+00,0.000000E+00,0.000000E+00,0.000000E+00,0.000000E+00,0.000000E+00,0.000000E+00,2.110688E+01,3.889442E+01,2.388942E+01,3.947673E+01
02:20:00,2.668682E+03,2.590999E+03,9.058825E-02,2.284817E-01,0.000000E+00,0.000000E+00,0.000000E+00,0.000000E+00,0.000000E+00,0.000000E+00,0.000000E+00,0.000000E+00,2.111000E+01,4.208825E+01,2.388851E+01,4.103387E+01,3.527312E+03,8.269443E+02,1.197215E-01,7.291638E-02,0.000000E+00,0.000000E+00,0.000000E+00,0.000000E+00,0.000000E+00,0.000000E+00,0.000000E+00,0.000000E+00,2.110688E+01,3.890179E+01,2.388942E+01,3.949028E+01,5.437707E+03,1.419752E+03,1.845642E-01,1.251886E-01,0.000000E+00,0.000000E+00,0.000000E+00,0.000000E+00,0.000000E+00,0.000000E+00,0.000000E+00,0.000000E+00,2.110711E+01,3.898020E+01,2.388933E+01,3.967222E+01,5.424348E+03,1.423689E+03,1.841108E-01,1.255358E-01,0.000000E+00,0.000000E+00,0.000000E+00,0.000000E+00,0.000000E+00,0.000000E+00,0.000000E+00,0.000000E+00,2.110711E+01,3.897317E+01,2.388933E+01,3.966758E+01,3.518507E+03,8.295104E+02,1.194226E-01,7.314265E-02,0.000000E+00,0.000000E+00,0.000000E+00,0.000000E+00,0.000000E+00,0.000000E+00,0.000000E+00,0.000000E+00,2.110688E+01,3.889449E+01,2.388942E+01,3.948567E+01
02:30:00,2.668922E+03,2.586047E+03,9.059642E-02,2.280451E-01,0.000000E+00,0.000000E+00,0.000000E+00,0.000000E+00,0.000000E+00,0.000000E+00,0.000000E+00,0.000000E+00,2.111000E+01,4.208825E+01,2.388851E+01,4.104036E+01,3.527384E+03,8.217782E+02,1.197239E-01,7.246086E-02,0.000000E+00,0.000000E+00,0.000000E+00,0.000000E+00,0.000000E+00,0.000000E+00,0.000000E+00,0.000000E+00,2.110688E+01,3.890185E+01,2.388942E+01,3.949903E+01,5.437836E+03,1.411732E+03,1.845686E-01,1.244814E-01,0.000000E+00,0.000000E+00,0.000000E+00,0.000000E+00,0.000000E+00,0.000000E+00,0.000000E+00,0.000000E+00,2.110711E+01,3.898027E+01,2.388933E+01,3.968123E+01,5.424477E+03,1.415621E+03,1.841151E-01,1.248243E-01,0.000000E+00,0.000000E+00,0.000000E+00,0.000000E+00,0.000000E+00,0.000000E+00,0.000000E+00,0.000000E+00,2.110711E+01,3.897324E+01,2.388933E+01,3.967660E+01,3.518579E+03,8.243123E+02,1.194251E-01,7.268431E-02,0.000000E+00,0.000000E+00,0.000000E+00,0.000000E+00,0.000000E+00,0.000000E+00,0.000000E+00,0.000000E+00,2.110688E+01,3.889455E+01,2.388942E+01,3.949443E+01
02:40:00,2.669161E+03,2.581227E+03,9.060453E-02,2.276201E-01,0.000000E+00,0.000000E+00,0.000000E+00,0.000000E+00,0.000000E+00,0.000000E+00,0.000000E+00,0.000000E+00,2.111000E+01,4.208825E+01,2.388851E+01,4.104671E+01,3.527456E+03,8.167525E+02,1.197264E-01,7.201771E-02,0.000000E+00,0.000000E+00,0.000000E+00,0.000000E+00,0.000000E+00,0.000000E+00,0.000000E+00,0.000000E+00,2.110688E+01,3.890191E+01,2.388942E+01,3.950762E+01,5.437963E+03,1.403929E+03,1.845729E-01,1.237934E-01,0.000000E+00,0.000000E+00,0.000000E+00,0.000000E+00,0.000000E+00,0.000000E+00,0.000000E+00,0.000000E+00,2.110711E+01,3.898033E+01,2.388933E+01,3.969006E+01,5.424604E+03,1.407770E+03,1.841195E-01,1.241321E-01,0.000000E+00,0.000000E+00,0.000000E+00,0.000000E+00,0.000000E+00,0.000000E+00,0.000000E+00,0.000000E+00,2.110711E+01,3.897331E+01,2.388933E+01,3.968544E+01,3.518651E+03,8.192547E+02,1.194275E-01,7.223835E-02,0.000000E+00,0.000000E+00,0.000000E+00,0.000000E+00,0.000000E+00,0.000000E+00,0.000000E+00,0.000000E+00,2.110688E+01,3.889461E+01,2.388942E+01,3.950302E+01
02:50:00,2.669398E+03,2.576532E+03,9.061257E-02,2.272061E-01,0.000000E+00,0.000000E+00,0.000000E+00,0.000000E+00,0.000000E+00,0.000000E+00,0.000000E+00,0.000000E+00,2.111000E+01,4.208825E+01,2.388851E+01,4.105292E+01,3.527527E+03,8.118651E+02,1.197288E-01,7.158676E-02,0.000000E+00,0.000000E+00,0.000000E+00,0.000000E+00,0.000000E+00,0.000000E+00,0.000000E+00,0.000000E+00,2.110688E+01,3.890197E+01,2.388942E+01,3.951608E+01,5.438089E+03,1.396341E+03,1.845772E-01,1.231243E-01,0.000000E+00,0.000000E+00,0.000000E+00,0.000000E+00,0.000000E+00,0.000000E+00,0.000000E+00,0.000000E+00,2.110711E+01,3.898040E+01,2.388933E+01,3.969876E+01,5.424730E+03,1.400134E+03,1.841237E-01,1.234587E-01,0.000000E+00,0.000000E+00,0.000000E+00,0.000000E+00,0.000000E+00,0.000000E+00,0.000000E+00,0.000000E+00,2.110711E+01,3.897337E+01,2.388933E+01,3.969415E+01,3.518722E+03,8.143358E+02,1.194299E-01,7.180462E-02,0.000000E+00,0.000000E+00,0.000000E+00,0.000000E+00,0.000000E+00,0.000000E+00,0.000000E+00,0.000000E+00,2.110688E+01,3.889467E+01,2.388942E+01,3.951149E+01
03:00:00,2.669633E+03,2.571957E+03,9.062056E-02,2.268026E-01,0.000000E+00,0.000000E+00,0.000000E+00,0.000000E+00,0.000000E+00,0.000000E+00,0.000000E+00,0.000000E+00,2.111000E+01,4.208825E+01,2.388851E+01,4.105900E+01,3.527597E+03,8.071146E+02,1.197312E-01,7.116789E-02,0.000000E+00,0.000000E+00,0.000000E+00,0.000000E+00,0.000000E+00,0.000000E+00,0.000000E+00,0.000000E+00,2.110688E+01,3.890203E+01,2.388942E+01,3.952445E+01,5.438214E+03,1.388963E+03,1.845814E-01,1.224738E-01,0.000000E+00,0.000000E+00,0.000000E+00,0.000000E+00,0.000000E+00,0.000000E+00,0.000000E+00,0.000000E+00,2.110711E+01,3.898047E+01,2.388933E+01,3.970735E+01,5.424855E+03,1.392709E+03,1.841280E-01,1.228041E-01,0.000000E+00,0.000000E+00,0.000000E+00,0.000000E+00,0.000000E+00,0.000000E+00,0.000000E+00,0.000000E+00,2.110711E+01,3.897344E+01,2.388933E+01,3.970276E+01,3.518793E+03,8.095540E+02,1.194323E-01,7.138298E-02,0.000000E+00,0.000000E+00,0.000000E+00,0.000000E+00,0.000000E+00,0.000000E+00,0.000000E+00,0.000000E+00,2.110688E+01,3.889472E+01,2.388942E+01,3.951988E+01
03:10:00,2.669867E+03,2.567495E+03,9.062848E-02,2.264091E-01,0.000000E+00,0.000000E+00,0.000000E+00,0.000000E+00,0.000000E+00,0.000000E+00,0.000000E+00,0.000000E+00,2.111000E+01,4.208825E+01,2.388851E+01,4.106495E+01,3.527667E+03,8.023979E+02,1.197335E-01,7.075198E-02,0.000000E+00,0.000000E+00,0.000000E+00,0.000000E+00,0.000000E+00,0.000000E+00,0.000000E+00,0.000000E+00,2.110688E+01,3.890209E+01,2.388942E+01,3.953277E+01,5.438338E+03,1.381642E+03,1.845856E-01,1.218282E-01,0.000000E+00,0.000000E+00,0.000000E+00,0.000000E+00,0.000000E+00,0.000000E+00,0.000000E+00,0.000000E+00,2.110711E+01,3.898053E+01,2.388933E+01,3.971589E+01,5.424979E+03,1.385341E+03,1.841322E-01,1.221543E-01,0.000000E+00,0.000000E+00,0.000000E+00,0.000000E+00,0.000000E+00,0.000000E+00,0.000000E+00,0.000000E+00,2.110711E+01,3.897351E+01,2.388933E+01,3.971131E+01,3.518862E+03,8.048058E+02,1.194347E-01,7.096430E-02,0.000000E+00,0.000000E+00,0.000000E+00,0.000000E+00,0.000000E+00,0.000000E+00,0.000000E+00,0.000000E+00,2.110688E+01,3.889478E+01,2.388942E+01,3.952821E+01
03:20:00,2.670098E+03,2.563130E+03,9.063634E-02,2.260242E-01,0.000000E+00,0.000000E+00,0.000000E+00,0.000000E+00,0.000000E+00,0.000000E+00,0.000000E+00,0.000000E+00,2.111000E+01,4.208825E+01,2.388850E+01,4.107078E+01,3.527736E+03,7.977093E+02,1.197359E-01,7.033857E-02,0.000000E+00,0.000000E+00,0.000000E+00,0.000000E+00,0.000000E+00,0.000000E+00,0.000000E+00,0.000000E+00,2.110688E+01,3.890214E+01,2.388942E+01,3.954107E+01,5.438461E+03,1.374367E+03,1.845898E-01,1.211867E-01,0.000000E+00,0.000000E+00,0.000000E+00,0.000000E+00,0.000000E+00,0.000000E+00,0.000000E+00,0.000000E+00,2.110711E+01,3.898060E+01,2.388933E+01,3.972439E+01,5.425101E+03,1.378018E+03,1.841363E-01,1.215086E-01,0.000000E+00,0.000000E+00,0.000000E+00,0.000000E+00,0.000000E+00,0.000000E+00,0.000000E+00,0.000000E+00,2.110711E+01,3.897357E+01,2.388933E+01,3.971982E+01,3.518931E+03,8.000854E+02,1.194370E-01,7.054808E-02,0.000000E+00,0.000000E+00,0.000000E+00,0.000000E+00,0.000000E+00,0.000000E+00,0.000000E+00,0.000000E+00,2.110688E+01,3.889484E+01,2.388942E+01,3.953652E+01
03:30:00,2.670328E+03,2.558846E+03,9.064414E-02,2.256465E-01,0.000000E+00,0.000000E+00,0.000000E+00,0.000000E+00,0.000000E+00,0.000000E+00,0.000000E+00,0.000000E+00,2.111000E+01,4.208825E+01,2.388850E+01,4.107651E+01,3.527805E+03,7.930420E+02,1.197382E-01,6.992702E-02,0.000000E+00,0.000000E+00,0.000000E+00,0.000000E+00,0.000000E+00,0.000000E+00,0.000000E+00,0.000000E+00,2.110688E+01,3.890220E+01,2.388942E+01,3.954935E+01,5.438583E+03,1.367128E+03,1.845939E-01,1.205484E-01,0.000000E+00,0.000000E+00,0.000000E+00,0.000000E+00,0.000000E+00,0.000000E+00,0.000000E+00,0.000000E+00,2.110711E+01,3.898066E+01,2.388933E+01,3.973286E+01,5.425223E+03,1.370730E+03,1.841405E-01,1.208660E-01,0.000000E+00,0.000000E+00,0.000000E+00,0.000000E+00,0.000000E+00,0.000000E+00,0.000000E+00,0.000000E+00,2.110711E+01,3.897364E+01,2.388933E+01,3.972832E+01,3.519000E+03,7.953859E+02,1.194394E-01,7.013370E-02,0.000000E+00,0.000000E+00,0.000000E+00,0.000000E+00,0.000000E+00,0.000000E+00,0.000000E+00,0.000000E+00,2.110688E+01,3.889490E+01,2.388942E+01,3.954482E+01
03:40:00,2.670556E+03,2.554629E+03,9.065188E-02,2.252746E-01,0.000000E+00,0.000000E+00,0.000000E+00,0.000000E+00,0.000000E+00,0.000000E+00,0.000000E+00,0.000000E+00,2.111000E+01,4.208825E+01,2.388850E+01,4.108215E+01,3.527873E+03,7.883892E+02,1.197405E-01,6.951676E-02,0.000000E+00,0.000000E+00,0.000000E+00,0.000000E+00,0.000000E+00,0.000000E+00,0.000000E+00,0.000000E+00,2.110688E+01,3.890226E+01,2.388942E+01,3.955765E+01,5.438703E+03,1.359913E+03,1.845980E-01,1.199122E-01,0.000000E+00,0.000000E+00,0.000000E+00,0.000000E+00,0.000000E+00,0.000000E+00,0.000000E+00,0.000000E+00,2.110711E+01,3.898073E+01,2.388933E+01,3.974135E+01,5.425343E+03,1.363466E+03,1.841446E-01,1.202255E-01,0.000000E+00,0.000000E+00,0.000000E+00,0.000000E+00,0.000000E+00,0.000000E+00,0.000000E+00,0.000000E+00,2.110711E+01,3.897370E+01,2.388933E+01,3.973682E+01,3.519068E+03,7.907007E+02,1.194417E-01,6.972057E-02,0.000000E+00,0.000000E+00,0.000000E+00,0.000000E+00,0.000000E+00,0.000000E+00,0.000000E+00,0.000000E+00,2.110688E+01,3.889496E+01,2.388942E+01,3.955313E+01
03:50:00,2.670782E+03,2.550463E+03,9.065955E-02,2.249073E-01,0.000000E+00,0.000000E+00,0.000000E+00,0.000000E+00,0.000000E+00,0.000000E+00,0.000000E+00,0.000000E+00,2.111000E+01,4.208825E+01,2.388850E+01,4.108773E+01,3.527940E+03,7.837457E+02,1.197428E-01,6.910731E-02,0.000000E+00,0.000000E+00,0.000000E+00,0.000000E+00,0.000000E+00,0.000000E+00,0.000000E+00,0.000000E+00,2.110688E+01,3.890231E+01,2.388942E+01,3.956597E+01,5.438823E+03,1.352714E+03,1.846021E-01,1.192774E-01,0.000000E+00,0.000000E+00,0.000000E+00,0.000000E+00,0.000000E+00,0.000000E+00,0.000000E+00,0.000000E+00,2.110711E+01,3.898079E+01,2.388933E+01,3.974985E+01,5.425463E+03,1.356217E+03,1.841486E-01,1.195863E-01,0.000000E+00,0.000000E+00,0.000000E+00,0.000000E+00,0.000000E+00,0.000000E+00,0.000000E+00,0.000000E+00,2.110711E+01,3.897376E+01,2.388933E+01,3.974534E+01,3.519135E+03,7.860243E+02,1.194439E-01,6.930823E-02,0.000000E+00,0.000000E+00,0.000000E+00,0.000000E+00,0.000000E+00,0.000000E+00,0.000000E+00,0.000000E+00,2.110688E+01,3.889501E+01,2.388942E+01,3.956147E+01
04:00:00,2.671007E+03,2.546340E+03,9.066717E-02,2.245437E-01,0.000000E+00,0.000000E+00,0.000000E+00,0.000000E+00,0.000000E+00,0.000000E+00,0.000000E+00,0.000000E+00,2.111000E+01,4.208825E+01,2.388850E+01,4.109324E+01,3.528006E+03,7.791073E+02,1.197451E-01,6.869831E-02,0.000000E+00,0.000000E+00,0.000000E+00,0.000000E+00,0.000000E+00,0.000000E+00,0.000000E+00,0.000000E+00,2.110688E+01,3.890237E+01,2.388942E+01,3.957433E+01,5.438941E+03,1.345524E+03,1.846061E-01,1.186434E-01,0.000000E+00,0.000000E+00,0.000000E+00,0.000000E+00,0.000000E+00,0.000000E+00,0.000000E+00,0.000000E+00,2.110711E+01,3.898085E+01,2.388933E+01,3.975838E+01,5.425581E+03,1.348977E+03,1.841526E-01,1.189479E-01,0.000000E+00,0.000000E+00,0.000000E+00,0.000000E+00,0.000000E+00,0.000000E+00,0.000000E+00,0.000000E+00,2.110711E+01,3.897383E+01,2.388933E+01,3.975390E+01,3.519201E+03,7.813526E+02,1.194462E-01,6.889630E-02,0.000000E+00,0.000000E+00,0.000000E+00,0.000000E+00,0.000000E+00,0.000000E+00,0.000000E+00,0.000000E+00,2.110688E+01,3.889507E+01,2.388942E+01,3.956986E+01
04:10:00,2.671229E+03,2.542284E+03,9.067474E-02,2.241861E-01,0.000000E+00,0.000000E+00,0.000000E+00,0.000000E+00,0.000000E+00,0.000000E+00,0.000000E+00,0.000000E+00,2.111000E+01,4.208825E+01,2.388850E+01,4.109871E+01,3.528072E+03,7.745957E+02,1.197473E-01,6.830050E-02,0.000000E+00,0.000000E+00,0.000000E+00,0.000000E+00,0.000000E+00,0.000000E+00,0.000000E+00,0.000000E+00,2.110688E+01,3.890242E+01,2.388942E+01,3.958275E+01,5.439058E+03,1.338526E+03,1.846101E-01,1.180264E-01,0.000000E+00,0.000000E+00,0.000000E+00,0.000000E+00,0.000000E+00,0.000000E+00,0.000000E+00,0.000000E+00,2.110711E+01,3.898091E+01,2.388933E+01,3.976696E+01,5.425698E+03,1.341930E+03,1.841566E-01,1.183265E-01,0.000000E+00,0.000000E+00,0.000000E+00,0.000000E+00,0.000000E+00,0.000000E+00,0.000000E+00,0.000000E+00,2.110711E+01,3.897389E+01,2.388933E+01,3.976250E+01,3.519267E+03,7.768082E+02,1.194484E-01,6.849558E-02,0.000000E+00,0.000000E+00,0.000000E+00,0.000000E+00,0.000000E+00,0.000000E+00,0.000000E+00,0.000000E+00,2.110688E+01,3.889512E+01,2.388942E+01,3.957829E+01
04:20:00,2.671450E+03,2.538297E+03,9.068224E-02,2.238345E-01,0.000000E+00,0.000000E+00,0.000000E+00,0.000000E+00,0.000000E+00,0.000000E+00,0.000000E+00,0.000000E+00,2.111000E+01,4.208825E+01,2.388850E+01,4.110411E+01,3.528138E+03,7.702102E+02,1.197495E-01,6.791380E-02,0.000000E+00,0.000000E+00,0.000000E+00,0.000000E+00,0.000000E+00,0.000000E+00,0.000000E+00,0.000000E+00,2.110688E+01,3.890248E+01,2.388942E+01,3.959106E+01,5.439175E+03,1.331720E+03,1.846140E-01,1.174263E-01,0.000000E+00,0.000000E+00,0.000000E+00,0.000000E+00,0.000000E+00,0.000000E+00,0.000000E+00,0.000000E+00,2.110711E+01,3.898097E+01,2.388933E+01,3.977542E+01,5.425814E+03,1.335075E+03,1.841606E-01,1.177221E-01,0.000000E+00,0.000000E+00,0.000000E+00,0.000000E+00,0.000000E+00,0.000000E+00,0.000000E+00,0.000000E+00,2.110711E+01,3.897395E+01,2.388933E+01,3.977099E+01,3.519333E+03,7.723903E+02,1.194507E-01,6.810603E-02,0.000000E+00,0.000000E+00,0.000000E+00,0.000000E+00,0.000000E+00,0.000000E+00,0.000000E+00,0.000000E+00,2.110688E+01,3.889518E+01,2.388942E+01,3.958662E+01
04:30:00,2.671670E+03,2.534376E+03,9.068968E-02,2.234887E-01,0.000000E+00,0.000000E+00,0.000000E+00,0.000000E+00,0.000000E+00,0.000000E+00,0.000000E+00,0.000000E+00,2.111000E+01,4.208825E+01,2.388850E+01,4.110941E+01,3.528203E+03,7.659484E+02,1.197517E-01,6.753801E-02,0.000000E+00,0.000000E+00,0.000000E+00,0.000000E+00,0.000000E+00,0.000000E+00,0.000000E+00,0.000000E+00,2.110688E+01,3.890253E+01,2.388942E+01,3.959919E+01,5.439290E+03,1.325103E+03,1.846179E-01,1.168428E-01,0.000000E+00,0.000000E+00,0.000000E+00,0.000000E+00,0.000000E+00,0.000000E+00,0.000000E+00,0.000000E+00,2.110711E+01,3.898104E+01,2.388933E+01,3.978371E+01,5.425930E+03,1.328409E+03,1.841645E-01,1.171343E-01,0.000000E+00,0.000000E+00,0.000000E+00,0.000000E+00,0.000000E+00,0.000000E+00,0.000000E+00,0.000000E+00,2.110711E+01,3.897401E+01,2.388933E+01,3.977929E+01,3.519397E+03,7.680968E+02,1.194528E-01,6.772745E-02,0.000000E+00,0.000000E+00,0.000000E+00,0.000000E+00,0.000000E+00,0.000000E+00,0.000000E+00,0.000000E+00,2.110688E+01,3.889523E+01,2.388942E+01,3.959478E+01
04:40:00,2.671887E+03,2.530527E+03,9.069707E-02,2.231493E-01,0.000000E+00,0.000000E+00,0.000000E+00,0.000000E+00,0.000000E+00,0.000000E+00,0.000000E+00,0.000000E+00,2.111000E+01,4.208825E+01,2.388850E+01,4.111463E+01,3.528267E+03,7.618122E+02,1.197539E-01,6.717330E-02,0.000000E+00,0.000000E+00,0.000000E+00,0.000000E+00,0.000000E+00,0.000000E+00,0.000000E+00,0.000000E+00,2.110688E+01,3.890258E+01,2.388942E+01,3.960717E+01,5.439404E+03,1.318677E+03,1.846218E-01,1.162761E-01,0.000000E+00,0.000000E+00,0.000000E+00,0.000000E+00,0.000000E+00,0.000000E+00,0.000000E+00,0.000000E+00,2.110711E+01,3.898110E+01,2.388933E+01,3.979183E+01,5.426044E+03,1.321936E+03,1.841683E-01,1.165635E-01,0.000000E+00,0.000000E+00,0.000000E+00,0.000000E+00,0.000000E+00,0.000000E+00,0.000000E+00,0.000000E+00,2.110711E+01,3.897407E+01,2.388933E+01,3.978744E+01,3.519461E+03,7.639294E+02,1.194550E-01,6.735999E-02,0.000000E+00,0.000000E+00,0.000000E+00,0.000000E+00,0.000000E+00,0.000000E+00,0.000000E+00,0.000000E+00,2.110688E+01,3.889528E+01,2.388942E+01,3.960278E+01
04:50:00,2.672103E+03,2.526756E+03,9.070440E-02,2.228168E-01,0.000000E+00,0.000000E+00,0.000000E+00,0.000000E+00,0.000000E+00,0.000000E+00,0.000000E+00,0.000000E+00,2.111000E+01,4.208825E+01,2.388850E+01,4.111976E+01,3.528330E+03,7.578042E+02,1.197560E-01,6.681989E-02,0.000000E+00,0.000000E+00,0.000000E+00,0.000000E+00,0.000000E+00,0.000000E+00,0.000000E+00,0.000000E+00,2.110688E+01,3.890264E+01,2.388942E+01,3.961505E+01,5.439517E+03,1.312446E+03,1.846256E-01,1.157267E-01,0.000000E+00,0.000000E+00,0.000000E+00,0.000000E+00,0.000000E+00,0.000000E+00,0.000000E+00,0.000000E+00,2.110711E+01,3.898116E+01,2.388933E+01,3.979984E+01,5.426157E+03,1.315659E+03,1.841722E-01,1.160101E-01,0.000000E+00,0.000000E+00,0.000000E+00,0.000000E+00,0.000000E+00,0.000000E+00,0.000000E+00,0.000000E+00,2.110711E+01,3.897413E+01,2.388933E+01,3.979548E+01,3.519525E+03,7.598909E+02,1.194572E-01,6.700388E-02,0.000000E+00,0.000000E+00,0.000000E+00,0.000000E+00,0.000000E+00,0.000000E+00,0.000000E+00,0.000000E+00,2.110688E+01,3.889534E+01,2.388942E+01,3.961068E+01
05:00:00,2.672318E+03,2.523068E+03,9.071167E-02,2.224916E-01,0.000000E+00,0.000000E+00,0.000000E+00,0.000000E+00,0.000000E+00,0.000000E+00,0.000000E+00,0.000000E+00,2.111000E+01,4.208825E+01,2.388850E+01,4.112482E+01,3.528393E+03,7.539266E+02,1.197582E-01,6.647798E-02,0.000000E+00,0.000000E+00,0.000000E+00,0.000000E+00,0.000000E+00,0.000000E+00,0.000000E+00,0.000000E+00,2.110688E+01,3.890269E+01,2.388942E+01,3.962287E+01,5.439629E+03,1.306415E+03,1.846295E-01,1.151949E-01,0.000000E+00,0.000000E+00,0.000000E+00,0.000000E+00,0.000000E+00,0.000000E+00,0.000000E+00,0.000000E+00,2.110711E+01,3.898122E+01,2.388933E+01,3.980778E+01,5.426269E+03,1.309583E+03,1.841760E-01,1.154743E-01,0.000000E+00,0.000000E+00,0.000000E+00,0.000000E+00,0.000000E+00,0.000000E+00,0.000000E+00,0.000000E+00,2.110711E+01,3.897419E+01,2.388933E+01,3.980344E+01,3.519588E+03,7.559835E+02,1.194593E-01,6.665935E-02,0.000000E+00,0.000000E+00,0.000000E+00,0.000000E+00,0.000000E+00,0.000000E+00,0.000000E+00,0.000000E+00,2.110688E+01,3.889539E+01,2.388942E+01,3.961852E+01
05:10:00,2.672530E+03,2.519447E+03,9.071889E-02,2.221723E-01,0.000000E+00,0.000000E+00,0.000000E+00,0.000000E+00,0.000000E+00,0.000000E+00,0.000000E+00,0.000000E+00,2.111000E+01,4.208825E+01,2.388850E+01,4.112982E+01,3.528456E+03,7.504651E+02,1.197603E-01,6.617276E-02,0.000000E+00,0.000000E+00,0.000000E+00,0.000000E+00,0.000000E+00,0.000000E+00,0.000000E+00,0.000000E+00,2.110688E+01,3.890274E+01,2.388942E+01,3.963065E+01,5.439740E+03,1.301012E+03,1.846332E-01,1.147185E-01,0.000000E+00,0.000000E+00,0.000000E+00,0.000000E+00,0.000000E+00,0.000000E+00,0.000000E+00,0.000000E+00,2.110711E+01,3.898127E+01,2.388933E+01,3.981568E+01,5.426380E+03,1.304139E+03,1.841797E-01,1.149943E-01,0.000000E+00,0.000000E+00,0.000000E+00,0.000000E+00,0.000000E+00,0.000000E+00,0.000000E+00,0.000000E+00,2.110711E+01,3.897425E+01,2.388933E+01,3.981137E+01,3.519650E+03,7.524945E+02,1.194614E-01,6.635170E-02,0.000000E+00,0.000000E+00,0.000000E+00,0.000000E+00,0.000000E+00,0.000000E+00,0.000000E+00,0.000000E+00,2.110688E+01,3.889544E+01,2.388942E+01,3.962632E+01
05:20:00,2.672741E+03,2.515932E+03,9.072605E-02,2.218623E-01,0.000000E+00,0.000000E+00,0.000000E+00,0.000000E+00,0.000000E+00,0.000000E+00,0.000000E+00,0.000000E+00,2.111000E+01,4.208825E+01,2.388850E+01,4.113472E+01,3.528518E+03,7.474380E+02,1.197624E-01,6.590584E-02,0.000000E+00,0.000000E+00,0.000000E+00,0.000000E+00,0.000000E+00,0.000000E+00,0.000000E+00,0.000000E+00,2.110688E+01,3.890279E+01,2.388942E+01,3.963787E+01,5.439850E+03,1.296269E+03,1.846370E-01,1.143003E-01,0.000000E+00,0.000000E+00,0.000000E+00,0.000000E+00,0.000000E+00,0.000000E+00,0.000000E+00,0.000000E+00,2.110711E+01,3.898133E+01,2.388933E+01,3.982302E+01,5.426490E+03,1.299359E+03,1.841835E-01,1.145727E-01,0.000000E+00,0.000000E+00,0.000000E+00,0.000000E+00,0.000000E+00,0.000000E+00,0.000000E+00,0.000000E+00,2.110711E+01,3.897431E+01,2.388933E+01,3.981873E+01,3.519712E+03,7.494426E+02,1.194635E-01,6.608260E-02,0.000000E+00,0.000000E+00,0.000000E+00,0.000000E+00,0.000000E+00,0.000000E+00,0.000000E+00,0.000000E+00,2.110688E+01,3.889549E+01,2.388942E+01,3.963358E+01
05:30:00,2.672951E+03,2.512576E+03,9.073316E-02,2.215664E-01,0.000000E+00,0.000000E+00,0.000000E+00,0.000000E+00,0.000000E+00,0.000000E+00,0.000000E+00,0.000000E+00,2.111000E+01,4.208825E+01,2.388850E+01,4.113950E+01,3.528579E+03,7.448741E+02,1.197645E-01,6.567978E-02,0.000000E+00,0.000000E+00,0.000000E+00,0.000000E+00,0.000000E+00,0.000000E+00,0.000000E+00,0.000000E+00,2.110688E+01,3.890284E+01,2.388942E+01,3.964430E+01,5.439960E+03,1.292232E+03,1.846407E-01,1.139444E-01,0.000000E+00,0.000000E+00,0.000000E+00,0.000000E+00,0.000000E+00,0.000000E+00,0.000000E+00,0.000000E+00,2.110711E+01,3.898139E+01,2.388933E+01,3.982954E+01,5.426599E+03,1.295289E+03,1.841872E-01,1.142139E-01,0.000000E+00,0.000000E+00,0.000000E+00,0.000000E+00,0.000000E+00,0.000000E+00,0.000000E+00,0.000000E+00,2.110711E+01,3.897437E+01,2.388933E+01,3.982527E+01,3.519773E+03,7.468570E+02,1.194656E-01,6.585461E-02,0.000000E+00,0.000000E+00,0.000000E+00,0.000000E+00,0.000000E+00,0.000000E+00,0.000000E+00,0.000000E+00,2.110688E+01,3.889555E+01,2.388942E+01,3.964002E+01
05:40:00,2.673158E+03,2.509427E+03,9.074021E-02,2.212888E-01,0.000000E+00,0.000000E+00,0.000000E+00,0.000000E+00,0.000000E+00,0.000000E+00,0.000000E+00,0.000000E+00,2.111000E+01,4.208825E+01,2.388850E+01,4.114407E+01,3.528640E+03,7.427981E+02,1.197665E-01,6.549673E-02,0.000000E+00,0.000000E+00,0.000000E+00,0.000000E+00,0.000000E+00,0.000000E+00,0.000000E+00,0.000000E+00,2.110688E+01,3.890289E+01,2.388941E+01,3.964992E+01,5.440068E+03,1.288942E+03,1.846443E-01,1.136543E-01,0.000000E+00,0.000000E+00,0.000000E+00,0.000000E+00,0.000000E+00,0.000000E+00,0.000000E+00,0.000000E+00,2.110711E+01,3.898145E+01,2.388932E+01,3.983525E+01,5.426707E+03,1.291971E+03,1.841908E-01,1.139213E-01,0.000000E+00,0.000000E+00,0.000000E+00,0.000000E+00,0.000000E+00,0.000000E+00,0.000000E+00,0.000000E+00,2.110711E+01,3.897443E+01,2.388932E+01,3.983100E+01,3.519834E+03,7.447623E+02,1.194677E-01,6.566992E-02,0.000000E+00,0.000000E+00,0.000000E+00,0.000000E+00,0.000000E+00,0.000000E+00,0.000000E+00,0.000000E+00,2.110688E+01,3.889560E+01,2.388941E+01,3.964566E+01
05:50:00,2.673364E+03,2.506528E+03,9.074721E-02,2.210331E-01,0.000000E+00,0.000000E+00,0.000000E+00,0.000000E+00,0.000000E+00,0.000000E+00,0.000000E+00,0.000000E+00,2.111000E+01,4.208825E+01,2.388850E+01,4.114837E+01,3.528700E+03,7.412317E+02,1.197686E-01,6.535861E-02,0.000000E+00,0.000000E+00,0.000000E+00,0.000000E+00,0.000000E+00,0.000000E+00,0.000000E+00,0.000000E+00,2.110688E+01,3.890294E+01,2.388941E+01,3.965483E+01,5.440175E+03,1.286434E+03,1.846480E-01,1.134331E-01,0.000000E+00,0.000000E+00,0.000000E+00,0.000000E+00,0.000000E+00,0.000000E+00,0.000000E+00,0.000000E+00,2.110711E+01,3.898150E+01,2.388932E+01,3.984024E+01,5.426814E+03,1.289439E+03,1.841945E-01,1.136981E-01,0.000000E+00,0.000000E+00,0.000000E+00,0.000000E+00,0.000000E+00,0.000000E+00,0.000000E+00,0.000000E+00,2.110711E+01,3.897448E+01,2.388932E+01,3.983601E+01,3.519894E+03,7.431802E+02,1.194697E-01,6.553043E-02,0.000000E+00,0.000000E+00,0.000000E+00,0.000000E+00,0.000000E+00,0.000000E+00,0.000000E+00,0.000000E+00,2.110688E+01,3.889565E+01,2.388941E+01,3.965059E+01
06:00:00,2.673569E+03,2.503916E+03,9.075415E-02,2.208028E-01,0.000000E+00,0.000000E+00,0.000000E+00,0.000000E+00,0.000000E+00,0.000000E+00,0.000000E+00,0.000000E+00,2.111000E+01,4.208825E+01,2.388849E+01,4.115233E+01,3.528759E+03,7.401934E+02,1.197706E-01,6.526707E-02,0.000000E+00,0.000000E+00,0.000000E+00,0.000000E+00,0.000000E+00,0.000000E+00,0.000000E+00,0.000000E+00,2.110688E+01,3.890299E+01,2.388941E+01,3.965915E+01,5.440281E+03,1.284737E+03,1.846516E-01,1.132835E-01,0.000000E+00,0.000000E+00,0.000000E+00,0.000000E+00,0.000000E+00,0.000000E+00,0.000000E+00,0.000000E+00,2.110711E+01,3.898156E+01,2.388932E+01,3.984462E+01,5.426920E+03,1.287723E+03,1.841981E-01,1.135468E-01,0.000000E+00,0.000000E+00,0.000000E+00,0.000000E+00,0.000000E+00,0.000000E+00,0.000000E+00,0.000000E+00,2.110711E+01,3.897454E+01,2.388932E+01,3.984040E+01,3.519954E+03,7.421296E+02,1.194717E-01,6.543780E-02,0.000000E+00,0.000000E+00,0.000000E+00,0.000000E+00,0.000000E+00,0.000000E+00,0.000000E+00,0.000000E+00,2.110688E+01,3.889570E+01,2.388941E+01,3.965492E+01
06:10:00,2.673772E+03,2.501624E+03,9.076104E-02,2.206007E-01,0.000000E+00,0.000000E+00,0.000000E+00,0.000000E+00,0.000000E+00,0.000000E+00,0.000000E+00,0.000000E+00,2.111000E+01,4.208825E+01,2.388849E+01,4.115596E+01,3.528818E+03,7.397986E+02,1.197726E-01,6.523226E-02,0.000000E+00,0.000000E+00,0.000000E+00,0.000000E+00,0.000000E+00,0.000000E+00,0.000000E+00,0.000000E+00,2.110688E+01,3.890304E+01,2.388941E+01,3.966296E+01,5.440386E+03,1.284027E+03,1.846551E-01,1.132209E-01,0.000000E+00,0.000000E+00,0.000000E+00,0.000000E+00,0.000000E+00,0.000000E+00,0.000000E+00,0.000000E+00,2.110711E+01,3.898162E+01,2.388932E+01,3.984848E+01,5.427025E+03,1.287000E+03,1.842017E-01,1.134830E-01,0.000000E+00,0.000000E+00,0.000000E+00,0.000000E+00,0.000000E+00,0.000000E+00,0.000000E+00,0.000000E+00,2.110711E+01,3.897459E+01,2.388932E+01,3.984427E+01,3.520013E+03,7.417262E+02,1.194737E-01,6.540223E-02,0.000000E+00,0.000000E+00,0.000000E+00,0.000000E+00,0.000000E+00,0.000000E+00,0.000000E+00,0.000000E+00,2.110688E+01,3.889575E+01,2.388941E+01,3.965874E+01
06:20:00,2.673973E+03,2.499691E+03,9.076787E-02,2.204302E-01,0.000000E+00,0.000000E+00,0.000000E+00,0.000000E+00,0.000000E+00,0.000000E+00,0.000000E+00,0.000000E+00,2.111000E+01,4.208825E+01,2.388849E+01,4.115921E+01,3.528877E+03,7.400651E+02,1.197746E-01,6.525578E-02,0.000000E+00,0.000000E+00,0.000000E+00,0.000000E+00,0.000000E+00,0.000000E+00,0.000000E+00,0.000000E+00,2.110688E+01,3.890309E+01,2.388941E+01,3.966565E+01,5.440490E+03,1.284332E+03,1.846587E-01,1.132478E-01,0.000000E+00,0.000000E+00,0.000000E+00,0.000000E+00,0.000000E+00,0.000000E+00,0.000000E+00,0.000000E+00,2.110711E+01,3.898167E+01,2.388932E+01,3.985120E+01,5.427129E+03,1.287297E+03,1.842052E-01,1.135093E-01,0.000000E+00,0.000000E+00,0.000000E+00,0.000000E+00,0.000000E+00,0.000000E+00,0.000000E+00,0.000000E+00,2.110711E+01,3.897465E+01,2.388932E+01,3.984700E+01,3.520071E+03,7.419879E+02,1.194757E-01,6.542532E-02,0.000000E+00,0.000000E+00,0.000000E+00,0.000000E+00,0.000000E+00,0.000000E+00,0.000000E+00,0.000000E+00,2.110688E+01,3.889580E+01,2.388941E+01,3.966144E+01
06:30:00,2.674173E+03,2.498152E+03,9.077466E-02,2.202945E-01,0.000000E+00,0.000000E+00,0.000000E+00,0.000000E+00,0.000000E+00,0.000000E+00,0.000000E+00,0.000000E+00,2.111000E+01,4.208825E+01,2.388849E+01,4.116204E+01,3.528935E+03,7.410112E+02,1.197766E-01,6.533921E-02,0.000000E+00,0.000000E+00,0.000000E+00,0.000000E+00,0.000000E+00,0.000000E+00,0.000000E+00,0.000000E+00,2.110688E+01,3.890314E+01,2.388940E+01,3.966693E+01,5.440594E+03,1.285681E+03,1.846622E-01,1.133668E-01,0.000000E+00,0.000000E+00,0.000000E+00,0.000000E+00,0.000000E+00,0.000000E+00,0.000000E+00,0.000000E+00,2.110711E+01,3.898173E+01,2.388931E+01,3.985250E+01,5.427233E+03,1.288645E+03,1.842087E-01,1.136281E-01,0.000000E+00,0.000000E+00,0.000000E+00,0.000000E+00,0.000000E+00,0.000000E+00,0.000000E+00,0.000000E+00,2.110711E+01,3.897470E+01,2.388931E+01,3.984831E+01,3.520129E+03,7.429327E+02,1.194777E-01,6.550864E-02,0.000000E+00,0.000000E+00,0.000000E+00,0.000000E+00,0.000000E+00,0.000000E+00,0.000000E+00,0.000000E+00,2.110688E+01,3.889584E+01,2.388940E+01,3.966273E+01
06:40:00,2.674371E+03,2.497041E+03,9.078139E-02,2.201966E-01,0.000000E+00,0.000000E+00,0.000000E+00,0.000000E+00,0.000000E+00,0.000000E+00,0.000000E+00,0.000000E+00,2.111000E+01,4.208825E+01,2.388849E+01,4.116437E+01,3.528992E+03,7.426530E+02,1.197785E-01,6.548399E-02,0.000000E+00,0.000000E+00,0.000000E+00,0.000000E+00,0.000000E+00,0.000000E+00,0.000000E+00,0.000000E+00,2.110688E+01,3.890319E+01,2.388940E+01,3.966686E+01,5.440696E+03,1.288101E+03,1.846657E-01,1.135802E-01,0.000000E+00,0.000000E+00,0.000000E+00,0.000000E+00,0.000000E+00,0.000000E+00,0.000000E+00,0.000000E+00,2.110711E+01,3.898178E+01,2.388931E+01,3.985243E+01,5.427335E+03,1.291068E+03,1.842122E-01,1.138418E-01,0.000000E+00,0.000000E+00,0.000000E+00,0.000000E+00,0.000000E+00,0.000000E+00,0.000000E+00,0.000000E+00,2.110711E+01,3.897476E+01,2.388931E+01,3.984825E+01,3.520187E+03,7.445769E+02,1.194796E-01,6.565363E-02,0.000000E+00,0.000000E+00,0.000000E+00,0.000000E+00,0.000000E+00,0.000000E+00,0.000000E+00,0.000000E+00,2.110688E+01,3.889589E+01,2.388940E+01,3.966266E+01
06:50:00,2.674568E+03,2.496387E+03,9.078806E-02,2.201390E-01,0.000000E+00,0.000000E+00,0.000000E+00,0.000000E+00,0.000000E+00,0.000000E+00,0.000000E+00,0.000000E+00,2.111000E+01,4.208825E+01,2.388849E+01,4.116613E+01,3.529049E+03,7.450051E+02,1.197804E-01,6.569140E-02,0.000000E+00,0.000000E+00,0.000000E+00,0.000000E+00,0.000000E+00,0.000000E+00,0.000000E+00,0.000000E+00,2.110688E+01,3.890323E+01,2.388940E+01,3.966560E+01,5.440798E+03,1.291616E+03,1.846691E-01,1.138901E-01,0.000000E+00,0.000000E+00,0.000000E+00,0.000000E+00,0.000000E+00,0.000000E+00,0.000000E+00,0.000000E+00,2.110711E+01,3.898183E+01,2.388931E+01,3.985116E+01,5.427436E+03,1.294592E+03,1.842156E-01,1.141525E-01,0.000000E+00,0.000000E+00,0.000000E+00,0.000000E+00,0.000000E+00,0.000000E+00,0.000000E+00,0.000000E+00,2.110711E+01,3.897481E+01,2.388931E+01,3.984698E+01,3.520244E+03,7.469349E+02,1.194816E-01,6.586156E-02,0.000000E+00,0.000000E+00,0.000000E+00,0.000000E+00,0.000000E+00,0.000000E+00,0.000000E+00,0.000000E+00,2.110688E+01,3.889594E+01,2.388940E+01,3.966140E+01
07:00:00,2.674763E+03,2.496218E+03,9.079469E-02,2.201240E-01,0.000000E+00,0.000000E+00,0.000000E+00,0.000000E+00,0.000000E+00,0.000000E+00,0.000000E+00,0.000000E+00,2.111000E+01,4.208825E+01,2.388849E+01,4.116727E+01,3.529106E+03,7.480802E+02,1.197824E-01,6.596256E-02,0.000000E+00,0.000000E+00,0.000000E+00,0.000000E+00,0.000000E+00,0.000000E+00,0.000000E+00,0.000000E+00,2.110688E+01,3.890328E+01,2.388940E+01,3.966333E+01,5.440898E+03,1.296244E+03,1.846725E-01,1.142983E-01,0.000000E+00,0.000000E+00,0.000000E+00,0.000000E+00,0.000000E+00,0.000000E+00,0.000000E+00,0.000000E+00,2.110711E+01,3.898189E+01,2.388931E+01,3.984887E+01,5.427537E+03,1.299235E+03,1.842190E-01,1.145620E-01,0.000000E+00,0.000000E+00,0.000000E+00,0.000000E+00,0.000000E+00,0.000000E+00,0.000000E+00,0.000000E+00,2.110711E+01,3.897487E+01,2.388931E+01,3.984468E+01,3.520300E+03,7.500195E+02,1.194835E-01,6.613357E-02,0.000000E+00,0.000000E+00,0.000000E+00,0.000000E+00,0.000000E+00,0.000000E+00,0.000000E+00,0.000000E+00,2.110688E+01,3.889599E+01,2.388940E+01,3.965913E+01
07:10:00,2.674957E+03,2.496590E+03,9.080127E-02,2.201569E-01,0.000000E+00,0.000000E+00,0.000000E+00,0.000000E+00,0.000000E+00,0.000000E+00,0.000000E+00,0.000000E+00,2.111000E+01,4.208825E+01,2.388849E+01,4.116780E+01,3.529161E+03,7.523647E+02,1.197843E-01,6.634037E-02,0.000000E+00,0.000000E+00,0.000000E+00,0.000000E+00,0.000000E+00,0.000000E+00,0.000000E+00,0.000000E+00,2.110688E+01,3.890333E+01,2.388939E+01,3.966021E+01,5.440998E+03,1.302722E+03,1.846759E-01,1.148695E-01,0.000000E+00,0.000000E+00,0.000000E+00,0.000000E+00,0.000000E+00,0.000000E+00,0.000000E+00,0.000000E+00,2.110711E+01,3.898194E+01,2.388930E+01,3.984569E+01,5.427637E+03,1.305736E+03,1.842224E-01,1.151353E-01,0.000000E+00,0.000000E+00,0.000000E+00,0.000000E+00,0.000000E+00,0.000000E+00,0.000000E+00,0.000000E+00,2.110711E+01,3.897492E+01,2.388930E+01,3.984150E+01,3.520356E+03,7.543199E+02,1.194854E-01,6.651277E-02,0.000000E+00,0.000000E+00,0.000000E+00,0.000000E+00,0.000000E+00,0.000000E+00,0.000000E+00,0.000000E+00,2.110688E+01,3.889603E+01,2.388939E+01,3.965601E+01
07:20:00,2.675149E+03,2.497590E+03,9.080779E-02,2.202451E-01,0.000000E+00,0.000000E+00,0.000000E+00,0.000000E+00,0.000000E+00,0.000000E+00,0.000000E+00,0.000000E+00,2.111000E+01,4.208825E+01,2.388849E+01,4.116765E+01,3.529217E+03,7.579220E+02,1.197861E-01,6.683041E-02,0.000000E+00,0.000000E+00,0.000000E+00,0.000000E+00,0.000000E+00,0.000000E+00,0.000000E+00,0.000000E+00,2.110688E+01,3.890337E+01,2.388939E+01,3.965505E+01,5.441097E+03,1.311148E+03,1.846793E-01,1.156126E-01,0.000000E+00,0.000000E+00,0.000000E+00,0.000000E+00,0.000000E+00,0.000000E+00,0.000000E+00,0.000000E+00,2.110711E+01,3.898199E+01,2.388930E+01,3.984046E+01,5.427735E+03,1.314194E+03,1.842257E-01,1.158811E-01,0.000000E+00,0.000000E+00,0.000000E+00,0.000000E+00,0.000000E+00,0.000000E+00,0.000000E+00,0.000000E+00,2.110711E+01,3.897497E+01,2.388930E+01,3.983627E+01,3.520411E+03,7.598982E+02,1.194873E-01,6.700467E-02,0.000000E+00,0.000000E+00,0.000000E+00,0.000000E+00,0.000000E+00,0.000000E+00,0.000000E+00,0.000000E+00,2.110688E+01,3.889608E+01,2.388939E+01,3.965084E+01
07:30:00,2.675340E+03,2.499311E+03,9.081427E-02,2.203969E-01,0.000000E+00,0.000000E+00,0.000000E+00,0.000000E+00,0.000000E+00,0.000000E+00,0.000000E+00,0.000000E+00,2.111000E+01,4.208825E+01,2.388848E+01,4.116671E+01,3.529272E+03,7.647944E+02,1.197880E-01,6.743641E-02,0.000000E+00,0.000000E+00,0.000000E+00,0.000000E+00,0.000000E+00,0.000000E+00,0.000000E+00,0.000000E+00,2.110688E+01,3.890342E+01,2.388938E+01,3.964730E+01,5.441194E+03,1.321592E+03,1.846826E-01,1.165335E-01,0.000000E+00,0.000000E+00,0.000000E+00,0.000000E+00,0.000000E+00,0.000000E+00,0.000000E+00,0.000000E+00,2.110711E+01,3.898204E+01,2.388929E+01,3.983261E+01,5.427833E+03,1.324676E+03,1.842291E-01,1.168055E-01,0.000000E+00,0.000000E+00,0.000000E+00,0.000000E+00,0.000000E+00,0.000000E+00,0.000000E+00,0.000000E+00,2.110711E+01,3.897502E+01,2.388929E+01,3.982840E+01,3.520466E+03,7.667965E+02,1.194891E-01,6.761295E-02,0.000000E+00,0.000000E+00,0.000000E+00,0.000000E+00,0.000000E+00,0.000000E+00,0.000000E+00,0.000000E+00,2.110688E+01,3.889613E+01,2.388938E+01,3.964308E+01
07:40:00,2.675529E+03,2.501840E+03,9.082069E-02,2.206199E-01,0.000000E+00,0.000000E+00,0.000000E+00,0.000000E+00,0.000000E+00,0.000000E+00,0.000000E+00,0.000000E+00,2.111000E+01,4.208825E+01,2.388848E+01,4.116480E+01,3.529326E+03,7.730185E+02,1.197898E-01,6.816161E-02,0.000000E+00,0.000000E+00,0.000000E+00,0.000000E+00,0.000000E+00,0.000000E+00,0.000000E+00,0.000000E+00,2.110688E+01,3.890347E+01,2.388937E+01,3.963704E+01,5.441291E+03,1.334114E+03,1.846859E-01,1.176376E-01,0.000000E+00,0.000000E+00,0.000000E+00,0.000000E+00,0.000000E+00,0.000000E+00,0.000000E+00,0.000000E+00,2.110711E+01,3.898209E+01,2.388928E+01,3.982221E+01,5.427930E+03,1.337244E+03,1.842324E-01,1.179136E-01,0.000000E+00,0.000000E+00,0.000000E+00,0.000000E+00,0.000000E+00,0.000000E+00,0.000000E+00,0.000000E+00,2.110711E+01,3.897508E+01,2.388928E+01,3.981799E+01,3.520520E+03,7.750513E+02,1.194910E-01,6.834085E-02,0.000000E+00,0.000000E+00,0.000000E+00,0.000000E+00,0.000000E+00,0.000000E+00,0.000000E+00,0.000000E+00,2.110688E+01,3.889617E+01,2.388937E+01,3.963281E+01
07:50:00,2.675717E+03,2.505258E+03,9.082706E-02,2.209214E-01,0.000000E+00,0.000000E+00,0.000000E+00,0.000000E+00,0.000000E+00,0.000000E+00,0.000000E+00,0.000000E+00,2.111000E+01,4.208825E+01,2.388848E+01,4.116177E+01,3.529380E+03,7.826260E+02,1.197917E-01,6.900879E-02,0.000000E+00,0.000000E+00,0.000000E+00,0.000000E+00,0.000000E+00,0.000000E+00,0.000000E+00,0.000000E+00,2.110688E+01,3.890351E+01,2.388937E+01,3.962466E+01,5.441387E+03,1.348763E+03,1.846891E-01,1.189295E-01,0.000000E+00,0.000000E+00,0.000000E+00,0.000000E+00,0.000000E+00,0.000000E+00,0.000000E+00,0.000000E+00,2.110711E+01,3.898215E+01,2.388928E+01,3.980965E+01,5.428026E+03,1.351946E+03,1.842356E-01,1.192100E-01,0.000000E+00,0.000000E+00,0.000000E+00,0.000000E+00,0.000000E+00,0.000000E+00,0.000000E+00,0.000000E+00,2.110711E+01,3.897513E+01,2.388928E+01,3.980542E+01,3.520574E+03,7.846937E+02,1.194928E-01,6.919112E-02,0.000000E+00,0.000000E+00,0.000000E+00,0.000000E+00,0.000000E+00,0.000000E+00,0.000000E+00,0.000000E+00,2.110688E+01,3.889622E+01,2.388937E+01,3.962042E+01
08:00:00,2.675903E+03,2.509636E+03,9.083339E-02,2.213075E-01,0.000000E+00,0.000000E+00,0.000000E+00,0.000000E+00,0.000000E+00,0.000000E+00,0.000000E+00,0.000000E+00,2.111000E+01,4.208825E+01,2.388848E+01,4.115756E+01,3.529433E+03,7.936426E+02,1.197935E-01,6.998022E-02,0.000000E+00,0.000000E+00,0.000000E+00,0.000000E+00,0.000000E+00,0.000000E+00,0.000000E+00,0.000000E+00,2.110688E+01,3.890355E+01,2.388936E+01,3.961056E+01,5.441483E+03,1.365583E+03,1.846924E-01,1.204126E-01,0.000000E+00,0.000000E+00,0.000000E+00,0.000000E+00,0.000000E+00,0.000000E+00,0.000000E+00,0.000000E+00,2.110711E+01,3.898220E+01,2.388927E+01,3.979533E+01,5.428121E+03,1.368824E+03,1.842388E-01,1.206984E-01,0.000000E+00,0.000000E+00,0.000000E+00,0.000000E+00,0.000000E+00,0.000000E+00,0.000000E+00,0.000000E+00,2.110711E+01,3.897518E+01,2.388927E+01,3.979108E+01,3.520627E+03,7.957492E+02,1.194946E-01,7.016598E-02,0.000000E+00,0.000000E+00,0.000000E+00,0.000000E+00,0.000000E+00,0.000000E+00,0.000000E+00,0.000000E+00,2.110688E+01,3.889626E+01,2.388936E+01,3.960631E+01
08:10:00,2.676088E+03,2.514988E+03,9.083967E-02,2.217794E-01,0.000000E+00,0.000000E+00,0.000000E+00,0.000000E+00,0.000000E+00,0.000000E+00,0.000000E+00,0.000000E+00,2.111000E+01,4.208825E+01,2.388848E+01,4.115213E+01,3.529486E+03,8.052960E+02,1.197953E-01,7.100781E-02,0.000000E+00,0.000000E+00,0.000000E+00,0.000000E+00,0.000000E+00,0.000000E+00,0.000000E+00,0.000000E+00,2.110688E+01,3.890360E+01,2.388936E+01,3.959509E+01,5.441577E+03,1.383413E+03,1.846956E-01,1.219848E-01,0.000000E+00,0.000000E+00,0.000000E+00,0.000000E+00,0.000000E+00,0.000000E+00,0.000000E+00,0.000000E+00,2.110711E+01,3.898225E+01,2.388927E+01,3.977958E+01,5.428215E+03,1.386708E+03,1.842421E-01,1.222754E-01,0.000000E+00,0.000000E+00,0.000000E+00,0.000000E+00,0.000000E+00,0.000000E+00,0.000000E+00,0.000000E+00,2.110711E+01,3.897523E+01,2.388927E+01,3.977533E+01,3.520680E+03,8.074399E+02,1.194964E-01,7.119685E-02,0.000000E+00,0.000000E+00,0.000000E+00,0.000000E+00,0.000000E+00,0.000000E+00,0.000000E+00,0.000000E+00,2.110688E+01,3.889630E+01,2.388936E+01,3.959085E+01
08:20:00,2.676272E+03,2.521272E+03,9.084589E-02,2.223336E-01,0.000000E+00,0.000000E+00,0.000000E+00,0.000000E+00,0.000000E+00,0.000000E+00,0.000000E+00,0.000000E+00,2.111000E+01,4.208825E+01,2.388848E+01,4.114553E+01,3.529538E+03,8.175348E+02,1.197971E-01,7.208702E-02,0.000000E+00,0.000000E+00,0.000000E+00,0.000000E+00,0.000000E+00,0.000000E+00,0.000000E+00,0.000000E+00,2.110688E+01,3.890364E+01,2.388935E+01,3.957832E+01,5.441671E+03,1.402168E+03,1.846987E-01,1.236387E-01,0.000000E+00,0.000000E+00,0.000000E+00,0.000000E+00,0.000000E+00,0.000000E+00,0.000000E+00,0.000000E+00,2.110711E+01,3.898230E+01,2.388927E+01,3.976247E+01,5.428309E+03,1.405517E+03,1.842452E-01,1.239339E-01,0.000000E+00,0.000000E+00,0.000000E+00,0.000000E+00,0.000000E+00,0.000000E+00,0.000000E+00,0.000000E+00,2.110711E+01,3.897528E+01,2.388927E+01,3.975823E+01,3.520732E+03,8.197142E+02,1.194982E-01,7.227918E-02,0.000000E+00,0.000000E+00,0.000000E+00,0.000000E+00,0.000000E+00,0.000000E+00,0.000000E+00,0.000000E+00,2.110688E+01,3.889635E+01,2.388935E+01,3.957408E+01
08:30:00,2.676454E+03,2.528421E+03,9.085207E-02,2.229641E-01,0.000000E+00,0.000000E+00,0.000000E+00,0.000000E+00,0.000000E+00,0.000000E+00,0.000000E+00,0.000000E+00,2.111000E+01,4.208825E+01,2.388848E+01,4.113780E+01,3.529590E+03,8.303116E+02,1.197988E-01,7.321366E-02,0.000000E+00,0.000000E+00,0.000000E+00,0.000000E+00,0.000000E+00,0.000000E+00,0.000000E+00,0.000000E+00,2.110688E+01,3.890369E+01,2.388935E+01,3.956038E+01,5.441763E+03,1.421772E+03,1.847019E-01,1.253673E-01,0.000000E+00,0.000000E+00,0.000000E+00,0.000000E+00,0.000000E+00,0.000000E+00,0.000000E+00,0.000000E+00,2.110711E+01,3.898234E+01,2.388926E+01,3.974414E+01,5.428402E+03,1.425168E+03,1.842484E-01,1.256668E-01,0.000000E+00,0.000000E+00,0.000000E+00,0.000000E+00,0.000000E+00,0.000000E+00,0.000000E+00,0.000000E+00,2.110711E+01,3.897533E+01,2.388926E+01,3.973991E+01,3.520784E+03,8.325234E+02,1.194999E-01,7.340869E-02,0.000000E+00,0.000000E+00,0.000000E+00,0.000000E+00,0.000000E+00,0.000000E+00,0.000000E+00,0.000000E+00,2.110688E+01,3.889639E+01,2.388935E+01,3.955615E+01
08:40:00,2.676634E+03,2.536365E+03,9.085821E-02,2.236646E-01,0.000000E+00,0.000000E+00,0.000000E+00,0.000000E+00,0.000000E+00,0.000000E+00,0.000000E+00,0.000000E+00,2.111000E+01,4.208825E+01,2.388848E+01,4.112900E+01,3.529642E+03,8.435737E+02,1.198006E-01,7.438309E-02,0.000000E+00,0.000000E+00,0.000000E+00,0.000000E+00,0.000000E+00,0.000000E+00,0.000000E+00,0.000000E+00,2.110688E+01,3.890373E+01,2.388935E+01,3.954151E+01,5.441855E+03,1.442137E+03,1.847050E-01,1.271631E-01,0.000000E+00,0.000000E+00,0.000000E+00,0.000000E+00,0.000000E+00,0.000000E+00,0.000000E+00,0.000000E+00,2.110711E+01,3.898239E+01,2.388926E+01,3.972483E+01,5.428493E+03,1.445573E+03,1.842515E-01,1.274661E-01,0.000000E+00,0.000000E+00,0.000000E+00,0.000000E+00,0.000000E+00,0.000000E+00,0.000000E+00,0.000000E+00,2.110711E+01,3.897537E+01,2.388926E+01,3.972061E+01,3.520836E+03,8.458131E+02,1.195017E-01,7.458055E-02,0.000000E+00,0.000000E+00,0.000000E+00,0.000000E+00,0.000000E+00,0.000000E+00,0.000000E+00,0.000000E+00,2.110688E+01,3.889643E+01,2.388935E+01,3.953731E+01
08:50:00,2.676814E+03,2.545037E+03,9.086429E-02,2.244293E-01,0.000000E+00,0.000000E+00,0.000000E+00,0.000000E+00,0.000000E+00,0.000000E+00,0.000000E+00,0.000000E+00,2.111000E+01,4.208825E+01,2.388847E+01,4.111918E+01,3.529693E+03,8.572570E+02,1.198023E-01,7.558966E-02,0.000000E+00,0.000000E+00,0.000000E+00,0.000000E+00,0.000000E+00,0.000000E+00,0.000000E+00,0.000000E+00,2.110688E+01,3.890377E+01,2.388934E+01,3.952199E+01,5.441946E+03,1.463155E+03,1.847081E-01,1.290165E-01,0.000000E+00,0.000000E+00,0.000000E+00,0.000000E+00,0.000000E+00,0.000000E+00,0.000000E+00,0.000000E+00,2.110711E+01,3.898244E+01,2.388925E+01,3.970481E+01,5.428584E+03,1.466614E+03,1.842546E-01,1.293215E-01,0.000000E+00,0.000000E+00,0.000000E+00,0.000000E+00,0.000000E+00,0.000000E+00,0.000000E+00,0.000000E+00,2.110711E+01,3.897542E+01,2.388925E+01,3.970063E+01,3.520887E+03,8.595141E+02,1.195034E-01,7.578868E-02,0.000000E+00,0.000000E+00,0.000000E+00,0.000000E+00,0.000000E+00,0.000000E+00,0.000000E+00,0.000000E+00,2.110688E+01,3.889648E+01,2.388934E+01,3.951782E+01
09:00:00,2.676992E+03,2.554383E+03,9.087033E-02,2.252535E-01,0.000000E+00,0.000000E+00,0.000000E+00,0.000000E+00,0.000000E+00,0.000000E+00,0.000000E+00,0.000000E+00,2.111000E+01,4.208825E+01,2.388847E+01,4.110842E+01,3.529743E+03,8.712406E+02,1.198040E-01,7.682271E-02,0.000000E+00,0.000000E+00,0.000000E+00,0.000000E+00,0.000000E+00,0.000000E+00,0.000000E+00,0.000000E+00,2.110688E+01,3.890381E+01,2.388934E+01,3.950209E+01,5.442036E+03,1.484647E+03,1.847112E-01,1.309117E-01,0.000000E+00,0.000000E+00,0.000000E+00,0.000000E+00,0.000000E+00,0.000000E+00,0.000000E+00,0.000000E+00,2.110711E+01,3.898249E+01,2.388925E+01,3.968436E+01,5.428674E+03,1.488128E+03,1.842576E-01,1.312186E-01,0.000000E+00,0.000000E+00,0.000000E+00,0.000000E+00,0.000000E+00,0.000000E+00,0.000000E+00,0.000000E+00,2.110711E+01,3.897547E+01,2.388925E+01,3.968024E+01,3.520937E+03,8.735066E+02,1.195051E-01,7.702252E-02,0.000000E+00,0.000000E+00,0.000000E+00,0.000000E+00,0.000000E+00,0.000000E+00,0.000000E+00,0.000000E+00,2.110688E+01,3.889652E+01,2.388934E+01,3.949798E+01
09:10:00,2.677168E+03,2.564341E+03,9.087632E-02,2.261316E-01,0.000000E+00,0.000000E+00,0.000000E+00,0.000000E+00,0.000000E+00,0.000000E+00,0.000000E+00,0.000000E+00,2.111000E+01,4.208825E+01,2.388847E+01,4.109680E+01,3.529793E+03,8.852238E+02,1.198057E-01,7.805573E-02,0.000000E+00,0.000000E+00,0.000000E+00,0.000000E+00,0.000000E+00,0.000000E+00,0.000000E+00,0.000000E+00,2.110688E+01,3.890385E+01,2.388933E+01,3.948213E+01,5.442126E+03,1.506199E+03,1.847142E-01,1.328121E-01,0.000000E+00,0.000000E+00,0.000000E+00,0.000000E+00,0.000000E+00,0.000000E+00,0.000000E+00,0.000000E+00,2.110711E+01,3.898253E+01,2.388925E+01,3.966382E+01,5.428764E+03,1.509724E+03,1.842607E-01,1.331229E-01,0.000000E+00,0.000000E+00,0.000000E+00,0.000000E+00,0.000000E+00,0.000000E+00,0.000000E+00,0.000000E+00,2.110711E+01,3.897552E+01,2.388925E+01,3.965975E+01,3.520987E+03,8.875165E+02,1.195068E-01,7.825789E-02,0.000000E+00,0.000000E+00,0.000000E+00,0.000000E+00,0.000000E+00,0.000000E+00,0.000000E+00,0.000000E+00,2.110688E+01,3.889656E+01,2.388934E+01,3.947811E+01
09:20:00,2.677343E+03,2.574827E+03,9.088226E-02,2.270564E-01,0.000000E+00,0.000000E+00,0.000000E+00,0.000000E+00,0.000000E+00,0.000000E+00,0.000000E+00,0.000000E+00,2.111000E+01,4.208825E+01,2.388847E+01,4.108442E+01,3.529843E+03,8.992460E+02,1.198074E-01,7.929217E-02,0.000000E+00,0.000000E+00,0.000000E+00,0.000000E+00,0.000000E+00,0.000000E+00,0.000000E+00,0.000000E+00,2.110688E+01,3.890390E+01,2.388934E+01,3.946237E+01,5.442214E+03,1.527850E+03,1.847172E-01,1.347212E-01,0.000000E+00,0.000000E+00,0.000000E+00,0.000000E+00,0.000000E+00,0.000000E+00,0.000000E+00,0.000000E+00,2.110711E+01,3.898258E+01,2.388925E+01,3.964337E+01,5.428852E+03,1.531432E+03,1.842637E-01,1.350371E-01,0.000000E+00,0.000000E+00,0.000000E+00,0.000000E+00,0.000000E+00,0.000000E+00,0.000000E+00,0.000000E+00,2.110711E+01,3.897556E+01,2.388925E+01,3.963935E+01,3.521037E+03,9.015751E+02,1.195085E-01,7.949755E-02,0.000000E+00,0.000000E+00,0.000000E+00,0.000000E+00,0.000000E+00,0.000000E+00,0.000000E+00,0.000000E+00,2.110688E+01,3.889660E+01,2.388934E+01,3.945839E+01
09:30:00,2.677517E+03,2.585752E+03,9.088816E-02,2.280198E-01,0.000000E+00,0.000000E+00,0.000000E+00,0.000000E+00,0.000000E+00,0.000000E+00,0.000000E+00,0.000000E+00,2.111000E+01,4.208825E+01,2.388847E+01,4.107139E+01,3.529892E+03,9.133222E+02,1.198090E-01,8.053337E-02,0.000000E+00,0.000000E+00,0.000000E+00,0.000000E+00,0.000000E+00,0.000000E+00,0.000000E+00,0.000000E+00,2.110688E+01,3.890394E+01,2.388933E+01,3.944280E+01,5.442302E+03,1.549614E+03,1.847202E-01,1.366403E-01,0.000000E+00,0.000000E+00,0.000000E+00,0.000000E+00,0.000000E+00,0.000000E+00,0.000000E+00,0.000000E+00,2.110711E+01,3.898263E+01,2.388925E+01,3.962305E+01,5.428940E+03,1.553266E+03,1.842666E-01,1.369624E-01,0.000000E+00,0.000000E+00,0.000000E+00,0.000000E+00,0.000000E+00,0.000000E+00,0.000000E+00,0.000000E+00,2.110711E+01,3.897561E+01,2.388925E+01,3.961904E+01,3.521086E+03,9.156966E+02,1.195102E-01,8.074274E-02,0.000000E+00,0.000000E+00,0.000000E+00,0.000000E+00,0.000000E+00,0.000000E+00,0.000000E+00,0.000000E+00,2.110688E+01,3.889664E+01,2.388933E+01,3.943885E+01
09:40:00,2.677689E+03,2.597029E+03,9.089401E-02,2.290143E-01,0.000000E+00,0.000000E+00,0.000000E+00,0.000000E+00,0.000000E+00,0.000000E+00,0.000000E+00,0.000000E+00,2.111000E+01,4.208825E+01,2.388847E+01,4.105784E+01,3.529940E+03,9.274693E+02,1.198107E-01,8.178084E-02,0.000000E+00,0.000000E+00,0.000000E+00,0.000000E+00,0.000000E+00,0.000000E+00,0.000000E+00,0.000000E+00,2.110688E+01,3.890398E+01,2.388933E+01,3.942336E+01,5.442389E+03,1.571512E+03,1.847231E-01,1.385713E-01,0.000000E+00,0.000000E+00,0.000000E+00,0.000000E+00,0.000000E+00,0.000000E+00,0.000000E+00,0.000000E+00,2.110711E+01,3.898267E+01,2.388925E+01,3.960280E+01,5.429027E+03,1.575250E+03,1.842696E-01,1.389009E-01,0.000000E+00,0.000000E+00,0.000000E+00,0.000000E+00,0.000000E+00,0.000000E+00,0.000000E+00,0.000000E+00,2.110711E+01,3.897566E+01,2.388925E+01,3.959878E+01,3.521134E+03,9.298990E+02,1.195118E-01,8.199508E-02,0.000000E+00,0.000000E+00,0.000000E+00,0.000000E+00,0.000000E+00,0.000000E+00,0.000000E+00,0.000000E+00,2.110688E+01,3.889668E+01,2.388933E+01,3.941941E+01
09:50:00,2.677860E+03,2.608586E+03,9.089982E-02,2.300334E-01,0.000000E+00,0.000000E+00,0.000000E+00,0.000000E+00,0.000000E+00,0.000000E+00,0.000000E+00,0.000000E+00,2.111000E+01,4.208825E+01,2.388848E+01,4.104390E+01,3.529989E+03,9.417201E+02,1.198123E-01,8.303743E-02,0.000000E+00,0.000000E+00,0.000000E+00,0.000000E+00,0.000000E+00,0.000000E+00,0.000000E+00,0.000000E+00,2.110688E+01,3.890402E+01,2.388933E+01,3.940400E+01,5.442475E+03,1.593597E+03,1.847260E-01,1.405186E-01,0.000000E+00,0.000000E+00,0.000000E+00,0.000000E+00,0.000000E+00,0.000000E+00,0.000000E+00,0.000000E+00,2.110711E+01,3.898272E+01,2.388924E+01,3.958258E+01,5.429113E+03,1.597445E+03,1.842725E-01,1.408579E-01,0.000000E+00,0.000000E+00,0.000000E+00,0.000000E+00,0.000000E+00,0.000000E+00,0.000000E+00,0.000000E+00,2.110711E+01,3.897570E+01,2.388924E+01,3.957856E+01,3.521182E+03,9.442198E+02,1.195134E-01,8.325784E-02,0.000000E+00,0.000000E+00,0.000000E+00,0.000000E+00,0.000000E+00,0.000000E+00,0.000000E+00,0.000000E+00,2.110688E+01,3.889672E+01,2.388933E+01,3.940004E+01
10:00:00,2.678030E+03,2.620359E+03,9.090558E-02,2.310715E-01,0.000000E+00,0.000000E+00,0.000000E+00,0.000000E+00,0.000000E+00,0.000000E+00,0.000000E+00,0.000000E+00,2.111000E+01,4.208825E+01,2.388848E+01,4.102966E+01,3.530036E+03,9.561711E+02,1.198140E-01,8.431167E-02,0.000000E+00,0.000000E+00,0.000000E+00,0.000000E+00,0.000000E+00,0.000000E+00,0.000000E+00,0.000000E+00,2.110688E+01,3.890406E+01,2.388933E+01,3.938471E+01,5.442561E+03,1.616004E+03,1.847289E-01,1.424944E-01,0.000000E+00,0.000000E+00,0.000000E+00,0.000000E+00,0.000000E+00,0.000000E+00,0.000000E+00,0.000000E+00,2.110711E+01,3.898276E+01,2.388924E+01,3.956242E+01,5.429199E+03,1.619970E+03,1.842754E-01,1.428441E-01,0.000000E+00,0.000000E+00,0.000000E+00,0.000000E+00,0.000000E+00,0.000000E+00,0.000000E+00,0.000000E+00,2.110711E+01,3.897575E+01,2.388924E+01,3.955839E+01,3.521230E+03,9.587546E+02,1.195151E-01,8.453947E-02,0.000000E+00,0.000000E+00,0.000000E+00,0.000000E+00,0.000000E+00,0.000000E+00,0.000000E+00,0.000000E+00,2.110688E+01,3.889676E+01,2.388933E+01,3.938075E+01
10:10:00,2.678199E+03,2.632293E+03,9.091130E-02,2.321239E-01,0.000000E+00,0.000000E+00,0.000000E+00,0.000000E+00,0.000000E+00,0.000000E+00,0.000000E+00,0.000000E+00,2.111000E+01,4.208825E+01,2.388848E+01,4.101518E+01,3.530084E+03,9.707252E+02,1.198156E-01,8.559501E-02,0.000000E+00,0.000000E+00,0.000000E+00,0.000000E+00,0.000000E+00,0.000000E+00,0.000000E+00,0.000000E+00,2.110688E+01,3.890410E+01,2.388933E+01,3.936552E+01,5.442645E+03,1.638543E+03,1.847318E-01,1.444819E-01,0.000000E+00,0.000000E+00,0.000000E+00,0.000000E+00,0.000000E+00,0.000000E+00,0.000000E+00,0.000000E+00,2.110711E+01,3.898281E+01,2.388924E+01,3.954235E+01,5.429283E+03,1.642612E+03,1.842783E-01,1.448406E-01,0.000000E+00,0.000000E+00,0.000000E+00,0.000000E+00,0.000000E+00,0.000000E+00,0.000000E+00,0.000000E+00,2.110711E+01,3.897579E+01,2.388924E+01,3.953831E+01,3.521277E+03,9.733787E+02,1.195167E-01,8.582897E-02,0.000000E+00,0.000000E+00,0.000000E+00,0.000000E+00,0.000000E+00,0.000000E+00,0.000000E+00,0.000000E+00,2.110688E+01,3.889680E+01,2.388933E+01,3.936156E+01
10:20:00,2.678366E+03,2.644345E+03,9.091698E-02,2.331867E-01,0.000000E+00,0.000000E+00,0.000000E+00,0.000000E+00,0.000000E+00,0.000000E+00,0.000000E+00,0.000000E+00,2.111000E+01,4.208825E+01,2.388848E+01,4.100055E+01,3.530131E+03,9.853097E+02,1.198172E-01,8.688102E-02,0.000000E+00,0.000000E+00,0.000000E+00,0.000000E+00,0.000000E+00,0.000000E+00,0.000000E+00,0.000000E+00,2.110688E+01,3.890413E+01,2.388933E+01,3.934667E+01,5.442729E+03,1.661120E+03,1.847347E-01,1.464727E-01,0.000000E+00,0.000000E+00,0.000000E+00,0.000000E+00,0.000000E+00,0.000000E+00,0.000000E+00,0.000000E+00,2.110711E+01,3.898285E+01,2.388924E+01,3.952258E+01,5.429367E+03,1.665284E+03,1.842811E-01,1.468398E-01,0.000000E+00,0.000000E+00,0.000000E+00,0.000000E+00,0.000000E+00,0.000000E+00,0.000000E+00,0.000000E+00,2.110711E+01,3.897584E+01,2.388924E+01,3.951855E+01,3.521324E+03,9.880279E+02,1.195183E-01,8.712070E-02,0.000000E+00,0.000000E+00,0.000000E+00,0.000000E+00,0.000000E+00,0.000000E+00,0.000000E+00,0.000000E+00,2.110688E+01,3.889684E+01,2.388933E+01,3.934271E+01
10:30:00,2.678532E+03,2.656475E+03,9.092261E-02,2.342563E-01,0.000000E+00,0.000000E+00,0.000000E+00,0.000000E+00,0.000000E+00,0.000000E+00,0.000000E+00,0.000000E+00,2.111000E+01,4.208825E+01,2.388848E+01,4.098582E+01,3.530177E+03,9.998820E+02,1.198187E-01,8.816595E-02,0.000000E+00,0.000000E+00,0.000000E+00,0.000000E+00,0.000000E+00,0.000000E+00,0.000000E+00,0.000000E+00,2.110688E+01,3.890417E+01,2.388933E+01,3.932826E+01,5.442812E+03,1.683674E+03,1.847375E-01,1.484614E-01,0.000000E+00,0.000000E+00,0.000000E+00,0.000000E+00,0.000000E+00,0.000000E+00,0.000000E+00,0.000000E+00,2.110711E+01,3.898290E+01,2.388924E+01,3.950326E+01,5.429450E+03,1.687929E+03,1.842840E-01,1.488366E-01,0.000000E+00,0.000000E+00,0.000000E+00,0.000000E+00,0.000000E+00,0.000000E+00,0.000000E+00,0.000000E+00,2.110711E+01,3.897588E+01,2.388924E+01,3.949922E+01,3.521371E+03,1.002662E+03,1.195198E-01,8.841108E-02,0.000000E+00,0.000000E+00,0.000000E+00,0.000000E+00,0.000000E+00,0.000000E+00,0.000000E+00,0.000000E+00,2.110688E+01,3.889688E+01,2.388933E+01,3.932431E+01
10:40:00,2.678696E+03,2.668653E+03,9.092819E-02,2.353302E-01,0.000000E+00,0.000000E+00,0.000000E+00,0.000000E+00,0.000000E+00,0.000000E+00,0.000000E+00,0.000000E+00,2.111000E+01,4.208825E+01,2.388848E+01,4.097106E+01,3.530223E+03,1.014412E+03,1.198203E-01,8.944714E-02,0.000000E+00,0.000000E+00,0.000000E+00,0.000000E+00,0.000000E+00,0.000000E+00,0.000000E+00,0.000000E+00,2.110688E+01,3.890421E+01,2.388933E+01,3.931030E+01,5.442895E+03,1.706159E+03,1.847403E-01,1.504440E-01,0.000000E+00,0.000000E+00,0.000000E+00,0.000000E+00,0.000000E+00,0.000000E+00,0.000000E+00,0.000000E+00,2.110711E+01,3.898294E+01,2.388924E+01,3.948438E+01,5.429532E+03,1.710503E+03,1.842868E-01,1.508271E-01,0.000000E+00,0.000000E+00,0.000000E+00,0.000000E+00,0.000000E+00,0.000000E+00,0.000000E+00,0.000000E+00,2.110711E+01,3.897593E+01,2.388924E+01,3.948035E+01,3.521417E+03,1.017251E+03,1.195214E-01,8.969752E-02,0.000000E+00,0.000000E+00,0.000000E+00,0.000000E+00,0.000000E+00,0.000000E+00,0.000000E+00,0.000000E+00,2.110688E+01,3.889692E+01,2.388933E+01,3.930636E+01
10:50:00,2.678859E+03,2.680855E+03,9.093374E-02,2.364061E-01,0.000000E+00,0.000000E+00,0.000000E+00,0.000000E+00,0.000000E+00,0.000000E+00,0.000000E+00,0.000000E+00,2.111000E+01,4.208825E+01,2.388848E+01,4.095634E+01,3.530269E+03,1.028876E+03,1.198218E-01,9.072256E-02,0.000000E+00,0.000000E+00,0.000000E+00,0.000000E+00,0.000000E+00,0.000000E+00,0.000000E+00,0.000000E+00,2.110688E+01,3.890425E+01,2.388933E+01,3.929277E+01,5.442976E+03,1.728541E+03,1.847431E-01,1.524177E-01,0.000000E+00,0.000000E+00,0.000000E+00,0.000000E+00,0.000000E+00,0.000000E+00,0.000000E+00,0.000000E+00,2.110711E+01,3.898298E+01,2.388924E+01,3.946592E+01,5.429614E+03,1.732972E+03,1.842895E-01,1.528084E-01,0.000000E+00,0.000000E+00,0.000000E+00,0.000000E+00,0.000000E+00,0.000000E+00,0.000000E+00,0.000000E+00,2.110711E+01,3.897597E+01,2.388924E+01,3.946190E+01,3.521462E+03,1.031774E+03,1.195229E-01,9.097806E-02,0.000000E+00,0.000000E+00,0.000000E+00,0.000000E+00,0.000000E+00,0.000000E+00,0.000000E+00,0.000000E+00,2.110688E+01,3.889696E+01,2.388933E+01,3.928884E+01
11:00:00,2.679022E+03,2.693057E+03,9.093924E-02,2.374822E-01,0.000000E+00,0.000000E+00,0.000000E+00,0.000000E+00,0.000000E+00,0.000000E+00,0.000000E+00,0.000000E+00,2.111000E+01,4.208825E+01,2.388848E+01,4.094168E+01,3.530314E+03,1.043257E+03,1.198234E-01,9.199061E-02,0.000000E+00,0.000000E+00,0.000000E+00,0.000000E+00,0.000000E+00,0.000000E+00,0.000000E+00,0.000000E+00,2.110688E+01,3.890429E+01,2.388933E+01,3.927562E+01,5.443057E+03,1.750795E+03,1.847458E-01,1.543800E-01,0.000000E+00,0.000000E+00,0.000000E+00,0.000000E+00,0.000000E+00,0.000000E+00,0.000000E+00,0.000000E+00,2.110711E+01,3.898303E+01,2.388924E+01,3.944783E+01,5.429695E+03,1.755311E+03,1.842923E-01,1.547781E-01,0.000000E+00,0.000000E+00,0.000000E+00,0.000000E+00,0.000000E+00,0.000000E+00,0.000000E+00,0.000000E+00,2.110711E+01,3.897601E+01,2.388924E+01,3.944382E+01,3.521508E+03,1.046211E+03,1.195245E-01,9.225113E-02,0.000000E+00,0.000000E+00,0.000000E+00,0.000000E+00,0.000000E+00,0.000000E+00,0.000000E+00,0.000000E+00,2.110688E+01,3.889699E+01,2.388933E+01,3.927169E+01
11:10:00,2.679182E+03,2.705230E+03,9.094469E-02,2.385556E-01,0.000000E+00,0.000000E+00,0.000000E+00,0.000000E+00,0.000000E+00,0.000000E+00,0.000000E+00,0.000000E+00,2.111000E+01,4.208825E+01,2.388848E+01,4.092712E+01,3.530359E+03,1.057264E+03,1.198249E-01,9.322576E-02,0.000000E+00,0.000000E+00,0.000000E+00,0.000000E+00,0.000000E+00,0.000000E+00,0.000000E+00,0.000000E+00,2.110688E+01,3.890432E+01,2.388933E+01,3.925880E+01,5.443137E+03,1.772483E+03,1.847485E-01,1.562924E-01,0.000000E+00,0.000000E+00,0.000000E+00,0.000000E+00,0.000000E+00,0.000000E+00,0.000000E+00,0.000000E+00,2.110711E+01,3.898307E+01,2.388924E+01,3.943008E+01,5.429775E+03,1.777080E+03,1.842950E-01,1.566977E-01,0.000000E+00,0.000000E+00,0.000000E+00,0.000000E+00,0.000000E+00,0.000000E+00,0.000000E+00,0.000000E+00,2.110711E+01,3.897605E+01,2.388924E+01,3.942608E+01,3.521552E+03,1.060273E+03,1.195260E-01,9.349105E-02,0.000000E+00,0.000000E+00,0.000000E+00,0.000000E+00,0.000000E+00,0.000000E+00,0.000000E+00,0.000000E+00,2.110688E+01,3.889703E+01,2.388933E+01,3.925489E+01
11:20:00,2.679342E+03,2.717318E+03,9.095011E-02,2.396215E-01,0.000000E+00,0.000000E+00,0.000000E+00,0.000000E+00,0.000000E+00,0.000000E+00,0.000000E+00,0.000000E+00,2.111000E+01,4.208825E+01,2.388849E+01,4.091268E+01,3.530403E+03,1.070845E+03,1.198264E-01,9.442325E-02,0.000000E+00,0.000000E+00,0.000000E+00,0.000000E+00,0.000000E+00,0.000000E+00,0.000000E+00,0.000000E+00,2.110688E+01,3.890436E+01,2.388933E+01,3.924273E+01,5.443217E+03,1.793522E+03,1.847512E-01,1.581475E-01,0.000000E+00,0.000000E+00,0.000000E+00,0.000000E+00,0.000000E+00,0.000000E+00,0.000000E+00,0.000000E+00,2.110711E+01,3.898311E+01,2.388924E+01,3.941309E+01,5.429855E+03,1.798196E+03,1.842977E-01,1.585597E-01,0.000000E+00,0.000000E+00,0.000000E+00,0.000000E+00,0.000000E+00,0.000000E+00,0.000000E+00,0.000000E+00,2.110711E+01,3.897610E+01,2.388924E+01,3.940910E+01,3.521597E+03,1.073906E+03,1.195275E-01,9.469314E-02,0.000000E+00,0.000000E+00,0.000000E+00,0.000000E+00,0.000000E+00,0.000000E+00,0.000000E+00,0.000000E+00,2.110688E+01,3.889707E+01,2.388933E+01,3.923884E+01
11:30:00,2.679500E+03,2.729261E+03,9.095548E-02,2.406747E-01,0.000000E+00,0.000000E+00,0.000000E+00,0.000000E+00,0.000000E+00,0.000000E+00,0.000000E+00,0.000000E+00,2.111000E+01,4.208825E+01,2.388849E+01,4.089842E+01,3.530447E+03,1.083958E+03,1.198279E-01,9.557946E-02,0.000000E+00,0.000000E+00,0.000000E+00,0.000000E+00,0.000000E+00,0.000000E+00,0.000000E+00,0.000000E+00,2.110688E+01,3.890440E+01,2.388933E+01,3.922761E+01,5.443296E+03,1.813847E+03,1.847539E-01,1.599397E-01,0.000000E+00,0.000000E+00,0.000000E+00,0.000000E+00,0.000000E+00,0.000000E+00,0.000000E+00,0.000000E+00,2.110711E+01,3.898315E+01,2.388924E+01,3.939706E+01,5.429933E+03,1.818596E+03,1.843004E-01,1.603584E-01,0.000000E+00,0.000000E+00,0.000000E+00,0.000000E+00,0.000000E+00,0.000000E+00,0.000000E+00,0.000000E+00,2.110711E+01,3.897614E+01,2.388924E+01,3.939309E+01,3.521641E+03,1.087068E+03,1.195290E-01,9.585375E-02,0.000000E+00,0.000000E+00,0.000000E+00,0.000000E+00,0.000000E+00,0.000000E+00,0.000000E+00,0.000000E+00,2.110688E+01,3.889711E+01,2.388933E+01,3.922374E+01
11:40:00,2.679657E+03,2.741000E+03,9.096081E-02,2.417098E-01,0.000000E+00,0.000000E+00,0.000000E+00,0.000000E+00,0.000000E+00,0.000000E+00,0.000000E+00,0.000000E+00,2.111000E+01,4.208825E+01,2.388849E+01,4.088445E+01,3.530490E+03,1.096567E+03,1.198294E-01,9.669132E-02,0.000000E+00,0.000000E+00,0.000000E+00,0.000000E+00,0.000000E+00,0.000000E+00,0.000000E+00,0.000000E+00,2.110688E+01,3.890443E+01,2.388933E+01,3.921339E+01,5.443374E+03,1.833402E+03,1.847565E-01,1.616640E-01,0.000000E+00,0.000000E+00,0.000000E+00,0.000000E+00,0.000000E+00,0.000000E+00,0.000000E+00,0.000000E+00,2.110711E+01,3.898319E+01,2.388924E+01,3.938196E+01,5.430011E+03,1.838222E+03,1.843030E-01,1.620891E-01,0.000000E+00,0.000000E+00,0.000000E+00,0.000000E+00,0.000000E+00,0.000000E+00,0.000000E+00,0.000000E+00,2.110711E+01,3.897618E+01,2.388924E+01,3.937801E+01,3.521684E+03,1.099726E+03,1.195305E-01,9.696984E-02,0.000000E+00,0.000000E+00,0.000000E+00,0.000000E+00,0.000000E+00,0.000000E+00,0.000000E+00,0.000000E+00,2.110688E+01,3.889714E+01,2.388933E+01,3.920954E+01
11:50:00,2.679813E+03,2.752482E+03,9.096610E-02,2.427223E-01,0.000000E+00,0.000000E+00,0.000000E+00,0.000000E+00,0.000000E+00,0.000000E+00,0.000000E+00,0.000000E+00,2.111000E+01,4.208825E+01,2.388849E+01,4.087086E+01,3.530534E+03,1.108644E+03,1.198308E-01,9.775622E-02,0.000000E+00,0.000000E+00,0.000000E+00,0.000000E+00,0.000000E+00,0.000000E+00,0.000000E+00,0.000000E+00,2.110688E+01,3.890447E+01,2.388933E+01,3.919994E+01,5.443451E+03,1.852140E+03,1.847592E-01,1.633163E-01,0.000000E+00,0.000000E+00,0.000000E+00,0.000000E+00,0.000000E+00,0.000000E+00,0.000000E+00,0.000000E+00,2.110711E+01,3.898323E+01,2.388925E+01,3.936766E+01,5.430089E+03,1.857029E+03,1.843056E-01,1.637474E-01,0.000000E+00,0.000000E+00,0.000000E+00,0.000000E+00,0.000000E+00,0.000000E+00,0.000000E+00,0.000000E+00,2.110711E+01,3.897622E+01,2.388925E+01,3.936372E+01,3.521727E+03,1.111848E+03,1.195319E-01,9.803877E-02,0.000000E+00,0.000000E+00,0.000000E+00,0.000000E+00,0.000000E+00,0.000000E+00,0.000000E+00,0.000000E+00,2.110688E+01,3.889718E+01,2.388933E+01,3.919611E+01
12:00:00,2.679968E+03,2.763664E+03,9.097135E-02,2.437083E-01,0.000000E+00,0.000000E+00,0.000000E+00,0.000000E+00,0.000000E+00,0.000000E+00,0.000000E+00,0.000000E+00,2.111000E+01,4.208825E+01,2.388849E+01,4.085768E+01,3.530576E+03,1.120162E+03,1.198323E-01,9.877186E-02,0.000000E+00,0.000000E+00,0.000000E+00,0.000000E+00,0.000000E+00,0.000000E+00,0.000000E+00,0.000000E+00,2.110688E+01,3.890451E+01,2.388933E+01,3.918712E+01,5.443528E+03,1.870021E+03,1.847618E-01,1.648929E-01,0.000000E+00,0.000000E+00,0.000000E+00,0.000000E+00,0.000000E+00,0.000000E+00,0.000000E+00,0.000000E+00,2.110711E+01,3.898327E+01,2.388925E+01,3.935400E+01,5.430165E+03,1.874976E+03,1.843082E-01,1.653298E-01,0.000000E+00,0.000000E+00,0.000000E+00,0.000000E+00,0.000000E+00,0.000000E+00,0.000000E+00,0.000000E+00,2.110711E+01,3.897626E+01,2.388925E+01,3.935008E+01,3.521770E+03,1.123411E+03,1.195334E-01,9.905828E-02,0.000000E+00,0.000000E+00,0.000000E+00,0.000000E+00,0.000000E+00,0.000000E+00,0.000000E+00,0.000000E+00,2.110688E+01,3.889721E+01,2.388933E+01,3.918331E+01
12:10:00,2.680121E+03,2.774521E+03,9.097656E-02,2.446657E-01,0.000000E+00,0.000000E+00,0.000000E+00,0.000000E+00,0.000000E+00,0.000000E+00,0.000000E+00,0.000000E+00,2.111000E+01,4.208825E+01,2.388849E+01,4.084492E+01,3.530619E+03,1.131360E+03,1.198337E-01,9.975924E-02,0.000000E+00,0.000000E+00,0.000000E+00,0.000000E+00,0.000000E+00,0.000000E+00,0.000000E+00,0.000000E+00,2.110688E+01,3.890454E+01,2.388933E+01,3.917481E+01,5.443603E+03,1.887401E+03,1.847643E-01,1.664255E-01,0.000000E+00,0.000000E+00,0.000000E+00,0.000000E+00,0.000000E+00,0.000000E+00,0.000000E+00,0.000000E+00,2.110711E+01,3.898331E+01,2.388925E+01,3.934088E+01,5.430241E+03,1.892422E+03,1.843108E-01,1.668682E-01,0.000000E+00,0.000000E+00,0.000000E+00,0.000000E+00,0.000000E+00,0.000000E+00,0.000000E+00,0.000000E+00,2.110711E+01,3.897630E+01,2.388925E+01,3.933697E+01,3.521812E+03,1.134652E+03,1.195348E-01,1.000495E-01,0.000000E+00,0.000000E+00,0.000000E+00,0.000000E+00,0.000000E+00,0.000000E+00,0.000000E+00,0.000000E+00,2.110688E+01,3.889725E+01,2.388933E+01,3.917101E+01
12:20:00,2.680273E+03,2.785058E+03,9.098173E-02,2.455949E-01,0.000000E+00,0.000000E+00,0.000000E+00,0.000000E+00,0.000000E+00,0.000000E+00,0.000000E+00,0.000000E+00,2.111000E+01,4.208825E+01,2.388850E+01,4.083257E+01,3.530661E+03,1.142266E+03,1.198351E-01,1.007209E-01,0.000000E+00,0.000000E+00,0.000000E+00,0.000000E+00,0.000000E+00,0.000000E+00,0.000000E+00,0.000000E+00,2.110688E+01,3.890458E+01,2.388933E+01,3.916310E+01,5.443679E+03,1.904326E+03,1.847669E-01,1.679178E-01,0.000000E+00,0.000000E+00,0.000000E+00,0.000000E+00,0.000000E+00,0.000000E+00,0.000000E+00,0.000000E+00,2.110711E+01,3.898335E+01,2.388925E+01,3.932839E+01,5.430316E+03,1.909411E+03,1.843134E-01,1.683662E-01,0.000000E+00,0.000000E+00,0.000000E+00,0.000000E+00,0.000000E+00,0.000000E+00,0.000000E+00,0.000000E+00,2.110711E+01,3.897634E+01,2.388925E+01,3.932450E+01,3.521854E+03,1.145601E+03,1.195362E-01,1.010150E-01,0.000000E+00,0.000000E+00,0.000000E+00,0.000000E+00,0.000000E+00,0.000000E+00,0.000000E+00,0.000000E+00,2.110688E+01,3.889728E+01,2.388933E+01,3.915932E+01
12:30:00,2.680425E+03,2.795297E+03,9.098686E-02,2.464977E-01,0.000000E+00,0.000000E+00,0.000000E+00,0.000000E+00,0.000000E+00,0.000000E+00,0.000000E+00,0.000000E+00,2.111000E+01,4.208825E+01,2.388850E+01,4.082062E+01,3.530702E+03,1.152895E+03,1.198366E-01,1.016581E-01,0.000000E+00,0.000000E+00,0.000000E+00,0.000000E+00,0.000000E+00,0.000000E+00,0.000000E+00,0.000000E+00,2.110688E+01,3.890461E+01,2.388933E+01,3.915201E+01,5.443753E+03,1.920819E+03,1.847694E-01,1.693721E-01,0.000000E+00,0.000000E+00,0.000000E+00,0.000000E+00,0.000000E+00,0.000000E+00,0.000000E+00,0.000000E+00,2.110711E+01,3.898339E+01,2.388925E+01,3.931654E+01,5.430391E+03,1.925968E+03,1.843159E-01,1.698261E-01,0.000000E+00,0.000000E+00,0.000000E+00,0.000000E+00,0.000000E+00,0.000000E+00,0.000000E+00,0.000000E+00,2.110711E+01,3.897638E+01,2.388925E+01,3.931267E+01,3.521896E+03,1.156273E+03,1.195377E-01,1.019559E-01,0.000000E+00,0.000000E+00,0.000000E+00,0.000000E+00,0.000000E+00,0.000000E+00,0.000000E+00,0.000000E+00,2.110688E+01,3.889732E+01,2.388933E+01,3.914825E+01
12:40:00,2.680574E+03,2.805259E+03,9.099195E-02,2.473761E-01,0.000000E+00,0.000000E+00,0.000000E+00,0.000000E+00,0.000000E+00,0.000000E+00,0.000000E+00,0.000000E+00,2.111000E+01,4.208825E+01,2.388850E+01,4.080907E+01,3.530743E+03,1.163258E+03,1.198380E-01,1.025718E-01,0.000000E+00,0.000000E+00,0.000000E+00,0.000000E+00,0.000000E+00,0.000000E+00,0.000000E+00,0.000000E+00,2.110688E+01,3.890464E+01,2.388933E+01,3.914145E+01,5.443827E+03,1.936899E+03,1.847719E-01,1.707900E-01,0.000000E+00,0.000000E+00,0.000000E+00,0.000000E+00,0.000000E+00,0.000000E+00,0.000000E+00,0.000000E+00,2.110711E+01,3.898343E+01,2.388925E+01,3.930525E+01,5.430465E+03,1.942111E+03,1.843184E-01,1.712496E-01,0.000000E+00,0.000000E+00,0.000000E+00,0.000000E+00,0.000000E+00,0.000000E+00,0.000000E+00,0.000000E+00,2.110711E+01,3.897642E+01,2.388925E+01,3.930139E+01,3.521937E+03,1.166678E+03,1.195391E-01,1.028734E-01,0.000000E+00,0.000000E+00,0.000000E+00,0.000000E+00,0.000000E+00,0.000000E+00,0.000000E+00,0.000000E+00,2.110688E+01,3.889735E+01,2.388933E+01,3.913770E+01
12:50:00,2.680723E+03,2.814965E+03,9.099700E-02,2.482320E-01,0.000000E+00,0.000000E+00,0.000000E+00,0.000000E+00,0.000000E+00,0.000000E+00,0.000000E+00,0.000000E+00,2.111000E+01,4.208825E+01,2.388850E+01,4.079791E+01,3.530784E+03,1.173364E+03,1.198393E-01,1.034630E-01,0.000000E+00,0.000000E+00,0.000000E+00,0.000000E+00,0.000000E+00,0.000000E+00,0.000000E+00,0.000000E+00,2.110688E+01,3.890468E+01,2.388933E+01,3.913132E+01,5.443900E+03,1.952580E+03,1.847744E-01,1.721727E-01,0.000000E+00,0.000000E+00,0.000000E+00,0.000000E+00,0.000000E+00,0.000000E+00,0.000000E+00,0.000000E+00,2.110711E+01,3.898347E+01,2.388925E+01,3.929442E+01,5.430538E+03,1.957855E+03,1.843209E-01,1.726378E-01,0.000000E+00,0.000000E+00,0.000000E+00,0.000000E+00,0.000000E+00,0.000000E+00,0.000000E+00,0.000000E+00,2.110711E+01,3.897646E+01,2.388925E+01,3.929057E+01,3.521978E+03,1.176826E+03,1.195404E-01,1.037682E-01,0.000000E+00,0.000000E+00,0.000000E+00,0.000000E+00,0.000000E+00,0.000000E+00,0.000000E+00,0.000000E+00,2.110688E+01,3.889739E+01,2.388933E+01,3.912759E+01
13:00:00,2.680871E+03,2.824432E+03,9.100201E-02,2.490668E-01,0.000000E+00,0.000000E+00,0.000000E+00,0.000000E+00,0.000000E+00,0.000000E+00,0.000000E+00,0.000000E+00,2.111000E+01,4.208825E+01,2.388850E+01,4.078713E+01,3.530825E+03,1.183220E+03,1.198407E-01,1.043320E-01,0.000000E+00,0.000000E+00,0.000000E+00,0.000000E+00,0.000000E+00,0.000000E+00,0.000000E+00,0.000000E+00,2.110688E+01,3.890471E+01,2.388933E+01,3.912155E+01,5.443973E+03,1.967875E+03,1.847769E-01,1.735213E-01,0.000000E+00,0.000000E+00,0.000000E+00,0.000000E+00,0.000000E+00,0.000000E+00,0.000000E+00,0.000000E+00,2.110711E+01,3.898351E+01,2.388925E+01,3.928396E+01,5.430611E+03,1.973211E+03,1.843233E-01,1.739919E-01,0.000000E+00,0.000000E+00,0.000000E+00,0.000000E+00,0.000000E+00,0.000000E+00,0.000000E+00,0.000000E+00,2.110711E+01,3.897650E+01,2.388925E+01,3.928011E+01,3.522018E+03,1.186723E+03,1.195418E-01,1.046409E-01,0.000000E+00,0.000000E+00,0.000000E+00,0.000000E+00,0.000000E+00,0.000000E+00,0.000000E+00,0.000000E+00,2.110688E+01,3.889742E+01,2.388933E+01,3.911783E+01
13:10:00,2.681017E+03,2.833669E+03,9.100698E-02,2.498813E-01,0.000000E+00,0.000000E+00,0.000000E+00,0.000000E+00,0.000000E+00,0.000000E+00,0.000000E+00,0.000000E+00,2.111000E+01,4.208825E+01,2.388850E+01,4.077668E+01,3.530865E+03,1.192724E+03,1.198421E-01,1.051701E-01,0.000000E+00,0.000000E+00,0.000000E+00,0.000000E+00,0.000000E+00,0.000000E+00,0.000000E+00,0.000000E+00,2.110688E+01,3.890475E+01,2.388933E+01,3.911206E+01,5.444045E+03,1.982630E+03,1.847793E-01,1.748224E-01,0.000000E+00,0.000000E+00,0.000000E+00,0.000000E+00,0.000000E+00,0.000000E+00,0.000000E+00,0.000000E+00,2.110711E+01,3.898355E+01,2.388925E+01,3.927380E+01,5.430682E+03,1.988027E+03,1.843258E-01,1.752983E-01,0.000000E+00,0.000000E+00,0.000000E+00,0.000000E+00,0.000000E+00,0.000000E+00,0.000000E+00,0.000000E+00,2.110711E+01,3.897654E+01,2.388925E+01,3.926996E+01,3.522058E+03,1.196268E+03,1.195432E-01,1.054825E-01,0.000000E+00,0.000000E+00,0.000000E+00,0.000000E+00,0.000000E+00,0.000000E+00,0.000000E+00,0.000000E+00,2.110688E+01,3.889745E+01,2.388933E+01,3.910835E+01
13:20:00,2.681163E+03,2.842671E+03,9.101191E-02,2.506751E-01,0.000000E+00,0.000000E+00,0.000000E+00,0.000000E+00,0.000000E+00,0.000000E+00,0.000000E+00,0.000000E+00,2.111000E+01,4.208825E+01,2.388851E+01,4.076654E+01,3.530904E+03,1.201875E+03,1.198434E-01,1.059770E-01,0.000000E+00,0.000000E+00,0.000000E+00,0.000000E+00,0.000000E+00,0.000000E+00,0.000000E+00,0.000000E+00,2.110688E+01,3.890478E+01,2.388933E+01,3.910307E+01,5.444116E+03,1.996842E+03,1.847817E-01,1.760756E-01,0.000000E+00,0.000000E+00,0.000000E+00,0.000000E+00,0.000000E+00,0.000000E+00,0.000000E+00,0.000000E+00,2.110711E+01,3.898359E+01,2.388925E+01,3.926415E+01,5.430754E+03,2.002300E+03,1.843282E-01,1.765568E-01,0.000000E+00,0.000000E+00,0.000000E+00,0.000000E+00,0.000000E+00,0.000000E+00,0.000000E+00,0.000000E+00,2.110711E+01,3.897657E+01,2.388925E+01,3.926033E+01,3.522098E+03,1.205458E+03,1.195445E-01,1.062929E-01,0.000000E+00,0.000000E+00,0.000000E+00,0.000000E+00,0.000000E+00,0.000000E+00,0.000000E+00,0.000000E+00,2.110688E+01,3.889749E+01,2.388933E+01,3.909937E+01
13:30:00,2.681307E+03,2.851428E+03,9.101681E-02,2.514473E-01,0.000000E+00,0.000000E+00,0.000000E+00,0.000000E+00,0.000000E+00,0.000000E+00,0.000000E+00,0.000000E+00,2.111000E+01,4.208825E+01,2.388851E+01,4.075672E+01,3.530944E+03,1.210666E+03,1.198448E-01,1.067521E-01,0.000000E+00,0.000000E+00,0.000000E+00,0.000000E+00,0.000000E+00,0.000000E+00,0.000000E+00,0.000000E+00,2.110688E+01,3.890481E+01,2.388933E+01,3.909463E+01,5.444187E+03,2.010502E+03,1.847841E-01,1.772800E-01,0.000000E+00,0.000000E+00,0.000000E+00,0.000000E+00,0.000000E+00,0.000000E+00,0.000000E+00,0.000000E+00,2.110711E+01,3.898362E+01,2.388925E+01,3.925510E+01,5.430824E+03,2.016017E+03,1.843306E-01,1.777664E-01,0.000000E+00,0.000000E+00,0.000000E+00,0.000000E+00,0.000000E+00,0.000000E+00,0.000000E+00,0.000000E+00,2.110711E+01,3.897661E+01,2.388925E+01,3.925128E+01,3.522137E+03,1.214288E+03,1.195459E-01,1.070715E-01,0.000000E+00,0.000000E+00,0.000000E+00,0.000000E+00,0.000000E+00,0.000000E+00,0.000000E+00,0.000000E+00,2.110688E+01,3.889752E+01,2.388934E+01,3.909094E+01
13:40:00,2.681450E+03,2.859929E+03,9.102167E-02,2.521969E-01,0.000000E+00,0.000000E+00,0.000000E+00,0.000000E+00,0.000000E+00,0.000000E+00,0.000000E+00,0.000000E+00,2.111000E+01,4.208825E+01,2.388851E+01,4.074725E+01,3.530983E+03,1.219089E+03,1.198461E-01,1.074948E-01,0.000000E+00,0.000000E+00,0.000000E+00,0.000000E+00,0.000000E+00,0.000000E+00,0.000000E+00,0.000000E+00,2.110688E+01,3.890484E+01,2.388934E+01,3.908670E+01,5.444257E+03,2.023595E+03,1.847865E-01,1.784346E-01,0.000000E+00,0.000000E+00,0.000000E+00,0.000000E+00,0.000000E+00,0.000000E+00,0.000000E+00,0.000000E+00,2.110711E+01,3.898366E+01,2.388925E+01,3.924656E+01,5.430894E+03,2.029168E+03,1.843330E-01,1.789260E-01,0.000000E+00,0.000000E+00,0.000000E+00,0.000000E+00,0.000000E+00,0.000000E+00,0.000000E+00,0.000000E+00,2.110711E+01,3.897665E+01,2.388925E+01,3.924275E+01,3.522176E+03,1.222749E+03,1.195472E-01,1.078175E-01,0.000000E+00,0.000000E+00,0.000000E+00,0.000000E+00,0.000000E+00,0.000000E+00,0.000000E+00,0.000000E+00,2.110688E+01,3.889755E+01,2.388934E+01,3.908301E+01
13:50:00,2.681592E+03,2.868163E+03,9.102649E-02,2.529230E-01,0.000000E+00,0.000000E+00,0.000000E+00,0.000000E+00,0.000000E+00,0.000000E+00,0.000000E+00,0.000000E+00,2.111000E+01,4.208825E+01,2.388851E+01,4.073813E+01,3.531021E+03,1.227137E+03,1.198474E-01,1.082045E-01,0.000000E+00,0.000000E+00,0.000000E+00,0.000000E+00,0.000000E+00,0.000000E+00,0.000000E+00,0.000000E+00,2.110688E+01,3.890488E+01,2.388934E+01,3.907916E+01,5.444326E+03,2.036112E+03,1.847889E-01,1.795382E-01,0.000000E+00,0.000000E+00,0.000000E+00,0.000000E+00,0.000000E+00,0.000000E+00,0.000000E+00,0.000000E+00,2.110711E+01,3.898370E+01,2.388925E+01,3.923846E+01,5.430964E+03,2.041740E+03,1.843353E-01,1.800345E-01,0.000000E+00,0.000000E+00,0.000000E+00,0.000000E+00,0.000000E+00,0.000000E+00,0.000000E+00,0.000000E+00,2.110711E+01,3.897669E+01,2.388925E+01,3.923465E+01,3.522215E+03,1.230834E+03,1.195485E-01,1.085304E-01,0.000000E+00,0.000000E+00,0.000000E+00,0.000000E+00,0.000000E+00,0.000000E+00,0.000000E+00,0.000000E+00,2.110688E+01,3.889759E+01,2.388934E+01,3.907548E+01
14:00:00,2.681733E+03,2.876120E+03,9.103127E-02,2.536246E-01,0.000000E+00,0.000000E+00,0.000000E+00,0.000000E+00,0.000000E+00,0.000000E+00,0.000000E+00,0.000000E+00,2.111000E+01,4.208825E+01,2.388851E+01,4.072938E+01,3.531060E+03,1.234803E+03,1.198487E-01,1.088804E-01,0.000000E+00,0.000000E+00,0.000000E+00,0.000000E+00,0.000000E+00,0.000000E+00,0.000000E+00,0.000000E+00,2.110688E+01,3.890491E+01,2.388934E+01,3.907193E+01,5.444395E+03,2.048039E+03,1.847912E-01,1.805899E-01,0.000000E+00,0.000000E+00,0.000000E+00,0.000000E+00,0.000000E+00,0.000000E+00,0.000000E+00,0.000000E+00,2.110711E+01,3.898373E+01,2.388925E+01,3.923068E+01,5.431032E+03,2.053721E+03,1.843377E-01,1.810910E-01,0.000000E+00,0.000000E+00,0.000000E+00,0.000000E+00,0.000000E+00,0.000000E+00,0.000000E+00,0.000000E+00,2.110711E+01,3.897672E+01,2.388925E+01,3.922688E+01,3.522253E+03,1.238536E+03,1.195498E-01,1.092095E-01,0.000000E+00,0.000000E+00,0.000000E+00,0.000000E+00,0.000000E+00,0.000000E+00,0.000000E+00,0.000000E+00,2.110688E+01,3.889762E+01,2.388934E+01,3.906826E+01
14:10:00,2.681873E+03,2.883781E+03,9.103601E-02,2.543002E-01,0.000000E+00,0.000000E+00,0.000000E+00,0.000000E+00,0.000000E+00,0.000000E+00,0.000000E+00,0.000000E+00,2.111000E+01,4.208825E+01,2.388851E+01,4.072097E+01,3.531098E+03,1.241872E+03,1.198500E-01,1.095037E-01,0.000000E+00,0.000000E+00,0.000000E+00,0.000000E+00,0.000000E+00,0.000000E+00,0.000000E+00,0.000000E+00,2.110688E+01,3.890494E+01,2.388934E+01,3.906494E+01,5.444463E+03,2.059055E+03,1.847935E-01,1.815612E-01,0.000000E+00,0.000000E+00,0.000000E+00,0.000000E+00,0.000000E+00,0.000000E+00,0.000000E+00,0.000000E+00,2.110711E+01,3.898377E+01,2.388925E+01,3.922317E+01,5.431101E+03,2.064789E+03,1.843400E-01,1.820669E-01,0.000000E+00,0.000000E+00,0.000000E+00,0.000000E+00,0.000000E+00,0.000000E+00,0.000000E+00,0.000000E+00,2.110711E+01,3.897676E+01,2.388925E+01,3.921938E+01,3.522291E+03,1.245640E+03,1.195511E-01,1.098359E-01,0.000000E+00,0.000000E+00,0.000000E+00,0.000000E+00,0.000000E+00,0.000000E+00,0.000000E+00,0.000000E+00,2.110688E+01,3.889765E+01,2.388934E+01,3.906129E+01
14:20:00,2.682011E+03,2.891111E+03,9.104072E-02,2.549465E-01,0.000000E+00,0.000000E+00,0.000000E+00,0.000000E+00,0.000000E+00,0.000000E+00,0.000000E+00,0.000000E+00,2.111000E+01,4.208825E+01,2.388851E+01,4.071289E+01,3.531135E+03,1.248322E+03,1.198513E-01,1.100724E-01,0.000000E+00,0.000000E+00,0.000000E+00,0.000000E+00,0.000000E+00,0.000000E+00,0.000000E+00,0.000000E+00,2.110688E+01,3.890497E+01,2.388934E+01,3.905858E+01,5.444531E+03,2.069120E+03,1.847958E-01,1.824488E-01,0.000000E+00,0.000000E+00,0.000000E+00,0.000000E+00,0.000000E+00,0.000000E+00,0.000000E+00,0.000000E+00,2.110711E+01,3.898380E+01,2.388925E+01,3.921631E+01,5.431168E+03,2.074904E+03,1.843423E-01,1.829587E-01,0.000000E+00,0.000000E+00,0.000000E+00,0.000000E+00,0.000000E+00,0.000000E+00,0.000000E+00,0.000000E+00,2.110711E+01,3.897679E+01,2.388926E+01,3.921253E+01,3.522329E+03,1.252122E+03,1.195523E-01,1.104075E-01,0.000000E+00,0.000000E+00,0.000000E+00,0.000000E+00,0.000000E+00,0.000000E+00,0.000000E+00,0.000000E+00,2.110688E+01,3.889768E+01,2.388934E+01,3.905493E+01
14:30:00,2.682149E+03,2.898026E+03,9.104539E-02,2.555562E-01,0.000000E+00,0.000000E+00,0.000000E+00,0.000000E+00,0.000000E+00,0.000000E+00,0.000000E+00,0.000000E+00,2.111000E+01,4.208825E+01,2.388852E+01,4.070519E+01,3.531172E+03,1.254103E+03,1.198525E-01,1.105822E-01,0.000000E+00,0.000000E+00,0.000000E+00,0.000000E+00,0.000000E+00,0.000000E+00,0.000000E+00,0.000000E+00,2.110688E+01,3.890500E+01,2.388934E+01,3.905296E+01,5.444598E+03,2.078159E+03,1.847981E-01,1.832458E-01,0.000000E+00,0.000000E+00,0.000000E+00,0.000000E+00,0.000000E+00,0.000000E+00,0.000000E+00,0.000000E+00,2.110711E+01,3.898384E+01,2.388926E+01,3.921025E+01,5.431235E+03,2.083989E+03,1.843445E-01,1.837598E-01,0.000000E+00,0.000000E+00,0.000000E+00,0.000000E+00,0.000000E+00,0.000000E+00,0.000000E+00,0.000000E+00,2.110711E+01,3.897683E+01,2.388926E+01,3.920646E+01,3.522366E+03,1.257934E+03,1.195536E-01,1.109199E-01,0.000000E+00,0.000000E+00,0.000000E+00,0.000000E+00,0.000000E+00,0.000000E+00,0.000000E+00,0.000000E+00,2.110688E+01,3.889771E+01,2.388934E+01,3.904931E+01
14:40:00,2.682285E+03,2.904496E+03,9.105003E-02,2.561267E-01,0.000000E+00,0.000000E+00,0.000000E+00,0.000000E+00,0.000000E+00,0.000000E+00,0.000000E+00,0.000000E+00,2.111000E+01,4.208825E+01,2.388852E+01,4.069797E+01,3.531209E+03,1.259201E+03,1.198538E-01,1.110317E-01,0.000000E+00,0.000000E+00,0.000000E+00,0.000000E+00,0.000000E+00,0.000000E+00,0.000000E+00,0.000000E+00,2.110688E+01,3.890503E+01,2.388934E+01,3.904804E+01,5.444664E+03,2.086148E+03,1.848003E-01,1.839502E-01,0.000000E+00,0.000000E+00,0.000000E+00,0.000000E+00,0.000000E+00,0.000000E+00,0.000000E+00,0.000000E+00,2.110711E+01,3.898387E+01,2.388926E+01,3.920493E+01,5.431301E+03,2.092019E+03,1.843468E-01,1.844679E-01,0.000000E+00,0.000000E+00,0.000000E+00,0.000000E+00,0.000000E+00,0.000000E+00,0.000000E+00,0.000000E+00,2.110711E+01,3.897686E+01,2.388926E+01,3.920114E+01,3.522403E+03,1.263060E+03,1.195549E-01,1.113719E-01,0.000000E+00,0.000000E+00,0.000000E+00,0.000000E+00,0.000000E+00,0.000000E+00,0.000000E+00,0.000000E+00,2.110688E+01,3.889774E+01,2.388934E+01,3.904440E+01
14:50:00,2.682421E+03,2.910503E+03,9.105463E-02,2.566564E-01,0.000000E+00,0.000000E+00,0.000000E+00,0.000000E+00,0.000000E+00,0.000000E+00,0.000000E+00,0.000000E+00,2.111000E+01,4.208825E+01,2.388852E+01,4.069130E+01,3.531246E+03,1.263606E+03,1.198550E-01,1.114201E-01,0.000000E+00,0.000000E+00,0.000000E+00,0.000000E+00,0.000000E+00,0.000000E+00,0.000000E+00,0.000000E+00,2.110688E+01,3.890506E+01,2.388934E+01,3.904369E+01,5.444730E+03,2.093069E+03,1.848026E-01,1.845605E-01,0.000000E+00,0.000000E+00,0.000000E+00,0.000000E+00,0.000000E+00,0.000000E+00,0.000000E+00,0.000000E+00,2.110711E+01,3.898391E+01,2.388926E+01,3.920021E+01,5.431367E+03,2.098980E+03,1.843490E-01,1.850817E-01,0.000000E+00,0.000000E+00,0.000000E+00,0.000000E+00,0.000000E+00,0.000000E+00,0.000000E+00,0.000000E+00,2.110711E+01,3.897690E+01,2.388926E+01,3.919643E+01,3.522439E+03,1.267490E+03,1.195561E-01,1.117626E-01,0.000000E+00,0.000000E+00,0.000000E+00,0.000000E+00,0.000000E+00,0.000000E+00,0.000000E+00,0.000000E+00,2.110688E+01,3.889777E+01,2.388934E+01,3.904004E+01
15:00:00,2.682555E+03,2.916025E+03,9.105919E-02,2.571434E-01,0.000000E+00,0.000000E+00,0.000000E+00,0.000000E+00,0.000000E+00,0.000000E+00,0.000000E+00,0.000000E+00,2.111000E+01,4.208825E+01,2.388852E+01,4.068515E+01,3.531282E+03,1.267304E+03,1.198562E-01,1.117461E-01,0.000000E+00,0.000000E+00,0.000000E+00,0.000000E+00,0.000000E+00,0.000000E+00,0.000000E+00,0.000000E+00,2.110688E+01,3.890509E+01,2.388934E+01,3.903975E+01,5.444795E+03,2.098903E+03,1.848048E-01,1.850749E-01,0.000000E+00,0.000000E+00,0.000000E+00,0.000000E+00,0.000000E+00,0.000000E+00,0.000000E+00,0.000000E+00,2.110711E+01,3.898394E+01,2.388926E+01,3.919595E+01,5.431432E+03,2.104850E+03,1.843512E-01,1.855992E-01,0.000000E+00,0.000000E+00,0.000000E+00,0.000000E+00,0.000000E+00,0.000000E+00,0.000000E+00,0.000000E+00,2.110711E+01,3.897693E+01,2.388926E+01,3.919217E+01,3.522476E+03,1.271212E+03,1.195573E-01,1.120907E-01,0.000000E+00,0.000000E+00,0.000000E+00,0.000000E+00,0.000000E+00,0.000000E+00,0.000000E+00,0.000000E+00,2.110688E+01,3.889780E+01,2.388934E+01,3.903611E+01
15:10:00,2.682689E+03,2.921038E+03,9.106372E-02,2.575854E-01,0.000000E+00,0.000000E+00,0.000000E+00,0.000000E+00,0.000000E+00,0.000000E+00,0.000000E+00,0.000000E+00,2.111000E+01,4.208825E+01,2.388852E+01,4.067950E+01,3.531318E+03,1.270185E+03,1.198575E-01,1.120002E-01,0.000000E+00,0.000000E+00,0.000000E+00,0.000000E+00,0.000000E+00,0.000000E+00,0.000000E+00,0.000000E+00,2.110688E+01,3.890512E+01,2.388934E+01,3.903613E+01,5.444859E+03,2.103483E+03,1.848070E-01,1.854787E-01,0.000000E+00,0.000000E+00,0.000000E+00,0.000000E+00,0.000000E+00,0.000000E+00,0.000000E+00,0.000000E+00,2.110711E+01,3.898398E+01,2.388926E+01,3.919204E+01,5.431497E+03,2.109461E+03,1.843534E-01,1.860058E-01,0.000000E+00,0.000000E+00,0.000000E+00,0.000000E+00,0.000000E+00,0.000000E+00,0.000000E+00,0.000000E+00,2.110711E+01,3.897697E+01,2.388926E+01,3.918826E+01,3.522511E+03,1.274114E+03,1.195585E-01,1.123467E-01,0.000000E+00,0.000000E+00,0.000000E+00,0.000000E+00,0.000000E+00,0.000000E+00,0.000000E+00,0.000000E+00,2.110688E+01,3.889783E+01,2.388934E+01,3.903249E+01
15:20:00,2.682821E+03,2.925515E+03,9.106822E-02,2.579801E-01,0.000000E+00,0.000000E+00,0.000000E+00,0.000000E+00,0.000000E+00,0.000000E+00,0.000000E+00,0.000000E+00,2.111000E+01,4.208825E+01,2.388852E+01,4.067432E+01,3.531354E+03,1.272241E+03,1.198587E-01,1.121814E-01,0.000000E+00,0.000000E+00,0.000000E+00,0.000000E+00,0.000000E+00,0.000000E+00,0.000000E+00,0.000000E+00,2.110688E+01,3.890515E+01,2.388935E+01,3.903323E+01,5.444923E+03,2.106793E+03,1.848091E-01,1.857705E-01,0.000000E+00,0.000000E+00,0.000000E+00,0.000000E+00,0.000000E+00,0.000000E+00,0.000000E+00,0.000000E+00,2.110711E+01,3.898401E+01,2.388926E+01,3.918889E+01,5.431561E+03,2.112799E+03,1.843556E-01,1.863001E-01,0.000000E+00,0.000000E+00,0.000000E+00,0.000000E+00,0.000000E+00,0.000000E+00,0.000000E+00,0.000000E+00,2.110711E+01,3.897700E+01,2.388926E+01,3.918511E+01,3.522547E+03,1.276188E+03,1.195598E-01,1.125295E-01,0.000000E+00,0.000000E+00,0.000000E+00,0.000000E+00,0.000000E+00,0.000000E+00,0.000000E+00,0.000000E+00,2.110688E+01,3.889786E+01,2.388935E+01,3.902959E+01
15:30:00,2.682953E+03,2.929469E+03,9.107268E-02,2.583288E-01,0.000000E+00,0.000000E+00,0.000000E+00,0.000000E+00,0.000000E+00,0.000000E+00,0.000000E+00,0.000000E+00,2.111000E+01,4.208825E+01,2.388852E+01,4.066963E+01,3.531389E+03,1.273476E+03,1.198599E-01,1.122903E-01,0.000000E+00,0.000000E+00,0.000000E+00,0.000000E+00,0.000000E+00,0.000000E+00,0.000000E+00,0.000000E+00,2.110688E+01,3.890518E+01,2.388935E+01,3.903119E+01,5.444987E+03,2.108840E+03,1.848113E-01,1.859511E-01,0.000000E+00,0.000000E+00,0.000000E+00,0.000000E+00,0.000000E+00,0.000000E+00,0.000000E+00,0.000000E+00,2.110711E+01,3.898404E+01,2.388927E+01,3.918667E+01,5.431624E+03,2.114870E+03,1.843577E-01,1.864827E-01,0.000000E+00,0.000000E+00,0.000000E+00,0.000000E+00,0.000000E+00,0.000000E+00,0.000000E+00,0.000000E+00,2.110711E+01,3.897703E+01,2.388927E+01,3.918289E+01,3.522582E+03,1.277439E+03,1.195610E-01,1.126398E-01,0.000000E+00,0.000000E+00,0.000000E+00,0.000000E+00,0.000000E+00,0.000000E+00,0.000000E+00,0.000000E+00,2.110688E+01,3.889789E+01,2.388935E+01,3.902755E+01
15:40:00,2.683083E+03,2.932863E+03,9.107710E-02,2.586280E-01,0.000000E+00,0.000000E+00,0.000000E+00,0.000000E+00,0.000000E+00,0.000000E+00,0.000000E+00,0.000000E+00,2.111000E+01,4.208825E+01,2.388852E+01,4.066552E+01,3.531424E+03,1.273866E+03,1.198610E-01,1.123247E-01,0.000000E+00,0.000000E+00,0.000000E+00,0.000000E+00,0.000000E+00,0.000000E+00,0.000000E+00,0.000000E+00,2.110688E+01,3.890521E+01,2.388935E+01,3.902993E+01,5.445049E+03,2.109587E+03,1.848134E-01,1.860169E-01,0.000000E+00,0.000000E+00,0.000000E+00,0.000000E+00,0.000000E+00,0.000000E+00,0.000000E+00,0.000000E+00,2.110711E+01,3.898408E+01,2.388927E+01,3.918527E+01,5.431687E+03,2.115636E+03,1.843599E-01,1.865503E-01,0.000000E+00,0.000000E+00,0.000000E+00,0.000000E+00,0.000000E+00,0.000000E+00,0.000000E+00,0.000000E+00,2.110711E+01,3.897707E+01,2.388927E+01,3.918149E+01,3.522617E+03,1.277842E+03,1.195621E-01,1.126753E-01,0.000000E+00,0.000000E+00,0.000000E+00,0.000000E+00,0.000000E+00,0.000000E+00,0.000000E+00,0.000000E+00,2.110688E+01,3.889792E+01,2.388935E+01,3.902629E+01
15:50:00,2.683212E+03,2.935653E+03,9.108149E-02,2.588740E-01,0.000000E+00,0.000000E+00,0.000000E+00,0.000000E+00,0.000000E+00,0.000000E+00,0.000000E+00,0.000000E+00,2.111000E+01,4.208825E+01,2.388853E+01,4.066202E+01,3.531458E+03,1.273385E+03,1.198622E-01,1.122823E-01,0.000000E+00,0.000000E+00,0.000000E+00,0.000000E+00,0.000000E+00,0.000000E+00,0.000000E+00,0.000000E+00,2.110688E+01,3.890524E+01,2.388935E+01,3.902929E+01,5.445112E+03,2.108992E+03,1.848155E-01,1.859643E-01,0.000000E+00,0.000000E+00,0.000000E+00,0.000000E+00,0.000000E+00,0.000000E+00,0.000000E+00,0.000000E+00,2.110711E+01,3.898411E+01,2.388927E+01,3.918455E+01,5.431749E+03,2.115056E+03,1.843620E-01,1.864991E-01,0.000000E+00,0.000000E+00,0.000000E+00,0.000000E+00,0.000000E+00,0.000000E+00,0.000000E+00,0.000000E+00,2.110711E+01,3.897710E+01,2.388927E+01,3.918076E+01,3.522652E+03,1.277371E+03,1.195633E-01,1.126338E-01,0.000000E+00,0.000000E+00,0.000000E+00,0.000000E+00,0.000000E+00,0.000000E+00,0.000000E+00,0.000000E+00,2.110688E+01,3.889795E+01,2.388935E+01,3.902564E+01
16:00:00,2.683341E+03,2.937809E+03,9.108585E-02,2.590641E-01,0.000000E+00,0.000000E+00,0.000000E+00,0.000000E+00,0.000000E+00,0.000000E+00,0.000000E+00,0.000000E+00,2.111000E+01,4.208825E+01,2.388853E+01,4.065918E+01,3.531493E+03,1.272015E+03,1.198634E-01,1.121615E-01,0.000000E+00,0.000000E+00,0.000000E+00,0.000000E+00,0.000000E+00,0.000000E+00,0.000000E+00,0.000000E+00,2.110688E+01,3.890527E+01,2.388935E+01,3.902914E+01,5.445173E+03,2.107024E+03,1.848176E-01,1.857908E-01,0.000000E+00,0.000000E+00,0.000000E+00,0.000000E+00,0.000000E+00,0.000000E+00,0.000000E+00,0.000000E+00,2.110711E+01,3.898414E+01,2.388927E+01,3.918437E+01,5.431811E+03,2.113099E+03,1.843641E-01,1.863265E-01,0.000000E+00,0.000000E+00,0.000000E+00,0.000000E+00,0.000000E+00,0.000000E+00,0.000000E+00,0.000000E+00,2.110711E+01,3.897713E+01,2.388927E+01,3.918057E+01,3.522686E+03,1.276008E+03,1.195645E-01,1.125136E-01,0.000000E+00,0.000000E+00,0.000000E+00,0.000000E+00,0.000000E+00,0.000000E+00,0.000000E+00,0.000000E+00,2.110688E+01,3.889798E+01,2.388935E+01,3.902548E+01
16:10:00,2.683468E+03,2.939324E+03,9.109017E-02,2.591977E-01,0.000000E+00,0.000000E+00,0.000000E+00,0.000000E+00,0.000000E+00,0.000000E+00,0.000000E+00,0.000000E+00,2.111000E+01,4.208825E+01,2.388853E+01,4.065695E+01,3.531527E+03,1.270151E+03,1.198645E-01,1.119971E-01,0.000000E+00,0.000000E+00,0.000000E+00,0.000000E+00,0.000000E+00,0.000000E+00,0.000000E+00,0.000000E+00,2.110688E+01,3.890530E+01,2.388935E+01,3.902938E+01,5.445234E+03,2.104279E+03,1.848197E-01,1.855487E-01,0.000000E+00,0.000000E+00,0.000000E+00,0.000000E+00,0.000000E+00,0.000000E+00,0.000000E+00,0.000000E+00,2.110711E+01,3.898418E+01,2.388927E+01,3.918462E+01,5.431872E+03,2.110361E+03,1.843662E-01,1.860850E-01,0.000000E+00,0.000000E+00,0.000000E+00,0.000000E+00,0.000000E+00,0.000000E+00,0.000000E+00,0.000000E+00,2.110711E+01,3.897716E+01,2.388927E+01,3.918082E+01,3.522720E+03,1.274149E+03,1.195656E-01,1.123496E-01,0.000000E+00,0.000000E+00,0.000000E+00,0.000000E+00,0.000000E+00,0.000000E+00,0.000000E+00,0.000000E+00,2.110688E+01,3.889801E+01,2.388935E+01,3.902572E+01
16:20:00,2.683594E+03,2.940226E+03,9.109446E-02,2.592772E-01,0.000000E+00,0.000000E+00,0.000000E+00,0.000000E+00,0.000000E+00,0.000000E+00,0.000000E+00,0.000000E+00,2.111000E+01,4.208825E+01,2.388853E+01,4.065533E+01,3.531560E+03,1.267800E+03,1.198657E-01,1.117898E-01,0.000000E+00,0.000000E+00,0.000000E+00,0.000000E+00,0.000000E+00,0.000000E+00,0.000000E+00,0.000000E+00,2.110688E+01,3.890532E+01,2.388936E+01,3.903011E+01,5.445295E+03,2.100771E+03,1.848218E-01,1.852393E-01,0.000000E+00,0.000000E+00,0.000000E+00,0.000000E+00,0.000000E+00,0.000000E+00,0.000000E+00,0.000000E+00,2.110711E+01,3.898421E+01,2.388927E+01,3.918539E+01,5.431932E+03,2.106857E+03,1.843682E-01,1.857760E-01,0.000000E+00,0.000000E+00,0.000000E+00,0.000000E+00,0.000000E+00,0.000000E+00,0.000000E+00,0.000000E+00,2.110711E+01,3.897720E+01,2.388927E+01,3.918158E+01,3.522754E+03,1.271801E+03,1.195668E-01,1.121426E-01,0.000000E+00,0.000000E+00,0.000000E+00,0.000000E+00,0.000000E+00,0.000000E+00,0.000000E+00,0.000000E+00,2.110688E+01,3.889804E+01,2.388936E+01,3.902643E+01
16:30:00,2.683720E+03,2.940561E+03,9.109871E-02,2.593067E-01,0.000000E+00,0.000000E+00,0.000000E+00,0.000000E+00,0.000000E+00,0.000000E+00,0.000000E+00,0.000000E+00,2.111000E+01,4.208825E+01,2.388853E+01,4.065427E+01,3.531594E+03,1.264984E+03,1.198668E-01,1.115415E-01,0.000000E+00,0.000000E+00,0.000000E+00,0.000000E+00,0.000000E+00,0.000000E+00,0.000000E+00,0.000000E+00,2.110688E+01,3.890535E+01,2.388936E+01,3.903132E+01,5.445355E+03,2.096534E+03,1.848238E-01,1.848657E-01,0.000000E+00,0.000000E+00,0.000000E+00,0.000000E+00,0.000000E+00,0.000000E+00,0.000000E+00,0.000000E+00,2.110711E+01,3.898424E+01,2.388928E+01,3.918670E+01,5.431992E+03,2.102623E+03,1.843702E-01,1.854026E-01,0.000000E+00,0.000000E+00,0.000000E+00,0.000000E+00,0.000000E+00,0.000000E+00,0.000000E+00,0.000000E+00,2.110711E+01,3.897723E+01,2.388928E+01,3.918288E+01,3.522787E+03,1.268987E+03,1.195679E-01,1.118944E-01,0.000000E+00,0.000000E+00,0.000000E+00,0.000000E+00,0.000000E+00,0.000000E+00,0.000000E+00,0.000000E+00,2.110688E+01,3.889806E+01,2.388936E+01,3.902765E+01
16:40:00,2.683844E+03,2.940375E+03,9.110294E-02,2.592903E-01,0.000000E+00,0.000000E+00,0.000000E+00,0.000000E+00,0.000000E+00,0.000000E+00,0.000000E+00,0.000000E+00,2.111000E+01,4.208825E+01,2.388853E+01,4.065375E+01,3.531627E+03,1.261724E+03,1.198679E-01,1.112540E-01,0.000000E+00,0.000000E+00,0.000000E+00,0.000000E+00,0.000000E+00,0.000000E+00,0.000000E+00,0.000000E+00,2.110688E+01,3.890538E+01,2.388936E+01,3.903298E+01,5.445415E+03,2.091602E+03,1.848258E-01,1.844309E-01,0.000000E+00,0.000000E+00,0.000000E+00,0.000000E+00,0.000000E+00,0.000000E+00,0.000000E+00,0.000000E+00,2.110711E+01,3.898427E+01,2.388928E+01,3.918848E+01,5.432052E+03,2.097692E+03,1.843723E-01,1.849678E-01,0.000000E+00,0.000000E+00,0.000000E+00,0.000000E+00,0.000000E+00,0.000000E+00,0.000000E+00,0.000000E+00,2.110711E+01,3.897726E+01,2.388928E+01,3.918465E+01,3.522820E+03,1.265726E+03,1.195690E-01,1.116069E-01,0.000000E+00,0.000000E+00,0.000000E+00,0.000000E+00,0.000000E+00,0.000000E+00,0.000000E+00,0.000000E+00,2.110688E+01,3.889809E+01,2.388936E+01,3.902929E+01
16:50:00,2.683968E+03,2.939707E+03,9.110713E-02,2.592313E-01,0.000000E+00,0.000000E+00,0.000000E+00,0.000000E+00,0.000000E+00,0.000000E+00,0.000000E+00,0.000000E+00,2.111000E+01,4.208825E+01,2.388853E+01,4.065375E+01,3.531659E+03,1.258036E+03,1.198690E-01,1.109288E-01,0.000000E+00,0.000000E+00,0.000000E+00,0.000000E+00,0.000000E+00,0.000000E+00,0.000000E+00,0.000000E+00,2.110688E+01,3.890541E+01,2.388936E+01,3.903501E+01,5.445474E+03,2.086006E+03,1.848278E-01,1.839374E-01,0.000000E+00,0.000000E+00,0.000000E+00,0.000000E+00,0.000000E+00,0.000000E+00,0.000000E+00,0.000000E+00,2.110711E+01,3.898430E+01,2.388928E+01,3.919066E+01,5.432111E+03,2.092094E+03,1.843743E-01,1.844742E-01,0.000000E+00,0.000000E+00,0.000000E+00,0.000000E+00,0.000000E+00,0.000000E+00,0.000000E+00,0.000000E+00,2.110711E+01,3.897729E+01,2.388928E+01,3.918682E+01,3.522853E+03,1.262037E+03,1.195701E-01,1.112816E-01,0.000000E+00,0.000000E+00,0.000000E+00,0.000000E+00,0.000000E+00,0.000000E+00,0.000000E+00,0.000000E+00,2.110688E+01,3.889812E+01,2.388936E+01,3.903131E+01
17:00:00,2.684090E+03,2.938591E+03,9.111129E-02,2.591329E-01,0.000000E+00,0.000000E+00,0.000000E+00,0.000000E+00,0.000000E+00,0.000000E+00,0.000000E+00,0.000000E+00,2.111000E+01,4.208825E+01,2.388853E+01,4.065424E+01,3.531692E+03,1.253936E+03,1.198701E-01,1.105673E-01,0.000000E+00,0.000000E+00,0.000000E+00,0.000000E+00,0.000000E+00,0.000000E+00,0.000000E+00,0.000000E+00,2.110688E+01,3.890543E+01,2.388936E+01,3.903733E+01,5.445532E+03,2.079768E+03,1.848298E-01,1.833873E-01,0.000000E+00,0.000000E+00,0.000000E+00,0.000000E+00,0.000000E+00,0.000000E+00,0.000000E+00,0.000000E+00,2.110711E+01,3.898433E+01,2.388928E+01,3.919317E+01,5.432169E+03,2.085852E+03,1.843762E-01,1.839237E-01,0.000000E+00,0.000000E+00,0.000000E+00,0.000000E+00,0.000000E+00,0.000000E+00,0.000000E+00,0.000000E+00,2.110711E+01,3.897732E+01,2.388928E+01,3.918932E+01,3.522885E+03,1.257935E+03,1.195712E-01,1.109198E-01,0.000000E+00,0.000000E+00,0.000000E+00,0.000000E+00,0.000000E+00,0.000000E+00,0.000000E+00,0.000000E+00,2.110688E+01,3.889815E+01,2.388936E+01,3.903362E+01
17:10:00,2.684212E+03,2.937054E+03,9.111541E-02,2.589974E-01,0.000000E+00,0.000000E+00,0.000000E+00,0.000000E+00,0.000000E+00,0.000000E+00,0.000000E+00,0.000000E+00,2.111000E+01,4.208825E+01,2.388853E+01,4.065518E+01,3.531724E+03,1.249437E+03,1.198712E-01,1.101705E-01,0.000000E+00,0.000000E+00,0.000000E+00,0.000000E+00,0.000000E+00,0.000000E+00,0.000000E+00,0.000000E+00,2.110688E+01,3.890546E+01,2.388936E+01,3.903991E+01,5.445590E+03,2.072908E+03,1.848318E-01,1.827824E-01,0.000000E+00,0.000000E+00,0.000000E+00,0.000000E+00,0.000000E+00,0.000000E+00,0.000000E+00,0.000000E+00,2.110711E+01,3.898436E+01,2.388928E+01,3.919596E+01,5.432227E+03,2.078986E+03,1.843782E-01,1.833183E-01,0.000000E+00,0.000000E+00,0.000000E+00,0.000000E+00,0.000000E+00,0.000000E+00,0.000000E+00,0.000000E+00,2.110711E+01,3.897735E+01,2.388928E+01,3.919210E+01,3.522917E+03,1.253430E+03,1.195723E-01,1.105226E-01,0.000000E+00,0.000000E+00,0.000000E+00,0.000000E+00,0.000000E+00,0.000000E+00,0.000000E+00,0.000000E+00,2.110688E+01,3.889817E+01,2.388936E+01,3.903619E+01
17:20:00,2.684332E+03,2.935092E+03,9.111950E-02,2.588243E-01,0.000000E+00,0.000000E+00,0.000000E+00,0.000000E+00,0.000000E+00,0.000000E+00,0.000000E+00,0.000000E+00,2.111000E+01,4.208825E+01,2.388854E+01,4.065654E+01,3.531756E+03,1.244527E+03,1.198723E-01,1.097376E-01,0.000000E+00,0.000000E+00,0.000000E+00,0.000000E+00,0.000000E+00,0.000000E+00,0.000000E+00,0.000000E+00,2.110688E+01,3.890549E+01,2.388936E+01,3.904287E+01,5.445647E+03,2.065411E+03,1.848337E-01,1.821213E-01,0.000000E+00,0.000000E+00,0.000000E+00,0.000000E+00,0.000000E+00,0.000000E+00,0.000000E+00,0.000000E+00,2.110711E+01,3.898439E+01,2.388928E+01,3.919916E+01,5.432285E+03,2.071480E+03,1.843802E-01,1.826565E-01,0.000000E+00,0.000000E+00,0.000000E+00,0.000000E+00,0.000000E+00,0.000000E+00,0.000000E+00,0.000000E+00,2.110711E+01,3.897738E+01,2.388928E+01,3.919528E+01,3.522949E+03,1.248515E+03,1.195734E-01,1.100892E-01,0.000000E+00,0.000000E+00,0.000000E+00,0.000000E+00,0.000000E+00,0.000000E+00,0.000000E+00,0.000000E+00,2.110688E+01,3.889820E+01,2.388937E+01,3.903913E+01
17:30:00,2.684452E+03,2.932717E+03,9.112357E-02,2.586149E-01,0.000000E+00,0.000000E+00,0.000000E+00,0.000000E+00,0.000000E+00,0.000000E+00,0.000000E+00,0.000000E+00,2.111000E+01,4.208825E+01,2.388854E+01,4.065831E+01,3.531787E+03,1.239213E+03,1.198734E-01,1.092690E-01,0.000000E+00,0.000000E+00,0.000000E+00,0.000000E+00,0.000000E+00,0.000000E+00,0.000000E+00,0.000000E+00,2.110688E+01,3.890551E+01,2.388937E+01,3.904626E+01,5.445704E+03,2.057286E+03,1.848356E-01,1.814049E-01,0.000000E+00,0.000000E+00,0.000000E+00,0.000000E+00,0.000000E+00,0.000000E+00,0.000000E+00,0.000000E+00,2.110711E+01,3.898442E+01,2.388928E+01,3.920282E+01,5.432341E+03,2.063345E+03,1.843821E-01,1.819390E-01,0.000000E+00,0.000000E+00,0.000000E+00,0.000000E+00,0.000000E+00,0.000000E+00,0.000000E+00,0.000000E+00,2.110711E+01,3.897741E+01,2.388928E+01,3.919893E+01,3.522981E+03,1.243193E+03,1.195745E-01,1.096200E-01,0.000000E+00,0.000000E+00,0.000000E+00,0.000000E+00,0.000000E+00,0.000000E+00,0.000000E+00,0.000000E+00,2.110688E+01,3.889822E+01,2.388937E+01,3.904251E+01
17:40:00,2.684571E+03,2.929947E+03,9.112760E-02,2.583706E-01,0.000000E+00,0.000000E+00,0.000000E+00,0.000000E+00,0.000000E+00,0.000000E+00,0.000000E+00,0.000000E+00,2.111000E+01,4.208825E+01,2.388854E+01,4.066052E+01,3.531819E+03,1.233504E+03,1.198744E-01,1.087656E-01,0.000000E+00,0.000000E+00,0.000000E+00,0.000000E+00,0.000000E+00,0.000000E+00,0.000000E+00,0.000000E+00,2.110688E+01,3.890554E+01,2.388937E+01,3.905007E+01,5.445760E+03,2.048548E+03,1.848376E-01,1.806343E-01,0.000000E+00,0.000000E+00,0.000000E+00,0.000000E+00,0.000000E+00,0.000000E+00,0.000000E+00,0.000000E+00,2.110711E+01,3.898445E+01,2.388929E+01,3.920693E+01,5.432398E+03,2.054593E+03,1.843840E-01,1.811673E-01,0.000000E+00,0.000000E+00,0.000000E+00,0.000000E+00,0.000000E+00,0.000000E+00,0.000000E+00,0.000000E+00,2.110711E+01,3.897744E+01,2.388929E+01,3.920302E+01,3.523012E+03,1.237475E+03,1.195755E-01,1.091157E-01,0.000000E+00,0.000000E+00,0.000000E+00,0.000000E+00,0.000000E+00,0.000000E+00,0.000000E+00,0.000000E+00,2.110688E+01,3.889825E+01,2.388937E+01,3.904630E+01
17:50:00,2.684688E+03,2.926796E+03,9.113160E-02,2.580927E-01,0.000000E+00,0.000000E+00,0.000000E+00,0.000000E+00,0.000000E+00,0.000000E+00,0.000000E+00,0.000000E+00,2.111000E+01,4.208825E+01,2.388854E+01,4.066315E+01,3.531849E+03,1.227406E+03,1.198755E-01,1.082278E-01,0.000000E+00,0.000000E+00,0.000000E+00,0.000000E+00,0.000000E+00,0.000000E+00,0.000000E+00,0.000000E+00,2.110688E+01,3.890556E+01,2.388937E+01,3.905422E+01,5.445816E+03,2.039206E+03,1.848395E-01,1.798106E-01,0.000000E+00,0.000000E+00,0.000000E+00,0.000000E+00,0.000000E+00,0.000000E+00,0.000000E+00,0.000000E+00,2.110711E+01,3.898448E+01,2.388929E+01,3.921141E+01,5.432454E+03,2.045234E+03,1.843859E-01,1.803421E-01,0.000000E+00,0.000000E+00,0.000000E+00,0.000000E+00,0.000000E+00,0.000000E+00,0.000000E+00,0.000000E+00,2.110711E+01,3.897747E+01,2.388929E+01,3.920749E+01,3.523043E+03,1.231366E+03,1.195766E-01,1.085770E-01,0.000000E+00,0.000000E+00,0.000000E+00,0.000000E+00,0.000000E+00,0.000000E+00,0.000000E+00,0.000000E+00,2.110688E+01,3.889828E+01,2.388937E+01,3.905044E+01
18:00:00,2.684805E+03,2.923274E+03,9.113556E-02,2.577821E-01,0.000000E+00,0.000000E+00,0.000000E+00,0.000000E+00,0.000000E+00,0.000000E+00,0.000000E+00,0.000000E+00,2.111000E+01,4.208825E+01,2.388854E+01,4.066619E+01,3.531880E+03,1.220922E+03,1.198765E-01,1.076561E-01,0.000000E+00,0.000000E+00,0.000000E+00,0.000000E+00,0.000000E+00,0.000000E+00,0.000000E+00,0.000000E+00,2.110688E+01,3.890559E+01,2.388937E+01,3.905867E+01,5.445872E+03,2.029266E+03,1.848413E-01,1.789340E-01,0.000000E+00,0.000000E+00,0.000000E+00,0.000000E+00,0.000000E+00,0.000000E+00,0.000000E+00,0.000000E+00,2.110711E+01,3.898451E+01,2.388929E+01,3.921620E+01,5.432509E+03,2.035275E+03,1.843878E-01,1.794639E-01,0.000000E+00,0.000000E+00,0.000000E+00,0.000000E+00,0.000000E+00,0.000000E+00,0.000000E+00,0.000000E+00,2.110711E+01,3.897750E+01,2.388929E+01,3.921226E+01,3.523074E+03,1.224869E+03,1.195776E-01,1.080041E-01,0.000000E+00,0.000000E+00,0.000000E+00,0.000000E+00,0.000000E+00,0.000000E+00,0.000000E+00,0.000000E+00,2.110688E+01,3.889830E+01,2.388937E+01,3.905487E+01
18:10:00,2.684921E+03,2.919375E+03,9.113950E-02,2.574383E-01,0.000000E+00,0.000000E+00,0.000000E+00,0.000000E+00,0.000000E+00,0.000000E+00,0.000000E+00,0.000000E+00,2.111000E+01,4.208825E+01,2.388854E+01,4.066959E+01,3.531911E+03,1.213794E+03,1.198776E-01,1.070276E-01,0.000000E+00,0.000000E+00,0.000000E+00,0.000000E+00,0.000000E+00,0.000000E+00,0.000000E+00,0.000000E+00,2.110688E+01,3.890562E+01,2.388937E+01,3.906336E+01,5.445927E+03,2.018339E+03,1.848432E-01,1.779705E-01,0.000000E+00,0.000000E+00,0.000000E+00,0.000000E+00,0.000000E+00,0.000000E+00,0.000000E+00,0.000000E+00,2.110711E+01,3.898454E+01,2.388929E+01,3.922126E+01,5.432564E+03,2.024322E+03,1.843896E-01,1.784981E-01,0.000000E+00,0.000000E+00,0.000000E+00,0.000000E+00,0.000000E+00,0.000000E+00,0.000000E+00,0.000000E+00,2.110711E+01,3.897753E+01,2.388929E+01,3.921731E+01,3.523104E+03,1.217724E+03,1.195787E-01,1.073741E-01,0.000000E+00,0.000000E+00,0.000000E+00,0.000000E+00,0.000000E+00,0.000000E+00,0.000000E+00,0.000000E+00,2.110688E+01,3.889833E+01,2.388937E+01,3.905955E+01
18:20:00,2.685036E+03,2.915089E+03,9.114341E-02,2.570603E-01,0.000000E+00,0.000000E+00,0.000000E+00,0.000000E+00,0.000000E+00,0.000000E+00,0.000000E+00,0.000000E+00,2.111000E+01,4.208825E+01,2.388854E+01,4.067334E+01,3.531941E+03,1.205993E+03,1.198786E-01,1.063397E-01,0.000000E+00,0.000000E+00,0.000000E+00,0.000000E+00,0.000000E+00,0.000000E+00,0.000000E+00,0.000000E+00,2.110688E+01,3.890564E+01,2.388937E+01,3.906864E+01,5.445981E+03,2.006379E+03,1.848450E-01,1.769159E-01,0.000000E+00,0.000000E+00,0.000000E+00,0.000000E+00,0.000000E+00,0.000000E+00,0.000000E+00,0.000000E+00,2.110711E+01,3.898457E+01,2.388929E+01,3.922694E+01,5.432618E+03,2.012333E+03,1.843915E-01,1.774409E-01,0.000000E+00,0.000000E+00,0.000000E+00,0.000000E+00,0.000000E+00,0.000000E+00,0.000000E+00,0.000000E+00,2.110711E+01,3.897756E+01,2.388929E+01,3.922297E+01,3.523134E+03,1.209903E+03,1.195797E-01,1.066844E-01,0.000000E+00,0.000000E+00,0.000000E+00,0.000000E+00,0.000000E+00,0.000000E+00,0.000000E+00,0.000000E+00,2.110688E+01,3.889835E+01,2.388937E+01,3.906481E+01
18:30:00,2.685151E+03,2.910377E+03,9.114728E-02,2.566448E-01,0.000000E+00,0.000000E+00,0.000000E+00,0.000000E+00,0.000000E+00,0.000000E+00,0.000000E+00,0.000000E+00,2.111000E+01,4.208825E+01,2.388854E+01,4.067750E+01,3.531971E+03,1.197494E+03,1.198796E-01,1.055903E-01,0.000000E+00,0.000000E+00,0.000000E+00,0.000000E+00,0.000000E+00,0.000000E+00,0.000000E+00,0.000000E+00,2.110688E+01,3.890567E+01,2.388938E+01,3.907467E+01,5.446035E+03,1.993347E+03,1.848469E-01,1.757668E-01,0.000000E+00,0.000000E+00,0.000000E+00,0.000000E+00,0.000000E+00,0.000000E+00,0.000000E+00,0.000000E+00,2.110711E+01,3.898460E+01,2.388929E+01,3.923342E+01,5.432672E+03,1.999266E+03,1.843933E-01,1.762887E-01,0.000000E+00,0.000000E+00,0.000000E+00,0.000000E+00,0.000000E+00,0.000000E+00,0.000000E+00,0.000000E+00,2.110711E+01,3.897759E+01,2.388929E+01,3.922944E+01,3.523164E+03,1.201380E+03,1.195807E-01,1.059329E-01,0.000000E+00,0.000000E+00,0.000000E+00,0.000000E+00,0.000000E+00,0.000000E+00,0.000000E+00,0.000000E+00,2.110688E+01,3.889838E+01,2.388938E+01,3.907082E+01
18:40:00,2.685264E+03,2.905191E+03,9.115113E-02,2.561874E-01,0.000000E+00,0.000000E+00,0.000000E+00,0.000000E+00,0.000000E+00,0.000000E+00,0.000000E+00,0.000000E+00,2.111000E+01,4.208825E+01,2.388854E+01,4.068213E+01,3.532000E+03,1.188273E+03,1.198806E-01,1.047772E-01,0.000000E+00,0.000000E+00,0.000000E+00,0.000000E+00,0.000000E+00,0.000000E+00,0.000000E+00,0.000000E+00,2.110688E+01,3.890569E+01,2.388938E+01,3.908145E+01,5.446088E+03,1.979203E+03,1.848487E-01,1.745195E-01,0.000000E+00,0.000000E+00,0.000000E+00,0.000000E+00,0.000000E+00,0.000000E+00,0.000000E+00,0.000000E+00,2.110711E+01,3.898463E+01,2.388930E+01,3.924069E+01,5.432725E+03,1.985080E+03,1.843951E-01,1.750377E-01,0.000000E+00,0.000000E+00,0.000000E+00,0.000000E+00,0.000000E+00,0.000000E+00,0.000000E+00,0.000000E+00,2.110711E+01,3.897762E+01,2.388930E+01,3.923670E+01,3.523194E+03,1.192131E+03,1.195817E-01,1.051174E-01,0.000000E+00,0.000000E+00,0.000000E+00,0.000000E+00,0.000000E+00,0.000000E+00,0.000000E+00,0.000000E+00,2.110688E+01,3.889840E+01,2.388938E+01,3.907758E+01
18:50:00,2.685376E+03,2.899487E+03,9.115495E-02,2.556845E-01,0.000000E+00,0.000000E+00,0.000000E+00,0.000000E+00,0.000000E+00,0.000000E+00,0.000000E+00,0.000000E+00,2.111000E+01,4.208825E+01,2.388854E+01,4.068729E+01,3.532029E+03,1.178311E+03,1.198816E-01,1.038988E-01,0.000000E+00,0.000000E+00,0.000000E+00,0.000000E+00,0.000000E+00,0.000000E+00,0.000000E+00,0.000000E+00,2.110688E+01,3.890571E+01,2.388938E+01,3.908888E+01,5.446141E+03,1.963914E+03,1.848505E-01,1.731714E-01,0.000000E+00,0.000000E+00,0.000000E+00,0.000000E+00,0.000000E+00,0.000000E+00,0.000000E+00,0.000000E+00,2.110711E+01,3.898465E+01,2.388930E+01,3.924866E+01,5.432778E+03,1.969744E+03,1.843969E-01,1.736854E-01,0.000000E+00,0.000000E+00,0.000000E+00,0.000000E+00,0.000000E+00,0.000000E+00,0.000000E+00,0.000000E+00,2.110711E+01,3.897765E+01,2.388930E+01,3.924465E+01,3.523223E+03,1.182137E+03,1.195827E-01,1.042362E-01,0.000000E+00,0.000000E+00,0.000000E+00,0.000000E+00,0.000000E+00,0.000000E+00,0.000000E+00,0.000000E+00,2.110688E+01,3.889843E+01,2.388938E+01,3.908500E+01
19:00:00,2.685488E+03,2.893233E+03,9.115873E-02,2.551330E-01,0.000000E+00,0.000000E+00,0.000000E+00,0.000000E+00,0.000000E+00,0.000000E+00,0.000000E+00,0.000000E+00,2.111000E+01,4.208825E+01,2.388854E+01,4.069302E+01,3.532059E+03,1.167594E+03,1.198826E-01,1.029538E-01,0.000000E+00,0.000000E+00,0.000000E+00,0.000000E+00,0.000000E+00,0.000000E+00,0.000000E+00,0.000000E+00,2.110688E+01,3.890574E+01,2.388938E+01,3.909688E+01,5.446194E+03,1.947458E+03,1.848523E-01,1.717203E-01,0.000000E+00,0.000000E+00,0.000000E+00,0.000000E+00,0.000000E+00,0.000000E+00,0.000000E+00,0.000000E+00,2.110711E+01,3.898468E+01,2.388930E+01,3.925723E+01,5.432831E+03,1.953235E+03,1.843987E-01,1.722297E-01,0.000000E+00,0.000000E+00,0.000000E+00,0.000000E+00,0.000000E+00,0.000000E+00,0.000000E+00,0.000000E+00,2.110711E+01,3.897767E+01,2.388930E+01,3.925321E+01,3.523252E+03,1.171384E+03,1.195837E-01,1.032879E-01,0.000000E+00,0.000000E+00,0.000000E+00,0.000000E+00,0.000000E+00,0.000000E+00,0.000000E+00,0.000000E+00,2.110688E+01,3.889845E+01,2.388938E+01,3.909299E+01
19:10:00,2.685599E+03,2.886442E+03,9.116249E-02,2.545341E-01,0.000000E+00,0.000000E+00,0.000000E+00,0.000000E+00,0.000000E+00,0.000000E+00,0.000000E+00,0.000000E+00,2.111000E+01,4.208825E+01,2.388854E+01,4.069932E+01,3.532087E+03,1.156930E+03,1.198836E-01,1.020134E-01,0.000000E+00,0.000000E+00,0.000000E+00,0.000000E+00,0.000000E+00,0.000000E+00,0.000000E+00,0.000000E+00,2.110688E+01,3.890576E+01,2.388939E+01,3.910538E+01,5.446246E+03,1.931053E+03,1.848540E-01,1.702738E-01,0.000000E+00,0.000000E+00,0.000000E+00,0.000000E+00,0.000000E+00,0.000000E+00,0.000000E+00,0.000000E+00,2.110711E+01,3.898471E+01,2.388930E+01,3.926634E+01,5.432883E+03,1.936776E+03,1.844005E-01,1.707784E-01,0.000000E+00,0.000000E+00,0.000000E+00,0.000000E+00,0.000000E+00,0.000000E+00,0.000000E+00,0.000000E+00,2.110711E+01,3.897770E+01,2.388930E+01,3.926231E+01,3.523281E+03,1.160684E+03,1.195847E-01,1.023445E-01,0.000000E+00,0.000000E+00,0.000000E+00,0.000000E+00,0.000000E+00,0.000000E+00,0.000000E+00,0.000000E+00,2.110688E+01,3.889848E+01,2.388939E+01,3.910147E+01
19:20:00,2.685708E+03,2.879205E+03,9.116622E-02,2.538959E-01,0.000000E+00,0.000000E+00,0.000000E+00,0.000000E+00,0.000000E+00,0.000000E+00,0.000000E+00,0.000000E+00,2.111000E+01,4.208825E+01,2.388854E+01,4.070614E+01,3.532116E+03,1.146417E+03,1.198845E-01,1.010864E-01,0.000000E+00,0.000000E+00,0.000000E+00,0.000000E+00,0.000000E+00,0.000000E+00,0.000000E+00,0.000000E+00,2.110688E+01,3.890579E+01,2.388939E+01,3.911404E+01,5.446297E+03,1.914853E+03,1.848558E-01,1.688452E-01,0.000000E+00,0.000000E+00,0.000000E+00,0.000000E+00,0.000000E+00,0.000000E+00,0.000000E+00,0.000000E+00,2.110711E+01,3.898474E+01,2.388930E+01,3.927563E+01,5.432934E+03,1.920522E+03,1.844022E-01,1.693452E-01,0.000000E+00,0.000000E+00,0.000000E+00,0.000000E+00,0.000000E+00,0.000000E+00,0.000000E+00,0.000000E+00,2.110711E+01,3.897773E+01,2.388930E+01,3.927158E+01,3.523309E+03,1.150136E+03,1.195856E-01,1.014143E-01,0.000000E+00,0.000000E+00,0.000000E+00,0.000000E+00,0.000000E+00,0.000000E+00,0.000000E+00,0.000000E+00,2.110688E+01,3.889850E+01,2.388939E+01,3.911012E+01
19:30:00,2.685817E+03,2.871646E+03,9.116992E-02,2.532294E-01,0.000000E+00,0.000000E+00,0.000000E+00,0.000000E+00,0.000000E+00,0.000000E+00,0.000000E+00,0.000000E+00,2.111000E+01,4.208825E+01,2.388854E+01,4.071339E+01,3.532144E+03,1.136129E+03,1.198855E-01,1.001792E-01,0.000000E+00,0.000000E+00,0.000000E+00,0.000000E+00,0.000000E+00,0.000000E+00,0.000000E+00,0.000000E+00,2.110688E+01,3.890581E+01,2.388939E+01,3.912267E+01,5.446348E+03,1.898974E+03,1.848575E-01,1.674451E-01,0.000000E+00,0.000000E+00,0.000000E+00,0.000000E+00,0.000000E+00,0.000000E+00,0.000000E+00,0.000000E+00,2.110711E+01,3.898476E+01,2.388930E+01,3.928490E+01,5.432985E+03,1.904591E+03,1.844040E-01,1.679403E-01,0.000000E+00,0.000000E+00,0.000000E+00,0.000000E+00,0.000000E+00,0.000000E+00,0.000000E+00,0.000000E+00,2.110711E+01,3.897776E+01,2.388930E+01,3.928083E+01,3.523338E+03,1.139811E+03,1.195866E-01,1.005039E-01,0.000000E+00,0.000000E+00,0.000000E+00,0.000000E+00,0.000000E+00,0.000000E+00,0.000000E+00,0.000000E+00,2.110688E+01,3.889852E+01,2.388939E+01,3.911873E+01
19:40:00,2.685926E+03,2.863888E+03,9.117359E-02,2.525452E-01,0.000000E+00,0.000000E+00,0.000000E+00,0.000000E+00,0.000000E+00,0.000000E+00,0.000000E+00,0.000000E+00,2.111000E+01,4.208825E+01,2.388854E+01,4.072096E+01,3.532172E+03,1.126126E+03,1.198864E-01,9.929720E-02,0.000000E+00,0.000000E+00,0.000000E+00,0.000000E+00,0.000000E+00,0.000000E+00,0.000000E+00,0.000000E+00,2.110688E+01,3.890583E+01,2.388939E+01,3.913123E+01,5.446399E+03,1.883517E+03,1.848592E-01,1.660821E-01,0.000000E+00,0.000000E+00,0.000000E+00,0.000000E+00,0.000000E+00,0.000000E+00,0.000000E+00,0.000000E+00,2.110711E+01,3.898479E+01,2.388930E+01,3.929408E+01,5.433036E+03,1.889081E+03,1.844057E-01,1.665727E-01,0.000000E+00,0.000000E+00,0.000000E+00,0.000000E+00,0.000000E+00,0.000000E+00,0.000000E+00,0.000000E+00,2.110711E+01,3.897778E+01,2.388930E+01,3.929000E+01,3.523366E+03,1.129773E+03,1.195875E-01,9.961875E-02,0.000000E+00,0.000000E+00,0.000000E+00,0.000000E+00,0.000000E+00,0.000000E+00,0.000000E+00,0.000000E+00,2.110688E+01,3.889855E+01,2.388939E+01,3.912727E+01
19:50:00,2.686033E+03,2.856035E+03,9.117723E-02,2.518527E-01,0.000000E+00,0.000000E+00,0.000000E+00,0.000000E+00,0.000000E+00,0.000000E+00,0.000000E+00,0.000000E+00,2.111000E+01,4.208825E+01,2.388854E+01,4.072872E+01,3.532200E+03,1.116461E+03,1.198874E-01,9.844501E-02,0.000000E+00,0.000000E+00,0.000000E+00,0.000000E+00,0.000000E+00,0.000000E+00,0.000000E+00,0.000000E+00,2.110688E+01,3.890586E+01,2.388939E+01,3.913974E+01,5.446449E+03,1.868566E+03,1.848609E-01,1.647638E-01,0.000000E+00,0.000000E+00,0.000000E+00,0.000000E+00,0.000000E+00,0.000000E+00,0.000000E+00,0.000000E+00,2.110711E+01,3.898482E+01,2.388931E+01,3.930322E+01,5.433086E+03,1.874077E+03,1.844074E-01,1.652497E-01,0.000000E+00,0.000000E+00,0.000000E+00,0.000000E+00,0.000000E+00,0.000000E+00,0.000000E+00,0.000000E+00,2.110711E+01,3.897781E+01,2.388931E+01,3.929913E+01,3.523393E+03,1.120072E+03,1.195885E-01,9.876341E-02,0.000000E+00,0.000000E+00,0.000000E+00,0.000000E+00,0.000000E+00,0.000000E+00,0.000000E+00,0.000000E+00,2.110688E+01,3.889857E+01,2.388939E+01,3.913577E+01
20:00:00,2.686139E+03,2.848176E+03,9.118085E-02,2.511597E-01,0.000000E+00,0.000000E+00,0.000000E+00,0.000000E+00,0.000000E+00,0.000000E+00,0.000000E+00,0.000000E+00,2.111000E+01,4.208825E+01,2.388854E+01,4.073661E+01,3.532227E+03,1.107179E+03,1.198883E-01,9.762652E-02,0.000000E+00,0.000000E+00,0.000000E+00,0.000000E+00,0.000000E+00,0.000000E+00,0.000000E+00,0.000000E+00,2.110688E+01,3.890588E+01,2.388939E+01,3.914826E+01,5.446498E+03,1.854191E+03,1.848626E-01,1.634962E-01,0.000000E+00,0.000000E+00,0.000000E+00,0.000000E+00,0.000000E+00,0.000000E+00,0.000000E+00,0.000000E+00,2.110711E+01,3.898484E+01,2.388931E+01,3.931236E+01,5.433136E+03,1.859650E+03,1.844091E-01,1.639776E-01,0.000000E+00,0.000000E+00,0.000000E+00,0.000000E+00,0.000000E+00,0.000000E+00,0.000000E+00,0.000000E+00,2.110711E+01,3.897784E+01,2.388931E+01,3.930825E+01,3.523421E+03,1.110754E+03,1.195894E-01,9.794179E-02,0.000000E+00,0.000000E+00,0.000000E+00,0.000000E+00,0.000000E+00,0.000000E+00,0.000000E+00,0.000000E+00,2.110688E+01,3.889859E+01,2.388939E+01,3.914427E+01
20:10:00,2.686245E+03,2.840374E+03,9.118443E-02,2.504717E-01,0.000000E+00,0.000000E+00,0.000000E+00,0.000000E+00,0.000000E+00,0.000000E+00,0.000000E+00,0.000000E+00,2.111000E+01,4.208825E+01,2.388854E+01,4.074457E+01,3.532255E+03,1.098146E+03,1.198892E-01,9.683004E-02,0.000000E+00,0.000000E+00,0.000000E+00,0.000000E+00,0.000000E+00,0.000000E+00,0.000000E+00,0.000000E+00,2.110688E+01,3.890590E+01,2.388939E+01,3.915679E+01,5.446548E+03,1.840196E+03,1.848643E-01,1.622622E-01,0.000000E+00,0.000000E+00,0.000000E+00,0.000000E+00,0.000000E+00,0.000000E+00,0.000000E+00,0.000000E+00,2.110711E+01,3.898487E+01,2.388931E+01,3.932151E+01,5.433185E+03,1.845601E+03,1.844107E-01,1.627388E-01,0.000000E+00,0.000000E+00,0.000000E+00,0.000000E+00,0.000000E+00,0.000000E+00,0.000000E+00,0.000000E+00,2.110711E+01,3.897786E+01,2.388931E+01,3.931739E+01,3.523448E+03,1.101685E+03,1.195903E-01,9.714205E-02,0.000000E+00,0.000000E+00,0.000000E+00,0.000000E+00,0.000000E+00,0.000000E+00,0.000000E+00,0.000000E+00,2.110688E+01,3.889862E+01,2.388939E+01,3.915279E+01
20:20:00,2.686350E+03,2.832663E+03,9.118799E-02,2.497917E-01,0.000000E+00,0.000000E+00,0.000000E+00,0.000000E+00,0.000000E+00,0.000000E+00,0.000000E+00,0.000000E+00,2.111000E+01,4.208825E+01,2.388854E+01,4.075258E+01,3.532282E+03,1.089358E+03,1.198902E-01,9.605509E-02,0.000000E+00,0.000000E+00,0.000000E+00,0.000000E+00,0.000000E+00,0.000000E+00,0.000000E+00,0.000000E+00,2.110688E+01,3.890592E+01,2.388939E+01,3.916522E+01,5.446596E+03,1.826572E+03,1.848659E-01,1.610609E-01,0.000000E+00,0.000000E+00,0.000000E+00,0.000000E+00,0.000000E+00,0.000000E+00,0.000000E+00,0.000000E+00,2.110711E+01,3.898489E+01,2.388931E+01,3.933055E+01,5.433234E+03,1.831921E+03,1.844124E-01,1.615325E-01,0.000000E+00,0.000000E+00,0.000000E+00,0.000000E+00,0.000000E+00,0.000000E+00,0.000000E+00,0.000000E+00,2.110711E+01,3.897789E+01,2.388931E+01,3.932642E+01,3.523475E+03,1.092858E+03,1.195913E-01,9.636373E-02,0.000000E+00,0.000000E+00,0.000000E+00,0.000000E+00,0.000000E+00,0.000000E+00,0.000000E+00,0.000000E+00,2.110688E+01,3.889864E+01,2.388939E+01,3.916121E+01
20:30:00,2.686454E+03,2.825057E+03,9.119152E-02,2.491210E-01,0.000000E+00,0.000000E+00,0.000000E+00,0.000000E+00,0.000000E+00,0.000000E+00,0.000000E+00,0.000000E+00,2.111000E+01,4.208825E+01,2.388854E+01,4.076059E+01,3.532308E+03,1.080821E+03,1.198911E-01,9.530233E-02,0.000000E+00,0.000000E+00,0.000000E+00,0.000000E+00,0.000000E+00,0.000000E+00,0.000000E+00,0.000000E+00,2.110688E+01,3.890595E+01,2.388939E+01,3.917347E+01,5.446645E+03,1.813329E+03,1.848676E-01,1.598931E-01,0.000000E+00,0.000000E+00,0.000000E+00,0.000000E+00,0.000000E+00,0.000000E+00,0.000000E+00,0.000000E+00,2.110711E+01,3.898492E+01,2.388931E+01,3.933940E+01,5.433282E+03,1.818620E+03,1.844140E-01,1.603597E-01,0.000000E+00,0.000000E+00,0.000000E+00,0.000000E+00,0.000000E+00,0.000000E+00,0.000000E+00,0.000000E+00,2.110711E+01,3.897791E+01,2.388931E+01,3.933526E+01,3.523502E+03,1.084280E+03,1.195922E-01,9.560740E-02,0.000000E+00,0.000000E+00,0.000000E+00,0.000000E+00,0.000000E+00,0.000000E+00,0.000000E+00,0.000000E+00,2.110688E+01,3.889866E+01,2.388939E+01,3.916945E+01
20:40:00,2.686557E+03,2.817565E+03,9.119503E-02,2.484604E-01,0.000000E+00,0.000000E+00,0.000000E+00,0.000000E+00,0.000000E+00,0.000000E+00,0.000000E+00,0.000000E+00,2.111000E+01,4.208825E+01,2.388854E+01,4.076857E+01,3.532335E+03,1.072550E+03,1.198920E-01,9.457308E-02,0.000000E+00,0.000000E+00,0.000000E+00,0.000000E+00,0.000000E+00,0.000000E+00,0.000000E+00,0.000000E+00,2.110688E+01,3.890597E+01,2.388939E+01,3.918156E+01,5.446693E+03,1.800484E+03,1.848692E-01,1.587605E-01,0.000000E+00,0.000000E+00,0.000000E+00,0.000000E+00,0.000000E+00,0.000000E+00,0.000000E+00,0.000000E+00,2.110711E+01,3.898495E+01,2.388931E+01,3.934808E+01,5.433330E+03,1.805711E+03,1.844157E-01,1.592214E-01,0.000000E+00,0.000000E+00,0.000000E+00,0.000000E+00,0.000000E+00,0.000000E+00,0.000000E+00,0.000000E+00,2.110711E+01,3.897794E+01,2.388931E+01,3.934394E+01,3.523528E+03,1.075964E+03,1.195931E-01,9.487412E-02,0.000000E+00,0.000000E+00,0.000000E+00,0.000000E+00,0.000000E+00,0.000000E+00,0.000000E+00,0.000000E+00,2.110688E+01,3.889868E+01,2.388939E+01,3.917753E+01
20:50:00,2.686659E+03,2.810193E+03,9.119850E-02,2.478103E-01,0.000000E+00,0.000000E+00,0.000000E+00,0.000000E+00,0.000000E+00,0.000000E+00,0.000000E+00,0.000000E+00,2.111000E+01,4.208825E+01,2.388854E+01,4.077650E+01,3.532361E+03,1.064587E+03,1.198929E-01,9.387088E-02,0.000000E+00,0.000000E+00,0.000000E+00,0.000000E+00,0.000000E+00,0.000000E+00,0.000000E+00,0.000000E+00,2.110688E+01,3.890599E+01,2.388939E+01,3.918951E+01,5.446740E+03,1.788083E+03,1.848708E-01,1.576670E-01,0.000000E+00,0.000000E+00,0.000000E+00,0.000000E+00,0.000000E+00,0.000000E+00,0.000000E+00,0.000000E+00,2.110711E+01,3.898497E+01,2.388931E+01,3.935662E+01,5.433378E+03,1.793222E+03,1.844173E-01,1.581202E-01,0.000000E+00,0.000000E+00,0.000000E+00,0.000000E+00,0.000000E+00,0.000000E+00,0.000000E+00,0.000000E+00,2.110711E+01,3.897796E+01,2.388931E+01,3.935248E+01,3.523555E+03,1.067940E+03,1.195940E-01,9.416661E-02,0.000000E+00,0.000000E+00,0.000000E+00,0.000000E+00,0.000000E+00,0.000000E+00,0.000000E+00,0.000000E+00,2.110688E+01,3.889870E+01,2.388939E+01,3.918549E+01
21:00:00,2.686761E+03,2.802945E+03,9.120195E-02,2.471711E-01,0.000000E+00,0.000000E+00,0.000000E+00,0.000000E+00,0.000000E+00,0.000000E+00,0.000000E+00,0.000000E+00,2.111000E+01,4.208825E+01,2.388853E+01,4.078434E+01,3.532387E+03,1.056882E+03,1.198937E-01,9.319152E-02,0.000000E+00,0.000000E+00,0.000000E+00,0.000000E+00,0.000000E+00,0.000000E+00,0.000000E+00,0.000000E+00,2.110688E+01,3.890601E+01,2.388939E+01,3.919732E+01,5.446787E+03,1.776118E+03,1.848724E-01,1.566119E-01,0.000000E+00,0.000000E+00,0.000000E+00,0.000000E+00,0.000000E+00,0.000000E+00,0.000000E+00,0.000000E+00,2.110711E+01,3.898500E+01,2.388930E+01,3.936503E+01,5.433425E+03,1.781200E+03,1.844189E-01,1.570601E-01,0.000000E+00,0.000000E+00,0.000000E+00,0.000000E+00,0.000000E+00,0.000000E+00,0.000000E+00,0.000000E+00,2.110711E+01,3.897799E+01,2.388931E+01,3.936091E+01,3.523581E+03,1.060202E+03,1.195948E-01,9.348430E-02,0.000000E+00,0.000000E+00,0.000000E+00,0.000000E+00,0.000000E+00,0.000000E+00,0.000000E+00,0.000000E+00,2.110688E+01,3.889873E+01,2.388939E+01,3.919333E+01
21:10:00,2.686862E+03,2.795814E+03,9.120538E-02,2.465424E-01,0.000000E+00,0.000000E+00,0.000000E+00,0.000000E+00,0.000000E+00,0.000000E+00,0.000000E+00,0.000000E+00,2.111000E+01,4.208825E+01,2.388853E+01,4.079212E+01,3.532413E+03,1.049216E+03,1.198946E-01,9.251559E-02,0.000000E+00,0.000000E+00,0.000000E+00,0.000000E+00,0.000000E+00,0.000000E+00,0.000000E+00,0.000000E+00,2.110688E+01,3.890603E+01,2.388939E+01,3.920507E+01,5.446834E+03,1.764231E+03,1.848740E-01,1.555639E-01,0.000000E+00,0.000000E+00,0.000000E+00,0.000000E+00,0.000000E+00,0.000000E+00,0.000000E+00,0.000000E+00,2.110711E+01,3.898502E+01,2.388931E+01,3.937333E+01,5.433471E+03,1.769272E+03,1.844204E-01,1.560084E-01,0.000000E+00,0.000000E+00,0.000000E+00,0.000000E+00,0.000000E+00,0.000000E+00,0.000000E+00,0.000000E+00,2.110711E+01,3.897801E+01,2.388931E+01,3.936922E+01,3.523606E+03,1.052513E+03,1.195957E-01,9.280627E-02,0.000000E+00,0.000000E+00,0.000000E+00,0.000000E+00,0.000000E+00,0.000000E+00,0.000000E+00,0.000000E+00,2.110688E+01,3.889875E+01,2.388939E+01,3.920107E+01
21:20:00,2.686962E+03,2.788781E+03,9.120877E-02,2.459222E-01,0.000000E+00,0.000000E+00,0.000000E+00,0.000000E+00,0.000000E+00,0.000000E+00,0.000000E+00,0.000000E+00,2.111000E+01,4.208825E+01,2.388853E+01,4.079984E+01,3.532438E+03,1.041552E+03,1.198955E-01,9.183975E-02,0.000000E+00,0.000000E+00,0.000000E+00,0.000000E+00,0.000000E+00,0.000000E+00,0.000000E+00,0.000000E+00,2.110688E+01,3.890605E+01,2.388939E+01,3.921286E+01,5.446880E+03,1.752365E+03,1.848756E-01,1.545175E-01,0.000000E+00,0.000000E+00,0.000000E+00,0.000000E+00,0.000000E+00,0.000000E+00,0.000000E+00,0.000000E+00,2.110711E+01,3.898504E+01,2.388931E+01,3.938165E+01,5.433518E+03,1.757377E+03,1.844220E-01,1.549594E-01,0.000000E+00,0.000000E+00,0.000000E+00,0.000000E+00,0.000000E+00,0.000000E+00,0.000000E+00,0.000000E+00,2.110711E+01,3.897804E+01,2.388931E+01,3.937752E+01,3.523632E+03,1.044832E+03,1.195966E-01,9.212902E-02,0.000000E+00,0.000000E+00,0.000000E+00,0.000000E+00,0.000000E+00,0.000000E+00,0.000000E+00,0.000000E+00,2.110688E+01,3.889877E+01,2.388939E+01,3.920883E+01
21:30:00,2.687061E+03,2.781816E+03,9.121214E-02,2.453080E-01,0.000000E+00,0.000000E+00,0.000000E+00,0.000000E+00,0.000000E+00,0.000000E+00,0.000000E+00,0.000000E+00,2.111000E+01,4.208825E+01,2.388853E+01,4.080752E+01,3.532464E+03,1.033850E+03,1.198963E-01,9.116060E-02,0.000000E+00,0.000000E+00,0.000000E+00,0.000000E+00,0.000000E+00,0.000000E+00,0.000000E+00,0.000000E+00,2.110688E+01,3.890608E+01,2.388939E+01,3.922077E+01,5.446926E+03,1.740457E+03,1.848771E-01,1.534675E-01,0.000000E+00,0.000000E+00,0.000000E+00,0.000000E+00,0.000000E+00,0.000000E+00,0.000000E+00,0.000000E+00,2.110711E+01,3.898507E+01,2.388931E+01,3.939006E+01,5.433563E+03,1.745452E+03,1.844236E-01,1.539079E-01,0.000000E+00,0.000000E+00,0.000000E+00,0.000000E+00,0.000000E+00,0.000000E+00,0.000000E+00,0.000000E+00,2.110711E+01,3.897806E+01,2.388931E+01,3.938589E+01,3.523657E+03,1.037122E+03,1.195974E-01,9.144912E-02,0.000000E+00,0.000000E+00,0.000000E+00,0.000000E+00,0.000000E+00,0.000000E+00,0.000000E+00,0.000000E+00,2.110688E+01,3.889879E+01,2.388939E+01,3.921670E+01
21:40:00,2.687160E+03,2.774896E+03,9.121549E-02,2.446978E-01,0.000000E+00,0.000000E+00,0.000000E+00,0.000000E+00,0.000000E+00,0.000000E+00,0.000000E+00,0.000000E+00,2.111000E+01,4.208825E+01,2.388853E+01,4.081517E+01,3.532489E+03,1.026068E+03,1.198972E-01,9.047447E-02,0.000000E+00,0.000000E+00,0.000000E+00,0.000000E+00,0.000000E+00,0.000000E+00,0.000000E+00,0.000000E+00,2.110688E+01,3.890610E+01,2.388940E+01,3.922886E+01,5.446971E+03,1.728450E+03,1.848787E-01,1.524087E-01,0.000000E+00,0.000000E+00,0.000000E+00,0.000000E+00,0.000000E+00,0.000000E+00,0.000000E+00,0.000000E+00,2.110711E+01,3.898509E+01,2.388931E+01,3.939864E+01,5.433609E+03,1.733438E+03,1.844251E-01,1.528486E-01,0.000000E+00,0.000000E+00,0.000000E+00,0.000000E+00,0.000000E+00,0.000000E+00,0.000000E+00,0.000000E+00,2.110711E+01,3.897809E+01,2.388931E+01,3.939442E+01,3.523682E+03,1.029341E+03,1.195983E-01,9.076307E-02,0.000000E+00,0.000000E+00,0.000000E+00,0.000000E+00,0.000000E+00,0.000000E+00,0.000000E+00,0.000000E+00,2.110688E+01,3.889881E+01,2.388940E+01,3.922474E+01
21:50:00,2.687257E+03,2.767997E+03,9.121880E-02,2.440895E-01,0.000000E+00,0.000000E+00,0.000000E+00,0.000000E+00,0.000000E+00,0.000000E+00,0.000000E+00,0.000000E+00,2.111000E+01,4.208825E+01,2.388853E+01,4.082282E+01,3.532514E+03,1.018143E+03,1.198980E-01,8.977566E-02,0.000000E+00,0.000000E+00,0.000000E+00,0.000000E+00,0.000000E+00,0.000000E+00,0.000000E+00,0.000000E+00,2.110688E+01,3.890612E+01,2.388940E+01,3.923714E+01,5.447016E+03,1.716258E+03,1.848802E-01,1.513337E-01,0.000000E+00,0.000000E+00,0.000000E+00,0.000000E+00,0.000000E+00,0.000000E+00,0.000000E+00,0.000000E+00,2.110711E+01,3.898512E+01,2.388931E+01,3.940741E+01,5.433654E+03,1.721271E+03,1.844266E-01,1.517757E-01,0.000000E+00,0.000000E+00,0.000000E+00,0.000000E+00,0.000000E+00,0.000000E+00,0.000000E+00,0.000000E+00,2.110711E+01,3.897811E+01,2.388931E+01,3.940315E+01,3.523707E+03,1.021436E+03,1.195991E-01,9.006597E-02,0.000000E+00,0.000000E+00,0.000000E+00,0.000000E+00,0.000000E+00,0.000000E+00,0.000000E+00,0.000000E+00,2.110688E+01,3.889883E+01,2.388940E+01,3.923297E+01
22:00:00,2.687354E+03,2.761103E+03,9.122209E-02,2.434815E-01,0.000000E+00,0.000000E+00,0.000000E+00,0.000000E+00,0.000000E+00,0.000000E+00,0.000000E+00,0.000000E+00,2.111000E+01,4.208825E+01,2.388853E+01,4.083048E+01,3.532538E+03,1.010099E+03,1.198989E-01,8.906635E-02,0.000000E+00,0.000000E+00,0.000000E+00,0.000000E+00,0.000000E+00,0.000000E+00,0.000000E+00,0.000000E+00,2.110688E+01,3.890614E+01,2.388940E+01,3.924563E+01,5.447061E+03,1.703854E+03,1.848817E-01,1.502399E-01,0.000000E+00,0.000000E+00,0.000000E+00,0.000000E+00,0.000000E+00,0.000000E+00,0.000000E+00,0.000000E+00,2.110711E+01,3.898514E+01,2.388931E+01,3.941639E+01,5.433698E+03,1.708866E+03,1.844282E-01,1.506819E-01,0.000000E+00,0.000000E+00,0.000000E+00,0.000000E+00,0.000000E+00,0.000000E+00,0.000000E+00,0.000000E+00,2.110711E+01,3.897813E+01,2.388931E+01,3.941208E+01,3.523732E+03,1.013388E+03,1.196000E-01,8.935636E-02,0.000000E+00,0.000000E+00,0.000000E+00,0.000000E+00,0.000000E+00,0.000000E+00,0.000000E+00,0.000000E+00,2.110688E+01,3.889885E+01,2.388940E+01,3.924141E+01
22:10:00,2.687451E+03,2.754209E+03,9.122536E-02,2.428736E-01,0.000000E+00,0.000000E+00,0.000000E+00,0.000000E+00,0.000000E+00,0.000000E+00,0.000000E+00,0.000000E+00,2.111000E+01,4.208825E+01,2.388853E+01,4.083817E+01,3.532563E+03,1.002143E+03,1.198997E-01,8.836484E-02,0.000000E+00,0.000000E+00,0.000000E+00,0.000000E+00,0.000000E+00,0.000000E+00,0.000000E+00,0.000000E+00,2.110688E+01,3.890616E+01,2.388940E+01,3.925433E+01,5.447105E+03,1.691573E+03,1.848832E-01,1.491570E-01,0.000000E+00,0.000000E+00,0.000000E+00,0.000000E+00,0.000000E+00,0.000000E+00,0.000000E+00,0.000000E+00,2.110711E+01,3.898516E+01,2.388932E+01,3.942558E+01,5.433743E+03,1.696573E+03,1.844297E-01,1.495979E-01,0.000000E+00,0.000000E+00,0.000000E+00,0.000000E+00,0.000000E+00,0.000000E+00,0.000000E+00,0.000000E+00,2.110711E+01,3.897816E+01,2.388932E+01,3.942124E+01,3.523756E+03,1.005422E+03,1.196008E-01,8.865394E-02,0.000000E+00,0.000000E+00,0.000000E+00,0.000000E+00,0.000000E+00,0.000000E+00,0.000000E+00,0.000000E+00,2.110688E+01,3.889887E+01,2.388940E+01,3.925008E+01
22:20:00,2.687546E+03,2.747329E+03,9.122860E-02,2.422669E-01,0.000000E+00,0.000000E+00,0.000000E+00,0.000000E+00,0.000000E+00,0.000000E+00,0.000000E+00,0.000000E+00,2.111000E+01,4.208825E+01,2.388853E+01,4.084589E+01,3.532587E+03,9.942970E+02,1.199005E-01,8.767297E-02,0.000000E+00,0.000000E+00,0.000000E+00,0.000000E+00,0.000000E+00,0.000000E+00,0.000000E+00,0.000000E+00,2.110688E+01,3.890618E+01,2.388940E+01,3.926308E+01,5.447149E+03,1.679452E+03,1.848847E-01,1.480882E-01,0.000000E+00,0.000000E+00,0.000000E+00,0.000000E+00,0.000000E+00,0.000000E+00,0.000000E+00,0.000000E+00,2.110711E+01,3.898519E+01,2.388932E+01,3.943482E+01,5.433786E+03,1.684431E+03,1.844311E-01,1.485272E-01,0.000000E+00,0.000000E+00,0.000000E+00,0.000000E+00,0.000000E+00,0.000000E+00,0.000000E+00,0.000000E+00,2.110711E+01,3.897818E+01,2.388932E+01,3.943044E+01,3.523781E+03,9.975611E+02,1.196016E-01,8.796078E-02,0.000000E+00,0.000000E+00,0.000000E+00,0.000000E+00,0.000000E+00,0.000000E+00,0.000000E+00,0.000000E+00,2.110688E+01,3.889889E+01,2.388940E+01,3.925879E+01
22:30:00,2.687641E+03,2.740485E+03,9.123182E-02,2.416634E-01,0.000000E+00,0.000000E+00,0.000000E+00,0.000000E+00,0.000000E+00,0.000000E+00,0.000000E+00,0.000000E+00,2.111000E+01,4.208825E+01,2.388853E+01,4.085362E+01,3.532611E+03,9.865806E+02,1.199013E-01,8.699255E-02,0.000000E+00,0.000000E+00,0.000000E+00,0.000000E+00,0.000000E+00,0.000000E+00,0.000000E+00,0.000000E+00,2.110688E+01,3.890620E+01,2.388940E+01,3.927178E+01,5.447192E+03,1.667523E+03,1.848862E-01,1.470363E-01,0.000000E+00,0.000000E+00,0.000000E+00,0.000000E+00,0.000000E+00,0.000000E+00,0.000000E+00,0.000000E+00,2.110711E+01,3.898521E+01,2.388932E+01,3.944400E+01,5.433830E+03,1.672477E+03,1.844326E-01,1.474732E-01,0.000000E+00,0.000000E+00,0.000000E+00,0.000000E+00,0.000000E+00,0.000000E+00,0.000000E+00,0.000000E+00,2.110711E+01,3.897820E+01,2.388932E+01,3.943959E+01,3.523804E+03,9.898271E+02,1.196024E-01,8.727882E-02,0.000000E+00,0.000000E+00,0.000000E+00,0.000000E+00,0.000000E+00,0.000000E+00,0.000000E+00,0.000000E+00,2.110688E+01,3.889891E+01,2.388940E+01,3.926746E+01
22:40:00,2.687735E+03,2.733701E+03,9.123501E-02,2.410652E-01,0.000000E+00,0.000000E+00,0.000000E+00,0.000000E+00,0.000000E+00,0.000000E+00,0.000000E+00,0.000000E+00,2.111000E+01,4.208825E+01,2.388853E+01,4.086134E+01,3.532635E+03,9.790125E+02,1.199021E-01,8.632523E-02,0.000000E+00,0.000000E+00,0.000000E+00,0.000000E+00,0.000000E+00,0.000000E+00,0.000000E+00,0.000000E+00,2.110688E+01,3.890622E+01,2.388940E+01,3.928044E+01,5.447235E+03,1.655817E+03,1.848876E-01,1.460041E-01,0.000000E+00,0.000000E+00,0.000000E+00,0.000000E+00,0.000000E+00,0.000000E+00,0.000000E+00,0.000000E+00,2.110711E+01,3.898523E+01,2.388932E+01,3.945313E+01,5.433873E+03,1.660742E+03,1.844341E-01,1.464384E-01,0.000000E+00,0.000000E+00,0.000000E+00,0.000000E+00,0.000000E+00,0.000000E+00,0.000000E+00,0.000000E+00,2.110711E+01,3.897823E+01,2.388932E+01,3.944869E+01,3.523828E+03,9.822393E+02,1.196032E-01,8.660975E-02,0.000000E+00,0.000000E+00,0.000000E+00,0.000000E+00,0.000000E+00,0.000000E+00,0.000000E+00,0.000000E+00,2.110688E+01,3.889893E+01,2.388940E+01,3.927609E+01
22:50:00,2.687828E+03,2.726996E+03,9.123818E-02,2.404740E-01,0.000000E+00,0.000000E+00,0.000000E+00,0.000000E+00,0.000000E+00,0.000000E+00,0.000000E+00,0.000000E+00,2.111000E+01,4.208825E+01,2.388853E+01,4.086901E+01,3.532658E+03,9.716089E+02,1.199029E-01,8.567240E-02,0.000000E+00,0.000000E+00,0.000000E+00,0.000000E+00,0.000000E+00,0.000000E+00,0.000000E+00,0.000000E+00,2.110688E+01,3.890624E+01,2.388940E+01,3.928910E+01,5.447278E+03,1.644360E+03,1.848891E-01,1.449939E-01,0.000000E+00,0.000000E+00,0.000000E+00,0.000000E+00,0.000000E+00,0.000000E+00,0.000000E+00,0.000000E+00,2.110711E+01,3.898525E+01,2.388932E+01,3.946225E+01,5.433916E+03,1.649254E+03,1.844355E-01,1.454254E-01,0.000000E+00,0.000000E+00,0.000000E+00,0.000000E+00,0.000000E+00,0.000000E+00,0.000000E+00,0.000000E+00,2.110711E+01,3.897825E+01,2.388932E+01,3.945779E+01,3.523852E+03,9.748143E+02,1.196040E-01,8.595504E-02,0.000000E+00,0.000000E+00,0.000000E+00,0.000000E+00,0.000000E+00,0.000000E+00,0.000000E+00,0.000000E+00,2.110688E+01,3.889895E+01,2.388940E+01,3.928472E+01
23:00:00,2.687921E+03,2.720390E+03,9.124132E-02,2.398914E-01,0.000000E+00,0.000000E+00,0.000000E+00,0.000000E+00,0.000000E+00,0.000000E+00,0.000000E+00,0.000000E+00,2.111000E+01,4.208825E+01,2.388853E+01,4.087661E+01,3.532681E+03,9.643833E+02,1.199037E-01,8.503527E-02,0.000000E+00,0.000000E+00,0.000000E+00,0.000000E+00,0.000000E+00,0.000000E+00,0.000000E+00,0.000000E+00,2.110688E+01,3.890626E+01,2.388940E+01,3.929779E+01,5.447320E+03,1.633174E+03,1.848905E-01,1.440075E-01,0.000000E+00,0.000000E+00,0.000000E+00,0.000000E+00,0.000000E+00,0.000000E+00,0.000000E+00,0.000000E+00,2.110711E+01,3.898528E+01,2.388932E+01,3.947139E+01,5.433958E+03,1.638034E+03,1.844370E-01,1.444361E-01,0.000000E+00,0.000000E+00,0.000000E+00,0.000000E+00,0.000000E+00,0.000000E+00,0.000000E+00,0.000000E+00,2.110711E+01,3.897827E+01,2.388932E+01,3.946690E+01,3.523875E+03,9.675660E+02,1.196048E-01,8.531591E-02,0.000000E+00,0.000000E+00,0.000000E+00,0.000000E+00,0.000000E+00,0.000000E+00,0.000000E+00,0.000000E+00,2.110688E+01,3.889897E+01,2.388940E+01,3.929338E+01
23:10:00,2.688013E+03,2.713888E+03,9.124443E-02,2.393181E-01,0.000000E+00,0.000000E+00,0.000000E+00,0.000000E+00,0.000000E+00,0.000000E+00,0.000000E+00,0.000000E+00,2.111000E+01,4.208825E+01,2.388853E+01,4.088414E+01,3.532705E+03,9.571539E+02,1.199045E-01,8.439781E-02,0.000000E+00,0.000000E+00,0.000000E+00,0.000000E+00,0.000000E+00,0.000000E+00,0.000000E+00,0.000000E+00,2.110688E+01,3.890628E+01,2.388940E+01,3.930653E+01,5.447362E+03,1.621987E+03,1.848919E-01,1.430211E-01,0.000000E+00,0.000000E+00,0.000000E+00,0.000000E+00,0.000000E+00,0.000000E+00,0.000000E+00,0.000000E+00,2.110711E+01,3.898530E+01,2.388932E+01,3.948059E+01,5.434000E+03,1.626812E+03,1.844384E-01,1.434465E-01,0.000000E+00,0.000000E+00,0.000000E+00,0.000000E+00,0.000000E+00,0.000000E+00,0.000000E+00,0.000000E+00,2.110711E+01,3.897829E+01,2.388932E+01,3.947608E+01,3.523898E+03,9.603128E+02,1.196056E-01,8.467635E-02,0.000000E+00,0.000000E+00,0.000000E+00,0.000000E+00,0.000000E+00,0.000000E+00,0.000000E+00,0.000000E+00,2.110688E+01,3.889899E+01,2.388940E+01,3.930210E+01
23:20:00,2.688104E+03,2.707479E+03,9.124753E-02,2.387529E-01,0.000000E+00,0.000000E+00,0.000000E+00,0.000000E+00,0.000000E+00,0.000000E+00,0.000000E+00,0.000000E+00,2.111000E+01,4.208825E+01,2.388852E+01,4.089161E+01,3.532727E+03,9.499171E+02,1.199053E-01,8.375969E-02,0.000000E+00,0.000000E+00,0.000000E+00,0.000000E+00,0.000000E+00,0.000000E+00,0.000000E+00,0.000000E+00,2.110688E+01,3.890629E+01,2.388941E+01,3.931537E+01,5.447404E+03,1.610792E+03,1.848933E-01,1.420339E-01,0.000000E+00,0.000000E+00,0.000000E+00,0.000000E+00,0.000000E+00,0.000000E+00,0.000000E+00,0.000000E+00,2.110711E+01,3.898532E+01,2.388932E+01,3.948986E+01,5.434041E+03,1.615579E+03,1.844398E-01,1.424561E-01,0.000000E+00,0.000000E+00,0.000000E+00,0.000000E+00,0.000000E+00,0.000000E+00,0.000000E+00,0.000000E+00,2.110711E+01,3.897832E+01,2.388932E+01,3.948533E+01,3.523921E+03,9.530506E+02,1.196064E-01,8.403599E-02,0.000000E+00,0.000000E+00,0.000000E+00,0.000000E+00,0.000000E+00,0.000000E+00,0.000000E+00,0.000000E+00,2.110688E+01,3.889901E+01,2.388941E+01,3.931091E+01
23:30:00,2.688194E+03,2.701143E+03,9.125060E-02,2.381942E-01,0.000000E+00,0.000000E+00,0.000000E+00,0.000000E+00,0.000000E+00,0.000000E+00,0.000000E+00,0.000000E+00,2.111000E+01,4.208825E+01,2.388852E+01,4.089904E+01,3.532750E+03,9.426642E+02,1.199061E-01,8.312016E-02,0.000000E+00,0.000000E+00,0.000000E+00,0.000000E+00,0.000000E+00,0.000000E+00,0.000000E+00,0.000000E+00,2.110688E+01,3.890631E+01,2.388941E+01,3.932430E+01,5.447445E+03,1.599575E+03,1.848947E-01,1.410449E-01,0.000000E+00,0.000000E+00,0.000000E+00,0.000000E+00,0.000000E+00,0.000000E+00,0.000000E+00,0.000000E+00,2.110711E+01,3.898534E+01,2.388932E+01,3.949923E+01,5.434082E+03,1.604322E+03,1.844412E-01,1.414635E-01,0.000000E+00,0.000000E+00,0.000000E+00,0.000000E+00,0.000000E+00,0.000000E+00,0.000000E+00,0.000000E+00,2.110711E+01,3.897834E+01,2.388932E+01,3.949468E+01,3.523944E+03,9.457711E+02,1.196072E-01,8.339410E-02,0.000000E+00,0.000000E+00,0.000000E+00,0.000000E+00,0.000000E+00,0.000000E+00,0.000000E+00,0.000000E+00,2.110688E+01,3.889903E+01,2.388941E+01,3.931983E+01
23:40:00,2.688284E+03,2.694859E+03,9.125364E-02,2.376401E-01,0.000000E+00,0.000000E+00,0.000000E+00,0.000000E+00,0.000000E+00,0.000000E+00,0.000000E+00,0.000000E+00,2.111000E+01,4.208825E+01,2.388852E+01,4.090642E+01,3.532773E+03,9.353872E+02,1.199068E-01,8.247849E-02,0.000000E+00,0.000000E+00,0.000000E+00,0.000000E+00,0.000000E+00,0.000000E+00,0.000000E+00,0.000000E+00,2.110688E+01,3.890633E+01,2.388941E+01,3.933336E+01,5.447486E+03,1.588323E+03,1.848961E-01,1.400527E-01,0.000000E+00,0.000000E+00,0.000000E+00,0.000000E+00,0.000000E+00,0.000000E+00,0.000000E+00,0.000000E+00,2.110711E+01,3.898536E+01,2.388932E+01,3.950872E+01,5.434123E+03,1.593028E+03,1.844426E-01,1.404676E-01,0.000000E+00,0.000000E+00,0.000000E+00,0.000000E+00,0.000000E+00,0.000000E+00,0.000000E+00,0.000000E+00,2.110711E+01,3.897836E+01,2.388932E+01,3.950416E+01,3.523966E+03,9.384659E+02,1.196079E-01,8.274996E-02,0.000000E+00,0.000000E+00,0.000000E+00,0.000000E+00,0.000000E+00,0.000000E+00,0.000000E+00,0.000000E+00,2.110688E+01,3.889905E+01,2.388941E+01,3.932887E+01
23:50:00,2.688373E+03,2.688611E+03,9.125666E-02,2.370891E-01,0.000000E+00,0.000000E+00,0.000000E+00,0.000000E+00,0.000000E+00,0.000000E+00,0.000000E+00,0.000000E+00,2.111000E+01,4.208825E+01,2.388852E+01,4.091379E+01,3.532795E+03,9.280787E+02,1.199076E-01,8.183405E-02,0.000000E+00,0.000000E+00,0.000000E+00,0.000000E+00,0.000000E+00,0.000000E+00,0.000000E+00,0.000000E+00,2.110688E+01,3.890635E+01,2.388941E+01,3.934256E+01,5.447526E+03,1.577023E+03,1.848975E-01,1.390563E-01,0.000000E+00,0.000000E+00,0.000000E+00,0.000000E+00,0.000000E+00,0.000000E+00,0.000000E+00,0.000000E+00,2.110711E+01,3.898539E+01,2.388932E+01,3.951833E+01,5.434163E+03,1.581684E+03,1.844439E-01,1.394673E-01,0.000000E+00,0.000000E+00,0.000000E+00,0.000000E+00,0.000000E+00,0.000000E+00,0.000000E+00,0.000000E+00,2.110711E+01,3.897838E+01,2.388932E+01,3.951376E+01,3.523989E+03,9.311279E+02,1.196087E-01,8.210292E-02,0.000000E+00,0.000000E+00,0.000000E+00,0.000000E+00,0.000000E+00,0.000000E+00,0.000000E+00,0.000000E+00,2.110688E+01,3.889907E+01,2.388941E+01,3.933805E+01
24:00:00,2.688461E+03,2.682382E+03,9.125966E-02,2.365399E-01,0.000000E+00,0.000000E+00,0.000000E+00,0.000000E+00,0.000000E+00,0.000000E+00,0.000000E+00,0.000000E+00,2.111000E+01,4.208825E+01,2.388852E+01,4.092115E+01,3.532817E+03,9.207330E+02,1.199083E-01,8.118633E-02,0.000000E+00,0.000000E+00,0.000000E+00,0.000000E+00,0.000000E+00,0.000000E+00,0.000000E+00,0.000000E+00,2.110688E+01,3.890637E+01,2.388941E+01,3.935191E+01,5.447566E+03,1.565667E+03,1.848988E-01,1.380549E-01,0.000000E+00,0.000000E+00,0.000000E+00,0.000000E+00,0.000000E+00,0.000000E+00,0.000000E+00,0.000000E+00,2.110711E+01,3.898541E+01,2.388932E+01,3.952810E+01,5.434204E+03,1.570282E+03,1.844453E-01,1.384619E-01,0.000000E+00,0.000000E+00,0.000000E+00,0.000000E+00,0.000000E+00,0.000000E+00,0.000000E+00,0.000000E+00,2.110711E+01,3.897840E+01,2.388932E+01,3.952352E+01,3.524011E+03,9.237514E+02,1.196094E-01,8.145249E-02,0.000000E+00,0.000000E+00,0.000000E+00,0.000000E+00,0.000000E+00,0.000000E+00,0.000000E+00,0.000000E+00,2.110688E+01,3.889908E+01,2.388941E+01,3.934739E+01
Peak,2.688461E+03,2.940561E+03,9.125966E-02,2.593067E-01,0.000000E+00,0.000000E+00,0.000000E+00,0.000000E+00,0.000000E+00,0.000000E+00,0.000000E+00,0.000000E+00,,,,,3.532817E+03,1.273866E+03,1.199083E-01,1.123247E-01,0.000000E+00,0.000000E+00,0.000000E+00,0.000000E+00,0.000000E+00,0.000000E+00,0.000000E+00,0.000000E+00,,,,,5.447566E+03,2.109587E+03,1.848988E-01,1.860169E-01,0.000000E+00,0.000000E+00,0.000000E+00,0.000000E+00,0.000000E+00,0.000000E+00,0.000000E+00,0.000000E+00,,,,,5.434204E+03,2.115636E+03,1.844453E-01,1.865503E-01,0.000000E+00,0.000000E+00,0.000000E+00,0.000000E+00,0.000000E+00,0.000000E+00,0.000000E+00,0.000000E+00,,,,,3.524011E+03,1.277842E+03,1.196094E-01,1.126753E-01,0.000000E+00,0.000000E+00,0.000000E+00,0.000000E+00,0.000000E+00,0.000000E+00,0.000000E+00,0.000000E+00,,,,

Peak Vol Flow (m3/s),,,9.249572E-02,2.628189E-01,,,0.000000E+00,0.000000E+00,,,,,,,,,,,1.215324E-01,1.138461E-01,,,0.000000E+00,0.000000E+00,,,,,,,,,,,1.874032E-01,1.885363E-01,,,0.000000E+00,0.000000E+00,,,,,,,,,,,1.869435E-01,1.890770E-01,,,0.000000E+00,0.000000E+00,,,,,,,,,,,1.212295E-01,1.142014E-01,,,0.000000E+00,0.000000E+00,,,,,,,,
