Time,CORE_ZN ZN PSZ-AC-1:DesPer 1:Des Heat Mass Flow [kg/s],CORE_ZN ZN PSZ-AC-1:DesPer 1:Des Heat Cap [W],CORE_ZN ZN PSZ-AC-1:DesPer 1:Des Cool Mass Flow [kg/s],CORE_ZN ZN PSZ-AC-1:DesPer 1:Des Sens Cool Cap [W],CORE_ZN ZN PSZ-AC-1:DesPer 1:Des Tot Cool Cap [W],CORE_ZN ZN PSZ-AC-1:DesPer 2:Des Heat Mass Flow [kg/s],CORE_ZN ZN PSZ-AC-1:DesPer 2:Des Heat Cap [W],CORE_ZN ZN PSZ-AC-1:DesPer 2:Des Cool Mass Flow [kg/s],CORE_ZN ZN PSZ-AC-1:DesPer 2:Des Sens Cool Cap [W],CORE_ZN ZN PSZ-AC-1:DesPer 2:Des Tot Cool Cap [W],CORE_ZN ZN PSZ-AC-1:DesPer 3:Des Heat Mass Flow [kg/s],CORE_ZN ZN PSZ-AC-1:DesPer 3:Des Heat Cap [W],CORE_ZN ZN PSZ-AC-1:DesPer 3:Des Cool Mass Flow [kg/s],CORE_ZN ZN PSZ-AC-1:DesPer 3:Des Sens Cool Cap [W],CORE_ZN ZN PSZ-AC-1:DesPer 3:Des Tot Cool Cap [W],PERIMETER_ZN_1 ZN PSZ-AC-2:DesPer 1:Des Heat Mass Flow [kg/s],PERIMETER_ZN_1 ZN PSZ-AC-2:DesPer 1:Des Heat Cap [W],PERIMETER_ZN_1 ZN PSZ-AC-2:DesPer 1:Des Cool Mass Flow [kg/s],PERIMETER_ZN_1 ZN PSZ-AC-2:DesPer 1:Des Sens Cool Cap [W],PERIMETER_ZN_1 ZN PSZ-AC-2:DesPer 1:Des Tot Cool Cap [W],PERIMETER_ZN_1 ZN PSZ-AC-2:DesPer 2:Des Heat Mass Flow [kg/s],PERIMETER_ZN_1 ZN PSZ-AC-2:DesPer 2:Des Heat Cap [W],PERIMETER_ZN_1 ZN PSZ-AC-2:DesPer 2:Des Cool Mass Flow [kg/s],PERIMETER_ZN_1 ZN PSZ-AC-2:DesPer 2:Des Sens Cool Cap [W],PERIMETER_ZN_1 ZN PSZ-AC-2:DesPer 2:Des Tot Cool Cap [W],PERIMETER_ZN_1 ZN PSZ-AC-2:DesPer 3:Des Heat Mass Flow [kg/s],PERIMETER_ZN_1 ZN PSZ-AC-2:DesPer 3:Des Heat Cap [W],PERIMETER_ZN_1 ZN PSZ-AC-2:DesPer 3:Des Cool Mass Flow [kg/s],PERIMETER_ZN_1 ZN PSZ-AC-2:DesPer 3:Des Sens Cool Cap [W],PERIMETER_ZN_1 ZN PSZ-AC-2:DesPer 3:Des Tot Cool Cap [W],PERIMETER_ZN_2 ZN PSZ-AC-3:DesPer 1:Des Heat Mass Flow [kg/s],PERIMETER_ZN_2 ZN PSZ-AC-3:DesPer 1:Des Heat Cap [W],PERIMETER_ZN_2 ZN PSZ-AC-3:DesPer 1:Des Cool Mass Flow [kg/s],PERIMETER_ZN_2 ZN PSZ-AC-3:DesPer 1:Des Sens Cool Cap [W],PERIMETER_ZN_2 ZN PSZ-AC-3:DesPer 1:Des Tot Cool Cap [W],PERIMETER_ZN_2 ZN PSZ-AC-3:DesPer 2:Des Heat Mass Flow [kg/s],PERIMETER_ZN_2 ZN PSZ-AC-3:DesPer 2:Des Heat Cap [W],PERIMETER_ZN_2 ZN PSZ-AC-3:DesPer 2:Des Cool Mass Flow [kg/s],PERIMETER_ZN_2 ZN PSZ-AC-3:DesPer 2:Des Sens Cool Cap [W],PERIMETER_ZN_2 ZN PSZ-AC-3:DesPer 2:Des Tot Cool Cap [W],PERIMETER_ZN_2 ZN PSZ-AC-3:DesPer 3:Des Heat Mass Flow [kg/s],PERIMETER_ZN_2 ZN PSZ-AC-3:DesPer 3:Des Heat Cap [W],PERIMETER_ZN_2 ZN PSZ-AC-3:DesPer 3:Des Cool Mass Flow [kg/s],PERIMETER_ZN_2 ZN PSZ-AC-3:DesPer 3:Des Sens Cool Cap [W],PERIMETER_ZN_2 ZN PSZ-AC-3:DesPer 3:Des Tot Cool Cap [W],PERIMETER_ZN_3 ZN PSZ-AC-4:DesPer 1:Des Heat Mass Flow [kg/s],PERIMETER_ZN_3 ZN PSZ-AC-4:DesPer 1:Des Heat Cap [W],PERIMETER_ZN_3 ZN PSZ-AC-4:DesPer 1:Des Cool Mass Flow [kg/s],PERIMETER_ZN_3 ZN PSZ-AC-4:DesPer 1:Des Sens Cool Cap [W],PERIMETER_ZN_3 ZN PSZ-AC-4:DesPer 1:Des Tot Cool Cap [W],PERIMETER_ZN_3 ZN PSZ-AC-4:DesPer 2:Des Heat Mass Flow [kg/s],PERIMETER_ZN_3 ZN PSZ-AC-4:DesPer 2:Des Heat Cap [W],PERIMETER_ZN_3 ZN PSZ-AC-4:DesPer 2:Des Cool Mass Flow [kg/s],PERIMETER_ZN_3 ZN PSZ-AC-4:DesPer 2:Des Sens Cool Cap [W],PERIMETER_ZN_3 ZN PSZ-AC-4:DesPer 2:Des Tot Cool Cap [W],PERIMETER_ZN_3 ZN PSZ-AC-4:DesPer 3:Des Heat Mass Flow [kg/s],PERIMETER_ZN_3 ZN PSZ-AC-4:DesPer 3:Des Heat Cap [W],PERIMETER_ZN_3 ZN PSZ-AC-4:DesPer 3:Des Cool Mass Flow [kg/s],PERIMETER_ZN_3 ZN PSZ-AC-4:DesPer 3:Des Sens Cool Cap [W],PERIMETER_ZN_3 ZN PSZ-AC-4:DesPer 3:Des Tot Cool Cap [W],PERIMETER_ZN_4 ZN PSZ-AC-5:DesPer 1:Des Heat Mass Flow [kg/s],PERIMETER_ZN_4 ZN PSZ-AC-5:DesPer 1:Des Heat Cap [W],PERIMETER_ZN_4 ZN PSZ-AC-5:DesPer 1:Des Cool Mass Flow [kg/s],PERIMETER_ZN_4 ZN PSZ-AC-5:DesPer 1:Des Sens Cool Cap [W],PERIMETER_ZN_4 ZN PSZ-AC-5:DesPer 1:Des Tot Cool Cap [W],PERIMETER_ZN_4 ZN PSZ-AC-5:DesPer 2:Des Heat Mass Flow [kg/s],PERIMETER_ZN_4 ZN PSZ-AC-5:DesPer 2:Des Heat Cap [W],PERIMETER_ZN_4 ZN PSZ-AC-5:DesPer 2:Des Cool Mass Flow [kg/s],PERIMETER_ZN_4 ZN PSZ-AC-5:DesPer 2:Des Sens Cool Cap [W],PERIMETER_ZN_4 ZN PSZ-AC-5:DesPer 2:Des Tot Cool Cap [W],PERIMETER_ZN_4 ZN PSZ-AC-5:DesPer 3:Des Heat Mass Flow [kg/s],PERIMETER_ZN_4 ZN PSZ-AC-5:DesPer 3:Des Heat Cap [W],PERIMETER_ZN_4 ZN PSZ-AC-5:DesPer 3:Des Cool Mass Flow [kg/s],PERIMETER_ZN_4 ZN PSZ-AC-5:DesPer 3:Des Sens Cool Cap [W],PERIMETER_ZN_4 ZN PSZ-AC-5:DesPer 3:Des Tot Cool Cap [W]
00:10:00,7.502470E-02,1.770516E+03,3.587536E-01,4.203443E+03,5.834850E+03,7.502470E-02,2.011761E+03,3.483763E-01,3.846334E+03,6.223814E+03,7.502470E-02,4.244413E+03,7.502470E-02,0.000000E+00,0.000000E+00,5.687358E-02,1.342166E+03,2.740667E-01,3.209926E+03,4.572287E+03,5.687358E-02,1.525045E+03,2.433513E-01,2.684094E+03,4.631068E+03,1.701214E-01,6.505675E+03,5.687358E-02,0.000000E+00,0.000000E+00,3.373814E-02,7.961899E+02,1.723266E-01,2.012984E+03,2.836444E+03,3.373814E-02,9.046765E+02,1.537644E-01,1.697240E+03,2.871164E+03,1.050121E-01,3.978141E+03,3.373814E-02,0.000000E+00,0.000000E+00,5.687358E-02,1.342166E+03,2.769906E-01,3.242566E+03,4.612398E+03,5.687358E-02,1.525045E+03,2.456914E-01,2.710215E+03,4.666096E+03,1.728334E-01,6.584438E+03,5.687358E-02,0.000000E+00,0.000000E+00,3.373814E-02,7.961899E+02,1.835651E-01,2.138460E+03,2.968468E+03,3.373814E-02,9.046765E+02,1.644082E-01,1.816075E+03,2.997529E+03,1.060601E-01,4.008571E+03,3.373814E-02,0.000000E+00,0.000000E+00
00:20:00,7.502470E-02,1.777678E+03,3.582414E-01,4.190562E+03,5.821546E+03,7.502470E-02,2.018923E+03,3.478609E-01,3.833418E+03,6.210449E+03,7.502470E-02,4.244413E+03,7.502470E-02,0.000000E+00,0.000000E+00,5.687358E-02,1.347595E+03,2.725732E-01,3.187823E+03,4.547888E+03,5.687358E-02,1.530475E+03,2.419845E-01,2.663406E+03,4.610377E+03,1.701112E-01,6.505378E+03,5.687358E-02,0.000000E+00,0.000000E+00,3.373814E-02,7.994106E+02,1.712834E-01,1.998117E+03,2.820038E+03,3.373814E-02,9.078972E+02,1.528035E-01,1.683291E+03,2.857297E+03,1.050067E-01,3.977983E+03,3.373814E-02,0.000000E+00,0.000000E+00,5.687358E-02,1.347595E+03,2.754322E-01,3.219739E+03,4.587185E+03,5.687358E-02,1.530475E+03,2.442843E-01,2.689077E+03,4.645014E+03,1.728232E-01,6.584141E+03,5.687358E-02,0.000000E+00,0.000000E+00,3.373814E-02,7.994106E+02,1.821418E-01,2.119349E+03,2.947649E+03,3.373814E-02,9.078972E+02,1.630754E-01,1.797974E+03,2.979430E+03,1.060547E-01,4.008414E+03,3.373814E-02,0.000000E+00,0.000000E+00
00:30:00,7.502470E-02,1.784840E+03,3.577361E-01,4.177759E+03,5.808322E+03,7.502470E-02,2.026085E+03,3.473525E-01,3.820579E+03,6.197164E+03,7.502470E-02,4.244413E+03,7.502470E-02,0.000000E+00,0.000000E+00,5.687358E-02,1.353024E+03,2.711144E-01,3.166108E+03,4.523929E+03,5.687358E-02,1.535904E+03,2.406341E-01,2.642901E+03,4.590017E+03,1.701010E-01,6.505083E+03,5.687358E-02,0.000000E+00,0.000000E+00,3.373814E-02,8.026313E+02,1.702639E-01,1.983515E+03,2.803934E+03,3.373814E-02,9.111179E+02,1.518547E-01,1.669478E+03,2.843655E+03,1.050013E-01,3.977827E+03,3.373814E-02,0.000000E+00,0.000000E+00,5.687358E-02,1.353024E+03,2.739136E-01,3.197356E+03,4.562474E+03,5.687358E-02,1.535904E+03,2.429013E-01,2.668207E+03,4.624365E+03,1.728131E-01,6.583847E+03,5.687358E-02,0.000000E+00,0.000000E+00,3.373814E-02,8.026313E+02,1.807696E-01,2.100808E+03,2.927451E+03,3.373814E-02,9.111179E+02,1.617872E-01,1.780370E+03,2.961926E+03,1.060494E-01,4.008259E+03,3.373814E-02,0.000000E+00,0.000000E+00
00:40:00,7.502470E-02,1.792002E+03,3.572374E-01,4.165028E+03,5.795172E+03,7.502470E-02,2.033247E+03,3.468505E-01,3.807812E+03,6.183951E+03,7.502470E-02,4.244413E+03,7.502470E-02,0.000000E+00,0.000000E+00,5.687358E-02,1.358453E+03,2.696889E-01,3.144765E+03,4.500393E+03,5.687358E-02,1.541333E+03,2.393030E-01,2.622611E+03,4.569967E+03,1.700910E-01,6.504791E+03,5.687358E-02,0.000000E+00,0.000000E+00,3.373814E-02,8.058520E+02,1.692672E-01,1.969167E+03,2.788119E+03,3.373814E-02,9.143386E+02,1.509194E-01,1.655815E+03,2.830214E+03,1.049960E-01,3.977672E+03,3.373814E-02,0.000000E+00,0.000000E+00,5.687358E-02,1.358453E+03,2.724331E-01,3.175398E+03,4.538241E+03,5.687358E-02,1.541333E+03,2.415364E-01,2.647540E+03,4.604004E+03,1.728030E-01,6.583554E+03,5.687358E-02,0.000000E+00,0.000000E+00,3.373814E-02,8.058520E+02,1.794449E-01,2.082798E+03,2.907829E+03,3.373814E-02,9.143386E+02,1.605384E-01,1.763208E+03,2.944919E+03,1.060441E-01,4.008104E+03,3.373814E-02,0.000000E+00,0.000000E+00
00:50:00,7.502470E-02,1.799164E+03,3.567446E-01,4.152364E+03,5.782090E+03,7.502470E-02,2.040409E+03,3.463544E-01,3.795112E+03,6.160451E+03,7.502470E-02,4.244413E+03,7.502470E-02,0.000000E+00,0.000000E+00,5.687358E-02,1.363883E+03,2.682957E-01,3.123781E+03,4.477259E+03,5.687358E-02,1.546762E+03,2.379916E-01,2.602539E+03,4.542356E+03,1.700810E-01,6.504501E+03,5.687358E-02,0.000000E+00,0.000000E+00,3.373814E-02,8.090727E+02,1.682926E-01,1.955066E+03,2.772579E+03,3.373814E-02,9.175593E+02,1.499978E-01,1.642305E+03,2.812309E+03,1.049907E-01,3.977519E+03,3.373814E-02,0.000000E+00,0.000000E+00,5.687358E-02,1.363883E+03,2.709889E-01,3.153847E+03,4.514462E+03,5.687358E-02,1.546762E+03,2.401908E-01,2.627087E+03,4.576073E+03,1.727930E-01,6.583265E+03,5.687358E-02,0.000000E+00,0.000000E+00,3.373814E-02,8.090727E+02,1.781644E-01,2.065282E+03,2.888738E+03,3.373814E-02,9.175593E+02,1.593230E-01,1.746417E+03,2.923660E+03,1.060388E-01,4.007951E+03,3.373814E-02,0.000000E+00,0.000000E+00
01:00:00,7.502470E-02,1.806326E+03,3.562574E-01,4.139762E+03,5.769072E+03,7.502470E-02,2.047571E+03,3.458640E-01,3.782474E+03,6.126695E+03,7.502470E-02,4.244413E+03,7.502470E-02,0.000000E+00,0.000000E+00,5.687358E-02,1.369312E+03,2.669335E-01,3.103145E+03,4.454512E+03,5.687358E-02,1.552191E+03,2.366990E-01,2.582679E+03,4.507043E+03,1.700711E-01,6.504214E+03,5.687358E-02,0.000000E+00,0.000000E+00,3.373814E-02,8.122934E+02,1.673393E-01,1.941202E+03,2.757302E+03,3.373814E-02,9.207800E+02,1.490898E-01,1.628946E+03,2.789842E+03,1.049854E-01,3.977366E+03,3.373814E-02,0.000000E+00,0.000000E+00,5.687358E-02,1.369312E+03,2.695798E-01,3.132685E+03,4.491114E+03,5.687358E-02,1.552191E+03,2.388657E-01,2.606863E+03,4.540450E+03,1.727831E-01,6.582977E+03,5.687358E-02,0.000000E+00,0.000000E+00,3.373814E-02,8.122934E+02,1.769252E-01,2.048227E+03,2.870141E+03,3.373814E-02,9.207800E+02,1.581392E-01,1.729979E+03,2.898032E+03,1.060336E-01,4.007800E+03,3.373814E-02,0.000000E+00,0.000000E+00
01:10:00,7.502470E-02,1.811100E+03,3.557886E-01,4.129753E+03,5.758726E+03,7.502470E-02,2.052346E+03,3.453923E-01,3.772433E+03,6.102574E+03,7.502470E-02,4.244413E+03,7.502470E-02,0.000000E+00,0.000000E+00,5.687358E-02,1.372931E+03,2.656153E-01,3.084809E+03,4.434174E+03,5.687358E-02,1.555811E+03,2.354400E-01,2.565001E+03,4.478975E+03,1.700718E-01,6.504235E+03,5.687358E-02,0.000000E+00,0.000000E+00,3.373814E-02,8.144405E+02,1.664141E-01,1.928726E+03,2.743477E+03,3.373814E-02,9.229271E+02,1.482033E-01,1.616901E+03,2.771643E+03,1.049858E-01,3.977377E+03,3.373814E-02,0.000000E+00,0.000000E+00,5.687358E-02,1.372931E+03,2.682180E-01,3.113863E+03,4.470218E+03,5.687358E-02,1.555811E+03,2.375757E-01,2.588840E+03,4.512067E+03,1.727839E-01,6.582998E+03,5.687358E-02,0.000000E+00,0.000000E+00,3.373814E-02,8.144405E+02,1.757325E-01,2.032764E+03,2.853209E+03,3.373814E-02,9.229271E+02,1.569942E-01,1.715048E+03,2.876851E+03,1.060339E-01,4.007811E+03,3.373814E-02,0.000000E+00,0.000000E+00
01:20:00,7.502470E-02,1.815875E+03,3.553247E-01,4.119799E+03,5.748438E+03,7.502470E-02,2.057120E+03,3.449255E-01,3.762446E+03,6.078560E+03,7.502470E-02,4.244413E+03,7.502470E-02,0.000000E+00,0.000000E+00,5.687358E-02,1.376551E+03,2.643345E-01,3.066891E+03,4.414339E+03,5.687358E-02,1.559430E+03,2.342085E-01,2.547632E+03,4.450915E+03,1.700725E-01,6.504256E+03,5.687358E-02,0.000000E+00,0.000000E+00,3.373814E-02,8.165876E+02,1.655137E-01,1.916527E+03,2.729985E+03,3.373814E-02,9.250742E+02,1.473353E-01,1.605063E+03,2.753431E+03,1.049862E-01,3.977388E+03,3.373814E-02,0.000000E+00,0.000000E+00,5.687358E-02,1.376551E+03,2.668973E-01,3.095499E+03,4.449870E+03,5.687358E-02,1.559430E+03,2.363151E-01,2.571146E+03,4.483695E+03,1.727846E-01,6.583019E+03,5.687358E-02,0.000000E+00,0.000000E+00,3.373814E-02,8.165876E+02,1.745811E-01,2.017763E+03,2.836803E+03,3.373814E-02,9.250742E+02,1.558836E-01,1.700500E+03,2.855821E+03,1.060343E-01,4.007822E+03,3.373814E-02,0.000000E+00,0.000000E+00
01:30:00,7.502470E-02,1.820650E+03,3.548655E-01,4.109898E+03,5.738203E+03,7.502470E-02,2.061895E+03,3.444635E-01,3.752513E+03,6.054649E+03,7.502470E-02,4.244413E+03,7.502470E-02,0.000000E+00,0.000000E+00,5.687358E-02,1.380170E+03,2.630908E-01,3.049386E+03,4.395008E+03,5.687358E-02,1.563050E+03,2.330049E-01,2.530575E+03,4.422923E+03,1.700732E-01,6.504276E+03,5.687358E-02,0.000000E+00,0.000000E+00,3.373814E-02,8.187348E+02,1.646377E-01,1.904601E+03,2.716829E+03,3.373814E-02,9.272214E+02,1.464861E-01,1.593434E+03,2.735251E+03,1.049866E-01,3.977399E+03,3.373814E-02,0.000000E+00,0.000000E+00,5.687358E-02,1.380170E+03,2.656168E-01,3.077585E+03,4.430068E+03,5.687358E-02,1.563050E+03,2.350843E-01,2.553784E+03,4.455397E+03,1.727853E-01,6.583040E+03,5.687358E-02,0.000000E+00,0.000000E+00,3.373814E-02,8.187348E+02,1.734692E-01,2.003202E+03,2.820909E+03,3.373814E-02,9.272214E+02,1.548061E-01,1.686323E+03,2.834981E+03,1.060347E-01,4.007833E+03,3.373814E-02,0.000000E+00,0.000000E+00
01:40:00,7.502470E-02,1.825424E+03,3.544112E-01,4.100050E+03,5.728023E+03,7.502470E-02,2.066670E+03,3.440061E-01,3.742632E+03,6.030841E+03,7.502470E-02,4.244413E+03,7.502470E-02,0.000000E+00,0.000000E+00,5.687358E-02,1.383790E+03,2.618836E-01,3.032289E+03,4.376172E+03,5.687358E-02,1.566669E+03,2.318295E-01,2.513832E+03,4.395087E+03,1.700740E-01,6.504297E+03,5.687358E-02,0.000000E+00,0.000000E+00,3.373814E-02,8.208819E+02,1.637858E-01,1.892943E+03,2.704000E+03,3.373814E-02,9.293685E+02,1.456557E-01,1.582016E+03,2.717168E+03,1.049869E-01,3.977410E+03,3.373814E-02,0.000000E+00,0.000000E+00,5.687358E-02,1.383790E+03,2.643759E-01,3.060112E+03,4.410800E+03,5.687358E-02,1.566669E+03,2.338835E-01,2.536758E+03,4.427266E+03,1.727860E-01,6.583060E+03,5.687358E-02,0.000000E+00,0.000000E+00,3.373814E-02,8.208819E+02,1.723951E-01,1.989064E+03,2.805502E+03,3.373814E-02,9.293685E+02,1.537608E-01,1.672505E+03,2.814386E+03,1.060351E-01,4.007844E+03,3.373814E-02,0.000000E+00,0.000000E+00
01:50:00,7.502470E-02,1.830199E+03,3.539615E-01,4.090255E+03,5.717898E+03,7.502470E-02,2.071444E+03,3.435534E-01,3.732803E+03,6.007136E+03,7.502470E-02,4.244413E+03,7.502470E-02,0.000000E+00,0.000000E+00,5.687358E-02,1.387409E+03,2.607126E-01,3.015597E+03,4.357816E+03,5.687358E-02,1.570289E+03,2.306832E-01,2.497414E+03,4.367491E+03,1.700747E-01,6.504317E+03,5.687358E-02,0.000000E+00,0.000000E+00,3.373814E-02,8.230290E+02,1.629578E-01,1.881551E+03,2.691487E+03,3.373814E-02,9.315156E+02,1.448446E-01,1.570813E+03,2.699238E+03,1.049873E-01,3.977421E+03,3.373814E-02,0.000000E+00,0.000000E+00,5.687358E-02,1.387409E+03,2.631741E-01,3.043075E+03,4.392047E+03,5.687358E-02,1.570289E+03,2.327135E-01,2.520075E+03,4.399388E+03,1.727867E-01,6.583080E+03,5.687358E-02,0.000000E+00,0.000000E+00,3.373814E-02,8.230290E+02,1.713575E-01,1.975332E+03,2.790557E+03,3.373814E-02,9.315156E+02,1.527468E-01,1.659037E+03,2.794085E+03,1.060354E-01,4.007854E+03,3.373814E-02,0.000000E+00,0.000000E+00
02:00:00,7.502470E-02,1.834974E+03,3.535164E-01,4.080512E+03,5.707826E+03,7.502470E-02,2.076219E+03,3.431053E-01,3.723025E+03,5.983531E+03,7.502470E-02,4.244413E+03,7.502470E-02,0.000000E+00,0.000000E+00,5.687358E-02,1.391029E+03,2.595776E-01,2.999306E+03,4.339928E+03,5.687358E-02,1.573908E+03,2.295669E-01,2.481331E+03,4.340198E+03,1.700753E-01,6.504337E+03,5.687358E-02,0.000000E+00,0.000000E+00,3.373814E-02,8.251762E+02,1.621533E-01,1.870423E+03,2.679279E+03,3.373814E-02,9.336627E+02,1.440533E-01,1.559831E+03,2.681503E+03,1.049877E-01,3.977432E+03,3.373814E-02,0.000000E+00,0.000000E+00,5.687358E-02,1.391029E+03,2.620108E-01,3.026468E+03,4.373793E+03,5.687358E-02,1.573908E+03,2.315751E-01,2.503745E+03,4.371826E+03,1.727874E-01,6.583100E+03,5.687358E-02,0.000000E+00,0.000000E+00,3.373814E-02,8.251762E+02,1.703551E-01,1.961994E+03,2.776052E+03,3.373814E-02,9.336627E+02,1.517637E-01,1.645913E+03,2.774108E+03,1.060358E-01,4.007865E+03,3.373814E-02,0.000000E+00,0.000000E+00
02:10:00,7.502470E-02,1.838555E+03,3.530761E-01,4.072014E+03,5.699030E+03,7.502470E-02,2.079800E+03,3.426617E-01,3.714491E+03,5.964605E+03,7.502470E-02,4.244413E+03,7.502470E-02,0.000000E+00,0.000000E+00,5.687358E-02,1.393743E+03,2.584692E-01,2.984217E+03,4.323305E+03,5.687358E-02,1.576623E+03,2.284738E-01,2.466412E+03,4.316613E+03,1.700760E-01,6.504357E+03,5.687358E-02,0.000000E+00,0.000000E+00,3.373814E-02,8.267865E+02,1.613670E-01,1.860034E+03,2.667848E+03,3.373814E-02,9.352731E+02,1.432779E-01,1.549563E+03,2.665988E+03,1.049881E-01,3.977443E+03,3.373814E-02,0.000000E+00,0.000000E+00,5.687358E-02,1.393743E+03,2.608766E-01,3.011091E+03,4.356833E+03,5.687358E-02,1.576623E+03,2.304616E-01,2.488598E+03,4.347991E+03,1.727881E-01,6.583120E+03,5.687358E-02,0.000000E+00,0.000000E+00,3.373814E-02,8.267865E+02,1.693814E-01,1.949513E+03,2.762446E+03,3.373814E-02,9.352731E+02,1.508065E-01,1.633616E+03,2.756470E+03,1.060362E-01,4.007876E+03,3.373814E-02,0.000000E+00,0.000000E+00
02:20:00,7.502470E-02,1.842135E+03,3.526404E-01,4.063568E+03,5.690287E+03,7.502470E-02,2.083381E+03,3.422226E-01,3.706008E+03,5.945758E+03,7.502470E-02,4.244413E+03,7.502470E-02,0.000000E+00,0.000000E+00,5.687358E-02,1.396458E+03,2.573873E-01,2.969424E+03,4.307028E+03,5.687358E-02,1.579338E+03,2.274036E-01,2.451748E+03,4.293262E+03,1.700767E-01,6.504377E+03,5.687358E-02,0.000000E+00,0.000000E+00,3.373814E-02,8.283969E+02,1.605986E-01,1.849845E+03,2.656653E+03,3.373814E-02,9.368834E+02,1.425182E-01,1.539470E+03,2.650634E+03,1.049884E-01,3.977453E+03,3.373814E-02,0.000000E+00,0.000000E+00,5.687358E-02,1.396458E+03,2.597707E-01,2.996030E+03,4.340245E+03,5.687358E-02,1.579338E+03,2.293724E-01,2.473724E+03,4.324406E+03,1.727888E-01,6.583140E+03,5.687358E-02,0.000000E+00,0.000000E+00,3.373814E-02,8.283969E+02,1.684354E-01,1.937341E+03,2.749189E+03,3.373814E-02,9.368834E+02,1.498744E-01,1.621599E+03,2.739101E+03,1.060365E-01,4.007886E+03,3.373814E-02,0.000000E+00,0.000000E+00
02:30:00,7.502470E-02,1.845716E+03,3.522091E-01,4.055172E+03,5.681597E+03,7.502470E-02,2.086962E+03,3.417879E-01,3.697574E+03,5.926990E+03,7.502470E-02,4.244413E+03,7.502470E-02,0.000000E+00,0.000000E+00,5.687358E-02,1.399173E+03,2.563314E-01,2.954921E+03,4.291097E+03,5.687358E-02,1.582052E+03,2.263561E-01,2.437339E+03,4.270155E+03,1.700774E-01,6.504397E+03,5.687358E-02,0.000000E+00,0.000000E+00,3.373814E-02,8.300072E+02,1.598479E-01,1.839854E+03,2.645693E+03,3.373814E-02,9.384938E+02,1.417740E-01,1.529552E+03,2.635448E+03,1.049888E-01,3.977464E+03,3.373814E-02,0.000000E+00,0.000000E+00,5.687358E-02,1.399173E+03,2.586926E-01,2.981280E+03,4.324026E+03,5.687358E-02,1.582052E+03,2.283074E-01,2.459118E+03,4.301079E+03,1.727894E-01,6.583160E+03,5.687358E-02,0.000000E+00,0.000000E+00,3.373814E-02,8.300072E+02,1.675161E-01,1.925468E+03,2.736272E+03,3.373814E-02,9.384938E+02,1.489664E-01,1.609851E+03,2.722001E+03,1.060369E-01,4.007897E+03,3.373814E-02,0.000000E+00,0.000000E+00
02:40:00,7.502470E-02,1.849297E+03,3.517824E-01,4.046827E+03,5.672958E+03,7.502470E-02,2.090543E+03,3.413576E-01,3.689188E+03,5.908298E+03,7.502470E-02,4.244413E+03,7.502470E-02,0.000000E+00,0.000000E+00,5.687358E-02,1.401887E+03,2.553010E-01,2.940703E+03,4.275502E+03,5.687358E-02,1.584767E+03,2.253312E-01,2.423182E+03,4.247303E+03,1.700781E-01,6.504416E+03,5.687358E-02,0.000000E+00,0.000000E+00,3.373814E-02,8.316175E+02,1.591146E-01,1.830057E+03,2.634962E+03,3.373814E-02,9.401041E+02,1.410453E-01,1.519806E+03,2.620435E+03,1.049891E-01,3.977474E+03,3.373814E-02,0.000000E+00,0.000000E+00,5.687358E-02,1.401887E+03,2.576418E-01,2.966833E+03,4.308163E+03,5.687358E-02,1.584767E+03,2.272661E-01,2.444779E+03,4.278022E+03,1.727901E-01,6.583179E+03,5.687358E-02,0.000000E+00,0.000000E+00,3.373814E-02,8.316175E+02,1.666226E-01,1.913882E+03,2.723680E+03,3.373814E-02,9.401041E+02,1.480818E-01,1.598365E+03,2.705168E+03,1.060373E-01,4.007907E+03,3.373814E-02,0.000000E+00,0.000000E+00
02:50:00,7.502470E-02,1.852878E+03,3.513600E-01,4.038530E+03,5.664370E+03,7.502470E-02,2.094124E+03,3.409316E-01,3.680850E+03,5.889684E+03,7.502470E-02,4.244413E+03,7.502470E-02,0.000000E+00,0.000000E+00,5.687358E-02,1.404602E+03,2.542959E-01,2.926767E+03,4.260232E+03,5.687358E-02,1.587482E+03,2.243287E-01,2.409275E+03,4.224716E+03,1.700787E-01,6.504436E+03,5.687358E-02,0.000000E+00,0.000000E+00,3.373814E-02,8.332279E+02,1.583984E-01,1.820451E+03,2.624450E+03,3.373814E-02,9.417145E+02,1.403320E-01,1.510232E+03,2.605603E+03,1.049895E-01,3.977484E+03,3.373814E-02,0.000000E+00,0.000000E+00,5.687358E-02,1.404602E+03,2.566177E-01,2.952686E+03,4.292645E+03,5.687358E-02,1.587482E+03,2.262485E-01,2.430703E+03,4.255242E+03,1.727908E-01,6.583199E+03,5.687358E-02,0.000000E+00,0.000000E+00,3.373814E-02,8.332279E+02,1.657539E-01,1.902573E+03,2.711399E+03,3.373814E-02,9.417145E+02,1.472199E-01,1.587132E+03,2.688601E+03,1.060376E-01,4.007917E+03,3.373814E-02,0.000000E+00,0.000000E+00
03:00:00,7.502470E-02,1.856459E+03,3.509419E-01,4.030281E+03,5.655833E+03,7.502470E-02,2.097705E+03,3.405097E-01,3.672559E+03,5.871144E+03,7.502470E-02,4.244413E+03,7.502470E-02,0.000000E+00,0.000000E+00,5.687358E-02,1.407316E+03,2.533156E-01,2.913108E+03,4.245279E+03,5.687358E-02,1.590196E+03,2.233486E-01,2.395618E+03,4.202400E+03,1.700794E-01,6.504455E+03,5.687358E-02,0.000000E+00,0.000000E+00,3.373814E-02,8.348382E+02,1.576991E-01,1.811033E+03,2.614153E+03,3.373814E-02,9.433248E+02,1.396339E-01,1.500828E+03,2.590954E+03,1.049898E-01,3.977495E+03,3.373814E-02,0.000000E+00,0.000000E+00,5.687358E-02,1.407316E+03,2.556199E-01,2.938831E+03,4.277462E+03,5.687358E-02,1.590196E+03,2.252542E-01,2.416888E+03,4.232746E+03,1.727914E-01,6.583218E+03,5.687358E-02,0.000000E+00,0.000000E+00,3.373814E-02,8.348382E+02,1.649093E-01,1.891533E+03,2.699413E+03,3.373814E-02,9.433248E+02,1.463801E-01,1.576145E+03,2.672297E+03,1.060380E-01,4.007928E+03,3.373814E-02,0.000000E+00,0.000000E+00
03:10:00,7.502470E-02,1.860040E+03,3.505281E-01,4.022080E+03,5.647343E+03,7.502470E-02,2.101286E+03,3.400920E-01,3.664314E+03,5.852680E+03,7.502470E-02,4.244413E+03,7.502470E-02,0.000000E+00,0.000000E+00,5.687358E-02,1.410031E+03,2.523516E-01,2.899631E+03,4.230524E+03,5.687358E-02,1.592911E+03,2.223825E-01,2.382118E+03,4.180246E+03,1.700800E-01,6.504474E+03,5.687358E-02,0.000000E+00,0.000000E+00,3.373814E-02,8.364486E+02,1.570116E-01,1.801747E+03,2.603997E+03,3.373814E-02,9.449352E+02,1.389463E-01,1.491540E+03,2.576425E+03,1.049902E-01,3.977505E+03,3.373814E-02,0.000000E+00,0.000000E+00,5.687358E-02,1.410031E+03,2.546395E-01,2.925171E+03,4.262490E+03,5.687358E-02,1.592911E+03,2.242752E-01,2.403243E+03,4.210425E+03,1.727921E-01,6.583237E+03,5.687358E-02,0.000000E+00,0.000000E+00,3.373814E-02,8.364486E+02,1.640829E-01,1.880697E+03,2.687646E+03,3.373814E-02,9.449352E+02,1.455570E-01,1.565346E+03,2.656188E+03,1.060383E-01,4.007938E+03,3.373814E-02,0.000000E+00,0.000000E+00
03:20:00,7.502470E-02,1.863621E+03,3.501184E-01,4.013924E+03,5.638901E+03,7.502470E-02,2.104867E+03,3.396783E-01,3.656115E+03,5.834289E+03,7.502470E-02,4.244413E+03,7.502470E-02,0.000000E+00,0.000000E+00,5.687358E-02,1.412746E+03,2.514033E-01,2.886329E+03,4.215957E+03,5.687358E-02,1.595625E+03,2.214300E-01,2.368769E+03,4.158251E+03,1.700807E-01,6.504493E+03,5.687358E-02,0.000000E+00,0.000000E+00,3.373814E-02,8.380589E+02,1.563355E-01,1.792589E+03,2.593979E+03,3.373814E-02,9.465455E+02,1.382687E-01,1.482366E+03,2.562015E+03,1.049905E-01,3.977515E+03,3.373814E-02,0.000000E+00,0.000000E+00,5.687358E-02,1.412746E+03,2.536757E-01,2.911697E+03,4.247717E+03,5.687358E-02,1.595625E+03,2.233105E-01,2.389758E+03,4.188272E+03,1.727927E-01,6.583256E+03,5.687358E-02,0.000000E+00,0.000000E+00,3.373814E-02,8.380589E+02,1.632741E-01,1.870056E+03,2.676085E+03,3.373814E-02,9.465455E+02,1.447499E-01,1.554724E+03,2.640266E+03,1.060387E-01,4.007948E+03,3.373814E-02,0.000000E+00,0.000000E+00
03:30:00,7.502470E-02,1.867202E+03,3.497125E-01,4.005812E+03,5.630505E+03,7.502470E-02,2.108448E+03,3.392685E-01,3.647958E+03,5.815969E+03,7.502470E-02,4.244413E+03,7.502470E-02,0.000000E+00,0.000000E+00,5.687358E-02,1.415460E+03,2.504701E-01,2.873196E+03,4.201571E+03,5.687358E-02,1.598340E+03,2.204904E-01,2.355564E+03,4.136412E+03,1.700813E-01,6.504512E+03,5.687358E-02,0.000000E+00,0.000000E+00,3.373814E-02,8.396693E+02,1.556705E-01,1.783554E+03,2.584093E+03,3.373814E-02,9.481559E+02,1.376009E-01,1.473300E+03,2.547720E+03,1.049909E-01,3.977525E+03,3.373814E-02,0.000000E+00,0.000000E+00,5.687358E-02,1.415460E+03,2.527277E-01,2.898398E+03,4.233133E+03,5.687358E-02,1.598340E+03,2.223593E-01,2.376425E+03,4.166281E+03,1.727934E-01,6.583275E+03,5.687358E-02,0.000000E+00,0.000000E+00,3.373814E-02,8.396693E+02,1.624818E-01,1.859601E+03,2.664720E+03,3.373814E-02,9.481559E+02,1.439579E-01,1.544271E+03,2.624522E+03,1.060390E-01,4.007958E+03,3.373814E-02,0.000000E+00,0.000000E+00
03:40:00,7.502470E-02,1.870783E+03,3.493105E-01,3.997742E+03,5.622151E+03,7.502470E-02,2.112029E+03,3.388623E-01,3.639842E+03,5.797719E+03,7.502470E-02,4.244413E+03,7.502470E-02,0.000000E+00,0.000000E+00,5.687358E-02,1.418175E+03,2.495513E-01,2.860224E+03,4.187358E+03,5.687358E-02,1.601055E+03,2.195631E-01,2.342497E+03,4.114722E+03,1.700820E-01,6.504530E+03,5.687358E-02,0.000000E+00,0.000000E+00,3.373814E-02,8.412796E+02,1.550160E-01,1.774637E+03,2.574332E+03,3.373814E-02,9.497662E+02,1.369425E-01,1.464338E+03,2.533537E+03,1.049912E-01,3.977535E+03,3.373814E-02,0.000000E+00,0.000000E+00,5.687358E-02,1.418175E+03,2.517948E-01,2.885268E+03,4.218728E+03,5.687358E-02,1.601055E+03,2.214211E-01,2.363235E+03,4.144446E+03,1.727940E-01,6.583293E+03,5.687358E-02,0.000000E+00,0.000000E+00,3.373814E-02,8.412796E+02,1.617054E-01,1.849322E+03,2.653540E+03,3.373814E-02,9.497662E+02,1.431802E-01,1.533979E+03,2.608949E+03,1.060393E-01,4.007968E+03,3.373814E-02,0.000000E+00,0.000000E+00
03:50:00,7.502470E-02,1.874364E+03,3.489120E-01,3.989711E+03,5.613839E+03,7.502470E-02,2.115610E+03,3.384596E-01,3.631765E+03,5.779536E+03,7.502470E-02,4.244413E+03,7.502470E-02,0.000000E+00,0.000000E+00,5.687358E-02,1.420890E+03,2.486465E-01,2.847408E+03,4.173308E+03,5.687358E-02,1.603769E+03,2.186476E-01,2.329562E+03,4.093177E+03,1.700826E-01,6.504549E+03,5.687358E-02,0.000000E+00,0.000000E+00,3.373814E-02,8.428900E+02,1.543718E-01,1.765835E+03,2.564691E+03,3.373814E-02,9.513766E+02,1.362929E-01,1.455476E+03,2.519462E+03,1.049916E-01,3.977545E+03,3.373814E-02,0.000000E+00,0.000000E+00,5.687358E-02,1.420890E+03,2.508763E-01,2.872299E+03,4.204493E+03,5.687358E-02,1.603769E+03,2.204951E-01,2.350182E+03,4.122761E+03,1.727947E-01,6.583312E+03,5.687358E-02,0.000000E+00,0.000000E+00,3.373814E-02,8.428900E+02,1.609439E-01,1.839211E+03,2.642536E+03,3.373814E-02,9.513766E+02,1.424162E-01,1.523839E+03,2.593538E+03,1.060397E-01,4.007977E+03,3.373814E-02,0.000000E+00,0.000000E+00
04:00:00,7.502470E-02,1.877945E+03,3.485169E-01,3.981719E+03,5.605566E+03,7.502470E-02,2.119191E+03,3.380604E-01,3.623726E+03,5.761418E+03,7.502470E-02,4.244413E+03,7.502470E-02,0.000000E+00,0.000000E+00,5.687358E-02,1.423604E+03,2.477550E-01,2.834740E+03,4.159416E+03,5.687358E-02,1.606484E+03,2.177433E-01,2.316751E+03,4.071771E+03,1.700833E-01,6.504567E+03,5.687358E-02,0.000000E+00,0.000000E+00,3.373814E-02,8.445003E+02,1.537373E-01,1.757141E+03,2.555166E+03,3.373814E-02,9.529869E+02,1.356519E-01,1.446709E+03,2.505490E+03,1.049919E-01,3.977554E+03,3.373814E-02,0.000000E+00,0.000000E+00,5.687358E-02,1.423604E+03,2.499714E-01,2.859482E+03,4.190419E+03,5.687358E-02,1.606484E+03,2.195806E-01,2.337259E+03,4.101218E+03,1.727953E-01,6.583330E+03,5.687358E-02,0.000000E+00,0.000000E+00,3.373814E-02,8.445003E+02,1.601967E-01,1.829258E+03,2.631699E+03,3.373814E-02,9.529869E+02,1.416650E-01,1.513842E+03,2.578282E+03,1.060400E-01,4.007987E+03,3.373814E-02,0.000000E+00,0.000000E+00
04:10:00,7.502470E-02,1.880333E+03,3.481251E-01,3.974957E+03,5.598551E+03,7.502470E-02,2.121578E+03,3.376644E-01,3.616917E+03,5.747836E+03,7.502470E-02,4.244413E+03,7.502470E-02,0.000000E+00,0.000000E+00,5.687358E-02,1.425414E+03,2.468835E-01,2.823201E+03,4.146699E+03,5.687358E-02,1.608294E+03,2.168582E-01,2.305059E+03,4.054010E+03,1.700839E-01,6.504585E+03,5.687358E-02,0.000000E+00,0.000000E+00,3.373814E-02,8.455739E+02,1.531166E-01,1.749137E+03,2.546358E+03,3.373814E-02,9.540605E+02,1.350240E-01,1.438626E+03,2.493701E+03,1.049922E-01,3.977564E+03,3.373814E-02,0.000000E+00,0.000000E+00,5.687358E-02,1.425414E+03,2.490871E-01,2.847800E+03,4.177527E+03,5.687358E-02,1.608294E+03,2.186857E-01,2.325457E+03,4.083324E+03,1.727959E-01,6.583348E+03,5.687358E-02,0.000000E+00,0.000000E+00,3.373814E-02,8.455739E+02,1.594676E-01,1.820045E+03,2.621631E+03,3.373814E-02,9.540605E+02,1.409311E-01,1.504576E+03,2.565256E+03,1.060403E-01,4.007997E+03,3.373814E-02,0.000000E+00,0.000000E+00
04:20:00,7.502470E-02,1.882720E+03,3.477365E-01,3.968231E+03,5.591576E+03,7.502470E-02,2.123966E+03,3.372715E-01,3.610144E+03,5.734304E+03,7.502470E-02,4.244413E+03,7.502470E-02,0.000000E+00,0.000000E+00,5.687358E-02,1.427224E+03,2.460318E-01,2.811882E+03,4.134244E+03,5.687358E-02,1.610103E+03,2.159920E-01,2.293579E+03,4.036488E+03,1.700845E-01,6.504603E+03,5.687358E-02,0.000000E+00,0.000000E+00,3.373814E-02,8.466475E+02,1.525093E-01,1.741284E+03,2.537729E+03,3.373814E-02,9.551341E+02,1.344090E-01,1.430687E+03,2.482073E+03,1.049926E-01,3.977574E+03,3.373814E-02,0.000000E+00,0.000000E+00,5.687358E-02,1.427224E+03,2.482233E-01,2.836346E+03,4.164907E+03,5.687358E-02,1.610103E+03,2.178102E-01,2.313874E+03,4.065677E+03,1.727965E-01,6.583366E+03,5.687358E-02,0.000000E+00,0.000000E+00,3.373814E-02,8.466475E+02,1.587560E-01,1.811027E+03,2.611788E+03,3.373814E-02,9.551341E+02,1.402141E-01,1.495497E+03,2.552437E+03,1.060407E-01,4.008006E+03,3.373814E-02,0.000000E+00,0.000000E+00
04:30:00,7.502470E-02,1.885107E+03,3.473511E-01,3.961541E+03,5.584637E+03,7.502470E-02,2.126353E+03,3.368819E-01,3.603407E+03,5.720820E+03,7.502470E-02,4.244413E+03,7.502470E-02,0.000000E+00,0.000000E+00,5.687358E-02,1.429033E+03,2.451997E-01,2.800783E+03,4.122053E+03,5.687358E-02,1.611913E+03,2.151447E-01,2.282311E+03,4.019206E+03,1.700851E-01,6.504621E+03,5.687358E-02,0.000000E+00,0.000000E+00,3.373814E-02,8.477210E+02,1.519153E-01,1.733579E+03,2.529278E+03,3.373814E-02,9.562076E+02,1.338070E-01,1.422891E+03,2.470607E+03,1.049929E-01,3.977583E+03,3.373814E-02,0.000000E+00,0.000000E+00,5.687358E-02,1.429033E+03,2.473796E-01,2.825118E+03,4.152559E+03,5.687358E-02,1.611913E+03,2.169542E-01,2.302507E+03,4.048275E+03,1.727972E-01,6.583384E+03,5.687358E-02,0.000000E+00,0.000000E+00,3.373814E-02,8.477210E+02,1.580615E-01,1.802199E+03,2.602169E+03,3.373814E-02,9.562076E+02,1.395137E-01,1.486604E+03,2.539822E+03,1.060410E-01,4.008016E+03,3.373814E-02,0.000000E+00,0.000000E+00
04:40:00,7.502470E-02,1.887495E+03,3.469689E-01,3.954887E+03,5.577735E+03,7.502470E-02,2.128740E+03,3.364955E-01,3.596706E+03,5.707385E+03,7.502470E-02,4.244413E+03,7.502470E-02,0.000000E+00,0.000000E+00,5.687358E-02,1.430843E+03,2.443870E-01,2.789900E+03,4.110122E+03,5.687358E-02,1.613723E+03,2.143163E-01,2.271252E+03,4.002164E+03,1.700857E-01,6.504639E+03,5.687358E-02,0.000000E+00,0.000000E+00,3.373814E-02,8.487946E+02,1.513344E-01,1.726020E+03,2.521003E+03,3.373814E-02,9.572812E+02,1.332177E-01,1.415239E+03,2.459302E+03,1.049932E-01,3.977593E+03,3.373814E-02,0.000000E+00,0.000000E+00,5.687358E-02,1.430843E+03,2.465560E-01,2.814112E+03,4.140479E+03,5.687358E-02,1.613723E+03,2.161175E-01,2.291357E+03,4.031121E+03,1.727978E-01,6.583402E+03,5.687358E-02,0.000000E+00,0.000000E+00,3.373814E-02,8.487946E+02,1.573837E-01,1.793558E+03,2.592767E+03,3.373814E-02,9.572812E+02,1.388295E-01,1.477892E+03,2.527408E+03,1.060413E-01,4.008025E+03,3.373814E-02,0.000000E+00,0.000000E+00
04:50:00,7.502470E-02,1.889882E+03,3.465900E-01,3.948269E+03,5.570870E+03,7.502470E-02,2.131127E+03,3.361124E-01,3.590040E+03,5.694000E+03,7.502470E-02,4.244413E+03,7.502470E-02,0.000000E+00,0.000000E+00,5.687358E-02,1.432653E+03,2.435939E-01,2.779235E+03,4.098447E+03,5.687358E-02,1.615533E+03,2.135067E-01,2.260404E+03,3.985365E+03,1.700863E-01,6.504656E+03,5.687358E-02,0.000000E+00,0.000000E+00,3.373814E-02,8.498682E+02,1.507664E-01,1.718605E+03,2.512897E+03,3.373814E-02,9.583547E+02,1.326411E-01,1.407729E+03,2.448160E+03,1.049935E-01,3.977602E+03,3.373814E-02,0.000000E+00,0.000000E+00,5.687358E-02,1.432653E+03,2.457520E-01,2.803327E+03,4.128659E+03,5.687358E-02,1.615533E+03,2.153003E-01,2.280423E+03,4.014216E+03,1.727984E-01,6.583419E+03,5.687358E-02,0.000000E+00,0.000000E+00,3.373814E-02,8.498682E+02,1.567222E-01,1.785100E+03,2.583573E+03,3.373814E-02,9.583547E+02,1.381613E-01,1.469358E+03,2.515195E+03,1.060416E-01,4.008034E+03,3.373814E-02,0.000000E+00,0.000000E+00
05:00:00,7.502470E-02,1.892269E+03,3.462144E-01,3.941688E+03,5.564044E+03,7.502470E-02,2.133515E+03,3.357325E-01,3.583411E+03,5.680664E+03,7.502470E-02,4.244413E+03,7.502470E-02,0.000000E+00,0.000000E+00,5.687358E-02,1.434463E+03,2.428199E-01,2.768784E+03,4.087020E+03,5.687358E-02,1.617342E+03,2.127160E-01,2.249766E+03,3.968809E+03,1.700869E-01,6.504674E+03,5.687358E-02,0.000000E+00,0.000000E+00,3.373814E-02,8.509417E+02,1.502113E-01,1.711334E+03,2.504956E+03,3.373814E-02,9.594283E+02,1.320774E-01,1.400361E+03,2.437181E+03,1.049939E-01,3.977611E+03,3.373814E-02,0.000000E+00,0.000000E+00,5.687358E-02,1.434463E+03,2.449677E-01,2.792761E+03,4.117092E+03,5.687358E-02,1.617342E+03,2.145024E-01,2.269705E+03,3.997563E+03,1.727990E-01,6.583437E+03,5.687358E-02,0.000000E+00,0.000000E+00,3.373814E-02,8.509417E+02,1.560767E-01,1.776820E+03,2.574581E+03,3.373814E-02,9.594283E+02,1.375089E-01,1.461001E+03,2.503180E+03,1.060420E-01,4.008044E+03,3.373814E-02,0.000000E+00,0.000000E+00
05:10:00,7.502470E-02,1.889882E+03,3.458421E-01,3.939919E+03,5.562144E+03,7.502470E-02,2.131127E+03,3.353560E-01,3.581595E+03,5.685156E+03,7.502470E-02,4.244413E+03,7.502470E-02,0.000000E+00,0.000000E+00,5.687358E-02,1.432653E+03,2.420861E-01,2.762401E+03,4.079829E+03,5.687358E-02,1.615533E+03,2.119711E-01,2.243260E+03,3.966366E+03,1.700875E-01,6.504691E+03,5.687358E-02,0.000000E+00,0.000000E+00,3.373814E-02,8.498682E+02,1.496819E-01,1.706497E+03,2.499550E+03,3.373814E-02,9.583547E+02,1.315419E-01,1.395457E+03,2.434586E+03,1.049942E-01,3.977620E+03,3.373814E-02,0.000000E+00,0.000000E+00,5.687358E-02,1.432653E+03,2.442246E-01,2.786275E+03,4.109777E+03,5.687358E-02,1.615533E+03,2.137498E-01,2.263113E+03,3.995014E+03,1.727996E-01,6.583454E+03,5.687358E-02,0.000000E+00,0.000000E+00,3.373814E-02,8.498682E+02,1.554601E-01,1.771009E+03,2.568160E+03,3.373814E-02,9.583547E+02,1.368877E-01,1.455140E+03,2.499579E+03,1.060423E-01,4.008053E+03,3.373814E-02,0.000000E+00,0.000000E+00
05:20:00,7.502470E-02,1.887495E+03,3.454737E-01,3.938192E+03,5.560289E+03,7.502470E-02,2.128740E+03,3.349831E-01,3.579819E+03,5.689703E+03,7.502470E-02,4.244413E+03,7.502470E-02,0.000000E+00,0.000000E+00,5.687358E-02,1.430843E+03,2.413937E-01,2.756481E+03,4.073244E+03,5.687358E-02,1.613723E+03,2.112733E-01,2.237279E+03,3.964565E+03,1.700881E-01,6.504708E+03,5.687358E-02,0.000000E+00,0.000000E+00,3.373814E-02,8.487946E+02,1.491789E-01,1.701954E+03,2.494536E+03,3.373814E-02,9.572812E+02,1.310355E-01,1.390876E+03,2.432387E+03,1.049945E-01,3.977630E+03,3.373814E-02,0.000000E+00,0.000000E+00,5.687358E-02,1.430843E+03,2.435256E-01,2.780281E+03,4.103108E+03,5.687358E-02,1.613723E+03,2.130454E-01,2.257058E+03,3.993125E+03,1.728002E-01,6.583471E+03,5.687358E-02,0.000000E+00,0.000000E+00,3.373814E-02,8.487946E+02,1.548735E-01,1.765534E+03,2.562175E+03,3.373814E-02,9.572812E+02,1.362987E-01,1.449637E+03,2.496411E+03,1.060426E-01,4.008062E+03,3.373814E-02,0.000000E+00,0.000000E+00
05:30:00,7.502470E-02,1.885107E+03,3.451094E-01,3.936512E+03,5.558483E+03,7.502470E-02,2.126353E+03,3.346143E-01,3.578089E+03,5.694310E+03,7.502470E-02,4.244413E+03,7.502470E-02,0.000000E+00,0.000000E+00,5.687358E-02,1.429033E+03,2.407438E-01,2.751036E+03,4.067300E+03,5.687358E-02,1.611913E+03,2.106233E-01,2.231832E+03,3.963413E+03,1.700887E-01,6.504725E+03,5.687358E-02,0.000000E+00,0.000000E+00,3.373814E-02,8.477210E+02,1.487027E-01,1.697712E+03,2.489932E+03,3.373814E-02,9.562076E+02,1.305584E-01,1.386624E+03,2.430588E+03,1.049948E-01,3.977639E+03,3.373814E-02,0.000000E+00,0.000000E+00,5.687358E-02,1.429033E+03,2.428715E-01,2.774788E+03,4.097113E+03,5.687358E-02,1.611913E+03,2.123899E-01,2.251550E+03,3.991903E+03,1.728007E-01,6.583488E+03,5.687358E-02,0.000000E+00,0.000000E+00,3.373814E-02,8.477210E+02,1.543172E-01,1.760396E+03,2.556642E+03,3.373814E-02,9.562076E+02,1.357421E-01,1.444497E+03,2.493678E+03,1.060429E-01,4.008071E+03,3.373814E-02,0.000000E+00,0.000000E+00
05:40:00,7.502470E-02,1.882720E+03,3.447498E-01,3.934885E+03,5.556732E+03,7.502470E-02,2.123966E+03,3.342502E-01,3.576411E+03,5.698983E+03,7.502470E-02,4.244413E+03,7.502470E-02,0.000000E+00,0.000000E+00,5.687358E-02,1.427224E+03,2.401377E-01,2.746078E+03,4.061998E+03,5.687358E-02,1.610103E+03,2.100223E-01,2.226931E+03,3.962924E+03,1.700893E-01,6.504742E+03,5.687358E-02,0.000000E+00,0.000000E+00,3.373814E-02,8.466475E+02,1.482541E-01,1.693778E+03,2.485740E+03,3.373814E-02,9.551341E+02,1.301114E-01,1.382707E+03,2.429199E+03,1.049951E-01,3.977648E+03,3.373814E-02,0.000000E+00,0.000000E+00,5.687358E-02,1.427224E+03,2.422636E-01,2.769810E+03,4.091796E+03,5.687358E-02,1.610103E+03,2.117846E-01,2.246602E+03,3.991363E+03,1.728013E-01,6.583505E+03,5.687358E-02,0.000000E+00,0.000000E+00,3.373814E-02,8.466475E+02,1.537917E-01,1.755603E+03,2.551560E+03,3.373814E-02,9.551341E+02,1.352185E-01,1.439725E+03,2.491388E+03,1.060432E-01,4.008080E+03,3.373814E-02,0.000000E+00,0.000000E+00
05:50:00,7.502470E-02,1.880333E+03,3.443963E-01,3.933325E+03,5.555052E+03,7.502470E-02,2.121578E+03,3.338919E-01,3.574798E+03,5.703738E+03,7.502470E-02,4.244413E+03,7.502470E-02,0.000000E+00,0.000000E+00,5.687358E-02,1.425414E+03,2.396502E-01,2.742446E+03,4.058337E+03,5.687358E-02,1.608294E+03,2.095574E-01,2.223551E+03,3.964350E+03,1.700899E-01,6.504759E+03,5.687358E-02,0.000000E+00,0.000000E+00,3.373814E-02,8.455739E+02,1.478946E-01,1.690837E+03,2.482776E+03,3.373814E-02,9.540605E+02,1.297609E-01,1.379867E+03,2.429171E+03,1.049954E-01,3.977657E+03,3.373814E-02,0.000000E+00,0.000000E+00,5.687358E-02,1.425414E+03,2.417907E-01,2.766340E+03,4.088343E+03,5.687358E-02,1.608294E+03,2.113252E-01,2.243283E+03,3.992878E+03,1.728019E-01,6.583522E+03,5.687358E-02,0.000000E+00,0.000000E+00,3.373814E-02,8.455739E+02,1.533366E-01,1.751596E+03,2.547446E+03,3.373814E-02,9.540605E+02,1.347696E-01,1.435787E+03,2.490132E+03,1.060435E-01,4.008089E+03,3.373814E-02,0.000000E+00,0.000000E+00
06:00:00,7.502470E-02,1.877945E+03,3.440540E-01,3.931891E+03,5.553512E+03,7.502470E-02,2.119191E+03,3.335448E-01,3.573310E+03,5.708643E+03,7.502470E-02,4.244413E+03,7.502470E-02,0.000000E+00,0.000000E+00,5.687358E-02,1.423604E+03,2.393300E-01,2.740680E+03,4.056851E+03,5.687358E-02,1.606484E+03,2.092734E-01,2.222190E+03,3.968191E+03,1.700904E-01,6.504775E+03,5.687358E-02,0.000000E+00,0.000000E+00,3.373814E-02,8.445003E+02,1.479203E-01,1.692198E+03,2.484956E+03,3.373814E-02,9.529869E+02,1.297714E-01,1.381058E+03,2.434174E+03,1.049957E-01,3.977665E+03,3.373814E-02,0.000000E+00,0.000000E+00,5.687358E-02,1.423604E+03,2.416886E-01,2.767010E+03,4.089810E+03,5.687358E-02,1.606484E+03,2.112375E-01,2.244113E+03,3.999529E+03,1.728025E-01,6.583539E+03,5.687358E-02,0.000000E+00,0.000000E+00,3.373814E-02,8.445003E+02,1.529763E-01,1.748647E+03,2.544555E+03,3.373814E-02,9.529869E+02,1.344185E-01,1.432939E+03,2.490168E+03,1.060438E-01,4.008098E+03,3.373814E-02,0.000000E+00,0.000000E+00
06:10:00,7.502470E-02,1.869590E+03,3.437369E-01,3.936705E+03,5.558389E+03,7.502470E-02,2.110835E+03,3.332229E-01,3.578071E+03,5.736335E+03,7.502470E-02,4.244413E+03,7.502470E-02,0.000000E+00,0.000000E+00,5.687358E-02,1.417270E+03,2.392307E-01,2.745905E+03,4.062777E+03,5.687358E-02,1.600150E+03,2.092592E-01,2.228365E+03,3.992629E+03,1.700910E-01,6.504792E+03,5.687358E-02,0.000000E+00,0.000000E+00,3.373814E-02,8.407429E+02,1.488932E-01,1.706817E+03,2.502160E+03,3.373814E-02,9.492294E+02,1.306540E-01,1.394667E+03,2.461126E+03,1.049960E-01,3.977674E+03,3.373814E-02,0.000000E+00,0.000000E+00,5.687358E-02,1.417270E+03,2.423260E-01,2.780459E+03,4.105434E+03,5.687358E-02,1.600150E+03,2.117968E-01,2.256690E+03,4.031860E+03,1.728030E-01,6.583555E+03,5.687358E-02,0.000000E+00,0.000000E+00,3.373814E-02,8.407429E+02,1.527382E-01,1.749746E+03,2.545937E+03,3.373814E-02,9.492294E+02,1.342168E-01,1.434445E+03,2.502271E+03,1.060441E-01,4.008106E+03,3.373814E-02,0.000000E+00,0.000000E+00
06:20:00,7.502470E-02,1.861234E+03,3.434673E-01,3.942052E+03,5.563852E+03,7.502470E-02,2.102480E+03,3.329488E-01,3.583367E+03,5.764763E+03,7.502470E-02,4.244413E+03,7.502470E-02,0.000000E+00,0.000000E+00,5.687358E-02,1.410936E+03,2.394236E-01,2.754392E+03,4.071490E+03,5.687358E-02,1.593816E+03,2.095227E-01,2.237640E+03,4.018678E+03,1.700916E-01,6.504808E+03,5.687358E-02,0.000000E+00,0.000000E+00,3.373814E-02,8.369854E+02,1.511824E-01,1.736130E+03,2.534978E+03,3.373814E-02,9.454720E+02,1.327365E-01,1.421672E+03,2.502132E+03,1.049963E-01,3.977683E+03,3.373814E-02,0.000000E+00,0.000000E+00,5.687358E-02,1.410936E+03,2.438937E-01,2.804295E+03,4.131571E+03,5.687358E-02,1.593816E+03,2.131613E-01,2.278256E+03,4.072460E+03,1.728036E-01,6.583571E+03,5.687358E-02,0.000000E+00,0.000000E+00,3.373814E-02,8.369854E+02,1.526592E-01,1.752620E+03,2.548663E+03,3.373814E-02,9.454720E+02,1.341619E-01,1.437589E+03,2.514791E+03,1.060444E-01,4.008115E+03,3.373814E-02,0.000000E+00,0.000000E+00
06:30:00,7.502470E-02,1.852878E+03,3.432700E-01,3.948204E+03,5.570185E+03,7.502470E-02,2.094124E+03,3.327474E-01,3.589473E+03,5.794216E+03,7.502470E-02,4.244413E+03,7.502470E-02,0.000000E+00,0.000000E+00,5.687358E-02,1.404602E+03,2.399377E-01,2.766466E+03,4.083778E+03,5.687358E-02,1.587482E+03,2.100774E-01,2.250166E+03,4.047772E+03,1.700921E-01,6.504825E+03,5.687358E-02,0.000000E+00,0.000000E+00,3.373814E-02,8.332279E+02,1.546562E-01,1.778668E+03,2.581035E+03,3.373814E-02,9.417145E+02,1.359613E-01,1.461429E+03,2.556231E+03,1.049966E-01,3.977692E+03,3.373814E-02,0.000000E+00,0.000000E+00,5.687358E-02,1.404602E+03,2.462453E-01,2.836882E+03,4.166293E+03,5.687358E-02,1.587482E+03,2.152423E-01,2.307820E+03,4.120972E+03,1.728042E-01,6.583588E+03,5.687358E-02,0.000000E+00,0.000000E+00,3.373814E-02,8.332279E+02,1.527535E-01,1.757430E+03,2.553250E+03,3.373814E-02,9.417145E+02,1.342622E-01,1.442466E+03,2.528810E+03,1.060447E-01,4.008124E+03,3.373814E-02,0.000000E+00,0.000000E+00
06:40:00,7.502470E-02,1.844523E+03,3.431655E-01,3.955393E+03,5.577624E+03,7.502470E-02,2.085768E+03,3.326391E-01,3.596619E+03,5.824930E+03,7.502470E-02,4.244413E+03,7.502470E-02,0.000000E+00,0.000000E+00,5.687358E-02,1.398268E+03,2.408074E-01,2.782508E+03,4.100537E+03,5.687358E-02,1.581147E+03,2.109309E-01,2.266027E+03,4.081175E+03,1.700927E-01,6.504841E+03,5.687358E-02,0.000000E+00,0.000000E+00,3.373814E-02,8.294704E+02,1.593972E-01,1.835352E+03,2.641879E+03,3.373814E-02,9.379570E+02,1.404095E-01,1.514843E+03,2.625270E+03,1.049969E-01,3.977700E+03,3.373814E-02,0.000000E+00,0.000000E+00,5.687358E-02,1.398268E+03,2.493221E-01,2.877564E+03,4.209577E+03,5.687358E-02,1.581147E+03,2.180003E-01,2.344942E+03,4.178204E+03,1.728047E-01,6.583604E+03,5.687358E-02,0.000000E+00,0.000000E+00,3.373814E-02,8.294704E+02,1.530365E-01,1.764347E+03,2.560230E+03,3.373814E-02,9.379570E+02,1.345219E-01,1.449121E+03,2.545239E+03,1.060450E-01,4.008132E+03,3.373814E-02,0.000000E+00,0.000000E+00
06:50:00,7.502470E-02,1.836167E+03,3.431699E-01,3.963797E+03,5.586350E+03,7.502470E-02,2.077413E+03,3.326400E-01,3.604986E+03,5.857089E+03,7.502470E-02,4.244413E+03,7.502470E-02,0.000000E+00,0.000000E+00,5.687358E-02,1.391934E+03,2.419889E-01,2.802032E+03,4.121340E+03,5.687358E-02,1.574813E+03,2.120358E-01,2.284695E+03,4.118644E+03,1.700932E-01,6.504857E+03,5.687358E-02,0.000000E+00,0.000000E+00,3.373814E-02,8.257129E+02,1.653845E-01,1.905950E+03,2.717635E+03,3.373814E-02,9.341995E+02,1.460600E-01,1.581678E+03,2.709358E+03,1.049972E-01,3.977709E+03,3.373814E-02,0.000000E+00,0.000000E+00,5.687358E-02,1.391934E+03,2.529884E-01,2.924828E+03,4.260242E+03,5.687358E-02,1.574813E+03,2.213030E-01,2.388147E+03,4.243060E+03,1.728053E-01,6.583620E+03,5.687358E-02,0.000000E+00,0.000000E+00,3.373814E-02,8.257129E+02,1.534817E-01,1.773075E+03,2.569367E+03,3.373814E-02,9.341995E+02,1.349200E-01,1.457323E+03,2.564075E+03,1.060453E-01,4.008141E+03,3.373814E-02,0.000000E+00,0.000000E+00
07:00:00,7.502470E-02,1.827812E+03,3.432910E-01,3.973505E+03,5.596457E+03,7.502470E-02,2.069057E+03,3.327584E-01,3.614662E+03,5.890791E+03,7.502470E-02,4.244413E+03,7.502470E-02,0.000000E+00,0.000000E+00,5.687358E-02,1.385600E+03,2.435128E-01,2.825379E+03,4.146594E+03,5.687358E-02,1.568479E+03,2.134312E-01,2.306607E+03,4.160670E+03,1.700938E-01,6.504872E+03,5.687358E-02,0.000000E+00,0.000000E+00,3.373814E-02,8.219555E+02,1.726880E-01,1.991242E+03,2.809447E+03,3.373814E-02,9.304421E+02,1.530083E-01,1.663002E+03,2.809929E+03,1.049975E-01,3.977717E+03,3.373814E-02,0.000000E+00,0.000000E+00,5.687358E-02,1.385600E+03,2.571577E-01,2.977707E+03,4.317482E+03,5.687358E-02,1.568479E+03,2.250694E-01,2.436527E+03,4.314667E+03,1.728058E-01,6.583636E+03,5.687358E-02,0.000000E+00,0.000000E+00,3.373814E-02,8.219555E+02,1.541022E-01,1.783759E+03,2.580831E+03,3.373814E-02,9.304421E+02,1.354722E-01,1.467245E+03,2.585472E+03,1.060456E-01,4.008149E+03,3.373814E-02,0.000000E+00,0.000000E+00
07:10:00,7.502470E-02,1.807519E+03,3.435082E-01,3.996231E+03,5.619857E+03,7.502470E-02,2.048765E+03,3.329734E-01,3.637364E+03,5.972152E+03,7.502470E-02,4.244413E+03,7.502470E-02,0.000000E+00,0.000000E+00,5.687358E-02,1.370217E+03,2.453462E-01,2.861240E+03,4.184353E+03,5.687358E-02,1.553096E+03,2.150455E-01,2.340020E+03,4.240589E+03,1.700943E-01,6.504888E+03,5.687358E-02,0.000000E+00,0.000000E+00,3.373814E-02,8.128302E+02,1.804890E-01,2.087463E+03,2.908377E+03,3.373814E-02,9.213167E+02,1.604976E-01,1.755741E+03,2.933118E+03,1.049978E-01,3.977725E+03,3.373814E-02,0.000000E+00,0.000000E+00,5.687358E-02,1.370217E+03,2.611942E-01,3.038164E+03,4.380404E+03,5.687358E-02,1.553096E+03,2.287752E-01,2.493290E+03,4.419037E+03,1.728064E-01,6.583651E+03,5.687358E-02,0.000000E+00,0.000000E+00,3.373814E-02,8.128302E+02,1.548833E-01,1.801610E+03,2.599595E+03,3.373814E-02,9.213167E+02,1.361351E-01,1.483777E+03,2.629339E+03,1.060459E-01,4.008157E+03,3.373814E-02,0.000000E+00,0.000000E+00
07:20:00,7.502470E-02,1.787227E+03,3.438216E-01,4.020044E+03,5.644451E+03,7.502470E-02,2.028473E+03,3.332850E-01,3.661156E+03,6.031253E+03,7.502470E-02,4.244413E+03,7.502470E-02,0.000000E+00,0.000000E+00,5.687358E-02,1.354834E+03,2.474591E-01,2.900230E+03,4.226288E+03,5.687358E-02,1.537714E+03,2.169161E-01,2.376306E+03,4.307075E+03,1.700949E-01,6.504904E+03,5.687358E-02,0.000000E+00,0.000000E+00,3.373814E-02,8.037048E+02,1.884029E-01,2.184956E+03,3.011215E+03,3.373814E-02,9.121914E+02,1.681781E-01,1.850626E+03,3.051151E+03,1.049981E-01,3.977734E+03,3.373814E-02,0.000000E+00,0.000000E+00,5.687358E-02,1.354834E+03,2.647803E-01,3.093604E+03,4.439445E+03,5.687358E-02,1.537714E+03,2.321458E-01,2.546324E+03,4.503483E+03,1.728069E-01,6.583667E+03,5.687358E-02,0.000000E+00,0.000000E+00,3.373814E-02,8.037048E+02,1.558082E-01,1.821074E+03,2.620453E+03,3.373814E-02,9.121914E+02,1.369350E-01,1.501845E+03,2.664942E+03,1.060462E-01,4.008166E+03,3.373814E-02,0.000000E+00,0.000000E+00
07:30:00,7.502470E-02,1.766935E+03,3.442081E-01,4.044674E+03,5.669866E+03,7.502470E-02,2.008180E+03,3.336703E-01,3.685772E+03,6.056715E+03,7.502470E-02,4.244413E+03,7.502470E-02,0.000000E+00,0.000000E+00,5.687358E-02,1.339451E+03,2.498454E-01,2.942275E+03,4.271272E+03,5.687358E-02,1.522331E+03,2.190533E-01,2.415570E+03,4.350430E+03,1.700954E-01,6.504919E+03,5.687358E-02,0.000000E+00,0.000000E+00,3.373814E-02,7.945795E+02,1.965220E-01,2.284744E+03,3.114738E+03,3.373814E-02,9.030661E+02,1.760735E-01,1.947915E+03,3.153761E+03,1.049984E-01,3.977742E+03,3.373814E-02,0.000000E+00,0.000000E+00,5.687358E-02,1.339451E+03,2.679529E-01,3.144431E+03,4.492864E+03,5.687358E-02,1.522331E+03,2.351657E-01,2.595445E+03,4.556520E+03,1.728074E-01,6.583682E+03,5.687358E-02,0.000000E+00,0.000000E+00,3.373814E-02,7.945795E+02,1.568749E-01,1.842121E+03,2.642961E+03,3.373814E-02,9.030661E+02,1.378759E-01,1.521487E+03,2.686697E+03,1.060464E-01,4.008174E+03,3.373814E-02,0.000000E+00,0.000000E+00
07:40:00,7.502470E-02,1.746642E+03,3.446406E-01,4.069817E+03,5.695802E+03,7.502470E-02,1.987888E+03,3.341022E-01,3.710908E+03,6.082708E+03,7.502470E-02,4.244413E+03,7.502470E-02,0.000000E+00,0.000000E+00,5.687358E-02,1.324068E+03,2.524875E-01,2.987176E+03,4.319420E+03,5.687358E-02,1.506948E+03,2.214664E-01,2.457913E+03,4.396623E+03,1.700959E-01,6.504935E+03,5.687358E-02,0.000000E+00,0.000000E+00,3.373814E-02,7.854542E+02,2.047154E-01,2.385366E+03,3.219201E+03,3.373814E-02,8.939408E+02,1.840567E-01,2.046186E+03,3.256508E+03,1.049986E-01,3.977750E+03,3.373814E-02,0.000000E+00,0.000000E+00,5.687358E-02,1.324068E+03,2.706890E-01,3.190384E+03,4.541316E+03,5.687358E-02,1.506948E+03,2.377982E-01,2.640241E+03,4.604165E+03,1.728080E-01,6.583698E+03,5.687358E-02,0.000000E+00,0.000000E+00,3.373814E-02,7.854542E+02,1.580770E-01,1.864679E+03,2.667167E+03,3.373814E-02,8.939408E+02,1.389625E-01,1.542757E+03,2.709842E+03,1.060467E-01,4.008182E+03,3.373814E-02,0.000000E+00,0.000000E+00
07:50:00,7.502470E-02,1.726350E+03,3.450955E-01,4.095210E+03,5.721981E+03,7.502470E-02,1.967596E+03,3.345571E-01,3.736300E+03,6.108950E+03,7.502470E-02,4.244413E+03,7.502470E-02,0.000000E+00,0.000000E+00,5.687358E-02,1.308685E+03,2.553713E-01,3.034776E+03,4.370545E+03,5.687358E-02,1.491565E+03,2.241330E-01,2.503087E+03,4.445275E+03,1.700964E-01,6.504950E+03,5.687358E-02,0.000000E+00,0.000000E+00,3.373814E-02,7.763289E+02,2.128869E-01,2.485744E+03,3.323493E+03,3.373814E-02,8.848155E+02,1.920287E-01,2.144337E+03,3.358259E+03,1.049989E-01,3.977758E+03,3.373814E-02,0.000000E+00,0.000000E+00,5.687358E-02,1.308685E+03,2.729917E-01,3.231501E+03,4.584823E+03,5.687358E-02,1.491565E+03,2.400386E-01,2.680662E+03,4.646341E+03,1.728085E-01,6.583713E+03,5.687358E-02,0.000000E+00,0.000000E+00,3.373814E-02,7.763289E+02,1.594122E-01,1.888724E+03,2.693032E+03,3.373814E-02,8.848155E+02,1.401879E-01,1.565576E+03,2.734241E+03,1.060470E-01,4.008190E+03,3.373814E-02,0.000000E+00,0.000000E+00
08:00:00,7.502470E-02,1.706058E+03,3.455535E-01,4.120638E+03,5.748178E+03,7.502470E-02,1.947303E+03,3.350158E-01,3.761734E+03,6.135215E+03,7.502470E-02,4.244413E+03,7.502470E-02,0.000000E+00,0.000000E+00,5.687358E-02,1.293302E+03,2.584330E-01,3.084363E+03,4.423791E+03,5.687358E-02,1.476182E+03,2.269850E-01,2.550332E+03,4.495754E+03,1.700970E-01,6.504965E+03,5.687358E-02,0.000000E+00,0.000000E+00,3.373814E-02,7.672036E+02,2.206244E-01,2.581281E+03,3.422413E+03,3.373814E-02,8.756902E+02,1.995861E-01,2.237862E+03,3.454208E+03,1.049992E-01,3.977766E+03,3.373814E-02,0.000000E+00,0.000000E+00,5.687358E-02,1.293302E+03,2.747061E-01,3.266049E+03,4.621200E+03,5.687358E-02,1.476182E+03,2.417290E-01,2.714943E+03,4.681162E+03,1.728090E-01,6.583728E+03,5.687358E-02,0.000000E+00,0.000000E+00,3.373814E-02,7.672036E+02,1.608534E-01,1.913952E+03,2.720188E+03,3.373814E-02,8.756902E+02,1.415215E-01,1.589602E+03,2.759695E+03,1.060473E-01,4.008198E+03,3.373814E-02,0.000000E+00,0.000000E+00
08:10:00,7.502470E-02,1.683378E+03,3.460231E-01,4.148572E+03,5.776951E+03,7.502470E-02,1.924624E+03,3.354863E-01,3.789679E+03,6.164062E+03,7.502470E-02,4.244413E+03,7.502470E-02,0.000000E+00,0.000000E+00,5.687358E-02,1.276110E+03,2.616533E-01,3.137521E+03,4.480751E+03,5.687358E-02,1.458990E+03,2.299998E-01,2.601196E+03,4.550250E+03,1.700975E-01,6.504980E+03,5.687358E-02,0.000000E+00,0.000000E+00,3.373814E-02,7.570048E+02,2.281448E-01,2.675459E+03,3.519949E+03,3.373814E-02,8.654914E+02,2.069329E-01,2.330102E+03,3.549073E+03,1.049995E-01,3.977774E+03,3.373814E-02,0.000000E+00,0.000000E+00,5.687358E-02,1.276110E+03,2.762938E-01,3.300983E+03,4.658197E+03,5.687358E-02,1.458990E+03,2.432915E-01,2.749594E+03,4.716892E+03,1.728095E-01,6.583743E+03,5.687358E-02,0.000000E+00,0.000000E+00,3.373814E-02,7.570048E+02,1.623913E-01,1.941329E+03,2.749601E+03,3.373814E-02,8.654914E+02,1.429542E-01,1.615804E+03,2.787638E+03,1.060476E-01,4.008206E+03,3.373814E-02,0.000000E+00,0.000000E+00
08:20:00,7.502470E-02,1.660699E+03,3.464913E-01,4.176480E+03,5.805687E+03,7.502470E-02,1.901944E+03,3.359554E-01,3.817596E+03,6.192869E+03,7.502470E-02,4.244413E+03,7.502470E-02,0.000000E+00,0.000000E+00,5.687358E-02,1.258917E+03,2.650001E-01,3.192081E+03,4.539150E+03,5.687358E-02,1.441797E+03,2.331428E-01,2.653480E+03,4.606631E+03,1.700980E-01,6.504995E+03,5.687358E-02,0.000000E+00,0.000000E+00,3.373814E-02,7.468059E+02,2.354143E-01,2.766824E+03,3.614591E+03,3.373814E-02,8.552925E+02,2.140442E-01,2.419702E+03,3.641682E+03,1.049997E-01,3.977782E+03,3.373814E-02,0.000000E+00,0.000000E+00,5.687358E-02,1.258917E+03,2.779680E-01,3.336868E+03,4.696268E+03,5.687358E-02,1.441797E+03,2.449235E-01,2.785009E+03,4.754087E+03,1.728100E-01,6.583758E+03,5.687358E-02,0.000000E+00,0.000000E+00,3.373814E-02,7.468059E+02,1.640153E-01,1.969660E+03,2.780021E+03,3.373814E-02,8.552925E+02,1.444723E-01,1.642953E+03,2.816907E+03,1.060478E-01,4.008214E+03,3.373814E-02,0.000000E+00,0.000000E+00
08:30:00,7.502470E-02,1.638019E+03,3.469599E-01,4.204398E+03,5.834416E+03,7.502470E-02,1.879265E+03,3.364246E-01,3.845522E+03,6.221669E+03,7.502470E-02,4.244413E+03,7.502470E-02,0.000000E+00,0.000000E+00,5.687358E-02,1.241725E+03,2.684480E-01,3.247775E+03,4.598701E+03,5.687358E-02,1.424604E+03,2.363886E-01,2.706918E+03,4.664528E+03,1.700985E-01,6.505009E+03,5.687358E-02,0.000000E+00,0.000000E+00,3.373814E-02,7.366070E+02,2.424030E-01,2.855061E+03,3.705929E+03,3.373814E-02,8.450936E+02,2.208866E-01,2.506303E+03,3.731467E+03,1.050000E-01,3.977790E+03,3.373814E-02,0.000000E+00,0.000000E+00,5.687358E-02,1.241725E+03,2.798974E-01,3.375610E+03,4.737340E+03,5.687358E-02,1.424604E+03,2.467842E-01,2.822984E+03,4.794493E+03,1.728105E-01,6.583773E+03,5.687358E-02,0.000000E+00,0.000000E+00,3.373814E-02,7.366070E+02,1.657171E-01,1.998863E+03,2.811352E+03,3.373814E-02,8.450936E+02,1.460672E-01,1.670962E+03,2.847331E+03,1.060481E-01,4.008222E+03,3.373814E-02,0.000000E+00,0.000000E+00
08:40:00,7.502470E-02,1.615340E+03,3.474582E-01,4.232651E+03,5.863499E+03,7.502470E-02,1.856585E+03,3.369242E-01,3.873789E+03,6.250830E+03,7.502470E-02,4.244413E+03,7.502470E-02,0.000000E+00,0.000000E+00,5.687358E-02,1.224532E+03,2.720906E-01,3.305648E+03,4.660706E+03,5.687358E-02,1.407412E+03,2.398301E-01,2.762544E+03,4.725230E+03,1.700990E-01,6.505024E+03,5.687358E-02,0.000000E+00,0.000000E+00,3.373814E-02,7.264082E+02,2.492840E-01,2.942098E+03,3.796415E+03,3.373814E-02,8.348947E+02,2.276318E-01,2.591825E+03,3.820905E+03,1.050003E-01,3.977798E+03,3.373814E-02,0.000000E+00,0.000000E+00,5.687358E-02,1.224532E+03,2.822841E-01,3.419460E+03,4.783974E+03,5.687358E-02,1.407412E+03,2.490628E-01,2.865628E+03,4.840498E+03,1.728110E-01,6.583787E+03,5.687358E-02,0.000000E+00,0.000000E+00,3.373814E-02,7.264082E+02,1.675493E-01,2.029524E+03,2.844297E+03,3.373814E-02,8.348947E+02,1.477873E-01,1.700372E+03,2.879539E+03,1.060484E-01,4.008229E+03,3.373814E-02,0.000000E+00,0.000000E+00
08:50:00,7.502470E-02,1.592660E+03,3.480020E-01,4.261414E+03,5.893056E+03,7.502470E-02,1.833906E+03,3.374698E-01,3.902571E+03,6.280471E+03,7.502470E-02,4.244413E+03,7.502470E-02,0.000000E+00,0.000000E+00,5.687358E-02,1.207339E+03,2.758297E-01,3.364598E+03,4.723249E+03,5.687358E-02,1.390219E+03,2.433737E-01,2.819311E+03,4.786581E+03,1.700995E-01,6.505039E+03,5.687358E-02,0.000000E+00,0.000000E+00,3.373814E-02,7.162093E+02,2.558843E-01,3.026002E+03,3.882845E+03,3.373814E-02,8.246959E+02,2.341091E-01,2.674355E+03,3.906313E+03,1.050005E-01,3.977805E+03,3.373814E-02,0.000000E+00,0.000000E+00,5.687358E-02,1.207339E+03,2.851046E-01,3.468155E+03,4.835584E+03,5.687358E-02,1.390219E+03,2.517467E-01,2.912797E+03,4.891387E+03,1.728115E-01,6.583802E+03,5.687358E-02,0.000000E+00,0.000000E+00,3.373814E-02,7.162093E+02,1.694681E-01,2.061153E+03,2.878005E+03,3.373814E-02,8.246959E+02,1.495953E-01,1.730763E+03,2.912601E+03,1.060486E-01,4.008237E+03,3.373814E-02,0.000000E+00,0.000000E+00
09:00:00,7.502470E-02,1.569980E+03,3.486058E-01,4.290845E+03,5.923325E+03,7.502470E-02,1.811226E+03,3.380754E-01,3.932022E+03,6.310824E+03,7.502470E-02,4.244413E+03,7.502470E-02,0.000000E+00,0.000000E+00,5.687358E-02,1.190147E+03,2.796427E-01,3.424374E+03,4.786707E+03,5.687358E-02,1.373027E+03,2.469977E-01,2.876976E+03,4.849029E+03,1.701000E-01,6.505053E+03,5.687358E-02,0.000000E+00,0.000000E+00,3.373814E-02,7.060104E+02,2.621561E-01,3.106238E+03,3.965860E+03,3.373814E-02,8.144970E+02,2.402705E-01,2.753360E+03,3.988580E+03,1.050008E-01,3.977813E+03,3.373814E-02,0.000000E+00,0.000000E+00,5.687358E-02,1.190147E+03,2.883541E-01,3.521640E+03,4.892603E+03,5.687358E-02,1.373027E+03,2.548368E-01,2.964501E+03,4.947686E+03,1.728120E-01,6.583816E+03,5.687358E-02,0.000000E+00,0.000000E+00,3.373814E-02,7.060104E+02,1.714650E-01,2.093654E+03,2.912664E+03,3.373814E-02,8.144970E+02,1.514828E-01,1.762043E+03,2.946715E+03,1.060489E-01,4.008245E+03,3.373814E-02,0.000000E+00,0.000000E+00
09:10:00,7.502470E-02,1.549688E+03,3.492743E-01,4.318612E+03,5.951920E+03,7.502470E-02,1.790934E+03,3.387458E-01,3.959809E+03,6.339502E+03,7.502470E-02,4.244413E+03,7.502470E-02,0.000000E+00,0.000000E+00,5.687358E-02,1.174764E+03,2.834793E-01,3.482605E+03,4.848616E+03,5.687358E-02,1.357644E+03,2.506541E-01,2.933195E+03,4.910090E+03,1.701005E-01,6.505067E+03,5.687358E-02,0.000000E+00,0.000000E+00,3.373814E-02,6.968851E+02,2.680245E-01,3.180897E+03,4.043441E+03,3.373814E-02,8.053717E+02,2.460425E-01,2.826944E+03,4.065667E+03,1.050011E-01,3.977821E+03,3.373814E-02,0.000000E+00,0.000000E+00,5.687358E-02,1.174764E+03,2.917881E-01,3.575375E+03,4.950049E+03,5.687358E-02,1.357644E+03,2.581068E-01,3.016405E+03,5.004484E+03,1.728125E-01,6.583830E+03,5.687358E-02,0.000000E+00,0.000000E+00,3.373814E-02,6.968851E+02,1.735116E-01,2.125637E+03,2.946824E+03,3.373814E-02,8.053717E+02,1.534234E-01,1.792842E+03,2.980421E+03,1.060491E-01,4.008252E+03,3.373814E-02,0.000000E+00,0.000000E+00
09:20:00,7.502470E-02,1.529396E+03,3.500019E-01,4.347039E+03,5.981219E+03,7.502470E-02,1.770641E+03,3.394757E-01,3.988261E+03,6.368889E+03,7.502470E-02,4.244413E+03,7.502470E-02,0.000000E+00,0.000000E+00,5.687358E-02,1.159381E+03,2.873262E-01,3.540951E+03,4.910659E+03,5.687358E-02,1.342261E+03,2.543287E-01,2.989616E+03,4.971406E+03,1.701010E-01,6.505081E+03,5.687358E-02,0.000000E+00,0.000000E+00,3.373814E-02,6.877598E+02,2.734547E-01,3.250665E+03,4.116176E+03,3.373814E-02,7.962464E+02,2.513896E-01,2.895784E+03,4.138114E+03,1.050013E-01,3.977828E+03,3.373814E-02,0.000000E+00,0.000000E+00,5.687358E-02,1.159381E+03,2.953145E-01,3.630142E+03,5.008603E+03,5.687358E-02,1.342261E+03,2.614704E-01,3.069354E+03,5.062469E+03,1.728130E-01,6.583845E+03,5.687358E-02,0.000000E+00,0.000000E+00,3.373814E-02,6.877598E+02,1.756001E-01,2.158088E+03,2.981483E+03,3.373814E-02,7.962464E+02,1.554094E-01,1.824147E+03,3.014700E+03,1.060494E-01,4.008260E+03,3.373814E-02,0.000000E+00,0.000000E+00
09:30:00,7.502470E-02,1.509104E+03,3.507886E-01,4.376118E+03,6.011215E+03,7.502470E-02,1.750349E+03,3.402648E-01,4.017368E+03,6.398979E+03,7.502470E-02,4.244413E+03,7.502470E-02,0.000000E+00,0.000000E+00,5.687358E-02,1.143998E+03,2.911817E-01,3.599384E+03,4.972801E+03,5.687358E-02,1.326878E+03,2.580204E-01,3.046221E+03,5.032945E+03,1.701015E-01,6.505096E+03,5.687358E-02,0.000000E+00,0.000000E+00,3.373814E-02,6.786345E+02,2.784311E-01,3.315360E+03,4.183812E+03,3.373814E-02,7.871211E+02,2.562963E-01,2.959699E+03,4.205652E+03,1.050016E-01,3.977836E+03,3.373814E-02,0.000000E+00,0.000000E+00,5.687358E-02,1.143998E+03,2.988704E-01,3.685231E+03,5.067453E+03,5.687358E-02,1.326878E+03,2.648697E-01,3.122694E+03,5.120849E+03,1.728135E-01,6.583859E+03,5.687358E-02,0.000000E+00,0.000000E+00,3.373814E-02,6.786345E+02,1.777280E-01,2.190974E+03,3.016600E+03,3.373814E-02,7.871211E+02,1.574386E-01,1.855932E+03,3.049509E+03,1.060497E-01,4.008267E+03,3.373814E-02,0.000000E+00,0.000000E+00
09:40:00,7.502470E-02,1.488811E+03,3.516134E-01,4.405620E+03,6.041652E+03,7.502470E-02,1.730057E+03,3.410915E-01,4.046891E+03,6.429503E+03,7.502470E-02,4.244413E+03,7.502470E-02,0.000000E+00,0.000000E+00,5.687358E-02,1.128615E+03,2.949321E-01,3.656642E+03,5.033538E+03,5.687358E-02,1.311495E+03,2.616166E-01,3.101755E+03,5.093149E+03,1.701019E-01,6.505109E+03,5.687358E-02,0.000000E+00,0.000000E+00,3.373814E-02,6.695092E+02,2.825932E-01,3.370957E+03,4.241904E+03,3.373814E-02,7.779958E+02,2.604044E-01,3.014693E+03,4.263763E+03,1.050018E-01,3.977843E+03,3.373814E-02,0.000000E+00,0.000000E+00,5.687358E-02,1.128615E+03,3.023316E-01,3.739260E+03,5.124983E+03,5.687358E-02,1.311495E+03,2.681883E-01,3.175129E+03,5.178039E+03,1.728140E-01,6.583873E+03,5.687358E-02,0.000000E+00,0.000000E+00,3.373814E-02,6.695092E+02,1.798337E-01,2.223609E+03,3.051366E+03,3.373814E-02,7.779958E+02,1.594541E-01,1.887560E+03,3.084061E+03,1.060499E-01,4.008274E+03,3.373814E-02,0.000000E+00,0.000000E+00
09:50:00,7.502470E-02,1.468519E+03,3.524683E-01,4.435457E+03,6.072434E+03,7.502470E-02,1.709765E+03,3.419475E-01,4.076741E+03,6.460363E+03,7.502470E-02,4.244413E+03,7.502470E-02,0.000000E+00,0.000000E+00,5.687358E-02,1.113233E+03,2.986593E-01,3.713641E+03,5.093955E+03,5.687358E-02,1.296112E+03,2.651904E-01,3.157041E+03,5.153032E+03,1.701024E-01,6.505123E+03,5.687358E-02,0.000000E+00,0.000000E+00,3.373814E-02,6.603839E+02,2.859685E-01,3.417770E+03,4.291101E+03,3.373814E-02,7.688705E+02,2.637405E-01,3.061067E+03,4.313137E+03,1.050021E-01,3.977850E+03,3.373814E-02,0.000000E+00,0.000000E+00,5.687358E-02,1.113233E+03,3.057608E-01,3.792930E+03,5.182043E+03,5.687358E-02,1.296112E+03,2.714758E-01,3.227217E+03,5.234747E+03,1.728145E-01,6.583886E+03,5.687358E-02,0.000000E+00,0.000000E+00,3.373814E-02,6.603839E+02,1.819497E-01,2.256361E+03,3.086221E+03,3.373814E-02,7.688705E+02,1.614792E-01,1.919295E+03,3.118687E+03,1.060502E-01,4.008282E+03,3.373814E-02,0.000000E+00,0.000000E+00
10:00:00,7.502470E-02,1.448227E+03,3.533527E-01,4.465620E+03,6.103851E+03,7.502470E-02,1.689472E+03,3.428328E-01,4.106914E+03,6.491860E+03,7.502470E-02,4.244413E+03,7.502470E-02,0.000000E+00,0.000000E+00,5.687358E-02,1.097850E+03,3.023710E-01,3.770459E+03,5.155441E+03,5.687358E-02,1.280729E+03,2.687544E-01,3.212209E+03,5.214203E+03,1.701029E-01,6.505137E+03,5.687358E-02,0.000000E+00,0.000000E+00,3.373814E-02,6.512586E+02,2.885373E-01,3.455572E+03,4.331502E+03,3.373814E-02,7.597452E+02,2.662855E-01,3.098603E+03,4.353911E+03,1.050023E-01,3.977858E+03,3.373814E-02,0.000000E+00,0.000000E+00,5.687358E-02,1.097850E+03,3.091725E-01,3.846399E+03,5.239952E+03,5.687358E-02,1.280729E+03,2.747502E-01,3.279153E+03,5.292446E+03,1.728149E-01,6.583900E+03,5.687358E-02,0.000000E+00,0.000000E+00,3.373814E-02,6.512586E+02,1.840786E-01,2.289252E+03,3.121909E+03,3.373814E-02,7.597452E+02,1.635194E-01,1.951195E+03,3.154241E+03,1.060504E-01,4.008289E+03,3.373814E-02,0.000000E+00,0.000000E+00
10:10:00,7.502470E-02,1.430322E+03,3.542514E-01,4.493549E+03,6.132746E+03,7.502470E-02,1.671567E+03,3.437215E-01,4.134738E+03,6.520739E+03,7.502470E-02,4.244413E+03,7.502470E-02,0.000000E+00,0.000000E+00,5.687358E-02,1.084277E+03,3.060533E-01,3.825134E+03,5.213628E+03,5.687358E-02,1.267156E+03,2.722806E-01,3.265148E+03,5.272033E+03,1.701034E-01,6.505151E+03,5.687358E-02,0.000000E+00,0.000000E+00,3.373814E-02,6.432068E+02,2.902685E-01,3.482942E+03,4.360822E+03,3.373814E-02,7.516934E+02,2.679992E-01,3.125785E+03,4.383682E+03,1.050026E-01,3.977865E+03,3.373814E-02,0.000000E+00,0.000000E+00,5.687358E-02,1.084277E+03,3.125518E-01,3.897690E+03,5.294653E+03,5.687358E-02,1.267156E+03,2.779822E-01,3.328807E+03,5.346873E+03,1.728154E-01,6.583914E+03,5.687358E-02,0.000000E+00,0.000000E+00,3.373814E-02,6.432068E+02,1.862078E-01,2.321069E+03,3.155893E+03,3.373814E-02,7.516934E+02,1.655535E-01,1.981956E+03,3.188051E+03,1.060507E-01,4.008296E+03,3.373814E-02,0.000000E+00,0.000000E+00
10:20:00,7.502470E-02,1.412417E+03,3.551571E-01,4.521556E+03,6.161590E+03,7.502470E-02,1.653662E+03,3.446209E-01,4.162685E+03,6.549625E+03,7.502470E-02,4.244413E+03,7.502470E-02,0.000000E+00,0.000000E+00,5.687358E-02,1.070704E+03,3.097019E-01,3.879432E+03,5.270860E+03,5.687358E-02,1.253583E+03,2.757820E-01,3.317815E+03,5.328986E+03,1.701038E-01,6.505164E+03,5.687358E-02,0.000000E+00,0.000000E+00,3.373814E-02,6.351551E+02,2.911391E-01,3.500703E+03,4.380149E+03,3.373814E-02,7.436417E+02,2.688690E-01,3.143548E+03,4.403718E+03,1.050028E-01,3.977872E+03,3.373814E-02,0.000000E+00,0.000000E+00,5.687358E-02,1.070704E+03,3.158926E-01,3.948551E+03,5.348403E+03,5.687358E-02,1.253583E+03,2.811842E-01,3.378130E+03,5.400426E+03,1.728159E-01,6.583927E+03,5.687358E-02,0.000000E+00,0.000000E+00,3.373814E-02,6.351551E+02,1.883302E-01,2.352809E+03,3.189478E+03,3.373814E-02,7.436417E+02,1.675856E-01,2.012696E+03,3.221503E+03,1.060509E-01,4.008303E+03,3.373814E-02,0.000000E+00,0.000000E+00
10:30:00,7.502470E-02,1.394512E+03,3.560659E-01,4.549597E+03,6.190475E+03,7.502470E-02,1.635758E+03,3.455320E-01,4.190757E+03,6.578868E+03,7.502470E-02,4.244413E+03,7.502470E-02,0.000000E+00,0.000000E+00,5.687358E-02,1.057130E+03,3.133137E-01,3.933318E+03,5.327725E+03,5.687358E-02,1.240010E+03,2.792605E-01,3.370220E+03,5.386607E+03,1.701043E-01,6.505178E+03,5.687358E-02,0.000000E+00,0.000000E+00,3.373814E-02,6.271034E+02,2.911312E-01,3.508655E+03,4.389247E+03,3.373814E-02,7.355900E+02,2.688826E-01,3.151747E+03,4.413121E+03,1.050031E-01,3.977879E+03,3.373814E-02,0.000000E+00,0.000000E+00,5.687358E-02,1.057130E+03,3.191915E-01,3.998943E+03,5.401706E+03,5.687358E-02,1.240010E+03,2.843550E-01,3.427099E+03,5.454391E+03,1.728163E-01,6.583941E+03,5.687358E-02,0.000000E+00,0.000000E+00,3.373814E-02,6.271034E+02,1.904403E-01,2.384413E+03,3.222948E+03,3.373814E-02,7.355900E+02,1.696120E-01,2.043368E+03,3.255406E+03,1.060512E-01,4.008310E+03,3.373814E-02,0.000000E+00,0.000000E+00
10:40:00,7.502470E-02,1.376607E+03,3.569731E-01,4.577621E+03,6.219350E+03,7.502470E-02,1.617853E+03,3.464415E-01,4.218807E+03,6.607840E+03,7.502470E-02,4.244413E+03,7.502470E-02,0.000000E+00,0.000000E+00,5.687358E-02,1.043557E+03,3.168824E-01,3.986723E+03,5.384110E+03,5.687358E-02,1.226437E+03,2.826976E-01,3.422155E+03,5.442601E+03,1.701047E-01,6.505191E+03,5.687358E-02,0.000000E+00,0.000000E+00,3.373814E-02,6.190516E+02,2.903808E-01,3.508317E+03,4.389732E+03,3.373814E-02,7.275382E+02,2.681679E-01,3.151807E+03,4.414283E+03,1.050033E-01,3.977886E+03,3.373814E-02,0.000000E+00,0.000000E+00,5.687358E-02,1.043557E+03,3.224438E-01,4.048816E+03,5.454480E+03,5.687358E-02,1.226437E+03,2.874809E-01,3.475558E+03,5.506846E+03,1.728168E-01,6.583954E+03,5.687358E-02,0.000000E+00,0.000000E+00,3.373814E-02,6.190516E+02,1.925328E-01,2.415820E+03,3.256218E+03,3.373814E-02,7.275382E+02,1.716218E-01,2.073851E+03,3.288471E+03,1.060514E-01,4.008317E+03,3.373814E-02,0.000000E+00,0.000000E+00
10:50:00,7.502470E-02,1.358702E+03,3.578753E-01,4.605588E+03,6.248168E+03,7.502470E-02,1.599948E+03,3.473449E-01,4.246789E+03,6.636614E+03,7.502470E-02,4.244413E+03,7.502470E-02,0.000000E+00,0.000000E+00,5.687358E-02,1.029984E+03,3.203972E-01,4.039527E+03,5.439859E+03,5.687358E-02,1.212864E+03,2.860857E-01,3.473542E+03,5.497476E+03,1.701052E-01,6.505204E+03,5.687358E-02,0.000000E+00,0.000000E+00,3.373814E-02,6.109999E+02,2.889960E-01,3.500896E+03,4.382910E+03,3.373814E-02,7.194865E+02,2.668301E-01,3.144910E+03,4.408466E+03,1.050036E-01,3.977893E+03,3.373814E-02,0.000000E+00,0.000000E+00,5.687358E-02,1.029984E+03,3.256462E-01,4.098129E+03,5.506660E+03,5.687358E-02,1.212864E+03,2.905569E-01,3.523461E+03,5.558246E+03,1.728172E-01,6.583967E+03,5.687358E-02,0.000000E+00,0.000000E+00,3.373814E-02,6.109999E+02,1.946025E-01,2.446972E+03,3.289214E+03,3.373814E-02,7.194865E+02,1.736092E-01,2.104082E+03,3.320960E+03,1.060516E-01,4.008324E+03,3.373814E-02,0.000000E+00,0.000000E+00
11:00:00,7.502470E-02,1.340797E+03,3.587617E-01,4.633385E+03,6.276796E+03,7.502470E-02,1.582043E+03,3.482325E-01,4.274599E+03,6.665230E+03,7.502470E-02,4.244413E+03,7.502470E-02,0.000000E+00,0.000000E+00,5.687358E-02,1.016411E+03,3.238471E-01,4.091611E+03,5.494826E+03,5.687358E-02,1.199291E+03,2.894097E-01,3.524220E+03,5.551719E+03,1.701056E-01,6.505217E+03,5.687358E-02,0.000000E+00,0.000000E+00,3.373814E-02,6.029481E+02,2.870028E-01,3.486688E+03,4.369066E+03,3.373814E-02,7.114347E+02,2.648963E-01,3.131364E+03,4.395683E+03,1.050038E-01,3.977900E+03,3.373814E-02,0.000000E+00,0.000000E+00,5.687358E-02,1.016411E+03,3.287865E-01,4.146757E+03,5.558089E+03,5.687358E-02,1.199291E+03,2.935717E-01,3.570686E+03,5.609018E+03,1.728177E-01,6.583980E+03,5.687358E-02,0.000000E+00,0.000000E+00,3.373814E-02,6.029481E+02,1.966394E-01,2.477761E+03,3.321808E+03,3.373814E-02,7.114347E+02,1.755642E-01,2.133957E+03,3.353126E+03,1.060519E-01,4.008331E+03,3.373814E-02,0.000000E+00,0.000000E+00
11:10:00,7.502470E-02,1.328861E+03,3.596388E-01,4.655115E+03,6.299210E+03,7.502470E-02,1.570106E+03,3.491212E-01,4.296452E+03,6.687769E+03,7.502470E-02,4.244413E+03,7.502470E-02,0.000000E+00,0.000000E+00,5.687358E-02,1.007362E+03,3.272185E-01,4.138301E+03,5.544209E+03,5.687358E-02,1.190242E+03,2.926772E-01,3.569741E+03,5.600719E+03,1.701061E-01,6.505230E+03,5.687358E-02,0.000000E+00,0.000000E+00,3.373814E-02,5.975803E+02,2.844200E-01,3.463218E+03,4.345635E+03,3.373814E-02,7.060669E+02,2.623974E-01,3.108823E+03,4.373509E+03,1.050040E-01,3.977907E+03,3.373814E-02,0.000000E+00,0.000000E+00,5.687358E-02,1.007362E+03,3.318365E-01,4.189859E+03,5.603773E+03,5.687358E-02,1.190242E+03,2.965162E-01,3.612600E+03,5.654337E+03,1.728181E-01,6.583993E+03,5.687358E-02,0.000000E+00,0.000000E+00,3.373814E-02,5.975803E+02,1.986246E-01,2.505294E+03,3.351013E+03,3.373814E-02,7.060669E+02,1.774800E-01,2.160710E+03,3.382087E+03,1.060521E-01,4.008338E+03,3.373814E-02,0.000000E+00,0.000000E+00
11:20:00,7.502470E-02,1.316924E+03,3.605057E-01,4.676731E+03,6.321504E+03,7.502470E-02,1.558169E+03,3.499960E-01,4.318145E+03,6.710153E+03,7.502470E-02,4.244413E+03,7.502470E-02,0.000000E+00,0.000000E+00,5.687358E-02,9.983136E+02,3.305252E-01,4.184269E+03,5.592804E+03,5.687358E-02,1.181193E+03,2.958797E-01,3.614531E+03,5.648923E+03,1.701065E-01,6.505243E+03,5.687358E-02,0.000000E+00,0.000000E+00,3.373814E-02,5.922125E+02,2.812858E-01,3.433592E+03,4.315775E+03,3.373814E-02,7.006991E+02,2.593654E-01,3.080327E+03,4.345012E+03,1.050043E-01,3.977914E+03,3.373814E-02,0.000000E+00,0.000000E+00,5.687358E-02,9.983136E+02,3.347920E-01,4.231906E+03,5.648308E+03,5.687358E-02,1.181193E+03,2.993670E-01,3.653463E+03,5.698493E+03,1.728186E-01,6.584006E+03,5.687358E-02,0.000000E+00,0.000000E+00,3.373814E-02,5.922125E+02,2.005551E-01,2.532215E+03,3.379547E+03,3.373814E-02,7.006991E+02,1.793421E-01,2.186859E+03,3.410375E+03,1.060523E-01,4.008345E+03,3.373814E-02,0.000000E+00,0.000000E+00
11:30:00,7.502470E-02,1.304987E+03,3.613595E-01,4.698200E+03,6.343643E+03,7.502470E-02,1.546233E+03,3.508489E-01,4.339599E+03,6.732284E+03,7.502470E-02,4.244413E+03,7.502470E-02,0.000000E+00,0.000000E+00,5.687358E-02,9.892649E+02,3.337606E-01,4.229442E+03,5.640499E+03,5.687358E-02,1.172145E+03,2.990046E-01,3.658462E+03,5.696124E+03,1.701070E-01,6.505256E+03,5.687358E-02,0.000000E+00,0.000000E+00,3.373814E-02,5.868447E+02,2.776434E-01,3.398293E+03,4.279964E+03,3.373814E-02,6.953313E+02,2.558504E-01,3.046444E+03,4.310760E+03,1.050045E-01,3.977920E+03,3.373814E-02,0.000000E+00,0.000000E+00,5.687358E-02,9.892649E+02,3.376466E-01,4.272826E+03,5.691622E+03,5.687358E-02,1.172145E+03,3.021153E-01,3.693188E+03,5.741371E+03,1.728190E-01,6.584019E+03,5.687358E-02,0.000000E+00,0.000000E+00,3.373814E-02,5.868447E+02,2.024261E-01,2.558473E+03,3.407355E+03,3.373814E-02,6.953313E+02,1.811442E-01,2.212342E+03,3.437906E+03,1.060526E-01,4.008352E+03,3.373814E-02,0.000000E+00,0.000000E+00
11:40:00,7.502470E-02,1.293051E+03,3.621986E-01,4.719506E+03,6.365612E+03,7.502470E-02,1.534296E+03,3.516870E-01,4.360894E+03,6.754255E+03,7.502470E-02,4.244413E+03,7.502470E-02,0.000000E+00,0.000000E+00,5.687358E-02,9.802162E+02,3.369195E-01,4.273759E+03,5.687230E+03,5.687358E-02,1.163096E+03,3.020593E-01,3.701615E+03,5.742429E+03,1.701074E-01,6.505268E+03,5.687358E-02,0.000000E+00,0.000000E+00,3.373814E-02,5.814768E+02,2.736720E-01,3.359320E+03,4.240340E+03,3.373814E-02,6.899634E+02,2.520119E-01,3.008954E+03,4.272683E+03,1.050047E-01,3.977927E+03,3.373814E-02,0.000000E+00,0.000000E+00,5.687358E-02,9.802162E+02,3.403950E-01,4.312560E+03,5.733644E+03,5.687358E-02,1.163096E+03,3.047653E-01,3.731824E+03,5.783033E+03,1.728195E-01,6.584031E+03,5.687358E-02,0.000000E+00,0.000000E+00,3.373814E-02,5.814768E+02,2.042341E-01,2.584027E+03,3.434389E+03,3.373814E-02,6.899634E+02,1.828881E-01,2.237179E+03,3.464707E+03,1.060528E-01,4.008358E+03,3.373814E-02,0.000000E+00,0.000000E+00
11:50:00,7.502470E-02,1.281114E+03,3.630227E-01,4.740644E+03,6.387401E+03,7.502470E-02,1.522360E+03,3.525113E-01,4.382034E+03,6.776069E+03,7.502470E-02,4.244413E+03,7.502470E-02,0.000000E+00,0.000000E+00,5.687358E-02,9.711674E+02,3.399991E-01,4.317191E+03,5.732978E+03,5.687358E-02,1.154047E+03,3.050419E-01,3.743965E+03,5.787829E+03,1.701078E-01,6.505281E+03,5.687358E-02,0.000000E+00,0.000000E+00,3.373814E-02,5.761090E+02,2.699932E-01,3.323613E+03,4.204229E+03,3.373814E-02,6.845956E+02,2.484405E-01,2.974447E+03,4.237905E+03,1.050050E-01,3.977934E+03,3.373814E-02,0.000000E+00,0.000000E+00,5.687358E-02,9.711674E+02,3.430333E-01,4.351066E+03,5.774316E+03,5.687358E-02,1.154047E+03,3.073145E-01,3.769333E+03,5.823433E+03,1.728199E-01,6.584044E+03,5.687358E-02,0.000000E+00,0.000000E+00,3.373814E-02,5.761090E+02,2.059759E-01,2.608842E+03,3.460609E+03,3.373814E-02,6.845956E+02,1.845716E-01,2.261343E+03,3.490748E+03,1.060530E-01,4.008365E+03,3.373814E-02,0.000000E+00,0.000000E+00
12:00:00,7.502470E-02,1.269177E+03,3.638334E-01,4.761632E+03,6.409035E+03,7.502470E-02,1.510423E+03,3.533223E-01,4.403025E+03,6.797731E+03,7.502470E-02,4.244413E+03,7.502470E-02,0.000000E+00,0.000000E+00,5.687358E-02,9.621187E+02,3.429999E-01,4.359744E+03,5.777762E+03,5.687358E-02,1.144998E+03,3.079517E-01,3.785501E+03,5.832325E+03,1.701083E-01,6.505293E+03,5.687358E-02,0.000000E+00,0.000000E+00,3.373814E-02,5.707412E+02,2.667367E-01,3.292621E+03,4.172308E+03,3.373814E-02,6.792278E+02,2.452757E-01,2.944480E+03,4.207162E+03,1.050052E-01,3.977940E+03,3.373814E-02,0.000000E+00,0.000000E+00,5.687358E-02,9.621187E+02,3.455603E-01,4.388329E+03,5.813622E+03,5.687358E-02,1.144998E+03,3.097599E-01,3.805685E+03,5.862531E+03,1.728203E-01,6.584056E+03,5.687358E-02,0.000000E+00,0.000000E+00,3.373814E-02,5.707412E+02,2.076494E-01,2.632894E+03,3.485987E+03,3.373814E-02,6.792278E+02,1.861915E-01,2.284797E+03,3.515989E+03,1.060533E-01,4.008372E+03,3.373814E-02,0.000000E+00,0.000000E+00
12:10:00,7.502470E-02,1.259628E+03,3.646330E-01,4.780109E+03,6.428096E+03,7.502470E-02,1.500874E+03,3.541221E-01,4.421506E+03,6.816819E+03,7.502470E-02,4.244413E+03,7.502470E-02,0.000000E+00,0.000000E+00,5.687358E-02,9.548797E+02,3.459382E-01,4.399790E+03,5.819950E+03,5.687358E-02,1.137759E+03,3.107984E-01,3.824523E+03,5.874192E+03,1.701087E-01,6.505306E+03,5.687358E-02,0.000000E+00,0.000000E+00,3.373814E-02,5.664469E+02,2.640111E-01,3.266484E+03,4.144882E+03,3.373814E-02,6.749335E+02,2.426208E-01,2.919131E+03,4.180642E+03,1.050054E-01,3.977947E+03,3.373814E-02,0.000000E+00,0.000000E+00,5.687358E-02,9.548797E+02,3.480093E-01,4.422912E+03,5.850141E+03,5.687358E-02,1.137759E+03,3.121308E-01,3.839394E+03,5.898859E+03,1.728207E-01,6.584069E+03,5.687358E-02,0.000000E+00,0.000000E+00,3.373814E-02,5.664469E+02,2.092719E-01,2.655304E+03,3.509657E+03,3.373814E-02,6.749335E+02,1.877629E-01,2.306635E+03,3.539531E+03,1.060535E-01,4.008378E+03,3.373814E-02,0.000000E+00,0.000000E+00
12:20:00,7.502470E-02,1.250079E+03,3.654239E-01,4.798489E+03,6.447053E+03,7.502470E-02,1.491324E+03,3.549133E-01,4.439889E+03,6.835806E+03,7.502470E-02,4.244413E+03,7.502470E-02,0.000000E+00,0.000000E+00,5.687358E-02,9.476407E+02,3.487983E-01,4.438962E+03,5.861195E+03,5.687358E-02,1.130520E+03,3.135707E-01,3.862714E+03,5.915128E+03,1.701091E-01,6.505318E+03,5.687358E-02,0.000000E+00,0.000000E+00,3.373814E-02,5.621527E+02,2.618886E-01,3.247078E+03,4.124434E+03,3.373814E-02,6.706393E+02,2.405412E-01,2.900206E+03,4.160790E+03,1.050056E-01,3.977953E+03,3.373814E-02,0.000000E+00,0.000000E+00,5.687358E-02,9.476407E+02,3.503852E-01,4.456677E+03,5.885785E+03,5.687358E-02,1.130520E+03,3.144324E-01,3.872330E+03,5.934330E+03,1.728212E-01,6.584081E+03,5.687358E-02,0.000000E+00,0.000000E+00,3.373814E-02,5.621527E+02,2.108436E-01,2.677146E+03,3.532720E+03,3.373814E-02,6.706393E+02,1.892860E-01,2.327934E+03,3.562479E+03,1.060537E-01,4.008385E+03,3.373814E-02,0.000000E+00,0.000000E+00
12:30:00,7.502470E-02,1.240530E+03,3.662082E-01,4.816796E+03,6.465935E+03,7.502470E-02,1.481775E+03,3.556979E-01,4.458199E+03,6.854715E+03,7.502470E-02,4.244413E+03,7.502470E-02,0.000000E+00,0.000000E+00,5.687358E-02,9.404017E+02,3.515835E-01,4.477297E+03,5.901540E+03,5.687358E-02,1.123281E+03,3.162729E-01,3.900122E+03,5.955191E+03,1.701095E-01,6.505330E+03,5.687358E-02,0.000000E+00,0.000000E+00,3.373814E-02,5.578584E+02,2.604316E-01,3.235104E+03,4.112068E+03,3.373814E-02,6.663450E+02,2.390849E-01,2.888239E+03,4.148595E+03,1.050059E-01,3.977960E+03,3.373814E-02,0.000000E+00,0.000000E+00,5.687358E-02,9.404017E+02,3.526937E-01,4.489691E+03,5.920628E+03,5.687358E-02,1.123281E+03,3.166703E-01,3.904555E+03,5.969013E+03,1.728216E-01,6.584093E+03,5.687358E-02,0.000000E+00,0.000000E+00,3.373814E-02,5.578584E+02,2.123659E-01,2.698437E+03,3.555195E+03,3.373814E-02,6.663450E+02,1.907622E-01,2.348710E+03,3.584846E+03,1.060539E-01,4.008391E+03,3.373814E-02,0.000000E+00,0.000000E+00
12:40:00,7.502470E-02,1.230980E+03,3.669877E-01,4.835050E+03,6.484761E+03,7.502470E-02,1.472226E+03,3.564775E-01,4.476453E+03,6.873570E+03,7.502470E-02,4.244413E+03,7.502470E-02,0.000000E+00,0.000000E+00,5.687358E-02,9.331627E+02,3.542987E-01,4.514852E+03,5.941043E+03,5.687358E-02,1.116042E+03,3.189103E-01,3.936807E+03,5.994447E+03,1.701100E-01,6.505342E+03,5.687358E-02,0.000000E+00,0.000000E+00,3.373814E-02,5.535641E+02,2.595669E-01,3.229743E+03,4.107012E+03,3.373814E-02,6.620507E+02,2.382027E-01,2.882682E+03,4.143617E+03,1.050061E-01,3.977966E+03,3.373814E-02,0.000000E+00,0.000000E+00,5.687358E-02,9.331627E+02,3.549423E-01,4.522035E+03,5.954750E+03,5.687358E-02,1.116042E+03,3.188517E-01,3.936148E+03,6.002994E+03,1.728220E-01,6.584105E+03,5.687358E-02,0.000000E+00,0.000000E+00,3.373814E-02,5.535641E+02,2.138412E-01,2.719203E+03,3.577107E+03,3.373814E-02,6.620507E+02,1.921940E-01,2.368990E+03,3.606665E+03,1.060541E-01,4.008397E+03,3.373814E-02,0.000000E+00,0.000000E+00
12:50:00,7.502470E-02,1.221431E+03,3.677631E-01,4.853256E+03,6.503537E+03,7.502470E-02,1.462676E+03,3.572528E-01,4.494658E+03,6.892374E+03,7.502470E-02,4.244413E+03,7.502470E-02,0.000000E+00,0.000000E+00,5.687358E-02,9.259238E+02,3.569474E-01,4.551664E+03,5.979740E+03,5.687358E-02,1.108803E+03,3.214865E-01,3.972809E+03,6.032945E+03,1.701104E-01,6.505354E+03,5.687358E-02,0.000000E+00,0.000000E+00,3.373814E-02,5.492699E+02,2.587763E-01,3.225208E+03,4.102749E+03,3.373814E-02,6.577565E+02,2.374064E-01,2.878085E+03,4.139564E+03,1.050063E-01,3.977973E+03,3.373814E-02,0.000000E+00,0.000000E+00,5.687358E-02,9.259238E+02,3.571382E-01,4.553791E+03,5.988231E+03,5.687358E-02,1.108803E+03,3.209835E-01,3.967188E+03,6.036358E+03,1.728224E-01,6.584117E+03,5.687358E-02,0.000000E+00,0.000000E+00,3.373814E-02,5.492699E+02,2.152727E-01,2.739480E+03,3.598491E+03,3.373814E-02,6.577565E+02,1.935843E-01,2.388806E+03,3.627972E+03,1.060544E-01,4.008404E+03,3.373814E-02,0.000000E+00,0.000000E+00
13:00:00,7.502470E-02,1.211882E+03,3.685328E-01,4.871399E+03,6.522250E+03,7.502470E-02,1.453127E+03,3.580224E-01,4.512801E+03,6.911114E+03,7.502470E-02,4.244413E+03,7.502470E-02,0.000000E+00,0.000000E+00,5.687358E-02,9.186848E+02,3.595303E-01,4.587741E+03,6.017642E+03,5.687358E-02,1.101564E+03,3.240026E-01,4.008139E+03,6.070696E+03,1.701108E-01,6.505366E+03,5.687358E-02,0.000000E+00,0.000000E+00,3.373814E-02,5.449756E+02,2.580299E-01,3.221168E+03,4.098933E+03,3.373814E-02,6.534622E+02,2.366523E-01,2.873958E+03,4.135906E+03,1.050065E-01,3.977979E+03,3.373814E-02,0.000000E+00,0.000000E+00,5.687358E-02,9.186848E+02,3.592869E-01,4.585020E+03,6.021136E+03,5.687358E-02,1.101564E+03,3.230713E-01,3.997736E+03,6.069168E+03,1.728228E-01,6.584129E+03,5.687358E-02,0.000000E+00,0.000000E+00,3.373814E-02,5.449756E+02,2.166638E-01,2.759305E+03,3.619386E+03,3.373814E-02,6.534622E+02,1.949363E-01,2.408196E+03,3.648805E+03,1.060546E-01,4.008410E+03,3.373814E-02,0.000000E+00,0.000000E+00
13:10:00,7.502470E-02,1.205913E+03,3.693185E-01,4.886140E+03,6.537631E+03,7.502470E-02,1.447159E+03,3.588081E-01,4.527542E+03,6.926521E+03,7.502470E-02,4.244413E+03,7.502470E-02,0.000000E+00,0.000000E+00,5.687358E-02,9.141604E+02,3.620581E-01,4.620489E+03,6.052496E+03,5.687358E-02,1.097040E+03,3.264739E-01,4.040255E+03,6.105571E+03,1.701112E-01,6.505378E+03,5.687358E-02,0.000000E+00,0.000000E+00,3.373814E-02,5.422917E+02,2.573378E-01,3.216124E+03,4.093903E+03,3.373814E-02,6.507783E+02,2.359542E-01,2.868848E+03,4.130979E+03,1.050067E-01,3.977985E+03,3.373814E-02,0.000000E+00,0.000000E+00,5.687358E-02,9.141604E+02,3.614051E-01,4.613195E+03,6.051212E+03,5.687358E-02,1.097040E+03,3.251369E-01,4.025323E+03,6.099288E+03,1.728232E-01,6.584141E+03,5.687358E-02,0.000000E+00,0.000000E+00,3.373814E-02,5.422917E+02,2.180249E-01,2.777186E+03,3.638481E+03,3.373814E-02,6.507783E+02,1.962640E-01,2.425703E+03,3.667930E+03,1.060548E-01,4.008416E+03,3.373814E-02,0.000000E+00,0.000000E+00
13:20:00,7.502470E-02,1.199945E+03,3.700785E-01,4.900573E+03,6.552740E+03,7.502470E-02,1.441191E+03,3.595681E-01,4.541975E+03,6.941659E+03,7.502470E-02,4.244413E+03,7.502470E-02,0.000000E+00,0.000000E+00,5.687358E-02,9.096360E+02,3.644867E-01,4.652100E+03,6.086359E+03,5.687358E-02,1.092516E+03,3.288490E-01,4.071267E+03,6.139478E+03,1.701116E-01,6.505390E+03,5.687358E-02,0.000000E+00,0.000000E+00,3.373814E-02,5.396078E+02,2.566875E-01,3.211529E+03,4.089161E+03,3.373814E-02,6.480944E+02,2.352958E-01,2.864159E+03,4.126222E+03,1.050070E-01,3.977991E+03,3.373814E-02,0.000000E+00,0.000000E+00,5.687358E-02,9.096360E+02,3.634544E-01,4.640570E+03,6.080601E+03,5.687358E-02,1.092516E+03,3.271339E-01,4.052113E+03,6.128700E+03,1.728236E-01,6.584153E+03,5.687358E-02,0.000000E+00,0.000000E+00,3.373814E-02,5.396078E+02,2.193344E-01,2.794474E+03,3.657051E+03,3.373814E-02,6.480944E+02,1.975407E-01,2.442622E+03,3.686524E+03,1.060550E-01,4.008422E+03,3.373814E-02,0.000000E+00,0.000000E+00
13:30:00,7.502470E-02,1.193977E+03,3.708341E-01,4.914954E+03,6.567586E+03,7.502470E-02,1.435222E+03,3.603239E-01,4.556358E+03,6.956529E+03,7.502470E-02,4.244413E+03,7.502470E-02,0.000000E+00,0.000000E+00,5.687358E-02,9.051117E+02,3.668294E-01,4.682748E+03,6.118501E+03,5.687358E-02,1.087991E+03,3.311457E-01,4.101400E+03,6.171596E+03,1.701120E-01,6.505401E+03,5.687358E-02,0.000000E+00,0.000000E+00,3.373814E-02,5.369239E+02,2.560992E-01,3.207622E+03,4.085390E+03,3.373814E-02,6.454105E+02,2.346997E-01,2.860163E+03,4.122541E+03,1.050072E-01,3.977998E+03,3.373814E-02,0.000000E+00,0.000000E+00,5.687358E-02,9.051117E+02,3.654542E-01,4.667390E+03,6.108828E+03,5.687358E-02,1.087991E+03,3.290869E-01,4.078408E+03,6.156899E+03,1.728240E-01,6.584164E+03,5.687358E-02,0.000000E+00,0.000000E+00,3.373814E-02,5.369239E+02,2.206046E-01,2.811320E+03,3.674783E+03,3.373814E-02,6.454105E+02,1.987817E-01,2.459141E+03,3.704240E+03,1.060552E-01,4.008428E+03,3.373814E-02,0.000000E+00,0.000000E+00
13:40:00,7.502470E-02,1.188008E+03,3.715739E-01,4.929159E+03,6.582243E+03,7.502470E-02,1.429254E+03,3.610639E-01,4.570566E+03,6.971212E+03,7.502470E-02,4.244413E+03,7.502470E-02,0.000000E+00,0.000000E+00,5.687358E-02,9.005873E+02,3.690666E-01,4.712218E+03,6.149383E+03,5.687358E-02,1.083467E+03,3.333424E-01,4.130414E+03,6.202475E+03,1.701124E-01,6.505413E+03,5.687358E-02,0.000000E+00,0.000000E+00,3.373814E-02,5.342400E+02,2.555724E-01,3.204402E+03,4.082304E+03,3.373814E-02,6.427266E+02,2.341646E-01,2.856849E+03,4.119522E+03,1.050074E-01,3.978004E+03,3.373814E-02,0.000000E+00,0.000000E+00,5.687358E-02,9.005873E+02,3.673912E-01,4.693508E+03,6.136295E+03,5.687358E-02,1.083467E+03,3.309805E-01,4.104038E+03,6.184340E+03,1.728244E-01,6.584176E+03,5.687358E-02,0.000000E+00,0.000000E+00,3.373814E-02,5.342400E+02,2.218288E-01,2.827653E+03,3.691959E+03,3.373814E-02,6.427266E+02,1.999789E-01,2.475170E+03,3.721404E+03,1.060554E-01,4.008434E+03,3.373814E-02,0.000000E+00,0.000000E+00
13:50:00,7.502470E-02,1.182040E+03,3.722976E-01,4.943183E+03,6.596718E+03,7.502470E-02,1.423286E+03,3.617881E-01,4.584597E+03,6.985712E+03,7.502470E-02,4.244413E+03,7.502470E-02,0.000000E+00,0.000000E+00,5.687358E-02,8.960629E+02,3.711874E-01,4.740388E+03,6.178884E+03,5.687358E-02,1.078943E+03,3.354275E-01,4.158183E+03,6.231992E+03,1.701128E-01,6.505424E+03,5.687358E-02,0.000000E+00,0.000000E+00,3.373814E-02,5.315561E+02,2.551073E-01,3.201871E+03,4.079912E+03,3.373814E-02,6.400427E+02,2.336910E-01,2.854222E+03,4.117187E+03,1.050076E-01,3.978010E+03,3.373814E-02,0.000000E+00,0.000000E+00,5.687358E-02,8.960629E+02,3.692599E-01,4.718863E+03,6.162939E+03,5.687358E-02,1.078943E+03,3.328094E-01,4.128947E+03,6.210973E+03,1.728248E-01,6.584187E+03,5.687358E-02,0.000000E+00,0.000000E+00,3.373814E-02,5.315561E+02,2.230488E-01,2.843937E+03,3.709128E+03,3.373814E-02,6.400427E+02,2.011740E-01,2.491175E+03,3.738586E+03,1.060556E-01,4.008440E+03,3.373814E-02,0.000000E+00,0.000000E+00
14:00:00,7.502470E-02,1.176072E+03,3.730046E-01,4.957021E+03,6.611001E+03,7.502470E-02,1.417317E+03,3.624956E-01,4.598442E+03,7.000023E+03,7.502470E-02,4.244413E+03,7.502470E-02,0.000000E+00,0.000000E+00,5.687358E-02,8.915386E+02,3.731793E-01,4.767118E+03,6.206850E+03,5.687358E-02,1.074418E+03,3.373881E-01,4.184562E+03,6.259997E+03,1.701132E-01,6.505435E+03,5.687358E-02,0.000000E+00,0.000000E+00,3.373814E-02,5.288721E+02,2.546994E-01,3.199980E+03,4.078162E+03,3.373814E-02,6.373587E+02,2.332747E-01,2.852234E+03,4.115492E+03,1.050078E-01,3.978016E+03,3.373814E-02,0.000000E+00,0.000000E+00,5.687358E-02,8.915386E+02,3.710528E-01,4.743371E+03,6.188666E+03,5.687358E-02,1.074418E+03,3.345664E-01,4.153051E+03,6.236711E+03,1.728252E-01,6.584199E+03,5.687358E-02,0.000000E+00,0.000000E+00,3.373814E-02,5.288721E+02,2.248347E-01,2.866540E+03,3.733598E+03,3.373814E-02,6.373587E+02,2.029278E-01,2.513418E+03,3.763246E+03,1.060558E-01,4.008446E+03,3.373814E-02,0.000000E+00,0.000000E+00
14:10:00,7.502470E-02,1.176072E+03,3.736721E-01,4.964450E+03,6.618693E+03,7.502470E-02,1.417317E+03,3.631638E-01,4.605879E+03,7.007732E+03,7.502470E-02,4.244413E+03,7.502470E-02,0.000000E+00,0.000000E+00,5.687358E-02,8.915386E+02,3.749829E-01,4.787222E+03,6.227900E+03,5.687358E-02,1.074418E+03,3.391625E-01,4.204336E+03,6.281044E+03,1.701136E-01,6.505447E+03,5.687358E-02,0.000000E+00,0.000000E+00,3.373814E-02,5.288721E+02,2.543140E-01,3.195655E+03,4.073872E+03,3.373814E-02,6.373587E+02,2.328796E-01,2.847799E+03,4.111221E+03,1.050080E-01,3.978022E+03,3.373814E-02,0.000000E+00,0.000000E+00,5.687358E-02,8.915386E+02,3.727153E-01,4.761899E+03,6.208146E+03,5.687358E-02,1.074418E+03,3.361942E-01,4.171189E+03,6.256157E+03,1.728256E-01,6.584210E+03,5.687358E-02,0.000000E+00,0.000000E+00,3.373814E-02,5.288721E+02,2.272948E-01,2.893985E+03,3.763006E+03,3.373814E-02,6.373587E+02,2.053710E-01,2.540672E+03,3.793199E+03,1.060560E-01,4.008452E+03,3.373814E-02,0.000000E+00,0.000000E+00
14:20:00,7.502470E-02,1.176072E+03,3.743414E-01,4.971920E+03,6.626449E+03,7.502470E-02,1.417317E+03,3.638343E-01,4.613362E+03,7.015511E+03,7.502470E-02,4.244413E+03,7.502470E-02,0.000000E+00,0.000000E+00,5.687358E-02,8.915386E+02,3.766280E-01,4.805584E+03,6.247108E+03,5.687358E-02,1.074418E+03,3.407869E-01,4.222468E+03,6.300297E+03,1.701139E-01,6.505458E+03,5.687358E-02,0.000000E+00,0.000000E+00,3.373814E-02,5.288721E+02,2.539633E-01,3.191736E+03,4.069974E+03,3.373814E-02,6.373587E+02,2.325226E-01,2.843809E+03,4.107356E+03,1.050082E-01,3.978028E+03,3.373814E-02,0.000000E+00,0.000000E+00,5.687358E-02,8.915386E+02,3.742792E-01,4.779355E+03,6.226475E+03,5.687358E-02,1.074418E+03,3.377326E-01,4.188360E+03,6.274513E+03,1.728260E-01,6.584221E+03,5.687358E-02,0.000000E+00,0.000000E+00,3.373814E-02,5.288721E+02,2.305664E-01,2.930507E+03,3.801369E+03,3.373814E-02,6.373587E+02,2.085910E-01,2.576615E+03,3.831658E+03,1.060562E-01,4.008458E+03,3.373814E-02,0.000000E+00,0.000000E+00
14:30:00,7.502470E-02,1.176072E+03,3.749909E-01,4.979172E+03,6.633970E+03,7.502470E-02,1.417317E+03,3.644851E-01,4.620628E+03,7.023055E+03,7.502470E-02,4.244413E+03,7.502470E-02,0.000000E+00,0.000000E+00,5.687358E-02,8.915386E+02,3.781122E-01,4.822155E+03,6.264436E+03,5.687358E-02,1.074418E+03,3.422538E-01,4.238845E+03,6.317637E+03,1.701143E-01,6.505469E+03,5.687358E-02,0.000000E+00,0.000000E+00,3.373814E-02,5.288721E+02,2.536265E-01,3.187975E+03,4.066197E+03,3.373814E-02,6.373587E+02,2.321804E-01,2.839988E+03,4.103581E+03,1.050084E-01,3.978033E+03,3.373814E-02,0.000000E+00,0.000000E+00,5.687358E-02,8.915386E+02,3.757174E-01,4.795412E+03,6.243291E+03,5.687358E-02,1.074418E+03,3.391495E-01,4.204178E+03,6.291327E+03,1.728264E-01,6.584232E+03,5.687358E-02,0.000000E+00,0.000000E+00,3.373814E-02,5.288721E+02,2.346990E-01,2.976642E+03,3.849298E+03,3.373814E-02,6.373587E+02,2.126454E-01,2.621876E+03,3.879393E+03,1.060564E-01,4.008464E+03,3.373814E-02,0.000000E+00,0.000000E+00
14:40:00,7.502470E-02,1.176072E+03,3.756319E-01,4.986328E+03,6.641392E+03,7.502470E-02,1.417317E+03,3.651275E-01,4.627801E+03,7.030503E+03,7.502470E-02,4.244413E+03,7.502470E-02,0.000000E+00,0.000000E+00,5.687358E-02,8.915386E+02,3.794533E-01,4.837129E+03,6.280064E+03,5.687358E-02,1.074418E+03,3.435827E-01,4.253681E+03,6.333282E+03,1.701147E-01,6.505480E+03,5.687358E-02,0.000000E+00,0.000000E+00,3.373814E-02,5.288721E+02,2.532978E-01,3.184305E+03,4.062478E+03,3.373814E-02,6.373587E+02,2.318487E-01,2.836285E+03,4.099857E+03,1.050086E-01,3.978039E+03,3.373814E-02,0.000000E+00,0.000000E+00,5.687358E-02,8.915386E+02,3.770331E-01,4.810101E+03,6.258635E+03,5.687358E-02,1.074418E+03,3.404502E-01,4.218699E+03,6.306680E+03,1.728267E-01,6.584243E+03,5.687358E-02,0.000000E+00,0.000000E+00,3.373814E-02,5.288721E+02,2.397457E-01,3.032983E+03,3.907741E+03,3.373814E-02,6.373587E+02,2.175919E-01,2.677096E+03,3.937462E+03,1.060566E-01,4.008470E+03,3.373814E-02,0.000000E+00,0.000000E+00
14:50:00,7.502470E-02,1.176072E+03,3.762639E-01,4.993384E+03,6.648713E+03,7.502470E-02,1.417317E+03,3.657611E-01,4.634875E+03,7.037850E+03,7.502470E-02,4.244413E+03,7.502470E-02,0.000000E+00,0.000000E+00,5.687358E-02,8.915386E+02,3.806484E-01,4.850472E+03,6.293915E+03,5.687358E-02,1.074418E+03,3.447710E-01,4.266948E+03,6.347165E+03,1.701151E-01,6.505491E+03,5.687358E-02,0.000000E+00,0.000000E+00,3.373814E-02,5.288721E+02,2.529663E-01,3.180603E+03,4.058687E+03,3.373814E-02,6.373587E+02,2.315167E-01,2.832577E+03,4.096066E+03,1.050088E-01,3.978045E+03,3.373814E-02,0.000000E+00,0.000000E+00,5.687358E-02,8.915386E+02,3.782195E-01,4.823347E+03,6.272417E+03,5.687358E-02,1.074418E+03,3.416277E-01,4.231846E+03,6.320490E+03,1.728271E-01,6.584254E+03,5.687358E-02,0.000000E+00,0.000000E+00,3.373814E-02,5.288721E+02,2.456999E-01,3.099454E+03,3.976899E+03,3.373814E-02,6.373587E+02,2.234285E-01,2.742252E+03,4.006137E+03,1.060568E-01,4.008476E+03,3.373814E-02,0.000000E+00,0.000000E+00
15:00:00,7.502470E-02,1.176072E+03,3.768868E-01,5.000339E+03,6.655928E+03,7.502470E-02,1.417317E+03,3.663858E-01,4.641849E+03,7.045094E+03,7.502470E-02,4.244413E+03,7.502470E-02,0.000000E+00,0.000000E+00,5.687358E-02,8.915386E+02,3.816956E-01,4.862164E+03,6.305963E+03,5.687358E-02,1.074418E+03,3.458172E-01,4.278629E+03,6.359271E+03,1.701154E-01,6.505502E+03,5.687358E-02,0.000000E+00,0.000000E+00,3.373814E-02,5.288721E+02,2.526203E-01,3.176740E+03,4.054687E+03,3.373814E-02,6.373587E+02,2.311730E-01,2.828740E+03,4.092082E+03,1.050090E-01,3.978051E+03,3.373814E-02,0.000000E+00,0.000000E+00,5.687358E-02,8.915386E+02,3.792706E-01,4.835083E+03,6.284558E+03,5.687358E-02,1.074418E+03,3.426739E-01,4.243526E+03,6.332662E+03,1.728275E-01,6.584265E+03,5.687358E-02,0.000000E+00,0.000000E+00,3.373814E-02,5.288721E+02,2.520188E-01,3.169998E+03,4.050035E+03,3.373814E-02,6.373587E+02,2.296232E-01,2.811406E+03,4.078593E+03,1.060570E-01,4.008481E+03,3.373814E-02,0.000000E+00,0.000000E+00
15:10:00,7.502470E-02,1.183234E+03,3.774983E-01,5.000006E+03,6.655681E+03,7.502470E-02,1.424479E+03,3.669991E-01,4.641535E+03,7.044862E+03,7.502470E-02,4.244413E+03,7.502470E-02,0.000000E+00,0.000000E+00,5.687358E-02,8.969678E+02,3.825832E-01,4.866646E+03,6.310525E+03,5.687358E-02,1.079848E+03,3.467113E-01,4.283182E+03,6.363931E+03,1.701158E-01,6.505512E+03,5.687358E-02,0.000000E+00,0.000000E+00,3.373814E-02,5.320928E+02,2.522437E-01,3.169314E+03,4.046989E+03,3.373814E-02,6.405794E+02,2.308024E-01,2.821382E+03,4.084421E+03,1.050092E-01,3.978056E+03,3.373814E-02,0.000000E+00,0.000000E+00,5.687358E-02,8.969678E+02,3.801640E-01,4.839628E+03,6.289219E+03,5.687358E-02,1.079848E+03,3.435721E-01,4.248125E+03,6.337425E+03,1.728279E-01,6.584275E+03,5.687358E-02,0.000000E+00,0.000000E+00,3.373814E-02,5.320928E+02,2.585738E-01,3.239957E+03,4.122383E+03,3.373814E-02,6.405794E+02,2.360239E-01,2.879639E+03,4.149729E+03,1.060572E-01,4.008487E+03,3.373814E-02,0.000000E+00,0.000000E+00
15:20:00,7.502470E-02,1.190396E+03,3.780950E-01,4.999505E+03,6.655259E+03,7.502470E-02,1.431641E+03,3.675975E-01,4.641055E+03,7.044455E+03,7.502470E-02,4.244413E+03,7.502470E-02,0.000000E+00,0.000000E+00,5.687358E-02,9.023970E+02,3.833124E-01,4.869358E+03,6.313216E+03,5.687358E-02,1.085277E+03,3.474541E-01,4.286046E+03,6.366734E+03,1.701162E-01,6.505523E+03,5.687358E-02,0.000000E+00,0.000000E+00,3.373814E-02,5.353135E+02,2.518278E-01,3.161450E+03,4.038793E+03,3.373814E-02,6.438001E+02,2.303961E-01,2.813625E+03,4.076256E+03,1.050094E-01,3.978062E+03,3.373814E-02,0.000000E+00,0.000000E+00,5.687358E-02,9.023970E+02,3.808954E-01,4.842366E+03,6.291942E+03,5.687358E-02,1.085277E+03,3.443155E-01,4.250996E+03,6.340249E+03,1.728282E-01,6.584286E+03,5.687358E-02,0.000000E+00,0.000000E+00,3.373814E-02,5.353135E+02,2.652599E-01,3.311381E+03,4.196036E+03,3.373814E-02,6.438001E+02,2.425819E-01,2.949629E+03,4.222355E+03,1.060574E-01,4.008492E+03,3.373814E-02,0.000000E+00,0.000000E+00
15:30:00,7.502470E-02,1.197558E+03,3.786728E-01,4.998795E+03,6.654616E+03,7.502470E-02,1.438803E+03,3.681772E-01,4.640365E+03,7.043827E+03,7.502470E-02,4.244413E+03,7.502470E-02,0.000000E+00,0.000000E+00,5.687358E-02,9.078263E+02,3.838565E-01,4.870004E+03,6.313715E+03,5.687358E-02,1.090706E+03,3.480198E-01,4.286934E+03,6.367351E+03,1.701165E-01,6.505533E+03,5.687358E-02,0.000000E+00,0.000000E+00,3.373814E-02,5.385342E+02,2.513634E-01,3.153045E+03,4.029990E+03,3.373814E-02,6.470208E+02,2.299452E-01,2.805370E+03,4.067473E+03,1.050096E-01,3.978067E+03,3.373814E-02,0.000000E+00,0.000000E+00,5.687358E-02,9.078263E+02,3.814576E-01,4.843214E+03,6.292647E+03,5.687358E-02,1.090706E+03,3.448971E-01,4.252060E+03,6.341051E+03,1.728286E-01,6.584297E+03,5.687358E-02,0.000000E+00,0.000000E+00,3.373814E-02,5.385342E+02,2.720148E-01,3.383575E+03,4.270311E+03,3.373814E-02,6.470208E+02,2.492248E-01,3.020570E+03,4.295662E+03,1.060576E-01,4.008498E+03,3.373814E-02,0.000000E+00,0.000000E+00
15:40:00,7.502470E-02,1.204720E+03,3.792277E-01,4.997829E+03,6.653702E+03,7.502470E-02,1.445965E+03,3.687342E-01,4.639422E+03,7.042931E+03,7.502470E-02,4.244413E+03,7.502470E-02,0.000000E+00,0.000000E+00,5.687358E-02,9.132555E+02,3.842019E-01,4.868432E+03,6.311844E+03,5.687358E-02,1.096135E+03,3.483947E-01,4.285691E+03,6.365613E+03,1.701169E-01,6.505544E+03,5.687358E-02,0.000000E+00,0.000000E+00,3.373814E-02,5.417549E+02,2.508415E-01,3.143998E+03,4.020475E+03,3.373814E-02,6.502415E+02,2.294408E-01,2.796519E+03,4.057980E+03,1.050098E-01,3.978073E+03,3.373814E-02,0.000000E+00,0.000000E+00,5.687358E-02,9.132555E+02,3.818440E-01,4.842100E+03,6.291250E+03,5.687358E-02,1.096135E+03,3.453105E-01,4.251247E+03,6.339762E+03,1.728289E-01,6.584307E+03,5.687358E-02,0.000000E+00,0.000000E+00,3.373814E-02,5.417549E+02,2.787834E-01,3.455922E+03,4.344599E+03,3.373814E-02,6.502415E+02,2.558955E-01,3.091822E+03,4.369040E+03,1.060578E-01,4.008503E+03,3.373814E-02,0.000000E+00,0.000000E+00
15:50:00,7.502470E-02,1.211882E+03,3.797558E-01,4.996562E+03,6.652472E+03,7.502470E-02,1.453127E+03,3.692647E-01,4.638183E+03,7.041722E+03,7.502470E-02,4.244413E+03,7.502470E-02,0.000000E+00,0.000000E+00,5.687358E-02,9.186848E+02,3.843479E-01,4.864634E+03,6.307589E+03,5.687358E-02,1.101564E+03,3.485779E-01,4.282308E+03,6.361518E+03,1.701173E-01,6.505554E+03,5.687358E-02,0.000000E+00,0.000000E+00,3.373814E-02,5.449756E+02,2.502540E-01,3.134218E+03,4.010151E+03,3.373814E-02,6.534622E+02,2.288750E-01,2.786981E+03,4.047691E+03,1.050100E-01,3.978078E+03,3.373814E-02,0.000000E+00,0.000000E+00,5.687358E-02,9.186848E+02,3.820489E-01,4.838959E+03,6.287673E+03,5.687358E-02,1.101564E+03,3.455502E-01,4.248496E+03,6.336321E+03,1.728293E-01,6.584317E+03,5.687358E-02,0.000000E+00,0.000000E+00,3.373814E-02,5.449756E+02,2.855132E-01,3.527836E+03,4.418321E+03,3.373814E-02,6.534622E+02,2.625384E-01,3.162764E+03,4.441895E+03,1.060580E-01,4.008509E+03,3.373814E-02,0.000000E+00,0.000000E+00
16:00:00,7.502470E-02,1.219044E+03,3.802531E-01,4.994953E+03,6.650882E+03,7.502470E-02,1.460289E+03,3.697648E-01,4.636605E+03,7.040156E+03,7.502470E-02,4.244413E+03,7.502470E-02,0.000000E+00,0.000000E+00,5.687358E-02,9.241140E+02,3.842960E-01,4.858626E+03,6.300962E+03,5.687358E-02,1.106994E+03,3.485702E-01,4.276794E+03,6.355085E+03,1.701176E-01,6.505565E+03,5.687358E-02,0.000000E+00,0.000000E+00,3.373814E-02,5.481963E+02,2.495942E-01,3.123631E+03,3.998943E+03,3.373814E-02,6.566829E+02,2.282408E-01,2.776681E+03,4.036539E+03,1.050101E-01,3.978084E+03,3.373814E-02,0.000000E+00,0.000000E+00,5.687358E-02,9.241140E+02,3.820669E-01,4.833731E+03,6.281841E+03,5.687358E-02,1.106994E+03,3.456130E-01,4.243769E+03,6.330698E+03,1.728297E-01,6.584328E+03,5.687358E-02,0.000000E+00,0.000000E+00,3.373814E-02,5.481963E+02,2.920183E-01,3.597242E+03,4.489216E+03,3.373814E-02,6.566829E+02,2.689694E-01,3.231341E+03,4.511962E+03,1.060582E-01,4.008514E+03,3.373814E-02,0.000000E+00,0.000000E+00
16:10:00,7.502470E-02,1.228593E+03,3.807155E-01,4.990567E+03,6.646438E+03,7.502470E-02,1.469838E+03,3.702305E-01,4.632255E+03,7.035737E+03,7.502470E-02,4.244413E+03,7.502470E-02,0.000000E+00,0.000000E+00,5.687358E-02,9.313530E+02,3.840918E-01,4.849109E+03,6.290690E+03,5.687358E-02,1.114233E+03,3.484131E-01,4.267803E+03,6.345012E+03,1.701180E-01,6.505575E+03,5.687358E-02,0.000000E+00,0.000000E+00,3.373814E-02,5.524906E+02,2.488810E-01,3.111374E+03,3.986000E+03,3.373814E-02,6.609772E+02,2.275549E-01,2.764730E+03,4.023655E+03,1.050103E-01,3.978089E+03,3.373814E-02,0.000000E+00,0.000000E+00,5.687358E-02,9.313530E+02,3.819418E-01,4.825096E+03,6.272470E+03,5.687358E-02,1.114233E+03,3.455343E-01,4.235653E+03,6.321516E+03,1.728300E-01,6.584338E+03,5.687358E-02,0.000000E+00,0.000000E+00,3.373814E-02,5.524906E+02,2.981595E-01,3.661513E+03,4.554741E+03,3.373814E-02,6.609772E+02,2.750491E-01,3.294923E+03,4.576719E+03,1.060584E-01,4.008520E+03,3.373814E-02,0.000000E+00,0.000000E+00
16:20:00,7.502470E-02,1.238142E+03,3.811391E-01,4.985746E+03,6.641538E+03,7.502470E-02,1.479388E+03,3.706574E-01,4.627473E+03,7.030862E+03,7.502470E-02,4.244413E+03,7.502470E-02,0.000000E+00,0.000000E+00,5.687358E-02,9.385920E+02,3.837343E-01,4.837879E+03,6.278621E+03,5.687358E-02,1.121472E+03,3.481058E-01,4.257135E+03,6.333139E+03,1.701183E-01,6.505585E+03,5.687358E-02,0.000000E+00,0.000000E+00,3.373814E-02,5.567848E+02,2.481076E-01,3.098446E+03,3.972344E+03,3.373814E-02,6.652714E+02,2.268109E-01,2.752129E+03,4.010057E+03,1.050105E-01,3.978095E+03,3.373814E-02,0.000000E+00,0.000000E+00,5.687358E-02,9.385920E+02,3.816661E-01,4.814781E+03,6.261330E+03,5.687358E-02,1.121472E+03,3.453094E-01,4.225904E+03,6.310573E+03,1.728304E-01,6.584348E+03,5.687358E-02,0.000000E+00,0.000000E+00,3.373814E-02,5.567848E+02,3.038514E-01,3.720768E+03,4.615245E+03,3.373814E-02,6.652714E+02,2.806923E-01,3.353633E+03,4.636564E+03,1.060585E-01,4.008525E+03,3.373814E-02,0.000000E+00,0.000000E+00
16:30:00,7.502470E-02,1.247692E+03,3.815198E-01,4.980449E+03,6.636135E+03,7.502470E-02,1.488937E+03,3.710419E-01,4.622217E+03,7.025487E+03,7.502470E-02,4.244413E+03,7.502470E-02,0.000000E+00,0.000000E+00,5.687358E-02,9.458310E+02,3.832232E-01,4.824935E+03,6.264750E+03,5.687358E-02,1.128711E+03,3.476482E-01,4.244789E+03,6.319460E+03,1.701187E-01,6.505595E+03,5.687358E-02,0.000000E+00,0.000000E+00,3.373814E-02,5.610791E+02,2.472687E-01,3.084786E+03,3.957911E+03,3.373814E-02,6.695657E+02,2.260034E-01,2.738821E+03,3.995681E+03,1.050107E-01,3.978100E+03,3.373814E-02,0.000000E+00,0.000000E+00,5.687358E-02,9.458310E+02,3.812347E-01,4.802727E+03,6.248358E+03,5.687358E-02,1.128711E+03,3.449331E-01,4.214466E+03,6.297808E+03,1.728307E-01,6.584358E+03,5.687358E-02,0.000000E+00,0.000000E+00,3.373814E-02,5.610791E+02,3.090419E-01,3.774427E+03,4.670164E+03,3.373814E-02,6.695657E+02,2.858470E-01,3.406892E+03,4.690956E+03,1.060587E-01,4.008530E+03,3.373814E-02,0.000000E+00,0.000000E+00
16:40:00,7.502470E-02,1.257241E+03,3.818544E-01,4.974635E+03,6.630192E+03,7.502470E-02,1.498486E+03,3.713804E-01,4.616446E+03,7.019572E+03,7.502470E-02,4.244413E+03,7.502470E-02,0.000000E+00,0.000000E+00,5.687358E-02,9.530700E+02,3.825586E-01,4.810278E+03,6.249078E+03,5.687358E-02,1.135950E+03,3.470401E-01,4.230762E+03,6.303980E+03,1.701190E-01,6.505605E+03,5.687358E-02,0.000000E+00,0.000000E+00,3.373814E-02,5.653734E+02,2.463595E-01,3.070343E+03,3.942646E+03,3.373814E-02,6.738600E+02,2.251278E-01,2.724751E+03,3.980475E+03,1.050109E-01,3.978105E+03,3.373814E-02,0.000000E+00,0.000000E+00,5.687358E-02,9.530700E+02,3.806435E-01,4.788889E+03,6.233512E+03,5.687358E-02,1.135950E+03,3.444016E-01,4.201295E+03,6.283181E+03,1.728310E-01,6.584368E+03,5.687358E-02,0.000000E+00,0.000000E+00,3.373814E-02,5.653734E+02,3.136631E-01,3.821730E+03,4.718561E+03,3.373814E-02,6.738600E+02,2.904454E-01,3.453939E+03,4.738942E+03,1.060589E-01,4.008536E+03,3.373814E-02,0.000000E+00,0.000000E+00
16:50:00,7.502470E-02,1.266790E+03,3.821397E-01,4.968272E+03,6.623675E+03,7.502470E-02,1.508036E+03,3.716696E-01,4.610127E+03,7.013082E+03,7.502470E-02,4.244413E+03,7.502470E-02,0.000000E+00,0.000000E+00,5.687358E-02,9.603089E+02,3.817392E-01,4.793892E+03,6.231588E+03,5.687358E-02,1.143189E+03,3.462797E-01,4.215035E+03,6.286680E+03,1.701193E-01,6.505615E+03,5.687358E-02,0.000000E+00,0.000000E+00,3.373814E-02,5.696676E+02,2.453760E-01,3.055068E+03,3.926501E+03,3.373814E-02,6.781542E+02,2.241798E-01,2.709874E+03,3.964394E+03,1.050111E-01,3.978110E+03,3.373814E-02,0.000000E+00,0.000000E+00,5.687358E-02,9.603089E+02,3.798903E-01,4.773242E+03,6.216762E+03,5.687358E-02,1.143189E+03,3.437125E-01,4.186364E+03,6.266669E+03,1.728314E-01,6.584378E+03,5.687358E-02,0.000000E+00,0.000000E+00,3.373814E-02,5.696676E+02,3.176505E-01,3.861956E+03,4.759560E+03,3.373814E-02,6.781542E+02,2.944230E-01,3.494056E+03,4.779626E+03,1.060591E-01,4.008541E+03,3.373814E-02,0.000000E+00,0.000000E+00
17:00:00,7.502470E-02,1.276339E+03,3.823545E-01,4.961132E+03,6.616259E+03,7.502470E-02,1.517585E+03,3.718883E-01,4.603031E+03,7.005690E+03,7.502470E-02,4.244413E+03,7.502470E-02,0.000000E+00,0.000000E+00,5.687358E-02,9.675479E+02,3.806350E-01,4.774341E+03,6.210900E+03,5.687358E-02,1.150428E+03,3.452383E-01,4.196188E+03,6.266116E+03,1.701197E-01,6.505625E+03,5.687358E-02,0.000000E+00,0.000000E+00,3.373814E-02,5.739619E+02,2.442470E-01,3.038180E+03,3.908896E+03,3.373814E-02,6.824485E+02,2.230900E-01,2.693425E+03,3.946871E+03,1.050112E-01,3.978116E+03,3.373814E-02,0.000000E+00,0.000000E+00,5.687358E-02,9.675479E+02,3.788548E-01,4.754459E+03,6.196828E+03,5.687358E-02,1.150428E+03,3.427448E-01,4.168339E+03,6.246891E+03,1.728317E-01,6.584388E+03,5.687358E-02,0.000000E+00,0.000000E+00,3.373814E-02,5.739619E+02,3.208796E-01,3.893730E+03,4.790719E+03,3.373814E-02,6.824485E+02,2.976539E-01,3.525852E+03,4.810213E+03,1.060593E-01,4.008546E+03,3.373814E-02,0.000000E+00,0.000000E+00
17:10:00,7.502470E-02,1.288276E+03,3.825129E-01,4.950988E+03,6.605886E+03,7.502470E-02,1.529522E+03,3.720508E-01,4.592932E+03,6.995338E+03,7.502470E-02,4.244413E+03,7.502470E-02,0.000000E+00,0.000000E+00,5.687358E-02,9.765967E+02,3.793413E-01,4.750882E+03,6.186129E+03,5.687358E-02,1.159476E+03,3.440068E-01,4.173425E+03,6.241508E+03,1.701200E-01,6.505634E+03,5.687358E-02,0.000000E+00,0.000000E+00,3.373814E-02,5.793297E+02,2.430224E-01,3.019160E+03,3.888879E+03,3.373814E-02,6.878163E+02,2.219046E-01,2.674845E+03,3.926917E+03,1.050114E-01,3.978121E+03,3.373814E-02,0.000000E+00,0.000000E+00,5.687358E-02,9.765967E+02,3.776277E-01,4.731742E+03,6.172796E+03,5.687358E-02,1.159476E+03,3.415911E-01,4.146446E+03,6.223147E+03,1.728321E-01,6.584398E+03,5.687358E-02,0.000000E+00,0.000000E+00,3.373814E-02,5.793297E+02,3.235654E-01,3.918380E+03,4.816134E+03,3.373814E-02,6.878163E+02,3.003522E-01,3.550643E+03,4.835635E+03,1.060594E-01,4.008551E+03,3.373814E-02,0.000000E+00,0.000000E+00
17:20:00,7.502470E-02,1.300213E+03,3.826146E-01,4.940211E+03,6.594822E+03,7.502470E-02,1.541458E+03,3.721566E-01,4.582201E+03,6.984295E+03,7.502470E-02,4.244413E+03,7.502470E-02,0.000000E+00,0.000000E+00,5.687358E-02,9.856454E+02,3.778614E-01,4.725343E+03,6.159288E+03,5.687358E-02,1.168525E+03,3.425971E-01,4.148673E+03,6.214887E+03,1.701204E-01,6.505644E+03,5.687358E-02,0.000000E+00,0.000000E+00,3.373814E-02,5.846975E+02,2.417039E-01,2.999092E+03,3.867872E+03,3.373814E-02,6.931841E+02,2.206305E-01,2.655275E+03,3.906026E+03,1.050116E-01,3.978126E+03,3.373814E-02,0.000000E+00,0.000000E+00,5.687358E-02,9.856454E+02,3.762901E-01,4.707793E+03,6.147623E+03,5.687358E-02,1.168525E+03,3.403300E-01,4.123353E+03,6.198263E+03,1.728324E-01,6.584407E+03,5.687358E-02,0.000000E+00,0.000000E+00,3.373814E-02,5.846975E+02,3.256953E-01,3.936824E+03,4.834901E+03,3.373814E-02,6.931841E+02,3.025048E-01,3.569345E+03,4.854391E+03,1.060596E-01,4.008556E+03,3.373814E-02,0.000000E+00,0.000000E+00
17:30:00,7.502470E-02,1.312149E+03,3.826563E-01,4.928766E+03,6.583061E+03,7.502470E-02,1.553395E+03,3.722027E-01,4.570803E+03,6.972557E+03,7.502470E-02,4.244413E+03,7.502470E-02,0.000000E+00,0.000000E+00,5.687358E-02,9.946941E+02,3.761877E-01,4.697640E+03,6.130070E+03,5.687358E-02,1.177574E+03,3.409984E-01,4.121811E+03,6.185893E+03,1.701207E-01,6.505654E+03,5.687358E-02,0.000000E+00,0.000000E+00,3.373814E-02,5.900654E+02,2.402884E-01,2.977941E+03,3.845646E+03,3.373814E-02,6.985520E+02,2.192624E-01,2.634656E+03,3.883917E+03,1.050118E-01,3.978131E+03,3.373814E-02,0.000000E+00,0.000000E+00,5.687358E-02,9.946941E+02,3.749688E-01,4.684026E+03,6.122567E+03,5.687358E-02,1.177574E+03,3.390826E-01,4.100413E+03,6.173473E+03,1.728327E-01,6.584417E+03,5.687358E-02,0.000000E+00,0.000000E+00,3.373814E-02,5.900654E+02,3.272102E-01,3.948402E+03,4.846578E+03,3.373814E-02,6.985520E+02,3.040529E-01,3.581297E+03,4.866145E+03,1.060598E-01,4.008561E+03,3.373814E-02,0.000000E+00,0.000000E+00
17:40:00,7.502470E-02,1.324086E+03,3.826408E-01,4.916681E+03,6.570634E+03,7.502470E-02,1.565331E+03,3.721917E-01,4.558767E+03,6.960153E+03,7.502470E-02,4.244413E+03,7.502470E-02,0.000000E+00,0.000000E+00,5.687358E-02,1.003743E+03,3.743131E-01,4.667696E+03,6.098409E+03,5.687358E-02,1.186623E+03,3.392040E-01,4.092764E+03,6.154461E+03,1.701210E-01,6.505663E+03,5.687358E-02,0.000000E+00,0.000000E+00,3.373814E-02,5.954332E+02,2.387749E-01,2.955697E+03,3.822211E+03,3.373814E-02,7.039198E+02,2.177991E-01,2.612974E+03,3.860600E+03,1.050119E-01,3.978136E+03,3.373814E-02,0.000000E+00,0.000000E+00,5.687358E-02,1.003743E+03,3.739078E-01,4.663164E+03,6.100477E+03,5.687358E-02,1.186623E+03,3.380885E-01,4.080301E+03,6.151627E+03,1.728331E-01,6.584426E+03,5.687358E-02,0.000000E+00,0.000000E+00,3.373814E-02,5.954332E+02,3.280935E-01,3.952928E+03,4.850974E+03,3.373814E-02,7.039198E+02,3.049797E-01,3.586312E+03,4.870704E+03,1.060600E-01,4.008566E+03,3.373814E-02,0.000000E+00,0.000000E+00
17:50:00,7.502470E-02,1.336023E+03,3.825786E-01,4.904074E+03,6.557668E+03,7.502470E-02,1.577268E+03,3.721340E-01,4.546210E+03,6.947209E+03,7.502470E-02,4.244413E+03,7.502470E-02,0.000000E+00,0.000000E+00,5.687358E-02,1.012792E+03,3.722307E-01,4.635429E+03,6.064241E+03,5.687358E-02,1.195671E+03,3.372074E-01,4.061458E+03,6.120543E+03,1.701213E-01,6.505673E+03,5.687358E-02,0.000000E+00,0.000000E+00,3.373814E-02,6.008010E+02,2.371637E-01,2.932360E+03,3.797584E+03,3.373814E-02,7.092876E+02,2.162411E-01,2.590233E+03,3.836102E+03,1.050121E-01,3.978141E+03,3.373814E-02,0.000000E+00,0.000000E+00,5.687358E-02,1.012792E+03,3.731581E-01,4.645777E+03,6.081677E+03,5.687358E-02,1.195671E+03,3.374000E-01,4.063600E+03,6.133028E+03,1.728334E-01,6.584436E+03,5.687358E-02,0.000000E+00,0.000000E+00,3.373814E-02,6.008010E+02,3.283301E-01,3.950233E+03,4.847919E+03,3.373814E-02,7.092876E+02,3.052702E-01,3.584223E+03,4.867898E+03,1.060601E-01,4.008571E+03,3.373814E-02,0.000000E+00,0.000000E+00
18:00:00,7.502470E-02,1.347959E+03,3.825020E-01,4.891295E+03,6.544547E+03,7.502470E-02,1.589205E+03,3.720620E-01,4.533482E+03,6.934113E+03,7.502470E-02,4.244413E+03,7.502470E-02,0.000000E+00,0.000000E+00,5.687358E-02,1.021840E+03,3.700607E-01,4.602169E+03,6.029119E+03,5.687358E-02,1.204720E+03,3.351284E-01,4.029216E+03,6.085741E+03,1.701217E-01,6.505682E+03,5.687358E-02,0.000000E+00,0.000000E+00,3.373814E-02,6.061688E+02,2.355230E-01,2.908685E+03,3.772641E+03,3.373814E-02,7.146554E+02,2.146552E-01,2.567171E+03,3.811310E+03,1.050123E-01,3.978146E+03,3.373814E-02,0.000000E+00,0.000000E+00,5.687358E-02,1.021840E+03,3.728527E-01,4.633337E+03,6.067937E+03,5.687358E-02,1.204720E+03,3.371532E-01,4.051814E+03,6.119521E+03,1.728337E-01,6.584445E+03,5.687358E-02,0.000000E+00,0.000000E+00,3.373814E-02,6.061688E+02,3.280837E-01,3.942132E+03,4.839438E+03,3.373814E-02,7.146554E+02,3.050897E-01,3.576861E+03,4.859817E+03,1.060603E-01,4.008576E+03,3.373814E-02,0.000000E+00,0.000000E+00
18:10:00,7.502470E-02,1.365864E+03,3.824053E-01,4.872311E+03,6.525068E+03,7.502470E-02,1.607110E+03,3.719699E-01,4.514550E+03,6.914648E+03,7.502470E-02,4.244413E+03,7.502470E-02,0.000000E+00,0.000000E+00,5.687358E-02,1.035413E+03,3.676670E-01,4.561872E+03,5.986674E+03,5.687358E-02,1.218293E+03,3.328410E-01,3.990106E+03,6.043743E+03,1.701220E-01,6.505691E+03,5.687358E-02,0.000000E+00,0.000000E+00,3.373814E-02,6.142206E+02,2.337834E-01,2.881211E+03,3.743744E+03,3.373814E-02,7.227072E+02,2.129789E-01,2.540405E+03,3.782636E+03,1.050124E-01,3.978151E+03,3.373814E-02,0.000000E+00,0.000000E+00,5.687358E-02,1.035413E+03,3.728431E-01,4.619657E+03,6.052993E+03,5.687358E-02,1.218293E+03,3.372054E-01,4.038824E+03,6.104854E+03,1.728340E-01,6.584454E+03,5.687358E-02,0.000000E+00,0.000000E+00,3.373814E-02,6.142206E+02,3.271316E-01,3.923453E+03,4.820062E+03,3.373814E-02,7.227072E+02,3.042174E-01,3.559073E+03,4.840943E+03,1.060605E-01,4.008581E+03,3.373814E-02,0.000000E+00,0.000000E+00
18:20:00,7.502470E-02,1.383769E+03,3.822920E-01,4.853141E+03,6.505388E+03,7.502470E-02,1.625015E+03,3.718612E-01,4.495432E+03,6.894984E+03,7.502470E-02,4.244413E+03,7.502470E-02,0.000000E+00,0.000000E+00,5.687358E-02,1.048987E+03,3.650390E-01,4.518958E+03,5.941436E+03,5.687358E-02,1.231866E+03,3.303255E-01,3.948449E+03,5.998928E+03,1.701223E-01,6.505701E+03,5.687358E-02,0.000000E+00,0.000000E+00,3.373814E-02,6.222723E+02,2.319427E-01,2.852608E+03,3.713623E+03,3.373814E-02,7.307589E+02,2.112042E-01,2.512539E+03,3.752712E+03,1.050126E-01,3.978156E+03,3.373814E-02,0.000000E+00,0.000000E+00,5.687358E-02,1.048987E+03,3.729734E-01,4.607538E+03,6.039787E+03,5.687358E-02,1.231866E+03,3.374061E-01,4.027492E+03,6.091986E+03,1.728343E-01,6.584464E+03,5.687358E-02,0.000000E+00,0.000000E+00,3.373814E-02,6.222723E+02,3.254166E-01,3.896254E+03,4.791903E+03,3.373814E-02,7.307589E+02,3.025929E-01,3.532886E+03,4.813320E+03,1.060606E-01,4.008586E+03,3.373814E-02,0.000000E+00,0.000000E+00
18:30:00,7.502470E-02,1.401674E+03,3.821626E-01,4.833792E+03,6.485521E+03,7.502470E-02,1.642919E+03,3.717368E-01,4.476137E+03,6.875135E+03,7.502470E-02,4.244413E+03,7.502470E-02,0.000000E+00,0.000000E+00,5.687358E-02,1.062560E+03,3.621795E-01,4.473459E+03,5.893440E+03,5.687358E-02,1.245439E+03,3.275886E-01,3.904320E+03,5.951386E+03,1.701226E-01,6.505710E+03,5.687358E-02,0.000000E+00,0.000000E+00,3.373814E-02,6.303241E+02,2.300049E-01,2.822921E+03,3.682328E+03,3.373814E-02,7.388107E+02,2.093376E-01,2.483648E+03,3.721623E+03,1.050128E-01,3.978160E+03,3.373814E-02,0.000000E+00,0.000000E+00,5.687358E-02,1.062560E+03,3.729668E-01,4.593892E+03,6.025080E+03,5.687358E-02,1.245439E+03,3.374831E-01,4.014779E+03,6.077670E+03,1.728347E-01,6.584473E+03,5.687358E-02,0.000000E+00,0.000000E+00,3.373814E-02,6.303241E+02,3.228946E-01,3.860046E+03,4.754482E+03,3.373814E-02,7.388107E+02,3.001783E-01,3.497877E+03,4.776559E+03,1.060608E-01,4.008591E+03,3.373814E-02,0.000000E+00,0.000000E+00
18:40:00,7.502470E-02,1.419579E+03,3.820065E-01,4.814143E+03,6.465348E+03,7.502470E-02,1.660824E+03,3.715857E-01,4.456545E+03,6.854982E+03,7.502470E-02,4.244413E+03,7.502470E-02,0.000000E+00,0.000000E+00,5.687358E-02,1.076133E+03,3.590404E-01,4.424839E+03,5.842070E+03,5.687358E-02,1.259012E+03,3.245791E-01,3.857146E+03,5.900457E+03,1.701229E-01,6.505719E+03,5.687358E-02,0.000000E+00,0.000000E+00,3.373814E-02,6.383758E+02,2.279467E-01,2.791889E+03,3.649565E+03,3.373814E-02,7.468624E+02,2.073533E-01,2.453442E+03,3.689046E+03,1.050129E-01,3.978165E+03,3.373814E-02,0.000000E+00,0.000000E+00,5.687358E-02,1.076133E+03,3.721959E-01,4.571712E+03,6.001249E+03,5.687358E-02,1.259012E+03,3.368224E-01,3.993831E+03,6.054306E+03,1.728350E-01,6.584482E+03,5.687358E-02,0.000000E+00,0.000000E+00,3.373814E-02,6.383758E+02,3.191496E-01,3.810182E+03,4.702842E+03,3.373814E-02,7.468624E+02,2.965628E-01,3.449462E+03,4.725697E+03,1.060610E-01,4.008595E+03,3.373814E-02,0.000000E+00,0.000000E+00
18:50:00,7.502470E-02,1.437484E+03,3.817990E-01,4.793921E+03,6.444579E+03,7.502470E-02,1.678729E+03,3.713837E-01,4.436385E+03,6.834237E+03,7.502470E-02,4.244413E+03,7.502470E-02,0.000000E+00,0.000000E+00,5.687358E-02,1.089706E+03,3.556596E-01,4.373520E+03,5.787862E+03,5.687358E-02,1.272586E+03,3.213440E-01,3.807455E+03,5.846842E+03,1.701232E-01,6.505728E+03,5.687358E-02,0.000000E+00,0.000000E+00,3.373814E-02,6.464275E+02,2.257846E-01,2.759698E+03,3.615576E+03,3.373814E-02,7.549141E+02,2.052741E-01,2.422177E+03,3.655334E+03,1.050131E-01,3.978170E+03,3.373814E-02,0.000000E+00,0.000000E+00,5.687358E-02,1.089706E+03,3.706711E-01,4.541116E+03,5.968982E+03,5.687358E-02,1.272586E+03,3.354317E-01,3.964732E+03,6.022670E+03,1.728353E-01,6.584491E+03,5.687358E-02,0.000000E+00,0.000000E+00,3.373814E-02,6.464275E+02,3.143958E-01,3.749057E+03,4.640083E+03,3.373814E-02,7.549141E+02,2.919642E-01,3.390070E+03,4.664020E+03,1.060611E-01,4.008600E+03,3.373814E-02,0.000000E+00,0.000000E+00
19:00:00,7.502470E-02,1.455389E+03,3.815115E-01,4.772807E+03,6.422876E+03,7.502470E-02,1.696634E+03,3.711022E-01,4.415337E+03,6.812561E+03,7.502470E-02,4.244413E+03,7.502470E-02,0.000000E+00,0.000000E+00,5.687358E-02,1.103279E+03,3.520499E-01,4.319644E+03,5.730910E+03,5.687358E-02,1.286159E+03,3.178934E-01,3.755358E+03,5.790585E+03,1.701235E-01,6.505737E+03,5.687358E-02,0.000000E+00,0.000000E+00,3.373814E-02,6.544793E+02,2.235234E-01,2.726401E+03,3.580393E+03,3.373814E-02,7.629659E+02,2.031027E-01,2.389883E+03,3.620480E+03,1.050133E-01,3.978175E+03,3.373814E-02,0.000000E+00,0.000000E+00,5.687358E-02,1.103279E+03,3.682985E-01,4.501054E+03,5.926844E+03,5.687358E-02,1.286159E+03,3.332113E-01,3.926370E+03,5.981229E+03,1.728356E-01,6.584500E+03,5.687358E-02,0.000000E+00,0.000000E+00,3.373814E-02,6.544793E+02,3.086232E-01,3.676555E+03,4.565545E+03,3.373814E-02,7.629659E+02,2.863696E-01,3.319557E+03,4.590756E+03,1.060613E-01,4.008605E+03,3.373814E-02,0.000000E+00,0.000000E+00
19:10:00,7.502470E-02,1.468519E+03,3.811190E-01,4.755295E+03,6.404832E+03,7.502470E-02,1.709765E+03,3.707162E-01,4.397898E+03,6.794555E+03,7.502470E-02,4.244413E+03,7.502470E-02,0.000000E+00,0.000000E+00,5.687358E-02,1.113233E+03,3.487706E-01,4.273078E+03,5.684688E+03,5.687358E-02,1.296112E+03,3.144338E-01,3.706779E+03,5.740125E+03,1.701238E-01,6.505745E+03,5.687358E-02,0.000000E+00,0.000000E+00,3.373814E-02,6.603839E+02,2.215228E-01,2.698160E+03,3.552695E+03,3.373814E-02,7.688705E+02,2.009643E-01,2.360104E+03,3.589800E+03,1.050134E-01,3.978179E+03,3.373814E-02,0.000000E+00,0.000000E+00,5.687358E-02,1.113233E+03,3.655795E-01,4.460744E+03,5.887637E+03,5.687358E-02,1.296112E+03,3.302935E-01,3.883842E+03,5.937463E+03,1.728359E-01,6.584509E+03,5.687358E-02,0.000000E+00,0.000000E+00,3.373814E-02,6.603839E+02,3.022153E-01,3.599107E+03,4.488600E+03,3.373814E-02,7.688705E+02,2.799378E-01,3.241844E+03,4.511908E+03,1.060614E-01,4.008609E+03,3.373814E-02,0.000000E+00,0.000000E+00
19:20:00,7.502470E-02,1.481649E+03,3.806038E-01,4.736412E+03,6.385348E+03,7.502470E-02,1.722895E+03,3.702079E-01,4.379091E+03,6.775108E+03,7.502470E-02,4.244413E+03,7.502470E-02,0.000000E+00,0.000000E+00,5.687358E-02,1.123186E+03,3.453345E-01,4.224759E+03,5.645578E+03,5.687358E-02,1.306066E+03,3.108334E-01,3.656627E+03,5.695082E+03,1.701241E-01,6.505754E+03,5.687358E-02,0.000000E+00,0.000000E+00,3.373814E-02,6.662885E+02,2.194530E-01,2.669145E+03,3.530582E+03,3.373814E-02,7.747751E+02,1.987660E-01,2.329655E+03,3.563512E+03,1.050136E-01,3.978184E+03,3.373814E-02,0.000000E+00,0.000000E+00,5.687358E-02,1.123186E+03,3.617517E-01,4.408053E+03,5.844913E+03,5.687358E-02,1.306066E+03,3.263063E-01,3.829373E+03,5.888379E+03,1.728362E-01,6.584517E+03,5.687358E-02,0.000000E+00,0.000000E+00,3.373814E-02,6.662885E+02,2.946005E-01,3.508182E+03,4.405915E+03,3.373814E-02,7.747751E+02,2.723602E-01,3.151337E+03,4.426202E+03,1.060616E-01,4.008614E+03,3.373814E-02,0.000000E+00,0.000000E+00
19:30:00,7.502470E-02,1.494780E+03,3.799534E-01,4.716020E+03,6.364274E+03,7.502470E-02,1.736025E+03,3.695645E-01,4.358778E+03,6.754073E+03,7.502470E-02,4.244413E+03,7.502470E-02,0.000000E+00,0.000000E+00,5.687358E-02,1.133140E+03,3.417701E-01,4.175005E+03,5.604665E+03,5.687358E-02,1.316019E+03,3.071204E-01,3.605217E+03,5.648496E+03,1.701244E-01,6.505763E+03,5.687358E-02,0.000000E+00,0.000000E+00,3.373814E-02,6.721931E+02,2.173215E-01,2.639440E+03,3.507374E+03,3.373814E-02,7.806797E+02,1.965148E-01,2.298616E+03,3.536325E+03,1.050137E-01,3.978189E+03,3.373814E-02,0.000000E+00,0.000000E+00,5.687358E-02,1.133140E+03,3.569283E-01,4.344243E+03,5.790061E+03,5.687358E-02,1.316019E+03,3.213775E-01,3.764391E+03,5.827778E+03,1.728365E-01,6.584526E+03,5.687358E-02,0.000000E+00,0.000000E+00,3.373814E-02,6.721931E+02,2.860539E-01,3.406852E+03,4.310865E+03,3.373814E-02,7.806797E+02,2.638524E-01,3.050443E+03,4.328349E+03,1.060618E-01,4.008619E+03,3.373814E-02,0.000000E+00,0.000000E+00
19:40:00,7.502470E-02,1.507910E+03,3.791676E-01,4.694116E+03,6.341614E+03,7.502470E-02,1.749155E+03,3.687856E-01,4.336951E+03,6.731445E+03,7.502470E-02,4.244413E+03,7.502470E-02,0.000000E+00,0.000000E+00,5.687358E-02,1.143093E+03,3.381813E-01,4.124980E+03,5.558731E+03,5.687358E-02,1.325973E+03,3.034012E-01,3.553738E+03,5.598040E+03,1.701247E-01,6.505772E+03,5.687358E-02,0.000000E+00,0.000000E+00,3.373814E-02,6.780977E+02,2.151739E-01,2.609554E+03,3.480478E+03,3.373814E-02,7.865843E+02,1.942586E-01,2.267519E+03,3.506242E+03,1.050139E-01,3.978193E+03,3.373814E-02,0.000000E+00,0.000000E+00,5.687358E-02,1.143093E+03,3.518088E-01,4.277128E+03,5.726988E+03,5.687358E-02,1.325973E+03,3.161652E-01,3.696241E+03,5.760145E+03,1.728368E-01,6.584535E+03,5.687358E-02,0.000000E+00,0.000000E+00,3.373814E-02,6.780977E+02,2.775498E-01,3.305996E+03,4.211426E+03,3.373814E-02,7.865843E+02,2.553974E-01,2.950138E+03,4.227288E+03,1.060619E-01,4.008623E+03,3.373814E-02,0.000000E+00,0.000000E+00
19:50:00,7.502470E-02,1.521040E+03,3.782633E-01,4.670889E+03,6.317575E+03,7.502470E-02,1.762286E+03,3.678879E-01,4.313797E+03,6.707431E+03,7.502470E-02,4.244413E+03,7.502470E-02,0.000000E+00,0.000000E+00,5.687358E-02,1.153047E+03,3.346020E-01,4.075060E+03,5.509844E+03,5.687358E-02,1.335927E+03,2.996947E-01,3.502399E+03,5.545135E+03,1.701250E-01,6.505780E+03,5.687358E-02,0.000000E+00,0.000000E+00,3.373814E-02,6.840023E+02,2.130224E-01,2.579625E+03,3.451360E+03,3.373814E-02,7.924889E+02,1.920003E-01,2.236399E+03,3.474268E+03,1.050141E-01,3.978198E+03,3.373814E-02,0.000000E+00,0.000000E+00,5.687358E-02,1.153047E+03,3.465916E-01,4.208921E+03,5.659299E+03,5.687358E-02,1.335927E+03,3.108629E-01,3.627088E+03,5.688534E+03,1.728371E-01,6.584543E+03,5.687358E-02,0.000000E+00,0.000000E+00,3.373814E-02,6.840023E+02,2.692757E-01,3.207707E+03,4.111234E+03,3.373814E-02,7.924889E+02,2.471624E-01,2.852289E+03,4.125685E+03,1.060621E-01,4.008628E+03,3.373814E-02,0.000000E+00,0.000000E+00
20:00:00,7.502470E-02,1.534171E+03,3.772683E-01,4.646650E+03,6.292485E+03,7.502470E-02,1.775416E+03,3.668989E-01,4.289625E+03,6.682357E+03,7.502470E-02,4.244413E+03,7.502470E-02,0.000000E+00,0.000000E+00,5.687358E-02,1.163001E+03,3.311371E-01,4.026417E+03,5.460589E+03,5.687358E-02,1.345880E+03,2.961047E-01,3.452361E+03,5.492103E+03,1.701253E-01,6.505789E+03,5.687358E-02,0.000000E+00,0.000000E+00,3.373814E-02,6.899069E+02,2.109154E-01,2.550194E+03,3.421590E+03,3.373814E-02,7.983935E+02,1.897894E-01,2.205808E+03,3.441800E+03,1.050142E-01,3.978202E+03,3.373814E-02,0.000000E+00,0.000000E+00,5.687358E-02,1.163001E+03,3.414978E-01,4.142092E+03,5.590635E+03,5.687358E-02,1.345880E+03,3.056910E-01,3.559389E+03,5.616275E+03,1.728374E-01,6.584552E+03,5.687358E-02,0.000000E+00,0.000000E+00,3.373814E-02,6.899069E+02,2.614798E-01,3.114757E+03,4.014345E+03,3.373814E-02,7.983935E+02,2.393920E-01,2.759627E+03,4.027241E+03,1.060622E-01,4.008632E+03,3.373814E-02,0.000000E+00,0.000000E+00
20:10:00,7.502470E-02,1.544914E+03,3.762149E-01,4.624144E+03,6.269159E+03,7.502470E-02,1.786159E+03,3.658507E-01,4.267178E+03,6.659044E+03,7.502470E-02,4.244413E+03,7.502470E-02,0.000000E+00,0.000000E+00,5.687358E-02,1.171144E+03,3.273597E-01,3.976094E+03,5.407695E+03,5.687358E-02,1.354024E+03,2.925451E-01,3.404473E+03,5.440027E+03,1.701256E-01,6.505797E+03,5.687358E-02,0.000000E+00,0.000000E+00,3.373814E-02,6.947380E+02,2.085612E-01,2.519075E+03,3.388825E+03,3.373814E-02,8.032246E+02,1.875612E-01,2.176099E+03,3.409384E+03,1.050144E-01,3.978207E+03,3.373814E-02,0.000000E+00,0.000000E+00,5.687358E-02,1.171144E+03,3.361839E-01,4.074615E+03,5.518894E+03,5.687358E-02,1.354024E+03,3.006595E-01,3.495067E+03,5.545768E+03,1.728377E-01,6.584560E+03,5.687358E-02,0.000000E+00,0.000000E+00,3.373814E-02,6.947380E+02,2.540195E-01,3.026627E+03,3.920830E+03,3.373814E-02,8.032246E+02,2.321601E-01,2.674050E+03,3.934779E+03,1.060624E-01,4.008636E+03,3.373814E-02,0.000000E+00,0.000000E+00
20:20:00,7.502470E-02,1.555656E+03,3.751353E-01,4.601348E+03,6.245531E+03,7.502470E-02,1.796902E+03,3.647757E-01,4.244432E+03,6.635420E+03,7.502470E-02,4.244413E+03,7.502470E-02,0.000000E+00,0.000000E+00,5.687358E-02,1.179288E+03,3.238050E-01,3.928260E+03,5.356770E+03,5.687358E-02,1.362168E+03,2.891962E-01,3.358938E+03,5.389894E+03,1.701259E-01,6.505806E+03,5.687358E-02,0.000000E+00,0.000000E+00,3.373814E-02,6.995690E+02,2.063088E-01,2.489095E+03,3.356839E+03,3.373814E-02,8.080556E+02,1.854287E-01,2.147459E+03,3.377733E+03,1.050145E-01,3.978211E+03,3.373814E-02,0.000000E+00,0.000000E+00,5.687358E-02,1.179288E+03,3.315305E-01,4.014513E+03,5.454465E+03,5.687358E-02,1.362168E+03,2.962561E-01,3.437759E+03,5.482425E+03,1.728380E-01,6.584569E+03,5.687358E-02,0.000000E+00,0.000000E+00,3.373814E-02,6.995690E+02,2.476596E-01,2.950786E+03,3.840167E+03,3.373814E-02,8.080556E+02,2.259698E-01,2.600104E+03,3.854639E+03,1.060625E-01,4.008641E+03,3.373814E-02,0.000000E+00,0.000000E+00
20:30:00,7.502470E-02,1.566399E+03,3.740621E-01,4.578623E+03,6.221984E+03,7.502470E-02,1.807645E+03,3.637061E-01,4.221747E+03,6.611869E+03,7.502470E-02,4.244413E+03,7.502470E-02,0.000000E+00,0.000000E+00,5.687358E-02,1.187432E+03,3.204895E-01,3.883097E+03,5.308343E+03,5.687358E-02,1.370312E+03,2.860742E-01,3.315937E+03,5.342209E+03,1.701262E-01,6.505814E+03,5.687358E-02,0.000000E+00,0.000000E+00,3.373814E-02,7.044001E+02,2.041701E-01,2.460385E+03,3.325984E+03,3.373814E-02,8.128867E+02,1.834038E-01,2.120019E+03,3.347190E+03,1.050147E-01,3.978215E+03,3.373814E-02,0.000000E+00,0.000000E+00,5.687358E-02,1.187432E+03,3.276171E-01,3.962675E+03,5.398895E+03,5.687358E-02,1.370312E+03,2.925462E-01,3.388194E+03,5.427612E+03,1.728382E-01,6.584577E+03,5.687358E-02,0.000000E+00,0.000000E+00,3.373814E-02,7.044001E+02,2.423278E-01,2.886423E+03,3.771912E+03,3.373814E-02,8.128867E+02,2.208000E-01,2.537551E+03,3.787053E+03,1.060627E-01,4.008645E+03,3.373814E-02,0.000000E+00,0.000000E+00
20:40:00,7.502470E-02,1.577142E+03,3.730211E-01,4.556255E+03,6.198830E+03,7.502470E-02,1.818388E+03,3.626679E-01,4.199412E+03,6.588704E+03,7.502470E-02,4.244413E+03,7.502470E-02,0.000000E+00,0.000000E+00,5.687358E-02,1.195576E+03,3.174035E-01,3.840497E+03,5.262476E+03,5.687358E-02,1.378456E+03,2.831700E-01,3.275368E+03,5.297007E+03,1.701265E-01,6.505822E+03,5.687358E-02,0.000000E+00,0.000000E+00,3.373814E-02,7.092311E+02,2.021447E-01,2.432940E+03,3.296365E+03,3.373814E-02,8.177177E+02,1.814864E-01,2.093782E+03,3.317848E+03,1.050148E-01,3.978220E+03,3.373814E-02,0.000000E+00,0.000000E+00,5.687358E-02,1.195576E+03,3.241695E-01,3.916038E+03,5.348858E+03,5.687358E-02,1.378456E+03,2.892875E-01,3.343666E+03,5.378295E+03,1.728385E-01,6.584585E+03,5.687358E-02,0.000000E+00,0.000000E+00,3.373814E-02,7.092311E+02,2.376047E-01,2.828858E+03,3.710907E+03,3.373814E-02,8.177177E+02,2.162155E-01,2.481535E+03,3.726525E+03,1.060628E-01,4.008650E+03,3.373814E-02,0.000000E+00,0.000000E+00
20:50:00,7.502470E-02,1.587885E+03,3.720489E-01,4.534658E+03,6.176382E+03,7.502470E-02,1.829131E+03,3.616980E-01,4.177840E+03,6.566239E+03,7.502470E-02,4.244413E+03,7.502470E-02,0.000000E+00,0.000000E+00,5.687358E-02,1.203720E+03,3.145465E-01,3.800455E+03,5.218916E+03,5.687358E-02,1.386600E+03,2.804906E-01,3.237309E+03,5.254197E+03,1.701268E-01,6.505830E+03,5.687358E-02,0.000000E+00,0.000000E+00,3.373814E-02,7.140622E+02,2.002399E-01,2.406842E+03,3.267911E+03,3.373814E-02,8.225487E+02,1.796882E-01,2.068874E+03,3.289736E+03,1.050150E-01,3.978224E+03,3.373814E-02,0.000000E+00,0.000000E+00,5.687358E-02,1.203720E+03,3.209936E-01,3.872434E+03,5.301541E+03,5.687358E-02,1.386600E+03,2.862946E-01,3.302107E+03,5.331746E+03,1.728388E-01,6.584593E+03,5.687358E-02,0.000000E+00,0.000000E+00,3.373814E-02,7.140622E+02,2.332434E-01,2.775333E+03,3.653509E+03,3.373814E-02,8.225487E+02,2.119860E-01,2.429482E+03,3.669542E+03,1.060630E-01,4.008654E+03,3.373814E-02,0.000000E+00,0.000000E+00
21:00:00,7.502470E-02,1.598628E+03,3.711103E-01,4.513414E+03,6.154164E+03,7.502470E-02,1.839874E+03,3.607608E-01,4.156612E+03,6.543994E+03,7.502470E-02,4.244413E+03,7.502470E-02,0.000000E+00,0.000000E+00,5.687358E-02,1.211864E+03,3.118063E-01,3.761693E+03,5.176284E+03,5.687358E-02,1.394743E+03,2.779219E-01,3.200463E+03,5.212293E+03,1.701270E-01,6.505838E+03,5.687358E-02,0.000000E+00,0.000000E+00,3.373814E-02,7.188932E+02,1.983988E-01,2.381440E+03,3.239934E+03,3.373814E-02,8.273798E+02,1.779496E-01,2.044617E+03,3.262084E+03,1.050151E-01,3.978228E+03,3.373814E-02,0.000000E+00,0.000000E+00,5.687358E-02,1.211864E+03,3.179478E-01,3.830259E+03,5.255221E+03,5.687358E-02,1.394743E+03,2.834244E-01,3.261893E+03,5.286129E+03,1.728391E-01,6.584601E+03,5.687358E-02,0.000000E+00,0.000000E+00,3.373814E-02,7.188932E+02,2.291433E-01,2.724707E+03,3.598646E+03,3.373814E-02,8.273798E+02,2.080106E-01,2.380248E+03,3.614994E+03,1.060631E-01,4.008658E+03,3.373814E-02,0.000000E+00,0.000000E+00
21:10:00,7.502470E-02,1.609371E+03,3.702264E-01,4.492779E+03,6.132882E+03,7.502470E-02,1.850617E+03,3.598778E-01,4.135989E+03,6.522688E+03,7.502470E-02,4.244413E+03,7.502470E-02,0.000000E+00,0.000000E+00,5.687358E-02,1.220008E+03,3.091722E-01,3.724114E+03,5.135542E+03,5.687358E-02,1.402887E+03,2.754615E-01,3.164825E+03,5.172214E+03,1.701273E-01,6.505846E+03,5.687358E-02,0.000000E+00,0.000000E+00,3.373814E-02,7.237242E+02,1.966177E-01,2.356707E+03,3.213070E+03,3.373814E-02,8.322108E+02,1.762722E-01,2.021042E+03,3.235494E+03,1.050153E-01,3.978233E+03,3.373814E-02,0.000000E+00,0.000000E+00,5.687358E-02,1.220008E+03,3.150172E-01,3.789369E+03,5.210977E+03,5.687358E-02,1.402887E+03,2.806710E-01,3.222983E+03,5.242531E+03,1.728394E-01,6.584610E+03,5.687358E-02,0.000000E+00,0.000000E+00,3.373814E-02,7.237242E+02,2.252870E-01,2.676802E+03,3.547660E+03,3.373814E-02,8.322108E+02,2.042769E-01,2.333714E+03,3.564361E+03,1.060633E-01,4.008662E+03,3.373814E-02,0.000000E+00,0.000000E+00
21:20:00,7.502470E-02,1.620114E+03,3.693842E-01,4.472609E+03,6.112093E+03,7.502470E-02,1.861360E+03,3.590361E-01,4.115825E+03,6.501870E+03,7.502470E-02,4.244413E+03,7.502470E-02,0.000000E+00,0.000000E+00,5.687358E-02,1.228152E+03,3.066296E-01,3.687556E+03,5.095812E+03,5.687358E-02,1.411031E+03,2.730930E-01,3.130212E+03,5.133158E+03,1.701276E-01,6.505854E+03,5.687358E-02,0.000000E+00,0.000000E+00,3.373814E-02,7.285553E+02,1.948903E-01,2.332572E+03,3.186803E+03,3.373814E-02,8.370419E+02,1.746485E-01,1.998067E+03,3.209507E+03,1.050154E-01,3.978237E+03,3.373814E-02,0.000000E+00,0.000000E+00,5.687358E-02,1.228152E+03,3.121894E-01,3.749626E+03,5.167855E+03,5.687358E-02,1.411031E+03,2.780205E-01,3.185221E+03,5.200052E+03,1.728396E-01,6.584618E+03,5.687358E-02,0.000000E+00,0.000000E+00,3.373814E-02,7.285553E+02,2.216592E-01,2.631448E+03,3.499300E+03,3.373814E-02,8.370419E+02,2.007692E-01,2.289702E+03,3.516336E+03,1.060634E-01,4.008666E+03,3.373814E-02,0.000000E+00,0.000000E+00
21:30:00,7.502470E-02,1.630857E+03,3.685815E-01,4.452881E+03,6.091772E+03,7.502470E-02,1.872103E+03,3.582335E-01,4.096097E+03,6.481515E+03,7.502470E-02,4.244413E+03,7.502470E-02,0.000000E+00,0.000000E+00,5.687358E-02,1.236295E+03,3.041744E-01,3.651975E+03,5.057074E+03,5.687358E-02,1.419175E+03,2.708129E-01,3.096588E+03,5.095112E+03,1.701279E-01,6.505862E+03,5.687358E-02,0.000000E+00,0.000000E+00,3.373814E-02,7.333863E+02,1.932155E-01,2.309028E+03,3.161141E+03,3.373814E-02,8.418729E+02,1.730778E-01,1.975684E+03,3.184131E+03,1.050155E-01,3.978241E+03,3.373814E-02,0.000000E+00,0.000000E+00,5.687358E-02,1.236295E+03,3.094630E-01,3.711017E+03,5.125879E+03,5.687358E-02,1.419175E+03,2.754717E-01,3.148597E+03,5.158723E+03,1.728399E-01,6.584625E+03,5.687358E-02,0.000000E+00,0.000000E+00,3.373814E-02,7.333863E+02,2.182488E-01,2.588524E+03,3.453455E+03,3.373814E-02,8.418729E+02,1.974769E-01,2.248096E+03,3.470817E+03,1.060636E-01,4.008671E+03,3.373814E-02,0.000000E+00,0.000000E+00
21:40:00,7.502470E-02,1.641600E+03,3.678150E-01,4.433557E+03,6.071879E+03,7.502470E-02,1.882846E+03,3.574665E-01,4.076769E+03,6.461585E+03,7.502470E-02,4.244413E+03,7.502470E-02,0.000000E+00,0.000000E+00,5.687358E-02,1.244439E+03,3.018013E-01,3.617312E+03,5.019279E+03,5.687358E-02,1.427319E+03,2.686165E-01,3.063898E+03,5.058033E+03,1.701281E-01,6.505870E+03,5.687358E-02,0.000000E+00,0.000000E+00,3.373814E-02,7.382174E+02,1.915916E-01,2.286050E+03,3.136065E+03,3.373814E-02,8.467040E+02,1.715582E-01,1.953872E+03,3.159352E+03,1.050157E-01,3.978245E+03,3.373814E-02,0.000000E+00,0.000000E+00,5.687358E-02,1.244439E+03,3.068346E-01,3.673502E+03,5.085024E+03,5.687358E-02,1.427319E+03,2.730215E-01,3.113072E+03,5.118527E+03,1.728402E-01,6.584633E+03,5.687358E-02,0.000000E+00,0.000000E+00,3.373814E-02,7.382174E+02,2.150428E-01,2.547881E+03,3.409981E+03,3.373814E-02,8.467040E+02,1.943871E-01,2.208752E+03,3.427664E+03,1.060637E-01,4.008675E+03,3.373814E-02,0.000000E+00,0.000000E+00
21:50:00,7.502470E-02,1.652343E+03,3.670580E-01,4.414339E+03,6.052074E+03,7.502470E-02,1.893589E+03,3.567088E-01,4.057543E+03,6.441737E+03,7.502470E-02,4.244413E+03,7.502470E-02,0.000000E+00,0.000000E+00,5.687358E-02,1.252583E+03,2.994801E-01,3.583228E+03,4.982038E+03,5.687358E-02,1.435463E+03,2.664711E-01,3.031779E+03,5.021491E+03,1.701284E-01,6.505878E+03,5.687358E-02,0.000000E+00,0.000000E+00,3.373814E-02,7.430484E+02,1.900009E-01,2.263444E+03,3.111348E+03,3.373814E-02,8.515350E+02,1.700707E-01,1.932419E+03,3.134915E+03,1.050158E-01,3.978249E+03,3.373814E-02,0.000000E+00,0.000000E+00,5.687358E-02,1.252583E+03,3.042745E-01,3.636751E+03,5.044912E+03,5.687358E-02,1.435463E+03,2.706374E-01,3.078288E+03,5.079039E+03,1.728404E-01,6.584641E+03,5.687358E-02,0.000000E+00,0.000000E+00,3.373814E-02,7.430484E+02,2.120121E-01,2.509196E+03,3.368523E+03,3.373814E-02,8.515350E+02,1.914695E-01,2.171331E+03,3.386498E+03,1.060638E-01,4.008679E+03,3.373814E-02,0.000000E+00,0.000000E+00
22:00:00,7.502470E-02,1.663086E+03,3.663461E-01,4.395645E+03,6.032832E+03,7.502470E-02,1.904332E+03,3.559960E-01,4.038840E+03,6.422453E+03,7.502470E-02,4.244413E+03,7.502470E-02,0.000000E+00,0.000000E+00,5.687358E-02,1.260727E+03,2.972453E-01,3.550132E+03,4.945845E+03,5.687358E-02,1.443607E+03,2.644175E-01,3.000707E+03,4.986080E+03,1.701287E-01,6.505886E+03,5.687358E-02,0.000000E+00,0.000000E+00,3.373814E-02,7.478795E+02,1.884646E-01,2.241460E+03,3.087292E+03,3.373814E-02,8.563661E+02,1.686399E-01,1.911613E+03,3.111177E+03,1.050160E-01,3.978253E+03,3.373814E-02,0.000000E+00,0.000000E+00,5.687358E-02,1.260727E+03,3.018178E-01,3.601177E+03,5.006045E+03,5.687358E-02,1.443607E+03,2.683604E-01,3.044722E+03,5.040860E+03,1.728407E-01,6.584649E+03,5.687358E-02,0.000000E+00,0.000000E+00,3.373814E-02,7.478795E+02,2.091649E-01,2.472575E+03,3.329224E+03,3.373814E-02,8.563661E+02,1.887358E-01,2.135979E+03,3.347517E+03,1.060640E-01,4.008683E+03,3.373814E-02,0.000000E+00,0.000000E+00
22:10:00,7.502470E-02,1.671442E+03,3.656533E-01,4.379553E+03,6.016248E+03,7.502470E-02,1.912687E+03,3.553019E-01,4.022734E+03,6.405827E+03,7.502470E-02,4.244413E+03,7.502470E-02,0.000000E+00,0.000000E+00,5.687358E-02,1.267061E+03,2.950897E-01,3.519732E+03,4.912447E+03,5.687358E-02,1.449941E+03,2.624391E-01,2.972287E+03,4.953419E+03,1.701289E-01,6.505893E+03,5.687358E-02,0.000000E+00,0.000000E+00,3.373814E-02,7.516369E+02,1.869790E-01,2.221116E+03,3.064937E+03,3.373814E-02,8.601235E+02,1.672562E-01,1.892409E+03,3.089100E+03,1.050161E-01,3.978257E+03,3.373814E-02,0.000000E+00,0.000000E+00,5.687358E-02,1.267061E+03,2.994569E-01,3.568485E+03,4.970167E+03,5.687358E-02,1.449941E+03,2.661732E-01,3.013970E+03,5.005602E+03,1.728410E-01,6.584657E+03,5.687358E-02,0.000000E+00,0.000000E+00,3.373814E-02,7.516369E+02,2.064876E-01,2.438927E+03,3.293014E+03,3.373814E-02,8.601235E+02,1.861671E-01,2.103544E+03,3.311577E+03,1.060641E-01,4.008687E+03,3.373814E-02,0.000000E+00,0.000000E+00
22:20:00,7.502470E-02,1.679797E+03,3.649864E-01,4.363752E+03,5.999966E+03,7.502470E-02,1.921043E+03,3.546337E-01,4.006917E+03,6.389502E+03,7.502470E-02,4.244413E+03,7.502470E-02,0.000000E+00,0.000000E+00,5.687358E-02,1.273395E+03,2.930178E-01,3.490267E+03,4.880086E+03,5.687358E-02,1.456275E+03,2.605415E-01,2.944768E+03,4.921807E+03,1.701292E-01,6.505901E+03,5.687358E-02,0.000000E+00,0.000000E+00,3.373814E-02,7.553944E+02,1.855468E-01,2.201370E+03,3.043249E+03,3.373814E-02,8.638810E+02,1.659236E-01,1.873775E+03,3.067697E+03,1.050162E-01,3.978261E+03,3.373814E-02,0.000000E+00,0.000000E+00,5.687358E-02,1.273395E+03,2.971963E-01,3.536913E+03,4.935526E+03,5.687358E-02,1.456275E+03,2.640822E-01,2.984293E+03,4.971584E+03,1.728412E-01,6.584664E+03,5.687358E-02,0.000000E+00,0.000000E+00,3.373814E-02,7.553944E+02,2.039716E-01,2.407080E+03,3.258728E+03,3.373814E-02,8.638810E+02,1.837559E-01,2.072868E+03,3.277565E+03,1.060643E-01,4.008691E+03,3.373814E-02,0.000000E+00,0.000000E+00
22:30:00,7.502470E-02,1.688153E+03,3.643421E-01,4.348202E+03,5.983946E+03,7.502470E-02,1.929399E+03,3.539878E-01,3.991350E+03,6.373435E+03,7.502470E-02,4.244413E+03,7.502470E-02,0.000000E+00,0.000000E+00,5.687358E-02,1.279729E+03,2.910241E-01,3.461675E+03,4.848709E+03,5.687358E-02,1.462609E+03,2.587182E-01,2.918080E+03,4.891193E+03,1.701295E-01,6.505909E+03,5.687358E-02,0.000000E+00,0.000000E+00,3.373814E-02,7.591519E+02,1.841649E-01,2.182185E+03,3.022198E+03,3.373814E-02,8.676385E+02,1.646390E-01,1.855677E+03,3.046947E+03,1.050164E-01,3.978265E+03,3.373814E-02,0.000000E+00,0.000000E+00,5.687358E-02,1.279729E+03,2.950297E-01,3.506391E+03,4.902058E+03,5.687358E-02,1.462609E+03,2.620810E-01,2.955619E+03,4.938756E+03,1.728415E-01,6.584672E+03,5.687358E-02,0.000000E+00,0.000000E+00,3.373814E-02,7.591519E+02,2.016036E-01,2.376885E+03,3.226221E+03,3.373814E-02,8.676385E+02,1.814891E-01,2.043804E+03,3.245342E+03,1.060644E-01,4.008695E+03,3.373814E-02,0.000000E+00,0.000000E+00
22:40:00,7.502470E-02,1.696509E+03,3.637182E-01,4.332880E+03,5.968159E+03,7.502470E-02,1.937754E+03,3.533621E-01,3.976008E+03,6.357602E+03,7.502470E-02,4.244413E+03,7.502470E-02,0.000000E+00,0.000000E+00,5.687358E-02,1.286063E+03,2.891044E-01,3.433909E+03,4.818260E+03,5.687358E-02,1.468943E+03,2.569646E-01,2.892170E+03,4.861512E+03,1.701297E-01,6.505916E+03,5.687358E-02,0.000000E+00,0.000000E+00,3.373814E-02,7.629094E+02,1.828308E-01,2.163533E+03,3.001749E+03,3.373814E-02,8.713960E+02,1.634000E-01,1.838087E+03,3.026813E+03,1.050165E-01,3.978269E+03,3.373814E-02,0.000000E+00,0.000000E+00,5.687358E-02,1.286063E+03,2.929520E-01,3.476862E+03,4.869697E+03,5.687358E-02,1.468943E+03,2.601648E-01,2.927893E+03,4.907047E+03,1.728418E-01,6.584679E+03,5.687358E-02,0.000000E+00,0.000000E+00,3.373814E-02,7.629094E+02,1.993718E-01,2.348211E+03,3.195346E+03,3.373814E-02,8.713960E+02,1.793551E-01,2.016223E+03,3.214760E+03,1.060645E-01,4.008699E+03,3.373814E-02,0.000000E+00,0.000000E+00
22:50:00,7.502470E-02,1.704864E+03,3.631129E-01,4.317766E+03,5.952586E+03,7.502470E-02,1.946110E+03,3.527549E-01,3.960873E+03,6.341981E+03,7.502470E-02,4.244413E+03,7.502470E-02,0.000000E+00,0.000000E+00,5.687358E-02,1.292398E+03,2.872551E-01,3.406930E+03,4.788686E+03,5.687358E-02,1.475277E+03,2.552769E-01,2.866994E+03,4.832693E+03,1.701300E-01,6.505923E+03,5.687358E-02,0.000000E+00,0.000000E+00,3.373814E-02,7.666668E+02,1.815423E-01,2.145392E+03,2.981869E+03,3.373814E-02,8.751534E+02,1.622046E-01,1.820985E+03,3.007251E+03,1.050167E-01,3.978273E+03,3.373814E-02,0.000000E+00,0.000000E+00,5.687358E-02,1.292398E+03,2.909587E-01,3.448275E+03,4.838378E+03,5.687358E-02,1.475277E+03,2.583293E-01,2.901068E+03,4.876380E+03,1.728420E-01,6.584687E+03,5.687358E-02,0.000000E+00,0.000000E+00,3.373814E-02,7.666668E+02,1.972654E-01,2.320937E+03,3.165967E+03,3.373814E-02,8.751534E+02,1.773434E-01,1.990007E+03,3.185669E+03,1.060647E-01,4.008703E+03,3.373814E-02,0.000000E+00,0.000000E+00
23:00:00,7.502470E-02,1.713220E+03,3.625246E-01,4.302842E+03,5.937210E+03,7.502470E-02,1.954465E+03,3.521646E-01,3.945927E+03,6.326555E+03,7.502470E-02,4.244413E+03,7.502470E-02,0.000000E+00,0.000000E+00,5.687358E-02,1.298732E+03,2.854729E-01,3.380699E+03,4.759943E+03,5.687358E-02,1.481611E+03,2.536512E-01,2.842512E+03,4.804671E+03,1.701302E-01,6.505931E+03,5.687358E-02,0.000000E+00,0.000000E+00,3.373814E-02,7.704243E+02,1.802975E-01,2.127737E+03,2.962528E+03,3.373814E-02,8.789109E+02,1.610511E-01,1.804351E+03,2.988225E+03,1.050168E-01,3.978277E+03,3.373814E-02,0.000000E+00,0.000000E+00,5.687358E-02,1.298732E+03,2.890455E-01,3.420582E+03,4.808042E+03,5.687358E-02,1.481611E+03,2.565704E-01,2.875098E+03,4.846688E+03,1.728423E-01,6.584694E+03,5.687358E-02,0.000000E+00,0.000000E+00,3.373814E-02,7.704243E+02,1.952746E-01,2.294954E+03,3.137962E+03,3.373814E-02,8.789109E+02,1.754443E-01,1.965047E+03,3.157940E+03,1.060648E-01,4.008706E+03,3.373814E-02,0.000000E+00,0.000000E+00
23:10:00,7.502470E-02,1.721576E+03,3.619519E-01,4.288092E+03,5.922012E+03,7.502470E-02,1.962821E+03,3.515897E-01,3.931152E+03,6.311305E+03,7.502470E-02,4.244413E+03,7.502470E-02,0.000000E+00,0.000000E+00,5.687358E-02,1.305066E+03,2.837340E-01,3.354953E+03,4.731711E+03,5.687358E-02,1.487945E+03,2.520702E-01,2.818528E+03,4.777199E+03,1.701305E-01,6.505938E+03,5.687358E-02,0.000000E+00,0.000000E+00,3.373814E-02,7.741818E+02,1.790824E-01,2.110414E+03,2.943537E+03,3.373814E-02,8.826684E+02,1.599296E-01,1.788074E+03,2.969593E+03,1.050169E-01,3.978281E+03,3.373814E-02,0.000000E+00,0.000000E+00,5.687358E-02,1.305066E+03,2.871877E-01,3.393506E+03,4.778361E+03,5.687358E-02,1.487945E+03,2.548702E-01,2.849784E+03,4.817714E+03,1.728425E-01,6.584701E+03,5.687358E-02,0.000000E+00,0.000000E+00,3.373814E-02,7.741818E+02,1.933779E-01,2.270022E+03,3.111057E+03,3.373814E-02,8.826684E+02,1.736402E-01,1.941149E+03,3.131340E+03,1.060649E-01,4.008710E+03,3.373814E-02,0.000000E+00,0.000000E+00
23:20:00,7.502470E-02,1.729931E+03,3.613932E-01,4.273499E+03,5.906976E+03,7.502470E-02,1.971177E+03,3.510288E-01,3.916535E+03,6.296217E+03,7.502470E-02,4.244413E+03,7.502470E-02,0.000000E+00,0.000000E+00,5.687358E-02,1.311400E+03,2.820359E-01,3.329660E+03,4.703959E+03,5.687358E-02,1.494280E+03,2.505326E-01,2.795030E+03,4.750257E+03,1.701307E-01,6.505945E+03,5.687358E-02,0.000000E+00,0.000000E+00,3.373814E-02,7.779393E+02,1.778953E-01,2.093404E+03,2.924876E+03,3.373814E-02,8.864259E+02,1.588391E-01,1.772143E+03,2.951339E+03,1.050171E-01,3.978285E+03,3.373814E-02,0.000000E+00,0.000000E+00,5.687358E-02,1.311400E+03,2.853808E-01,3.367000E+03,4.749280E+03,5.687358E-02,1.494280E+03,2.532252E-01,2.825086E+03,4.789410E+03,1.728428E-01,6.584709E+03,5.687358E-02,0.000000E+00,0.000000E+00,3.373814E-02,7.779393E+02,1.915674E-01,2.246050E+03,3.085156E+03,3.373814E-02,8.864259E+02,1.719233E-01,1.918225E+03,3.105771E+03,1.060651E-01,4.008714E+03,3.373814E-02,0.000000E+00,0.000000E+00
23:30:00,7.502470E-02,1.738287E+03,3.608473E-01,4.259048E+03,5.892084E+03,7.502470E-02,1.979532E+03,3.504806E-01,3.902058E+03,6.281273E+03,7.502470E-02,4.244413E+03,7.502470E-02,0.000000E+00,0.000000E+00,5.687358E-02,1.317734E+03,2.803755E-01,3.304789E+03,4.676649E+03,5.687358E-02,1.500614E+03,2.490380E-01,2.772010E+03,4.724044E+03,1.701310E-01,6.505953E+03,5.687358E-02,0.000000E+00,0.000000E+00,3.373814E-02,7.816968E+02,1.767346E-01,2.076688E+03,2.906524E+03,3.373814E-02,8.901834E+02,1.577795E-01,1.756556E+03,2.933609E+03,1.050172E-01,3.978288E+03,3.373814E-02,0.000000E+00,0.000000E+00,5.687358E-02,1.317734E+03,2.836211E-01,3.341021E+03,4.720751E+03,5.687358E-02,1.500614E+03,2.516327E-01,2.800974E+03,4.761959E+03,1.728430E-01,6.584716E+03,5.687358E-02,0.000000E+00,0.000000E+00,3.373814E-02,7.816968E+02,1.898353E-01,2.222955E+03,3.060170E+03,3.373814E-02,8.901834E+02,1.702862E-01,1.896190E+03,3.081307E+03,1.060652E-01,4.008718E+03,3.373814E-02,0.000000E+00,0.000000E+00
23:40:00,7.502470E-02,1.746642E+03,3.603128E-01,4.244724E+03,5.877325E+03,7.502470E-02,1.987888E+03,3.499437E-01,3.887707E+03,6.266458E+03,7.502470E-02,4.244413E+03,7.502470E-02,0.000000E+00,0.000000E+00,5.687358E-02,1.324068E+03,2.787503E-01,3.280312E+03,4.649752E+03,5.687358E-02,1.506948E+03,2.475780E-01,2.749378E+03,4.698972E+03,1.701312E-01,6.505960E+03,5.687358E-02,0.000000E+00,0.000000E+00,3.373814E-02,7.854542E+02,1.755985E-01,2.060247E+03,2.888462E+03,3.373814E-02,8.939408E+02,1.567460E-01,1.741262E+03,2.916713E+03,1.050173E-01,3.978292E+03,3.373814E-02,0.000000E+00,0.000000E+00,5.687358E-02,1.324068E+03,2.819050E-01,3.315528E+03,4.692734E+03,5.687358E-02,1.506948E+03,2.500912E-01,2.777431E+03,4.735900E+03,1.728433E-01,6.584723E+03,5.687358E-02,0.000000E+00,0.000000E+00,3.373814E-02,7.854542E+02,1.881747E-01,2.200659E+03,3.036018E+03,3.373814E-02,8.939408E+02,1.687221E-01,1.874971E+03,3.058275E+03,1.060653E-01,4.008722E+03,3.373814E-02,0.000000E+00,0.000000E+00
23:50:00,7.502470E-02,1.754998E+03,3.597885E-01,4.230515E+03,5.862681E+03,7.502470E-02,1.996244E+03,3.494169E-01,3.873470E+03,6.251760E+03,7.502470E-02,4.244413E+03,7.502470E-02,0.000000E+00,0.000000E+00,5.687358E-02,1.330402E+03,2.771580E-01,3.256200E+03,4.623238E+03,5.687358E-02,1.513282E+03,2.461468E-01,2.727066E+03,4.675099E+03,1.701315E-01,6.505967E+03,5.687358E-02,0.000000E+00,0.000000E+00,3.373814E-02,7.892117E+02,1.744856E-01,2.044066E+03,2.870669E+03,3.373814E-02,8.976983E+02,1.557345E-01,1.726212E+03,2.900684E+03,1.050174E-01,3.978296E+03,3.373814E-02,0.000000E+00,0.000000E+00,5.687358E-02,1.330402E+03,2.802292E-01,3.290486E+03,4.665187E+03,5.687358E-02,1.513282E+03,2.485924E-01,2.754364E+03,4.711252E+03,1.728435E-01,6.584730E+03,5.687358E-02,0.000000E+00,0.000000E+00,3.373814E-02,7.892117E+02,1.865795E-01,2.179092E+03,3.012626E+03,3.373814E-02,8.976983E+02,1.672264E-01,1.854515E+03,3.036703E+03,1.060654E-01,4.008725E+03,3.373814E-02,0.000000E+00,0.000000E+00
24:00:00,7.502470E-02,1.763354E+03,3.592735E-01,4.216409E+03,5.848143E+03,7.502470E-02,2.004599E+03,3.488992E-01,3.859334E+03,6.237164E+03,7.502470E-02,4.244413E+03,7.502470E-02,0.000000E+00,0.000000E+00,5.687358E-02,1.336736E+03,2.755963E-01,3.232431E+03,4.597081E+03,5.687358E-02,1.519616E+03,2.447393E-01,2.705019E+03,4.652220E+03,1.701317E-01,6.505974E+03,5.687358E-02,0.000000E+00,0.000000E+00,3.373814E-02,7.929692E+02,1.733946E-01,2.028128E+03,2.853131E+03,3.373814E-02,9.014558E+02,1.547415E-01,1.711368E+03,2.885368E+03,1.050176E-01,3.978300E+03,3.373814E-02,0.000000E+00,0.000000E+00,5.687358E-02,1.336736E+03,2.785908E-01,3.265860E+03,4.638076E+03,5.687358E-02,1.519616E+03,2.471277E-01,2.731679E+03,4.687748E+03,1.728438E-01,6.584737E+03,5.687358E-02,0.000000E+00,0.000000E+00,3.373814E-02,7.929692E+02,1.850438E-01,2.158189E+03,2.989925E+03,3.373814E-02,9.014558E+02,1.657908E-01,1.834731E+03,3.016346E+03,1.060656E-01,4.008729E+03,3.373814E-02,0.000000E+00,0.000000E+00
Coinc Peak   ,7.502470E-02,3.826563E-01,4.244413E+03,5.000339E+03,1.701317E-01,3.843479E-01,6.505974E+03,4.870004E+03,1.050176E-01,2.911391E-01,3.978300E+03,3.508655E+03,1.728438E-01,3.820669E-01,6.584737E+03,4.843214E+03,1.060656E-01,3.283301E-01,4.008729E+03,3.952928E+03
NonCoinc Peak,7.502470E-02,3.826563E-01,4.244413E+03,5.000339E+03,1.701317E-01,3.843479E-01,6.505974E+03,4.870004E+03,1.050176E-01,2.911391E-01,3.978300E+03,3.508655E+03,1.728438E-01,3.820669E-01,6.584737E+03,4.843214E+03,1.060656E-01,3.283301E-01,4.008729E+03,3.952928E+03
