Time,CORE_ZN ZN:ATLANTA-HARTSFIELD.JACKSON.INTL.AP_GA_USA ANN HTG 99.6% CONDNS DB:Des Heat Load [W],CORE_ZN ZN:ATLANTA-HARTSFIELD.JACKSON.INTL.AP_GA_USA ANN CLG .4% CONDNS DB=>MWB:Des Sens Cool Load [W],CORE_ZN ZN:ATLANTA-HARTSFIELD.JACKSON.INTL.AP_GA_USA ANN HTG 99.6% CONDNS DB:Des Heat Mass Flow [kg/s],CORE_ZN ZN:ATLANTA-HARTSFIELD.JACKSON.INTL.AP_GA_USA ANN CLG .4% CONDNS DB=>MWB:Des Cool Mass Flow [kg/s],CORE_ZN ZN::Des Latent Heat Load [W],CORE_ZN ZN::Des Latent Cool Load [W],CORE_ZN ZN::Des Latent Heat Mass Flow [kg/s],CORE_ZN ZN::Des Latent Cool Mass Flow [kg/s],CORE_ZN ZN::Des Heat Load No DOAS [W],CORE_ZN ZN::Des Sens Cool Load No DOAS [W],CORE_ZN ZN::Des Latent Heat Load No DOAS [W],CORE_ZN ZN::Des Latent Cool Load No DOAS [W],CORE_ZN ZN:ATLANTA-HARTSFIELD.JACKSON.INTL.AP_GA_USA ANN HTG 99.6% CONDNS DB:Heating Zone Temperature [C],CORE_ZN ZN:ATLANTA-HARTSFIELD.JACKSON.INTL.AP_GA_USA ANN HTG 99.6% CONDNS DB:Heating Zone Relative Humidity [%],CORE_ZN ZN:ATLANTA-HARTSFIELD.JACKSON.INTL.AP_GA_USA ANN CLG .4% CONDNS DB=>MWB:Cooling Zone Temperature [C],CORE_ZN ZN:ATLANTA-HARTSFIELD.JACKSON.INTL.AP_GA_USA ANN CLG .4% CONDNS DB=>MWB:Cooling Zone Relative Humidity [%],PERIMETER_ZN_1 ZN:ATLANTA-HARTSFIELD.JACKSON.INTL.AP_GA_USA ANN HTG 99.6% CONDNS DB:Des Heat Load [W],PERIMETER_ZN_1 ZN:ATLANTA-HARTSFIELD.JACKSON.INTL.AP_GA_USA ANN CLG .4% CONDNS DB=>MWB:Des Sens Cool Load [W],PERIMETER_ZN_1 ZN:ATLANTA-HARTSFIELD.JACKSON.INTL.AP_GA_USA ANN HTG 99.6% CONDNS DB:Des Heat Mass Flow [kg/s],PERIMETER_ZN_1 ZN:ATLANTA-HARTSFIELD.JACKSON.INTL.AP_GA_USA ANN CLG .4% CONDNS DB=>MWB:Des Cool Mass Flow [kg/s],PERIMETER_ZN_1 ZN::Des Latent Heat Load [W],PERIMETER_ZN_1 ZN::Des Latent Cool Load [W],PERIMETER_ZN_1 ZN::Des Latent Heat Mass Flow [kg/s],PERIMETER_ZN_1 ZN::Des Latent Cool Mass Flow [kg/s],PERIMETER_ZN_1 ZN::Des Heat Load No DOAS [W],PERIMETER_ZN_1 ZN::Des Sens Cool Load No DOAS [W],PERIMETER_ZN_1 ZN::Des Latent Heat Load No DOAS [W],PERIMETER_ZN_1 ZN::Des Latent Cool Load No DOAS [W],PERIMETER_ZN_1 ZN:ATLANTA-HARTSFIELD.JACKSON.INTL.AP_GA_USA ANN HTG 99.6% CONDNS DB:Heating Zone Temperature [C],PERIMETER_ZN_1 ZN:ATLANTA-HARTSFIELD.JACKSON.INTL.AP_GA_USA ANN HTG 99.6% CONDNS DB:Heating Zone Relative Humidity [%],PERIMETER_ZN_1 ZN:ATLANTA-HARTSFIELD.JACKSON.INTL.AP_GA_USA ANN CLG .4% CONDNS DB=>MWB:Cooling Zone Temperature [C],PERIMETER_ZN_1 ZN:ATLANTA-HARTSFIELD.JACKSON.INTL.AP_GA_USA ANN CLG .4% CONDNS DB=>MWB:Cooling Zone Relative Humidity [%],PERIMETER_ZN_2 ZN:ATLANTA-HARTSFIELD.JACKSON.INTL.AP_GA_USA ANN HTG 99.6% CONDNS DB:Des Heat Load [W],PERIMETER_ZN_2 ZN:ATLANTA-HARTSFIELD.JACKSON.INTL.AP_GA_USA ANN CLG .4% CONDNS DB=>MWB:Des Sens Cool Load [W],PERIMETER_ZN_2 ZN:ATLANTA-HARTSFIELD.JACKSON.INTL.AP_GA_USA ANN HTG 99.6% CONDNS DB:Des Heat Mass Flow [kg/s],PERIMETER_ZN_2 ZN:ATLANTA-HARTSFIELD.JACKSON.INTL.AP_GA_USA ANN CLG .4% CONDNS DB=>MWB:Des Cool Mass Flow [kg/s],PERIMETER_ZN_2 ZN::Des Latent Heat Load [W],PERIMETER_ZN_2 ZN::Des Latent Cool Load [W],PERIMETER_ZN_2 ZN::Des Latent Heat Mass Flow [kg/s],PERIMETER_ZN_2 ZN::Des Latent Cool Mass Flow [kg/s],PERIMETER_ZN_2 ZN::Des Heat Load No DOAS [W],PERIMETER_ZN_2 ZN::Des Sens Cool Load No DOAS [W],PERIMETER_ZN_2 ZN::Des Latent Heat Load No DOAS [W],PERIMETER_ZN_2 ZN::Des Latent Cool Load No DOAS [W],PERIMETER_ZN_2 ZN:ATLANTA-HARTSFIELD.JACKSON.INTL.AP_GA_USA ANN HTG 99.6% CONDNS DB:Heating Zone Temperature [C],PERIMETER_ZN_2 ZN:ATLANTA-HARTSFIELD.JACKSON.INTL.AP_GA_USA ANN HTG 99.6% CONDNS DB:Heating Zone Relative Humidity [%],PERIMETER_ZN_2 ZN:ATLANTA-HARTSFIELD.JACKSON.INTL.AP_GA_USA ANN CLG .4% CONDNS DB=>MWB:Cooling Zone Temperature [C],PERIMETER_ZN_2 ZN:ATLANTA-HARTSFIELD.JACKSON.INTL.AP_GA_USA ANN CLG .4% CONDNS DB=>MWB:Cooling Zone Relative Humidity [%],PERIMETER_ZN_3 ZN:ATLANTA-HARTSFIELD.JACKSON.INTL.AP_GA_USA ANN HTG 99.6% CONDNS DB:Des Heat Load [W],PERIMETER_ZN_3 ZN:ATLANTA-HARTSFIELD.JACKSON.INTL.AP_GA_USA ANN CLG .4% CONDNS DB=>MWB:Des Sens Cool Load [W],PERIMETER_ZN_3 ZN:ATLANTA-HARTSFIELD.JACKSON.INTL.AP_GA_USA ANN HTG 99.6% CONDNS DB:Des Heat Mass Flow [kg/s],PERIMETER_ZN_3 ZN:ATLANTA-HARTSFIELD.JACKSON.INTL.AP_GA_USA ANN CLG .4% CONDNS DB=>MWB:Des Cool Mass Flow [kg/s],PERIMETER_ZN_3 ZN::Des Latent Heat Load [W],PERIMETER_ZN_3 ZN::Des Latent Cool Load [W],PERIMETER_ZN_3 ZN::Des Latent Heat Mass Flow [kg/s],PERIMETER_ZN_3 ZN::Des Latent Cool Mass Flow [kg/s],PERIMETER_ZN_3 ZN::Des Heat Load No DOAS [W],PERIMETER_ZN_3 ZN::Des Sens Cool Load No DOAS [W],PERIMETER_ZN_3 ZN::Des Latent Heat Load No DOAS [W],PERIMETER_ZN_3 ZN::Des Latent Cool Load No DOAS [W],PERIMETER_ZN_3 ZN:ATLANTA-HARTSFIELD.JACKSON.INTL.AP_GA_USA ANN HTG 99.6% CONDNS DB:Heating Zone Temperature [C],PERIMETER_ZN_3 ZN:ATLANTA-HARTSFIELD.JACKSON.INTL.AP_GA_USA ANN HTG 99.6% CONDNS DB:Heating Zone Relative Humidity [%],PERIMETER_ZN_3 ZN:ATLANTA-HARTSFIELD.JACKSON.INTL.AP_GA_USA ANN CLG .4% CONDNS DB=>MWB:Cooling Zone Temperature [C],PERIMETER_ZN_3 ZN:ATLANTA-HARTSFIELD.JACKSON.INTL.AP_GA_USA ANN CLG .4% CONDNS DB=>MWB:Cooling Zone Relative Humidity [%],PERIMETER_ZN_4 ZN:ATLANTA-HARTSFIELD.JACKSON.INTL.AP_GA_USA ANN HTG 99.6% CONDNS DB:Des Heat Load [W],PERIMETER_ZN_4 ZN:ATLANTA-HARTSFIELD.JACKSON.INTL.AP_GA_USA ANN CLG .4% CONDNS DB=>MWB:Des Sens Cool Load [W],PERIMETER_ZN_4 ZN:ATLANTA-HARTSFIELD.JACKSON.INTL.AP_GA_USA ANN HTG 99.6% CONDNS DB:Des Heat Mass Flow [kg/s],PERIMETER_ZN_4 ZN:ATLANTA-HARTSFIELD.JACKSON.INTL.AP_GA_USA ANN CLG .4% CONDNS DB=>MWB:Des Cool Mass Flow [kg/s],PERIMETER_ZN_4 ZN::Des Latent Heat Load [W],PERIMETER_ZN_4 ZN::Des Latent Cool Load [W],PERIMETER_ZN_4 ZN::Des Latent Heat Mass Flow [kg/s],PERIMETER_ZN_4 ZN::Des Latent Cool Mass Flow [kg/s],PERIMETER_ZN_4 ZN::Des Heat Load No DOAS [W],PERIMETER_ZN_4 ZN::Des Sens Cool Load No DOAS [W],PERIMETER_ZN_4 ZN::Des Latent Heat Load No DOAS [W],PERIMETER_ZN_4 ZN::Des Latent Cool Load No DOAS [W],PERIMETER_ZN_4 ZN:ATLANTA-HARTSFIELD.JACKSON.INTL.AP_GA_USA ANN HTG 99.6% CONDNS DB:Heating Zone Temperature [C],PERIMETER_ZN_4 ZN:ATLANTA-HARTSFIELD.JACKSON.INTL.AP_GA_USA ANN HTG 99.6% CONDNS DB:Heating Zone Relative Humidity [%],PERIMETER_ZN_4 ZN:ATLANTA-HARTSFIELD.JACKSON.INTL.AP_GA_USA ANN CLG .4% CONDNS DB=>MWB:Cooling Zone Temperature [C],PERIMETER_ZN_4 ZN:ATLANTA-HARTSFIELD.JACKSON.INTL.AP_GA_USA ANN CLG .4% CONDNS DB=>MWB:Cooling Zone Relative Humidity [%]
00:10:00,1.016423E+03,3.390298E+03,3.450242E-02,2.989613E-01,0.000000E+00,0.000000E+00,0.000000E+00,0.000000E+00,0.000000E+00,0.000000E+00,0.000000E+00,0.000000E+00,2.111000E+01,4.949701E+01,2.388869E+01,4.742632E+01,4.177052E+03,2.589888E+03,1.417678E-01,2.283889E-01,0.000000E+00,0.000000E+00,0.000000E+00,0.000000E+00,0.000000E+00,0.000000E+00,0.000000E+00,0.000000E+00,2.110552E+01,4.113554E+01,2.388827E+01,4.856242E+01,2.578431E+03,1.628458E+03,8.751008E-02,1.436055E-01,0.000000E+00,0.000000E+00,0.000000E+00,0.000000E+00,0.000000E+00,0.000000E+00,0.000000E+00,0.000000E+00,2.110517E+01,4.063585E+01,2.388826E+01,4.846709E+01,4.243666E+03,2.617515E+03,1.440279E-01,2.308255E-01,0.000000E+00,0.000000E+00,0.000000E+00,0.000000E+00,0.000000E+00,0.000000E+00,0.000000E+00,0.000000E+00,2.110536E+01,4.094732E+01,2.388825E+01,4.857090E+01,2.604165E+03,1.734664E+03,8.838344E-02,1.529709E-01,0.000000E+00,0.000000E+00,0.000000E+00,0.000000E+00,0.000000E+00,0.000000E+00,0.000000E+00,0.000000E+00,2.110517E+01,4.070162E+01,2.388828E+01,4.822316E+01
00:20:00,1.015669E+03,3.385457E+03,3.447684E-02,2.985345E-01,0.000000E+00,0.000000E+00,0.000000E+00,0.000000E+00,0.000000E+00,0.000000E+00,0.000000E+00,0.000000E+00,2.111000E+01,4.949701E+01,2.388869E+01,4.743064E+01,4.176801E+03,2.575776E+03,1.417593E-01,2.271443E-01,0.000000E+00,0.000000E+00,0.000000E+00,0.000000E+00,0.000000E+00,0.000000E+00,0.000000E+00,0.000000E+00,2.110552E+01,4.113557E+01,2.388827E+01,4.857344E+01,2.578298E+03,1.618600E+03,8.750556E-02,1.427361E-01,0.000000E+00,0.000000E+00,0.000000E+00,0.000000E+00,0.000000E+00,0.000000E+00,0.000000E+00,0.000000E+00,2.110517E+01,4.063587E+01,2.388826E+01,4.847921E+01,4.243415E+03,2.602789E+03,1.440194E-01,2.295268E-01,0.000000E+00,0.000000E+00,0.000000E+00,0.000000E+00,0.000000E+00,0.000000E+00,0.000000E+00,0.000000E+00,2.110536E+01,4.094735E+01,2.388826E+01,4.858236E+01,2.604032E+03,1.721214E+03,8.837894E-02,1.517848E-01,0.000000E+00,0.000000E+00,0.000000E+00,0.000000E+00,0.000000E+00,0.000000E+00,0.000000E+00,0.000000E+00,2.110517E+01,4.070165E+01,2.388828E+01,4.824109E+01
00:30:00,1.014921E+03,3.380683E+03,3.445144E-02,2.981134E-01,0.000000E+00,0.000000E+00,0.000000E+00,0.000000E+00,0.000000E+00,0.000000E+00,0.000000E+00,0.000000E+00,2.111000E+01,4.949701E+01,2.388869E+01,4.743490E+01,4.176552E+03,2.561991E+03,1.417509E-01,2.259287E-01,0.000000E+00,0.000000E+00,0.000000E+00,0.000000E+00,0.000000E+00,0.000000E+00,0.000000E+00,0.000000E+00,2.110552E+01,4.113560E+01,2.388828E+01,4.858439E+01,2.578166E+03,1.608966E+03,8.750108E-02,1.418866E-01,0.000000E+00,0.000000E+00,0.000000E+00,0.000000E+00,0.000000E+00,0.000000E+00,0.000000E+00,0.000000E+00,2.110517E+01,4.063590E+01,2.388826E+01,4.849127E+01,4.243166E+03,2.588439E+03,1.440109E-01,2.282614E-01,0.000000E+00,0.000000E+00,0.000000E+00,0.000000E+00,0.000000E+00,0.000000E+00,0.000000E+00,0.000000E+00,2.110536E+01,4.094738E+01,2.388826E+01,4.859368E+01,2.603901E+03,1.708247E+03,8.837447E-02,1.506413E-01,0.000000E+00,0.000000E+00,0.000000E+00,0.000000E+00,0.000000E+00,0.000000E+00,0.000000E+00,0.000000E+00,2.110517E+01,4.070167E+01,2.388828E+01,4.825858E+01
00:40:00,1.014178E+03,3.375969E+03,3.442622E-02,2.976978E-01,0.000000E+00,0.000000E+00,0.000000E+00,0.000000E+00,0.000000E+00,0.000000E+00,0.000000E+00,0.000000E+00,2.111000E+01,4.949701E+01,2.388869E+01,4.743911E+01,4.176305E+03,2.548521E+03,1.417425E-01,2.247408E-01,0.000000E+00,0.000000E+00,0.000000E+00,0.000000E+00,0.000000E+00,0.000000E+00,0.000000E+00,0.000000E+00,2.110552E+01,4.113562E+01,2.388828E+01,4.859524E+01,2.578035E+03,1.599549E+03,8.749663E-02,1.410560E-01,0.000000E+00,0.000000E+00,0.000000E+00,0.000000E+00,0.000000E+00,0.000000E+00,0.000000E+00,0.000000E+00,2.110517E+01,4.063592E+01,2.388827E+01,4.850328E+01,4.242919E+03,2.574449E+03,1.440025E-01,2.270276E-01,0.000000E+00,0.000000E+00,0.000000E+00,0.000000E+00,0.000000E+00,0.000000E+00,0.000000E+00,0.000000E+00,2.110536E+01,4.094741E+01,2.388826E+01,4.860485E+01,2.603770E+03,1.695729E+03,8.837005E-02,1.495374E-01,0.000000E+00,0.000000E+00,0.000000E+00,0.000000E+00,0.000000E+00,0.000000E+00,0.000000E+00,0.000000E+00,2.110517E+01,4.070170E+01,2.388829E+01,4.827563E+01
00:50:00,1.013440E+03,3.371312E+03,3.440117E-02,2.972872E-01,0.000000E+00,0.000000E+00,0.000000E+00,0.000000E+00,0.000000E+00,0.000000E+00,0.000000E+00,0.000000E+00,2.111000E+01,4.949701E+01,2.388869E+01,4.744327E+01,4.176060E+03,2.535356E+03,1.417342E-01,2.235797E-01,0.000000E+00,0.000000E+00,0.000000E+00,0.000000E+00,0.000000E+00,0.000000E+00,0.000000E+00,0.000000E+00,2.110552E+01,4.113565E+01,2.388828E+01,4.860595E+01,2.577905E+03,1.590339E+03,8.749222E-02,1.402438E-01,0.000000E+00,0.000000E+00,0.000000E+00,0.000000E+00,0.000000E+00,0.000000E+00,0.000000E+00,0.000000E+00,2.110517E+01,4.063595E+01,2.388827E+01,4.851516E+01,4.242674E+03,2.560803E+03,1.439942E-01,2.258241E-01,0.000000E+00,0.000000E+00,0.000000E+00,0.000000E+00,0.000000E+00,0.000000E+00,0.000000E+00,0.000000E+00,2.110536E+01,4.094744E+01,2.388826E+01,4.861585E+01,2.603641E+03,1.683629E+03,8.836565E-02,1.484703E-01,0.000000E+00,0.000000E+00,0.000000E+00,0.000000E+00,0.000000E+00,0.000000E+00,0.000000E+00,0.000000E+00,2.110517E+01,4.070172E+01,2.388829E+01,4.829224E+01
01:00:00,1.012707E+03,3.366708E+03,3.437630E-02,2.968811E-01,0.000000E+00,0.000000E+00,0.000000E+00,0.000000E+00,0.000000E+00,0.000000E+00,0.000000E+00,0.000000E+00,2.111000E+01,4.949701E+01,2.388869E+01,4.744739E+01,4.175817E+03,2.522485E+03,1.417259E-01,2.224446E-01,0.000000E+00,0.000000E+00,0.000000E+00,0.000000E+00,0.000000E+00,0.000000E+00,0.000000E+00,0.000000E+00,2.110552E+01,4.113568E+01,2.388828E+01,4.861651E+01,2.577776E+03,1.581331E+03,8.748785E-02,1.394494E-01,0.000000E+00,0.000000E+00,0.000000E+00,0.000000E+00,0.000000E+00,0.000000E+00,0.000000E+00,0.000000E+00,2.110517E+01,4.063597E+01,2.388827E+01,4.852688E+01,4.242431E+03,2.547487E+03,1.439859E-01,2.246498E-01,0.000000E+00,0.000000E+00,0.000000E+00,0.000000E+00,0.000000E+00,0.000000E+00,0.000000E+00,0.000000E+00,2.110536E+01,4.094747E+01,2.388827E+01,4.862663E+01,2.603512E+03,1.671919E+03,8.836130E-02,1.474376E-01,0.000000E+00,0.000000E+00,0.000000E+00,0.000000E+00,0.000000E+00,0.000000E+00,0.000000E+00,0.000000E+00,2.110517E+01,4.070175E+01,2.388829E+01,4.830839E+01
01:10:00,1.012758E+03,3.362277E+03,3.437801E-02,2.964905E-01,0.000000E+00,0.000000E+00,0.000000E+00,0.000000E+00,0.000000E+00,0.000000E+00,0.000000E+00,0.000000E+00,2.111000E+01,4.949701E+01,2.388869E+01,4.745148E+01,4.175834E+03,2.510028E+03,1.417265E-01,2.213461E-01,0.000000E+00,0.000000E+00,0.000000E+00,0.000000E+00,0.000000E+00,0.000000E+00,0.000000E+00,0.000000E+00,2.110552E+01,4.113571E+01,2.388829E+01,4.862689E+01,2.577786E+03,1.572588E+03,8.748817E-02,1.386784E-01,0.000000E+00,0.000000E+00,0.000000E+00,0.000000E+00,0.000000E+00,0.000000E+00,0.000000E+00,0.000000E+00,2.110517E+01,4.063600E+01,2.388828E+01,4.853841E+01,4.242449E+03,2.534620E+03,1.439866E-01,2.235150E-01,0.000000E+00,0.000000E+00,0.000000E+00,0.000000E+00,0.000000E+00,0.000000E+00,0.000000E+00,0.000000E+00,2.110536E+01,4.094749E+01,2.388827E+01,4.863720E+01,2.603522E+03,1.660649E+03,8.836162E-02,1.464437E-01,0.000000E+00,0.000000E+00,0.000000E+00,0.000000E+00,0.000000E+00,0.000000E+00,0.000000E+00,0.000000E+00,2.110517E+01,4.070177E+01,2.388829E+01,4.832407E+01
01:20:00,1.012808E+03,3.357893E+03,3.437971E-02,2.961039E-01,0.000000E+00,0.000000E+00,0.000000E+00,0.000000E+00,0.000000E+00,0.000000E+00,0.000000E+00,0.000000E+00,2.111000E+01,4.949701E+01,2.388869E+01,4.745552E+01,4.175852E+03,2.497926E+03,1.417271E-01,2.202788E-01,0.000000E+00,0.000000E+00,0.000000E+00,0.000000E+00,0.000000E+00,0.000000E+00,0.000000E+00,0.000000E+00,2.110552E+01,4.113573E+01,2.388829E+01,4.863738E+01,2.577795E+03,1.564080E+03,8.748849E-02,1.379281E-01,0.000000E+00,0.000000E+00,0.000000E+00,0.000000E+00,0.000000E+00,0.000000E+00,0.000000E+00,0.000000E+00,2.110517E+01,4.063602E+01,2.388828E+01,4.855012E+01,4.242466E+03,2.522140E+03,1.439871E-01,2.224144E-01,0.000000E+00,0.000000E+00,0.000000E+00,0.000000E+00,0.000000E+00,0.000000E+00,0.000000E+00,0.000000E+00,2.110536E+01,4.094752E+01,2.388827E+01,4.864785E+01,2.603531E+03,1.649769E+03,8.836194E-02,1.454842E-01,0.000000E+00,0.000000E+00,0.000000E+00,0.000000E+00,0.000000E+00,0.000000E+00,0.000000E+00,0.000000E+00,2.110517E+01,4.070179E+01,2.388830E+01,4.833969E+01
01:30:00,1.012858E+03,3.353554E+03,3.438140E-02,2.957213E-01,0.000000E+00,0.000000E+00,0.000000E+00,0.000000E+00,0.000000E+00,0.000000E+00,0.000000E+00,0.000000E+00,2.111000E+01,4.949701E+01,2.388869E+01,4.745954E+01,4.175870E+03,2.486173E+03,1.417277E-01,2.192423E-01,0.000000E+00,0.000000E+00,0.000000E+00,0.000000E+00,0.000000E+00,0.000000E+00,0.000000E+00,0.000000E+00,2.110552E+01,4.113576E+01,2.388829E+01,4.864808E+01,2.577804E+03,1.555803E+03,8.748880E-02,1.371981E-01,0.000000E+00,0.000000E+00,0.000000E+00,0.000000E+00,0.000000E+00,0.000000E+00,0.000000E+00,0.000000E+00,2.110517E+01,4.063605E+01,2.388828E+01,4.856213E+01,4.242484E+03,2.510040E+03,1.439877E-01,2.213474E-01,0.000000E+00,0.000000E+00,0.000000E+00,0.000000E+00,0.000000E+00,0.000000E+00,0.000000E+00,0.000000E+00,2.110536E+01,4.094755E+01,2.388827E+01,4.865871E+01,2.603541E+03,1.639262E+03,8.836225E-02,1.445576E-01,0.000000E+00,0.000000E+00,0.000000E+00,0.000000E+00,0.000000E+00,0.000000E+00,0.000000E+00,0.000000E+00,2.110517E+01,4.070182E+01,2.388830E+01,4.835537E+01
01:40:00,1.012907E+03,3.349260E+03,3.438308E-02,2.953426E-01,0.000000E+00,0.000000E+00,0.000000E+00,0.000000E+00,0.000000E+00,0.000000E+00,0.000000E+00,0.000000E+00,2.111000E+01,4.949701E+01,2.388869E+01,4.746352E+01,4.175887E+03,2.474765E+03,1.417283E-01,2.182363E-01,0.000000E+00,0.000000E+00,0.000000E+00,0.000000E+00,0.000000E+00,0.000000E+00,0.000000E+00,0.000000E+00,2.110552E+01,4.113579E+01,2.388829E+01,4.865894E+01,2.577814E+03,1.547753E+03,8.748912E-02,1.364882E-01,0.000000E+00,0.000000E+00,0.000000E+00,0.000000E+00,0.000000E+00,0.000000E+00,0.000000E+00,0.000000E+00,2.110517E+01,4.063607E+01,2.388828E+01,4.857436E+01,4.242501E+03,2.498314E+03,1.439883E-01,2.203133E-01,0.000000E+00,0.000000E+00,0.000000E+00,0.000000E+00,0.000000E+00,0.000000E+00,0.000000E+00,0.000000E+00,2.110536E+01,4.094757E+01,2.388828E+01,4.866970E+01,2.603550E+03,1.629112E+03,8.836256E-02,1.436626E-01,0.000000E+00,0.000000E+00,0.000000E+00,0.000000E+00,0.000000E+00,0.000000E+00,0.000000E+00,0.000000E+00,2.110517E+01,4.070184E+01,2.388830E+01,4.837108E+01
01:50:00,1.012956E+03,3.345010E+03,3.438474E-02,2.949679E-01,0.000000E+00,0.000000E+00,0.000000E+00,0.000000E+00,0.000000E+00,0.000000E+00,0.000000E+00,0.000000E+00,2.111000E+01,4.949701E+01,2.388869E+01,4.746747E+01,4.175904E+03,2.463700E+03,1.417289E-01,2.172605E-01,0.000000E+00,0.000000E+00,0.000000E+00,0.000000E+00,0.000000E+00,0.000000E+00,0.000000E+00,0.000000E+00,2.110552E+01,4.113581E+01,2.388830E+01,4.866985E+01,2.577823E+03,1.539928E+03,8.748943E-02,1.357981E-01,0.000000E+00,0.000000E+00,0.000000E+00,0.000000E+00,0.000000E+00,0.000000E+00,0.000000E+00,0.000000E+00,2.110517E+01,4.063610E+01,2.388828E+01,4.858668E+01,4.242518E+03,2.486957E+03,1.439889E-01,2.193117E-01,0.000000E+00,0.000000E+00,0.000000E+00,0.000000E+00,0.000000E+00,0.000000E+00,0.000000E+00,0.000000E+00,2.110536E+01,4.094760E+01,2.388828E+01,4.868071E+01,2.603559E+03,1.619307E+03,8.836287E-02,1.427979E-01,0.000000E+00,0.000000E+00,0.000000E+00,0.000000E+00,0.000000E+00,0.000000E+00,0.000000E+00,0.000000E+00,2.110517E+01,4.070187E+01,2.388830E+01,4.838668E+01
02:00:00,1.013005E+03,3.340805E+03,3.438639E-02,2.945970E-01,0.000000E+00,0.000000E+00,0.000000E+00,0.000000E+00,0.000000E+00,0.000000E+00,0.000000E+00,0.000000E+00,2.111000E+01,4.949701E+01,2.388869E+01,4.747138E+01,4.175921E+03,2.452975E+03,1.417295E-01,2.163146E-01,0.000000E+00,0.000000E+00,0.000000E+00,0.000000E+00,0.000000E+00,0.000000E+00,0.000000E+00,0.000000E+00,2.110552E+01,4.113584E+01,2.388830E+01,4.868073E+01,2.577832E+03,1.532327E+03,8.748974E-02,1.351278E-01,0.000000E+00,0.000000E+00,0.000000E+00,0.000000E+00,0.000000E+00,0.000000E+00,0.000000E+00,0.000000E+00,2.110517E+01,4.063612E+01,2.388829E+01,4.859899E+01,4.242535E+03,2.475965E+03,1.439895E-01,2.183423E-01,0.000000E+00,0.000000E+00,0.000000E+00,0.000000E+00,0.000000E+00,0.000000E+00,0.000000E+00,0.000000E+00,2.110536E+01,4.094763E+01,2.388828E+01,4.869167E+01,2.603568E+03,1.609835E+03,8.836318E-02,1.419626E-01,0.000000E+00,0.000000E+00,0.000000E+00,0.000000E+00,0.000000E+00,0.000000E+00,0.000000E+00,0.000000E+00,2.110517E+01,4.070189E+01,2.388830E+01,4.840208E+01
02:10:00,1.013053E+03,3.336643E+03,3.438804E-02,2.942301E-01,0.000000E+00,0.000000E+00,0.000000E+00,0.000000E+00,0.000000E+00,0.000000E+00,0.000000E+00,0.000000E+00,2.111000E+01,4.949701E+01,2.388869E+01,4.747527E+01,4.175938E+03,2.442502E+03,1.417300E-01,2.153910E-01,0.000000E+00,0.000000E+00,0.000000E+00,0.000000E+00,0.000000E+00,0.000000E+00,0.000000E+00,0.000000E+00,2.110552E+01,4.113587E+01,2.388830E+01,4.869152E+01,2.577841E+03,1.524896E+03,8.749004E-02,1.344725E-01,0.000000E+00,0.000000E+00,0.000000E+00,0.000000E+00,0.000000E+00,0.000000E+00,0.000000E+00,0.000000E+00,2.110517E+01,4.063614E+01,2.388829E+01,4.861122E+01,4.242552E+03,2.465247E+03,1.439901E-01,2.173971E-01,0.000000E+00,0.000000E+00,0.000000E+00,0.000000E+00,0.000000E+00,0.000000E+00,0.000000E+00,0.000000E+00,2.110536E+01,4.094765E+01,2.388828E+01,4.870252E+01,2.603577E+03,1.600634E+03,8.836349E-02,1.411512E-01,0.000000E+00,0.000000E+00,0.000000E+00,0.000000E+00,0.000000E+00,0.000000E+00,0.000000E+00,0.000000E+00,2.110517E+01,4.070191E+01,2.388830E+01,4.841722E+01
02:20:00,1.013101E+03,3.332525E+03,3.438967E-02,2.938670E-01,0.000000E+00,0.000000E+00,0.000000E+00,0.000000E+00,0.000000E+00,0.000000E+00,0.000000E+00,0.000000E+00,2.111000E+01,4.949701E+01,2.388869E+01,4.747912E+01,4.175955E+03,2.432278E+03,1.417306E-01,2.144894E-01,0.000000E+00,0.000000E+00,0.000000E+00,0.000000E+00,0.000000E+00,0.000000E+00,0.000000E+00,0.000000E+00,2.110552E+01,4.113589E+01,2.388830E+01,4.870234E+01,2.577850E+03,1.517635E+03,8.749035E-02,1.338322E-01,0.000000E+00,0.000000E+00,0.000000E+00,0.000000E+00,0.000000E+00,0.000000E+00,0.000000E+00,0.000000E+00,2.110517E+01,4.063617E+01,2.388829E+01,4.862351E+01,4.242569E+03,2.454797E+03,1.439906E-01,2.164756E-01,0.000000E+00,0.000000E+00,0.000000E+00,0.000000E+00,0.000000E+00,0.000000E+00,0.000000E+00,0.000000E+00,2.110536E+01,4.094768E+01,2.388828E+01,4.871338E+01,2.603586E+03,1.591694E+03,8.836379E-02,1.403628E-01,0.000000E+00,0.000000E+00,0.000000E+00,0.000000E+00,0.000000E+00,0.000000E+00,0.000000E+00,0.000000E+00,2.110517E+01,4.070194E+01,2.388830E+01,4.843228E+01
02:30:00,1.013149E+03,3.328450E+03,3.439129E-02,2.935076E-01,0.000000E+00,0.000000E+00,0.000000E+00,0.000000E+00,0.000000E+00,0.000000E+00,0.000000E+00,0.000000E+00,2.111000E+01,4.949701E+01,2.388869E+01,4.748294E+01,4.175971E+03,2.422300E+03,1.417312E-01,2.136095E-01,0.000000E+00,0.000000E+00,0.000000E+00,0.000000E+00,0.000000E+00,0.000000E+00,0.000000E+00,0.000000E+00,2.110552E+01,4.113592E+01,2.388830E+01,4.871323E+01,2.577859E+03,1.510542E+03,8.749065E-02,1.332066E-01,0.000000E+00,0.000000E+00,0.000000E+00,0.000000E+00,0.000000E+00,0.000000E+00,0.000000E+00,0.000000E+00,2.110517E+01,4.063619E+01,2.388829E+01,4.863590E+01,4.242586E+03,2.444610E+03,1.439912E-01,2.155772E-01,0.000000E+00,0.000000E+00,0.000000E+00,0.000000E+00,0.000000E+00,0.000000E+00,0.000000E+00,0.000000E+00,2.110536E+01,4.094770E+01,2.388828E+01,4.872430E+01,2.603595E+03,1.583007E+03,8.836409E-02,1.395968E-01,0.000000E+00,0.000000E+00,0.000000E+00,0.000000E+00,0.000000E+00,0.000000E+00,0.000000E+00,0.000000E+00,2.110517E+01,4.070196E+01,2.388831E+01,4.844729E+01
02:40:00,1.013196E+03,3.324417E+03,3.439289E-02,2.931520E-01,0.000000E+00,0.000000E+00,0.000000E+00,0.000000E+00,0.000000E+00,0.000000E+00,0.000000E+00,0.000000E+00,2.111000E+01,4.949701E+01,2.388869E+01,4.748674E+01,4.175988E+03,2.412564E+03,1.417317E-01,2.127509E-01,0.000000E+00,0.000000E+00,0.000000E+00,0.000000E+00,0.000000E+00,0.000000E+00,0.000000E+00,0.000000E+00,2.110552E+01,4.113595E+01,2.388830E+01,4.872414E+01,2.577868E+03,1.503612E+03,8.749095E-02,1.325955E-01,0.000000E+00,0.000000E+00,0.000000E+00,0.000000E+00,0.000000E+00,0.000000E+00,0.000000E+00,0.000000E+00,2.110517E+01,4.063621E+01,2.388829E+01,4.864835E+01,4.242602E+03,2.434680E+03,1.439918E-01,2.147015E-01,0.000000E+00,0.000000E+00,0.000000E+00,0.000000E+00,0.000000E+00,0.000000E+00,0.000000E+00,0.000000E+00,2.110536E+01,4.094773E+01,2.388829E+01,4.873523E+01,2.603603E+03,1.574564E+03,8.836439E-02,1.388521E-01,0.000000E+00,0.000000E+00,0.000000E+00,0.000000E+00,0.000000E+00,0.000000E+00,0.000000E+00,0.000000E+00,2.110517E+01,4.070198E+01,2.388831E+01,4.846224E+01
02:50:00,1.013243E+03,3.320425E+03,3.439449E-02,2.928000E-01,0.000000E+00,0.000000E+00,0.000000E+00,0.000000E+00,0.000000E+00,0.000000E+00,0.000000E+00,0.000000E+00,2.111000E+01,4.949701E+01,2.388869E+01,4.749050E+01,4.176004E+03,2.403066E+03,1.417323E-01,2.119133E-01,0.000000E+00,0.000000E+00,0.000000E+00,0.000000E+00,0.000000E+00,0.000000E+00,0.000000E+00,0.000000E+00,2.110552E+01,4.113597E+01,2.388830E+01,4.873502E+01,2.577876E+03,1.496845E+03,8.749124E-02,1.319987E-01,0.000000E+00,0.000000E+00,0.000000E+00,0.000000E+00,0.000000E+00,0.000000E+00,0.000000E+00,0.000000E+00,2.110517E+01,4.063624E+01,2.388829E+01,4.866079E+01,4.242618E+03,2.425003E+03,1.439923E-01,2.138481E-01,0.000000E+00,0.000000E+00,0.000000E+00,0.000000E+00,0.000000E+00,0.000000E+00,0.000000E+00,0.000000E+00,2.110536E+01,4.094776E+01,2.388829E+01,4.874611E+01,2.603612E+03,1.566355E+03,8.836468E-02,1.381282E-01,0.000000E+00,0.000000E+00,0.000000E+00,0.000000E+00,0.000000E+00,0.000000E+00,0.000000E+00,0.000000E+00,2.110517E+01,4.070200E+01,2.388831E+01,4.847704E+01
03:00:00,1.013290E+03,3.316475E+03,3.439607E-02,2.924516E-01,0.000000E+00,0.000000E+00,0.000000E+00,0.000000E+00,0.000000E+00,0.000000E+00,0.000000E+00,0.000000E+00,2.111000E+01,4.949701E+01,2.388869E+01,4.749423E+01,4.176021E+03,2.393802E+03,1.417328E-01,2.110963E-01,0.000000E+00,0.000000E+00,0.000000E+00,0.000000E+00,0.000000E+00,0.000000E+00,0.000000E+00,0.000000E+00,2.110552E+01,4.113600E+01,2.388830E+01,4.874581E+01,2.577885E+03,1.490236E+03,8.749154E-02,1.314159E-01,0.000000E+00,0.000000E+00,0.000000E+00,0.000000E+00,0.000000E+00,0.000000E+00,0.000000E+00,0.000000E+00,2.110517E+01,4.063626E+01,2.388830E+01,4.867314E+01,4.242635E+03,2.415574E+03,1.439929E-01,2.130166E-01,0.000000E+00,0.000000E+00,0.000000E+00,0.000000E+00,0.000000E+00,0.000000E+00,0.000000E+00,0.000000E+00,2.110536E+01,4.094778E+01,2.388829E+01,4.875689E+01,2.603621E+03,1.558374E+03,8.836497E-02,1.374244E-01,0.000000E+00,0.000000E+00,0.000000E+00,0.000000E+00,0.000000E+00,0.000000E+00,0.000000E+00,0.000000E+00,2.110517E+01,4.070203E+01,2.388831E+01,4.849166E+01
03:10:00,1.013336E+03,3.312564E+03,3.439765E-02,2.921068E-01,0.000000E+00,0.000000E+00,0.000000E+00,0.000000E+00,0.000000E+00,0.000000E+00,0.000000E+00,0.000000E+00,2.111000E+01,4.949701E+01,2.388869E+01,4.749794E+01,4.176037E+03,2.384692E+03,1.417334E-01,2.102930E-01,0.000000E+00,0.000000E+00,0.000000E+00,0.000000E+00,0.000000E+00,0.000000E+00,0.000000E+00,0.000000E+00,2.110552E+01,4.113602E+01,2.388831E+01,4.875649E+01,2.577894E+03,1.483740E+03,8.749183E-02,1.308430E-01,0.000000E+00,0.000000E+00,0.000000E+00,0.000000E+00,0.000000E+00,0.000000E+00,0.000000E+00,0.000000E+00,2.110517E+01,4.063628E+01,2.388830E+01,4.868538E+01,4.242651E+03,2.406310E+03,1.439934E-01,2.121996E-01,0.000000E+00,0.000000E+00,0.000000E+00,0.000000E+00,0.000000E+00,0.000000E+00,0.000000E+00,0.000000E+00,2.110536E+01,4.094781E+01,2.388829E+01,4.876754E+01,2.603629E+03,1.550565E+03,8.836526E-02,1.367358E-01,0.000000E+00,0.000000E+00,0.000000E+00,0.000000E+00,0.000000E+00,0.000000E+00,0.000000E+00,0.000000E+00,2.110517E+01,4.070205E+01,2.388831E+01,4.850604E+01
03:20:00,1.013382E+03,3.308691E+03,3.439921E-02,2.917653E-01,0.000000E+00,0.000000E+00,0.000000E+00,0.000000E+00,0.000000E+00,0.000000E+00,0.000000E+00,0.000000E+00,2.111000E+01,4.949701E+01,2.388869E+01,4.750161E+01,4.176053E+03,2.375731E+03,1.417339E-01,2.095027E-01,0.000000E+00,0.000000E+00,0.000000E+00,0.000000E+00,0.000000E+00,0.000000E+00,0.000000E+00,0.000000E+00,2.110552E+01,4.113605E+01,2.388831E+01,4.876704E+01,2.577902E+03,1.477351E+03,8.749212E-02,1.302796E-01,0.000000E+00,0.000000E+00,0.000000E+00,0.000000E+00,0.000000E+00,0.000000E+00,0.000000E+00,0.000000E+00,2.110517E+01,4.063630E+01,2.388830E+01,4.869747E+01,4.242667E+03,2.397202E+03,1.439940E-01,2.113964E-01,0.000000E+00,0.000000E+00,0.000000E+00,0.000000E+00,0.000000E+00,0.000000E+00,0.000000E+00,0.000000E+00,2.110536E+01,4.094783E+01,2.388829E+01,4.877805E+01,2.603638E+03,1.542921E+03,8.836555E-02,1.360617E-01,0.000000E+00,0.000000E+00,0.000000E+00,0.000000E+00,0.000000E+00,0.000000E+00,0.000000E+00,0.000000E+00,2.110517E+01,4.070207E+01,2.388831E+01,4.852019E+01
03:30:00,1.013428E+03,3.304856E+03,3.440076E-02,2.914271E-01,0.000000E+00,0.000000E+00,0.000000E+00,0.000000E+00,0.000000E+00,0.000000E+00,0.000000E+00,0.000000E+00,2.111000E+01,4.949701E+01,2.388869E+01,4.750526E+01,4.176068E+03,2.366913E+03,1.417345E-01,2.087251E-01,0.000000E+00,0.000000E+00,0.000000E+00,0.000000E+00,0.000000E+00,0.000000E+00,0.000000E+00,0.000000E+00,2.110552E+01,4.113607E+01,2.388831E+01,4.877744E+01,2.577910E+03,1.471067E+03,8.749241E-02,1.297254E-01,0.000000E+00,0.000000E+00,0.000000E+00,0.000000E+00,0.000000E+00,0.000000E+00,0.000000E+00,0.000000E+00,2.110517E+01,4.063633E+01,2.388830E+01,4.870942E+01,4.242683E+03,2.388244E+03,1.439945E-01,2.106064E-01,0.000000E+00,0.000000E+00,0.000000E+00,0.000000E+00,0.000000E+00,0.000000E+00,0.000000E+00,0.000000E+00,2.110536E+01,4.094786E+01,2.388829E+01,4.878840E+01,2.603646E+03,1.535435E+03,8.836584E-02,1.354015E-01,0.000000E+00,0.000000E+00,0.000000E+00,0.000000E+00,0.000000E+00,0.000000E+00,0.000000E+00,0.000000E+00,2.110517E+01,4.070209E+01,2.388831E+01,4.853410E+01
03:40:00,1.013474E+03,3.301056E+03,3.440231E-02,2.910921E-01,0.000000E+00,0.000000E+00,0.000000E+00,0.000000E+00,0.000000E+00,0.000000E+00,0.000000E+00,0.000000E+00,2.111000E+01,4.949701E+01,2.388869E+01,4.750888E+01,4.176084E+03,2.358231E+03,1.417350E-01,2.079595E-01,0.000000E+00,0.000000E+00,0.000000E+00,0.000000E+00,0.000000E+00,0.000000E+00,0.000000E+00,0.000000E+00,2.110552E+01,4.113609E+01,2.388831E+01,4.878770E+01,2.577919E+03,1.464882E+03,8.749269E-02,1.291800E-01,0.000000E+00,0.000000E+00,0.000000E+00,0.000000E+00,0.000000E+00,0.000000E+00,0.000000E+00,0.000000E+00,2.110517E+01,4.063635E+01,2.388830E+01,4.872120E+01,4.242698E+03,2.379428E+03,1.439950E-01,2.098290E-01,0.000000E+00,0.000000E+00,0.000000E+00,0.000000E+00,0.000000E+00,0.000000E+00,0.000000E+00,0.000000E+00,2.110536E+01,4.094788E+01,2.388829E+01,4.879860E+01,2.603655E+03,1.528098E+03,8.836612E-02,1.347545E-01,0.000000E+00,0.000000E+00,0.000000E+00,0.000000E+00,0.000000E+00,0.000000E+00,0.000000E+00,0.000000E+00,2.110517E+01,4.070211E+01,2.388831E+01,4.854777E+01
03:50:00,1.013519E+03,3.297291E+03,3.440384E-02,2.907600E-01,0.000000E+00,0.000000E+00,0.000000E+00,0.000000E+00,0.000000E+00,0.000000E+00,0.000000E+00,0.000000E+00,2.111000E+01,4.949701E+01,2.388868E+01,4.751248E+01,4.176100E+03,2.349681E+03,1.417355E-01,2.072054E-01,0.000000E+00,0.000000E+00,0.000000E+00,0.000000E+00,0.000000E+00,0.000000E+00,0.000000E+00,0.000000E+00,2.110552E+01,4.113612E+01,2.388831E+01,4.879781E+01,2.577927E+03,1.458795E+03,8.749297E-02,1.286432E-01,0.000000E+00,0.000000E+00,0.000000E+00,0.000000E+00,0.000000E+00,0.000000E+00,0.000000E+00,0.000000E+00,2.110517E+01,4.063637E+01,2.388830E+01,4.873283E+01,4.242714E+03,2.370748E+03,1.439956E-01,2.090635E-01,0.000000E+00,0.000000E+00,0.000000E+00,0.000000E+00,0.000000E+00,0.000000E+00,0.000000E+00,0.000000E+00,2.110536E+01,4.094790E+01,2.388829E+01,4.880864E+01,2.603663E+03,1.520902E+03,8.836640E-02,1.341199E-01,0.000000E+00,0.000000E+00,0.000000E+00,0.000000E+00,0.000000E+00,0.000000E+00,0.000000E+00,0.000000E+00,2.110517E+01,4.070213E+01,2.388831E+01,4.856121E+01
04:00:00,1.013564E+03,3.293557E+03,3.440536E-02,2.904307E-01,0.000000E+00,0.000000E+00,0.000000E+00,0.000000E+00,0.000000E+00,0.000000E+00,0.000000E+00,0.000000E+00,2.111000E+01,4.949701E+01,2.388868E+01,4.751605E+01,4.176115E+03,2.341256E+03,1.417360E-01,2.064625E-01,0.000000E+00,0.000000E+00,0.000000E+00,0.000000E+00,0.000000E+00,0.000000E+00,0.000000E+00,0.000000E+00,2.110552E+01,4.113614E+01,2.388831E+01,4.880778E+01,2.577935E+03,1.452799E+03,8.749325E-02,1.281144E-01,0.000000E+00,0.000000E+00,0.000000E+00,0.000000E+00,0.000000E+00,0.000000E+00,0.000000E+00,0.000000E+00,2.110517E+01,4.063639E+01,2.388830E+01,4.874430E+01,4.242729E+03,2.362198E+03,1.439961E-01,2.083095E-01,0.000000E+00,0.000000E+00,0.000000E+00,0.000000E+00,0.000000E+00,0.000000E+00,0.000000E+00,0.000000E+00,2.110536E+01,4.094793E+01,2.388829E+01,4.881853E+01,2.603671E+03,1.513841E+03,8.836668E-02,1.334973E-01,0.000000E+00,0.000000E+00,0.000000E+00,0.000000E+00,0.000000E+00,0.000000E+00,0.000000E+00,0.000000E+00,2.110517E+01,4.070215E+01,2.388831E+01,4.857442E+01
04:10:00,1.013608E+03,3.289854E+03,3.440687E-02,2.901042E-01,0.000000E+00,0.000000E+00,0.000000E+00,0.000000E+00,0.000000E+00,0.000000E+00,0.000000E+00,0.000000E+00,2.111000E+01,4.949701E+01,2.388868E+01,4.751960E+01,4.176131E+03,2.333021E+03,1.417366E-01,2.057362E-01,0.000000E+00,0.000000E+00,0.000000E+00,0.000000E+00,0.000000E+00,0.000000E+00,0.000000E+00,0.000000E+00,2.110552E+01,4.113617E+01,2.388831E+01,4.881760E+01,2.577944E+03,1.446933E+03,8.749353E-02,1.275972E-01,0.000000E+00,0.000000E+00,0.000000E+00,0.000000E+00,0.000000E+00,0.000000E+00,0.000000E+00,0.000000E+00,2.110517E+01,4.063641E+01,2.388830E+01,4.875562E+01,4.242745E+03,2.353842E+03,1.439966E-01,2.075726E-01,0.000000E+00,0.000000E+00,0.000000E+00,0.000000E+00,0.000000E+00,0.000000E+00,0.000000E+00,0.000000E+00,2.110536E+01,4.094795E+01,2.388830E+01,4.882827E+01,2.603679E+03,1.506951E+03,8.836696E-02,1.328897E-01,0.000000E+00,0.000000E+00,0.000000E+00,0.000000E+00,0.000000E+00,0.000000E+00,0.000000E+00,0.000000E+00,2.110517E+01,4.070218E+01,2.388831E+01,4.858741E+01
04:20:00,1.013652E+03,3.286182E+03,3.440836E-02,2.897804E-01,0.000000E+00,0.000000E+00,0.000000E+00,0.000000E+00,0.000000E+00,0.000000E+00,0.000000E+00,0.000000E+00,2.111000E+01,4.949701E+01,2.388868E+01,4.752313E+01,4.176146E+03,2.324973E+03,1.417371E-01,2.050265E-01,0.000000E+00,0.000000E+00,0.000000E+00,0.000000E+00,0.000000E+00,0.000000E+00,0.000000E+00,0.000000E+00,2.110552E+01,4.113619E+01,2.388831E+01,4.882744E+01,2.577952E+03,1.441195E+03,8.749380E-02,1.270911E-01,0.000000E+00,0.000000E+00,0.000000E+00,0.000000E+00,0.000000E+00,0.000000E+00,0.000000E+00,0.000000E+00,2.110517E+01,4.063643E+01,2.388830E+01,4.876697E+01,4.242760E+03,2.345679E+03,1.439971E-01,2.068527E-01,0.000000E+00,0.000000E+00,0.000000E+00,0.000000E+00,0.000000E+00,0.000000E+00,0.000000E+00,0.000000E+00,2.110536E+01,4.094798E+01,2.388830E+01,4.883803E+01,2.603687E+03,1.500227E+03,8.836723E-02,1.322967E-01,0.000000E+00,0.000000E+00,0.000000E+00,0.000000E+00,0.000000E+00,0.000000E+00,0.000000E+00,0.000000E+00,2.110517E+01,4.070220E+01,2.388832E+01,4.860039E+01
04:30:00,1.013696E+03,3.282540E+03,3.440985E-02,2.894593E-01,0.000000E+00,0.000000E+00,0.000000E+00,0.000000E+00,0.000000E+00,0.000000E+00,0.000000E+00,0.000000E+00,2.111000E+01,4.949701E+01,2.388868E+01,4.752663E+01,4.176161E+03,2.317110E+03,1.417376E-01,2.043331E-01,0.000000E+00,0.000000E+00,0.000000E+00,0.000000E+00,0.000000E+00,0.000000E+00,0.000000E+00,0.000000E+00,2.110552E+01,4.113621E+01,2.388831E+01,4.883737E+01,2.577960E+03,1.435582E+03,8.749408E-02,1.265961E-01,0.000000E+00,0.000000E+00,0.000000E+00,0.000000E+00,0.000000E+00,0.000000E+00,0.000000E+00,0.000000E+00,2.110517E+01,4.063645E+01,2.388830E+01,4.877844E+01,4.242775E+03,2.337707E+03,1.439976E-01,2.061497E-01,0.000000E+00,0.000000E+00,0.000000E+00,0.000000E+00,0.000000E+00,0.000000E+00,0.000000E+00,0.000000E+00,2.110536E+01,4.094800E+01,2.388830E+01,4.884788E+01,2.603695E+03,1.493664E+03,8.836750E-02,1.317179E-01,0.000000E+00,0.000000E+00,0.000000E+00,0.000000E+00,0.000000E+00,0.000000E+00,0.000000E+00,0.000000E+00,2.110517E+01,4.070222E+01,2.388832E+01,4.861342E+01
04:40:00,1.013740E+03,3.278928E+03,3.441133E-02,2.891408E-01,0.000000E+00,0.000000E+00,0.000000E+00,0.000000E+00,0.000000E+00,0.000000E+00,0.000000E+00,0.000000E+00,2.111000E+01,4.949701E+01,2.388868E+01,4.753012E+01,4.176176E+03,2.309430E+03,1.417381E-01,2.036559E-01,0.000000E+00,0.000000E+00,0.000000E+00,0.000000E+00,0.000000E+00,0.000000E+00,0.000000E+00,0.000000E+00,2.110552E+01,4.113624E+01,2.388831E+01,4.884734E+01,2.577968E+03,1.430092E+03,8.749435E-02,1.261120E-01,0.000000E+00,0.000000E+00,0.000000E+00,0.000000E+00,0.000000E+00,0.000000E+00,0.000000E+00,0.000000E+00,2.110517E+01,4.063648E+01,2.388831E+01,4.879000E+01,4.242790E+03,2.329923E+03,1.439981E-01,2.054633E-01,0.000000E+00,0.000000E+00,0.000000E+00,0.000000E+00,0.000000E+00,0.000000E+00,0.000000E+00,0.000000E+00,2.110536E+01,4.094802E+01,2.388830E+01,4.885779E+01,2.603703E+03,1.487259E+03,8.836777E-02,1.311531E-01,0.000000E+00,0.000000E+00,0.000000E+00,0.000000E+00,0.000000E+00,0.000000E+00,0.000000E+00,0.000000E+00,2.110517E+01,4.070224E+01,2.388832E+01,4.862649E+01
04:50:00,1.013783E+03,3.275347E+03,3.441280E-02,2.888250E-01,0.000000E+00,0.000000E+00,0.000000E+00,0.000000E+00,0.000000E+00,0.000000E+00,0.000000E+00,0.000000E+00,2.111000E+01,4.949701E+01,2.388868E+01,4.753358E+01,4.176191E+03,2.301935E+03,1.417386E-01,2.029949E-01,0.000000E+00,0.000000E+00,0.000000E+00,0.000000E+00,0.000000E+00,0.000000E+00,0.000000E+00,0.000000E+00,2.110552E+01,4.113626E+01,2.388831E+01,4.885732E+01,2.577976E+03,1.424725E+03,8.749462E-02,1.256387E-01,0.000000E+00,0.000000E+00,0.000000E+00,0.000000E+00,0.000000E+00,0.000000E+00,0.000000E+00,0.000000E+00,2.110517E+01,4.063650E+01,2.388831E+01,4.880157E+01,4.242805E+03,2.322326E+03,1.439986E-01,2.047934E-01,0.000000E+00,0.000000E+00,0.000000E+00,0.000000E+00,0.000000E+00,0.000000E+00,0.000000E+00,0.000000E+00,2.110536E+01,4.094805E+01,2.388830E+01,4.886770E+01,2.603711E+03,1.481008E+03,8.836804E-02,1.306018E-01,0.000000E+00,0.000000E+00,0.000000E+00,0.000000E+00,0.000000E+00,0.000000E+00,0.000000E+00,0.000000E+00,2.110517E+01,4.070226E+01,2.388832E+01,4.863953E+01
05:00:00,1.013826E+03,3.271797E+03,3.441426E-02,2.885120E-01,0.000000E+00,0.000000E+00,0.000000E+00,0.000000E+00,0.000000E+00,0.000000E+00,0.000000E+00,0.000000E+00,2.111000E+01,4.949701E+01,2.388868E+01,4.753702E+01,4.176206E+03,2.294621E+03,1.417391E-01,2.023499E-01,0.000000E+00,0.000000E+00,0.000000E+00,0.000000E+00,0.000000E+00,0.000000E+00,0.000000E+00,0.000000E+00,2.110552E+01,4.113628E+01,2.388831E+01,4.886725E+01,2.577984E+03,1.419480E+03,8.749488E-02,1.251761E-01,0.000000E+00,0.000000E+00,0.000000E+00,0.000000E+00,0.000000E+00,0.000000E+00,0.000000E+00,0.000000E+00,2.110517E+01,4.063652E+01,2.388831E+01,4.881311E+01,4.242820E+03,2.314915E+03,1.439991E-01,2.041398E-01,0.000000E+00,0.000000E+00,0.000000E+00,0.000000E+00,0.000000E+00,0.000000E+00,0.000000E+00,0.000000E+00,2.110536E+01,4.094807E+01,2.388830E+01,4.887756E+01,2.603719E+03,1.474908E+03,8.836831E-02,1.300639E-01,0.000000E+00,0.000000E+00,0.000000E+00,0.000000E+00,0.000000E+00,0.000000E+00,0.000000E+00,0.000000E+00,2.110517E+01,4.070228E+01,2.388832E+01,4.865247E+01
05:10:00,1.013868E+03,3.268279E+03,3.441570E-02,2.882018E-01,0.000000E+00,0.000000E+00,0.000000E+00,0.000000E+00,0.000000E+00,0.000000E+00,0.000000E+00,0.000000E+00,2.111000E+01,4.949701E+01,2.388868E+01,4.754044E+01,4.176220E+03,2.287687E+03,1.417396E-01,2.017384E-01,0.000000E+00,0.000000E+00,0.000000E+00,0.000000E+00,0.000000E+00,0.000000E+00,0.000000E+00,0.000000E+00,2.110552E+01,4.113631E+01,2.388831E+01,4.887710E+01,2.577991E+03,1.414476E+03,8.749515E-02,1.247349E-01,0.000000E+00,0.000000E+00,0.000000E+00,0.000000E+00,0.000000E+00,0.000000E+00,0.000000E+00,0.000000E+00,2.110517E+01,4.063654E+01,2.388831E+01,4.882456E+01,4.242834E+03,2.307893E+03,1.439996E-01,2.035205E-01,0.000000E+00,0.000000E+00,0.000000E+00,0.000000E+00,0.000000E+00,0.000000E+00,0.000000E+00,0.000000E+00,2.110536E+01,4.094809E+01,2.388830E+01,4.888735E+01,2.603727E+03,1.469082E+03,8.836857E-02,1.295501E-01,0.000000E+00,0.000000E+00,0.000000E+00,0.000000E+00,0.000000E+00,0.000000E+00,0.000000E+00,0.000000E+00,2.110517E+01,4.070230E+01,2.388832E+01,4.866530E+01
05:20:00,1.013911E+03,3.264797E+03,3.441714E-02,2.878947E-01,0.000000E+00,0.000000E+00,0.000000E+00,0.000000E+00,0.000000E+00,0.000000E+00,0.000000E+00,0.000000E+00,2.111000E+01,4.949701E+01,2.388868E+01,4.754383E+01,4.176235E+03,2.281144E+03,1.417401E-01,2.011614E-01,0.000000E+00,0.000000E+00,0.000000E+00,0.000000E+00,0.000000E+00,0.000000E+00,0.000000E+00,0.000000E+00,2.110552E+01,4.113633E+01,2.388831E+01,4.888750E+01,2.577999E+03,1.409723E+03,8.749541E-02,1.243157E-01,0.000000E+00,0.000000E+00,0.000000E+00,0.000000E+00,0.000000E+00,0.000000E+00,0.000000E+00,0.000000E+00,2.110517E+01,4.063656E+01,2.388831E+01,4.883670E+01,4.242849E+03,2.301288E+03,1.440001E-01,2.029380E-01,0.000000E+00,0.000000E+00,0.000000E+00,0.000000E+00,0.000000E+00,0.000000E+00,0.000000E+00,0.000000E+00,2.110536E+01,4.094811E+01,2.388830E+01,4.889773E+01,2.603734E+03,1.463538E+03,8.836883E-02,1.290613E-01,0.000000E+00,0.000000E+00,0.000000E+00,0.000000E+00,0.000000E+00,0.000000E+00,0.000000E+00,0.000000E+00,2.110517E+01,4.070232E+01,2.388832E+01,4.867878E+01
05:30:00,1.013953E+03,3.261355E+03,3.441857E-02,2.875912E-01,0.000000E+00,0.000000E+00,0.000000E+00,0.000000E+00,0.000000E+00,0.000000E+00,0.000000E+00,0.000000E+00,2.111000E+01,4.949701E+01,2.388868E+01,4.754720E+01,4.176249E+03,2.275003E+03,1.417406E-01,2.006199E-01,0.000000E+00,0.000000E+00,0.000000E+00,0.000000E+00,0.000000E+00,0.000000E+00,0.000000E+00,0.000000E+00,2.110552E+01,4.113635E+01,2.388831E+01,4.889868E+01,2.578007E+03,1.405224E+03,8.749567E-02,1.239189E-01,0.000000E+00,0.000000E+00,0.000000E+00,0.000000E+00,0.000000E+00,0.000000E+00,0.000000E+00,0.000000E+00,2.110517E+01,4.063658E+01,2.388831E+01,4.884978E+01,4.242863E+03,2.295107E+03,1.440006E-01,2.023930E-01,0.000000E+00,0.000000E+00,0.000000E+00,0.000000E+00,0.000000E+00,0.000000E+00,0.000000E+00,0.000000E+00,2.110536E+01,4.094814E+01,2.388830E+01,4.890890E+01,2.603742E+03,1.458281E+03,8.836909E-02,1.285977E-01,0.000000E+00,0.000000E+00,0.000000E+00,0.000000E+00,0.000000E+00,0.000000E+00,0.000000E+00,0.000000E+00,2.110517E+01,4.070234E+01,2.388832E+01,4.869315E+01
05:40:00,1.013994E+03,3.257957E+03,3.441998E-02,2.872915E-01,0.000000E+00,0.000000E+00,0.000000E+00,0.000000E+00,0.000000E+00,0.000000E+00,0.000000E+00,0.000000E+00,2.111000E+01,4.949701E+01,2.388868E+01,4.755054E+01,4.176263E+03,2.269275E+03,1.417411E-01,2.001147E-01,0.000000E+00,0.000000E+00,0.000000E+00,0.000000E+00,0.000000E+00,0.000000E+00,0.000000E+00,0.000000E+00,2.110552E+01,4.113637E+01,2.388831E+01,4.891049E+01,2.578014E+03,1.400984E+03,8.749593E-02,1.235451E-01,0.000000E+00,0.000000E+00,0.000000E+00,0.000000E+00,0.000000E+00,0.000000E+00,0.000000E+00,0.000000E+00,2.110517E+01,4.063660E+01,2.388830E+01,4.886363E+01,4.242878E+03,2.289361E+03,1.440011E-01,2.018863E-01,0.000000E+00,0.000000E+00,0.000000E+00,0.000000E+00,0.000000E+00,0.000000E+00,0.000000E+00,0.000000E+00,2.110536E+01,4.094816E+01,2.388830E+01,4.892071E+01,2.603750E+03,1.453315E+03,8.836935E-02,1.281597E-01,0.000000E+00,0.000000E+00,0.000000E+00,0.000000E+00,0.000000E+00,0.000000E+00,0.000000E+00,0.000000E+00,2.110517E+01,4.070236E+01,2.388832E+01,4.870825E+01
05:50:00,1.014036E+03,3.254615E+03,3.442139E-02,2.869969E-01,0.000000E+00,0.000000E+00,0.000000E+00,0.000000E+00,0.000000E+00,0.000000E+00,0.000000E+00,0.000000E+00,2.111000E+01,4.949701E+01,2.388868E+01,4.755384E+01,4.176278E+03,2.264668E+03,1.417416E-01,1.997085E-01,0.000000E+00,0.000000E+00,0.000000E+00,0.000000E+00,0.000000E+00,0.000000E+00,0.000000E+00,0.000000E+00,2.110552E+01,4.113640E+01,2.388831E+01,4.892269E+01,2.578022E+03,1.397587E+03,8.749619E-02,1.232455E-01,0.000000E+00,0.000000E+00,0.000000E+00,0.000000E+00,0.000000E+00,0.000000E+00,0.000000E+00,0.000000E+00,2.110517E+01,4.063662E+01,2.388830E+01,4.887796E+01,4.242892E+03,2.284893E+03,1.440016E-01,2.014923E-01,0.000000E+00,0.000000E+00,0.000000E+00,0.000000E+00,0.000000E+00,0.000000E+00,0.000000E+00,0.000000E+00,2.110536E+01,4.094818E+01,2.388830E+01,4.893290E+01,2.603757E+03,1.449015E+03,8.836960E-02,1.277805E-01,0.000000E+00,0.000000E+00,0.000000E+00,0.000000E+00,0.000000E+00,0.000000E+00,0.000000E+00,0.000000E+00,2.110517E+01,4.070238E+01,2.388831E+01,4.872377E+01
06:00:00,1.014077E+03,3.251381E+03,3.442279E-02,2.867117E-01,0.000000E+00,0.000000E+00,0.000000E+00,0.000000E+00,0.000000E+00,0.000000E+00,0.000000E+00,0.000000E+00,2.111000E+01,4.949701E+01,2.388868E+01,4.755709E+01,4.176292E+03,2.261642E+03,1.417420E-01,1.994417E-01,0.000000E+00,0.000000E+00,0.000000E+00,0.000000E+00,0.000000E+00,0.000000E+00,0.000000E+00,0.000000E+00,2.110552E+01,4.113642E+01,2.388831E+01,4.893386E+01,2.578029E+03,1.397830E+03,8.749644E-02,1.232669E-01,0.000000E+00,0.000000E+00,0.000000E+00,0.000000E+00,0.000000E+00,0.000000E+00,0.000000E+00,0.000000E+00,2.110517E+01,4.063664E+01,2.388830E+01,4.889090E+01,4.242906E+03,2.283928E+03,1.440021E-01,2.014072E-01,0.000000E+00,0.000000E+00,0.000000E+00,0.000000E+00,0.000000E+00,0.000000E+00,0.000000E+00,0.000000E+00,2.110536E+01,4.094820E+01,2.388829E+01,4.894384E+01,2.603765E+03,1.445610E+03,8.836985E-02,1.274803E-01,0.000000E+00,0.000000E+00,0.000000E+00,0.000000E+00,0.000000E+00,0.000000E+00,0.000000E+00,0.000000E+00,2.110517E+01,4.070240E+01,2.388831E+01,4.873847E+01
06:10:00,1.014118E+03,3.248383E+03,3.442418E-02,2.864474E-01,0.000000E+00,0.000000E+00,0.000000E+00,0.000000E+00,0.000000E+00,0.000000E+00,0.000000E+00,0.000000E+00,2.111000E+01,4.949701E+01,2.388868E+01,4.756025E+01,4.176306E+03,2.260703E+03,1.417425E-01,1.993589E-01,0.000000E+00,0.000000E+00,0.000000E+00,0.000000E+00,0.000000E+00,0.000000E+00,0.000000E+00,0.000000E+00,2.110552E+01,4.113644E+01,2.388830E+01,4.894262E+01,2.578037E+03,1.407023E+03,8.749669E-02,1.240777E-01,0.000000E+00,0.000000E+00,0.000000E+00,0.000000E+00,0.000000E+00,0.000000E+00,0.000000E+00,0.000000E+00,2.110517E+01,4.063666E+01,2.388828E+01,4.889371E+01,4.242920E+03,2.289950E+03,1.440025E-01,2.019383E-01,0.000000E+00,0.000000E+00,0.000000E+00,0.000000E+00,0.000000E+00,0.000000E+00,0.000000E+00,0.000000E+00,2.110536E+01,4.094822E+01,2.388828E+01,4.894903E+01,2.603772E+03,1.443360E+03,8.837011E-02,1.272819E-01,0.000000E+00,0.000000E+00,0.000000E+00,0.000000E+00,0.000000E+00,0.000000E+00,0.000000E+00,0.000000E+00,2.110517E+01,4.070241E+01,2.388830E+01,4.875117E+01
06:20:00,1.014158E+03,3.245836E+03,3.442555E-02,2.862228E-01,0.000000E+00,0.000000E+00,0.000000E+00,0.000000E+00,0.000000E+00,0.000000E+00,0.000000E+00,0.000000E+00,2.111000E+01,4.949701E+01,2.388868E+01,4.756318E+01,4.176319E+03,2.262525E+03,1.417430E-01,1.995197E-01,0.000000E+00,0.000000E+00,0.000000E+00,0.000000E+00,0.000000E+00,0.000000E+00,0.000000E+00,0.000000E+00,2.110552E+01,4.113646E+01,2.388830E+01,4.893826E+01,2.578044E+03,1.428654E+03,8.749694E-02,1.259853E-01,0.000000E+00,0.000000E+00,0.000000E+00,0.000000E+00,0.000000E+00,0.000000E+00,0.000000E+00,0.000000E+00,2.110517E+01,4.063667E+01,2.388822E+01,4.885791E+01,4.242934E+03,2.304763E+03,1.440030E-01,2.032448E-01,0.000000E+00,0.000000E+00,0.000000E+00,0.000000E+00,0.000000E+00,0.000000E+00,0.000000E+00,0.000000E+00,2.110536E+01,4.094824E+01,2.388826E+01,4.893113E+01,2.603779E+03,1.442612E+03,8.837035E-02,1.272160E-01,0.000000E+00,0.000000E+00,0.000000E+00,0.000000E+00,0.000000E+00,0.000000E+00,0.000000E+00,0.000000E+00,2.110517E+01,4.070243E+01,2.388830E+01,4.875029E+01
06:30:00,1.014199E+03,3.243971E+03,3.442692E-02,2.860583E-01,0.000000E+00,0.000000E+00,0.000000E+00,0.000000E+00,0.000000E+00,0.000000E+00,0.000000E+00,0.000000E+00,2.111000E+01,4.949701E+01,2.388868E+01,4.756566E+01,4.176333E+03,2.267383E+03,1.417434E-01,1.999481E-01,0.000000E+00,0.000000E+00,0.000000E+00,0.000000E+00,0.000000E+00,0.000000E+00,0.000000E+00,0.000000E+00,2.110552E+01,4.113648E+01,2.388829E+01,4.892521E+01,2.578051E+03,1.461477E+03,8.749719E-02,1.288802E-01,0.000000E+00,0.000000E+00,0.000000E+00,0.000000E+00,0.000000E+00,0.000000E+00,0.000000E+00,0.000000E+00,2.110517E+01,4.063669E+01,2.388816E+01,4.877693E+01,4.242947E+03,2.326984E+03,1.440035E-01,2.052044E-01,0.000000E+00,0.000000E+00,0.000000E+00,0.000000E+00,0.000000E+00,0.000000E+00,0.000000E+00,0.000000E+00,2.110536E+01,4.094827E+01,2.388823E+01,4.889161E+01,2.603787E+03,1.443503E+03,8.837060E-02,1.272946E-01,0.000000E+00,0.000000E+00,0.000000E+00,0.000000E+00,0.000000E+00,0.000000E+00,0.000000E+00,0.000000E+00,2.110517E+01,4.070245E+01,2.388829E+01,4.874127E+01
06:40:00,1.014239E+03,3.242984E+03,3.442828E-02,2.859713E-01,0.000000E+00,0.000000E+00,0.000000E+00,0.000000E+00,0.000000E+00,0.000000E+00,0.000000E+00,0.000000E+00,2.111000E+01,4.949701E+01,2.388868E+01,4.756743E+01,4.176347E+03,2.275600E+03,1.417439E-01,2.006728E-01,0.000000E+00,0.000000E+00,0.000000E+00,0.000000E+00,0.000000E+00,0.000000E+00,0.000000E+00,0.000000E+00,2.110552E+01,4.113650E+01,2.388829E+01,4.890831E+01,2.578059E+03,1.506275E+03,8.749743E-02,1.328310E-01,0.000000E+00,0.000000E+00,0.000000E+00,0.000000E+00,0.000000E+00,0.000000E+00,0.000000E+00,0.000000E+00,2.110517E+01,4.063671E+01,2.388813E+01,4.866370E+01,4.242961E+03,2.356056E+03,1.440039E-01,2.077684E-01,0.000000E+00,0.000000E+00,0.000000E+00,0.000000E+00,0.000000E+00,0.000000E+00,0.000000E+00,0.000000E+00,2.110536E+01,4.094829E+01,2.388822E+01,4.883978E+01,2.603794E+03,1.446177E+03,8.837085E-02,1.275304E-01,0.000000E+00,0.000000E+00,0.000000E+00,0.000000E+00,0.000000E+00,0.000000E+00,0.000000E+00,0.000000E+00,2.110517E+01,4.070247E+01,2.388829E+01,4.872967E+01
06:50:00,1.014279E+03,3.243024E+03,3.442963E-02,2.859749E-01,0.000000E+00,0.000000E+00,0.000000E+00,0.000000E+00,0.000000E+00,0.000000E+00,0.000000E+00,0.000000E+00,2.111000E+01,4.949701E+01,2.388868E+01,4.756832E+01,4.176360E+03,2.286765E+03,1.417444E-01,2.016574E-01,0.000000E+00,0.000000E+00,0.000000E+00,0.000000E+00,0.000000E+00,0.000000E+00,0.000000E+00,0.000000E+00,2.110552E+01,4.113652E+01,2.388828E+01,4.888952E+01,2.578066E+03,1.562849E+03,8.749768E-02,1.378204E-01,0.000000E+00,0.000000E+00,0.000000E+00,0.000000E+00,0.000000E+00,0.000000E+00,0.000000E+00,0.000000E+00,2.110517E+01,4.063673E+01,2.388811E+01,4.853119E+01,4.242974E+03,2.390699E+03,1.440044E-01,2.108237E-01,0.000000E+00,0.000000E+00,0.000000E+00,0.000000E+00,0.000000E+00,0.000000E+00,0.000000E+00,0.000000E+00,2.110536E+01,4.094831E+01,2.388822E+01,4.878350E+01,2.603801E+03,1.450384E+03,8.837109E-02,1.279014E-01,0.000000E+00,0.000000E+00,0.000000E+00,0.000000E+00,0.000000E+00,0.000000E+00,0.000000E+00,0.000000E+00,2.110517E+01,4.070249E+01,2.388829E+01,4.871761E+01
07:00:00,1.014318E+03,3.244169E+03,3.443097E-02,2.860758E-01,0.000000E+00,0.000000E+00,0.000000E+00,0.000000E+00,0.000000E+00,0.000000E+00,0.000000E+00,0.000000E+00,2.111000E+01,4.949701E+01,2.388868E+01,4.756825E+01,4.176374E+03,2.301164E+03,1.417448E-01,2.029273E-01,0.000000E+00,0.000000E+00,0.000000E+00,0.000000E+00,0.000000E+00,0.000000E+00,0.000000E+00,0.000000E+00,2.110552E+01,4.113654E+01,2.388828E+01,4.886893E+01,2.578073E+03,1.631860E+03,8.749792E-02,1.439067E-01,0.000000E+00,0.000000E+00,0.000000E+00,0.000000E+00,0.000000E+00,0.000000E+00,0.000000E+00,0.000000E+00,2.110517E+01,4.063675E+01,2.388809E+01,4.838857E+01,4.242988E+03,2.430095E+03,1.440048E-01,2.142981E-01,0.000000E+00,0.000000E+00,0.000000E+00,0.000000E+00,0.000000E+00,0.000000E+00,0.000000E+00,0.000000E+00,2.110536E+01,4.094833E+01,2.388822E+01,4.872718E+01,2.603808E+03,1.456247E+03,8.837133E-02,1.284185E-01,0.000000E+00,0.000000E+00,0.000000E+00,0.000000E+00,0.000000E+00,0.000000E+00,0.000000E+00,0.000000E+00,2.110517E+01,4.070251E+01,2.388829E+01,4.870507E+01
07:10:00,1.014357E+03,3.246232E+03,3.443230E-02,2.862568E-01,0.000000E+00,0.000000E+00,0.000000E+00,0.000000E+00,0.000000E+00,0.000000E+00,0.000000E+00,0.000000E+00,2.111000E+01,4.949701E+01,2.388890E+01,4.756621E+01,4.176387E+03,2.318500E+03,1.417453E-01,2.044552E-01,0.000000E+00,0.000000E+00,0.000000E+00,0.000000E+00,0.000000E+00,0.000000E+00,0.000000E+00,0.000000E+00,2.110552E+01,4.113656E+01,2.388856E+01,4.883748E+01,2.578080E+03,1.705582E+03,8.749816E-02,1.504075E-01,0.000000E+00,0.000000E+00,0.000000E+00,0.000000E+00,0.000000E+00,0.000000E+00,0.000000E+00,0.000000E+00,2.110517E+01,4.063677E+01,2.388839E+01,4.819085E+01,4.243001E+03,2.468249E+03,1.440053E-01,2.176619E-01,0.000000E+00,0.000000E+00,0.000000E+00,0.000000E+00,0.000000E+00,0.000000E+00,0.000000E+00,0.000000E+00,2.110536E+01,4.094835E+01,2.388852E+01,4.865445E+01,2.603815E+03,1.463633E+03,8.837157E-02,1.290694E-01,0.000000E+00,0.000000E+00,0.000000E+00,0.000000E+00,0.000000E+00,0.000000E+00,0.000000E+00,0.000000E+00,2.110517E+01,4.070253E+01,2.388857E+01,4.868578E+01
07:20:00,1.014396E+03,3.249217E+03,3.443362E-02,2.865180E-01,0.000000E+00,0.000000E+00,0.000000E+00,0.000000E+00,0.000000E+00,0.000000E+00,0.000000E+00,0.000000E+00,2.111000E+01,4.949701E+01,2.388915E+01,4.756365E+01,4.176400E+03,2.338486E+03,1.417457E-01,2.062159E-01,0.000000E+00,0.000000E+00,0.000000E+00,0.000000E+00,0.000000E+00,0.000000E+00,0.000000E+00,0.000000E+00,2.110552E+01,4.113659E+01,2.388888E+01,4.881063E+01,2.578087E+03,1.780383E+03,8.749840E-02,1.570024E-01,0.000000E+00,0.000000E+00,0.000000E+00,0.000000E+00,0.000000E+00,0.000000E+00,0.000000E+00,0.000000E+00,2.110517E+01,4.063679E+01,2.388876E+01,4.804427E+01,4.243014E+03,2.502160E+03,1.440057E-01,2.206502E-01,0.000000E+00,0.000000E+00,0.000000E+00,0.000000E+00,0.000000E+00,0.000000E+00,0.000000E+00,0.000000E+00,2.110536E+01,4.094837E+01,2.388886E+01,4.860525E+01,2.603822E+03,1.472387E+03,8.837180E-02,1.298402E-01,0.000000E+00,0.000000E+00,0.000000E+00,0.000000E+00,0.000000E+00,0.000000E+00,0.000000E+00,0.000000E+00,2.110517E+01,4.070254E+01,2.388888E+01,4.866910E+01
07:30:00,1.014435E+03,3.252893E+03,3.443493E-02,2.868401E-01,0.000000E+00,0.000000E+00,0.000000E+00,0.000000E+00,0.000000E+00,0.000000E+00,0.000000E+00,0.000000E+00,2.111000E+01,4.949701E+01,2.388916E+01,4.756085E+01,4.176413E+03,2.361059E+03,1.417462E-01,2.082045E-01,0.000000E+00,0.000000E+00,0.000000E+00,0.000000E+00,0.000000E+00,0.000000E+00,0.000000E+00,0.000000E+00,2.110552E+01,4.113661E+01,2.388889E+01,4.877847E+01,2.578094E+03,1.857126E+03,8.749863E-02,1.637683E-01,0.000000E+00,0.000000E+00,0.000000E+00,0.000000E+00,0.000000E+00,0.000000E+00,0.000000E+00,0.000000E+00,2.110517E+01,4.063681E+01,2.388880E+01,4.788797E+01,4.243027E+03,2.532166E+03,1.440062E-01,2.232941E-01,0.000000E+00,0.000000E+00,0.000000E+00,0.000000E+00,0.000000E+00,0.000000E+00,0.000000E+00,0.000000E+00,2.110536E+01,4.094839E+01,2.388888E+01,4.855783E+01,2.603829E+03,1.482481E+03,8.837204E-02,1.307291E-01,0.000000E+00,0.000000E+00,0.000000E+00,0.000000E+00,0.000000E+00,0.000000E+00,0.000000E+00,0.000000E+00,2.110517E+01,4.070256E+01,2.388889E+01,4.864934E+01
07:40:00,1.014473E+03,3.257004E+03,3.443623E-02,2.872005E-01,0.000000E+00,0.000000E+00,0.000000E+00,0.000000E+00,0.000000E+00,0.000000E+00,0.000000E+00,0.000000E+00,2.111000E+01,4.949701E+01,2.388916E+01,4.755755E+01,4.176426E+03,2.386049E+03,1.417466E-01,2.104063E-01,0.000000E+00,0.000000E+00,0.000000E+00,0.000000E+00,0.000000E+00,0.000000E+00,0.000000E+00,0.000000E+00,2.110552E+01,4.113663E+01,2.388889E+01,4.874417E+01,2.578101E+03,1.934573E+03,8.749887E-02,1.705962E-01,0.000000E+00,0.000000E+00,0.000000E+00,0.000000E+00,0.000000E+00,0.000000E+00,0.000000E+00,0.000000E+00,2.110517E+01,4.063682E+01,2.388881E+01,4.774624E+01,4.243040E+03,2.558047E+03,1.440066E-01,2.255741E-01,0.000000E+00,0.000000E+00,0.000000E+00,0.000000E+00,0.000000E+00,0.000000E+00,0.000000E+00,0.000000E+00,2.110536E+01,4.094841E+01,2.388888E+01,4.852012E+01,2.603836E+03,1.493854E+03,8.837227E-02,1.317309E-01,0.000000E+00,0.000000E+00,0.000000E+00,0.000000E+00,0.000000E+00,0.000000E+00,0.000000E+00,0.000000E+00,2.110517E+01,4.070258E+01,2.388888E+01,4.862798E+01
07:50:00,1.014511E+03,3.261327E+03,3.443753E-02,2.875796E-01,0.000000E+00,0.000000E+00,0.000000E+00,0.000000E+00,0.000000E+00,0.000000E+00,0.000000E+00,0.000000E+00,2.111000E+01,4.949701E+01,2.388916E+01,4.755392E+01,4.176439E+03,2.413323E+03,1.417470E-01,2.128094E-01,0.000000E+00,0.000000E+00,0.000000E+00,0.000000E+00,0.000000E+00,0.000000E+00,0.000000E+00,0.000000E+00,2.110552E+01,4.113665E+01,2.388888E+01,4.870793E+01,2.578108E+03,2.011815E+03,8.749910E-02,1.774058E-01,0.000000E+00,0.000000E+00,0.000000E+00,0.000000E+00,0.000000E+00,0.000000E+00,0.000000E+00,0.000000E+00,2.110517E+01,4.063684E+01,2.388882E+01,4.761872E+01,4.243053E+03,2.579834E+03,1.440071E-01,2.274931E-01,0.000000E+00,0.000000E+00,0.000000E+00,0.000000E+00,0.000000E+00,0.000000E+00,0.000000E+00,0.000000E+00,2.110536E+01,4.094843E+01,2.388889E+01,4.849128E+01,2.603843E+03,1.506484E+03,8.837250E-02,1.328435E-01,0.000000E+00,0.000000E+00,0.000000E+00,0.000000E+00,0.000000E+00,0.000000E+00,0.000000E+00,0.000000E+00,2.110517E+01,4.070260E+01,2.388888E+01,4.860499E+01
08:00:00,1.014549E+03,3.265679E+03,3.443881E-02,2.879612E-01,0.000000E+00,0.000000E+00,0.000000E+00,0.000000E+00,0.000000E+00,0.000000E+00,0.000000E+00,0.000000E+00,2.111000E+01,4.949701E+01,2.388916E+01,4.755013E+01,4.176452E+03,2.442278E+03,1.417475E-01,2.153609E-01,0.000000E+00,0.000000E+00,0.000000E+00,0.000000E+00,0.000000E+00,0.000000E+00,0.000000E+00,0.000000E+00,2.110552E+01,4.113667E+01,2.388888E+01,4.866999E+01,2.578115E+03,2.084957E+03,8.749933E-02,1.838537E-01,0.000000E+00,0.000000E+00,0.000000E+00,0.000000E+00,0.000000E+00,0.000000E+00,0.000000E+00,0.000000E+00,2.110517E+01,4.063686E+01,2.388883E+01,4.750466E+01,4.243066E+03,2.596060E+03,1.440075E-01,2.289217E-01,0.000000E+00,0.000000E+00,0.000000E+00,0.000000E+00,0.000000E+00,0.000000E+00,0.000000E+00,0.000000E+00,2.110536E+01,4.094845E+01,2.388889E+01,4.846980E+01,2.603849E+03,1.520117E+03,8.837273E-02,1.340445E-01,0.000000E+00,0.000000E+00,0.000000E+00,0.000000E+00,0.000000E+00,0.000000E+00,0.000000E+00,0.000000E+00,2.110517E+01,4.070261E+01,2.388887E+01,4.858040E+01
08:10:00,1.014587E+03,3.270129E+03,3.444009E-02,2.883526E-01,0.000000E+00,0.000000E+00,0.000000E+00,0.000000E+00,0.000000E+00,0.000000E+00,0.000000E+00,0.000000E+00,2.111000E+01,4.949701E+01,2.388916E+01,4.754631E+01,4.176464E+03,2.472723E+03,1.417479E-01,2.180445E-01,0.000000E+00,0.000000E+00,0.000000E+00,0.000000E+00,0.000000E+00,0.000000E+00,0.000000E+00,0.000000E+00,2.110552E+01,4.113669E+01,2.388888E+01,4.863062E+01,2.578121E+03,2.156040E+03,8.749956E-02,1.901207E-01,0.000000E+00,0.000000E+00,0.000000E+00,0.000000E+00,0.000000E+00,0.000000E+00,0.000000E+00,0.000000E+00,2.110517E+01,4.063688E+01,2.388884E+01,4.740291E+01,4.243079E+03,2.611079E+03,1.440079E-01,2.302449E-01,0.000000E+00,0.000000E+00,0.000000E+00,0.000000E+00,0.000000E+00,0.000000E+00,0.000000E+00,0.000000E+00,2.110536E+01,4.094847E+01,2.388889E+01,4.845297E+01,2.603856E+03,1.534658E+03,8.837296E-02,1.353261E-01,0.000000E+00,0.000000E+00,0.000000E+00,0.000000E+00,0.000000E+00,0.000000E+00,0.000000E+00,0.000000E+00,2.110517E+01,4.070263E+01,2.388887E+01,4.855426E+01
08:20:00,1.014624E+03,3.274555E+03,3.444135E-02,2.887427E-01,0.000000E+00,0.000000E+00,0.000000E+00,0.000000E+00,0.000000E+00,0.000000E+00,0.000000E+00,0.000000E+00,2.111000E+01,4.949701E+01,2.388916E+01,4.754244E+01,4.176477E+03,2.504350E+03,1.417483E-01,2.208334E-01,0.000000E+00,0.000000E+00,0.000000E+00,0.000000E+00,0.000000E+00,0.000000E+00,0.000000E+00,0.000000E+00,2.110552E+01,4.113670E+01,2.388887E+01,4.859008E+01,2.578128E+03,2.224742E+03,8.749978E-02,1.961786E-01,0.000000E+00,0.000000E+00,0.000000E+00,0.000000E+00,0.000000E+00,0.000000E+00,0.000000E+00,0.000000E+00,2.110517E+01,4.063689E+01,2.388884E+01,4.731200E+01,4.243091E+03,2.626902E+03,1.440084E-01,2.316400E-01,0.000000E+00,0.000000E+00,0.000000E+00,0.000000E+00,0.000000E+00,0.000000E+00,0.000000E+00,0.000000E+00,2.110536E+01,4.094849E+01,2.388888E+01,4.843579E+01,2.603863E+03,1.550005E+03,8.837319E-02,1.366794E-01,0.000000E+00,0.000000E+00,0.000000E+00,0.000000E+00,0.000000E+00,0.000000E+00,0.000000E+00,0.000000E+00,2.110517E+01,4.070265E+01,2.388887E+01,4.852662E+01
08:30:00,1.014661E+03,3.278990E+03,3.444261E-02,2.891332E-01,0.000000E+00,0.000000E+00,0.000000E+00,0.000000E+00,0.000000E+00,0.000000E+00,0.000000E+00,0.000000E+00,2.111000E+01,4.949701E+01,2.388931E+01,4.753803E+01,4.176490E+03,2.536941E+03,1.417487E-01,2.237067E-01,0.000000E+00,0.000000E+00,0.000000E+00,0.000000E+00,0.000000E+00,0.000000E+00,0.000000E+00,0.000000E+00,2.110552E+01,4.113672E+01,2.388906E+01,4.854829E+01,2.578135E+03,2.290796E+03,8.750001E-02,2.020025E-01,0.000000E+00,0.000000E+00,0.000000E+00,0.000000E+00,0.000000E+00,0.000000E+00,0.000000E+00,0.000000E+00,2.110517E+01,4.063691E+01,2.388903E+01,4.722952E+01,4.243104E+03,2.645143E+03,1.440088E-01,2.332479E-01,0.000000E+00,0.000000E+00,0.000000E+00,0.000000E+00,0.000000E+00,0.000000E+00,0.000000E+00,0.000000E+00,2.110536E+01,4.094851E+01,2.388907E+01,4.841464E+01,2.603869E+03,1.566092E+03,8.837341E-02,1.380976E-01,0.000000E+00,0.000000E+00,0.000000E+00,0.000000E+00,0.000000E+00,0.000000E+00,0.000000E+00,0.000000E+00,2.110517E+01,4.070267E+01,2.388905E+01,4.849707E+01
08:40:00,1.014698E+03,3.283710E+03,3.444386E-02,2.895485E-01,0.000000E+00,0.000000E+00,0.000000E+00,0.000000E+00,0.000000E+00,0.000000E+00,0.000000E+00,0.000000E+00,2.111000E+01,4.949701E+01,2.388938E+01,4.753360E+01,4.176502E+03,2.571376E+03,1.417492E-01,2.267422E-01,0.000000E+00,0.000000E+00,0.000000E+00,0.000000E+00,0.000000E+00,0.000000E+00,0.000000E+00,0.000000E+00,2.110552E+01,4.113674E+01,2.388916E+01,4.850663E+01,2.578141E+03,2.355836E+03,8.750023E-02,2.077367E-01,0.000000E+00,0.000000E+00,0.000000E+00,0.000000E+00,0.000000E+00,0.000000E+00,0.000000E+00,0.000000E+00,2.110517E+01,4.063693E+01,2.388913E+01,4.715738E+01,4.243116E+03,2.667710E+03,1.440092E-01,2.352367E-01,0.000000E+00,0.000000E+00,0.000000E+00,0.000000E+00,0.000000E+00,0.000000E+00,0.000000E+00,0.000000E+00,2.110536E+01,4.094853E+01,2.388916E+01,4.838931E+01,2.603876E+03,1.583413E+03,8.837363E-02,1.396244E-01,0.000000E+00,0.000000E+00,0.000000E+00,0.000000E+00,0.000000E+00,0.000000E+00,0.000000E+00,0.000000E+00,2.110517E+01,4.070268E+01,2.388915E+01,4.846656E+01
08:50:00,1.014734E+03,3.288862E+03,3.444510E-02,2.900017E-01,0.000000E+00,0.000000E+00,0.000000E+00,0.000000E+00,0.000000E+00,0.000000E+00,0.000000E+00,0.000000E+00,2.111000E+01,4.949701E+01,2.388939E+01,4.752855E+01,4.176514E+03,2.606723E+03,1.417496E-01,2.298581E-01,0.000000E+00,0.000000E+00,0.000000E+00,0.000000E+00,0.000000E+00,0.000000E+00,0.000000E+00,0.000000E+00,2.110552E+01,4.113676E+01,2.388916E+01,4.845971E+01,2.578148E+03,2.418223E+03,8.750045E-02,2.132369E-01,0.000000E+00,0.000000E+00,0.000000E+00,0.000000E+00,0.000000E+00,0.000000E+00,0.000000E+00,0.000000E+00,2.110517E+01,4.063695E+01,2.388914E+01,4.708544E+01,4.243128E+03,2.694376E+03,1.440096E-01,2.375871E-01,0.000000E+00,0.000000E+00,0.000000E+00,0.000000E+00,0.000000E+00,0.000000E+00,0.000000E+00,0.000000E+00,2.110536E+01,4.094855E+01,2.388916E+01,4.835775E+01,2.603882E+03,1.601554E+03,8.837385E-02,1.412234E-01,0.000000E+00,0.000000E+00,0.000000E+00,0.000000E+00,0.000000E+00,0.000000E+00,0.000000E+00,0.000000E+00,2.110517E+01,4.070270E+01,2.388915E+01,4.843130E+01
09:00:00,1.014771E+03,3.294579E+03,3.444633E-02,2.905049E-01,0.000000E+00,0.000000E+00,0.000000E+00,0.000000E+00,0.000000E+00,0.000000E+00,0.000000E+00,0.000000E+00,2.111000E+01,4.949701E+01,2.388939E+01,4.752308E+01,4.176526E+03,2.642769E+03,1.417500E-01,2.330356E-01,0.000000E+00,0.000000E+00,0.000000E+00,0.000000E+00,0.000000E+00,0.000000E+00,0.000000E+00,0.000000E+00,2.110552E+01,4.113678E+01,2.388916E+01,4.841374E+01,2.578154E+03,2.477505E+03,8.750067E-02,2.184634E-01,0.000000E+00,0.000000E+00,0.000000E+00,0.000000E+00,0.000000E+00,0.000000E+00,0.000000E+00,0.000000E+00,2.110517E+01,4.063696E+01,2.388915E+01,4.702419E+01,4.243140E+03,2.725097E+03,1.440100E-01,2.402951E-01,0.000000E+00,0.000000E+00,0.000000E+00,0.000000E+00,0.000000E+00,0.000000E+00,0.000000E+00,0.000000E+00,2.110536E+01,4.094857E+01,2.388916E+01,4.832442E+01,2.603889E+03,1.620432E+03,8.837407E-02,1.428875E-01,0.000000E+00,0.000000E+00,0.000000E+00,0.000000E+00,0.000000E+00,0.000000E+00,0.000000E+00,0.000000E+00,2.110517E+01,4.070272E+01,2.388915E+01,4.839574E+01
09:10:00,1.014807E+03,3.300908E+03,3.444755E-02,2.910619E-01,0.000000E+00,0.000000E+00,0.000000E+00,0.000000E+00,0.000000E+00,0.000000E+00,0.000000E+00,0.000000E+00,2.111000E+01,4.949701E+01,2.388939E+01,4.751717E+01,4.176538E+03,2.679038E+03,1.417504E-01,2.362328E-01,0.000000E+00,0.000000E+00,0.000000E+00,0.000000E+00,0.000000E+00,0.000000E+00,0.000000E+00,0.000000E+00,2.110552E+01,4.113680E+01,2.388916E+01,4.836923E+01,2.578161E+03,2.532976E+03,8.750089E-02,2.233537E-01,0.000000E+00,0.000000E+00,0.000000E+00,0.000000E+00,0.000000E+00,0.000000E+00,0.000000E+00,0.000000E+00,2.110517E+01,4.063698E+01,2.388915E+01,4.697270E+01,4.243153E+03,2.757561E+03,1.440104E-01,2.431568E-01,0.000000E+00,0.000000E+00,0.000000E+00,0.000000E+00,0.000000E+00,0.000000E+00,0.000000E+00,0.000000E+00,2.110536E+01,4.094858E+01,2.388916E+01,4.829056E+01,2.603895E+03,1.639780E+03,8.837429E-02,1.445930E-01,0.000000E+00,0.000000E+00,0.000000E+00,0.000000E+00,0.000000E+00,0.000000E+00,0.000000E+00,0.000000E+00,2.110517E+01,4.070273E+01,2.388915E+01,4.836031E+01
09:20:00,1.014842E+03,3.307795E+03,3.444877E-02,2.916683E-01,0.000000E+00,0.000000E+00,0.000000E+00,0.000000E+00,0.000000E+00,0.000000E+00,0.000000E+00,0.000000E+00,2.111000E+01,4.949701E+01,2.388939E+01,4.751085E+01,4.176550E+03,2.715405E+03,1.417508E-01,2.394385E-01,0.000000E+00,0.000000E+00,0.000000E+00,0.000000E+00,0.000000E+00,0.000000E+00,0.000000E+00,0.000000E+00,2.110552E+01,4.113682E+01,2.388916E+01,4.832617E+01,2.578167E+03,2.584306E+03,8.750111E-02,2.278789E-01,0.000000E+00,0.000000E+00,0.000000E+00,0.000000E+00,0.000000E+00,0.000000E+00,0.000000E+00,0.000000E+00,2.110517E+01,4.063700E+01,2.388915E+01,4.692940E+01,4.243165E+03,2.790899E+03,1.440108E-01,2.460954E-01,0.000000E+00,0.000000E+00,0.000000E+00,0.000000E+00,0.000000E+00,0.000000E+00,0.000000E+00,0.000000E+00,2.110536E+01,4.094860E+01,2.388916E+01,4.825669E+01,2.603902E+03,1.659525E+03,8.837450E-02,1.463335E-01,0.000000E+00,0.000000E+00,0.000000E+00,0.000000E+00,0.000000E+00,0.000000E+00,0.000000E+00,0.000000E+00,2.110517E+01,4.070275E+01,2.388915E+01,4.832506E+01
09:30:00,1.014878E+03,3.315234E+03,3.444997E-02,2.923238E-01,0.000000E+00,0.000000E+00,0.000000E+00,0.000000E+00,0.000000E+00,0.000000E+00,0.000000E+00,0.000000E+00,2.111000E+01,4.949701E+01,2.388939E+01,4.750416E+01,4.176562E+03,2.751845E+03,1.417512E-01,2.426514E-01,0.000000E+00,0.000000E+00,0.000000E+00,0.000000E+00,0.000000E+00,0.000000E+00,0.000000E+00,0.000000E+00,2.110552E+01,4.113684E+01,2.388916E+01,4.828448E+01,2.578173E+03,2.631341E+03,8.750132E-02,2.320260E-01,0.000000E+00,0.000000E+00,0.000000E+00,0.000000E+00,0.000000E+00,0.000000E+00,0.000000E+00,0.000000E+00,2.110517E+01,4.063701E+01,2.388916E+01,4.689310E+01,4.243176E+03,2.824507E+03,1.440112E-01,2.490586E-01,0.000000E+00,0.000000E+00,0.000000E+00,0.000000E+00,0.000000E+00,0.000000E+00,0.000000E+00,0.000000E+00,2.110536E+01,4.094862E+01,2.388915E+01,4.822310E+01,2.603908E+03,1.679636E+03,8.837472E-02,1.481067E-01,0.000000E+00,0.000000E+00,0.000000E+00,0.000000E+00,0.000000E+00,0.000000E+00,0.000000E+00,0.000000E+00,2.110517E+01,4.070276E+01,2.388914E+01,4.829002E+01
09:40:00,1.014913E+03,3.323029E+03,3.445117E-02,2.930112E-01,0.000000E+00,0.000000E+00,0.000000E+00,0.000000E+00,0.000000E+00,0.000000E+00,0.000000E+00,0.000000E+00,2.111000E+01,4.949701E+01,2.388939E+01,4.749717E+01,4.176574E+03,2.787289E+03,1.417516E-01,2.457768E-01,0.000000E+00,0.000000E+00,0.000000E+00,0.000000E+00,0.000000E+00,0.000000E+00,0.000000E+00,0.000000E+00,2.110552E+01,4.113686E+01,2.388916E+01,4.824405E+01,2.578179E+03,2.670677E+03,8.750153E-02,2.354944E-01,0.000000E+00,0.000000E+00,0.000000E+00,0.000000E+00,0.000000E+00,0.000000E+00,0.000000E+00,0.000000E+00,2.110517E+01,4.063703E+01,2.388916E+01,4.686386E+01,4.243188E+03,2.857218E+03,1.440116E-01,2.519430E-01,0.000000E+00,0.000000E+00,0.000000E+00,0.000000E+00,0.000000E+00,0.000000E+00,0.000000E+00,0.000000E+00,2.110536E+01,4.094864E+01,2.388915E+01,4.818994E+01,2.603914E+03,1.699536E+03,8.837493E-02,1.498614E-01,0.000000E+00,0.000000E+00,0.000000E+00,0.000000E+00,0.000000E+00,0.000000E+00,0.000000E+00,0.000000E+00,2.110517E+01,4.070278E+01,2.388914E+01,4.825524E+01
09:50:00,1.014948E+03,3.331108E+03,3.445236E-02,2.937235E-01,0.000000E+00,0.000000E+00,0.000000E+00,0.000000E+00,0.000000E+00,0.000000E+00,0.000000E+00,0.000000E+00,2.111000E+01,4.949701E+01,2.388939E+01,4.748992E+01,4.176586E+03,2.822513E+03,1.417520E-01,2.488828E-01,0.000000E+00,0.000000E+00,0.000000E+00,0.000000E+00,0.000000E+00,0.000000E+00,0.000000E+00,0.000000E+00,2.110552E+01,4.113687E+01,2.388916E+01,4.820478E+01,2.578186E+03,2.702576E+03,8.750174E-02,2.383071E-01,0.000000E+00,0.000000E+00,0.000000E+00,0.000000E+00,0.000000E+00,0.000000E+00,0.000000E+00,0.000000E+00,2.110517E+01,4.063704E+01,2.388916E+01,4.684344E+01,4.243200E+03,2.889625E+03,1.440120E-01,2.548006E-01,0.000000E+00,0.000000E+00,0.000000E+00,0.000000E+00,0.000000E+00,0.000000E+00,0.000000E+00,0.000000E+00,2.110536E+01,4.094866E+01,2.388915E+01,4.815734E+01,2.603920E+03,1.719534E+03,8.837514E-02,1.516248E-01,0.000000E+00,0.000000E+00,0.000000E+00,0.000000E+00,0.000000E+00,0.000000E+00,0.000000E+00,0.000000E+00,2.110517E+01,4.070280E+01,2.388914E+01,4.822080E+01
10:00:00,1.014983E+03,3.339461E+03,3.445354E-02,2.944606E-01,0.000000E+00,0.000000E+00,0.000000E+00,0.000000E+00,0.000000E+00,0.000000E+00,0.000000E+00,0.000000E+00,2.111000E+01,4.949701E+01,2.388928E+01,4.748489E+01,4.176597E+03,2.857583E+03,1.417524E-01,2.519758E-01,0.000000E+00,0.000000E+00,0.000000E+00,0.000000E+00,0.000000E+00,0.000000E+00,0.000000E+00,0.000000E+00,2.110552E+01,4.113689E+01,2.388901E+01,4.817765E+01,2.578192E+03,2.726848E+03,8.750195E-02,2.404478E-01,0.000000E+00,0.000000E+00,0.000000E+00,0.000000E+00,0.000000E+00,0.000000E+00,0.000000E+00,0.000000E+00,2.110517E+01,4.063706E+01,2.388904E+01,4.683446E+01,4.243211E+03,2.921861E+03,1.440124E-01,2.576437E-01,0.000000E+00,0.000000E+00,0.000000E+00,0.000000E+00,0.000000E+00,0.000000E+00,0.000000E+00,0.000000E+00,2.110536E+01,4.094868E+01,2.388901E+01,4.813472E+01,2.603926E+03,1.739649E+03,8.837534E-02,1.533989E-01,0.000000E+00,0.000000E+00,0.000000E+00,0.000000E+00,0.000000E+00,0.000000E+00,0.000000E+00,0.000000E+00,2.110517E+01,4.070281E+01,2.388900E+01,4.819671E+01
10:10:00,1.015018E+03,3.347943E+03,3.445471E-02,2.952095E-01,0.000000E+00,0.000000E+00,0.000000E+00,0.000000E+00,0.000000E+00,0.000000E+00,0.000000E+00,0.000000E+00,2.111000E+01,4.949701E+01,2.388916E+01,4.747808E+01,4.176609E+03,2.892370E+03,1.417528E-01,2.550444E-01,0.000000E+00,0.000000E+00,0.000000E+00,0.000000E+00,0.000000E+00,0.000000E+00,0.000000E+00,0.000000E+00,2.110552E+01,4.113691E+01,2.388886E+01,4.814285E+01,2.578198E+03,2.743199E+03,8.750216E-02,2.418904E-01,0.000000E+00,0.000000E+00,0.000000E+00,0.000000E+00,0.000000E+00,0.000000E+00,0.000000E+00,0.000000E+00,2.110517E+01,4.063708E+01,2.388890E+01,4.682990E+01,4.243223E+03,2.953783E+03,1.440128E-01,2.604598E-01,0.000000E+00,0.000000E+00,0.000000E+00,0.000000E+00,0.000000E+00,0.000000E+00,0.000000E+00,0.000000E+00,2.110536E+01,4.094869E+01,2.388885E+01,4.810548E+01,2.603932E+03,1.759763E+03,8.837555E-02,1.551732E-01,0.000000E+00,0.000000E+00,0.000000E+00,0.000000E+00,0.000000E+00,0.000000E+00,0.000000E+00,0.000000E+00,2.110517E+01,4.070283E+01,2.388884E+01,4.816532E+01
10:20:00,1.015052E+03,3.356492E+03,3.445588E-02,2.959643E-01,0.000000E+00,0.000000E+00,0.000000E+00,0.000000E+00,0.000000E+00,0.000000E+00,0.000000E+00,0.000000E+00,2.111000E+01,4.949701E+01,2.388916E+01,4.746996E+01,4.176620E+03,2.926838E+03,1.417532E-01,2.580850E-01,0.000000E+00,0.000000E+00,0.000000E+00,0.000000E+00,0.000000E+00,0.000000E+00,0.000000E+00,0.000000E+00,2.110552E+01,4.113693E+01,2.388885E+01,4.810456E+01,2.578204E+03,2.751416E+03,8.750237E-02,2.426159E-01,0.000000E+00,0.000000E+00,0.000000E+00,0.000000E+00,0.000000E+00,0.000000E+00,0.000000E+00,0.000000E+00,2.110517E+01,4.063709E+01,2.388889E+01,4.683133E+01,4.243234E+03,2.985342E+03,1.440132E-01,2.632439E-01,0.000000E+00,0.000000E+00,0.000000E+00,0.000000E+00,0.000000E+00,0.000000E+00,0.000000E+00,0.000000E+00,2.110536E+01,4.094871E+01,2.388885E+01,4.807312E+01,2.603938E+03,1.779812E+03,8.837576E-02,1.569418E-01,0.000000E+00,0.000000E+00,0.000000E+00,0.000000E+00,0.000000E+00,0.000000E+00,0.000000E+00,0.000000E+00,2.110517E+01,4.070284E+01,2.388884E+01,4.813036E+01
10:30:00,1.015086E+03,3.365069E+03,3.445703E-02,2.967216E-01,0.000000E+00,0.000000E+00,0.000000E+00,0.000000E+00,0.000000E+00,0.000000E+00,0.000000E+00,0.000000E+00,2.111000E+01,4.949701E+01,2.388916E+01,4.746193E+01,4.176632E+03,2.960958E+03,1.417536E-01,2.610947E-01,0.000000E+00,0.000000E+00,0.000000E+00,0.000000E+00,0.000000E+00,0.000000E+00,0.000000E+00,0.000000E+00,2.110552E+01,4.113694E+01,2.388885E+01,4.806830E+01,2.578210E+03,2.751330E+03,8.750257E-02,2.426093E-01,0.000000E+00,0.000000E+00,0.000000E+00,0.000000E+00,0.000000E+00,0.000000E+00,0.000000E+00,0.000000E+00,2.110517E+01,4.063711E+01,2.388889E+01,4.683900E+01,4.243246E+03,3.016504E+03,1.440136E-01,2.659929E-01,0.000000E+00,0.000000E+00,0.000000E+00,0.000000E+00,0.000000E+00,0.000000E+00,0.000000E+00,0.000000E+00,2.110536E+01,4.094873E+01,2.388885E+01,4.804240E+01,2.603944E+03,1.799745E+03,8.837596E-02,1.587003E-01,0.000000E+00,0.000000E+00,0.000000E+00,0.000000E+00,0.000000E+00,0.000000E+00,0.000000E+00,0.000000E+00,2.110517E+01,4.070286E+01,2.388883E+01,4.809692E+01
10:40:00,1.015120E+03,3.373631E+03,3.445818E-02,2.974776E-01,0.000000E+00,0.000000E+00,0.000000E+00,0.000000E+00,0.000000E+00,0.000000E+00,0.000000E+00,0.000000E+00,2.111000E+01,4.949701E+01,2.388916E+01,4.745400E+01,4.176643E+03,2.994670E+03,1.417540E-01,2.640686E-01,0.000000E+00,0.000000E+00,0.000000E+00,0.000000E+00,0.000000E+00,0.000000E+00,0.000000E+00,0.000000E+00,2.110552E+01,4.113696E+01,2.388885E+01,4.803372E+01,2.578216E+03,2.744227E+03,8.750277E-02,2.419840E-01,0.000000E+00,0.000000E+00,0.000000E+00,0.000000E+00,0.000000E+00,0.000000E+00,0.000000E+00,0.000000E+00,2.110517E+01,4.063712E+01,2.388889E+01,4.685225E+01,4.243257E+03,3.047226E+03,1.440140E-01,2.687032E-01,0.000000E+00,0.000000E+00,0.000000E+00,0.000000E+00,0.000000E+00,0.000000E+00,0.000000E+00,0.000000E+00,2.110536E+01,4.094875E+01,2.388884E+01,4.801305E+01,2.603950E+03,1.819512E+03,8.837616E-02,1.604440E-01,0.000000E+00,0.000000E+00,0.000000E+00,0.000000E+00,0.000000E+00,0.000000E+00,0.000000E+00,0.000000E+00,2.110517E+01,4.070287E+01,2.388883E+01,4.806478E+01
10:50:00,1.015153E+03,3.382146E+03,3.445932E-02,2.982294E-01,0.000000E+00,0.000000E+00,0.000000E+00,0.000000E+00,0.000000E+00,0.000000E+00,0.000000E+00,0.000000E+00,2.111000E+01,4.949701E+01,2.388916E+01,4.744618E+01,4.176654E+03,3.027873E+03,1.417543E-01,2.669977E-01,0.000000E+00,0.000000E+00,0.000000E+00,0.000000E+00,0.000000E+00,0.000000E+00,0.000000E+00,0.000000E+00,2.110552E+01,4.113698E+01,2.388885E+01,4.800061E+01,2.578222E+03,2.731129E+03,8.750297E-02,2.408300E-01,0.000000E+00,0.000000E+00,0.000000E+00,0.000000E+00,0.000000E+00,0.000000E+00,0.000000E+00,0.000000E+00,2.110517E+01,4.063714E+01,2.388890E+01,4.687084E+01,4.243268E+03,3.077475E+03,1.440144E-01,2.713718E-01,0.000000E+00,0.000000E+00,0.000000E+00,0.000000E+00,0.000000E+00,0.000000E+00,0.000000E+00,0.000000E+00,2.110536E+01,4.094876E+01,2.388884E+01,4.798489E+01,2.603956E+03,1.839063E+03,8.837636E-02,1.621688E-01,0.000000E+00,0.000000E+00,0.000000E+00,0.000000E+00,0.000000E+00,0.000000E+00,0.000000E+00,0.000000E+00,2.110517E+01,4.070289E+01,2.388883E+01,4.803381E+01
11:00:00,1.015187E+03,3.390518E+03,3.446045E-02,2.989681E-01,0.000000E+00,0.000000E+00,0.000000E+00,0.000000E+00,0.000000E+00,0.000000E+00,0.000000E+00,0.000000E+00,2.111000E+01,4.949701E+01,2.388916E+01,4.743847E+01,4.176665E+03,3.060468E+03,1.417547E-01,2.698726E-01,0.000000E+00,0.000000E+00,0.000000E+00,0.000000E+00,0.000000E+00,0.000000E+00,0.000000E+00,0.000000E+00,2.110552E+01,4.113700E+01,2.388885E+01,4.796887E+01,2.578228E+03,2.712287E+03,8.750317E-02,2.391690E-01,0.000000E+00,0.000000E+00,0.000000E+00,0.000000E+00,0.000000E+00,0.000000E+00,0.000000E+00,0.000000E+00,2.110517E+01,4.063715E+01,2.388890E+01,4.689460E+01,4.243279E+03,3.107145E+03,1.440147E-01,2.739887E-01,0.000000E+00,0.000000E+00,0.000000E+00,0.000000E+00,0.000000E+00,0.000000E+00,0.000000E+00,0.000000E+00,2.110536E+01,4.094878E+01,2.388884E+01,4.795780E+01,2.603962E+03,1.858308E+03,8.837656E-02,1.638662E-01,0.000000E+00,0.000000E+00,0.000000E+00,0.000000E+00,0.000000E+00,0.000000E+00,0.000000E+00,0.000000E+00,2.110517E+01,4.070290E+01,2.388883E+01,4.800395E+01
11:10:00,1.015220E+03,3.398807E+03,3.446158E-02,2.996990E-01,0.000000E+00,0.000000E+00,0.000000E+00,0.000000E+00,0.000000E+00,0.000000E+00,0.000000E+00,0.000000E+00,2.111000E+01,4.949701E+01,2.388916E+01,4.743087E+01,4.176676E+03,3.092329E+03,1.417551E-01,2.726821E-01,0.000000E+00,0.000000E+00,0.000000E+00,0.000000E+00,0.000000E+00,0.000000E+00,0.000000E+00,0.000000E+00,2.110552E+01,4.113701E+01,2.388885E+01,4.793843E+01,2.578234E+03,2.687878E+03,8.750337E-02,2.370166E-01,0.000000E+00,0.000000E+00,0.000000E+00,0.000000E+00,0.000000E+00,0.000000E+00,0.000000E+00,0.000000E+00,2.110517E+01,4.063717E+01,2.388890E+01,4.692340E+01,4.243290E+03,3.135968E+03,1.440151E-01,2.765304E-01,0.000000E+00,0.000000E+00,0.000000E+00,0.000000E+00,0.000000E+00,0.000000E+00,0.000000E+00,0.000000E+00,2.110536E+01,4.094880E+01,2.388884E+01,4.793178E+01,2.603968E+03,1.877069E+03,8.837675E-02,1.655205E-01,0.000000E+00,0.000000E+00,0.000000E+00,0.000000E+00,0.000000E+00,0.000000E+00,0.000000E+00,0.000000E+00,2.110517E+01,4.070292E+01,2.388883E+01,4.797519E+01
11:20:00,1.015253E+03,3.406999E+03,3.446269E-02,3.004214E-01,0.000000E+00,0.000000E+00,0.000000E+00,0.000000E+00,0.000000E+00,0.000000E+00,0.000000E+00,0.000000E+00,2.111000E+01,4.949701E+01,2.388916E+01,4.742340E+01,4.176687E+03,3.123578E+03,1.417554E-01,2.754376E-01,0.000000E+00,0.000000E+00,0.000000E+00,0.000000E+00,0.000000E+00,0.000000E+00,0.000000E+00,0.000000E+00,2.110552E+01,4.113703E+01,2.388885E+01,4.790918E+01,2.578239E+03,2.658259E+03,8.750356E-02,2.344048E-01,0.000000E+00,0.000000E+00,0.000000E+00,0.000000E+00,0.000000E+00,0.000000E+00,0.000000E+00,0.000000E+00,2.110517E+01,4.063718E+01,2.388890E+01,4.695706E+01,4.243301E+03,3.163899E+03,1.440155E-01,2.789933E-01,0.000000E+00,0.000000E+00,0.000000E+00,0.000000E+00,0.000000E+00,0.000000E+00,0.000000E+00,0.000000E+00,2.110536E+01,4.094881E+01,2.388884E+01,4.790696E+01,2.603974E+03,1.895312E+03,8.837695E-02,1.671292E-01,0.000000E+00,0.000000E+00,0.000000E+00,0.000000E+00,0.000000E+00,0.000000E+00,0.000000E+00,0.000000E+00,2.110517E+01,4.070293E+01,2.388883E+01,4.794768E+01
11:30:00,1.015285E+03,3.415068E+03,3.446380E-02,3.011329E-01,0.000000E+00,0.000000E+00,0.000000E+00,0.000000E+00,0.000000E+00,0.000000E+00,0.000000E+00,0.000000E+00,2.111000E+01,4.949701E+01,2.388916E+01,4.741607E+01,4.176698E+03,3.154154E+03,1.417558E-01,2.781338E-01,0.000000E+00,0.000000E+00,0.000000E+00,0.000000E+00,0.000000E+00,0.000000E+00,0.000000E+00,0.000000E+00,2.110552E+01,4.113705E+01,2.388885E+01,4.788086E+01,2.578245E+03,2.623838E+03,8.750376E-02,2.313695E-01,0.000000E+00,0.000000E+00,0.000000E+00,0.000000E+00,0.000000E+00,0.000000E+00,0.000000E+00,0.000000E+00,2.110517E+01,4.063720E+01,2.388890E+01,4.699543E+01,4.243312E+03,3.190875E+03,1.440158E-01,2.813721E-01,0.000000E+00,0.000000E+00,0.000000E+00,0.000000E+00,0.000000E+00,0.000000E+00,0.000000E+00,0.000000E+00,2.110536E+01,4.094883E+01,2.388884E+01,4.788337E+01,2.603979E+03,1.912994E+03,8.837714E-02,1.686884E-01,0.000000E+00,0.000000E+00,0.000000E+00,0.000000E+00,0.000000E+00,0.000000E+00,0.000000E+00,0.000000E+00,2.110517E+01,4.070295E+01,2.388883E+01,4.792142E+01
11:40:00,1.015318E+03,3.422999E+03,3.446490E-02,3.018322E-01,0.000000E+00,0.000000E+00,0.000000E+00,0.000000E+00,0.000000E+00,0.000000E+00,0.000000E+00,0.000000E+00,2.111000E+01,4.949701E+01,2.388916E+01,4.740889E+01,4.176708E+03,3.184007E+03,1.417562E-01,2.807662E-01,0.000000E+00,0.000000E+00,0.000000E+00,0.000000E+00,0.000000E+00,0.000000E+00,0.000000E+00,0.000000E+00,2.110552E+01,4.113706E+01,2.388885E+01,4.785343E+01,2.578251E+03,2.586307E+03,8.750395E-02,2.280600E-01,0.000000E+00,0.000000E+00,0.000000E+00,0.000000E+00,0.000000E+00,0.000000E+00,0.000000E+00,0.000000E+00,2.110517E+01,4.063721E+01,2.388890E+01,4.703789E+01,4.243323E+03,3.216848E+03,1.440162E-01,2.836625E-01,0.000000E+00,0.000000E+00,0.000000E+00,0.000000E+00,0.000000E+00,0.000000E+00,0.000000E+00,0.000000E+00,2.110536E+01,4.094885E+01,2.388884E+01,4.786091E+01,2.603985E+03,1.930080E+03,8.837733E-02,1.701951E-01,0.000000E+00,0.000000E+00,0.000000E+00,0.000000E+00,0.000000E+00,0.000000E+00,0.000000E+00,0.000000E+00,2.110517E+01,4.070296E+01,2.388883E+01,4.789632E+01
11:50:00,1.015350E+03,3.430787E+03,3.446600E-02,3.025189E-01,0.000000E+00,0.000000E+00,0.000000E+00,0.000000E+00,0.000000E+00,0.000000E+00,0.000000E+00,0.000000E+00,2.111000E+01,4.949701E+01,2.388916E+01,4.740186E+01,4.176719E+03,3.213110E+03,1.417565E-01,2.833325E-01,0.000000E+00,0.000000E+00,0.000000E+00,0.000000E+00,0.000000E+00,0.000000E+00,0.000000E+00,0.000000E+00,2.110552E+01,4.113708E+01,2.388885E+01,4.782699E+01,2.578256E+03,2.551540E+03,8.750414E-02,2.249943E-01,0.000000E+00,0.000000E+00,0.000000E+00,0.000000E+00,0.000000E+00,0.000000E+00,0.000000E+00,0.000000E+00,2.110517E+01,4.063723E+01,2.388889E+01,4.708015E+01,4.243333E+03,3.241781E+03,1.440166E-01,2.858611E-01,0.000000E+00,0.000000E+00,0.000000E+00,0.000000E+00,0.000000E+00,0.000000E+00,0.000000E+00,0.000000E+00,2.110536E+01,4.094886E+01,2.388884E+01,4.783951E+01,2.603991E+03,1.946541E+03,8.837752E-02,1.716466E-01,0.000000E+00,0.000000E+00,0.000000E+00,0.000000E+00,0.000000E+00,0.000000E+00,0.000000E+00,0.000000E+00,2.110517E+01,4.070298E+01,2.388883E+01,4.787234E+01
12:00:00,1.015382E+03,3.438448E+03,3.446708E-02,3.031945E-01,0.000000E+00,0.000000E+00,0.000000E+00,0.000000E+00,0.000000E+00,0.000000E+00,0.000000E+00,0.000000E+00,2.111000E+01,4.949701E+01,2.388916E+01,4.739499E+01,4.176730E+03,3.241468E+03,1.417569E-01,2.858332E-01,0.000000E+00,0.000000E+00,0.000000E+00,0.000000E+00,0.000000E+00,0.000000E+00,0.000000E+00,0.000000E+00,2.110552E+01,4.113710E+01,2.388885E+01,4.780156E+01,2.578262E+03,2.520764E+03,8.750433E-02,2.222805E-01,0.000000E+00,0.000000E+00,0.000000E+00,0.000000E+00,0.000000E+00,0.000000E+00,0.000000E+00,0.000000E+00,2.110517E+01,4.063724E+01,2.388888E+01,4.711361E+01,4.243344E+03,3.265663E+03,1.440169E-01,2.879669E-01,0.000000E+00,0.000000E+00,0.000000E+00,0.000000E+00,0.000000E+00,0.000000E+00,0.000000E+00,0.000000E+00,2.110536E+01,4.094888E+01,2.388884E+01,4.781909E+01,2.603996E+03,1.962355E+03,8.837771E-02,1.730411E-01,0.000000E+00,0.000000E+00,0.000000E+00,0.000000E+00,0.000000E+00,0.000000E+00,0.000000E+00,0.000000E+00,2.110517E+01,4.070299E+01,2.388883E+01,4.784945E+01
12:10:00,1.015414E+03,3.446005E+03,3.446816E-02,3.038608E-01,0.000000E+00,0.000000E+00,0.000000E+00,0.000000E+00,0.000000E+00,0.000000E+00,0.000000E+00,0.000000E+00,2.111000E+01,4.949701E+01,2.388916E+01,4.738825E+01,4.176740E+03,3.269236E+03,1.417572E-01,2.882818E-01,0.000000E+00,0.000000E+00,0.000000E+00,0.000000E+00,0.000000E+00,0.000000E+00,0.000000E+00,0.000000E+00,2.110552E+01,4.113711E+01,2.388885E+01,4.777713E+01,2.578267E+03,2.495006E+03,8.750452E-02,2.200093E-01,0.000000E+00,0.000000E+00,0.000000E+00,0.000000E+00,0.000000E+00,0.000000E+00,0.000000E+00,0.000000E+00,2.110517E+01,4.063726E+01,2.388888E+01,4.713788E+01,4.243354E+03,3.288807E+03,1.440173E-01,2.900078E-01,0.000000E+00,0.000000E+00,0.000000E+00,0.000000E+00,0.000000E+00,0.000000E+00,0.000000E+00,0.000000E+00,2.110536E+01,4.094890E+01,2.388884E+01,4.779958E+01,2.604002E+03,1.977689E+03,8.837790E-02,1.743933E-01,0.000000E+00,0.000000E+00,0.000000E+00,0.000000E+00,0.000000E+00,0.000000E+00,0.000000E+00,0.000000E+00,2.110517E+01,4.070301E+01,2.388883E+01,4.782759E+01
12:20:00,1.015445E+03,3.453479E+03,3.446923E-02,3.045199E-01,0.000000E+00,0.000000E+00,0.000000E+00,0.000000E+00,0.000000E+00,0.000000E+00,0.000000E+00,0.000000E+00,2.111000E+01,4.949701E+01,2.388916E+01,4.738160E+01,4.176750E+03,3.296265E+03,1.417576E-01,2.906652E-01,0.000000E+00,0.000000E+00,0.000000E+00,0.000000E+00,0.000000E+00,0.000000E+00,0.000000E+00,0.000000E+00,2.110552E+01,4.113713E+01,2.388885E+01,4.775371E+01,2.578273E+03,2.474946E+03,8.750471E-02,2.182405E-01,0.000000E+00,0.000000E+00,0.000000E+00,0.000000E+00,0.000000E+00,0.000000E+00,0.000000E+00,0.000000E+00,2.110517E+01,4.063727E+01,2.388887E+01,4.715665E+01,4.243365E+03,3.311259E+03,1.440176E-01,2.919877E-01,0.000000E+00,0.000000E+00,0.000000E+00,0.000000E+00,0.000000E+00,0.000000E+00,0.000000E+00,0.000000E+00,2.110536E+01,4.094891E+01,2.388884E+01,4.778094E+01,2.604007E+03,1.992542E+03,8.837809E-02,1.757030E-01,0.000000E+00,0.000000E+00,0.000000E+00,0.000000E+00,0.000000E+00,0.000000E+00,0.000000E+00,0.000000E+00,2.110517E+01,4.070302E+01,2.388883E+01,4.780679E+01
12:30:00,1.015476E+03,3.460892E+03,3.447029E-02,3.051735E-01,0.000000E+00,0.000000E+00,0.000000E+00,0.000000E+00,0.000000E+00,0.000000E+00,0.000000E+00,0.000000E+00,2.111000E+01,4.949701E+01,2.388916E+01,4.737503E+01,4.176761E+03,3.322586E+03,1.417580E-01,2.929862E-01,0.000000E+00,0.000000E+00,0.000000E+00,0.000000E+00,0.000000E+00,0.000000E+00,0.000000E+00,0.000000E+00,2.110552E+01,4.113715E+01,2.388885E+01,4.773125E+01,2.578278E+03,2.461176E+03,8.750489E-02,2.170263E-01,0.000000E+00,0.000000E+00,0.000000E+00,0.000000E+00,0.000000E+00,0.000000E+00,0.000000E+00,0.000000E+00,2.110517E+01,4.063729E+01,2.388887E+01,4.717235E+01,4.243375E+03,3.333075E+03,1.440180E-01,2.939114E-01,0.000000E+00,0.000000E+00,0.000000E+00,0.000000E+00,0.000000E+00,0.000000E+00,0.000000E+00,0.000000E+00,2.110536E+01,4.094893E+01,2.388884E+01,4.776309E+01,2.604013E+03,2.006928E+03,8.837827E-02,1.769716E-01,0.000000E+00,0.000000E+00,0.000000E+00,0.000000E+00,0.000000E+00,0.000000E+00,0.000000E+00,0.000000E+00,2.110517E+01,4.070303E+01,2.388883E+01,4.778696E+01
12:40:00,1.015508E+03,3.468259E+03,3.447135E-02,3.058231E-01,0.000000E+00,0.000000E+00,0.000000E+00,0.000000E+00,0.000000E+00,0.000000E+00,0.000000E+00,0.000000E+00,2.111000E+01,4.949701E+01,2.388916E+01,4.736854E+01,4.176771E+03,3.348246E+03,1.417583E-01,2.952489E-01,0.000000E+00,0.000000E+00,0.000000E+00,0.000000E+00,0.000000E+00,0.000000E+00,0.000000E+00,0.000000E+00,2.110552E+01,4.113716E+01,2.388885E+01,4.770964E+01,2.578284E+03,2.453003E+03,8.750507E-02,2.163057E-01,0.000000E+00,0.000000E+00,0.000000E+00,0.000000E+00,0.000000E+00,0.000000E+00,0.000000E+00,0.000000E+00,2.110517E+01,4.063730E+01,2.388887E+01,4.718620E+01,4.243385E+03,3.354325E+03,1.440183E-01,2.957852E-01,0.000000E+00,0.000000E+00,0.000000E+00,0.000000E+00,0.000000E+00,0.000000E+00,0.000000E+00,0.000000E+00,2.110536E+01,4.094895E+01,2.388884E+01,4.774592E+01,2.604018E+03,2.020870E+03,8.837845E-02,1.782010E-01,0.000000E+00,0.000000E+00,0.000000E+00,0.000000E+00,0.000000E+00,0.000000E+00,0.000000E+00,0.000000E+00,2.110517E+01,4.070305E+01,2.388883E+01,4.776801E+01
12:50:00,1.015538E+03,3.475587E+03,3.447239E-02,3.064692E-01,0.000000E+00,0.000000E+00,0.000000E+00,0.000000E+00,0.000000E+00,0.000000E+00,0.000000E+00,0.000000E+00,2.111000E+01,4.949701E+01,2.388916E+01,4.736213E+01,4.176781E+03,3.373277E+03,1.417586E-01,2.974562E-01,0.000000E+00,0.000000E+00,0.000000E+00,0.000000E+00,0.000000E+00,0.000000E+00,0.000000E+00,0.000000E+00,2.110552E+01,4.113718E+01,2.388885E+01,4.768883E+01,2.578289E+03,2.445530E+03,8.750526E-02,2.156469E-01,0.000000E+00,0.000000E+00,0.000000E+00,0.000000E+00,0.000000E+00,0.000000E+00,0.000000E+00,0.000000E+00,2.110517E+01,4.063732E+01,2.388886E+01,4.719884E+01,4.243395E+03,3.375077E+03,1.440187E-01,2.976151E-01,0.000000E+00,0.000000E+00,0.000000E+00,0.000000E+00,0.000000E+00,0.000000E+00,0.000000E+00,0.000000E+00,2.110536E+01,4.094896E+01,2.388884E+01,4.772931E+01,2.604023E+03,2.034398E+03,8.837863E-02,1.793940E-01,0.000000E+00,0.000000E+00,0.000000E+00,0.000000E+00,0.000000E+00,0.000000E+00,0.000000E+00,0.000000E+00,2.110517E+01,4.070306E+01,2.388883E+01,4.774984E+01
13:00:00,1.015569E+03,3.482861E+03,3.447343E-02,3.071107E-01,0.000000E+00,0.000000E+00,0.000000E+00,0.000000E+00,0.000000E+00,0.000000E+00,0.000000E+00,0.000000E+00,2.111000E+01,4.949701E+01,2.388916E+01,4.735581E+01,4.176791E+03,3.397686E+03,1.417590E-01,2.996086E-01,0.000000E+00,0.000000E+00,0.000000E+00,0.000000E+00,0.000000E+00,0.000000E+00,0.000000E+00,0.000000E+00,2.110552E+01,4.113719E+01,2.388885E+01,4.766877E+01,2.578294E+03,2.438476E+03,8.750544E-02,2.150249E-01,0.000000E+00,0.000000E+00,0.000000E+00,0.000000E+00,0.000000E+00,0.000000E+00,0.000000E+00,0.000000E+00,2.110517E+01,4.063733E+01,2.388886E+01,4.721049E+01,4.243405E+03,3.395383E+03,1.440190E-01,2.994058E-01,0.000000E+00,0.000000E+00,0.000000E+00,0.000000E+00,0.000000E+00,0.000000E+00,0.000000E+00,0.000000E+00,2.110536E+01,4.094898E+01,2.388884E+01,4.771318E+01,2.604029E+03,2.047544E+03,8.837881E-02,1.805531E-01,0.000000E+00,0.000000E+00,0.000000E+00,0.000000E+00,0.000000E+00,0.000000E+00,0.000000E+00,0.000000E+00,2.110517E+01,4.070308E+01,2.388883E+01,4.773235E+01
13:10:00,1.015599E+03,3.490286E+03,3.447447E-02,3.077654E-01,0.000000E+00,0.000000E+00,0.000000E+00,0.000000E+00,0.000000E+00,0.000000E+00,0.000000E+00,0.000000E+00,2.111000E+01,4.949701E+01,2.388916E+01,4.735040E+01,4.176801E+03,3.421575E+03,1.417593E-01,3.017151E-01,0.000000E+00,0.000000E+00,0.000000E+00,0.000000E+00,0.000000E+00,0.000000E+00,0.000000E+00,0.000000E+00,2.110552E+01,4.113721E+01,2.388885E+01,4.765197E+01,2.578300E+03,2.431935E+03,8.750562E-02,2.144481E-01,0.000000E+00,0.000000E+00,0.000000E+00,0.000000E+00,0.000000E+00,0.000000E+00,0.000000E+00,0.000000E+00,2.110517E+01,4.063734E+01,2.388886E+01,4.721989E+01,4.243415E+03,3.415401E+03,1.440194E-01,3.011710E-01,0.000000E+00,0.000000E+00,0.000000E+00,0.000000E+00,0.000000E+00,0.000000E+00,0.000000E+00,0.000000E+00,2.110536E+01,4.094899E+01,2.388884E+01,4.769956E+01,2.604034E+03,2.060407E+03,8.837899E-02,1.816874E-01,0.000000E+00,0.000000E+00,0.000000E+00,0.000000E+00,0.000000E+00,0.000000E+00,0.000000E+00,0.000000E+00,2.110517E+01,4.070309E+01,2.388883E+01,4.771771E+01
13:20:00,1.015630E+03,3.497446E+03,3.447549E-02,3.083987E-01,0.000000E+00,0.000000E+00,0.000000E+00,0.000000E+00,0.000000E+00,0.000000E+00,0.000000E+00,0.000000E+00,2.111000E+01,4.949701E+01,2.388873E+01,4.734679E+01,4.176811E+03,3.444497E+03,1.417597E-01,3.037389E-01,0.000000E+00,0.000000E+00,0.000000E+00,0.000000E+00,0.000000E+00,0.000000E+00,0.000000E+00,0.000000E+00,2.110552E+01,4.113722E+01,2.388830E+01,4.763914E+01,2.578305E+03,2.425771E+03,8.750579E-02,2.139063E-01,0.000000E+00,0.000000E+00,0.000000E+00,0.000000E+00,0.000000E+00,0.000000E+00,0.000000E+00,0.000000E+00,2.110517E+01,4.063736E+01,2.388835E+01,4.722874E+01,4.243425E+03,3.434738E+03,1.440197E-01,3.028786E-01,0.000000E+00,0.000000E+00,0.000000E+00,0.000000E+00,0.000000E+00,0.000000E+00,0.000000E+00,0.000000E+00,2.110536E+01,4.094901E+01,2.388828E+01,4.768927E+01,2.604039E+03,2.072765E+03,8.837917E-02,1.827787E-01,0.000000E+00,0.000000E+00,0.000000E+00,0.000000E+00,0.000000E+00,0.000000E+00,0.000000E+00,0.000000E+00,2.110517E+01,4.070310E+01,2.388828E+01,4.770663E+01
13:30:00,1.015660E+03,3.504562E+03,3.447651E-02,3.090284E-01,0.000000E+00,0.000000E+00,0.000000E+00,0.000000E+00,0.000000E+00,0.000000E+00,0.000000E+00,0.000000E+00,2.111000E+01,4.949701E+01,2.388869E+01,4.734070E+01,4.176821E+03,3.466603E+03,1.417600E-01,3.056911E-01,0.000000E+00,0.000000E+00,0.000000E+00,0.000000E+00,0.000000E+00,0.000000E+00,0.000000E+00,0.000000E+00,2.110552E+01,4.113724E+01,2.388823E+01,4.762120E+01,2.578310E+03,2.420190E+03,8.750597E-02,2.134160E-01,0.000000E+00,0.000000E+00,0.000000E+00,0.000000E+00,0.000000E+00,0.000000E+00,0.000000E+00,0.000000E+00,2.110517E+01,4.063737E+01,2.388829E+01,4.723806E+01,4.243435E+03,3.453604E+03,1.440200E-01,3.045451E-01,0.000000E+00,0.000000E+00,0.000000E+00,0.000000E+00,0.000000E+00,0.000000E+00,0.000000E+00,0.000000E+00,2.110536E+01,4.094902E+01,2.388822E+01,4.767436E+01,2.604044E+03,2.084749E+03,8.837935E-02,1.838372E-01,0.000000E+00,0.000000E+00,0.000000E+00,0.000000E+00,0.000000E+00,0.000000E+00,0.000000E+00,0.000000E+00,2.110517E+01,4.070312E+01,2.388821E+01,4.769082E+01
13:40:00,1.015689E+03,3.511528E+03,3.447752E-02,3.096449E-01,0.000000E+00,0.000000E+00,0.000000E+00,0.000000E+00,0.000000E+00,0.000000E+00,0.000000E+00,0.000000E+00,2.111000E+01,4.949701E+01,2.388868E+01,4.733463E+01,4.176831E+03,3.487713E+03,1.417603E-01,3.075555E-01,0.000000E+00,0.000000E+00,0.000000E+00,0.000000E+00,0.000000E+00,0.000000E+00,0.000000E+00,0.000000E+00,2.110552E+01,4.113725E+01,2.388823E+01,4.760405E+01,2.578315E+03,2.415190E+03,8.750615E-02,2.129770E-01,0.000000E+00,0.000000E+00,0.000000E+00,0.000000E+00,0.000000E+00,0.000000E+00,0.000000E+00,0.000000E+00,2.110517E+01,4.063738E+01,2.388827E+01,4.724635E+01,4.243445E+03,3.471876E+03,1.440204E-01,3.061593E-01,0.000000E+00,0.000000E+00,0.000000E+00,0.000000E+00,0.000000E+00,0.000000E+00,0.000000E+00,0.000000E+00,2.110536E+01,4.094904E+01,2.388821E+01,4.765983E+01,2.604049E+03,2.096299E+03,8.837952E-02,1.848574E-01,0.000000E+00,0.000000E+00,0.000000E+00,0.000000E+00,0.000000E+00,0.000000E+00,0.000000E+00,0.000000E+00,2.110517E+01,4.070313E+01,2.388820E+01,4.767550E+01
13:50:00,1.015719E+03,3.518342E+03,3.447853E-02,3.102480E-01,0.000000E+00,0.000000E+00,0.000000E+00,0.000000E+00,0.000000E+00,0.000000E+00,0.000000E+00,0.000000E+00,2.111000E+01,4.949701E+01,2.388868E+01,4.732873E+01,4.176840E+03,3.507722E+03,1.417606E-01,3.093228E-01,0.000000E+00,0.000000E+00,0.000000E+00,0.000000E+00,0.000000E+00,0.000000E+00,0.000000E+00,0.000000E+00,2.110552E+01,4.113727E+01,2.388823E+01,4.758789E+01,2.578320E+03,2.410773E+03,8.750632E-02,2.125894E-01,0.000000E+00,0.000000E+00,0.000000E+00,0.000000E+00,0.000000E+00,0.000000E+00,0.000000E+00,0.000000E+00,2.110517E+01,4.063740E+01,2.388827E+01,4.725380E+01,4.243454E+03,3.489502E+03,1.440207E-01,3.077165E-01,0.000000E+00,0.000000E+00,0.000000E+00,0.000000E+00,0.000000E+00,0.000000E+00,0.000000E+00,0.000000E+00,2.110536E+01,4.094905E+01,2.388821E+01,4.764586E+01,2.604054E+03,2.107808E+03,8.837969E-02,1.858740E-01,0.000000E+00,0.000000E+00,0.000000E+00,0.000000E+00,0.000000E+00,0.000000E+00,0.000000E+00,0.000000E+00,2.110517E+01,4.070314E+01,2.388820E+01,4.766086E+01
14:00:00,1.015748E+03,3.524998E+03,3.447953E-02,3.108372E-01,0.000000E+00,0.000000E+00,0.000000E+00,0.000000E+00,0.000000E+00,0.000000E+00,0.000000E+00,0.000000E+00,2.111000E+01,4.949701E+01,2.388868E+01,4.732300E+01,4.176850E+03,3.526513E+03,1.417610E-01,3.109827E-01,0.000000E+00,0.000000E+00,0.000000E+00,0.000000E+00,0.000000E+00,0.000000E+00,0.000000E+00,0.000000E+00,2.110552E+01,4.113728E+01,2.388823E+01,4.757279E+01,2.578326E+03,2.406897E+03,8.750649E-02,2.122495E-01,0.000000E+00,0.000000E+00,0.000000E+00,0.000000E+00,0.000000E+00,0.000000E+00,0.000000E+00,0.000000E+00,2.110517E+01,4.063741E+01,2.388827E+01,4.726048E+01,4.243464E+03,3.506412E+03,1.440210E-01,3.092107E-01,0.000000E+00,0.000000E+00,0.000000E+00,0.000000E+00,0.000000E+00,0.000000E+00,0.000000E+00,0.000000E+00,2.110536E+01,4.094907E+01,2.388821E+01,4.763246E+01,2.604059E+03,2.124665E+03,8.837986E-02,1.873623E-01,0.000000E+00,0.000000E+00,0.000000E+00,0.000000E+00,0.000000E+00,0.000000E+00,0.000000E+00,0.000000E+00,2.110517E+01,4.070315E+01,2.388820E+01,4.764612E+01
14:10:00,1.015778E+03,3.531281E+03,3.448052E-02,3.113934E-01,0.000000E+00,0.000000E+00,0.000000E+00,0.000000E+00,0.000000E+00,0.000000E+00,0.000000E+00,0.000000E+00,2.111000E+01,4.949701E+01,2.388868E+01,4.731746E+01,4.176859E+03,3.543525E+03,1.417613E-01,3.124858E-01,0.000000E+00,0.000000E+00,0.000000E+00,0.000000E+00,0.000000E+00,0.000000E+00,0.000000E+00,0.000000E+00,2.110552E+01,4.113730E+01,2.388823E+01,4.755878E+01,2.578331E+03,2.403234E+03,8.750666E-02,2.119283E-01,0.000000E+00,0.000000E+00,0.000000E+00,0.000000E+00,0.000000E+00,0.000000E+00,0.000000E+00,0.000000E+00,2.110517E+01,4.063742E+01,2.388826E+01,4.726644E+01,4.243473E+03,3.522090E+03,1.440213E-01,3.105961E-01,0.000000E+00,0.000000E+00,0.000000E+00,0.000000E+00,0.000000E+00,0.000000E+00,0.000000E+00,0.000000E+00,2.110536E+01,4.094908E+01,2.388821E+01,4.761965E+01,2.604064E+03,2.147892E+03,8.838003E-02,1.894124E-01,0.000000E+00,0.000000E+00,0.000000E+00,0.000000E+00,0.000000E+00,0.000000E+00,0.000000E+00,0.000000E+00,2.110517E+01,4.070317E+01,2.388818E+01,4.762087E+01
14:20:00,1.015807E+03,3.537603E+03,3.448150E-02,3.119512E-01,0.000000E+00,0.000000E+00,0.000000E+00,0.000000E+00,0.000000E+00,0.000000E+00,0.000000E+00,0.000000E+00,2.111000E+01,4.949701E+01,2.388868E+01,4.731207E+01,4.176869E+03,3.559066E+03,1.417616E-01,3.138566E-01,0.000000E+00,0.000000E+00,0.000000E+00,0.000000E+00,0.000000E+00,0.000000E+00,0.000000E+00,0.000000E+00,2.110552E+01,4.113731E+01,2.388823E+01,4.754603E+01,2.578336E+03,2.399916E+03,8.750683E-02,2.116361E-01,0.000000E+00,0.000000E+00,0.000000E+00,0.000000E+00,0.000000E+00,0.000000E+00,0.000000E+00,0.000000E+00,2.110517E+01,4.063744E+01,2.388826E+01,4.727176E+01,4.243483E+03,3.536865E+03,1.440216E-01,3.118993E-01,0.000000E+00,0.000000E+00,0.000000E+00,0.000000E+00,0.000000E+00,0.000000E+00,0.000000E+00,0.000000E+00,2.110536E+01,4.094910E+01,2.388821E+01,4.760758E+01,2.604069E+03,2.178804E+03,8.838020E-02,1.921387E-01,0.000000E+00,0.000000E+00,0.000000E+00,0.000000E+00,0.000000E+00,0.000000E+00,0.000000E+00,0.000000E+00,2.110517E+01,4.070318E+01,2.388815E+01,4.758035E+01
14:30:00,1.015835E+03,3.543742E+03,3.448248E-02,3.124925E-01,0.000000E+00,0.000000E+00,0.000000E+00,0.000000E+00,0.000000E+00,0.000000E+00,0.000000E+00,0.000000E+00,2.111000E+01,4.949701E+01,2.388868E+01,4.730681E+01,4.176878E+03,3.573092E+03,1.417619E-01,3.150935E-01,0.000000E+00,0.000000E+00,0.000000E+00,0.000000E+00,0.000000E+00,0.000000E+00,0.000000E+00,0.000000E+00,2.110552E+01,4.113733E+01,2.388824E+01,4.753459E+01,2.578340E+03,2.396732E+03,8.750700E-02,2.113554E-01,0.000000E+00,0.000000E+00,0.000000E+00,0.000000E+00,0.000000E+00,0.000000E+00,0.000000E+00,0.000000E+00,2.110517E+01,4.063745E+01,2.388826E+01,4.727657E+01,4.243492E+03,3.550455E+03,1.440220E-01,3.130978E-01,0.000000E+00,0.000000E+00,0.000000E+00,0.000000E+00,0.000000E+00,0.000000E+00,0.000000E+00,0.000000E+00,2.110536E+01,4.094911E+01,2.388821E+01,4.759631E+01,2.604074E+03,2.217853E+03,8.838037E-02,1.955825E-01,0.000000E+00,0.000000E+00,0.000000E+00,0.000000E+00,0.000000E+00,0.000000E+00,0.000000E+00,0.000000E+00,2.110517E+01,4.070319E+01,2.388814E+01,4.752568E+01
14:40:00,1.015864E+03,3.549798E+03,3.448345E-02,3.130265E-01,0.000000E+00,0.000000E+00,0.000000E+00,0.000000E+00,0.000000E+00,0.000000E+00,0.000000E+00,0.000000E+00,2.111000E+01,4.949701E+01,2.388869E+01,4.730165E+01,4.176887E+03,3.585766E+03,1.417622E-01,3.162111E-01,0.000000E+00,0.000000E+00,0.000000E+00,0.000000E+00,0.000000E+00,0.000000E+00,0.000000E+00,0.000000E+00,2.110552E+01,4.113734E+01,2.388824E+01,4.752417E+01,2.578345E+03,2.393626E+03,8.750716E-02,2.110815E-01,0.000000E+00,0.000000E+00,0.000000E+00,0.000000E+00,0.000000E+00,0.000000E+00,0.000000E+00,0.000000E+00,2.110517E+01,4.063746E+01,2.388826E+01,4.728097E+01,4.243501E+03,3.562888E+03,1.440223E-01,3.141942E-01,0.000000E+00,0.000000E+00,0.000000E+00,0.000000E+00,0.000000E+00,0.000000E+00,0.000000E+00,0.000000E+00,2.110536E+01,4.094913E+01,2.388821E+01,4.758583E+01,2.604079E+03,2.265541E+03,8.838053E-02,1.997881E-01,0.000000E+00,0.000000E+00,0.000000E+00,0.000000E+00,0.000000E+00,0.000000E+00,0.000000E+00,0.000000E+00,2.110517E+01,4.070321E+01,2.388812E+01,4.746099E+01
14:50:00,1.015892E+03,3.555771E+03,3.448441E-02,3.135532E-01,0.000000E+00,0.000000E+00,0.000000E+00,0.000000E+00,0.000000E+00,0.000000E+00,0.000000E+00,0.000000E+00,2.111000E+01,4.949701E+01,2.388869E+01,4.729658E+01,4.176897E+03,3.597060E+03,1.417626E-01,3.172070E-01,0.000000E+00,0.000000E+00,0.000000E+00,0.000000E+00,0.000000E+00,0.000000E+00,0.000000E+00,0.000000E+00,2.110552E+01,4.113736E+01,2.388824E+01,4.751448E+01,2.578350E+03,2.390493E+03,8.750733E-02,2.108053E-01,0.000000E+00,0.000000E+00,0.000000E+00,0.000000E+00,0.000000E+00,0.000000E+00,0.000000E+00,0.000000E+00,2.110517E+01,4.063747E+01,2.388826E+01,4.728505E+01,4.243511E+03,3.574101E+03,1.440226E-01,3.151829E-01,0.000000E+00,0.000000E+00,0.000000E+00,0.000000E+00,0.000000E+00,0.000000E+00,0.000000E+00,0.000000E+00,2.110536E+01,4.094914E+01,2.388822E+01,4.757611E+01,2.604084E+03,2.321803E+03,8.838070E-02,2.047499E-01,0.000000E+00,0.000000E+00,0.000000E+00,0.000000E+00,0.000000E+00,0.000000E+00,0.000000E+00,0.000000E+00,2.110517E+01,4.070322E+01,2.388812E+01,4.739056E+01
15:00:00,1.015921E+03,3.561658E+03,3.448536E-02,3.140723E-01,0.000000E+00,0.000000E+00,0.000000E+00,0.000000E+00,0.000000E+00,0.000000E+00,0.000000E+00,0.000000E+00,2.111000E+01,4.949701E+01,2.388869E+01,4.729161E+01,4.176906E+03,3.606957E+03,1.417629E-01,3.180797E-01,0.000000E+00,0.000000E+00,0.000000E+00,0.000000E+00,0.000000E+00,0.000000E+00,0.000000E+00,0.000000E+00,2.110552E+01,4.113737E+01,2.388824E+01,4.750549E+01,2.578355E+03,2.387223E+03,8.750749E-02,2.105169E-01,0.000000E+00,0.000000E+00,0.000000E+00,0.000000E+00,0.000000E+00,0.000000E+00,0.000000E+00,0.000000E+00,2.110517E+01,4.063749E+01,2.388826E+01,4.728891E+01,4.243520E+03,3.584034E+03,1.440229E-01,3.160589E-01,0.000000E+00,0.000000E+00,0.000000E+00,0.000000E+00,0.000000E+00,0.000000E+00,0.000000E+00,0.000000E+00,2.110536E+01,4.094915E+01,2.388822E+01,4.756712E+01,2.604089E+03,2.381513E+03,8.838086E-02,2.100157E-01,0.000000E+00,0.000000E+00,0.000000E+00,0.000000E+00,0.000000E+00,0.000000E+00,0.000000E+00,0.000000E+00,2.110517E+01,4.070323E+01,2.388812E+01,4.731759E+01
15:10:00,1.015948E+03,3.567438E+03,3.448631E-02,3.145820E-01,0.000000E+00,0.000000E+00,0.000000E+00,0.000000E+00,0.000000E+00,0.000000E+00,0.000000E+00,0.000000E+00,2.111000E+01,4.949701E+01,2.388869E+01,4.728675E+01,4.176915E+03,3.615346E+03,1.417632E-01,3.188194E-01,0.000000E+00,0.000000E+00,0.000000E+00,0.000000E+00,0.000000E+00,0.000000E+00,0.000000E+00,0.000000E+00,2.110552E+01,4.113738E+01,2.388824E+01,4.749732E+01,2.578360E+03,2.383664E+03,8.750766E-02,2.102031E-01,0.000000E+00,0.000000E+00,0.000000E+00,0.000000E+00,0.000000E+00,0.000000E+00,0.000000E+00,0.000000E+00,2.110517E+01,4.063750E+01,2.388826E+01,4.729267E+01,4.243529E+03,3.592477E+03,1.440232E-01,3.168033E-01,0.000000E+00,0.000000E+00,0.000000E+00,0.000000E+00,0.000000E+00,0.000000E+00,0.000000E+00,0.000000E+00,2.110536E+01,4.094917E+01,2.388822E+01,4.755888E+01,2.604094E+03,2.443454E+03,8.838102E-02,2.154782E-01,0.000000E+00,0.000000E+00,0.000000E+00,0.000000E+00,0.000000E+00,0.000000E+00,0.000000E+00,0.000000E+00,2.110517E+01,4.070324E+01,2.388812E+01,4.724417E+01
15:20:00,1.015976E+03,3.573076E+03,3.448726E-02,3.150792E-01,0.000000E+00,0.000000E+00,0.000000E+00,0.000000E+00,0.000000E+00,0.000000E+00,0.000000E+00,0.000000E+00,2.111000E+01,4.949701E+01,2.388869E+01,4.728200E+01,4.176924E+03,3.622237E+03,1.417635E-01,3.194270E-01,0.000000E+00,0.000000E+00,0.000000E+00,0.000000E+00,0.000000E+00,0.000000E+00,0.000000E+00,0.000000E+00,2.110552E+01,4.113740E+01,2.388825E+01,4.749024E+01,2.578365E+03,2.379734E+03,8.750782E-02,2.098565E-01,0.000000E+00,0.000000E+00,0.000000E+00,0.000000E+00,0.000000E+00,0.000000E+00,0.000000E+00,0.000000E+00,2.110517E+01,4.063751E+01,2.388826E+01,4.729647E+01,4.243538E+03,3.599389E+03,1.440235E-01,3.174129E-01,0.000000E+00,0.000000E+00,0.000000E+00,0.000000E+00,0.000000E+00,0.000000E+00,0.000000E+00,0.000000E+00,2.110536E+01,4.094918E+01,2.388822E+01,4.755162E+01,2.604098E+03,2.506634E+03,8.838118E-02,2.210499E-01,0.000000E+00,0.000000E+00,0.000000E+00,0.000000E+00,0.000000E+00,0.000000E+00,0.000000E+00,0.000000E+00,2.110517E+01,4.070325E+01,2.388813E+01,4.717172E+01
15:30:00,1.016004E+03,3.578537E+03,3.448819E-02,3.155607E-01,0.000000E+00,0.000000E+00,0.000000E+00,0.000000E+00,0.000000E+00,0.000000E+00,0.000000E+00,0.000000E+00,2.111000E+01,4.949701E+01,2.388869E+01,4.727740E+01,4.176933E+03,3.627380E+03,1.417638E-01,3.198804E-01,0.000000E+00,0.000000E+00,0.000000E+00,0.000000E+00,0.000000E+00,0.000000E+00,0.000000E+00,0.000000E+00,2.110552E+01,4.113741E+01,2.388825E+01,4.748435E+01,2.578369E+03,2.375345E+03,8.750798E-02,2.094695E-01,0.000000E+00,0.000000E+00,0.000000E+00,0.000000E+00,0.000000E+00,0.000000E+00,0.000000E+00,0.000000E+00,2.110517E+01,4.063752E+01,2.388826E+01,4.730041E+01,4.243547E+03,3.604703E+03,1.440238E-01,3.178814E-01,0.000000E+00,0.000000E+00,0.000000E+00,0.000000E+00,0.000000E+00,0.000000E+00,0.000000E+00,0.000000E+00,2.110536E+01,4.094920E+01,2.388823E+01,4.754542E+01,2.604103E+03,2.570467E+03,8.838134E-02,2.266790E-01,0.000000E+00,0.000000E+00,0.000000E+00,0.000000E+00,0.000000E+00,0.000000E+00,0.000000E+00,0.000000E+00,2.110517E+01,4.070327E+01,2.388813E+01,4.710118E+01
15:40:00,1.016031E+03,3.583781E+03,3.448912E-02,3.160231E-01,0.000000E+00,0.000000E+00,0.000000E+00,0.000000E+00,0.000000E+00,0.000000E+00,0.000000E+00,0.000000E+00,2.111000E+01,4.949701E+01,2.388869E+01,4.727296E+01,4.176942E+03,3.630644E+03,1.417641E-01,3.201682E-01,0.000000E+00,0.000000E+00,0.000000E+00,0.000000E+00,0.000000E+00,0.000000E+00,0.000000E+00,0.000000E+00,2.110552E+01,4.113743E+01,2.388826E+01,4.747963E+01,2.578374E+03,2.370414E+03,8.750814E-02,2.090346E-01,0.000000E+00,0.000000E+00,0.000000E+00,0.000000E+00,0.000000E+00,0.000000E+00,0.000000E+00,0.000000E+00,2.110517E+01,4.063754E+01,2.388826E+01,4.730457E+01,4.243556E+03,3.608355E+03,1.440241E-01,3.182034E-01,0.000000E+00,0.000000E+00,0.000000E+00,0.000000E+00,0.000000E+00,0.000000E+00,0.000000E+00,0.000000E+00,2.110536E+01,4.094921E+01,2.388823E+01,4.754027E+01,2.604108E+03,2.634429E+03,8.838150E-02,2.323195E-01,0.000000E+00,0.000000E+00,0.000000E+00,0.000000E+00,0.000000E+00,0.000000E+00,0.000000E+00,0.000000E+00,2.110517E+01,4.070328E+01,2.388814E+01,4.703318E+01
15:50:00,1.016058E+03,3.588771E+03,3.449005E-02,3.164631E-01,0.000000E+00,0.000000E+00,0.000000E+00,0.000000E+00,0.000000E+00,0.000000E+00,0.000000E+00,0.000000E+00,2.111000E+01,4.949701E+01,2.388869E+01,4.726872E+01,4.176950E+03,3.632025E+03,1.417644E-01,3.202899E-01,0.000000E+00,0.000000E+00,0.000000E+00,0.000000E+00,0.000000E+00,0.000000E+00,0.000000E+00,0.000000E+00,2.110552E+01,4.113744E+01,2.388826E+01,4.747604E+01,2.578379E+03,2.364861E+03,8.750829E-02,2.085450E-01,0.000000E+00,0.000000E+00,0.000000E+00,0.000000E+00,0.000000E+00,0.000000E+00,0.000000E+00,0.000000E+00,2.110517E+01,4.063755E+01,2.388826E+01,4.730904E+01,4.243564E+03,3.610292E+03,1.440244E-01,3.183741E-01,0.000000E+00,0.000000E+00,0.000000E+00,0.000000E+00,0.000000E+00,0.000000E+00,0.000000E+00,0.000000E+00,2.110536E+01,4.094922E+01,2.388823E+01,4.753612E+01,2.604112E+03,2.698025E+03,8.838166E-02,2.379277E-01,0.000000E+00,0.000000E+00,0.000000E+00,0.000000E+00,0.000000E+00,0.000000E+00,0.000000E+00,0.000000E+00,2.110517E+01,4.070329E+01,2.388815E+01,4.696821E+01
16:00:00,1.016085E+03,3.593471E+03,3.449096E-02,3.168776E-01,0.000000E+00,0.000000E+00,0.000000E+00,0.000000E+00,0.000000E+00,0.000000E+00,0.000000E+00,0.000000E+00,2.111000E+01,4.949701E+01,2.388869E+01,4.726470E+01,4.176959E+03,3.631536E+03,1.417647E-01,3.202467E-01,0.000000E+00,0.000000E+00,0.000000E+00,0.000000E+00,0.000000E+00,0.000000E+00,0.000000E+00,0.000000E+00,2.110552E+01,4.113745E+01,2.388826E+01,4.747352E+01,2.578383E+03,2.358627E+03,8.750845E-02,2.079952E-01,0.000000E+00,0.000000E+00,0.000000E+00,0.000000E+00,0.000000E+00,0.000000E+00,0.000000E+00,0.000000E+00,2.110517E+01,4.063756E+01,2.388827E+01,4.731390E+01,4.243573E+03,3.610463E+03,1.440247E-01,3.183891E-01,0.000000E+00,0.000000E+00,0.000000E+00,0.000000E+00,0.000000E+00,0.000000E+00,0.000000E+00,0.000000E+00,2.110536E+01,4.094924E+01,2.388824E+01,4.753294E+01,2.604117E+03,2.759498E+03,8.838181E-02,2.433486E-01,0.000000E+00,0.000000E+00,0.000000E+00,0.000000E+00,0.000000E+00,0.000000E+00,0.000000E+00,0.000000E+00,2.110517E+01,4.070330E+01,2.388817E+01,4.690661E+01
16:10:00,1.016112E+03,3.597842E+03,3.449187E-02,3.172629E-01,0.000000E+00,0.000000E+00,0.000000E+00,0.000000E+00,0.000000E+00,0.000000E+00,0.000000E+00,0.000000E+00,2.111000E+01,4.949701E+01,2.388869E+01,4.726092E+01,4.176968E+03,3.629608E+03,1.417650E-01,3.200765E-01,0.000000E+00,0.000000E+00,0.000000E+00,0.000000E+00,0.000000E+00,0.000000E+00,0.000000E+00,0.000000E+00,2.110552E+01,4.113747E+01,2.388827E+01,4.747203E+01,2.578388E+03,2.351887E+03,8.750860E-02,2.074008E-01,0.000000E+00,0.000000E+00,0.000000E+00,0.000000E+00,0.000000E+00,0.000000E+00,0.000000E+00,0.000000E+00,2.110517E+01,4.063757E+01,2.388827E+01,4.731922E+01,4.243582E+03,3.609282E+03,1.440250E-01,3.182848E-01,0.000000E+00,0.000000E+00,0.000000E+00,0.000000E+00,0.000000E+00,0.000000E+00,0.000000E+00,0.000000E+00,2.110536E+01,4.094925E+01,2.388824E+01,4.753074E+01,2.604121E+03,2.817534E+03,8.838197E-02,2.484663E-01,0.000000E+00,0.000000E+00,0.000000E+00,0.000000E+00,0.000000E+00,0.000000E+00,0.000000E+00,0.000000E+00,2.110517E+01,4.070331E+01,2.388818E+01,4.685027E+01
16:20:00,1.016139E+03,3.601844E+03,3.449278E-02,3.176159E-01,0.000000E+00,0.000000E+00,0.000000E+00,0.000000E+00,0.000000E+00,0.000000E+00,0.000000E+00,0.000000E+00,2.111000E+01,4.949701E+01,2.388869E+01,4.725741E+01,4.176976E+03,3.626230E+03,1.417653E-01,3.197786E-01,0.000000E+00,0.000000E+00,0.000000E+00,0.000000E+00,0.000000E+00,0.000000E+00,0.000000E+00,0.000000E+00,2.110552E+01,4.113748E+01,2.388827E+01,4.747161E+01,2.578392E+03,2.344579E+03,8.750876E-02,2.067563E-01,0.000000E+00,0.000000E+00,0.000000E+00,0.000000E+00,0.000000E+00,0.000000E+00,0.000000E+00,0.000000E+00,2.110517E+01,4.063758E+01,2.388827E+01,4.732510E+01,4.243590E+03,3.606678E+03,1.440253E-01,3.180551E-01,0.000000E+00,0.000000E+00,0.000000E+00,0.000000E+00,0.000000E+00,0.000000E+00,0.000000E+00,0.000000E+00,2.110536E+01,4.094926E+01,2.388824E+01,4.752959E+01,2.604126E+03,2.871324E+03,8.838212E-02,2.532095E-01,0.000000E+00,0.000000E+00,0.000000E+00,0.000000E+00,0.000000E+00,0.000000E+00,0.000000E+00,0.000000E+00,2.110517E+01,4.070333E+01,2.388820E+01,4.680101E+01
16:30:00,1.016165E+03,3.605443E+03,3.449368E-02,3.179332E-01,0.000000E+00,0.000000E+00,0.000000E+00,0.000000E+00,0.000000E+00,0.000000E+00,0.000000E+00,0.000000E+00,2.111000E+01,4.949701E+01,2.388869E+01,4.725420E+01,4.176985E+03,3.621401E+03,1.417656E-01,3.193527E-01,0.000000E+00,0.000000E+00,0.000000E+00,0.000000E+00,0.000000E+00,0.000000E+00,0.000000E+00,0.000000E+00,2.110552E+01,4.113749E+01,2.388827E+01,4.747227E+01,2.578397E+03,2.336652E+03,8.750891E-02,2.060572E-01,0.000000E+00,0.000000E+00,0.000000E+00,0.000000E+00,0.000000E+00,0.000000E+00,0.000000E+00,0.000000E+00,2.110517E+01,4.063760E+01,2.388827E+01,4.733162E+01,4.243599E+03,3.602602E+03,1.440256E-01,3.176956E-01,0.000000E+00,0.000000E+00,0.000000E+00,0.000000E+00,0.000000E+00,0.000000E+00,0.000000E+00,0.000000E+00,2.110536E+01,4.094928E+01,2.388825E+01,4.752955E+01,2.604130E+03,2.920377E+03,8.838227E-02,2.575350E-01,0.000000E+00,0.000000E+00,0.000000E+00,0.000000E+00,0.000000E+00,0.000000E+00,0.000000E+00,0.000000E+00,2.110517E+01,4.070334E+01,2.388822E+01,4.675882E+01
16:40:00,1.016192E+03,3.608605E+03,3.449457E-02,3.182120E-01,0.000000E+00,0.000000E+00,0.000000E+00,0.000000E+00,0.000000E+00,0.000000E+00,0.000000E+00,0.000000E+00,2.111000E+01,4.949701E+01,2.388869E+01,4.725131E+01,4.176993E+03,3.615122E+03,1.417658E-01,3.187988E-01,0.000000E+00,0.000000E+00,0.000000E+00,0.000000E+00,0.000000E+00,0.000000E+00,0.000000E+00,0.000000E+00,2.110552E+01,4.113751E+01,2.388828E+01,4.747400E+01,2.578401E+03,2.328062E+03,8.750906E-02,2.052996E-01,0.000000E+00,0.000000E+00,0.000000E+00,0.000000E+00,0.000000E+00,0.000000E+00,0.000000E+00,0.000000E+00,2.110517E+01,4.063761E+01,2.388828E+01,4.733882E+01,4.243607E+03,3.597017E+03,1.440259E-01,3.172030E-01,0.000000E+00,0.000000E+00,0.000000E+00,0.000000E+00,0.000000E+00,0.000000E+00,0.000000E+00,0.000000E+00,2.110536E+01,4.094929E+01,2.388825E+01,4.753066E+01,2.604135E+03,2.964050E+03,8.838242E-02,2.613859E-01,0.000000E+00,0.000000E+00,0.000000E+00,0.000000E+00,0.000000E+00,0.000000E+00,0.000000E+00,0.000000E+00,2.110517E+01,4.070335E+01,2.388823E+01,4.672245E+01
16:50:00,1.016218E+03,3.611301E+03,3.449545E-02,3.184498E-01,0.000000E+00,0.000000E+00,0.000000E+00,0.000000E+00,0.000000E+00,0.000000E+00,0.000000E+00,0.000000E+00,2.111000E+01,4.949701E+01,2.388869E+01,4.724878E+01,4.177002E+03,3.607380E+03,1.417661E-01,3.181160E-01,0.000000E+00,0.000000E+00,0.000000E+00,0.000000E+00,0.000000E+00,0.000000E+00,0.000000E+00,0.000000E+00,2.110552E+01,4.113752E+01,2.388828E+01,4.747681E+01,2.578406E+03,2.318767E+03,8.750921E-02,2.044800E-01,0.000000E+00,0.000000E+00,0.000000E+00,0.000000E+00,0.000000E+00,0.000000E+00,0.000000E+00,0.000000E+00,2.110517E+01,4.063762E+01,2.388828E+01,4.734677E+01,4.243616E+03,3.589900E+03,1.440262E-01,3.165752E-01,0.000000E+00,0.000000E+00,0.000000E+00,0.000000E+00,0.000000E+00,0.000000E+00,0.000000E+00,0.000000E+00,2.110536E+01,4.094930E+01,2.388826E+01,4.753293E+01,2.604139E+03,3.001734E+03,8.838257E-02,2.647087E-01,0.000000E+00,0.000000E+00,0.000000E+00,0.000000E+00,0.000000E+00,0.000000E+00,0.000000E+00,0.000000E+00,2.110517E+01,4.070336E+01,2.388824E+01,4.669086E+01
17:00:00,1.016244E+03,3.613343E+03,3.449633E-02,3.186287E-01,0.000000E+00,0.000000E+00,0.000000E+00,0.000000E+00,0.000000E+00,0.000000E+00,0.000000E+00,0.000000E+00,2.111000E+01,4.949701E+01,2.388892E+01,4.724556E+01,4.177010E+03,3.596962E+03,1.417664E-01,3.171958E-01,0.000000E+00,0.000000E+00,0.000000E+00,0.000000E+00,0.000000E+00,0.000000E+00,0.000000E+00,0.000000E+00,2.110552E+01,4.113753E+01,2.388856E+01,4.748167E+01,2.578410E+03,2.308109E+03,8.750936E-02,2.035392E-01,0.000000E+00,0.000000E+00,0.000000E+00,0.000000E+00,0.000000E+00,0.000000E+00,0.000000E+00,0.000000E+00,2.110517E+01,4.063763E+01,2.388855E+01,4.735779E+01,4.243624E+03,3.580132E+03,1.440264E-01,3.157124E-01,0.000000E+00,0.000000E+00,0.000000E+00,0.000000E+00,0.000000E+00,0.000000E+00,0.000000E+00,0.000000E+00,2.110536E+01,4.094932E+01,2.388854E+01,4.753717E+01,2.604144E+03,3.032264E+03,8.838272E-02,2.673997E-01,0.000000E+00,0.000000E+00,0.000000E+00,0.000000E+00,0.000000E+00,0.000000E+00,0.000000E+00,0.000000E+00,2.110517E+01,4.070337E+01,2.388852E+01,4.665659E+01
17:10:00,1.016269E+03,3.614866E+03,3.449720E-02,3.187608E-01,0.000000E+00,0.000000E+00,0.000000E+00,0.000000E+00,0.000000E+00,0.000000E+00,0.000000E+00,0.000000E+00,2.111000E+01,4.949701E+01,2.388916E+01,4.724353E+01,4.177018E+03,3.584769E+03,1.417667E-01,3.161178E-01,0.000000E+00,0.000000E+00,0.000000E+00,0.000000E+00,0.000000E+00,0.000000E+00,0.000000E+00,0.000000E+00,2.110552E+01,4.113754E+01,2.388887E+01,4.748768E+01,2.578414E+03,2.296556E+03,8.750951E-02,2.025187E-01,0.000000E+00,0.000000E+00,0.000000E+00,0.000000E+00,0.000000E+00,0.000000E+00,0.000000E+00,0.000000E+00,2.110517E+01,4.063764E+01,2.388885E+01,4.736789E+01,4.243632E+03,3.568567E+03,1.440267E-01,3.146897E-01,0.000000E+00,0.000000E+00,0.000000E+00,0.000000E+00,0.000000E+00,0.000000E+00,0.000000E+00,0.000000E+00,2.110536E+01,4.094933E+01,2.388886E+01,4.754267E+01,2.604148E+03,3.057676E+03,8.838287E-02,2.696379E-01,0.000000E+00,0.000000E+00,0.000000E+00,0.000000E+00,0.000000E+00,0.000000E+00,0.000000E+00,0.000000E+00,2.110517E+01,4.070338E+01,2.388884E+01,4.663758E+01
17:20:00,1.016295E+03,3.615853E+03,3.449807E-02,3.188455E-01,0.000000E+00,0.000000E+00,0.000000E+00,0.000000E+00,0.000000E+00,0.000000E+00,0.000000E+00,0.000000E+00,2.111000E+01,4.949701E+01,2.388917E+01,4.724238E+01,4.177026E+03,3.570816E+03,1.417670E-01,3.148845E-01,0.000000E+00,0.000000E+00,0.000000E+00,0.000000E+00,0.000000E+00,0.000000E+00,0.000000E+00,0.000000E+00,2.110552E+01,4.113756E+01,2.388889E+01,4.749664E+01,2.578419E+03,2.284117E+03,8.750965E-02,2.014199E-01,0.000000E+00,0.000000E+00,0.000000E+00,0.000000E+00,0.000000E+00,0.000000E+00,0.000000E+00,0.000000E+00,2.110517E+01,4.063765E+01,2.388887E+01,4.738102E+01,4.243640E+03,3.555961E+03,1.440270E-01,3.135751E-01,0.000000E+00,0.000000E+00,0.000000E+00,0.000000E+00,0.000000E+00,0.000000E+00,0.000000E+00,0.000000E+00,2.110536E+01,4.094934E+01,2.388887E+01,4.755086E+01,2.604152E+03,3.077833E+03,8.838301E-02,2.714127E-01,0.000000E+00,0.000000E+00,0.000000E+00,0.000000E+00,0.000000E+00,0.000000E+00,0.000000E+00,0.000000E+00,2.110517E+01,4.070339E+01,2.388887E+01,4.662157E+01
17:30:00,1.016320E+03,3.616273E+03,3.449893E-02,3.188803E-01,0.000000E+00,0.000000E+00,0.000000E+00,0.000000E+00,0.000000E+00,0.000000E+00,0.000000E+00,0.000000E+00,2.111000E+01,4.949701E+01,2.388917E+01,4.724171E+01,4.177034E+03,3.555032E+03,1.417672E-01,3.134897E-01,0.000000E+00,0.000000E+00,0.000000E+00,0.000000E+00,0.000000E+00,0.000000E+00,0.000000E+00,0.000000E+00,2.110552E+01,4.113757E+01,2.388889E+01,4.750649E+01,2.578423E+03,2.270761E+03,8.750980E-02,2.002403E-01,0.000000E+00,0.000000E+00,0.000000E+00,0.000000E+00,0.000000E+00,0.000000E+00,0.000000E+00,0.000000E+00,2.110517E+01,4.063766E+01,2.388887E+01,4.739461E+01,4.243648E+03,3.543507E+03,1.440273E-01,3.124740E-01,0.000000E+00,0.000000E+00,0.000000E+00,0.000000E+00,0.000000E+00,0.000000E+00,0.000000E+00,0.000000E+00,2.110536E+01,4.094935E+01,2.388887E+01,4.755859E+01,2.604157E+03,3.092180E+03,8.838316E-02,2.726752E-01,0.000000E+00,0.000000E+00,0.000000E+00,0.000000E+00,0.000000E+00,0.000000E+00,0.000000E+00,0.000000E+00,2.110517E+01,4.070340E+01,2.388887E+01,4.660970E+01
17:40:00,1.016345E+03,3.616153E+03,3.449979E-02,3.188673E-01,0.000000E+00,0.000000E+00,0.000000E+00,0.000000E+00,0.000000E+00,0.000000E+00,0.000000E+00,0.000000E+00,2.111000E+01,4.949701E+01,2.388917E+01,4.724145E+01,4.177042E+03,3.537350E+03,1.417675E-01,3.119276E-01,0.000000E+00,0.000000E+00,0.000000E+00,0.000000E+00,0.000000E+00,0.000000E+00,0.000000E+00,0.000000E+00,2.110552E+01,4.113758E+01,2.388889E+01,4.751735E+01,2.578427E+03,2.256479E+03,8.750994E-02,1.989791E-01,0.000000E+00,0.000000E+00,0.000000E+00,0.000000E+00,0.000000E+00,0.000000E+00,0.000000E+00,0.000000E+00,2.110517E+01,4.063768E+01,2.388887E+01,4.740885E+01,4.243657E+03,3.533514E+03,1.440275E-01,3.115898E-01,0.000000E+00,0.000000E+00,0.000000E+00,0.000000E+00,0.000000E+00,0.000000E+00,0.000000E+00,0.000000E+00,2.110536E+01,4.094937E+01,2.388887E+01,4.756387E+01,2.604161E+03,3.100557E+03,8.838330E-02,2.734113E-01,0.000000E+00,0.000000E+00,0.000000E+00,0.000000E+00,0.000000E+00,0.000000E+00,0.000000E+00,0.000000E+00,2.110517E+01,4.070342E+01,2.388888E+01,4.660189E+01
17:50:00,1.016370E+03,3.615591E+03,3.450063E-02,3.188155E-01,0.000000E+00,0.000000E+00,0.000000E+00,0.000000E+00,0.000000E+00,0.000000E+00,0.000000E+00,0.000000E+00,2.111000E+01,4.949701E+01,2.388917E+01,4.724156E+01,4.177050E+03,3.517704E+03,1.417678E-01,3.101923E-01,0.000000E+00,0.000000E+00,0.000000E+00,0.000000E+00,0.000000E+00,0.000000E+00,0.000000E+00,0.000000E+00,2.110552E+01,4.113760E+01,2.388889E+01,4.752946E+01,2.578431E+03,2.241273E+03,8.751009E-02,1.976364E-01,0.000000E+00,0.000000E+00,0.000000E+00,0.000000E+00,0.000000E+00,0.000000E+00,0.000000E+00,0.000000E+00,2.110517E+01,4.063769E+01,2.388888E+01,4.742394E+01,4.243664E+03,3.526461E+03,1.440278E-01,3.109651E-01,0.000000E+00,0.000000E+00,0.000000E+00,0.000000E+00,0.000000E+00,0.000000E+00,0.000000E+00,0.000000E+00,2.110536E+01,4.094938E+01,2.388887E+01,4.756453E+01,2.604165E+03,3.102822E+03,8.838344E-02,2.736084E-01,0.000000E+00,0.000000E+00,0.000000E+00,0.000000E+00,0.000000E+00,0.000000E+00,0.000000E+00,0.000000E+00,2.110517E+01,4.070343E+01,2.388888E+01,4.659815E+01
18:00:00,1.016395E+03,3.614881E+03,3.450148E-02,3.187517E-01,0.000000E+00,0.000000E+00,0.000000E+00,0.000000E+00,0.000000E+00,0.000000E+00,0.000000E+00,0.000000E+00,2.111000E+01,4.949701E+01,2.388917E+01,4.724193E+01,4.177058E+03,3.497214E+03,1.417680E-01,3.083839E-01,0.000000E+00,0.000000E+00,0.000000E+00,0.000000E+00,0.000000E+00,0.000000E+00,0.000000E+00,0.000000E+00,2.110552E+01,4.113761E+01,2.388890E+01,4.754297E+01,2.578436E+03,2.225778E+03,8.751023E-02,1.962692E-01,0.000000E+00,0.000000E+00,0.000000E+00,0.000000E+00,0.000000E+00,0.000000E+00,0.000000E+00,0.000000E+00,2.110517E+01,4.063770E+01,2.388888E+01,4.744000E+01,4.243672E+03,3.523593E+03,1.440281E-01,3.107106E-01,0.000000E+00,0.000000E+00,0.000000E+00,0.000000E+00,0.000000E+00,0.000000E+00,0.000000E+00,0.000000E+00,2.110536E+01,4.094939E+01,2.388887E+01,4.756096E+01,2.604169E+03,3.100510E+03,8.838358E-02,2.734031E-01,0.000000E+00,0.000000E+00,0.000000E+00,0.000000E+00,0.000000E+00,0.000000E+00,0.000000E+00,0.000000E+00,2.110517E+01,4.070344E+01,2.388889E+01,4.659849E+01
18:10:00,1.016420E+03,3.613968E+03,3.450231E-02,3.186711E-01,0.000000E+00,0.000000E+00,0.000000E+00,0.000000E+00,0.000000E+00,0.000000E+00,0.000000E+00,0.000000E+00,2.111000E+01,4.949701E+01,2.388917E+01,4.724243E+01,4.177066E+03,3.474594E+03,1.417683E-01,3.063891E-01,0.000000E+00,0.000000E+00,0.000000E+00,0.000000E+00,0.000000E+00,0.000000E+00,0.000000E+00,0.000000E+00,2.110552E+01,4.113762E+01,2.388890E+01,4.755802E+01,2.578440E+03,2.209339E+03,8.751037E-02,1.948195E-01,0.000000E+00,0.000000E+00,0.000000E+00,0.000000E+00,0.000000E+00,0.000000E+00,0.000000E+00,0.000000E+00,2.110517E+01,4.063771E+01,2.388888E+01,4.745706E+01,4.243680E+03,3.523503E+03,1.440283E-01,3.107026E-01,0.000000E+00,0.000000E+00,0.000000E+00,0.000000E+00,0.000000E+00,0.000000E+00,0.000000E+00,0.000000E+00,2.110536E+01,4.094940E+01,2.388887E+01,4.755498E+01,2.604173E+03,3.091516E+03,8.838372E-02,2.726097E-01,0.000000E+00,0.000000E+00,0.000000E+00,0.000000E+00,0.000000E+00,0.000000E+00,0.000000E+00,0.000000E+00,2.110517E+01,4.070345E+01,2.388889E+01,4.660323E+01
18:20:00,1.016444E+03,3.612896E+03,3.450314E-02,3.185766E-01,0.000000E+00,0.000000E+00,0.000000E+00,0.000000E+00,0.000000E+00,0.000000E+00,0.000000E+00,0.000000E+00,2.111000E+01,4.949701E+01,2.388917E+01,4.724301E+01,4.177074E+03,3.449759E+03,1.417686E-01,3.041991E-01,0.000000E+00,0.000000E+00,0.000000E+00,0.000000E+00,0.000000E+00,0.000000E+00,0.000000E+00,0.000000E+00,2.110552E+01,4.113763E+01,2.388890E+01,4.757485E+01,2.578444E+03,2.191944E+03,8.751051E-02,1.932856E-01,0.000000E+00,0.000000E+00,0.000000E+00,0.000000E+00,0.000000E+00,0.000000E+00,0.000000E+00,0.000000E+00,2.110517E+01,4.063772E+01,2.388888E+01,4.747522E+01,4.243688E+03,3.524734E+03,1.440286E-01,3.108111E-01,0.000000E+00,0.000000E+00,0.000000E+00,0.000000E+00,0.000000E+00,0.000000E+00,0.000000E+00,0.000000E+00,2.110536E+01,4.094941E+01,2.388887E+01,4.754858E+01,2.604177E+03,3.075310E+03,8.838386E-02,2.711805E-01,0.000000E+00,0.000000E+00,0.000000E+00,0.000000E+00,0.000000E+00,0.000000E+00,0.000000E+00,0.000000E+00,2.110517E+01,4.070346E+01,2.388890E+01,4.661289E+01
18:30:00,1.016469E+03,3.611674E+03,3.450397E-02,3.184689E-01,0.000000E+00,0.000000E+00,0.000000E+00,0.000000E+00,0.000000E+00,0.000000E+00,0.000000E+00,0.000000E+00,2.111000E+01,4.949701E+01,2.388917E+01,4.724370E+01,4.177082E+03,3.422737E+03,1.417688E-01,3.018163E-01,0.000000E+00,0.000000E+00,0.000000E+00,0.000000E+00,0.000000E+00,0.000000E+00,0.000000E+00,0.000000E+00,2.110552E+01,4.113764E+01,2.388890E+01,4.759350E+01,2.578448E+03,2.173632E+03,8.751065E-02,1.916707E-01,0.000000E+00,0.000000E+00,0.000000E+00,0.000000E+00,0.000000E+00,0.000000E+00,0.000000E+00,0.000000E+00,2.110517E+01,4.063773E+01,2.388889E+01,4.749450E+01,4.243696E+03,3.524672E+03,1.440289E-01,3.108057E-01,0.000000E+00,0.000000E+00,0.000000E+00,0.000000E+00,0.000000E+00,0.000000E+00,0.000000E+00,0.000000E+00,2.110536E+01,4.094943E+01,2.388888E+01,4.754386E+01,2.604181E+03,3.051477E+03,8.838400E-02,2.690788E-01,0.000000E+00,0.000000E+00,0.000000E+00,0.000000E+00,0.000000E+00,0.000000E+00,0.000000E+00,0.000000E+00,2.110517E+01,4.070347E+01,2.388891E+01,4.662814E+01
18:40:00,1.016493E+03,3.610198E+03,3.450479E-02,3.183387E-01,0.000000E+00,0.000000E+00,0.000000E+00,0.000000E+00,0.000000E+00,0.000000E+00,0.000000E+00,0.000000E+00,2.111000E+01,4.949701E+01,2.388917E+01,4.724462E+01,4.177089E+03,3.393072E+03,1.417691E-01,2.992004E-01,0.000000E+00,0.000000E+00,0.000000E+00,0.000000E+00,0.000000E+00,0.000000E+00,0.000000E+00,0.000000E+00,2.110552E+01,4.113766E+01,2.388891E+01,4.761413E+01,2.578452E+03,2.154181E+03,8.751078E-02,1.899555E-01,0.000000E+00,0.000000E+00,0.000000E+00,0.000000E+00,0.000000E+00,0.000000E+00,0.000000E+00,0.000000E+00,2.110517E+01,4.063774E+01,2.388889E+01,4.751503E+01,4.243703E+03,3.517387E+03,1.440291E-01,3.101632E-01,0.000000E+00,0.000000E+00,0.000000E+00,0.000000E+00,0.000000E+00,0.000000E+00,0.000000E+00,0.000000E+00,2.110536E+01,4.094944E+01,2.388888E+01,4.754383E+01,2.604185E+03,3.016087E+03,8.838414E-02,2.659580E-01,0.000000E+00,0.000000E+00,0.000000E+00,0.000000E+00,0.000000E+00,0.000000E+00,0.000000E+00,0.000000E+00,2.110517E+01,4.070348E+01,2.388892E+01,4.665084E+01
18:50:00,1.016517E+03,3.608237E+03,3.450560E-02,3.181658E-01,0.000000E+00,0.000000E+00,0.000000E+00,0.000000E+00,0.000000E+00,0.000000E+00,0.000000E+00,0.000000E+00,2.111000E+01,4.949701E+01,2.388917E+01,4.724593E+01,4.177097E+03,3.361123E+03,1.417694E-01,2.963830E-01,0.000000E+00,0.000000E+00,0.000000E+00,0.000000E+00,0.000000E+00,0.000000E+00,0.000000E+00,0.000000E+00,2.110552E+01,4.113767E+01,2.388891E+01,4.763716E+01,2.578456E+03,2.133749E+03,8.751092E-02,1.881538E-01,0.000000E+00,0.000000E+00,0.000000E+00,0.000000E+00,0.000000E+00,0.000000E+00,0.000000E+00,0.000000E+00,2.110517E+01,4.063775E+01,2.388889E+01,4.753720E+01,4.243711E+03,3.502979E+03,1.440294E-01,3.088926E-01,0.000000E+00,0.000000E+00,0.000000E+00,0.000000E+00,0.000000E+00,0.000000E+00,0.000000E+00,0.000000E+00,2.110536E+01,4.094945E+01,2.388889E+01,4.755209E+01,2.604189E+03,2.971164E+03,8.838427E-02,2.619965E-01,0.000000E+00,0.000000E+00,0.000000E+00,0.000000E+00,0.000000E+00,0.000000E+00,0.000000E+00,0.000000E+00,2.110517E+01,4.070349E+01,2.388892E+01,4.668466E+01
19:00:00,1.016541E+03,3.605521E+03,3.450641E-02,3.179262E-01,0.000000E+00,0.000000E+00,0.000000E+00,0.000000E+00,0.000000E+00,0.000000E+00,0.000000E+00,0.000000E+00,2.111000E+01,4.949701E+01,2.388917E+01,4.724782E+01,4.177104E+03,3.327011E+03,1.417696E-01,2.933749E-01,0.000000E+00,0.000000E+00,0.000000E+00,0.000000E+00,0.000000E+00,0.000000E+00,0.000000E+00,0.000000E+00,2.110552E+01,4.113768E+01,2.388891E+01,4.766226E+01,2.578460E+03,2.112381E+03,8.751105E-02,1.862695E-01,0.000000E+00,0.000000E+00,0.000000E+00,0.000000E+00,0.000000E+00,0.000000E+00,0.000000E+00,0.000000E+00,2.110517E+01,4.063776E+01,2.388889E+01,4.756079E+01,4.243719E+03,3.480558E+03,1.440297E-01,3.069154E-01,0.000000E+00,0.000000E+00,0.000000E+00,0.000000E+00,0.000000E+00,0.000000E+00,0.000000E+00,0.000000E+00,2.110536E+01,4.094946E+01,2.388890E+01,4.756741E+01,2.604193E+03,2.916613E+03,8.838441E-02,2.571860E-01,0.000000E+00,0.000000E+00,0.000000E+00,0.000000E+00,0.000000E+00,0.000000E+00,0.000000E+00,0.000000E+00,2.110517E+01,4.070350E+01,2.388893E+01,4.672666E+01
19:10:00,1.016564E+03,3.601812E+03,3.450721E-02,3.175992E-01,0.000000E+00,0.000000E+00,0.000000E+00,0.000000E+00,0.000000E+00,0.000000E+00,0.000000E+00,0.000000E+00,2.111000E+01,4.949701E+01,2.388917E+01,4.725044E+01,4.177112E+03,3.296020E+03,1.417699E-01,2.906422E-01,0.000000E+00,0.000000E+00,0.000000E+00,0.000000E+00,0.000000E+00,0.000000E+00,0.000000E+00,0.000000E+00,2.110552E+01,4.113769E+01,2.388890E+01,4.770696E+01,2.578464E+03,2.093475E+03,8.751119E-02,1.846023E-01,0.000000E+00,0.000000E+00,0.000000E+00,0.000000E+00,0.000000E+00,0.000000E+00,0.000000E+00,0.000000E+00,2.110517E+01,4.063777E+01,2.388888E+01,4.760564E+01,4.243726E+03,3.454864E+03,1.440299E-01,3.046496E-01,0.000000E+00,0.000000E+00,0.000000E+00,0.000000E+00,0.000000E+00,0.000000E+00,0.000000E+00,0.000000E+00,2.110536E+01,4.094947E+01,2.388889E+01,4.760721E+01,2.604197E+03,2.856056E+03,8.838454E-02,2.518461E-01,0.000000E+00,0.000000E+00,0.000000E+00,0.000000E+00,0.000000E+00,0.000000E+00,0.000000E+00,0.000000E+00,2.110517E+01,4.070351E+01,2.388892E+01,4.679572E+01
19:20:00,1.016588E+03,3.596943E+03,3.450801E-02,3.171698E-01,0.000000E+00,0.000000E+00,0.000000E+00,0.000000E+00,0.000000E+00,0.000000E+00,0.000000E+00,0.000000E+00,2.111000E+01,4.949701E+01,2.388917E+01,4.725390E+01,4.177119E+03,3.263547E+03,1.417701E-01,2.877788E-01,0.000000E+00,0.000000E+00,0.000000E+00,0.000000E+00,0.000000E+00,0.000000E+00,0.000000E+00,0.000000E+00,2.110552E+01,4.113770E+01,2.388888E+01,4.781674E+01,2.578468E+03,2.073914E+03,8.751132E-02,1.828775E-01,0.000000E+00,0.000000E+00,0.000000E+00,0.000000E+00,0.000000E+00,0.000000E+00,0.000000E+00,0.000000E+00,2.110517E+01,4.063778E+01,2.388886E+01,4.772194E+01,4.243734E+03,3.418690E+03,1.440302E-01,3.014598E-01,0.000000E+00,0.000000E+00,0.000000E+00,0.000000E+00,0.000000E+00,0.000000E+00,0.000000E+00,0.000000E+00,2.110536E+01,4.094949E+01,2.388887E+01,4.771956E+01,2.604201E+03,2.784093E+03,8.838467E-02,2.455004E-01,0.000000E+00,0.000000E+00,0.000000E+00,0.000000E+00,0.000000E+00,0.000000E+00,0.000000E+00,0.000000E+00,2.110517E+01,4.070352E+01,2.388890E+01,4.694119E+01
19:30:00,1.016611E+03,3.590797E+03,3.450880E-02,3.166279E-01,0.000000E+00,0.000000E+00,0.000000E+00,0.000000E+00,0.000000E+00,0.000000E+00,0.000000E+00,0.000000E+00,2.111000E+01,4.949701E+01,2.388918E+01,4.725827E+01,4.177127E+03,3.229859E+03,1.417704E-01,2.848084E-01,0.000000E+00,0.000000E+00,0.000000E+00,0.000000E+00,0.000000E+00,0.000000E+00,0.000000E+00,0.000000E+00,2.110552E+01,4.113771E+01,2.388886E+01,4.792831E+01,2.578472E+03,2.053768E+03,8.751145E-02,1.811013E-01,0.000000E+00,0.000000E+00,0.000000E+00,0.000000E+00,0.000000E+00,0.000000E+00,0.000000E+00,0.000000E+00,2.110517E+01,4.063779E+01,2.388883E+01,4.783771E+01,4.243741E+03,3.373105E+03,1.440304E-01,2.974402E-01,0.000000E+00,0.000000E+00,0.000000E+00,0.000000E+00,0.000000E+00,0.000000E+00,0.000000E+00,0.000000E+00,2.110536E+01,4.094950E+01,2.388885E+01,4.784057E+01,2.604205E+03,2.703323E+03,8.838480E-02,2.383783E-01,0.000000E+00,0.000000E+00,0.000000E+00,0.000000E+00,0.000000E+00,0.000000E+00,0.000000E+00,0.000000E+00,2.110517E+01,4.070353E+01,2.388887E+01,4.709102E+01
19:40:00,1.016634E+03,3.583370E+03,3.450959E-02,3.159730E-01,0.000000E+00,0.000000E+00,0.000000E+00,0.000000E+00,0.000000E+00,0.000000E+00,0.000000E+00,0.000000E+00,2.111000E+01,4.949701E+01,2.388918E+01,4.726360E+01,4.177134E+03,3.195942E+03,1.417706E-01,2.818178E-01,0.000000E+00,0.000000E+00,0.000000E+00,0.000000E+00,0.000000E+00,0.000000E+00,0.000000E+00,0.000000E+00,2.110552E+01,4.113773E+01,2.388884E+01,4.800896E+01,2.578476E+03,2.033470E+03,8.751158E-02,1.793116E-01,0.000000E+00,0.000000E+00,0.000000E+00,0.000000E+00,0.000000E+00,0.000000E+00,0.000000E+00,0.000000E+00,2.110517E+01,4.063780E+01,2.388881E+01,4.791747E+01,4.243748E+03,3.324722E+03,1.440307E-01,2.931740E-01,0.000000E+00,0.000000E+00,0.000000E+00,0.000000E+00,0.000000E+00,0.000000E+00,0.000000E+00,0.000000E+00,2.110536E+01,4.094951E+01,2.388884E+01,4.793581E+01,2.604209E+03,2.622954E+03,8.838493E-02,2.312915E-01,0.000000E+00,0.000000E+00,0.000000E+00,0.000000E+00,0.000000E+00,0.000000E+00,0.000000E+00,0.000000E+00,2.110517E+01,4.070354E+01,2.388886E+01,4.721046E+01
19:50:00,1.016657E+03,3.574824E+03,3.451037E-02,3.152194E-01,0.000000E+00,0.000000E+00,0.000000E+00,0.000000E+00,0.000000E+00,0.000000E+00,0.000000E+00,0.000000E+00,2.111000E+01,4.949701E+01,2.388918E+01,4.726985E+01,4.177141E+03,3.162112E+03,1.417709E-01,2.788350E-01,0.000000E+00,0.000000E+00,0.000000E+00,0.000000E+00,0.000000E+00,0.000000E+00,0.000000E+00,0.000000E+00,2.110552E+01,4.113774E+01,2.388884E+01,4.806930E+01,2.578479E+03,2.013135E+03,8.751171E-02,1.775186E-01,0.000000E+00,0.000000E+00,0.000000E+00,0.000000E+00,0.000000E+00,0.000000E+00,0.000000E+00,0.000000E+00,2.110517E+01,4.063781E+01,2.388881E+01,4.797469E+01,4.243755E+03,3.275415E+03,1.440309E-01,2.888263E-01,0.000000E+00,0.000000E+00,0.000000E+00,0.000000E+00,0.000000E+00,0.000000E+00,0.000000E+00,0.000000E+00,2.110536E+01,4.094952E+01,2.388883E+01,4.801120E+01,2.604213E+03,2.544758E+03,8.838506E-02,2.243964E-01,0.000000E+00,0.000000E+00,0.000000E+00,0.000000E+00,0.000000E+00,0.000000E+00,0.000000E+00,0.000000E+00,2.110517E+01,4.070355E+01,2.388885E+01,4.730683E+01
20:00:00,1.016680E+03,3.565421E+03,3.451114E-02,3.143903E-01,0.000000E+00,0.000000E+00,0.000000E+00,0.000000E+00,0.000000E+00,0.000000E+00,0.000000E+00,0.000000E+00,2.111000E+01,4.949701E+01,2.388918E+01,4.727685E+01,4.177148E+03,3.129364E+03,1.417711E-01,2.759476E-01,0.000000E+00,0.000000E+00,0.000000E+00,0.000000E+00,0.000000E+00,0.000000E+00,0.000000E+00,0.000000E+00,2.110552E+01,4.113775E+01,2.388883E+01,4.811742E+01,2.578483E+03,1.993221E+03,8.751184E-02,1.757628E-01,0.000000E+00,0.000000E+00,0.000000E+00,0.000000E+00,0.000000E+00,0.000000E+00,0.000000E+00,0.000000E+00,2.110517E+01,4.063782E+01,2.388880E+01,4.801919E+01,4.243763E+03,3.227273E+03,1.440311E-01,2.845815E-01,0.000000E+00,0.000000E+00,0.000000E+00,0.000000E+00,0.000000E+00,0.000000E+00,0.000000E+00,0.000000E+00,2.110536E+01,4.094953E+01,2.388883E+01,4.807092E+01,2.604216E+03,2.471080E+03,8.838519E-02,2.178999E-01,0.000000E+00,0.000000E+00,0.000000E+00,0.000000E+00,0.000000E+00,0.000000E+00,0.000000E+00,0.000000E+00,2.110517E+01,4.070356E+01,2.388884E+01,4.738507E+01
20:10:00,1.016702E+03,3.555465E+03,3.451191E-02,3.135124E-01,0.000000E+00,0.000000E+00,0.000000E+00,0.000000E+00,0.000000E+00,0.000000E+00,0.000000E+00,0.000000E+00,2.111000E+01,4.949701E+01,2.388918E+01,4.728435E+01,4.177156E+03,3.093662E+03,1.417714E-01,2.727998E-01,0.000000E+00,0.000000E+00,0.000000E+00,0.000000E+00,0.000000E+00,0.000000E+00,0.000000E+00,0.000000E+00,2.110552E+01,4.113776E+01,2.388883E+01,4.815659E+01,2.578487E+03,1.970970E+03,8.751197E-02,1.738010E-01,0.000000E+00,0.000000E+00,0.000000E+00,0.000000E+00,0.000000E+00,0.000000E+00,0.000000E+00,0.000000E+00,2.110517E+01,4.063783E+01,2.388880E+01,4.805507E+01,4.243770E+03,3.177052E+03,1.440314E-01,2.801532E-01,0.000000E+00,0.000000E+00,0.000000E+00,0.000000E+00,0.000000E+00,0.000000E+00,0.000000E+00,0.000000E+00,2.110536E+01,4.094954E+01,2.388882E+01,4.811818E+01,2.604220E+03,2.400574E+03,8.838532E-02,2.116829E-01,0.000000E+00,0.000000E+00,0.000000E+00,0.000000E+00,0.000000E+00,0.000000E+00,0.000000E+00,0.000000E+00,2.110517E+01,4.070357E+01,2.388883E+01,4.745012E+01
20:20:00,1.016725E+03,3.545263E+03,3.451267E-02,3.126128E-01,0.000000E+00,0.000000E+00,0.000000E+00,0.000000E+00,0.000000E+00,0.000000E+00,0.000000E+00,0.000000E+00,2.111000E+01,4.949701E+01,2.388918E+01,4.729212E+01,4.177163E+03,3.060067E+03,1.417716E-01,2.698375E-01,0.000000E+00,0.000000E+00,0.000000E+00,0.000000E+00,0.000000E+00,0.000000E+00,0.000000E+00,0.000000E+00,2.110552E+01,4.113777E+01,2.388883E+01,4.818948E+01,2.578491E+03,1.949682E+03,8.751210E-02,1.719240E-01,0.000000E+00,0.000000E+00,0.000000E+00,0.000000E+00,0.000000E+00,0.000000E+00,0.000000E+00,0.000000E+00,2.110517E+01,4.063784E+01,2.388880E+01,4.808534E+01,4.243777E+03,3.133073E+03,1.440316E-01,2.762754E-01,0.000000E+00,0.000000E+00,0.000000E+00,0.000000E+00,0.000000E+00,0.000000E+00,0.000000E+00,0.000000E+00,2.110536E+01,4.094955E+01,2.388882E+01,4.815687E+01,2.604224E+03,2.340469E+03,8.838544E-02,2.063830E-01,0.000000E+00,0.000000E+00,0.000000E+00,0.000000E+00,0.000000E+00,0.000000E+00,0.000000E+00,0.000000E+00,2.110517E+01,4.070358E+01,2.388883E+01,4.750714E+01
20:30:00,1.016747E+03,3.535121E+03,3.451343E-02,3.117185E-01,0.000000E+00,0.000000E+00,0.000000E+00,0.000000E+00,0.000000E+00,0.000000E+00,0.000000E+00,0.000000E+00,2.111000E+01,4.949701E+01,2.388918E+01,4.729995E+01,4.177170E+03,3.028733E+03,1.417718E-01,2.670746E-01,0.000000E+00,0.000000E+00,0.000000E+00,0.000000E+00,0.000000E+00,0.000000E+00,0.000000E+00,0.000000E+00,2.110552E+01,4.113778E+01,2.388883E+01,4.821813E+01,2.578494E+03,1.929470E+03,8.751222E-02,1.701417E-01,0.000000E+00,0.000000E+00,0.000000E+00,0.000000E+00,0.000000E+00,0.000000E+00,0.000000E+00,0.000000E+00,2.110517E+01,4.063785E+01,2.388881E+01,4.811203E+01,4.243784E+03,3.096089E+03,1.440319E-01,2.730143E-01,0.000000E+00,0.000000E+00,0.000000E+00,0.000000E+00,0.000000E+00,0.000000E+00,0.000000E+00,0.000000E+00,2.110536E+01,4.094956E+01,2.388882E+01,4.818997E+01,2.604228E+03,2.290080E+03,8.838557E-02,2.019398E-01,0.000000E+00,0.000000E+00,0.000000E+00,0.000000E+00,0.000000E+00,0.000000E+00,0.000000E+00,0.000000E+00,2.110517E+01,4.070359E+01,2.388883E+01,4.755923E+01
20:40:00,1.016770E+03,3.525282E+03,3.451418E-02,3.108509E-01,0.000000E+00,0.000000E+00,0.000000E+00,0.000000E+00,0.000000E+00,0.000000E+00,0.000000E+00,0.000000E+00,2.111000E+01,4.949701E+01,2.388918E+01,4.730771E+01,4.177177E+03,2.999569E+03,1.417721E-01,2.645029E-01,0.000000E+00,0.000000E+00,0.000000E+00,0.000000E+00,0.000000E+00,0.000000E+00,0.000000E+00,0.000000E+00,2.110552E+01,4.113779E+01,2.388883E+01,4.824378E+01,2.578498E+03,1.910330E+03,8.751235E-02,1.684539E-01,0.000000E+00,0.000000E+00,0.000000E+00,0.000000E+00,0.000000E+00,0.000000E+00,0.000000E+00,0.000000E+00,2.110517E+01,4.063786E+01,2.388881E+01,4.813629E+01,4.243791E+03,3.063507E+03,1.440321E-01,2.701413E-01,0.000000E+00,0.000000E+00,0.000000E+00,0.000000E+00,0.000000E+00,0.000000E+00,0.000000E+00,0.000000E+00,2.110536E+01,4.094957E+01,2.388882E+01,4.821926E+01,2.604231E+03,2.245444E+03,8.838569E-02,1.980039E-01,0.000000E+00,0.000000E+00,0.000000E+00,0.000000E+00,0.000000E+00,0.000000E+00,0.000000E+00,0.000000E+00,2.110517E+01,4.070360E+01,2.388883E+01,4.760786E+01
20:50:00,1.016792E+03,3.516095E+03,3.451493E-02,3.100408E-01,0.000000E+00,0.000000E+00,0.000000E+00,0.000000E+00,0.000000E+00,0.000000E+00,0.000000E+00,0.000000E+00,2.111000E+01,4.949701E+01,2.388918E+01,4.731433E+01,4.177184E+03,2.972569E+03,1.417723E-01,2.621221E-01,0.000000E+00,0.000000E+00,0.000000E+00,0.000000E+00,0.000000E+00,0.000000E+00,0.000000E+00,0.000000E+00,2.110552E+01,4.113780E+01,2.388884E+01,4.826431E+01,2.578502E+03,1.892329E+03,8.751247E-02,1.668666E-01,0.000000E+00,0.000000E+00,0.000000E+00,0.000000E+00,0.000000E+00,0.000000E+00,0.000000E+00,0.000000E+00,2.110517E+01,4.063787E+01,2.388881E+01,4.815595E+01,4.243798E+03,3.033494E+03,1.440323E-01,2.674947E-01,0.000000E+00,0.000000E+00,0.000000E+00,0.000000E+00,0.000000E+00,0.000000E+00,0.000000E+00,0.000000E+00,2.110536E+01,4.094959E+01,2.388882E+01,4.824258E+01,2.604235E+03,2.204228E+03,8.838582E-02,1.943695E-01,0.000000E+00,0.000000E+00,0.000000E+00,0.000000E+00,0.000000E+00,0.000000E+00,0.000000E+00,0.000000E+00,2.110517E+01,4.070361E+01,2.388884E+01,4.764783E+01
21:00:00,1.016813E+03,3.507202E+03,3.451567E-02,3.092586E-01,0.000000E+00,0.000000E+00,0.000000E+00,0.000000E+00,0.000000E+00,0.000000E+00,0.000000E+00,0.000000E+00,2.111000E+01,4.949701E+01,2.388875E+01,4.732101E+01,4.177190E+03,2.946649E+03,1.417725E-01,2.598386E-01,0.000000E+00,0.000000E+00,0.000000E+00,0.000000E+00,0.000000E+00,0.000000E+00,0.000000E+00,0.000000E+00,2.110552E+01,4.113781E+01,2.388827E+01,4.828223E+01,2.578505E+03,1.874915E+03,8.751259E-02,1.653323E-01,0.000000E+00,0.000000E+00,0.000000E+00,0.000000E+00,0.000000E+00,0.000000E+00,0.000000E+00,0.000000E+00,2.110517E+01,4.063788E+01,2.388825E+01,4.817342E+01,4.243805E+03,3.004685E+03,1.440326E-01,2.649565E-01,0.000000E+00,0.000000E+00,0.000000E+00,0.000000E+00,0.000000E+00,0.000000E+00,0.000000E+00,0.000000E+00,2.110536E+01,4.094960E+01,2.388826E+01,4.826268E+01,2.604238E+03,2.165465E+03,8.838594E-02,1.909528E-01,0.000000E+00,0.000000E+00,0.000000E+00,0.000000E+00,0.000000E+00,0.000000E+00,0.000000E+00,0.000000E+00,2.110517E+01,4.070362E+01,2.388832E+01,4.768245E+01
21:10:00,1.016835E+03,3.498824E+03,3.451641E-02,3.085220E-01,0.000000E+00,0.000000E+00,0.000000E+00,0.000000E+00,0.000000E+00,0.000000E+00,0.000000E+00,0.000000E+00,2.111000E+01,4.949701E+01,2.388871E+01,4.732825E+01,4.177197E+03,2.921730E+03,1.417728E-01,2.576435E-01,0.000000E+00,0.000000E+00,0.000000E+00,0.000000E+00,0.000000E+00,0.000000E+00,0.000000E+00,0.000000E+00,2.110552E+01,4.113782E+01,2.388822E+01,4.830289E+01,2.578509E+03,1.858067E+03,8.751271E-02,1.638481E-01,0.000000E+00,0.000000E+00,0.000000E+00,0.000000E+00,0.000000E+00,0.000000E+00,0.000000E+00,0.000000E+00,2.110517E+01,4.063789E+01,2.388820E+01,4.819375E+01,4.243811E+03,2.976963E+03,1.440328E-01,2.625143E-01,0.000000E+00,0.000000E+00,0.000000E+00,0.000000E+00,0.000000E+00,0.000000E+00,0.000000E+00,0.000000E+00,2.110536E+01,4.094961E+01,2.388820E+01,4.828604E+01,2.604242E+03,2.129004E+03,8.838606E-02,1.877392E-01,0.000000E+00,0.000000E+00,0.000000E+00,0.000000E+00,0.000000E+00,0.000000E+00,0.000000E+00,0.000000E+00,2.110517E+01,4.070362E+01,2.388826E+01,4.772467E+01
21:20:00,1.016857E+03,3.490840E+03,3.451714E-02,3.078202E-01,0.000000E+00,0.000000E+00,0.000000E+00,0.000000E+00,0.000000E+00,0.000000E+00,0.000000E+00,0.000000E+00,2.111000E+01,4.949701E+01,2.388870E+01,4.733516E+01,4.177204E+03,2.897675E+03,1.417730E-01,2.555247E-01,0.000000E+00,0.000000E+00,0.000000E+00,0.000000E+00,0.000000E+00,0.000000E+00,0.000000E+00,0.000000E+00,2.110552E+01,4.113783E+01,2.388822E+01,4.832219E+01,2.578512E+03,1.841725E+03,8.751283E-02,1.624085E-01,0.000000E+00,0.000000E+00,0.000000E+00,0.000000E+00,0.000000E+00,0.000000E+00,0.000000E+00,0.000000E+00,2.110517E+01,4.063790E+01,2.388820E+01,4.821299E+01,4.243818E+03,2.950212E+03,1.440330E-01,2.601578E-01,0.000000E+00,0.000000E+00,0.000000E+00,0.000000E+00,0.000000E+00,0.000000E+00,0.000000E+00,0.000000E+00,2.110536E+01,4.094962E+01,2.388820E+01,4.830787E+01,2.604246E+03,2.094702E+03,8.838618E-02,1.847160E-01,0.000000E+00,0.000000E+00,0.000000E+00,0.000000E+00,0.000000E+00,0.000000E+00,0.000000E+00,0.000000E+00,2.110517E+01,4.070363E+01,2.388825E+01,4.776473E+01
21:30:00,1.016878E+03,3.483230E+03,3.451787E-02,3.071513E-01,0.000000E+00,0.000000E+00,0.000000E+00,0.000000E+00,0.000000E+00,0.000000E+00,0.000000E+00,0.000000E+00,2.111000E+01,4.949701E+01,2.388870E+01,4.734183E+01,4.177211E+03,2.874447E+03,1.417732E-01,2.534787E-01,0.000000E+00,0.000000E+00,0.000000E+00,0.000000E+00,0.000000E+00,0.000000E+00,0.000000E+00,0.000000E+00,2.110552E+01,4.113784E+01,2.388822E+01,4.834049E+01,2.578516E+03,1.825882E+03,8.751295E-02,1.610130E-01,0.000000E+00,0.000000E+00,0.000000E+00,0.000000E+00,0.000000E+00,0.000000E+00,0.000000E+00,0.000000E+00,2.110517E+01,4.063791E+01,2.388820E+01,4.823142E+01,4.243825E+03,2.924420E+03,1.440333E-01,2.578858E-01,0.000000E+00,0.000000E+00,0.000000E+00,0.000000E+00,0.000000E+00,0.000000E+00,0.000000E+00,0.000000E+00,2.110536E+01,4.094963E+01,2.388820E+01,4.832853E+01,2.604249E+03,2.062456E+03,8.838630E-02,1.818740E-01,0.000000E+00,0.000000E+00,0.000000E+00,0.000000E+00,0.000000E+00,0.000000E+00,0.000000E+00,0.000000E+00,2.110517E+01,4.070364E+01,2.388825E+01,4.780287E+01
21:40:00,1.016899E+03,3.475961E+03,3.451859E-02,3.065125E-01,0.000000E+00,0.000000E+00,0.000000E+00,0.000000E+00,0.000000E+00,0.000000E+00,0.000000E+00,0.000000E+00,2.111000E+01,4.949701E+01,2.388870E+01,4.734830E+01,4.177217E+03,2.851995E+03,1.417734E-01,2.515011E-01,0.000000E+00,0.000000E+00,0.000000E+00,0.000000E+00,0.000000E+00,0.000000E+00,0.000000E+00,0.000000E+00,2.110552E+01,4.113785E+01,2.388822E+01,4.835791E+01,2.578519E+03,1.810520E+03,8.751307E-02,1.596597E-01,0.000000E+00,0.000000E+00,0.000000E+00,0.000000E+00,0.000000E+00,0.000000E+00,0.000000E+00,0.000000E+00,2.110517E+01,4.063792E+01,2.388820E+01,4.824913E+01,4.243832E+03,2.899555E+03,1.440335E-01,2.556955E-01,0.000000E+00,0.000000E+00,0.000000E+00,0.000000E+00,0.000000E+00,0.000000E+00,0.000000E+00,0.000000E+00,2.110536E+01,4.094964E+01,2.388821E+01,4.834818E+01,2.604253E+03,2.032141E+03,8.838642E-02,1.792023E-01,0.000000E+00,0.000000E+00,0.000000E+00,0.000000E+00,0.000000E+00,0.000000E+00,0.000000E+00,0.000000E+00,2.110517E+01,4.070365E+01,2.388826E+01,4.783914E+01
21:50:00,1.016921E+03,3.468782E+03,3.451931E-02,3.058817E-01,0.000000E+00,0.000000E+00,0.000000E+00,0.000000E+00,0.000000E+00,0.000000E+00,0.000000E+00,0.000000E+00,2.111000E+01,4.949701E+01,2.388870E+01,4.735456E+01,4.177224E+03,2.830033E+03,1.417737E-01,2.495667E-01,0.000000E+00,0.000000E+00,0.000000E+00,0.000000E+00,0.000000E+00,0.000000E+00,0.000000E+00,0.000000E+00,2.110552E+01,4.113786E+01,2.388823E+01,4.837453E+01,2.578523E+03,1.795471E+03,8.751319E-02,1.583341E-01,0.000000E+00,0.000000E+00,0.000000E+00,0.000000E+00,0.000000E+00,0.000000E+00,0.000000E+00,0.000000E+00,2.110517E+01,4.063793E+01,2.388821E+01,4.826617E+01,4.243838E+03,2.875335E+03,1.440337E-01,2.535621E-01,0.000000E+00,0.000000E+00,0.000000E+00,0.000000E+00,0.000000E+00,0.000000E+00,0.000000E+00,0.000000E+00,2.110536E+01,4.094965E+01,2.388821E+01,4.836689E+01,2.604256E+03,2.003483E+03,8.838653E-02,1.766767E-01,0.000000E+00,0.000000E+00,0.000000E+00,0.000000E+00,0.000000E+00,0.000000E+00,0.000000E+00,0.000000E+00,2.110517E+01,4.070366E+01,2.388826E+01,4.787360E+01
22:00:00,1.016941E+03,3.462052E+03,3.452002E-02,3.052885E-01,0.000000E+00,0.000000E+00,0.000000E+00,0.000000E+00,0.000000E+00,0.000000E+00,0.000000E+00,0.000000E+00,2.111000E+01,4.949701E+01,2.388870E+01,4.736061E+01,4.177231E+03,2.808913E+03,1.417739E-01,2.477044E-01,0.000000E+00,0.000000E+00,0.000000E+00,0.000000E+00,0.000000E+00,0.000000E+00,0.000000E+00,0.000000E+00,2.110552E+01,4.113787E+01,2.388823E+01,4.839042E+01,2.578526E+03,1.780952E+03,8.751331E-02,1.570538E-01,0.000000E+00,0.000000E+00,0.000000E+00,0.000000E+00,0.000000E+00,0.000000E+00,0.000000E+00,0.000000E+00,2.110517E+01,4.063793E+01,2.388821E+01,4.828256E+01,4.243845E+03,2.852118E+03,1.440339E-01,2.515148E-01,0.000000E+00,0.000000E+00,0.000000E+00,0.000000E+00,0.000000E+00,0.000000E+00,0.000000E+00,0.000000E+00,2.110536E+01,4.094966E+01,2.388821E+01,4.838471E+01,2.604259E+03,1.976575E+03,8.838665E-02,1.743041E-01,0.000000E+00,0.000000E+00,0.000000E+00,0.000000E+00,0.000000E+00,0.000000E+00,0.000000E+00,0.000000E+00,2.110517E+01,4.070367E+01,2.388826E+01,4.790630E+01
22:10:00,1.016962E+03,3.455504E+03,3.452073E-02,3.047111E-01,0.000000E+00,0.000000E+00,0.000000E+00,0.000000E+00,0.000000E+00,0.000000E+00,0.000000E+00,0.000000E+00,2.111000E+01,4.949701E+01,2.388870E+01,4.736647E+01,4.177237E+03,2.788543E+03,1.417741E-01,2.459081E-01,0.000000E+00,0.000000E+00,0.000000E+00,0.000000E+00,0.000000E+00,0.000000E+00,0.000000E+00,0.000000E+00,2.110552E+01,4.113788E+01,2.388823E+01,4.840562E+01,2.578530E+03,1.766914E+03,8.751342E-02,1.558158E-01,0.000000E+00,0.000000E+00,0.000000E+00,0.000000E+00,0.000000E+00,0.000000E+00,0.000000E+00,0.000000E+00,2.110517E+01,4.063794E+01,2.388822E+01,4.829833E+01,4.243851E+03,2.829808E+03,1.440342E-01,2.495474E-01,0.000000E+00,0.000000E+00,0.000000E+00,0.000000E+00,0.000000E+00,0.000000E+00,0.000000E+00,0.000000E+00,2.110536E+01,4.094967E+01,2.388822E+01,4.840170E+01,2.604263E+03,1.951275E+03,8.838676E-02,1.720730E-01,0.000000E+00,0.000000E+00,0.000000E+00,0.000000E+00,0.000000E+00,0.000000E+00,0.000000E+00,0.000000E+00,2.110517E+01,4.070368E+01,2.388826E+01,4.793730E+01
22:20:00,1.016983E+03,3.449202E+03,3.452143E-02,3.041554E-01,0.000000E+00,0.000000E+00,0.000000E+00,0.000000E+00,0.000000E+00,0.000000E+00,0.000000E+00,0.000000E+00,2.111000E+01,4.949701E+01,2.388870E+01,4.737214E+01,4.177243E+03,2.768965E+03,1.417743E-01,2.441815E-01,0.000000E+00,0.000000E+00,0.000000E+00,0.000000E+00,0.000000E+00,0.000000E+00,0.000000E+00,0.000000E+00,2.110552E+01,4.113789E+01,2.388824E+01,4.842043E+01,2.578533E+03,1.753381E+03,8.751354E-02,1.546223E-01,0.000000E+00,0.000000E+00,0.000000E+00,0.000000E+00,0.000000E+00,0.000000E+00,0.000000E+00,0.000000E+00,2.110517E+01,4.063795E+01,2.388822E+01,4.831384E+01,4.243858E+03,2.808446E+03,1.440344E-01,2.476636E-01,0.000000E+00,0.000000E+00,0.000000E+00,0.000000E+00,0.000000E+00,0.000000E+00,0.000000E+00,0.000000E+00,2.110536E+01,4.094968E+01,2.388822E+01,4.841818E+01,2.604266E+03,1.927499E+03,8.838688E-02,1.699763E-01,0.000000E+00,0.000000E+00,0.000000E+00,0.000000E+00,0.000000E+00,0.000000E+00,0.000000E+00,0.000000E+00,2.110517E+01,4.070369E+01,2.388826E+01,4.796702E+01
22:30:00,1.017004E+03,3.443112E+03,3.452213E-02,3.036184E-01,0.000000E+00,0.000000E+00,0.000000E+00,0.000000E+00,0.000000E+00,0.000000E+00,0.000000E+00,0.000000E+00,2.111000E+01,4.949701E+01,2.388870E+01,4.737764E+01,4.177250E+03,2.750125E+03,1.417746E-01,2.425201E-01,0.000000E+00,0.000000E+00,0.000000E+00,0.000000E+00,0.000000E+00,0.000000E+00,0.000000E+00,0.000000E+00,2.110552E+01,4.113790E+01,2.388824E+01,4.843499E+01,2.578537E+03,1.740322E+03,8.751365E-02,1.534707E-01,0.000000E+00,0.000000E+00,0.000000E+00,0.000000E+00,0.000000E+00,0.000000E+00,0.000000E+00,0.000000E+00,2.110517E+01,4.063796E+01,2.388822E+01,4.832923E+01,4.243864E+03,2.787973E+03,1.440346E-01,2.458580E-01,0.000000E+00,0.000000E+00,0.000000E+00,0.000000E+00,0.000000E+00,0.000000E+00,0.000000E+00,0.000000E+00,2.110536E+01,4.094969E+01,2.388822E+01,4.843429E+01,2.604270E+03,1.905122E+03,8.838699E-02,1.680030E-01,0.000000E+00,0.000000E+00,0.000000E+00,0.000000E+00,0.000000E+00,0.000000E+00,0.000000E+00,0.000000E+00,2.110517E+01,4.070370E+01,2.388826E+01,4.799566E+01
22:40:00,1.017024E+03,3.437216E+03,3.452282E-02,3.030985E-01,0.000000E+00,0.000000E+00,0.000000E+00,0.000000E+00,0.000000E+00,0.000000E+00,0.000000E+00,0.000000E+00,2.111000E+01,4.949701E+01,2.388870E+01,4.738298E+01,4.177256E+03,2.731985E+03,1.417748E-01,2.409203E-01,0.000000E+00,0.000000E+00,0.000000E+00,0.000000E+00,0.000000E+00,0.000000E+00,0.000000E+00,0.000000E+00,2.110552E+01,4.113791E+01,2.388824E+01,4.844928E+01,2.578540E+03,1.727716E+03,8.751377E-02,1.523590E-01,0.000000E+00,0.000000E+00,0.000000E+00,0.000000E+00,0.000000E+00,0.000000E+00,0.000000E+00,0.000000E+00,2.110517E+01,4.063797E+01,2.388823E+01,4.834446E+01,4.243870E+03,2.768341E+03,1.440348E-01,2.441267E-01,0.000000E+00,0.000000E+00,0.000000E+00,0.000000E+00,0.000000E+00,0.000000E+00,0.000000E+00,0.000000E+00,2.110536E+01,4.094970E+01,2.388823E+01,4.845001E+01,2.604273E+03,1.884032E+03,8.838710E-02,1.661431E-01,0.000000E+00,0.000000E+00,0.000000E+00,0.000000E+00,0.000000E+00,0.000000E+00,0.000000E+00,0.000000E+00,2.110517E+01,4.070370E+01,2.388826E+01,4.802321E+01
22:50:00,1.017044E+03,3.431496E+03,3.452351E-02,3.025941E-01,0.000000E+00,0.000000E+00,0.000000E+00,0.000000E+00,0.000000E+00,0.000000E+00,0.000000E+00,0.000000E+00,2.111000E+01,4.949701E+01,2.388870E+01,4.738818E+01,4.177262E+03,2.714511E+03,1.417750E-01,2.393792E-01,0.000000E+00,0.000000E+00,0.000000E+00,0.000000E+00,0.000000E+00,0.000000E+00,0.000000E+00,0.000000E+00,2.110552E+01,4.113792E+01,2.388825E+01,4.846324E+01,2.578543E+03,1.715541E+03,8.751388E-02,1.512853E-01,0.000000E+00,0.000000E+00,0.000000E+00,0.000000E+00,0.000000E+00,0.000000E+00,0.000000E+00,0.000000E+00,2.110517E+01,4.063798E+01,2.388823E+01,4.835944E+01,4.243877E+03,2.749505E+03,1.440350E-01,2.424656E-01,0.000000E+00,0.000000E+00,0.000000E+00,0.000000E+00,0.000000E+00,0.000000E+00,0.000000E+00,0.000000E+00,2.110536E+01,4.094971E+01,2.388823E+01,4.846528E+01,2.604276E+03,1.864128E+03,8.838722E-02,1.643878E-01,0.000000E+00,0.000000E+00,0.000000E+00,0.000000E+00,0.000000E+00,0.000000E+00,0.000000E+00,0.000000E+00,2.110517E+01,4.070371E+01,2.388826E+01,4.804961E+01
23:00:00,1.017064E+03,3.425936E+03,3.452419E-02,3.021038E-01,0.000000E+00,0.000000E+00,0.000000E+00,0.000000E+00,0.000000E+00,0.000000E+00,0.000000E+00,0.000000E+00,2.111000E+01,4.949701E+01,2.388870E+01,4.739323E+01,4.177269E+03,2.697670E+03,1.417752E-01,2.378941E-01,0.000000E+00,0.000000E+00,0.000000E+00,0.000000E+00,0.000000E+00,0.000000E+00,0.000000E+00,0.000000E+00,2.110552E+01,4.113793E+01,2.388825E+01,4.847684E+01,2.578546E+03,1.703778E+03,8.751399E-02,1.502479E-01,0.000000E+00,0.000000E+00,0.000000E+00,0.000000E+00,0.000000E+00,0.000000E+00,0.000000E+00,0.000000E+00,2.110517E+01,4.063799E+01,2.388823E+01,4.837409E+01,4.243883E+03,2.731427E+03,1.440352E-01,2.408713E-01,0.000000E+00,0.000000E+00,0.000000E+00,0.000000E+00,0.000000E+00,0.000000E+00,0.000000E+00,0.000000E+00,2.110536E+01,4.094972E+01,2.388823E+01,4.848006E+01,2.604279E+03,1.845315E+03,8.838733E-02,1.627288E-01,0.000000E+00,0.000000E+00,0.000000E+00,0.000000E+00,0.000000E+00,0.000000E+00,0.000000E+00,0.000000E+00,2.110517E+01,4.070372E+01,2.388827E+01,4.807486E+01
23:10:00,1.017084E+03,3.420523E+03,3.452487E-02,3.016266E-01,0.000000E+00,0.000000E+00,0.000000E+00,0.000000E+00,0.000000E+00,0.000000E+00,0.000000E+00,0.000000E+00,2.111000E+01,4.949701E+01,2.388869E+01,4.739815E+01,4.177275E+03,2.681239E+03,1.417754E-01,2.364450E-01,0.000000E+00,0.000000E+00,0.000000E+00,0.000000E+00,0.000000E+00,0.000000E+00,0.000000E+00,0.000000E+00,2.110552E+01,4.113794E+01,2.388825E+01,4.849006E+01,2.578550E+03,1.692296E+03,8.751410E-02,1.492353E-01,0.000000E+00,0.000000E+00,0.000000E+00,0.000000E+00,0.000000E+00,0.000000E+00,0.000000E+00,0.000000E+00,2.110517E+01,4.063800E+01,2.388824E+01,4.838837E+01,4.243889E+03,2.713871E+03,1.440354E-01,2.393231E-01,0.000000E+00,0.000000E+00,0.000000E+00,0.000000E+00,0.000000E+00,0.000000E+00,0.000000E+00,0.000000E+00,2.110536E+01,4.094973E+01,2.388823E+01,4.849434E+01,2.604283E+03,1.827392E+03,8.838744E-02,1.611483E-01,0.000000E+00,0.000000E+00,0.000000E+00,0.000000E+00,0.000000E+00,0.000000E+00,0.000000E+00,0.000000E+00,2.110517E+01,4.070373E+01,2.388827E+01,4.809896E+01
23:20:00,1.017104E+03,3.415244E+03,3.452554E-02,3.011610E-01,0.000000E+00,0.000000E+00,0.000000E+00,0.000000E+00,0.000000E+00,0.000000E+00,0.000000E+00,0.000000E+00,2.111000E+01,4.949701E+01,2.388869E+01,4.740296E+01,4.177281E+03,2.665192E+03,1.417756E-01,2.350299E-01,0.000000E+00,0.000000E+00,0.000000E+00,0.000000E+00,0.000000E+00,0.000000E+00,0.000000E+00,0.000000E+00,2.110552E+01,4.113795E+01,2.388825E+01,4.850290E+01,2.578553E+03,1.681079E+03,8.751421E-02,1.482461E-01,0.000000E+00,0.000000E+00,0.000000E+00,0.000000E+00,0.000000E+00,0.000000E+00,0.000000E+00,0.000000E+00,2.110517E+01,4.063800E+01,2.388824E+01,4.840230E+01,4.243895E+03,2.696797E+03,1.440356E-01,2.378174E-01,0.000000E+00,0.000000E+00,0.000000E+00,0.000000E+00,0.000000E+00,0.000000E+00,0.000000E+00,0.000000E+00,2.110536E+01,4.094974E+01,2.388824E+01,4.850812E+01,2.604286E+03,1.810283E+03,8.838755E-02,1.596395E-01,0.000000E+00,0.000000E+00,0.000000E+00,0.000000E+00,0.000000E+00,0.000000E+00,0.000000E+00,0.000000E+00,2.110517E+01,4.070374E+01,2.388827E+01,4.812197E+01
23:30:00,1.017124E+03,3.410084E+03,3.452621E-02,3.007061E-01,0.000000E+00,0.000000E+00,0.000000E+00,0.000000E+00,0.000000E+00,0.000000E+00,0.000000E+00,0.000000E+00,2.111000E+01,4.949701E+01,2.388869E+01,4.740767E+01,4.177287E+03,2.649503E+03,1.417758E-01,2.336462E-01,0.000000E+00,0.000000E+00,0.000000E+00,0.000000E+00,0.000000E+00,0.000000E+00,0.000000E+00,0.000000E+00,2.110552E+01,4.113796E+01,2.388826E+01,4.851537E+01,2.578556E+03,1.670111E+03,8.751432E-02,1.472788E-01,0.000000E+00,0.000000E+00,0.000000E+00,0.000000E+00,0.000000E+00,0.000000E+00,0.000000E+00,0.000000E+00,2.110517E+01,4.063801E+01,2.388824E+01,4.841586E+01,4.243901E+03,2.680169E+03,1.440359E-01,2.363509E-01,0.000000E+00,0.000000E+00,0.000000E+00,0.000000E+00,0.000000E+00,0.000000E+00,0.000000E+00,0.000000E+00,2.110536E+01,4.094975E+01,2.388824E+01,4.852142E+01,2.604289E+03,1.793915E+03,8.838765E-02,1.581961E-01,0.000000E+00,0.000000E+00,0.000000E+00,0.000000E+00,0.000000E+00,0.000000E+00,0.000000E+00,0.000000E+00,2.110517E+01,4.070375E+01,2.388827E+01,4.814395E+01
23:40:00,1.017143E+03,3.405033E+03,3.452687E-02,3.002606E-01,0.000000E+00,0.000000E+00,0.000000E+00,0.000000E+00,0.000000E+00,0.000000E+00,0.000000E+00,0.000000E+00,2.111000E+01,4.949701E+01,2.388869E+01,4.741228E+01,4.177293E+03,2.634146E+03,1.417760E-01,2.322919E-01,0.000000E+00,0.000000E+00,0.000000E+00,0.000000E+00,0.000000E+00,0.000000E+00,0.000000E+00,0.000000E+00,2.110552E+01,4.113797E+01,2.388826E+01,4.852749E+01,2.578559E+03,1.659375E+03,8.751442E-02,1.463321E-01,0.000000E+00,0.000000E+00,0.000000E+00,0.000000E+00,0.000000E+00,0.000000E+00,0.000000E+00,0.000000E+00,2.110517E+01,4.063802E+01,2.388825E+01,4.842906E+01,4.243907E+03,2.663953E+03,1.440361E-01,2.349208E-01,0.000000E+00,0.000000E+00,0.000000E+00,0.000000E+00,0.000000E+00,0.000000E+00,0.000000E+00,0.000000E+00,2.110536E+01,4.094975E+01,2.388824E+01,4.853428E+01,2.604292E+03,1.778224E+03,8.838776E-02,1.568123E-01,0.000000E+00,0.000000E+00,0.000000E+00,0.000000E+00,0.000000E+00,0.000000E+00,0.000000E+00,0.000000E+00,2.110517E+01,4.070375E+01,2.388827E+01,4.816497E+01
23:50:00,1.017163E+03,3.400079E+03,3.452753E-02,2.998238E-01,0.000000E+00,0.000000E+00,0.000000E+00,0.000000E+00,0.000000E+00,0.000000E+00,0.000000E+00,0.000000E+00,2.111000E+01,4.949701E+01,2.388869E+01,4.741681E+01,4.177299E+03,2.619099E+03,1.417762E-01,2.309650E-01,0.000000E+00,0.000000E+00,0.000000E+00,0.000000E+00,0.000000E+00,0.000000E+00,0.000000E+00,0.000000E+00,2.110552E+01,4.113798E+01,2.388826E+01,4.853927E+01,2.578562E+03,1.648859E+03,8.751453E-02,1.454047E-01,0.000000E+00,0.000000E+00,0.000000E+00,0.000000E+00,0.000000E+00,0.000000E+00,0.000000E+00,0.000000E+00,2.110517E+01,4.063803E+01,2.388825E+01,4.844193E+01,4.243913E+03,2.648118E+03,1.440363E-01,2.335244E-01,0.000000E+00,0.000000E+00,0.000000E+00,0.000000E+00,0.000000E+00,0.000000E+00,0.000000E+00,0.000000E+00,2.110536E+01,4.094976E+01,2.388825E+01,4.854672E+01,2.604295E+03,1.763149E+03,8.838787E-02,1.554829E-01,0.000000E+00,0.000000E+00,0.000000E+00,0.000000E+00,0.000000E+00,0.000000E+00,0.000000E+00,0.000000E+00,2.110517E+01,4.070376E+01,2.388827E+01,4.818507E+01
24:00:00,1.017182E+03,3.395211E+03,3.452818E-02,2.993946E-01,0.000000E+00,0.000000E+00,0.000000E+00,0.000000E+00,0.000000E+00,0.000000E+00,0.000000E+00,0.000000E+00,2.111000E+01,4.949701E+01,2.388869E+01,4.742125E+01,4.177305E+03,2.604342E+03,1.417764E-01,2.296636E-01,0.000000E+00,0.000000E+00,0.000000E+00,0.000000E+00,0.000000E+00,0.000000E+00,0.000000E+00,0.000000E+00,2.110552E+01,4.113799E+01,2.388827E+01,4.855074E+01,2.578566E+03,1.638549E+03,8.751464E-02,1.444955E-01,0.000000E+00,0.000000E+00,0.000000E+00,0.000000E+00,0.000000E+00,0.000000E+00,0.000000E+00,0.000000E+00,2.110517E+01,4.063804E+01,2.388825E+01,4.845448E+01,4.243919E+03,2.632636E+03,1.440365E-01,2.321590E-01,0.000000E+00,0.000000E+00,0.000000E+00,0.000000E+00,0.000000E+00,0.000000E+00,0.000000E+00,0.000000E+00,2.110536E+01,4.094977E+01,2.388825E+01,4.855875E+01,2.604298E+03,1.748637E+03,8.838797E-02,1.542032E-01,0.000000E+00,0.000000E+00,0.000000E+00,0.000000E+00,0.000000E+00,0.000000E+00,0.000000E+00,0.000000E+00,2.110517E+01,4.070377E+01,2.388828E+01,4.820433E+01
Peak,1.017182E+03,3.616273E+03,3.452818E-02,3.188803E-01,0.000000E+00,0.000000E+00,0.000000E+00,0.000000E+00,0.000000E+00,0.000000E+00,0.000000E+00,0.000000E+00,,,,,4.177305E+03,3.632025E+03,1.417764E-01,3.202899E-01,0.000000E+00,0.000000E+00,0.000000E+00,0.000000E+00,0.000000E+00,0.000000E+00,0.000000E+00,0.000000E+00,,,,,2.578566E+03,2.751416E+03,8.751464E-02,2.426159E-01,0.000000E+00,0.000000E+00,0.000000E+00,0.000000E+00,0.000000E+00,0.000000E+00,0.000000E+00,0.000000E+00,,,,,4.243919E+03,3.610463E+03,1.440365E-01,3.183891E-01,0.000000E+00,0.000000E+00,0.000000E+00,0.000000E+00,0.000000E+00,0.000000E+00,0.000000E+00,0.000000E+00,,,,,2.604298E+03,3.102822E+03,8.838797E-02,2.736084E-01,0.000000E+00,0.000000E+00,0.000000E+00,0.000000E+00,0.000000E+00,0.000000E+00,0.000000E+00,0.000000E+00,,,,

Peak Vol Flow (m3/s),,,2.974064E-02,2.746656E-01,,,0.000000E+00,0.000000E+00,,,,,,,,,,,1.221183E-01,2.758797E-01,,,0.000000E+00,0.000000E+00,,,,,,,,,,,7.538019E-02,2.089758E-01,,,0.000000E+00,0.000000E+00,,,,,,,,,,,1.240649E-01,2.742425E-01,,,0.000000E+00,0.000000E+00,,,,,,,,,,,7.613244E-02,2.356709E-01,,,0.000000E+00,0.000000E+00,,,,,,,,
