[15:17:25.505964 ERROR] [openstudio.model.YearDescription] 'UseWeatherFile' is selected in YearDescription, but there are no weather file set for the model.
[15:17:25.506131 ERROR] [openstudio.model.YearDescription] 'UseWeatherFile' is selected in YearDescription, but there are no weather file set for the model.
[15:17:25.571049 WARN] [openstudio.standards.Schedules] Unable to determine building hours of operation schedule. Treating the building as if there is no HVAC system schedule.
[15:17:25.571094 WARN] [openstudio.standards.Infiltration.nist_infiltration] Unable to determine the building HVAC schedule. Treating the building as if there is no HVAC system with outdoor air. This may be appropriate for design sizing, particularly heating design sizing. If this is not the case, input a schedule argument, or assign one to an air loop in the model.
[15:17:25.655579 WARN] [openstudio.standards.Model] Cannot find the VT for the simple glazing material named U 0.65 SHGC 0.25 Simple Glazing, a default value of 0.81 is used.
[15:17:25.663082 WARN] [openstudio.standards.Model] Cannot find the VT for the simple glazing material named U 0.9 SHGC 0.25 Simple Glazing, a default value of 0.81 is used.
[15:17:25.667102 WARN] [OpenstudioStandards::Constructions] Requested U-value of 1.1686635536297982 for Typical Overhead Door is greater than the sum of the inside and outside resistance, and the max U-value (6.636 SI) is used instead.
[15:17:25.669094 WARN] [openstudio.standards.Model] Find object search criteria returned 2 results, the first one will be returned. Called from :/ruby/3.2.0/gems/openstudio-standards-0.8.5/lib/openstudio-standards/standards/Standards.Model.rb:3340:in `model_find_and_add_construction'. 
 Search criteria: 
 {"template"=>"90.1-2010", "climate_zone_set"=>"ClimateZone 3", "intended_surface_type"=>"Skylight", "standards_construction_type"=>"Glass with Curb", "building_category"=>"Nonresidential"}, capacity =  
  All results: 
 {"climate_zone_set"=>"ClimateZone 3", "intended_surface_type"=>"Skylight", "standards_construction_type"=>"Glass with Curb", "building_category"=>"Nonresidential", "construction"=>"U 1.17 SHGC 0.39 Simple Glazing", "minimum_percent_of_surface"=>0, "maximum_percent_of_surface"=>2, "assembly_maximum_u_value"=>1.17, "assembly_maximum_u_value_unit"=>"Btu/h-ft2-F", "u_value_includes_interior_film_coefficient"=>true, "u_value_includes_exterior_film_coefficient"=>true, "assembly_maximum_f_factor"=>nil, "assembly_maximum_f_factor_unit"=>"Btu-in/h-ft2-F", "assembly_maximum_c_factor"=>nil, "assembly_maximum_c_factor_unit"=>"Btu/h-ft2-F", "orientation"=>nil, "minimum_projection_factor"=>nil, "maximum_projection_factor"=>nil, "assembly_maximum_solar_heat_gain_coefficient"=>0.39, "assembly_minimum_visible_transmittance"=>nil, "assembly_minimum_vt_shgc"=>nil}
{"climate_zone_set"=>"ClimateZone 3", "intended_surface_type"=>"Skylight", "standards_construction_type"=>"Glass with Curb", "building_category"=>"Nonresidential", "construction"=>"U 1.17 SHGC 0.65 Simple Glazing", "minimum_percent_of_surface"=>2.001, "maximum_percent_of_surface"=>5, "assembly_maximum_u_value"=>1.17, "assembly_maximum_u_value_unit"=>"Btu/h-ft2-F", "u_value_includes_interior_film_coefficient"=>true, "u_value_includes_exterior_film_coefficient"=>true, "assembly_maximum_f_factor"=>nil, "assembly_maximum_f_factor_unit"=>"Btu-in/h-ft2-F", "assembly_maximum_c_factor"=>nil, "assembly_maximum_c_factor_unit"=>"Btu/h-ft2-F", "orientation"=>nil, "minimum_projection_factor"=>nil, "maximum_projection_factor"=>nil, "assembly_maximum_solar_heat_gain_coefficient"=>0.65, "assembly_minimum_visible_transmittance"=>nil, "assembly_minimum_vt_shgc"=>nil}
[15:17:25.669346 WARN] [openstudio.standards.Model] Find object search criteria returned 2 results, the first one will be returned. Called from :/ruby/3.2.0/gems/openstudio-standards-0.8.5/lib/openstudio-standards/standards/Standards.Model.rb:3079:in `model_add_construction'. 
 Search criteria: 
 {"name"=>"U 1.17 SHGC 0.39 Simple Glazing"}, capacity =  
  All results: 
 {"name"=>"U 1.17 SHGC 0.39 Simple Glazing", "intended_surface_type"=>nil, "standards_construction_type"=>nil, "insulation_layer"=>nil, "skylight_framing"=>nil, "materials"=>["U 1.17 SHGC 0.39 Simple Glazing"]}
{"name"=>"U 1.17 SHGC 0.39 Simple Glazing", "intended_surface_type"=>"ExteriorWindow", "standards_construction_type"=>nil, "insulation_layer"=>nil, "skylight_framing"=>nil, "materials"=>["U 1.17 SHGC 0.39 Simple Glazing"]}
[15:17:25.669520 WARN] [openstudio.standards.Model] Cannot find the VT for the simple glazing material named U 1.17 SHGC 0.39 Simple Glazing, a default value of 0.81 is used.
[15:17:28.043184 WARN] [openstudio.energyplus.SqlFile] Using EnergyPlusVersion version 25.2.0 which should have 'Year' field, but it's always zero
[15:17:28.058815 WARN] [openstudio.standards.Model] Find object search criteria returned 2 results, the first one will be returned. Called from :/ruby/3.2.0/gems/openstudio-standards-0.8.5/lib/openstudio-standards/standards/ashrae_90_1/ashrae_90_1_2010/ashrae_90_1_2010.AirLoopHVAC.rb:382:in `air_loop_hvac_energy_recovery_ventilator_flow_limit'. 
 Search criteria: 
 {"template"=>"90.1-2010", "climate_zone"=>"3A"}, capacity =  
  All results: 
 {"climate_zone"=>"3A", "under_8000_hours"=>"Any", "nontransient_dwelling"=>"Any", "percent_oa_0_to_10"=>nil, "percent_oa_10_to_20"=>nil, "percent_oa_20_to_30"=>nil, "percent_oa_30_to_40"=>5500, "percent_oa_40_to_50"=>4500, "percent_oa_50_to_60"=>3500, "percent_oa_60_to_70"=>2000, "percent_oa_70_to_80"=>1000, "percent_oa_greater_than_80"=>0, "design_conditions"=>"Heating", "energy_recovery_effectiveness"=>0.5, "enthalpy_recovery_ratio"=>nil, "sensible_energy_recovery_ratio"=>nil}
{"climate_zone"=>"3A", "under_8000_hours"=>"Any", "nontransient_dwelling"=>"Any", "percent_oa_0_to_10"=>nil, "percent_oa_10_to_20"=>nil, "percent_oa_20_to_30"=>nil, "percent_oa_30_to_40"=>5500, "percent_oa_40_to_50"=>4500, "percent_oa_50_to_60"=>3500, "percent_oa_60_to_70"=>2000, "percent_oa_70_to_80"=>1000, "percent_oa_greater_than_80"=>0, "design_conditions"=>"Cooling", "energy_recovery_effectiveness"=>0.5, "enthalpy_recovery_ratio"=>nil, "sensible_energy_recovery_ratio"=>nil}
[15:17:28.060928 WARN] [openstudio.standards.Model] Find object search criteria returned 2 results, the first one will be returned. Called from :/ruby/3.2.0/gems/openstudio-standards-0.8.5/lib/openstudio-standards/standards/ashrae_90_1/ashrae_90_1_2010/ashrae_90_1_2010.AirLoopHVAC.rb:382:in `air_loop_hvac_energy_recovery_ventilator_flow_limit'. 
 Search criteria: 
 {"template"=>"90.1-2010", "climate_zone"=>"3A"}, capacity =  
  All results: 
 {"climate_zone"=>"3A", "under_8000_hours"=>"Any", "nontransient_dwelling"=>"Any", "percent_oa_0_to_10"=>nil, "percent_oa_10_to_20"=>nil, "percent_oa_20_to_30"=>nil, "percent_oa_30_to_40"=>5500, "percent_oa_40_to_50"=>4500, "percent_oa_50_to_60"=>3500, "percent_oa_60_to_70"=>2000, "percent_oa_70_to_80"=>1000, "percent_oa_greater_than_80"=>0, "design_conditions"=>"Heating", "energy_recovery_effectiveness"=>0.5, "enthalpy_recovery_ratio"=>nil, "sensible_energy_recovery_ratio"=>nil}
{"climate_zone"=>"3A", "under_8000_hours"=>"Any", "nontransient_dwelling"=>"Any", "percent_oa_0_to_10"=>nil, "percent_oa_10_to_20"=>nil, "percent_oa_20_to_30"=>nil, "percent_oa_30_to_40"=>5500, "percent_oa_40_to_50"=>4500, "percent_oa_50_to_60"=>3500, "percent_oa_60_to_70"=>2000, "percent_oa_70_to_80"=>1000, "percent_oa_greater_than_80"=>0, "design_conditions"=>"Cooling", "energy_recovery_effectiveness"=>0.5, "enthalpy_recovery_ratio"=>nil, "sensible_energy_recovery_ratio"=>nil}
[15:17:28.062845 WARN] [openstudio.standards.Model] Find object search criteria returned 2 results, the first one will be returned. Called from :/ruby/3.2.0/gems/openstudio-standards-0.8.5/lib/openstudio-standards/standards/ashrae_90_1/ashrae_90_1_2010/ashrae_90_1_2010.AirLoopHVAC.rb:382:in `air_loop_hvac_energy_recovery_ventilator_flow_limit'. 
 Search criteria: 
 {"template"=>"90.1-2010", "climate_zone"=>"3A"}, capacity =  
  All results: 
 {"climate_zone"=>"3A", "under_8000_hours"=>"Any", "nontransient_dwelling"=>"Any", "percent_oa_0_to_10"=>nil, "percent_oa_10_to_20"=>nil, "percent_oa_20_to_30"=>nil, "percent_oa_30_to_40"=>5500, "percent_oa_40_to_50"=>4500, "percent_oa_50_to_60"=>3500, "percent_oa_60_to_70"=>2000, "percent_oa_70_to_80"=>1000, "percent_oa_greater_than_80"=>0, "design_conditions"=>"Heating", "energy_recovery_effectiveness"=>0.5, "enthalpy_recovery_ratio"=>nil, "sensible_energy_recovery_ratio"=>nil}
{"climate_zone"=>"3A", "under_8000_hours"=>"Any", "nontransient_dwelling"=>"Any", "percent_oa_0_to_10"=>nil, "percent_oa_10_to_20"=>nil, "percent_oa_20_to_30"=>nil, "percent_oa_30_to_40"=>5500, "percent_oa_40_to_50"=>4500, "percent_oa_50_to_60"=>3500, "percent_oa_60_to_70"=>2000, "percent_oa_70_to_80"=>1000, "percent_oa_greater_than_80"=>0, "design_conditions"=>"Cooling", "energy_recovery_effectiveness"=>0.5, "enthalpy_recovery_ratio"=>nil, "sensible_energy_recovery_ratio"=>nil}
[15:17:28.064955 WARN] [openstudio.standards.Model] Find object search criteria returned 2 results, the first one will be returned. Called from :/ruby/3.2.0/gems/openstudio-standards-0.8.5/lib/openstudio-standards/standards/ashrae_90_1/ashrae_90_1_2010/ashrae_90_1_2010.AirLoopHVAC.rb:382:in `air_loop_hvac_energy_recovery_ventilator_flow_limit'. 
 Search criteria: 
 {"template"=>"90.1-2010", "climate_zone"=>"3A"}, capacity =  
  All results: 
 {"climate_zone"=>"3A", "under_8000_hours"=>"Any", "nontransient_dwelling"=>"Any", "percent_oa_0_to_10"=>nil, "percent_oa_10_to_20"=>nil, "percent_oa_20_to_30"=>nil, "percent_oa_30_to_40"=>5500, "percent_oa_40_to_50"=>4500, "percent_oa_50_to_60"=>3500, "percent_oa_60_to_70"=>2000, "percent_oa_70_to_80"=>1000, "percent_oa_greater_than_80"=>0, "design_conditions"=>"Heating", "energy_recovery_effectiveness"=>0.5, "enthalpy_recovery_ratio"=>nil, "sensible_energy_recovery_ratio"=>nil}
{"climate_zone"=>"3A", "under_8000_hours"=>"Any", "nontransient_dwelling"=>"Any", "percent_oa_0_to_10"=>nil, "percent_oa_10_to_20"=>nil, "percent_oa_20_to_30"=>nil, "percent_oa_30_to_40"=>5500, "percent_oa_40_to_50"=>4500, "percent_oa_50_to_60"=>3500, "percent_oa_60_to_70"=>2000, "percent_oa_70_to_80"=>1000, "percent_oa_greater_than_80"=>0, "design_conditions"=>"Cooling", "energy_recovery_effectiveness"=>0.5, "enthalpy_recovery_ratio"=>nil, "sensible_energy_recovery_ratio"=>nil}
[15:17:28.066919 WARN] [openstudio.standards.Model] Find object search criteria returned 2 results, the first one will be returned. Called from :/ruby/3.2.0/gems/openstudio-standards-0.8.5/lib/openstudio-standards/standards/ashrae_90_1/ashrae_90_1_2010/ashrae_90_1_2010.AirLoopHVAC.rb:382:in `air_loop_hvac_energy_recovery_ventilator_flow_limit'. 
 Search criteria: 
 {"template"=>"90.1-2010", "climate_zone"=>"3A"}, capacity =  
  All results: 
 {"climate_zone"=>"3A", "under_8000_hours"=>"Any", "nontransient_dwelling"=>"Any", "percent_oa_0_to_10"=>nil, "percent_oa_10_to_20"=>nil, "percent_oa_20_to_30"=>nil, "percent_oa_30_to_40"=>5500, "percent_oa_40_to_50"=>4500, "percent_oa_50_to_60"=>3500, "percent_oa_60_to_70"=>2000, "percent_oa_70_to_80"=>1000, "percent_oa_greater_than_80"=>0, "design_conditions"=>"Heating", "energy_recovery_effectiveness"=>0.5, "enthalpy_recovery_ratio"=>nil, "sensible_energy_recovery_ratio"=>nil}
{"climate_zone"=>"3A", "under_8000_hours"=>"Any", "nontransient_dwelling"=>"Any", "percent_oa_0_to_10"=>nil, "percent_oa_10_to_20"=>nil, "percent_oa_20_to_30"=>nil, "percent_oa_30_to_40"=>5500, "percent_oa_40_to_50"=>4500, "percent_oa_50_to_60"=>3500, "percent_oa_60_to_70"=>2000, "percent_oa_70_to_80"=>1000, "percent_oa_greater_than_80"=>0, "design_conditions"=>"Cooling", "energy_recovery_effectiveness"=>0.5, "enthalpy_recovery_ratio"=>nil, "sensible_energy_recovery_ratio"=>nil}
[15:17:28.072724 WARN] [openstudio.standards.Model] Find object search criteria returned 2 results, the first one will be returned. Called from :/ruby/3.2.0/gems/openstudio-standards-0.8.5/lib/openstudio-standards/standards/Standards.CoilHeatingDXSingleSpeed.rb:193:in `coil_heating_dx_single_speed_apply_efficiency_and_curves'. 
 Search criteria: 
 {"template"=>"90.1-2010", "cooling_type"=>"AirCooled", "subcategory"=>"Single Package", "region"=>nil}, capacity = 27856.561506292706 
  All results: 
 {"equipment_type"=>"Heat Pumps", "cooling_type"=>"AirCooled", "configuration"=>nil, "subcategory"=>"Single Package", "application"=>nil, "rating_condition"=>nil, "electric_power_phase"=>nil, "region"=>nil, "minimum_capacity"=>0, "maximum_capacity"=>64999.99, "start_date"=>"1919-09-09T00:00:00+00:00", "end_date"=>"2999-09-09T00:00:00+00:00", "minimum_heating_seasonal_performance_factor"=>7.7, "minimum_heating_seasonal_performance_factor_2"=>nil, "minimum_coefficient_of_performance_heating"=>nil, "pthp_cop_coefficient_1"=>nil, "pthp_cop_coefficient_2"=>nil, "off_mode_power"=>nil, "minimum_coefficient_of_performance_no_fan_heating"=>nil}
{"equipment_type"=>"Through the Wall", "cooling_type"=>"AirCooled", "configuration"=>nil, "subcategory"=>"Single Package", "application"=>nil, "rating_condition"=>nil, "electric_power_phase"=>nil, "region"=>nil, "minimum_capacity"=>0, "maximum_capacity"=>30000, "start_date"=>"1919-09-09T00:00:00+00:00", "end_date"=>"2999-09-09T00:00:00+00:00", "minimum_heating_seasonal_performance_factor"=>7.4, "minimum_heating_seasonal_performance_factor_2"=>nil, "minimum_coefficient_of_performance_heating"=>nil, "pthp_cop_coefficient_1"=>nil, "pthp_cop_coefficient_2"=>nil, "off_mode_power"=>nil, "minimum_coefficient_of_performance_no_fan_heating"=>nil}
[15:17:28.078900 WARN] [openstudio.standards.Model] Find object search criteria returned 2 results, the first one will be returned. Called from :/ruby/3.2.0/gems/openstudio-standards-0.8.5/lib/openstudio-standards/standards/Standards.CoilHeatingDXSingleSpeed.rb:58:in `coil_heating_dx_single_speed_standard_minimum_cop'. 
 Search criteria: 
 {"template"=>"90.1-2010", "cooling_type"=>"AirCooled", "subcategory"=>"Single Package"}, capacity = 27856.561506292706 
  All results: 
 {"equipment_type"=>"Heat Pumps", "cooling_type"=>"AirCooled", "configuration"=>nil, "subcategory"=>"Single Package", "application"=>nil, "rating_condition"=>nil, "electric_power_phase"=>nil, "region"=>nil, "minimum_capacity"=>0, "maximum_capacity"=>64999.99, "start_date"=>"1919-09-09T00:00:00+00:00", "end_date"=>"2999-09-09T00:00:00+00:00", "minimum_heating_seasonal_performance_factor"=>7.7, "minimum_heating_seasonal_performance_factor_2"=>nil, "minimum_coefficient_of_performance_heating"=>nil, "pthp_cop_coefficient_1"=>nil, "pthp_cop_coefficient_2"=>nil, "off_mode_power"=>nil, "minimum_coefficient_of_performance_no_fan_heating"=>nil}
{"equipment_type"=>"Through the Wall", "cooling_type"=>"AirCooled", "configuration"=>nil, "subcategory"=>"Single Package", "application"=>nil, "rating_condition"=>nil, "electric_power_phase"=>nil, "region"=>nil, "minimum_capacity"=>0, "maximum_capacity"=>30000, "start_date"=>"1919-09-09T00:00:00+00:00", "end_date"=>"2999-09-09T00:00:00+00:00", "minimum_heating_seasonal_performance_factor"=>7.4, "minimum_heating_seasonal_performance_factor_2"=>nil, "minimum_coefficient_of_performance_heating"=>nil, "pthp_cop_coefficient_1"=>nil, "pthp_cop_coefficient_2"=>nil, "off_mode_power"=>nil, "minimum_coefficient_of_performance_no_fan_heating"=>nil}
[15:17:28.080087 WARN] [openstudio.standards.Model] Find object search criteria returned 2 results, the first one will be returned. Called from :/ruby/3.2.0/gems/openstudio-standards-0.8.5/lib/openstudio-standards/standards/Standards.CoilHeatingDXSingleSpeed.rb:193:in `coil_heating_dx_single_speed_apply_efficiency_and_curves'. 
 Search criteria: 
 {"template"=>"90.1-2010", "cooling_type"=>"AirCooled", "subcategory"=>"Single Package", "region"=>nil}, capacity = 28514.718387590066 
  All results: 
 {"equipment_type"=>"Heat Pumps", "cooling_type"=>"AirCooled", "configuration"=>nil, "subcategory"=>"Single Package", "application"=>nil, "rating_condition"=>nil, "electric_power_phase"=>nil, "region"=>nil, "minimum_capacity"=>0, "maximum_capacity"=>64999.99, "start_date"=>"1919-09-09T00:00:00+00:00", "end_date"=>"2999-09-09T00:00:00+00:00", "minimum_heating_seasonal_performance_factor"=>7.7, "minimum_heating_seasonal_performance_factor_2"=>nil, "minimum_coefficient_of_performance_heating"=>nil, "pthp_cop_coefficient_1"=>nil, "pthp_cop_coefficient_2"=>nil, "off_mode_power"=>nil, "minimum_coefficient_of_performance_no_fan_heating"=>nil}
{"equipment_type"=>"Through the Wall", "cooling_type"=>"AirCooled", "configuration"=>nil, "subcategory"=>"Single Package", "application"=>nil, "rating_condition"=>nil, "electric_power_phase"=>nil, "region"=>nil, "minimum_capacity"=>0, "maximum_capacity"=>30000, "start_date"=>"1919-09-09T00:00:00+00:00", "end_date"=>"2999-09-09T00:00:00+00:00", "minimum_heating_seasonal_performance_factor"=>7.4, "minimum_heating_seasonal_performance_factor_2"=>nil, "minimum_coefficient_of_performance_heating"=>nil, "pthp_cop_coefficient_1"=>nil, "pthp_cop_coefficient_2"=>nil, "off_mode_power"=>nil, "minimum_coefficient_of_performance_no_fan_heating"=>nil}
[15:17:28.084809 WARN] [openstudio.standards.Model] Find object search criteria returned 2 results, the first one will be returned. Called from :/ruby/3.2.0/gems/openstudio-standards-0.8.5/lib/openstudio-standards/standards/Standards.CoilHeatingDXSingleSpeed.rb:58:in `coil_heating_dx_single_speed_standard_minimum_cop'. 
 Search criteria: 
 {"template"=>"90.1-2010", "cooling_type"=>"AirCooled", "subcategory"=>"Single Package"}, capacity = 28514.718387590066 
  All results: 
 {"equipment_type"=>"Heat Pumps", "cooling_type"=>"AirCooled", "configuration"=>nil, "subcategory"=>"Single Package", "application"=>nil, "rating_condition"=>nil, "electric_power_phase"=>nil, "region"=>nil, "minimum_capacity"=>0, "maximum_capacity"=>64999.99, "start_date"=>"1919-09-09T00:00:00+00:00", "end_date"=>"2999-09-09T00:00:00+00:00", "minimum_heating_seasonal_performance_factor"=>7.7, "minimum_heating_seasonal_performance_factor_2"=>nil, "minimum_coefficient_of_performance_heating"=>nil, "pthp_cop_coefficient_1"=>nil, "pthp_cop_coefficient_2"=>nil, "off_mode_power"=>nil, "minimum_coefficient_of_performance_no_fan_heating"=>nil}
{"equipment_type"=>"Through the Wall", "cooling_type"=>"AirCooled", "configuration"=>nil, "subcategory"=>"Single Package", "application"=>nil, "rating_condition"=>nil, "electric_power_phase"=>nil, "region"=>nil, "minimum_capacity"=>0, "maximum_capacity"=>30000, "start_date"=>"1919-09-09T00:00:00+00:00", "end_date"=>"2999-09-09T00:00:00+00:00", "minimum_heating_seasonal_performance_factor"=>7.4, "minimum_heating_seasonal_performance_factor_2"=>nil, "minimum_coefficient_of_performance_heating"=>nil, "pthp_cop_coefficient_1"=>nil, "pthp_cop_coefficient_2"=>nil, "off_mode_power"=>nil, "minimum_coefficient_of_performance_no_fan_heating"=>nil}
[15:17:28.086036 WARN] [openstudio.standards.Model] Find object search criteria returned 2 results, the first one will be returned. Called from :/ruby/3.2.0/gems/openstudio-standards-0.8.5/lib/openstudio-standards/standards/Standards.CoilHeatingDXSingleSpeed.rb:193:in `coil_heating_dx_single_speed_apply_efficiency_and_curves'. 
 Search criteria: 
 {"template"=>"90.1-2010", "cooling_type"=>"AirCooled", "subcategory"=>"Single Package", "region"=>nil}, capacity = 21389.40626846751 
  All results: 
 {"equipment_type"=>"Heat Pumps", "cooling_type"=>"AirCooled", "configuration"=>nil, "subcategory"=>"Single Package", "application"=>nil, "rating_condition"=>nil, "electric_power_phase"=>nil, "region"=>nil, "minimum_capacity"=>0, "maximum_capacity"=>64999.99, "start_date"=>"1919-09-09T00:00:00+00:00", "end_date"=>"2999-09-09T00:00:00+00:00", "minimum_heating_seasonal_performance_factor"=>7.7, "minimum_heating_seasonal_performance_factor_2"=>nil, "minimum_coefficient_of_performance_heating"=>nil, "pthp_cop_coefficient_1"=>nil, "pthp_cop_coefficient_2"=>nil, "off_mode_power"=>nil, "minimum_coefficient_of_performance_no_fan_heating"=>nil}
{"equipment_type"=>"Through the Wall", "cooling_type"=>"AirCooled", "configuration"=>nil, "subcategory"=>"Single Package", "application"=>nil, "rating_condition"=>nil, "electric_power_phase"=>nil, "region"=>nil, "minimum_capacity"=>0, "maximum_capacity"=>30000, "start_date"=>"1919-09-09T00:00:00+00:00", "end_date"=>"2999-09-09T00:00:00+00:00", "minimum_heating_seasonal_performance_factor"=>7.4, "minimum_heating_seasonal_performance_factor_2"=>nil, "minimum_coefficient_of_performance_heating"=>nil, "pthp_cop_coefficient_1"=>nil, "pthp_cop_coefficient_2"=>nil, "off_mode_power"=>nil, "minimum_coefficient_of_performance_no_fan_heating"=>nil}
[15:17:28.089921 WARN] [openstudio.standards.Model] Find object search criteria returned 2 results, the first one will be returned. Called from :/ruby/3.2.0/gems/openstudio-standards-0.8.5/lib/openstudio-standards/standards/Standards.CoilHeatingDXSingleSpeed.rb:58:in `coil_heating_dx_single_speed_standard_minimum_cop'. 
 Search criteria: 
 {"template"=>"90.1-2010", "cooling_type"=>"AirCooled", "subcategory"=>"Single Package"}, capacity = 21389.40626846751 
  All results: 
 {"equipment_type"=>"Heat Pumps", "cooling_type"=>"AirCooled", "configuration"=>nil, "subcategory"=>"Single Package", "application"=>nil, "rating_condition"=>nil, "electric_power_phase"=>nil, "region"=>nil, "minimum_capacity"=>0, "maximum_capacity"=>64999.99, "start_date"=>"1919-09-09T00:00:00+00:00", "end_date"=>"2999-09-09T00:00:00+00:00", "minimum_heating_seasonal_performance_factor"=>7.7, "minimum_heating_seasonal_performance_factor_2"=>nil, "minimum_coefficient_of_performance_heating"=>nil, "pthp_cop_coefficient_1"=>nil, "pthp_cop_coefficient_2"=>nil, "off_mode_power"=>nil, "minimum_coefficient_of_performance_no_fan_heating"=>nil}
{"equipment_type"=>"Through the Wall", "cooling_type"=>"AirCooled", "configuration"=>nil, "subcategory"=>"Single Package", "application"=>nil, "rating_condition"=>nil, "electric_power_phase"=>nil, "region"=>nil, "minimum_capacity"=>0, "maximum_capacity"=>30000, "start_date"=>"1919-09-09T00:00:00+00:00", "end_date"=>"2999-09-09T00:00:00+00:00", "minimum_heating_seasonal_performance_factor"=>7.4, "minimum_heating_seasonal_performance_factor_2"=>nil, "minimum_coefficient_of_performance_heating"=>nil, "pthp_cop_coefficient_1"=>nil, "pthp_cop_coefficient_2"=>nil, "off_mode_power"=>nil, "minimum_coefficient_of_performance_no_fan_heating"=>nil}
[15:17:28.091138 WARN] [openstudio.standards.Model] Find object search criteria returned 2 results, the first one will be returned. Called from :/ruby/3.2.0/gems/openstudio-standards-0.8.5/lib/openstudio-standards/standards/Standards.CoilHeatingDXSingleSpeed.rb:193:in `coil_heating_dx_single_speed_apply_efficiency_and_curves'. 
 Search criteria: 
 {"template"=>"90.1-2010", "cooling_type"=>"AirCooled", "subcategory"=>"Single Package", "region"=>nil}, capacity = 28369.273298614025 
  All results: 
 {"equipment_type"=>"Heat Pumps", "cooling_type"=>"AirCooled", "configuration"=>nil, "subcategory"=>"Single Package", "application"=>nil, "rating_condition"=>nil, "electric_power_phase"=>nil, "region"=>nil, "minimum_capacity"=>0, "maximum_capacity"=>64999.99, "start_date"=>"1919-09-09T00:00:00+00:00", "end_date"=>"2999-09-09T00:00:00+00:00", "minimum_heating_seasonal_performance_factor"=>7.7, "minimum_heating_seasonal_performance_factor_2"=>nil, "minimum_coefficient_of_performance_heating"=>nil, "pthp_cop_coefficient_1"=>nil, "pthp_cop_coefficient_2"=>nil, "off_mode_power"=>nil, "minimum_coefficient_of_performance_no_fan_heating"=>nil}
{"equipment_type"=>"Through the Wall", "cooling_type"=>"AirCooled", "configuration"=>nil, "subcategory"=>"Single Package", "application"=>nil, "rating_condition"=>nil, "electric_power_phase"=>nil, "region"=>nil, "minimum_capacity"=>0, "maximum_capacity"=>30000, "start_date"=>"1919-09-09T00:00:00+00:00", "end_date"=>"2999-09-09T00:00:00+00:00", "minimum_heating_seasonal_performance_factor"=>7.4, "minimum_heating_seasonal_performance_factor_2"=>nil, "minimum_coefficient_of_performance_heating"=>nil, "pthp_cop_coefficient_1"=>nil, "pthp_cop_coefficient_2"=>nil, "off_mode_power"=>nil, "minimum_coefficient_of_performance_no_fan_heating"=>nil}
[15:17:28.094969 WARN] [openstudio.standards.Model] Find object search criteria returned 2 results, the first one will be returned. Called from :/ruby/3.2.0/gems/openstudio-standards-0.8.5/lib/openstudio-standards/standards/Standards.CoilHeatingDXSingleSpeed.rb:58:in `coil_heating_dx_single_speed_standard_minimum_cop'. 
 Search criteria: 
 {"template"=>"90.1-2010", "cooling_type"=>"AirCooled", "subcategory"=>"Single Package"}, capacity = 28369.273298614025 
  All results: 
 {"equipment_type"=>"Heat Pumps", "cooling_type"=>"AirCooled", "configuration"=>nil, "subcategory"=>"Single Package", "application"=>nil, "rating_condition"=>nil, "electric_power_phase"=>nil, "region"=>nil, "minimum_capacity"=>0, "maximum_capacity"=>64999.99, "start_date"=>"1919-09-09T00:00:00+00:00", "end_date"=>"2999-09-09T00:00:00+00:00", "minimum_heating_seasonal_performance_factor"=>7.7, "minimum_heating_seasonal_performance_factor_2"=>nil, "minimum_coefficient_of_performance_heating"=>nil, "pthp_cop_coefficient_1"=>nil, "pthp_cop_coefficient_2"=>nil, "off_mode_power"=>nil, "minimum_coefficient_of_performance_no_fan_heating"=>nil}
{"equipment_type"=>"Through the Wall", "cooling_type"=>"AirCooled", "configuration"=>nil, "subcategory"=>"Single Package", "application"=>nil, "rating_condition"=>nil, "electric_power_phase"=>nil, "region"=>nil, "minimum_capacity"=>0, "maximum_capacity"=>30000, "start_date"=>"1919-09-09T00:00:00+00:00", "end_date"=>"2999-09-09T00:00:00+00:00", "minimum_heating_seasonal_performance_factor"=>7.4, "minimum_heating_seasonal_performance_factor_2"=>nil, "minimum_coefficient_of_performance_heating"=>nil, "pthp_cop_coefficient_1"=>nil, "pthp_cop_coefficient_2"=>nil, "off_mode_power"=>nil, "minimum_coefficient_of_performance_no_fan_heating"=>nil}
[15:17:28.096159 WARN] [openstudio.standards.Model] Find object search criteria returned 2 results, the first one will be returned. Called from :/ruby/3.2.0/gems/openstudio-standards-0.8.5/lib/openstudio-standards/standards/Standards.CoilHeatingDXSingleSpeed.rb:193:in `coil_heating_dx_single_speed_apply_efficiency_and_curves'. 
 Search criteria: 
 {"template"=>"90.1-2010", "cooling_type"=>"AirCooled", "subcategory"=>"Single Package", "region"=>nil}, capacity = 24182.754597447638 
  All results: 
 {"equipment_type"=>"Heat Pumps", "cooling_type"=>"AirCooled", "configuration"=>nil, "subcategory"=>"Single Package", "application"=>nil, "rating_condition"=>nil, "electric_power_phase"=>nil, "region"=>nil, "minimum_capacity"=>0, "maximum_capacity"=>64999.99, "start_date"=>"1919-09-09T00:00:00+00:00", "end_date"=>"2999-09-09T00:00:00+00:00", "minimum_heating_seasonal_performance_factor"=>7.7, "minimum_heating_seasonal_performance_factor_2"=>nil, "minimum_coefficient_of_performance_heating"=>nil, "pthp_cop_coefficient_1"=>nil, "pthp_cop_coefficient_2"=>nil, "off_mode_power"=>nil, "minimum_coefficient_of_performance_no_fan_heating"=>nil}
{"equipment_type"=>"Through the Wall", "cooling_type"=>"AirCooled", "configuration"=>nil, "subcategory"=>"Single Package", "application"=>nil, "rating_condition"=>nil, "electric_power_phase"=>nil, "region"=>nil, "minimum_capacity"=>0, "maximum_capacity"=>30000, "start_date"=>"1919-09-09T00:00:00+00:00", "end_date"=>"2999-09-09T00:00:00+00:00", "minimum_heating_seasonal_performance_factor"=>7.4, "minimum_heating_seasonal_performance_factor_2"=>nil, "minimum_coefficient_of_performance_heating"=>nil, "pthp_cop_coefficient_1"=>nil, "pthp_cop_coefficient_2"=>nil, "off_mode_power"=>nil, "minimum_coefficient_of_performance_no_fan_heating"=>nil}
[15:17:28.100141 WARN] [openstudio.standards.Model] Find object search criteria returned 2 results, the first one will be returned. Called from :/ruby/3.2.0/gems/openstudio-standards-0.8.5/lib/openstudio-standards/standards/Standards.CoilHeatingDXSingleSpeed.rb:58:in `coil_heating_dx_single_speed_standard_minimum_cop'. 
 Search criteria: 
 {"template"=>"90.1-2010", "cooling_type"=>"AirCooled", "subcategory"=>"Single Package"}, capacity = 24182.754597447638 
  All results: 
 {"equipment_type"=>"Heat Pumps", "cooling_type"=>"AirCooled", "configuration"=>nil, "subcategory"=>"Single Package", "application"=>nil, "rating_condition"=>nil, "electric_power_phase"=>nil, "region"=>nil, "minimum_capacity"=>0, "maximum_capacity"=>64999.99, "start_date"=>"1919-09-09T00:00:00+00:00", "end_date"=>"2999-09-09T00:00:00+00:00", "minimum_heating_seasonal_performance_factor"=>7.7, "minimum_heating_seasonal_performance_factor_2"=>nil, "minimum_coefficient_of_performance_heating"=>nil, "pthp_cop_coefficient_1"=>nil, "pthp_cop_coefficient_2"=>nil, "off_mode_power"=>nil, "minimum_coefficient_of_performance_no_fan_heating"=>nil}
{"equipment_type"=>"Through the Wall", "cooling_type"=>"AirCooled", "configuration"=>nil, "subcategory"=>"Single Package", "application"=>nil, "rating_condition"=>nil, "electric_power_phase"=>nil, "region"=>nil, "minimum_capacity"=>0, "maximum_capacity"=>30000, "start_date"=>"1919-09-09T00:00:00+00:00", "end_date"=>"2999-09-09T00:00:00+00:00", "minimum_heating_seasonal_performance_factor"=>7.4, "minimum_heating_seasonal_performance_factor_2"=>nil, "minimum_coefficient_of_performance_heating"=>nil, "pthp_cop_coefficient_1"=>nil, "pthp_cop_coefficient_2"=>nil, "off_mode_power"=>nil, "minimum_coefficient_of_performance_no_fan_heating"=>nil}
[15:17:28.101344 WARN] [openstudio.standards.Model] Find object search criteria returned 2 results, the first one will be returned. Called from :/ruby/3.2.0/gems/openstudio-standards-0.8.5/lib/openstudio-standards/standards/Standards.CoilCoolingDXSingleSpeed.rb:232:in `coil_cooling_dx_single_speed_apply_efficiency_and_curves'. 
 Search criteria: 
 {"template"=>"90.1-2010", "cooling_type"=>"AirCooled", "subcategory"=>"Single Package", "region"=>nil}, capacity = 27856.561506292706 
  All results: 
 {"equipment_type"=>"Heat Pumps", "cooling_type"=>"AirCooled", "heating_type"=>"Any", "configuration"=>nil, "subcategory"=>"Single Package", "application"=>nil, "rating_condition"=>nil, "electric_power_phase"=>nil, "region"=>nil, "minimum_capacity"=>0, "maximum_capacity"=>64999.99, "start_date"=>"1919-09-09T00:00:00+00:00", "end_date"=>"2999-09-09T00:00:00+00:00", "minimum_seasonal_energy_efficiency_ratio"=>13, "minimum_seasonal_energy_efficiency_ratio_2"=>nil, "minimum_energy_efficiency_ratio"=>nil, "minimum_integrated_part_load_value"=>nil, "minimum_integrated_energy_efficiency_ratio"=>nil, "minimum_combined_energy_efficiency_ratio"=>nil, "pthp_eer_coefficient_1"=>nil, "pthp_eer_coefficient_2"=>nil, "off_mode_power"=>nil, "minimum_coefficient_of_performance_no_fan_cooling"=>nil}
{"equipment_type"=>"Through the Wall", "cooling_type"=>"AirCooled", "heating_type"=>"Any", "configuration"=>nil, "subcategory"=>"Single Package", "application"=>nil, "rating_condition"=>nil, "electric_power_phase"=>nil, "region"=>nil, "minimum_capacity"=>0, "maximum_capacity"=>30000, "start_date"=>"1919-09-09T00:00:00+00:00", "end_date"=>"2999-09-09T00:00:00+00:00", "minimum_seasonal_energy_efficiency_ratio"=>12, "minimum_seasonal_energy_efficiency_ratio_2"=>nil, "minimum_energy_efficiency_ratio"=>nil, "minimum_integrated_part_load_value"=>nil, "minimum_integrated_energy_efficiency_ratio"=>nil, "minimum_combined_energy_efficiency_ratio"=>nil, "pthp_eer_coefficient_1"=>nil, "pthp_eer_coefficient_2"=>nil, "off_mode_power"=>nil, "minimum_coefficient_of_performance_no_fan_cooling"=>nil}
[15:17:28.105083 WARN] [openstudio.standards.Model] Find object search criteria returned 2 results, the first one will be returned. Called from :/ruby/3.2.0/gems/openstudio-standards-0.8.5/lib/openstudio-standards/standards/Standards.CoilCoolingDXSingleSpeed.rb:56:in `coil_cooling_dx_single_speed_standard_minimum_cop'. 
 Search criteria: 
 {"template"=>"90.1-2010", "cooling_type"=>"AirCooled", "subcategory"=>"Single Package", "region"=>nil}, capacity = 27856.561506292706 
  All results: 
 {"equipment_type"=>"Heat Pumps", "cooling_type"=>"AirCooled", "heating_type"=>"Any", "configuration"=>nil, "subcategory"=>"Single Package", "application"=>nil, "rating_condition"=>nil, "electric_power_phase"=>nil, "region"=>nil, "minimum_capacity"=>0, "maximum_capacity"=>64999.99, "start_date"=>"1919-09-09T00:00:00+00:00", "end_date"=>"2999-09-09T00:00:00+00:00", "minimum_seasonal_energy_efficiency_ratio"=>13, "minimum_seasonal_energy_efficiency_ratio_2"=>nil, "minimum_energy_efficiency_ratio"=>nil, "minimum_integrated_part_load_value"=>nil, "minimum_integrated_energy_efficiency_ratio"=>nil, "minimum_combined_energy_efficiency_ratio"=>nil, "pthp_eer_coefficient_1"=>nil, "pthp_eer_coefficient_2"=>nil, "off_mode_power"=>nil, "minimum_coefficient_of_performance_no_fan_cooling"=>nil}
{"equipment_type"=>"Through the Wall", "cooling_type"=>"AirCooled", "heating_type"=>"Any", "configuration"=>nil, "subcategory"=>"Single Package", "application"=>nil, "rating_condition"=>nil, "electric_power_phase"=>nil, "region"=>nil, "minimum_capacity"=>0, "maximum_capacity"=>30000, "start_date"=>"1919-09-09T00:00:00+00:00", "end_date"=>"2999-09-09T00:00:00+00:00", "minimum_seasonal_energy_efficiency_ratio"=>12, "minimum_seasonal_energy_efficiency_ratio_2"=>nil, "minimum_energy_efficiency_ratio"=>nil, "minimum_integrated_part_load_value"=>nil, "minimum_integrated_energy_efficiency_ratio"=>nil, "minimum_combined_energy_efficiency_ratio"=>nil, "pthp_eer_coefficient_1"=>nil, "pthp_eer_coefficient_2"=>nil, "off_mode_power"=>nil, "minimum_coefficient_of_performance_no_fan_cooling"=>nil}
[15:17:28.106134 WARN] [openstudio.standards.Model] Find object search criteria returned 2 results, the first one will be returned. Called from :/ruby/3.2.0/gems/openstudio-standards-0.8.5/lib/openstudio-standards/standards/Standards.CoilCoolingDXSingleSpeed.rb:232:in `coil_cooling_dx_single_speed_apply_efficiency_and_curves'. 
 Search criteria: 
 {"template"=>"90.1-2010", "cooling_type"=>"AirCooled", "subcategory"=>"Single Package", "region"=>nil}, capacity = 28514.718387590066 
  All results: 
 {"equipment_type"=>"Heat Pumps", "cooling_type"=>"AirCooled", "heating_type"=>"Any", "configuration"=>nil, "subcategory"=>"Single Package", "application"=>nil, "rating_condition"=>nil, "electric_power_phase"=>nil, "region"=>nil, "minimum_capacity"=>0, "maximum_capacity"=>64999.99, "start_date"=>"1919-09-09T00:00:00+00:00", "end_date"=>"2999-09-09T00:00:00+00:00", "minimum_seasonal_energy_efficiency_ratio"=>13, "minimum_seasonal_energy_efficiency_ratio_2"=>nil, "minimum_energy_efficiency_ratio"=>nil, "minimum_integrated_part_load_value"=>nil, "minimum_integrated_energy_efficiency_ratio"=>nil, "minimum_combined_energy_efficiency_ratio"=>nil, "pthp_eer_coefficient_1"=>nil, "pthp_eer_coefficient_2"=>nil, "off_mode_power"=>nil, "minimum_coefficient_of_performance_no_fan_cooling"=>nil}
{"equipment_type"=>"Through the Wall", "cooling_type"=>"AirCooled", "heating_type"=>"Any", "configuration"=>nil, "subcategory"=>"Single Package", "application"=>nil, "rating_condition"=>nil, "electric_power_phase"=>nil, "region"=>nil, "minimum_capacity"=>0, "maximum_capacity"=>30000, "start_date"=>"1919-09-09T00:00:00+00:00", "end_date"=>"2999-09-09T00:00:00+00:00", "minimum_seasonal_energy_efficiency_ratio"=>12, "minimum_seasonal_energy_efficiency_ratio_2"=>nil, "minimum_energy_efficiency_ratio"=>nil, "minimum_integrated_part_load_value"=>nil, "minimum_integrated_energy_efficiency_ratio"=>nil, "minimum_combined_energy_efficiency_ratio"=>nil, "pthp_eer_coefficient_1"=>nil, "pthp_eer_coefficient_2"=>nil, "off_mode_power"=>nil, "minimum_coefficient_of_performance_no_fan_cooling"=>nil}
[15:17:28.109783 WARN] [openstudio.standards.Model] Find object search criteria returned 2 results, the first one will be returned. Called from :/ruby/3.2.0/gems/openstudio-standards-0.8.5/lib/openstudio-standards/standards/Standards.CoilCoolingDXSingleSpeed.rb:56:in `coil_cooling_dx_single_speed_standard_minimum_cop'. 
 Search criteria: 
 {"template"=>"90.1-2010", "cooling_type"=>"AirCooled", "subcategory"=>"Single Package", "region"=>nil}, capacity = 28514.718387590066 
  All results: 
 {"equipment_type"=>"Heat Pumps", "cooling_type"=>"AirCooled", "heating_type"=>"Any", "configuration"=>nil, "subcategory"=>"Single Package", "application"=>nil, "rating_condition"=>nil, "electric_power_phase"=>nil, "region"=>nil, "minimum_capacity"=>0, "maximum_capacity"=>64999.99, "start_date"=>"1919-09-09T00:00:00+00:00", "end_date"=>"2999-09-09T00:00:00+00:00", "minimum_seasonal_energy_efficiency_ratio"=>13, "minimum_seasonal_energy_efficiency_ratio_2"=>nil, "minimum_energy_efficiency_ratio"=>nil, "minimum_integrated_part_load_value"=>nil, "minimum_integrated_energy_efficiency_ratio"=>nil, "minimum_combined_energy_efficiency_ratio"=>nil, "pthp_eer_coefficient_1"=>nil, "pthp_eer_coefficient_2"=>nil, "off_mode_power"=>nil, "minimum_coefficient_of_performance_no_fan_cooling"=>nil}
{"equipment_type"=>"Through the Wall", "cooling_type"=>"AirCooled", "heating_type"=>"Any", "configuration"=>nil, "subcategory"=>"Single Package", "application"=>nil, "rating_condition"=>nil, "electric_power_phase"=>nil, "region"=>nil, "minimum_capacity"=>0, "maximum_capacity"=>30000, "start_date"=>"1919-09-09T00:00:00+00:00", "end_date"=>"2999-09-09T00:00:00+00:00", "minimum_seasonal_energy_efficiency_ratio"=>12, "minimum_seasonal_energy_efficiency_ratio_2"=>nil, "minimum_energy_efficiency_ratio"=>nil, "minimum_integrated_part_load_value"=>nil, "minimum_integrated_energy_efficiency_ratio"=>nil, "minimum_combined_energy_efficiency_ratio"=>nil, "pthp_eer_coefficient_1"=>nil, "pthp_eer_coefficient_2"=>nil, "off_mode_power"=>nil, "minimum_coefficient_of_performance_no_fan_cooling"=>nil}
[15:17:28.110832 WARN] [openstudio.standards.Model] Find object search criteria returned 2 results, the first one will be returned. Called from :/ruby/3.2.0/gems/openstudio-standards-0.8.5/lib/openstudio-standards/standards/Standards.CoilCoolingDXSingleSpeed.rb:232:in `coil_cooling_dx_single_speed_apply_efficiency_and_curves'. 
 Search criteria: 
 {"template"=>"90.1-2010", "cooling_type"=>"AirCooled", "subcategory"=>"Single Package", "region"=>nil}, capacity = 21389.40626846751 
  All results: 
 {"equipment_type"=>"Heat Pumps", "cooling_type"=>"AirCooled", "heating_type"=>"Any", "configuration"=>nil, "subcategory"=>"Single Package", "application"=>nil, "rating_condition"=>nil, "electric_power_phase"=>nil, "region"=>nil, "minimum_capacity"=>0, "maximum_capacity"=>64999.99, "start_date"=>"1919-09-09T00:00:00+00:00", "end_date"=>"2999-09-09T00:00:00+00:00", "minimum_seasonal_energy_efficiency_ratio"=>13, "minimum_seasonal_energy_efficiency_ratio_2"=>nil, "minimum_energy_efficiency_ratio"=>nil, "minimum_integrated_part_load_value"=>nil, "minimum_integrated_energy_efficiency_ratio"=>nil, "minimum_combined_energy_efficiency_ratio"=>nil, "pthp_eer_coefficient_1"=>nil, "pthp_eer_coefficient_2"=>nil, "off_mode_power"=>nil, "minimum_coefficient_of_performance_no_fan_cooling"=>nil}
{"equipment_type"=>"Through the Wall", "cooling_type"=>"AirCooled", "heating_type"=>"Any", "configuration"=>nil, "subcategory"=>"Single Package", "application"=>nil, "rating_condition"=>nil, "electric_power_phase"=>nil, "region"=>nil, "minimum_capacity"=>0, "maximum_capacity"=>30000, "start_date"=>"1919-09-09T00:00:00+00:00", "end_date"=>"2999-09-09T00:00:00+00:00", "minimum_seasonal_energy_efficiency_ratio"=>12, "minimum_seasonal_energy_efficiency_ratio_2"=>nil, "minimum_energy_efficiency_ratio"=>nil, "minimum_integrated_part_load_value"=>nil, "minimum_integrated_energy_efficiency_ratio"=>nil, "minimum_combined_energy_efficiency_ratio"=>nil, "pthp_eer_coefficient_1"=>nil, "pthp_eer_coefficient_2"=>nil, "off_mode_power"=>nil, "minimum_coefficient_of_performance_no_fan_cooling"=>nil}
[15:17:28.114525 WARN] [openstudio.standards.Model] Find object search criteria returned 2 results, the first one will be returned. Called from :/ruby/3.2.0/gems/openstudio-standards-0.8.5/lib/openstudio-standards/standards/Standards.CoilCoolingDXSingleSpeed.rb:56:in `coil_cooling_dx_single_speed_standard_minimum_cop'. 
 Search criteria: 
 {"template"=>"90.1-2010", "cooling_type"=>"AirCooled", "subcategory"=>"Single Package", "region"=>nil}, capacity = 21389.40626846751 
  All results: 
 {"equipment_type"=>"Heat Pumps", "cooling_type"=>"AirCooled", "heating_type"=>"Any", "configuration"=>nil, "subcategory"=>"Single Package", "application"=>nil, "rating_condition"=>nil, "electric_power_phase"=>nil, "region"=>nil, "minimum_capacity"=>0, "maximum_capacity"=>64999.99, "start_date"=>"1919-09-09T00:00:00+00:00", "end_date"=>"2999-09-09T00:00:00+00:00", "minimum_seasonal_energy_efficiency_ratio"=>13, "minimum_seasonal_energy_efficiency_ratio_2"=>nil, "minimum_energy_efficiency_ratio"=>nil, "minimum_integrated_part_load_value"=>nil, "minimum_integrated_energy_efficiency_ratio"=>nil, "minimum_combined_energy_efficiency_ratio"=>nil, "pthp_eer_coefficient_1"=>nil, "pthp_eer_coefficient_2"=>nil, "off_mode_power"=>nil, "minimum_coefficient_of_performance_no_fan_cooling"=>nil}
{"equipment_type"=>"Through the Wall", "cooling_type"=>"AirCooled", "heating_type"=>"Any", "configuration"=>nil, "subcategory"=>"Single Package", "application"=>nil, "rating_condition"=>nil, "electric_power_phase"=>nil, "region"=>nil, "minimum_capacity"=>0, "maximum_capacity"=>30000, "start_date"=>"1919-09-09T00:00:00+00:00", "end_date"=>"2999-09-09T00:00:00+00:00", "minimum_seasonal_energy_efficiency_ratio"=>12, "minimum_seasonal_energy_efficiency_ratio_2"=>nil, "minimum_energy_efficiency_ratio"=>nil, "minimum_integrated_part_load_value"=>nil, "minimum_integrated_energy_efficiency_ratio"=>nil, "minimum_combined_energy_efficiency_ratio"=>nil, "pthp_eer_coefficient_1"=>nil, "pthp_eer_coefficient_2"=>nil, "off_mode_power"=>nil, "minimum_coefficient_of_performance_no_fan_cooling"=>nil}
[15:17:28.115621 WARN] [openstudio.standards.Model] Find object search criteria returned 2 results, the first one will be returned. Called from :/ruby/3.2.0/gems/openstudio-standards-0.8.5/lib/openstudio-standards/standards/Standards.CoilCoolingDXSingleSpeed.rb:232:in `coil_cooling_dx_single_speed_apply_efficiency_and_curves'. 
 Search criteria: 
 {"template"=>"90.1-2010", "cooling_type"=>"AirCooled", "subcategory"=>"Single Package", "region"=>nil}, capacity = 28369.273298614025 
  All results: 
 {"equipment_type"=>"Heat Pumps", "cooling_type"=>"AirCooled", "heating_type"=>"Any", "configuration"=>nil, "subcategory"=>"Single Package", "application"=>nil, "rating_condition"=>nil, "electric_power_phase"=>nil, "region"=>nil, "minimum_capacity"=>0, "maximum_capacity"=>64999.99, "start_date"=>"1919-09-09T00:00:00+00:00", "end_date"=>"2999-09-09T00:00:00+00:00", "minimum_seasonal_energy_efficiency_ratio"=>13, "minimum_seasonal_energy_efficiency_ratio_2"=>nil, "minimum_energy_efficiency_ratio"=>nil, "minimum_integrated_part_load_value"=>nil, "minimum_integrated_energy_efficiency_ratio"=>nil, "minimum_combined_energy_efficiency_ratio"=>nil, "pthp_eer_coefficient_1"=>nil, "pthp_eer_coefficient_2"=>nil, "off_mode_power"=>nil, "minimum_coefficient_of_performance_no_fan_cooling"=>nil}
{"equipment_type"=>"Through the Wall", "cooling_type"=>"AirCooled", "heating_type"=>"Any", "configuration"=>nil, "subcategory"=>"Single Package", "application"=>nil, "rating_condition"=>nil, "electric_power_phase"=>nil, "region"=>nil, "minimum_capacity"=>0, "maximum_capacity"=>30000, "start_date"=>"1919-09-09T00:00:00+00:00", "end_date"=>"2999-09-09T00:00:00+00:00", "minimum_seasonal_energy_efficiency_ratio"=>12, "minimum_seasonal_energy_efficiency_ratio_2"=>nil, "minimum_energy_efficiency_ratio"=>nil, "minimum_integrated_part_load_value"=>nil, "minimum_integrated_energy_efficiency_ratio"=>nil, "minimum_combined_energy_efficiency_ratio"=>nil, "pthp_eer_coefficient_1"=>nil, "pthp_eer_coefficient_2"=>nil, "off_mode_power"=>nil, "minimum_coefficient_of_performance_no_fan_cooling"=>nil}
[15:17:28.120122 WARN] [openstudio.standards.Model] Find object search criteria returned 2 results, the first one will be returned. Called from :/ruby/3.2.0/gems/openstudio-standards-0.8.5/lib/openstudio-standards/standards/Standards.CoilCoolingDXSingleSpeed.rb:56:in `coil_cooling_dx_single_speed_standard_minimum_cop'. 
 Search criteria: 
 {"template"=>"90.1-2010", "cooling_type"=>"AirCooled", "subcategory"=>"Single Package", "region"=>nil}, capacity = 28369.273298614025 
  All results: 
 {"equipment_type"=>"Heat Pumps", "cooling_type"=>"AirCooled", "heating_type"=>"Any", "configuration"=>nil, "subcategory"=>"Single Package", "application"=>nil, "rating_condition"=>nil, "electric_power_phase"=>nil, "region"=>nil, "minimum_capacity"=>0, "maximum_capacity"=>64999.99, "start_date"=>"1919-09-09T00:00:00+00:00", "end_date"=>"2999-09-09T00:00:00+00:00", "minimum_seasonal_energy_efficiency_ratio"=>13, "minimum_seasonal_energy_efficiency_ratio_2"=>nil, "minimum_energy_efficiency_ratio"=>nil, "minimum_integrated_part_load_value"=>nil, "minimum_integrated_energy_efficiency_ratio"=>nil, "minimum_combined_energy_efficiency_ratio"=>nil, "pthp_eer_coefficient_1"=>nil, "pthp_eer_coefficient_2"=>nil, "off_mode_power"=>nil, "minimum_coefficient_of_performance_no_fan_cooling"=>nil}
{"equipment_type"=>"Through the Wall", "cooling_type"=>"AirCooled", "heating_type"=>"Any", "configuration"=>nil, "subcategory"=>"Single Package", "application"=>nil, "rating_condition"=>nil, "electric_power_phase"=>nil, "region"=>nil, "minimum_capacity"=>0, "maximum_capacity"=>30000, "start_date"=>"1919-09-09T00:00:00+00:00", "end_date"=>"2999-09-09T00:00:00+00:00", "minimum_seasonal_energy_efficiency_ratio"=>12, "minimum_seasonal_energy_efficiency_ratio_2"=>nil, "minimum_energy_efficiency_ratio"=>nil, "minimum_integrated_part_load_value"=>nil, "minimum_integrated_energy_efficiency_ratio"=>nil, "minimum_combined_energy_efficiency_ratio"=>nil, "pthp_eer_coefficient_1"=>nil, "pthp_eer_coefficient_2"=>nil, "off_mode_power"=>nil, "minimum_coefficient_of_performance_no_fan_cooling"=>nil}
[15:17:28.121203 WARN] [openstudio.standards.Model] Find object search criteria returned 2 results, the first one will be returned. Called from :/ruby/3.2.0/gems/openstudio-standards-0.8.5/lib/openstudio-standards/standards/Standards.CoilCoolingDXSingleSpeed.rb:232:in `coil_cooling_dx_single_speed_apply_efficiency_and_curves'. 
 Search criteria: 
 {"template"=>"90.1-2010", "cooling_type"=>"AirCooled", "subcategory"=>"Single Package", "region"=>nil}, capacity = 24182.754597447638 
  All results: 
 {"equipment_type"=>"Heat Pumps", "cooling_type"=>"AirCooled", "heating_type"=>"Any", "configuration"=>nil, "subcategory"=>"Single Package", "application"=>nil, "rating_condition"=>nil, "electric_power_phase"=>nil, "region"=>nil, "minimum_capacity"=>0, "maximum_capacity"=>64999.99, "start_date"=>"1919-09-09T00:00:00+00:00", "end_date"=>"2999-09-09T00:00:00+00:00", "minimum_seasonal_energy_efficiency_ratio"=>13, "minimum_seasonal_energy_efficiency_ratio_2"=>nil, "minimum_energy_efficiency_ratio"=>nil, "minimum_integrated_part_load_value"=>nil, "minimum_integrated_energy_efficiency_ratio"=>nil, "minimum_combined_energy_efficiency_ratio"=>nil, "pthp_eer_coefficient_1"=>nil, "pthp_eer_coefficient_2"=>nil, "off_mode_power"=>nil, "minimum_coefficient_of_performance_no_fan_cooling"=>nil}
{"equipment_type"=>"Through the Wall", "cooling_type"=>"AirCooled", "heating_type"=>"Any", "configuration"=>nil, "subcategory"=>"Single Package", "application"=>nil, "rating_condition"=>nil, "electric_power_phase"=>nil, "region"=>nil, "minimum_capacity"=>0, "maximum_capacity"=>30000, "start_date"=>"1919-09-09T00:00:00+00:00", "end_date"=>"2999-09-09T00:00:00+00:00", "minimum_seasonal_energy_efficiency_ratio"=>12, "minimum_seasonal_energy_efficiency_ratio_2"=>nil, "minimum_energy_efficiency_ratio"=>nil, "minimum_integrated_part_load_value"=>nil, "minimum_integrated_energy_efficiency_ratio"=>nil, "minimum_combined_energy_efficiency_ratio"=>nil, "pthp_eer_coefficient_1"=>nil, "pthp_eer_coefficient_2"=>nil, "off_mode_power"=>nil, "minimum_coefficient_of_performance_no_fan_cooling"=>nil}
[15:17:28.125284 WARN] [openstudio.standards.Model] Find object search criteria returned 2 results, the first one will be returned. Called from :/ruby/3.2.0/gems/openstudio-standards-0.8.5/lib/openstudio-standards/standards/Standards.CoilCoolingDXSingleSpeed.rb:56:in `coil_cooling_dx_single_speed_standard_minimum_cop'. 
 Search criteria: 
 {"template"=>"90.1-2010", "cooling_type"=>"AirCooled", "subcategory"=>"Single Package", "region"=>nil}, capacity = 24182.754597447638 
  All results: 
 {"equipment_type"=>"Heat Pumps", "cooling_type"=>"AirCooled", "heating_type"=>"Any", "configuration"=>nil, "subcategory"=>"Single Package", "application"=>nil, "rating_condition"=>nil, "electric_power_phase"=>nil, "region"=>nil, "minimum_capacity"=>0, "maximum_capacity"=>64999.99, "start_date"=>"1919-09-09T00:00:00+00:00", "end_date"=>"2999-09-09T00:00:00+00:00", "minimum_seasonal_energy_efficiency_ratio"=>13, "minimum_seasonal_energy_efficiency_ratio_2"=>nil, "minimum_energy_efficiency_ratio"=>nil, "minimum_integrated_part_load_value"=>nil, "minimum_integrated_energy_efficiency_ratio"=>nil, "minimum_combined_energy_efficiency_ratio"=>nil, "pthp_eer_coefficient_1"=>nil, "pthp_eer_coefficient_2"=>nil, "off_mode_power"=>nil, "minimum_coefficient_of_performance_no_fan_cooling"=>nil}
{"equipment_type"=>"Through the Wall", "cooling_type"=>"AirCooled", "heating_type"=>"Any", "configuration"=>nil, "subcategory"=>"Single Package", "application"=>nil, "rating_condition"=>nil, "electric_power_phase"=>nil, "region"=>nil, "minimum_capacity"=>0, "maximum_capacity"=>30000, "start_date"=>"1919-09-09T00:00:00+00:00", "end_date"=>"2999-09-09T00:00:00+00:00", "minimum_seasonal_energy_efficiency_ratio"=>12, "minimum_seasonal_energy_efficiency_ratio_2"=>nil, "minimum_energy_efficiency_ratio"=>nil, "minimum_integrated_part_load_value"=>nil, "minimum_integrated_energy_efficiency_ratio"=>nil, "minimum_combined_energy_efficiency_ratio"=>nil, "pthp_eer_coefficient_1"=>nil, "pthp_eer_coefficient_2"=>nil, "off_mode_power"=>nil, "minimum_coefficient_of_performance_no_fan_cooling"=>nil}
[15:17:28.204702 WARN] [openstudio.measure.OSRunner] [openstudio.standards.Schedules] Unable to determine building hours of operation schedule. Treating the building as if there is no HVAC system schedule.
[15:17:28.204737 WARN] [openstudio.measure.OSRunner] [openstudio.standards.Infiltration.nist_infiltration] Unable to determine the building HVAC schedule. Treating the building as if there is no HVAC system with outdoor air. This may be appropriate for design sizing, particularly heating design sizing. If this is not the case, input a schedule argument, or assign one to an air loop in the model.
[15:17:28.205038 WARN] [openstudio.measure.OSRunner] [openstudio.standards.Model] Cannot find the VT for the simple glazing material named U 0.65 SHGC 0.25 Simple Glazing, a default value of 0.81 is used.
[15:17:28.205076 WARN] [openstudio.measure.OSRunner] [openstudio.standards.Model] Cannot find the VT for the simple glazing material named U 0.9 SHGC 0.25 Simple Glazing, a default value of 0.81 is used.
[15:17:28.205116 WARN] [openstudio.measure.OSRunner] [openstudio.standards.Model] Find object search criteria returned 2 results, the first one will be returned. Called from :/ruby/3.2.0/gems/openstudio-standards-0.8.5/lib/openstudio-standards/standards/Standards.Model.rb:3340:in `model_find_and_add_construction'. 
 Search criteria: 
 {"template"=>"90.1-2010", "climate_zone_set"=>"ClimateZone 3", "intended_surface_type"=>"Skylight", "standards_construction_type"=>"Glass with Curb", "building_category"=>"Nonresidential"}, capacity =  
  All results: 
 {"climate_zone_set"=>"ClimateZone 3", "intended_surface_type"=>"Skylight", "standards_construction_type"=>"Glass with Curb", "building_category"=>"Nonresidential", "construction"=>"U 1.17 SHGC 0.39 Simple Glazing", "minimum_percent_of_surface"=>0, "maximum_percent_of_surface"=>2, "assembly_maximum_u_value"=>1.17, "assembly_maximum_u_value_unit"=>"Btu/h-ft2-F", "u_value_includes_interior_film_coefficient"=>true, "u_value_includes_exterior_film_coefficient"=>true, "assembly_maximum_f_factor"=>nil, "assembly_maximum_f_factor_unit"=>"Btu-in/h-ft2-F", "assembly_maximum_c_factor"=>nil, "assembly_maximum_c_factor_unit"=>"Btu/h-ft2-F", "orientation"=>nil, "minimum_projection_factor"=>nil, "maximum_projection_factor"=>nil, "assembly_maximum_solar_heat_gain_coefficient"=>0.39, "assembly_minimum_visible_transmittance"=>nil, "assembly_minimum_vt_shgc"=>nil}
{"climate_zone_set"=>"ClimateZone 3", "intended_surface_type"=>"Skylight", "standards_construction_type"=>"Glass with Curb", "building_category"=>"Nonresidential", "construction"=>"U 1.17 SHGC 0.65 Simple Glazing", "minimum_percent_of_surface"=>2.001, "maximum_percent_of_surface"=>5, "assembly_maximum_u_value"=>1.17, "assembly_maximum_u_value_unit"=>"Btu/h-ft2-F", "u_value_includes_interior_film_coefficient"=>true, "u_value_includes_exterior_film_coefficient"=>true, "assembly_maximum_f_factor"=>nil, "assembly_maximum_f_factor_unit"=>"Btu-in/h-ft2-F", "assembly_maximum_c_factor"=>nil, "assembly_maximum_c_factor_unit"=>"Btu/h-ft2-F", "orientation"=>nil, "minimum_projection_factor"=>nil, "maximum_projection_factor"=>nil, "assembly_maximum_solar_heat_gain_coefficient"=>0.65, "assembly_minimum_visible_transmittance"=>nil, "assembly_minimum_vt_shgc"=>nil}
[15:17:28.205196 WARN] [openstudio.measure.OSRunner] [openstudio.standards.Model] Find object search criteria returned 2 results, the first one will be returned. Called from :/ruby/3.2.0/gems/openstudio-standards-0.8.5/lib/openstudio-standards/standards/Standards.Model.rb:3079:in `model_add_construction'. 
 Search criteria: 
 {"name"=>"U 1.17 SHGC 0.39 Simple Glazing"}, capacity =  
  All results: 
 {"name"=>"U 1.17 SHGC 0.39 Simple Glazing", "intended_surface_type"=>nil, "standards_construction_type"=>nil, "insulation_layer"=>nil, "skylight_framing"=>nil, "materials"=>
[15:17:28.205213 WARN] [openstudio.measure.OSRunner] [openstudio.standards.Model] Cannot find the VT for the simple glazing material named U 1.17 SHGC 0.39 Simple Glazing, a default value of 0.81 is used.
[15:17:28.205540 WARN] [openstudio.measure.OSRunner] [openstudio.energyplus.SqlFile] Using EnergyPlusVersion version 25.2.0 which should have 'Year' field, but it's always zero
[15:17:28.208044 WARN] [openstudio.measure.OSRunner] [openstudio.standards.Model] Find object search criteria returned 2 results, the first one will be returned. Called from :/ruby/3.2.0/gems/openstudio-standards-0.8.5/lib/openstudio-standards/standards/ashrae_90_1/ashrae_90_1_2010/ashrae_90_1_2010.AirLoopHVAC.rb:382:in `air_loop_hvac_energy_recovery_ventilator_flow_limit'. 
 Search criteria: 
 {"template"=>"90.1-2010", "climate_zone"=>"3A"}, capacity =  
  All results: 
 {"climate_zone"=>"3A", "under_8000_hours"=>"Any", "nontransient_dwelling"=>"Any", "percent_oa_0_to_10"=>nil, "percent_oa_10_to_20"=>nil, "percent_oa_20_to_30"=>nil, "percent_oa_30_to_40"=>5500, "percent_oa_40_to_50"=>4500, "percent_oa_50_to_60"=>3500, "percent_oa_60_to_70"=>2000, "percent_oa_70_to_80"=>1000, "percent_oa_greater_than_80"=>0, "design_conditions"=>"Heating", "energy_recovery_effectiveness"=>0.5, "enthalpy_recovery_ratio"=>nil, "sensible_energy_recovery_ratio"=>nil}
{"climate_zone"=>"3A", "under_8000_hours"=>"Any", "nontransient_dwelling"=>"Any", "percent_oa_0_to_10"=>nil, "percent_oa_10_to_20"=>nil, "percent_oa_20_to_30"=>nil, "percent_oa_30_to_40"=>5500, "percent_oa_40_to_50"=>4500, "percent_oa_50_to_60"=>3500, "percent_oa_60_to_70"=>2000, "percent_oa_70_to_80"=>1000, "percent_oa_greater_than_80"=>0, "design_conditions"=>"Cooling", "energy_recovery_effectiveness"=>0.5, "enthalpy_recovery_ratio"=>nil, "sensible_energy_recovery_ratio"=>nil}
[15:17:28.208150 WARN] [openstudio.measure.OSRunner] [openstudio.standards.Model] Find object search criteria returned 2 results, the first one will be returned. Called from :/ruby/3.2.0/gems/openstudio-standards-0.8.5/lib/openstudio-standards/standards/ashrae_90_1/ashrae_90_1_2010/ashrae_90_1_2010.AirLoopHVAC.rb:382:in `air_loop_hvac_energy_recovery_ventilator_flow_limit'. 
 Search criteria: 
 {"template"=>"90.1-2010", "climate_zone"=>"3A"}, capacity =  
  All results: 
 {"climate_zone"=>"3A", "under_8000_hours"=>"Any", "nontransient_dwelling"=>"Any", "percent_oa_0_to_10"=>nil, "percent_oa_10_to_20"=>nil, "percent_oa_20_to_30"=>nil, "percent_oa_30_to_40"=>5500, "percent_oa_40_to_50"=>4500, "percent_oa_50_to_60"=>3500, "percent_oa_60_to_70"=>2000, "percent_oa_70_to_80"=>1000, "percent_oa_greater_than_80"=>0, "design_conditions"=>"Heating", "energy_recovery_effectiveness"=>0.5, "enthalpy_recovery_ratio"=>nil, "sensible_energy_recovery_ratio"=>nil}
{"climate_zone"=>"3A", "under_8000_hours"=>"Any", "nontransient_dwelling"=>"Any", "percent_oa_0_to_10"=>nil, "percent_oa_10_to_20"=>nil, "percent_oa_20_to_30"=>nil, "percent_oa_30_to_40"=>5500, "percent_oa_40_to_50"=>4500, "percent_oa_50_to_60"=>3500, "percent_oa_60_to_70"=>2000, "percent_oa_70_to_80"=>1000, "percent_oa_greater_than_80"=>0, "design_conditions"=>"Cooling", "energy_recovery_effectiveness"=>0.5, "enthalpy_recovery_ratio"=>nil, "sensible_energy_recovery_ratio"=>nil}
[15:17:28.208261 WARN] [openstudio.measure.OSRunner] [openstudio.standards.Model] Find object search criteria returned 2 results, the first one will be returned. Called from :/ruby/3.2.0/gems/openstudio-standards-0.8.5/lib/openstudio-standards/standards/ashrae_90_1/ashrae_90_1_2010/ashrae_90_1_2010.AirLoopHVAC.rb:382:in `air_loop_hvac_energy_recovery_ventilator_flow_limit'. 
 Search criteria: 
 {"template"=>"90.1-2010", "climate_zone"=>"3A"}, capacity =  
  All results: 
 {"climate_zone"=>"3A", "under_8000_hours"=>"Any", "nontransient_dwelling"=>"Any", "percent_oa_0_to_10"=>nil, "percent_oa_10_to_20"=>nil, "percent_oa_20_to_30"=>nil, "percent_oa_30_to_40"=>5500, "percent_oa_40_to_50"=>4500, "percent_oa_50_to_60"=>3500, "percent_oa_60_to_70"=>2000, "percent_oa_70_to_80"=>1000, "percent_oa_greater_than_80"=>0, "design_conditions"=>"Heating", "energy_recovery_effectiveness"=>0.5, "enthalpy_recovery_ratio"=>nil, "sensible_energy_recovery_ratio"=>nil}
{"climate_zone"=>"3A", "under_8000_hours"=>"Any", "nontransient_dwelling"=>"Any", "percent_oa_0_to_10"=>nil, "percent_oa_10_to_20"=>nil, "percent_oa_20_to_30"=>nil, "percent_oa_30_to_40"=>5500, "percent_oa_40_to_50"=>4500, "percent_oa_50_to_60"=>3500, "percent_oa_60_to_70"=>2000, "percent_oa_70_to_80"=>1000, "percent_oa_greater_than_80"=>0, "design_conditions"=>"Cooling", "energy_recovery_effectiveness"=>0.5, "enthalpy_recovery_ratio"=>nil, "sensible_energy_recovery_ratio"=>nil}
[15:17:28.208361 WARN] [openstudio.measure.OSRunner] [openstudio.standards.Model] Find object search criteria returned 2 results, the first one will be returned. Called from :/ruby/3.2.0/gems/openstudio-standards-0.8.5/lib/openstudio-standards/standards/ashrae_90_1/ashrae_90_1_2010/ashrae_90_1_2010.AirLoopHVAC.rb:382:in `air_loop_hvac_energy_recovery_ventilator_flow_limit'. 
 Search criteria: 
 {"template"=>"90.1-2010", "climate_zone"=>"3A"}, capacity =  
  All results: 
 {"climate_zone"=>"3A", "under_8000_hours"=>"Any", "nontransient_dwelling"=>"Any", "percent_oa_0_to_10"=>nil, "percent_oa_10_to_20"=>nil, "percent_oa_20_to_30"=>nil, "percent_oa_30_to_40"=>5500, "percent_oa_40_to_50"=>4500, "percent_oa_50_to_60"=>3500, "percent_oa_60_to_70"=>2000, "percent_oa_70_to_80"=>1000, "percent_oa_greater_than_80"=>0, "design_conditions"=>"Heating", "energy_recovery_effectiveness"=>0.5, "enthalpy_recovery_ratio"=>nil, "sensible_energy_recovery_ratio"=>nil}
{"climate_zone"=>"3A", "under_8000_hours"=>"Any", "nontransient_dwelling"=>"Any", "percent_oa_0_to_10"=>nil, "percent_oa_10_to_20"=>nil, "percent_oa_20_to_30"=>nil, "percent_oa_30_to_40"=>5500, "percent_oa_40_to_50"=>4500, "percent_oa_50_to_60"=>3500, "percent_oa_60_to_70"=>2000, "percent_oa_70_to_80"=>1000, "percent_oa_greater_than_80"=>0, "design_conditions"=>"Cooling", "energy_recovery_effectiveness"=>0.5, "enthalpy_recovery_ratio"=>nil, "sensible_energy_recovery_ratio"=>nil}
[15:17:28.208464 WARN] [openstudio.measure.OSRunner] [openstudio.standards.Model] Find object search criteria returned 2 results, the first one will be returned. Called from :/ruby/3.2.0/gems/openstudio-standards-0.8.5/lib/openstudio-standards/standards/ashrae_90_1/ashrae_90_1_2010/ashrae_90_1_2010.AirLoopHVAC.rb:382:in `air_loop_hvac_energy_recovery_ventilator_flow_limit'. 
 Search criteria: 
 {"template"=>"90.1-2010", "climate_zone"=>"3A"}, capacity =  
  All results: 
 {"climate_zone"=>"3A", "under_8000_hours"=>"Any", "nontransient_dwelling"=>"Any", "percent_oa_0_to_10"=>nil, "percent_oa_10_to_20"=>nil, "percent_oa_20_to_30"=>nil, "percent_oa_30_to_40"=>5500, "percent_oa_40_to_50"=>4500, "percent_oa_50_to_60"=>3500, "percent_oa_60_to_70"=>2000, "percent_oa_70_to_80"=>1000, "percent_oa_greater_than_80"=>0, "design_conditions"=>"Heating", "energy_recovery_effectiveness"=>0.5, "enthalpy_recovery_ratio"=>nil, "sensible_energy_recovery_ratio"=>nil}
{"climate_zone"=>"3A", "under_8000_hours"=>"Any", "nontransient_dwelling"=>"Any", "percent_oa_0_to_10"=>nil, "percent_oa_10_to_20"=>nil, "percent_oa_20_to_30"=>nil, "percent_oa_30_to_40"=>5500, "percent_oa_40_to_50"=>4500, "percent_oa_50_to_60"=>3500, "percent_oa_60_to_70"=>2000, "percent_oa_70_to_80"=>1000, "percent_oa_greater_than_80"=>0, "design_conditions"=>"Cooling", "energy_recovery_effectiveness"=>0.5, "enthalpy_recovery_ratio"=>nil, "sensible_energy_recovery_ratio"=>nil}
[15:17:28.208645 WARN] [openstudio.measure.OSRunner] [openstudio.standards.Model] Find object search criteria returned 2 results, the first one will be returned. Called from :/ruby/3.2.0/gems/openstudio-standards-0.8.5/lib/openstudio-standards/standards/Standards.CoilHeatingDXSingleSpeed.rb:193:in `coil_heating_dx_single_speed_apply_efficiency_and_curves'. 
 Search criteria: 
 {"template"=>"90.1-2010", "cooling_type"=>"AirCooled", "subcategory"=>"Single Package", "region"=>nil}, capacity = 27856.561506292706 
  All results: 
 {"equipment_type"=>"Heat Pumps", "cooling_type"=>"AirCooled", "configuration"=>nil, "subcategory"=>"Single Package", "application"=>nil, "rating_condition"=>nil, "electric_power_phase"=>nil, "region"=>nil, "minimum_capacity"=>0, "maximum_capacity"=>64999.99, "start_date"=>"1919-09-09T00:00:00+00:00", "end_date"=>"2999-09-09T00:00:00+00:00", "minimum_heating_seasonal_performance_factor"=>7.7, "minimum_heating_seasonal_performance_factor_2"=>nil, "minimum_coefficient_of_performance_heating"=>nil, "pthp_cop_coefficient_1"=>nil, "pthp_cop_coefficient_2"=>nil, "off_mode_power"=>nil, "minimum_coefficient_of_performance_no_fan_heating"=>nil}
{"equipment_type"=>"Through the Wall", "cooling_type"=>"AirCooled", "configuration"=>nil, "subcategory"=>"Single Package", "application"=>nil, "rating_condition"=>nil, "electric_power_phase"=>nil, "region"=>nil, "minimum_capacity"=>0, "maximum_capacity"=>30000, "start_date"=>"1919-09-09T00:00:00+00:00", "end_date"=>"2999-09-09T00:00:00+00:00", "minimum_heating_seasonal_performance_factor"=>7.4, "minimum_heating_seasonal_performance_factor_2"=>nil, "minimum_coefficient_of_performance_heating"=>nil, "pthp_cop_coefficient_1"=>nil, "pthp_cop_coefficient_2"=>nil, "off_mode_power"=>nil, "minimum_coefficient_of_performance_no_fan_heating"=>nil}
[15:17:28.208666 WARN] [openstudio.measure.OSRunner] [openstudio.standards.Model] Find object search criteria returned 2 results, the first one will be returned. Called from :/ruby/3.2.0/gems/openstudio-standards-0.8.5/lib/openstudio-standards/standards/Standards.CoilHeatingDXSingleSpeed.rb:58:in `coil_heating_dx_single_speed_standard_minimum_cop'. 
 Search criteria: 
 {"template"=>"90.1-2010", "cooling_type"=>"AirCooled", "subcategory"=>"Single Package"}, capacity = 27856.561506292706 
  All results: 
 {"equipment_type"=>"Heat Pumps", "cooling_type"=>"AirCooled", "configuration"=>nil, "subcategory"=>"Single Package", "application"=>nil, "rating_condition"=>nil, "electric_power_phase"=>nil, "region"=>nil, "minimum_capacity"=>0, "maximum_capacity"=>64999.99, "start_date"=>"1919-09-09T00:00:00+00:00", "end_date"=>"2999-09-09T00:00:00+00:00", "minimum_heating_seasonal_performance_factor"=>7.7, "minimum_heating_seasonal_performance_factor_2"=>nil, "minimum_coefficient_of_performance_heating"=>nil, "pthp_cop_coefficient_1"=>nil, "pthp_cop_coefficient_2"=>nil, "off_mode_power"=>nil, "minimum_coefficient_of_performance_no_fan_heating"=>nil}
{"equipment_type"=>"Through the Wall", "cooling_type"=>"AirCooled", "configuration"=>nil, "subcategory"=>"Single Package", "application"=>nil, "rating_condition"=>nil, "electric_power_phase"=>nil, "region"=>nil, "minimum_capacity"=>0, "maximum_capacity"=>30000, "start_date"=>"1919-09-09T00:00:00+00:00", "end_date"=>"2999-09-09T00:00:00+00:00", "minimum_heating_seasonal_performance_factor"=>7.4, "minimum_heating_seasonal_performance_factor_2"=>nil, "minimum_coefficient_of_performance_heating"=>nil, "pthp_cop_coefficient_1"=>nil, "pthp_cop_coefficient_2"=>nil, "off_mode_power"=>nil, "minimum_coefficient_of_performance_no_fan_heating"=>nil}
[15:17:28.208703 WARN] [openstudio.measure.OSRunner] [openstudio.standards.Model] Find object search criteria returned 2 results, the first one will be returned. Called from :/ruby/3.2.0/gems/openstudio-standards-0.8.5/lib/openstudio-standards/standards/Standards.CoilHeatingDXSingleSpeed.rb:193:in `coil_heating_dx_single_speed_apply_efficiency_and_curves'. 
 Search criteria: 
 {"template"=>"90.1-2010", "cooling_type"=>"AirCooled", "subcategory"=>"Single Package", "region"=>nil}, capacity = 28514.718387590066 
  All results: 
 {"equipment_type"=>"Heat Pumps", "cooling_type"=>"AirCooled", "configuration"=>nil, "subcategory"=>"Single Package", "application"=>nil, "rating_condition"=>nil, "electric_power_phase"=>nil, "region"=>nil, "minimum_capacity"=>0, "maximum_capacity"=>64999.99, "start_date"=>"1919-09-09T00:00:00+00:00", "end_date"=>"2999-09-09T00:00:00+00:00", "minimum_heating_seasonal_performance_factor"=>7.7, "minimum_heating_seasonal_performance_factor_2"=>nil, "minimum_coefficient_of_performance_heating"=>nil, "pthp_cop_coefficient_1"=>nil, "pthp_cop_coefficient_2"=>nil, "off_mode_power"=>nil, "minimum_coefficient_of_performance_no_fan_heating"=>nil}
{"equipment_type"=>"Through the Wall", "cooling_type"=>"AirCooled", "configuration"=>nil, "subcategory"=>"Single Package", "application"=>nil, "rating_condition"=>nil, "electric_power_phase"=>nil, "region"=>nil, "minimum_capacity"=>0, "maximum_capacity"=>30000, "start_date"=>"1919-09-09T00:00:00+00:00", "end_date"=>"2999-09-09T00:00:00+00:00", "minimum_heating_seasonal_performance_factor"=>7.4, "minimum_heating_seasonal_performance_factor_2"=>nil, "minimum_coefficient_of_performance_heating"=>nil, "pthp_cop_coefficient_1"=>nil, "pthp_cop_coefficient_2"=>nil, "off_mode_power"=>nil, "minimum_coefficient_of_performance_no_fan_heating"=>nil}
[15:17:28.208723 WARN] [openstudio.measure.OSRunner] [openstudio.standards.Model] Find object search criteria returned 2 results, the first one will be returned. Called from :/ruby/3.2.0/gems/openstudio-standards-0.8.5/lib/openstudio-standards/standards/Standards.CoilHeatingDXSingleSpeed.rb:58:in `coil_heating_dx_single_speed_standard_minimum_cop'. 
 Search criteria: 
 {"template"=>"90.1-2010", "cooling_type"=>"AirCooled", "subcategory"=>"Single Package"}, capacity = 28514.718387590066 
  All results: 
 {"equipment_type"=>"Heat Pumps", "cooling_type"=>"AirCooled", "configuration"=>nil, "subcategory"=>"Single Package", "application"=>nil, "rating_condition"=>nil, "electric_power_phase"=>nil, "region"=>nil, "minimum_capacity"=>0, "maximum_capacity"=>64999.99, "start_date"=>"1919-09-09T00:00:00+00:00", "end_date"=>"2999-09-09T00:00:00+00:00", "minimum_heating_seasonal_performance_factor"=>7.7, "minimum_heating_seasonal_performance_factor_2"=>nil, "minimum_coefficient_of_performance_heating"=>nil, "pthp_cop_coefficient_1"=>nil, "pthp_cop_coefficient_2"=>nil, "off_mode_power"=>nil, "minimum_coefficient_of_performance_no_fan_heating"=>nil}
{"equipment_type"=>"Through the Wall", "cooling_type"=>"AirCooled", "configuration"=>nil, "subcategory"=>"Single Package", "application"=>nil, "rating_condition"=>nil, "electric_power_phase"=>nil, "region"=>nil, "minimum_capacity"=>0, "maximum_capacity"=>30000, "start_date"=>"1919-09-09T00:00:00+00:00", "end_date"=>"2999-09-09T00:00:00+00:00", "minimum_heating_seasonal_performance_factor"=>7.4, "minimum_heating_seasonal_performance_factor_2"=>nil, "minimum_coefficient_of_performance_heating"=>nil, "pthp_cop_coefficient_1"=>nil, "pthp_cop_coefficient_2"=>nil, "off_mode_power"=>nil, "minimum_coefficient_of_performance_no_fan_heating"=>nil}
[15:17:28.208752 WARN] [openstudio.measure.OSRunner] [openstudio.standards.Model] Find object search criteria returned 2 results, the first one will be returned. Called from :/ruby/3.2.0/gems/openstudio-standards-0.8.5/lib/openstudio-standards/standards/Standards.CoilHeatingDXSingleSpeed.rb:193:in `coil_heating_dx_single_speed_apply_efficiency_and_curves'. 
 Search criteria: 
 {"template"=>"90.1-2010", "cooling_type"=>"AirCooled", "subcategory"=>"Single Package", "region"=>nil}, capacity = 21389.40626846751 
  All results: 
 {"equipment_type"=>"Heat Pumps", "cooling_type"=>"AirCooled", "configuration"=>nil, "subcategory"=>"Single Package", "application"=>nil, "rating_condition"=>nil, "electric_power_phase"=>nil, "region"=>nil, "minimum_capacity"=>0, "maximum_capacity"=>64999.99, "start_date"=>"1919-09-09T00:00:00+00:00", "end_date"=>"2999-09-09T00:00:00+00:00", "minimum_heating_seasonal_performance_factor"=>7.7, "minimum_heating_seasonal_performance_factor_2"=>nil, "minimum_coefficient_of_performance_heating"=>nil, "pthp_cop_coefficient_1"=>nil, "pthp_cop_coefficient_2"=>nil, "off_mode_power"=>nil, "minimum_coefficient_of_performance_no_fan_heating"=>nil}
{"equipment_type"=>"Through the Wall", "cooling_type"=>"AirCooled", "configuration"=>nil, "subcategory"=>"Single Package", "application"=>nil, "rating_condition"=>nil, "electric_power_phase"=>nil, "region"=>nil, "minimum_capacity"=>0, "maximum_capacity"=>30000, "start_date"=>"1919-09-09T00:00:00+00:00", "end_date"=>"2999-09-09T00:00:00+00:00", "minimum_heating_seasonal_performance_factor"=>7.4, "minimum_heating_seasonal_performance_factor_2"=>nil, "minimum_coefficient_of_performance_heating"=>nil, "pthp_cop_coefficient_1"=>nil, "pthp_cop_coefficient_2"=>nil, "off_mode_power"=>nil, "minimum_coefficient_of_performance_no_fan_heating"=>nil}
[15:17:28.208774 WARN] [openstudio.measure.OSRunner] [openstudio.standards.Model] Find object search criteria returned 2 results, the first one will be returned. Called from :/ruby/3.2.0/gems/openstudio-standards-0.8.5/lib/openstudio-standards/standards/Standards.CoilHeatingDXSingleSpeed.rb:58:in `coil_heating_dx_single_speed_standard_minimum_cop'. 
 Search criteria: 
 {"template"=>"90.1-2010", "cooling_type"=>"AirCooled", "subcategory"=>"Single Package"}, capacity = 21389.40626846751 
  All results: 
 {"equipment_type"=>"Heat Pumps", "cooling_type"=>"AirCooled", "configuration"=>nil, "subcategory"=>"Single Package", "application"=>nil, "rating_condition"=>nil, "electric_power_phase"=>nil, "region"=>nil, "minimum_capacity"=>0, "maximum_capacity"=>64999.99, "start_date"=>"1919-09-09T00:00:00+00:00", "end_date"=>"2999-09-09T00:00:00+00:00", "minimum_heating_seasonal_performance_factor"=>7.7, "minimum_heating_seasonal_performance_factor_2"=>nil, "minimum_coefficient_of_performance_heating"=>nil, "pthp_cop_coefficient_1"=>nil, "pthp_cop_coefficient_2"=>nil, "off_mode_power"=>nil, "minimum_coefficient_of_performance_no_fan_heating"=>nil}
{"equipment_type"=>"Through the Wall", "cooling_type"=>"AirCooled", "configuration"=>nil, "subcategory"=>"Single Package", "application"=>nil, "rating_condition"=>nil, "electric_power_phase"=>nil, "region"=>nil, "minimum_capacity"=>0, "maximum_capacity"=>30000, "start_date"=>"1919-09-09T00:00:00+00:00", "end_date"=>"2999-09-09T00:00:00+00:00", "minimum_heating_seasonal_performance_factor"=>7.4, "minimum_heating_seasonal_performance_factor_2"=>nil, "minimum_coefficient_of_performance_heating"=>nil, "pthp_cop_coefficient_1"=>nil, "pthp_cop_coefficient_2"=>nil, "off_mode_power"=>nil, "minimum_coefficient_of_performance_no_fan_heating"=>nil}
[15:17:28.208803 WARN] [openstudio.measure.OSRunner] [openstudio.standards.Model] Find object search criteria returned 2 results, the first one will be returned. Called from :/ruby/3.2.0/gems/openstudio-standards-0.8.5/lib/openstudio-standards/standards/Standards.CoilHeatingDXSingleSpeed.rb:193:in `coil_heating_dx_single_speed_apply_efficiency_and_curves'. 
 Search criteria: 
 {"template"=>"90.1-2010", "cooling_type"=>"AirCooled", "subcategory"=>"Single Package", "region"=>nil}, capacity = 28369.273298614025 
  All results: 
 {"equipment_type"=>"Heat Pumps", "cooling_type"=>"AirCooled", "configuration"=>nil, "subcategory"=>"Single Package", "application"=>nil, "rating_condition"=>nil, "electric_power_phase"=>nil, "region"=>nil, "minimum_capacity"=>0, "maximum_capacity"=>64999.99, "start_date"=>"1919-09-09T00:00:00+00:00", "end_date"=>"2999-09-09T00:00:00+00:00", "minimum_heating_seasonal_performance_factor"=>7.7, "minimum_heating_seasonal_performance_factor_2"=>nil, "minimum_coefficient_of_performance_heating"=>nil, "pthp_cop_coefficient_1"=>nil, "pthp_cop_coefficient_2"=>nil, "off_mode_power"=>nil, "minimum_coefficient_of_performance_no_fan_heating"=>nil}
{"equipment_type"=>"Through the Wall", "cooling_type"=>"AirCooled", "configuration"=>nil, "subcategory"=>"Single Package", "application"=>nil, "rating_condition"=>nil, "electric_power_phase"=>nil, "region"=>nil, "minimum_capacity"=>0, "maximum_capacity"=>30000, "start_date"=>"1919-09-09T00:00:00+00:00", "end_date"=>"2999-09-09T00:00:00+00:00", "minimum_heating_seasonal_performance_factor"=>7.4, "minimum_heating_seasonal_performance_factor_2"=>nil, "minimum_coefficient_of_performance_heating"=>nil, "pthp_cop_coefficient_1"=>nil, "pthp_cop_coefficient_2"=>nil, "off_mode_power"=>nil, "minimum_coefficient_of_performance_no_fan_heating"=>nil}
[15:17:28.208822 WARN] [openstudio.measure.OSRunner] [openstudio.standards.Model] Find object search criteria returned 2 results, the first one will be returned. Called from :/ruby/3.2.0/gems/openstudio-standards-0.8.5/lib/openstudio-standards/standards/Standards.CoilHeatingDXSingleSpeed.rb:58:in `coil_heating_dx_single_speed_standard_minimum_cop'. 
 Search criteria: 
 {"template"=>"90.1-2010", "cooling_type"=>"AirCooled", "subcategory"=>"Single Package"}, capacity = 28369.273298614025 
  All results: 
 {"equipment_type"=>"Heat Pumps", "cooling_type"=>"AirCooled", "configuration"=>nil, "subcategory"=>"Single Package", "application"=>nil, "rating_condition"=>nil, "electric_power_phase"=>nil, "region"=>nil, "minimum_capacity"=>0, "maximum_capacity"=>64999.99, "start_date"=>"1919-09-09T00:00:00+00:00", "end_date"=>"2999-09-09T00:00:00+00:00", "minimum_heating_seasonal_performance_factor"=>7.7, "minimum_heating_seasonal_performance_factor_2"=>nil, "minimum_coefficient_of_performance_heating"=>nil, "pthp_cop_coefficient_1"=>nil, "pthp_cop_coefficient_2"=>nil, "off_mode_power"=>nil, "minimum_coefficient_of_performance_no_fan_heating"=>nil}
{"equipment_type"=>"Through the Wall", "cooling_type"=>"AirCooled", "configuration"=>nil, "subcategory"=>"Single Package", "application"=>nil, "rating_condition"=>nil, "electric_power_phase"=>nil, "region"=>nil, "minimum_capacity"=>0, "maximum_capacity"=>30000, "start_date"=>"1919-09-09T00:00:00+00:00", "end_date"=>"2999-09-09T00:00:00+00:00", "minimum_heating_seasonal_performance_factor"=>7.4, "minimum_heating_seasonal_performance_factor_2"=>nil, "minimum_coefficient_of_performance_heating"=>nil, "pthp_cop_coefficient_1"=>nil, "pthp_cop_coefficient_2"=>nil, "off_mode_power"=>nil, "minimum_coefficient_of_performance_no_fan_heating"=>nil}
[15:17:28.208848 WARN] [openstudio.measure.OSRunner] [openstudio.standards.Model] Find object search criteria returned 2 results, the first one will be returned. Called from :/ruby/3.2.0/gems/openstudio-standards-0.8.5/lib/openstudio-standards/standards/Standards.CoilHeatingDXSingleSpeed.rb:193:in `coil_heating_dx_single_speed_apply_efficiency_and_curves'. 
 Search criteria: 
 {"template"=>"90.1-2010", "cooling_type"=>"AirCooled", "subcategory"=>"Single Package", "region"=>nil}, capacity = 24182.754597447638 
  All results: 
 {"equipment_type"=>"Heat Pumps", "cooling_type"=>"AirCooled", "configuration"=>nil, "subcategory"=>"Single Package", "application"=>nil, "rating_condition"=>nil, "electric_power_phase"=>nil, "region"=>nil, "minimum_capacity"=>0, "maximum_capacity"=>64999.99, "start_date"=>"1919-09-09T00:00:00+00:00", "end_date"=>"2999-09-09T00:00:00+00:00", "minimum_heating_seasonal_performance_factor"=>7.7, "minimum_heating_seasonal_performance_factor_2"=>nil, "minimum_coefficient_of_performance_heating"=>nil, "pthp_cop_coefficient_1"=>nil, "pthp_cop_coefficient_2"=>nil, "off_mode_power"=>nil, "minimum_coefficient_of_performance_no_fan_heating"=>nil}
{"equipment_type"=>"Through the Wall", "cooling_type"=>"AirCooled", "configuration"=>nil, "subcategory"=>"Single Package", "application"=>nil, "rating_condition"=>nil, "electric_power_phase"=>nil, "region"=>nil, "minimum_capacity"=>0, "maximum_capacity"=>30000, "start_date"=>"1919-09-09T00:00:00+00:00", "end_date"=>"2999-09-09T00:00:00+00:00", "minimum_heating_seasonal_performance_factor"=>7.4, "minimum_heating_seasonal_performance_factor_2"=>nil, "minimum_coefficient_of_performance_heating"=>nil, "pthp_cop_coefficient_1"=>nil, "pthp_cop_coefficient_2"=>nil, "off_mode_power"=>nil, "minimum_coefficient_of_performance_no_fan_heating"=>nil}
[15:17:28.208866 WARN] [openstudio.measure.OSRunner] [openstudio.standards.Model] Find object search criteria returned 2 results, the first one will be returned. Called from :/ruby/3.2.0/gems/openstudio-standards-0.8.5/lib/openstudio-standards/standards/Standards.CoilHeatingDXSingleSpeed.rb:58:in `coil_heating_dx_single_speed_standard_minimum_cop'. 
 Search criteria: 
 {"template"=>"90.1-2010", "cooling_type"=>"AirCooled", "subcategory"=>"Single Package"}, capacity = 24182.754597447638 
  All results: 
 {"equipment_type"=>"Heat Pumps", "cooling_type"=>"AirCooled", "configuration"=>nil, "subcategory"=>"Single Package", "application"=>nil, "rating_condition"=>nil, "electric_power_phase"=>nil, "region"=>nil, "minimum_capacity"=>0, "maximum_capacity"=>64999.99, "start_date"=>"1919-09-09T00:00:00+00:00", "end_date"=>"2999-09-09T00:00:00+00:00", "minimum_heating_seasonal_performance_factor"=>7.7, "minimum_heating_seasonal_performance_factor_2"=>nil, "minimum_coefficient_of_performance_heating"=>nil, "pthp_cop_coefficient_1"=>nil, "pthp_cop_coefficient_2"=>nil, "off_mode_power"=>nil, "minimum_coefficient_of_performance_no_fan_heating"=>nil}
{"equipment_type"=>"Through the Wall", "cooling_type"=>"AirCooled", "configuration"=>nil, "subcategory"=>"Single Package", "application"=>nil, "rating_condition"=>nil, "electric_power_phase"=>nil, "region"=>nil, "minimum_capacity"=>0, "maximum_capacity"=>30000, "start_date"=>"1919-09-09T00:00:00+00:00", "end_date"=>"2999-09-09T00:00:00+00:00", "minimum_heating_seasonal_performance_factor"=>7.4, "minimum_heating_seasonal_performance_factor_2"=>nil, "minimum_coefficient_of_performance_heating"=>nil, "pthp_cop_coefficient_1"=>nil, "pthp_cop_coefficient_2"=>nil, "off_mode_power"=>nil, "minimum_coefficient_of_performance_no_fan_heating"=>nil}
[15:17:28.208896 WARN] [openstudio.measure.OSRunner] [openstudio.standards.Model] Find object search criteria returned 2 results, the first one will be returned. Called from :/ruby/3.2.0/gems/openstudio-standards-0.8.5/lib/openstudio-standards/standards/Standards.CoilCoolingDXSingleSpeed.rb:232:in `coil_cooling_dx_single_speed_apply_efficiency_and_curves'. 
 Search criteria: 
 {"template"=>"90.1-2010", "cooling_type"=>"AirCooled", "subcategory"=>"Single Package", "region"=>nil}, capacity = 27856.561506292706 
  All results: 
 {"equipment_type"=>"Heat Pumps", "cooling_type"=>"AirCooled", "heating_type"=>"Any", "configuration"=>nil, "subcategory"=>"Single Package", "application"=>nil, "rating_condition"=>nil, "electric_power_phase"=>nil, "region"=>nil, "minimum_capacity"=>0, "maximum_capacity"=>64999.99, "start_date"=>"1919-09-09T00:00:00+00:00", "end_date"=>"2999-09-09T00:00:00+00:00", "minimum_seasonal_energy_efficiency_ratio"=>13, "minimum_seasonal_energy_efficiency_ratio_2"=>nil, "minimum_energy_efficiency_ratio"=>nil, "minimum_integrated_part_load_value"=>nil, "minimum_integrated_energy_efficiency_ratio"=>nil, "minimum_combined_energy_efficiency_ratio"=>nil, "pthp_eer_coefficient_1"=>nil, "pthp_eer_coefficient_2"=>nil, "off_mode_power"=>nil, "minimum_coefficient_of_performance_no_fan_cooling"=>nil}
{"equipment_type"=>"Through the Wall", "cooling_type"=>"AirCooled", "heating_type"=>"Any", "configuration"=>nil, "subcategory"=>"Single Package", "application"=>nil, "rating_condition"=>nil, "electric_power_phase"=>nil, "region"=>nil, "minimum_capacity"=>0, "maximum_capacity"=>30000, "start_date"=>"1919-09-09T00:00:00+00:00", "end_date"=>"2999-09-09T00:00:00+00:00", "minimum_seasonal_energy_efficiency_ratio"=>12, "minimum_seasonal_energy_efficiency_ratio_2"=>nil, "minimum_energy_efficiency_ratio"=>nil, "minimum_integrated_part_load_value"=>nil, "minimum_integrated_energy_efficiency_ratio"=>nil, "minimum_combined_energy_efficiency_ratio"=>nil, "pthp_eer_coefficient_1"=>nil, "pthp_eer_coefficient_2"=>nil, "off_mode_power"=>nil, "minimum_coefficient_of_performance_no_fan_cooling"=>nil}
[15:17:28.208917 WARN] [openstudio.measure.OSRunner] [openstudio.standards.Model] Find object search criteria returned 2 results, the first one will be returned. Called from :/ruby/3.2.0/gems/openstudio-standards-0.8.5/lib/openstudio-standards/standards/Standards.CoilCoolingDXSingleSpeed.rb:56:in `coil_cooling_dx_single_speed_standard_minimum_cop'. 
 Search criteria: 
 {"template"=>"90.1-2010", "cooling_type"=>"AirCooled", "subcategory"=>"Single Package", "region"=>nil}, capacity = 27856.561506292706 
  All results: 
 {"equipment_type"=>"Heat Pumps", "cooling_type"=>"AirCooled", "heating_type"=>"Any", "configuration"=>nil, "subcategory"=>"Single Package", "application"=>nil, "rating_condition"=>nil, "electric_power_phase"=>nil, "region"=>nil, "minimum_capacity"=>0, "maximum_capacity"=>64999.99, "start_date"=>"1919-09-09T00:00:00+00:00", "end_date"=>"2999-09-09T00:00:00+00:00", "minimum_seasonal_energy_efficiency_ratio"=>13, "minimum_seasonal_energy_efficiency_ratio_2"=>nil, "minimum_energy_efficiency_ratio"=>nil, "minimum_integrated_part_load_value"=>nil, "minimum_integrated_energy_efficiency_ratio"=>nil, "minimum_combined_energy_efficiency_ratio"=>nil, "pthp_eer_coefficient_1"=>nil, "pthp_eer_coefficient_2"=>nil, "off_mode_power"=>nil, "minimum_coefficient_of_performance_no_fan_cooling"=>nil}
{"equipment_type"=>"Through the Wall", "cooling_type"=>"AirCooled", "heating_type"=>"Any", "configuration"=>nil, "subcategory"=>"Single Package", "application"=>nil, "rating_condition"=>nil, "electric_power_phase"=>nil, "region"=>nil, "minimum_capacity"=>0, "maximum_capacity"=>30000, "start_date"=>"1919-09-09T00:00:00+00:00", "end_date"=>"2999-09-09T00:00:00+00:00", "minimum_seasonal_energy_efficiency_ratio"=>12, "minimum_seasonal_energy_efficiency_ratio_2"=>nil, "minimum_energy_efficiency_ratio"=>nil, "minimum_integrated_part_load_value"=>nil, "minimum_integrated_energy_efficiency_ratio"=>nil, "minimum_combined_energy_efficiency_ratio"=>nil, "pthp_eer_coefficient_1"=>nil, "pthp_eer_coefficient_2"=>nil, "off_mode_power"=>nil, "minimum_coefficient_of_performance_no_fan_cooling"=>nil}
[15:17:28.208947 WARN] [openstudio.measure.OSRunner] [openstudio.standards.Model] Find object search criteria returned 2 results, the first one will be returned. Called from :/ruby/3.2.0/gems/openstudio-standards-0.8.5/lib/openstudio-standards/standards/Standards.CoilCoolingDXSingleSpeed.rb:232:in `coil_cooling_dx_single_speed_apply_efficiency_and_curves'. 
 Search criteria: 
 {"template"=>"90.1-2010", "cooling_type"=>"AirCooled", "subcategory"=>"Single Package", "region"=>nil}, capacity = 28514.718387590066 
  All results: 
 {"equipment_type"=>"Heat Pumps", "cooling_type"=>"AirCooled", "heating_type"=>"Any", "configuration"=>nil, "subcategory"=>"Single Package", "application"=>nil, "rating_condition"=>nil, "electric_power_phase"=>nil, "region"=>nil, "minimum_capacity"=>0, "maximum_capacity"=>64999.99, "start_date"=>"1919-09-09T00:00:00+00:00", "end_date"=>"2999-09-09T00:00:00+00:00", "minimum_seasonal_energy_efficiency_ratio"=>13, "minimum_seasonal_energy_efficiency_ratio_2"=>nil, "minimum_energy_efficiency_ratio"=>nil, "minimum_integrated_part_load_value"=>nil, "minimum_integrated_energy_efficiency_ratio"=>nil, "minimum_combined_energy_efficiency_ratio"=>nil, "pthp_eer_coefficient_1"=>nil, "pthp_eer_coefficient_2"=>nil, "off_mode_power"=>nil, "minimum_coefficient_of_performance_no_fan_cooling"=>nil}
{"equipment_type"=>"Through the Wall", "cooling_type"=>"AirCooled", "heating_type"=>"Any", "configuration"=>nil, "subcategory"=>"Single Package", "application"=>nil, "rating_condition"=>nil, "electric_power_phase"=>nil, "region"=>nil, "minimum_capacity"=>0, "maximum_capacity"=>30000, "start_date"=>"1919-09-09T00:00:00+00:00", "end_date"=>"2999-09-09T00:00:00+00:00", "minimum_seasonal_energy_efficiency_ratio"=>12, "minimum_seasonal_energy_efficiency_ratio_2"=>nil, "minimum_energy_efficiency_ratio"=>nil, "minimum_integrated_part_load_value"=>nil, "minimum_integrated_energy_efficiency_ratio"=>nil, "minimum_combined_energy_efficiency_ratio"=>nil, "pthp_eer_coefficient_1"=>nil, "pthp_eer_coefficient_2"=>nil, "off_mode_power"=>nil, "minimum_coefficient_of_performance_no_fan_cooling"=>nil}
[15:17:28.208967 WARN] [openstudio.measure.OSRunner] [openstudio.standards.Model] Find object search criteria returned 2 results, the first one will be returned. Called from :/ruby/3.2.0/gems/openstudio-standards-0.8.5/lib/openstudio-standards/standards/Standards.CoilCoolingDXSingleSpeed.rb:56:in `coil_cooling_dx_single_speed_standard_minimum_cop'. 
 Search criteria: 
 {"template"=>"90.1-2010", "cooling_type"=>"AirCooled", "subcategory"=>"Single Package", "region"=>nil}, capacity = 28514.718387590066 
  All results: 
 {"equipment_type"=>"Heat Pumps", "cooling_type"=>"AirCooled", "heating_type"=>"Any", "configuration"=>nil, "subcategory"=>"Single Package", "application"=>nil, "rating_condition"=>nil, "electric_power_phase"=>nil, "region"=>nil, "minimum_capacity"=>0, "maximum_capacity"=>64999.99, "start_date"=>"1919-09-09T00:00:00+00:00", "end_date"=>"2999-09-09T00:00:00+00:00", "minimum_seasonal_energy_efficiency_ratio"=>13, "minimum_seasonal_energy_efficiency_ratio_2"=>nil, "minimum_energy_efficiency_ratio"=>nil, "minimum_integrated_part_load_value"=>nil, "minimum_integrated_energy_efficiency_ratio"=>nil, "minimum_combined_energy_efficiency_ratio"=>nil, "pthp_eer_coefficient_1"=>nil, "pthp_eer_coefficient_2"=>nil, "off_mode_power"=>nil, "minimum_coefficient_of_performance_no_fan_cooling"=>nil}
{"equipment_type"=>"Through the Wall", "cooling_type"=>"AirCooled", "heating_type"=>"Any", "configuration"=>nil, "subcategory"=>"Single Package", "application"=>nil, "rating_condition"=>nil, "electric_power_phase"=>nil, "region"=>nil, "minimum_capacity"=>0, "maximum_capacity"=>30000, "start_date"=>"1919-09-09T00:00:00+00:00", "end_date"=>"2999-09-09T00:00:00+00:00", "minimum_seasonal_energy_efficiency_ratio"=>12, "minimum_seasonal_energy_efficiency_ratio_2"=>nil, "minimum_energy_efficiency_ratio"=>nil, "minimum_integrated_part_load_value"=>nil, "minimum_integrated_energy_efficiency_ratio"=>nil, "minimum_combined_energy_efficiency_ratio"=>nil, "pthp_eer_coefficient_1"=>nil, "pthp_eer_coefficient_2"=>nil, "off_mode_power"=>nil, "minimum_coefficient_of_performance_no_fan_cooling"=>nil}
[15:17:28.208996 WARN] [openstudio.measure.OSRunner] [openstudio.standards.Model] Find object search criteria returned 2 results, the first one will be returned. Called from :/ruby/3.2.0/gems/openstudio-standards-0.8.5/lib/openstudio-standards/standards/Standards.CoilCoolingDXSingleSpeed.rb:232:in `coil_cooling_dx_single_speed_apply_efficiency_and_curves'. 
 Search criteria: 
 {"template"=>"90.1-2010", "cooling_type"=>"AirCooled", "subcategory"=>"Single Package", "region"=>nil}, capacity = 21389.40626846751 
  All results: 
 {"equipment_type"=>"Heat Pumps", "cooling_type"=>"AirCooled", "heating_type"=>"Any", "configuration"=>nil, "subcategory"=>"Single Package", "application"=>nil, "rating_condition"=>nil, "electric_power_phase"=>nil, "region"=>nil, "minimum_capacity"=>0, "maximum_capacity"=>64999.99, "start_date"=>"1919-09-09T00:00:00+00:00", "end_date"=>"2999-09-09T00:00:00+00:00", "minimum_seasonal_energy_efficiency_ratio"=>13, "minimum_seasonal_energy_efficiency_ratio_2"=>nil, "minimum_energy_efficiency_ratio"=>nil, "minimum_integrated_part_load_value"=>nil, "minimum_integrated_energy_efficiency_ratio"=>nil, "minimum_combined_energy_efficiency_ratio"=>nil, "pthp_eer_coefficient_1"=>nil, "pthp_eer_coefficient_2"=>nil, "off_mode_power"=>nil, "minimum_coefficient_of_performance_no_fan_cooling"=>nil}
{"equipment_type"=>"Through the Wall", "cooling_type"=>"AirCooled", "heating_type"=>"Any", "configuration"=>nil, "subcategory"=>"Single Package", "application"=>nil, "rating_condition"=>nil, "electric_power_phase"=>nil, "region"=>nil, "minimum_capacity"=>0, "maximum_capacity"=>30000, "start_date"=>"1919-09-09T00:00:00+00:00", "end_date"=>"2999-09-09T00:00:00+00:00", "minimum_seasonal_energy_efficiency_ratio"=>12, "minimum_seasonal_energy_efficiency_ratio_2"=>nil, "minimum_energy_efficiency_ratio"=>nil, "minimum_integrated_part_load_value"=>nil, "minimum_integrated_energy_efficiency_ratio"=>nil, "minimum_combined_energy_efficiency_ratio"=>nil, "pthp_eer_coefficient_1"=>nil, "pthp_eer_coefficient_2"=>nil, "off_mode_power"=>nil, "minimum_coefficient_of_performance_no_fan_cooling"=>nil}
[15:17:28.209014 WARN] [openstudio.measure.OSRunner] [openstudio.standards.Model] Find object search criteria returned 2 results, the first one will be returned. Called from :/ruby/3.2.0/gems/openstudio-standards-0.8.5/lib/openstudio-standards/standards/Standards.CoilCoolingDXSingleSpeed.rb:56:in `coil_cooling_dx_single_speed_standard_minimum_cop'. 
 Search criteria: 
 {"template"=>"90.1-2010", "cooling_type"=>"AirCooled", "subcategory"=>"Single Package", "region"=>nil}, capacity = 21389.40626846751 
  All results: 
 {"equipment_type"=>"Heat Pumps", "cooling_type"=>"AirCooled", "heating_type"=>"Any", "configuration"=>nil, "subcategory"=>"Single Package", "application"=>nil, "rating_condition"=>nil, "electric_power_phase"=>nil, "region"=>nil, "minimum_capacity"=>0, "maximum_capacity"=>64999.99, "start_date"=>"1919-09-09T00:00:00+00:00", "end_date"=>"2999-09-09T00:00:00+00:00", "minimum_seasonal_energy_efficiency_ratio"=>13, "minimum_seasonal_energy_efficiency_ratio_2"=>nil, "minimum_energy_efficiency_ratio"=>nil, "minimum_integrated_part_load_value"=>nil, "minimum_integrated_energy_efficiency_ratio"=>nil, "minimum_combined_energy_efficiency_ratio"=>nil, "pthp_eer_coefficient_1"=>nil, "pthp_eer_coefficient_2"=>nil, "off_mode_power"=>nil, "minimum_coefficient_of_performance_no_fan_cooling"=>nil}
{"equipment_type"=>"Through the Wall", "cooling_type"=>"AirCooled", "heating_type"=>"Any", "configuration"=>nil, "subcategory"=>"Single Package", "application"=>nil, "rating_condition"=>nil, "electric_power_phase"=>nil, "region"=>nil, "minimum_capacity"=>0, "maximum_capacity"=>30000, "start_date"=>"1919-09-09T00:00:00+00:00", "end_date"=>"2999-09-09T00:00:00+00:00", "minimum_seasonal_energy_efficiency_ratio"=>12, "minimum_seasonal_energy_efficiency_ratio_2"=>nil, "minimum_energy_efficiency_ratio"=>nil, "minimum_integrated_part_load_value"=>nil, "minimum_integrated_energy_efficiency_ratio"=>nil, "minimum_combined_energy_efficiency_ratio"=>nil, "pthp_eer_coefficient_1"=>nil, "pthp_eer_coefficient_2"=>nil, "off_mode_power"=>nil, "minimum_coefficient_of_performance_no_fan_cooling"=>nil}
[15:17:28.209041 WARN] [openstudio.measure.OSRunner] [openstudio.standards.Model] Find object search criteria returned 2 results, the first one will be returned. Called from :/ruby/3.2.0/gems/openstudio-standards-0.8.5/lib/openstudio-standards/standards/Standards.CoilCoolingDXSingleSpeed.rb:232:in `coil_cooling_dx_single_speed_apply_efficiency_and_curves'. 
 Search criteria: 
 {"template"=>"90.1-2010", "cooling_type"=>"AirCooled", "subcategory"=>"Single Package", "region"=>nil}, capacity = 28369.273298614025 
  All results: 
 {"equipment_type"=>"Heat Pumps", "cooling_type"=>"AirCooled", "heating_type"=>"Any", "configuration"=>nil, "subcategory"=>"Single Package", "application"=>nil, "rating_condition"=>nil, "electric_power_phase"=>nil, "region"=>nil, "minimum_capacity"=>0, "maximum_capacity"=>64999.99, "start_date"=>"1919-09-09T00:00:00+00:00", "end_date"=>"2999-09-09T00:00:00+00:00", "minimum_seasonal_energy_efficiency_ratio"=>13, "minimum_seasonal_energy_efficiency_ratio_2"=>nil, "minimum_energy_efficiency_ratio"=>nil, "minimum_integrated_part_load_value"=>nil, "minimum_integrated_energy_efficiency_ratio"=>nil, "minimum_combined_energy_efficiency_ratio"=>nil, "pthp_eer_coefficient_1"=>nil, "pthp_eer_coefficient_2"=>nil, "off_mode_power"=>nil, "minimum_coefficient_of_performance_no_fan_cooling"=>nil}
{"equipment_type"=>"Through the Wall", "cooling_type"=>"AirCooled", "heating_type"=>"Any", "configuration"=>nil, "subcategory"=>"Single Package", "application"=>nil, "rating_condition"=>nil, "electric_power_phase"=>nil, "region"=>nil, "minimum_capacity"=>0, "maximum_capacity"=>30000, "start_date"=>"1919-09-09T00:00:00+00:00", "end_date"=>"2999-09-09T00:00:00+00:00", "minimum_seasonal_energy_efficiency_ratio"=>12, "minimum_seasonal_energy_efficiency_ratio_2"=>nil, "minimum_energy_efficiency_ratio"=>nil, "minimum_integrated_part_load_value"=>nil, "minimum_integrated_energy_efficiency_ratio"=>nil, "minimum_combined_energy_efficiency_ratio"=>nil, "pthp_eer_coefficient_1"=>nil, "pthp_eer_coefficient_2"=>nil, "off_mode_power"=>nil, "minimum_coefficient_of_performance_no_fan_cooling"=>nil}
[15:17:28.209060 WARN] [openstudio.measure.OSRunner] [openstudio.standards.Model] Find object search criteria returned 2 results, the first one will be returned. Called from :/ruby/3.2.0/gems/openstudio-standards-0.8.5/lib/openstudio-standards/standards/Standards.CoilCoolingDXSingleSpeed.rb:56:in `coil_cooling_dx_single_speed_standard_minimum_cop'. 
 Search criteria: 
 {"template"=>"90.1-2010", "cooling_type"=>"AirCooled", "subcategory"=>"Single Package", "region"=>nil}, capacity = 28369.273298614025 
  All results: 
 {"equipment_type"=>"Heat Pumps", "cooling_type"=>"AirCooled", "heating_type"=>"Any", "configuration"=>nil, "subcategory"=>"Single Package", "application"=>nil, "rating_condition"=>nil, "electric_power_phase"=>nil, "region"=>nil, "minimum_capacity"=>0, "maximum_capacity"=>64999.99, "start_date"=>"1919-09-09T00:00:00+00:00", "end_date"=>"2999-09-09T00:00:00+00:00", "minimum_seasonal_energy_efficiency_ratio"=>13, "minimum_seasonal_energy_efficiency_ratio_2"=>nil, "minimum_energy_efficiency_ratio"=>nil, "minimum_integrated_part_load_value"=>nil, "minimum_integrated_energy_efficiency_ratio"=>nil, "minimum_combined_energy_efficiency_ratio"=>nil, "pthp_eer_coefficient_1"=>nil, "pthp_eer_coefficient_2"=>nil, "off_mode_power"=>nil, "minimum_coefficient_of_performance_no_fan_cooling"=>nil}
{"equipment_type"=>"Through the Wall", "cooling_type"=>"AirCooled", "heating_type"=>"Any", "configuration"=>nil, "subcategory"=>"Single Package", "application"=>nil, "rating_condition"=>nil, "electric_power_phase"=>nil, "region"=>nil, "minimum_capacity"=>0, "maximum_capacity"=>30000, "start_date"=>"1919-09-09T00:00:00+00:00", "end_date"=>"2999-09-09T00:00:00+00:00", "minimum_seasonal_energy_efficiency_ratio"=>12, "minimum_seasonal_energy_efficiency_ratio_2"=>nil, "minimum_energy_efficiency_ratio"=>nil, "minimum_integrated_part_load_value"=>nil, "minimum_integrated_energy_efficiency_ratio"=>nil, "minimum_combined_energy_efficiency_ratio"=>nil, "pthp_eer_coefficient_1"=>nil, "pthp_eer_coefficient_2"=>nil, "off_mode_power"=>nil, "minimum_coefficient_of_performance_no_fan_cooling"=>nil}
[15:17:28.209177 WARN] [openstudio.measure.OSRunner] [openstudio.standards.Model] Find object search criteria returned 2 results, the first one will be returned. Called from :/ruby/3.2.0/gems/openstudio-standards-0.8.5/lib/openstudio-standards/standards/Standards.CoilCoolingDXSingleSpeed.rb:232:in `coil_cooling_dx_single_speed_apply_efficiency_and_curves'. 
 Search criteria: 
 {"template"=>"90.1-2010", "cooling_type"=>"AirCooled", "subcategory"=>"Single Package", "region"=>nil}, capacity = 24182.754597447638 
  All results: 
 {"equipment_type"=>"Heat Pumps", "cooling_type"=>"AirCooled", "heating_type"=>"Any", "configuration"=>nil, "subcategory"=>"Single Package", "application"=>nil, "rating_condition"=>nil, "electric_power_phase"=>nil, "region"=>nil, "minimum_capacity"=>0, "maximum_capacity"=>64999.99, "start_date"=>"1919-09-09T00:00:00+00:00", "end_date"=>"2999-09-09T00:00:00+00:00", "minimum_seasonal_energy_efficiency_ratio"=>13, "minimum_seasonal_energy_efficiency_ratio_2"=>nil, "minimum_energy_efficiency_ratio"=>nil, "minimum_integrated_part_load_value"=>nil, "minimum_integrated_energy_efficiency_ratio"=>nil, "minimum_combined_energy_efficiency_ratio"=>nil, "pthp_eer_coefficient_1"=>nil, "pthp_eer_coefficient_2"=>nil, "off_mode_power"=>nil, "minimum_coefficient_of_performance_no_fan_cooling"=>nil}
{"equipment_type"=>"Through the Wall", "cooling_type"=>"AirCooled", "heating_type"=>"Any", "configuration"=>nil, "subcategory"=>"Single Package", "application"=>nil, "rating_condition"=>nil, "electric_power_phase"=>nil, "region"=>nil, "minimum_capacity"=>0, "maximum_capacity"=>30000, "start_date"=>"1919-09-09T00:00:00+00:00", "end_date"=>"2999-09-09T00:00:00+00:00", "minimum_seasonal_energy_efficiency_ratio"=>12, "minimum_seasonal_energy_efficiency_ratio_2"=>nil, "minimum_energy_efficiency_ratio"=>nil, "minimum_integrated_part_load_value"=>nil, "minimum_integrated_energy_efficiency_ratio"=>nil, "minimum_combined_energy_efficiency_ratio"=>nil, "pthp_eer_coefficient_1"=>nil, "pthp_eer_coefficient_2"=>nil, "off_mode_power"=>nil, "minimum_coefficient_of_performance_no_fan_cooling"=>nil}
[15:17:28.209214 WARN] [openstudio.measure.OSRunner] [openstudio.standards.Model] Find object search criteria returned 2 results, the first one will be returned. Called from :/ruby/3.2.0/gems/openstudio-standards-0.8.5/lib/openstudio-standards/standards/Standards.CoilCoolingDXSingleSpeed.rb:56:in `coil_cooling_dx_single_speed_standard_minimum_cop'. 
 Search criteria: 
 {"template"=>"90.1-2010", "cooling_type"=>"AirCooled", "subcategory"=>"Single Package", "region"=>nil}, capacity = 24182.754597447638 
  All results: 
 {"equipment_type"=>"Heat Pumps", "cooling_type"=>"AirCooled", "heating_type"=>"Any", "configuration"=>nil, "subcategory"=>"Single Package", "application"=>nil, "rating_condition"=>nil, "electric_power_phase"=>nil, "region"=>nil, "minimum_capacity"=>0, "maximum_capacity"=>64999.99, "start_date"=>"1919-09-09T00:00:00+00:00", "end_date"=>"2999-09-09T00:00:00+00:00", "minimum_seasonal_energy_efficiency_ratio"=>13, "minimum_seasonal_energy_efficiency_ratio_2"=>nil, "minimum_energy_efficiency_ratio"=>nil, "minimum_integrated_part_load_value"=>nil, "minimum_integrated_energy_efficiency_ratio"=>nil, "minimum_combined_energy_efficiency_ratio"=>nil, "pthp_eer_coefficient_1"=>nil, "pthp_eer_coefficient_2"=>nil, "off_mode_power"=>nil, "minimum_coefficient_of_performance_no_fan_cooling"=>nil}
{"equipment_type"=>"Through the Wall", "cooling_type"=>"AirCooled", "heating_type"=>"Any", "configuration"=>nil, "subcategory"=>"Single Package", "application"=>nil, "rating_condition"=>nil, "electric_power_phase"=>nil, "region"=>nil, "minimum_capacity"=>0, "maximum_capacity"=>30000, "start_date"=>"1919-09-09T00:00:00+00:00", "end_date"=>"2999-09-09T00:00:00+00:00", "minimum_seasonal_energy_efficiency_ratio"=>12, "minimum_seasonal_energy_efficiency_ratio_2"=>nil, "minimum_energy_efficiency_ratio"=>nil, "minimum_integrated_part_load_value"=>nil, "minimum_integrated_energy_efficiency_ratio"=>nil, "minimum_combined_energy_efficiency_ratio"=>nil, "pthp_eer_coefficient_1"=>nil, "pthp_eer_coefficient_2"=>nil, "off_mode_power"=>nil, "minimum_coefficient_of_performance_no_fan_cooling"=>nil}
