
OS:Version,
  {82d9fcf5-678b-44f3-8685-b0a5e7584340}, !- Handle
  3.11.0;                                 !- Version Identifier

OS:Site,
  {272d9a4d-ec25-4bbb-b083-822aef42268c}, !- Handle
  Denver-Aurora-Buckley AFB,              !- Name
  39.72,                                  !- Latitude {deg}
  -104.75,                                !- Longitude {deg}
  -7,                                     !- Time Zone {hr}
  1726,                                   !- Elevation {m}
  City;                                   !- Terrain

OS:YearDescription,
  {946a3f36-6a26-4d77-9dd6-2ba19ae10e9d}, !- Handle
  ,                                       !- Calendar Year
  Sunday,                                 !- Day of Week for Start Day
  ;                                       !- Is Leap Year

OS:ClimateZones,
  {baf278c1-59d7-4c93-a0d1-4ef3c09b9d2b}, !- Handle
  ASHRAE,                                 !- Climate Zone Institution Name 1
  ANSI/ASHRAE Standard 169,               !- Climate Zone Document Name 1
  2006,                                   !- Climate Zone Document Year 1
  5B,                                     !- Climate Zone Value 1
  CEC,                                    !- Climate Zone Institution Name 2
  California Climate Zone Descriptions,   !- Climate Zone Document Name 2
  1995,                                   !- Climate Zone Document Year 2
  ;                                       !- Climate Zone Value 2

OS:Building,
  {a7cf4cff-4723-488b-887e-4787bc032293}, !- Handle
  90.1-2004|SmallOffice,                  !- Name
  ,                                       !- Building Sector Type
  ,                                       !- North Axis {deg}
  ,                                       !- Nominal Floor to Floor Height {m}
  {2d524ba6-938a-4aa5-a16a-60a01316a593}, !- Space Type Name
  {0725dc3c-7da8-4934-847a-7465ede97dbd}, !- Default Construction Set Name
  ,                                       !- Default Schedule Set Name
  ,                                       !- Standards Number of Stories
  ,                                       !- Standards Number of Above Ground Stories
  ,                                       !- Standards Template
  Office;                                 !- Standards Building Type

OS:Facility,
  {fabc41a8-018f-4730-a73a-b7ae2e5ab091}; !- Handle

OS:SimulationControl,
  {c0b51378-f9a5-4264-951f-3845cfc487fd}, !- Handle
  Yes,                                    !- Do Zone Sizing Calculation
  Yes,                                    !- Do System Sizing Calculation
  Yes,                                    !- Do Plant Sizing Calculation
  No,                                     !- Run Simulation for Sizing Periods
  Yes,                                    !- Run Simulation for Weather File Run Periods
  ,                                       !- Loads Convergence Tolerance Value {W}
  ,                                       !- Temperature Convergence Tolerance Value {deltaC}
  ,                                       !- Solar Distribution
  ,                                       !- Maximum Number of Warmup Days
  ,                                       !- Minimum Number of Warmup Days
  No,                                     !- Do HVAC Sizing Simulation for Sizing Periods
  1;                                      !- Maximum Number of HVAC Sizing Simulation Passes

OS:Sizing:Parameters,
  {1caa628a-3341-4dc5-9562-7eeadd446702}, !- Handle
  1.25,                                   !- Heating Sizing Factor
  1.15;                                   !- Cooling Sizing Factor

OS:Timestep,
  {c2c6746b-24c1-41c2-b729-10b5c6f39ac2}, !- Handle
  6;                                      !- Number of Timesteps per Hour

OS:ShadowCalculation,
  {e67c08e0-9a8b-4a4e-ab1e-827994bc5b35}, !- Handle
  PolygonClipping,                        !- Shading Calculation Method
  ,                                       !- Shading Calculation Update Frequency Method
  20,                                     !- Shading Calculation Update Frequency
  15000,                                  !- Maximum Figures in Shadow Overlap Calculations
  ,                                       !- Polygon Clipping Algorithm
  512,                                    !- Pixel Counting Resolution
  ,                                       !- Sky Diffuse Modeling Algorithm
  No,                                     !- Output External Shading Calculation Results
  No,                                     !- Disable Self-Shading Within Shading Zone Groups
  No;                                     !- Disable Self-Shading From Shading Zone Groups to Other Zones

OS:HeatBalanceAlgorithm,
  {725911ee-54f7-4795-8478-cf911a0ed27b}, !- Handle
  ConductionTransferFunction,             !- Algorithm
  200;                                    !- Surface Temperature Upper Limit {C}

OS:RunPeriod,
  {7469a5bc-4640-4f8e-97a5-76bbab6c6ce3}, !- Handle
  Run Period 1,                           !- Name
  1,                                      !- Begin Month
  1,                                      !- Begin Day of Month
  12,                                     !- End Month
  31,                                     !- End Day of Month
  ,                                       !- Use Weather File Holidays and Special Days
  ,                                       !- Use Weather File Daylight Saving Period
  ,                                       !- Apply Weekend Holiday Rule
  ,                                       !- Use Weather File Rain Indicators
  ,                                       !- Use Weather File Snow Indicators
  ;                                       !- Number of Times Runperiod to be Repeated

OS:LifeCycleCost:Parameters,
  {3211a355-a908-48bb-94b2-04a21ec5b106}, !- Handle
  ,                                       !- Analysis Type
  ,                                       !- Discounting Convention
  ,                                       !- Inflation Approach
  ,                                       !- Real Discount Rate
  ,                                       !- Nominal Discount Rate
  ,                                       !- Inflation
  ,                                       !- Base Date Month
  ,                                       !- Base Date Year
  ,                                       !- Service Date Month
  ,                                       !- Service Date Year
  ;                                       !- Length of Study Period in Years

OS:Output:Variable,
  {1e9a37ee-72be-4a79-9921-ca5d1e0e3a3d}, !- Handle
  Output Variable 1,                      !- Name
  *,                                      !- Key Value
  Site Outdoor Air Drybulb Temperature,   !- Variable Name
  Hourly;                                 !- Reporting Frequency

OS:SizingPeriod:DesignDay,
  {70061ee0-6d40-4327-a6a2-ed9bd71df68e}, !- Handle
  Denver.Intl.AP Ann Clg .4% Condns WB=>MDB, !- Name
  27.2,                                   !- Maximum Dry-Bulb Temperature {C}
  14.8,                                   !- Daily Dry-Bulb Temperature Range {deltaC}
  83009,                                  !- Barometric Pressure {Pa}
  4.2,                                    !- Wind Speed {m/s}
  20,                                     !- Wind Direction {deg}
  ,                                       !- Sky Clearness
  No,                                     !- Rain Indicator
  No,                                     !- Snow Indicator
  21,                                     !- Day of Month
  7,                                      !- Month
  SummerDesignDay,                        !- Day Type
  No,                                     !- Daylight Saving Time Indicator
  Wetbulb,                                !- Humidity Condition Type
  ,                                       !- Humidity Condition Day Schedule Name
  18.2,                                   !- Wetbulb or DewPoint at Maximum Dry-Bulb {C}
  ,                                       !- Humidity Ratio at Maximum Dry-Bulb {kgWater/kgDryAir}
  ,                                       !- Enthalpy at Maximum Dry-Bulb {J/kg}
  DefaultMultipliers,                     !- Dry-Bulb Temperature Range Modifier Type
  ,                                       !- Dry-Bulb Temperature Range Modifier Day Schedule Name
  ASHRAETau2017;                          !- Solar Model Indicator

OS:SizingPeriod:DesignDay,
  {90834b46-30d2-4d31-8e37-3240c24fe31a}, !- Handle
  Denver.Intl.AP Ann Clg .4% Condns DB=>MWB, !- Name
  34.9,                                   !- Maximum Dry-Bulb Temperature {C}
  17.3,                                   !- Daily Dry-Bulb Temperature Range {deltaC}
  83009,                                  !- Barometric Pressure {Pa}
  4.2,                                    !- Wind Speed {m/s}
  20,                                     !- Wind Direction {deg}
  ,                                       !- Sky Clearness
  No,                                     !- Rain Indicator
  No,                                     !- Snow Indicator
  21,                                     !- Day of Month
  7,                                      !- Month
  SummerDesignDay,                        !- Day Type
  No,                                     !- Daylight Saving Time Indicator
  Wetbulb,                                !- Humidity Condition Type
  ,                                       !- Humidity Condition Day Schedule Name
  15.5,                                   !- Wetbulb or DewPoint at Maximum Dry-Bulb {C}
  ,                                       !- Humidity Ratio at Maximum Dry-Bulb {kgWater/kgDryAir}
  ,                                       !- Enthalpy at Maximum Dry-Bulb {J/kg}
  DefaultMultipliers,                     !- Dry-Bulb Temperature Range Modifier Type
  ,                                       !- Dry-Bulb Temperature Range Modifier Day Schedule Name
  ASHRAETau2017;                          !- Solar Model Indicator

OS:SizingPeriod:DesignDay,
  {8d8e8db2-47ff-41d6-b0cd-cccf9cc3afde}, !- Handle
  Denver.Intl.AP Ann Htg 99.6% Condns DB, !- Name
  -17.9,                                  !- Maximum Dry-Bulb Temperature {C}
  0,                                      !- Daily Dry-Bulb Temperature Range {deltaC}
  83009,                                  !- Barometric Pressure {Pa}
  3.4,                                    !- Wind Speed {m/s}
  230,                                    !- Wind Direction {deg}
  0,                                      !- Sky Clearness
  No,                                     !- Rain Indicator
  No,                                     !- Snow Indicator
  21,                                     !- Day of Month
  12,                                     !- Month
  WinterDesignDay,                        !- Day Type
  No,                                     !- Daylight Saving Time Indicator
  Wetbulb,                                !- Humidity Condition Type
  ,                                       !- Humidity Condition Day Schedule Name
  -17.9,                                  !- Wetbulb or DewPoint at Maximum Dry-Bulb {C}
  ,                                       !- Humidity Ratio at Maximum Dry-Bulb {kgWater/kgDryAir}
  ,                                       !- Enthalpy at Maximum Dry-Bulb {J/kg}
  DefaultMultipliers,                     !- Dry-Bulb Temperature Range Modifier Type
  ,                                       !- Dry-Bulb Temperature Range Modifier Day Schedule Name
  ASHRAEClearSky;                         !- Solar Model Indicator

OS:RadianceParameters,
  {e1b3eb38-cbeb-4cac-9090-61026be48ad1}, !- Handle
  1,                                      !- Accumulated Rays per Record
  0,                                      !- Direct Threshold
  1,                                      !- Direct Certainty
  1,                                      !- Direct Jitter
  1,                                      !- Direct Pretest
  6,                                      !- Ambient Bounces VMX
  2,                                      !- Ambient Bounces DMX
  4050,                                   !- Ambient Divisions VMX
  512,                                    !- Ambient Divisions DMX
  256,                                    !- Ambient Supersamples
  0.001,                                  !- Limit Weight VMX
  0.001,                                  !- Limit Weight DMX
  500,                                    !- Klems Sampling Density
  146;                                    !- Sky Discretization Resolution

OS:ProgramControl,
  {5d2494cc-6c3c-46fd-b9b5-548112373018}; !- Handle

OS:OutputControl:ReportingTolerances,
  {717a5234-40ec-4668-ab25-c211810931d8}, !- Handle
  0.555555555555556,                      !- Tolerance for Time Heating Setpoint Not Met {deltaC}
  0.555555555555556;                      !- Tolerance for Time Cooling Setpoint Not Met {deltaC}

OS:ConvergenceLimits,
  {04a7f16a-7bdc-40e9-8456-b424203b3fee}, !- Handle
  1;                                      !- Minimum System Timestep {minutes}

OS:SurfaceConvectionAlgorithm:Inside,
  {9b63b257-3e77-4c30-9059-75d2ae1d5972}, !- Handle
  TARP;                                   !- Algorithm

OS:SurfaceConvectionAlgorithm:Outside,
  {25186278-c58d-4dc0-a0a1-5a55cde7738d}, !- Handle
  DOE-2;                                  !- Algorithm

OS:ZoneAirHeatBalanceAlgorithm,
  {abdb732e-ada0-478e-8165-66badb4da080}, !- Handle
  ,                                       !- Algorithm
  ,                                       !- Do Space Heat Balance for Sizing
  ;                                       !- Do Space Heat Balance for Simulation

OS:ZoneAirContaminantBalance,
  {2cfe22f5-7ce7-4d18-9468-565facbba87b}; !- Handle

OS:ZoneCapacitanceMultiplier:ResearchSpecial,
  {42dc2f49-5f78-411b-80e6-bd7823e5d2a8}, !- Handle
  ,                                       !- Temperature Capacity Multiplier
  ,                                       !- Humidity Capacity Multiplier
  ;                                       !- Carbon Dioxide Capacity Multiplier

OS:Output:JSON,
  {117b116b-cd22-4ed2-a326-4cbe936b350e}, !- Handle
  TimeSeriesAndTabular,                   !- Option Type
  No,                                     !- Output JSON
  No,                                     !- Output CBOR
  No;                                     !- Output MessagePack

OS:Output:Table:SummaryReports,
  {91476d2d-b6ff-4090-8db1-3d1b7bdebd52}, !- Handle
  AllSummary;                             !- Report Name 1

OS:Output:Diagnostics,
  {352a68fc-2fac-4182-8e24-ba5fb4135505}; !- Handle

OS:WeatherFile,
  {708b5976-aa45-460a-bbe4-15fd61a403d4}, !- Handle
  Denver Intl Ap,                         !- City
  CO,                                     !- State Province Region
  USA,                                    !- Country
  TMY3,                                   !- Data Source
  725650,                                 !- WMO Number
  39.83,                                  !- Latitude {deg}
  -104.65,                                !- Longitude {deg}
  -7,                                     !- Time Zone {hr}
  1650,                                   !- Elevation {m}
  C:/All_repos/openstudio-ee-gem/lib/measures/ReportRetrofitImpacts/tests/weather/USA_CO_Denver.Intl.AP.725650_TMY3.epw, !- Url
  E23378AA,                               !- Checksum
  ,                                       !- Start Date Actual Year
  Sunday;                                 !- Start Day of Week

OS:SpaceType,
  {2d524ba6-938a-4aa5-a16a-60a01316a593}, !- Handle
  Office WholeBuilding - Sm Office - 90.1-2004, !- Name
  ,                                       !- Default Construction Set Name
  {18c6f29a-5274-4fc6-80cf-2977d57b8bb1}, !- Default Schedule Set Name
  {c1ac88cf-42fe-4bc1-acc5-40ac0a84d4e1}, !- Group Rendering Name
  {f6939239-a7f7-4c1c-89da-06f15e333e01}, !- Design Specification Outdoor Air Object Name
  ,                                       !- Standards Template
  Office,                                 !- Standards Building Type
  WholeBuilding - Sm Office;              !- Standards Space Type

OS:Rendering:Color,
  {c1ac88cf-42fe-4bc1-acc5-40ac0a84d4e1}, !- Handle
  Office WholeBuilding - Sm Office,       !- Name
  120,                                    !- Rendering Red Value
  230,                                    !- Rendering Green Value
  199;                                    !- Rendering Blue Value

OS:BuildingStory,
  {1e33076a-630f-4879-b290-259ebc495ccb}, !- Handle
  Story ground,                           !- Name
  0,                                      !- Nominal Z Coordinate {m}
  3.048,                                  !- Nominal Floor to Floor Height {m}
  ,                                       !- Default Construction Set Name
  ,                                       !- Default Schedule Set Name
  ;                                       !- Group Rendering Name

OS:Space,
  {83c4e9ff-5637-4707-a2aa-6eb7c30581ba}, !- Handle
  West Perimeter Space - Story ground,    !- Name
  ,                                       !- Space Type Name
  ,                                       !- Default Construction Set Name
  ,                                       !- Default Schedule Set Name
  -0,                                     !- Direction of Relative North {deg}
  -13.1982271536748,                      !- X Origin {m}
  -8.7988181024499,                       !- Y Origin {m}
  0,                                      !- Z Origin {m}
  {1e33076a-630f-4879-b290-259ebc495ccb}, !- Building Story Name
  {20ca12e3-2919-4b88-b4c1-e6fa3cd500cb}; !- Thermal Zone Name

OS:Surface,
  {8bf2ac38-e4ec-45ce-ae28-336763d4fefe}, !- Handle
  West Perimeter Space - Story ground Floor 1, !- Name
  Floor,                                  !- Surface Type
  {62d8ba66-b619-4e18-b044-15a4692ffeab}, !- Construction Name
  {83c4e9ff-5637-4707-a2aa-6eb7c30581ba}, !- Space Name
  GroundFCfactorMethod,                   !- Outside Boundary Condition
  ,                                       !- Outside Boundary Condition Object
  NoSun,                                  !- Sun Exposure
  NoWind,                                 !- Wind Exposure
  ,                                       !- View Factor to Ground
  ,                                       !- Number of Vertices
  4.61852778244065e-14, -3.5527136788005e-15, 0, !- X,Y,Z Vertex 1 {m}
  4.61852778244065e-14, 17.5976362048998, 0, !- X,Y,Z Vertex 2 {m}
  4.572, 13.0256362048998, 0,             !- X,Y,Z Vertex 3 {m}
  4.572, 4.572, 0;                        !- X,Y,Z Vertex 4 {m}

OS:Surface,
  {337e37ed-651c-4887-8ead-1641166dfb30}, !- Handle
  West Perimeter Space - Story ground Wall 4, !- Name
  Wall,                                   !- Surface Type
  ,                                       !- Construction Name
  {83c4e9ff-5637-4707-a2aa-6eb7c30581ba}, !- Space Name
  Outdoors,                               !- Outside Boundary Condition
  ,                                       !- Outside Boundary Condition Object
  SunExposed,                             !- Sun Exposure
  WindExposed,                            !- Wind Exposure
  ,                                       !- View Factor to Ground
  ,                                       !- Number of Vertices
  4.61852778244065e-14, -3.5527136788005e-15, 3.048, !- X,Y,Z Vertex 1 {m}
  4.61852778244065e-14, 17.5976362048998, 3.048, !- X,Y,Z Vertex 2 {m}
  4.61852778244065e-14, 17.5976362048998, 0, !- X,Y,Z Vertex 3 {m}
  4.61852778244065e-14, -3.5527136788005e-15, 0; !- X,Y,Z Vertex 4 {m}

OS:Surface,
  {2b1480a4-4408-46c5-98be-04d9f1269ebc}, !- Handle
  West Perimeter Space - Story ground Wall 2, !- Name
  Wall,                                   !- Surface Type
  ,                                       !- Construction Name
  {83c4e9ff-5637-4707-a2aa-6eb7c30581ba}, !- Space Name
  Surface,                                !- Outside Boundary Condition
  {5cc39490-1eaa-4d88-b440-e04ded44fcec}, !- Outside Boundary Condition Object
  NoSun,                                  !- Sun Exposure
  NoWind,                                 !- Wind Exposure
  ,                                       !- View Factor to Ground
  ,                                       !- Number of Vertices
  4.572, 13.0256362048998, 3.048,         !- X,Y,Z Vertex 1 {m}
  4.572, 13.0256362048998, 0,             !- X,Y,Z Vertex 2 {m}
  4.61852778244065e-14, 17.5976362048998, 0, !- X,Y,Z Vertex 3 {m}
  4.61852778244065e-14, 17.5976362048998, 3.048; !- X,Y,Z Vertex 4 {m}

OS:Surface,
  {bd67a66c-92be-41a5-9179-ae5cdfd439ff}, !- Handle
  West Perimeter Space - Story ground Wall 3, !- Name
  Wall,                                   !- Surface Type
  ,                                       !- Construction Name
  {83c4e9ff-5637-4707-a2aa-6eb7c30581ba}, !- Space Name
  Surface,                                !- Outside Boundary Condition
  {3cdf4a11-4eaf-47de-b1a3-fc7fc61dd142}, !- Outside Boundary Condition Object
  NoSun,                                  !- Sun Exposure
  NoWind,                                 !- Wind Exposure
  ,                                       !- View Factor to Ground
  ,                                       !- Number of Vertices
  4.572, 4.572, 3.048,                    !- X,Y,Z Vertex 1 {m}
  4.572, 4.572, 0,                        !- X,Y,Z Vertex 2 {m}
  4.572, 13.0256362048998, 0,             !- X,Y,Z Vertex 3 {m}
  4.572, 13.0256362048998, 3.048;         !- X,Y,Z Vertex 4 {m}

OS:Surface,
  {d437af05-c384-4365-80b4-124f5d2fb6e9}, !- Handle
  West Perimeter Space - Story ground Wall 1, !- Name
  Wall,                                   !- Surface Type
  ,                                       !- Construction Name
  {83c4e9ff-5637-4707-a2aa-6eb7c30581ba}, !- Space Name
  Surface,                                !- Outside Boundary Condition
  {8ee26dd7-adb8-4031-8c13-9ad4213af69c}, !- Outside Boundary Condition Object
  NoSun,                                  !- Sun Exposure
  NoWind,                                 !- Wind Exposure
  ,                                       !- View Factor to Ground
  ,                                       !- Number of Vertices
  4.61852778244065e-14, -3.5527136788005e-15, 3.048, !- X,Y,Z Vertex 1 {m}
  4.61852778244065e-14, -3.5527136788005e-15, 0, !- X,Y,Z Vertex 2 {m}
  4.572, 4.572, 0,                        !- X,Y,Z Vertex 3 {m}
  4.572, 4.572, 3.048;                    !- X,Y,Z Vertex 4 {m}

OS:Surface,
  {323c4460-98ac-4fd9-9f59-ba67420e3ceb}, !- Handle
  West Perimeter Space - Story ground RoofCeiling 1, !- Name
  RoofCeiling,                            !- Surface Type
  ,                                       !- Construction Name
  {83c4e9ff-5637-4707-a2aa-6eb7c30581ba}, !- Space Name
  Outdoors,                               !- Outside Boundary Condition
  ,                                       !- Outside Boundary Condition Object
  SunExposed,                             !- Sun Exposure
  WindExposed,                            !- Wind Exposure
  ,                                       !- View Factor to Ground
  ,                                       !- Number of Vertices
  4.572, 4.572, 3.048,                    !- X,Y,Z Vertex 1 {m}
  4.572, 13.0256362048998, 3.048,         !- X,Y,Z Vertex 2 {m}
  4.61852778244065e-14, 17.5976362048998, 3.048, !- X,Y,Z Vertex 3 {m}
  4.61852778244065e-14, -3.5527136788005e-15, 3.048; !- X,Y,Z Vertex 4 {m}

OS:ThermalZone,
  {20ca12e3-2919-4b88-b4c1-e6fa3cd500cb}, !- Handle
  Zone West Perimeter Space - Story ground, !- Name
  1,                                      !- Multiplier
  ,                                       !- Ceiling Height {m}
  ,                                       !- Volume {m3}
  ,                                       !- Floor Area {m2}
  ,                                       !- Zone Inside Convection Algorithm
  ,                                       !- Zone Outside Convection Algorithm
  ,                                       !- Zone Conditioning Equipment List Name
  {076a86e3-095f-4a93-a893-97cc9dbdd265}, !- Zone Air Inlet Port List
  {eb4e5d0e-c7a8-48bc-8eea-cb45953c44f4}, !- Zone Air Exhaust Port List
  {3b0b6324-c4c7-4a92-b58e-e7f308e651bc}, !- Zone Air Node Name
  {335491c4-1d3d-472a-bc70-e14969b302eb}, !- Zone Return Air Port List
  ,                                       !- Primary Daylighting Control Name
  ,                                       !- Fraction of Zone Controlled by Primary Daylighting Control
  ,                                       !- Secondary Daylighting Control Name
  ,                                       !- Fraction of Zone Controlled by Secondary Daylighting Control
  ,                                       !- Illuminance Map Name
  ,                                       !- Group Rendering Name
  {69c80ad0-fa48-40c3-b766-1bb0c252c653}, !- Thermostat Name
  No;                                     !- Use Ideal Air Loads

OS:Node,
  {f91f8f30-5cc8-478b-a871-dc9cdaf0d4e3}, !- Handle
  Zone West Perimeter Space - Story ground Zone Air Node, !- Name
  {3b0b6324-c4c7-4a92-b58e-e7f308e651bc}, !- Inlet Port
  ;                                       !- Outlet Port

OS:Connection,
  {3b0b6324-c4c7-4a92-b58e-e7f308e651bc}, !- Handle
  {20ca12e3-2919-4b88-b4c1-e6fa3cd500cb}, !- Source Object
  11,                                     !- Outlet Port
  {f91f8f30-5cc8-478b-a871-dc9cdaf0d4e3}, !- Target Object
  2;                                      !- Inlet Port

OS:PortList,
  {076a86e3-095f-4a93-a893-97cc9dbdd265}, !- Handle
  {20ca12e3-2919-4b88-b4c1-e6fa3cd500cb}, !- HVAC Component
  {8011417f-00b1-483d-96c3-b1e140ef2acb}; !- Port 1

OS:PortList,
  {eb4e5d0e-c7a8-48bc-8eea-cb45953c44f4}, !- Handle
  {20ca12e3-2919-4b88-b4c1-e6fa3cd500cb}; !- HVAC Component

OS:PortList,
  {335491c4-1d3d-472a-bc70-e14969b302eb}, !- Handle
  {20ca12e3-2919-4b88-b4c1-e6fa3cd500cb}, !- HVAC Component
  {71105c0d-2b0f-48e2-951e-5f26e253fecf}; !- Port 1

OS:Sizing:Zone,
  {20eed265-9f9e-4f1a-8e0d-3a7fd8430107}, !- Handle
  {20ca12e3-2919-4b88-b4c1-e6fa3cd500cb}, !- Zone or ZoneList Name
  SupplyAirTemperature,                   !- Zone Cooling Design Supply Air Temperature Input Method
  12.7777777777778,                       !- Zone Cooling Design Supply Air Temperature {C}
  11.11,                                  !- Zone Cooling Design Supply Air Temperature Difference {deltaC}
  SupplyAirTemperature,                   !- Zone Heating Design Supply Air Temperature Input Method
  50.0000000000001,                       !- Zone Heating Design Supply Air Temperature {C}
  11.11,                                  !- Zone Heating Design Supply Air Temperature Difference {deltaC}
  0.0085,                                 !- Zone Cooling Design Supply Air Humidity Ratio {kg-H2O/kg-air}
  0.008,                                  !- Zone Heating Design Supply Air Humidity Ratio {kg-H2O/kg-air}
  ,                                       !- Zone Heating Sizing Factor
  ,                                       !- Zone Cooling Sizing Factor
  DesignDay,                              !- Cooling Design Air Flow Method
  ,                                       !- Cooling Design Air Flow Rate {m3/s}
  ,                                       !- Cooling Minimum Air Flow per Zone Floor Area {m3/s-m2}
  ,                                       !- Cooling Minimum Air Flow {m3/s}
  ,                                       !- Cooling Minimum Air Flow Fraction
  DesignDay,                              !- Heating Design Air Flow Method
  ,                                       !- Heating Design Air Flow Rate {m3/s}
  ,                                       !- Heating Maximum Air Flow per Zone Floor Area {m3/s-m2}
  ,                                       !- Heating Maximum Air Flow {m3/s}
  ,                                       !- Heating Maximum Air Flow Fraction
  No,                                     !- Account for Dedicated Outdoor Air System
  NeutralSupplyAir,                       !- Dedicated Outdoor Air System Control Strategy
  autosize,                               !- Dedicated Outdoor Air Low Setpoint Temperature for Design {C}
  autosize,                               !- Dedicated Outdoor Air High Setpoint Temperature for Design {C}
  Sensible Load Only No Latent Load,      !- Zone Load Sizing Method
  HumidityRatioDifference,                !- Zone Latent Cooling Design Supply Air Humidity Ratio Input Method
  ,                                       !- Zone Dehumidification Design Supply Air Humidity Ratio {kgWater/kgDryAir}
  0.005,                                  !- Zone Cooling Design Supply Air Humidity Ratio Difference {kgWater/kgDryAir}
  HumidityRatioDifference,                !- Zone Latent Heating Design Supply Air Humidity Ratio Input Method
  ,                                       !- Zone Humidification Design Supply Air Humidity Ratio {kgWater/kgDryAir}
  0.005,                                  !- Zone Humidification Design Supply Air Humidity Ratio Difference {kgWater/kgDryAir}
  ,                                       !- Zone Humidistat Dehumidification Set Point Schedule Name
  ,                                       !- Zone Humidistat Humidification Set Point Schedule Name
  ,                                       !- Design Zone Air Distribution Effectiveness in Cooling Mode
  ,                                       !- Design Zone Air Distribution Effectiveness in Heating Mode
  ,                                       !- Design Zone Secondary Recirculation Fraction {dimensionless}
  ,                                       !- Design Minimum Zone Ventilation Efficiency {dimensionless}
  Coincident,                             !- Sizing Option
  None,                                   !- Heating Coil Sizing Method
  1;                                      !- Maximum Heating Capacity To Cooling Load Sizing Ratio {W/W}

OS:ZoneHVAC:EquipmentList,
  {568afaef-b516-4f12-aad4-00d0df8121a9}, !- Handle
  Zone West Perimeter Space - Story ground Zone HVAC Equipment List, !- Name
  {20ca12e3-2919-4b88-b4c1-e6fa3cd500cb}, !- Thermal Zone
  ,                                       !- Load Distribution Scheme
  {febb2125-b09c-4e75-b90f-0e3576457b44}, !- Zone Equipment 1
  1,                                      !- Zone Equipment Cooling Sequence 1
  1,                                      !- Zone Equipment Heating or No-Load Sequence 1
  ,                                       !- Zone Equipment Sequential Cooling Fraction Schedule Name 1
  ;                                       !- Zone Equipment Sequential Heating Fraction Schedule Name 1

OS:Space,
  {7ab78f69-8037-4dad-8269-74931fa47239}, !- Handle
  North Perimeter Space - Story ground,   !- Name
  ,                                       !- Space Type Name
  ,                                       !- Default Construction Set Name
  ,                                       !- Default Schedule Set Name
  -0,                                     !- Direction of Relative North {deg}
  -13.1982271536748,                      !- X Origin {m}
  8.7988181024499,                        !- Y Origin {m}
  0,                                      !- Z Origin {m}
  {1e33076a-630f-4879-b290-259ebc495ccb}, !- Building Story Name
  {ca09b244-7aed-47fb-b64e-61211282cf3a}; !- Thermal Zone Name

OS:Surface,
  {8d1c21bc-7368-4d9c-968a-1a45018d67f2}, !- Handle
  North Perimeter Space - Story ground Floor 1, !- Name
  Floor,                                  !- Surface Type
  {ef95a29b-5658-4d45-bf9e-b8bd43a75011}, !- Construction Name
  {7ab78f69-8037-4dad-8269-74931fa47239}, !- Space Name
  GroundFCfactorMethod,                   !- Outside Boundary Condition
  ,                                       !- Outside Boundary Condition Object
  NoSun,                                  !- Sun Exposure
  NoWind,                                 !- Wind Exposure
  ,                                       !- View Factor to Ground
  ,                                       !- Number of Vertices
  4.61852778244065e-14, 3.5527136788005e-15, 0, !- X,Y,Z Vertex 1 {m}
  26.3964543073496, 3.5527136788005e-15, 0, !- X,Y,Z Vertex 2 {m}
  21.8244543073497, -4.572, 0,            !- X,Y,Z Vertex 3 {m}
  4.572, -4.572, 0;                       !- X,Y,Z Vertex 4 {m}

OS:Surface,
  {2fde56da-7946-40ac-82f0-576fe0ebb258}, !- Handle
  North Perimeter Space - Story ground Wall 4, !- Name
  Wall,                                   !- Surface Type
  ,                                       !- Construction Name
  {7ab78f69-8037-4dad-8269-74931fa47239}, !- Space Name
  Outdoors,                               !- Outside Boundary Condition
  ,                                       !- Outside Boundary Condition Object
  SunExposed,                             !- Sun Exposure
  WindExposed,                            !- Wind Exposure
  ,                                       !- View Factor to Ground
  ,                                       !- Number of Vertices
  4.61852778244065e-14, 3.5527136788005e-15, 3.048, !- X,Y,Z Vertex 1 {m}
  26.3964543073496, 3.5527136788005e-15, 3.048, !- X,Y,Z Vertex 2 {m}
  26.3964543073496, 3.5527136788005e-15, 0, !- X,Y,Z Vertex 3 {m}
  4.61852778244065e-14, 3.5527136788005e-15, 0; !- X,Y,Z Vertex 4 {m}

OS:Surface,
  {423a7a4f-7626-48ca-8e96-c26c0af9ee50}, !- Handle
  North Perimeter Space - Story ground Wall 1, !- Name
  Wall,                                   !- Surface Type
  ,                                       !- Construction Name
  {7ab78f69-8037-4dad-8269-74931fa47239}, !- Space Name
  Surface,                                !- Outside Boundary Condition
  {c907276e-ea84-44b0-9900-1f51efb3cde4}, !- Outside Boundary Condition Object
  NoSun,                                  !- Sun Exposure
  NoWind,                                 !- Wind Exposure
  ,                                       !- View Factor to Ground
  ,                                       !- Number of Vertices
  21.8244543073496, -4.572, 3.048,        !- X,Y,Z Vertex 1 {m}
  21.8244543073496, -4.572, 0,            !- X,Y,Z Vertex 2 {m}
  26.3964543073496, 3.5527136788005e-15, 0, !- X,Y,Z Vertex 3 {m}
  26.3964543073496, 3.5527136788005e-15, 3.048; !- X,Y,Z Vertex 4 {m}

OS:Surface,
  {6a3de05f-e314-49d0-ba35-4f85ce473029}, !- Handle
  North Perimeter Space - Story ground Wall 2, !- Name
  Wall,                                   !- Surface Type
  ,                                       !- Construction Name
  {7ab78f69-8037-4dad-8269-74931fa47239}, !- Space Name
  Surface,                                !- Outside Boundary Condition
  {b1177b42-d993-454d-bc04-65e7a3439185}, !- Outside Boundary Condition Object
  NoSun,                                  !- Sun Exposure
  NoWind,                                 !- Wind Exposure
  ,                                       !- View Factor to Ground
  ,                                       !- Number of Vertices
  4.572, -4.572, 3.048,                   !- X,Y,Z Vertex 1 {m}
  4.572, -4.572, 0,                       !- X,Y,Z Vertex 2 {m}
  21.8244543073497, -4.572, 0,            !- X,Y,Z Vertex 3 {m}
  21.8244543073497, -4.572, 3.048;        !- X,Y,Z Vertex 4 {m}

OS:Surface,
  {5cc39490-1eaa-4d88-b440-e04ded44fcec}, !- Handle
  North Perimeter Space - Story ground Wall 3, !- Name
  Wall,                                   !- Surface Type
  ,                                       !- Construction Name
  {7ab78f69-8037-4dad-8269-74931fa47239}, !- Space Name
  Surface,                                !- Outside Boundary Condition
  {2b1480a4-4408-46c5-98be-04d9f1269ebc}, !- Outside Boundary Condition Object
  NoSun,                                  !- Sun Exposure
  NoWind,                                 !- Wind Exposure
  ,                                       !- View Factor to Ground
  ,                                       !- Number of Vertices
  4.61852778244065e-14, 0, 3.048,         !- X,Y,Z Vertex 1 {m}
  4.61852778244065e-14, 0, 0,             !- X,Y,Z Vertex 2 {m}
  4.572, -4.572, 0,                       !- X,Y,Z Vertex 3 {m}
  4.572, -4.572, 3.048;                   !- X,Y,Z Vertex 4 {m}

OS:Surface,
  {31e00403-4a5d-4c06-9bcd-9a02873b0c9e}, !- Handle
  North Perimeter Space - Story ground RoofCeiling 1, !- Name
  RoofCeiling,                            !- Surface Type
  ,                                       !- Construction Name
  {7ab78f69-8037-4dad-8269-74931fa47239}, !- Space Name
  Outdoors,                               !- Outside Boundary Condition
  ,                                       !- Outside Boundary Condition Object
  SunExposed,                             !- Sun Exposure
  WindExposed,                            !- Wind Exposure
  ,                                       !- View Factor to Ground
  ,                                       !- Number of Vertices
  4.572, -4.572, 3.048,                   !- X,Y,Z Vertex 1 {m}
  21.8244543073497, -4.572, 3.048,        !- X,Y,Z Vertex 2 {m}
  26.3964543073496, 3.5527136788005e-15, 3.048, !- X,Y,Z Vertex 3 {m}
  4.61852778244065e-14, 3.5527136788005e-15, 3.048; !- X,Y,Z Vertex 4 {m}

OS:ThermalZone,
  {ca09b244-7aed-47fb-b64e-61211282cf3a}, !- Handle
  Zone North Perimeter Space - Story ground, !- Name
  1,                                      !- Multiplier
  ,                                       !- Ceiling Height {m}
  ,                                       !- Volume {m3}
  ,                                       !- Floor Area {m2}
  ,                                       !- Zone Inside Convection Algorithm
  ,                                       !- Zone Outside Convection Algorithm
  ,                                       !- Zone Conditioning Equipment List Name
  {4ab0cb59-d873-424c-a1ae-cf1aad98a483}, !- Zone Air Inlet Port List
  {0c1b3df1-e75d-43ea-8869-61d32b909cad}, !- Zone Air Exhaust Port List
  {123c4b46-7f08-4556-a311-fc04882685b2}, !- Zone Air Node Name
  {f971d5a9-e66e-49ab-8a86-e46129dc166b}, !- Zone Return Air Port List
  ,                                       !- Primary Daylighting Control Name
  ,                                       !- Fraction of Zone Controlled by Primary Daylighting Control
  ,                                       !- Secondary Daylighting Control Name
  ,                                       !- Fraction of Zone Controlled by Secondary Daylighting Control
  ,                                       !- Illuminance Map Name
  ,                                       !- Group Rendering Name
  {57d25925-c20c-41e6-830f-eb6681a5ea66}, !- Thermostat Name
  No;                                     !- Use Ideal Air Loads

OS:Node,
  {74550f38-3aa8-4e5d-a937-48c3073cd564}, !- Handle
  Zone North Perimeter Space - Story ground Zone Air Node, !- Name
  {123c4b46-7f08-4556-a311-fc04882685b2}, !- Inlet Port
  ;                                       !- Outlet Port

OS:Connection,
  {123c4b46-7f08-4556-a311-fc04882685b2}, !- Handle
  {ca09b244-7aed-47fb-b64e-61211282cf3a}, !- Source Object
  11,                                     !- Outlet Port
  {74550f38-3aa8-4e5d-a937-48c3073cd564}, !- Target Object
  2;                                      !- Inlet Port

OS:PortList,
  {4ab0cb59-d873-424c-a1ae-cf1aad98a483}, !- Handle
  {ca09b244-7aed-47fb-b64e-61211282cf3a}, !- HVAC Component
  {cdd2716e-c856-4bc3-8093-60a25ea3c385}; !- Port 1

OS:PortList,
  {0c1b3df1-e75d-43ea-8869-61d32b909cad}, !- Handle
  {ca09b244-7aed-47fb-b64e-61211282cf3a}; !- HVAC Component

OS:PortList,
  {f971d5a9-e66e-49ab-8a86-e46129dc166b}, !- Handle
  {ca09b244-7aed-47fb-b64e-61211282cf3a}, !- HVAC Component
  {096d61ae-2b7e-42cc-80c1-4a7d6a0e75a9}; !- Port 1

OS:Sizing:Zone,
  {41c804a2-d8c2-46f4-9e31-3a9356555988}, !- Handle
  {ca09b244-7aed-47fb-b64e-61211282cf3a}, !- Zone or ZoneList Name
  SupplyAirTemperature,                   !- Zone Cooling Design Supply Air Temperature Input Method
  12.7777777777778,                       !- Zone Cooling Design Supply Air Temperature {C}
  11.11,                                  !- Zone Cooling Design Supply Air Temperature Difference {deltaC}
  SupplyAirTemperature,                   !- Zone Heating Design Supply Air Temperature Input Method
  50.0000000000001,                       !- Zone Heating Design Supply Air Temperature {C}
  11.11,                                  !- Zone Heating Design Supply Air Temperature Difference {deltaC}
  0.0085,                                 !- Zone Cooling Design Supply Air Humidity Ratio {kg-H2O/kg-air}
  0.008,                                  !- Zone Heating Design Supply Air Humidity Ratio {kg-H2O/kg-air}
  ,                                       !- Zone Heating Sizing Factor
  ,                                       !- Zone Cooling Sizing Factor
  DesignDay,                              !- Cooling Design Air Flow Method
  ,                                       !- Cooling Design Air Flow Rate {m3/s}
  ,                                       !- Cooling Minimum Air Flow per Zone Floor Area {m3/s-m2}
  ,                                       !- Cooling Minimum Air Flow {m3/s}
  ,                                       !- Cooling Minimum Air Flow Fraction
  DesignDay,                              !- Heating Design Air Flow Method
  ,                                       !- Heating Design Air Flow Rate {m3/s}
  ,                                       !- Heating Maximum Air Flow per Zone Floor Area {m3/s-m2}
  ,                                       !- Heating Maximum Air Flow {m3/s}
  ,                                       !- Heating Maximum Air Flow Fraction
  No,                                     !- Account for Dedicated Outdoor Air System
  NeutralSupplyAir,                       !- Dedicated Outdoor Air System Control Strategy
  autosize,                               !- Dedicated Outdoor Air Low Setpoint Temperature for Design {C}
  autosize,                               !- Dedicated Outdoor Air High Setpoint Temperature for Design {C}
  Sensible Load Only No Latent Load,      !- Zone Load Sizing Method
  HumidityRatioDifference,                !- Zone Latent Cooling Design Supply Air Humidity Ratio Input Method
  ,                                       !- Zone Dehumidification Design Supply Air Humidity Ratio {kgWater/kgDryAir}
  0.005,                                  !- Zone Cooling Design Supply Air Humidity Ratio Difference {kgWater/kgDryAir}
  HumidityRatioDifference,                !- Zone Latent Heating Design Supply Air Humidity Ratio Input Method
  ,                                       !- Zone Humidification Design Supply Air Humidity Ratio {kgWater/kgDryAir}
  0.005,                                  !- Zone Humidification Design Supply Air Humidity Ratio Difference {kgWater/kgDryAir}
  ,                                       !- Zone Humidistat Dehumidification Set Point Schedule Name
  ,                                       !- Zone Humidistat Humidification Set Point Schedule Name
  ,                                       !- Design Zone Air Distribution Effectiveness in Cooling Mode
  ,                                       !- Design Zone Air Distribution Effectiveness in Heating Mode
  ,                                       !- Design Zone Secondary Recirculation Fraction {dimensionless}
  ,                                       !- Design Minimum Zone Ventilation Efficiency {dimensionless}
  Coincident,                             !- Sizing Option
  None,                                   !- Heating Coil Sizing Method
  1;                                      !- Maximum Heating Capacity To Cooling Load Sizing Ratio {W/W}

OS:ZoneHVAC:EquipmentList,
  {3c0e67bc-3bd9-45fe-83ad-7721dc767ad6}, !- Handle
  Zone North Perimeter Space - Story ground Zone HVAC Equipment List, !- Name
  {ca09b244-7aed-47fb-b64e-61211282cf3a}, !- Thermal Zone
  ,                                       !- Load Distribution Scheme
  {d8613c8c-e04f-4ea9-aa9f-c3ab1c7cdaa2}, !- Zone Equipment 1
  1,                                      !- Zone Equipment Cooling Sequence 1
  1,                                      !- Zone Equipment Heating or No-Load Sequence 1
  ,                                       !- Zone Equipment Sequential Cooling Fraction Schedule Name 1
  ;                                       !- Zone Equipment Sequential Heating Fraction Schedule Name 1

OS:Space,
  {a3ca5320-0a29-4714-8f5f-7d98e8d34c42}, !- Handle
  East Perimeter Space - Story ground,    !- Name
  ,                                       !- Space Type Name
  ,                                       !- Default Construction Set Name
  ,                                       !- Default Schedule Set Name
  -0,                                     !- Direction of Relative North {deg}
  13.1982271536748,                       !- X Origin {m}
  8.7988181024499,                        !- Y Origin {m}
  0,                                      !- Z Origin {m}
  {1e33076a-630f-4879-b290-259ebc495ccb}, !- Building Story Name
  {8d96f702-83ea-4097-b354-bb2821274333}; !- Thermal Zone Name

OS:Surface,
  {c0500855-59bc-4e81-819d-8e235f8ea642}, !- Handle
  East Perimeter Space - Story ground Floor 1, !- Name
  Floor,                                  !- Surface Type
  {62d8ba66-b619-4e18-b044-15a4692ffeab}, !- Construction Name
  {a3ca5320-0a29-4714-8f5f-7d98e8d34c42}, !- Space Name
  GroundFCfactorMethod,                   !- Outside Boundary Condition
  ,                                       !- Outside Boundary Condition Object
  NoSun,                                  !- Sun Exposure
  NoWind,                                 !- Wind Exposure
  ,                                       !- View Factor to Ground
  ,                                       !- Number of Vertices
  -4.61852778244065e-14, 3.5527136788005e-15, 0, !- X,Y,Z Vertex 1 {m}
  -4.61852778244065e-14, -17.5976362048998, 0, !- X,Y,Z Vertex 2 {m}
  -4.572, -13.0256362048998, 0,           !- X,Y,Z Vertex 3 {m}
  -4.572, -4.572, 0;                      !- X,Y,Z Vertex 4 {m}

OS:Surface,
  {d1defcfd-3123-4069-93d9-cd19bda7279e}, !- Handle
  East Perimeter Space - Story ground Wall 1, !- Name
  Wall,                                   !- Surface Type
  ,                                       !- Construction Name
  {a3ca5320-0a29-4714-8f5f-7d98e8d34c42}, !- Space Name
  Outdoors,                               !- Outside Boundary Condition
  ,                                       !- Outside Boundary Condition Object
  SunExposed,                             !- Sun Exposure
  WindExposed,                            !- Wind Exposure
  ,                                       !- View Factor to Ground
  ,                                       !- Number of Vertices
  -4.61852778244065e-14, 3.5527136788005e-15, 3.048, !- X,Y,Z Vertex 1 {m}
  -4.61852778244065e-14, -17.5976362048998, 3.048, !- X,Y,Z Vertex 2 {m}
  -4.61852778244065e-14, -17.5976362048998, 0, !- X,Y,Z Vertex 3 {m}
  -4.61852778244065e-14, 3.5527136788005e-15, 0; !- X,Y,Z Vertex 4 {m}

OS:Surface,
  {ef280ec7-3191-4c2d-9f9e-3c9a0bf51911}, !- Handle
  East Perimeter Space - Story ground Wall 3, !- Name
  Wall,                                   !- Surface Type
  ,                                       !- Construction Name
  {a3ca5320-0a29-4714-8f5f-7d98e8d34c42}, !- Space Name
  Surface,                                !- Outside Boundary Condition
  {c220b3cd-b934-44f5-9faf-42be021c64d4}, !- Outside Boundary Condition Object
  NoSun,                                  !- Sun Exposure
  NoWind,                                 !- Wind Exposure
  ,                                       !- View Factor to Ground
  ,                                       !- Number of Vertices
  -4.572, -13.0256362048998, 3.048,       !- X,Y,Z Vertex 1 {m}
  -4.572, -13.0256362048998, 0,           !- X,Y,Z Vertex 2 {m}
  -4.61852778244065e-14, -17.5976362048998, 0, !- X,Y,Z Vertex 3 {m}
  -4.61852778244065e-14, -17.5976362048998, 3.048; !- X,Y,Z Vertex 4 {m}

OS:Surface,
  {c9585393-68d0-438e-9719-e335542996f6}, !- Handle
  East Perimeter Space - Story ground Wall 2, !- Name
  Wall,                                   !- Surface Type
  ,                                       !- Construction Name
  {a3ca5320-0a29-4714-8f5f-7d98e8d34c42}, !- Space Name
  Surface,                                !- Outside Boundary Condition
  {898a5960-1a03-492b-8970-2aa7196064c7}, !- Outside Boundary Condition Object
  NoSun,                                  !- Sun Exposure
  NoWind,                                 !- Wind Exposure
  ,                                       !- View Factor to Ground
  ,                                       !- Number of Vertices
  -4.572, -4.572, 3.048,                  !- X,Y,Z Vertex 1 {m}
  -4.572, -4.572, 0,                      !- X,Y,Z Vertex 2 {m}
  -4.572, -13.0256362048998, 0,           !- X,Y,Z Vertex 3 {m}
  -4.572, -13.0256362048998, 3.048;       !- X,Y,Z Vertex 4 {m}

OS:Surface,
  {c907276e-ea84-44b0-9900-1f51efb3cde4}, !- Handle
  East Perimeter Space - Story ground Wall 4, !- Name
  Wall,                                   !- Surface Type
  ,                                       !- Construction Name
  {a3ca5320-0a29-4714-8f5f-7d98e8d34c42}, !- Space Name
  Surface,                                !- Outside Boundary Condition
  {423a7a4f-7626-48ca-8e96-c26c0af9ee50}, !- Outside Boundary Condition Object
  NoSun,                                  !- Sun Exposure
  NoWind,                                 !- Wind Exposure
  ,                                       !- View Factor to Ground
  ,                                       !- Number of Vertices
  -4.61852778244065e-14, 3.5527136788005e-15, 3.048, !- X,Y,Z Vertex 1 {m}
  -4.61852778244065e-14, 3.5527136788005e-15, 0, !- X,Y,Z Vertex 2 {m}
  -4.572, -4.572, 0,                      !- X,Y,Z Vertex 3 {m}
  -4.572, -4.572, 3.048;                  !- X,Y,Z Vertex 4 {m}

OS:Surface,
  {bf9e1a0c-d38c-4c8c-af59-f356483bca16}, !- Handle
  East Perimeter Space - Story ground RoofCeiling 1, !- Name
  RoofCeiling,                            !- Surface Type
  ,                                       !- Construction Name
  {a3ca5320-0a29-4714-8f5f-7d98e8d34c42}, !- Space Name
  Outdoors,                               !- Outside Boundary Condition
  ,                                       !- Outside Boundary Condition Object
  SunExposed,                             !- Sun Exposure
  WindExposed,                            !- Wind Exposure
  ,                                       !- View Factor to Ground
  ,                                       !- Number of Vertices
  -4.572, -4.572, 3.048,                  !- X,Y,Z Vertex 1 {m}
  -4.572, -13.0256362048998, 3.048,       !- X,Y,Z Vertex 2 {m}
  -4.61852778244065e-14, -17.5976362048998, 3.048, !- X,Y,Z Vertex 3 {m}
  -4.61852778244065e-14, 3.5527136788005e-15, 3.048; !- X,Y,Z Vertex 4 {m}

OS:ThermalZone,
  {8d96f702-83ea-4097-b354-bb2821274333}, !- Handle
  Zone East Perimeter Space - Story ground, !- Name
  1,                                      !- Multiplier
  ,                                       !- Ceiling Height {m}
  ,                                       !- Volume {m3}
  ,                                       !- Floor Area {m2}
  ,                                       !- Zone Inside Convection Algorithm
  ,                                       !- Zone Outside Convection Algorithm
  ,                                       !- Zone Conditioning Equipment List Name
  {758ea58d-a011-48fc-a9bb-dbfac7532d16}, !- Zone Air Inlet Port List
  {e8cd181e-bf01-427d-b25a-aee8712a4efd}, !- Zone Air Exhaust Port List
  {b5deccdf-d7df-498e-ad3d-5984a70a5912}, !- Zone Air Node Name
  {6945c14d-14fe-4cf2-b268-8288170b4d31}, !- Zone Return Air Port List
  ,                                       !- Primary Daylighting Control Name
  ,                                       !- Fraction of Zone Controlled by Primary Daylighting Control
  ,                                       !- Secondary Daylighting Control Name
  ,                                       !- Fraction of Zone Controlled by Secondary Daylighting Control
  ,                                       !- Illuminance Map Name
  ,                                       !- Group Rendering Name
  {7dbc23e7-9c55-423d-9c74-566e8d506f43}, !- Thermostat Name
  No;                                     !- Use Ideal Air Loads

OS:Node,
  {6f0b381c-cda0-40f0-bb7c-29a020a4c8b1}, !- Handle
  Zone East Perimeter Space - Story ground Zone Air Node, !- Name
  {b5deccdf-d7df-498e-ad3d-5984a70a5912}, !- Inlet Port
  ;                                       !- Outlet Port

OS:Connection,
  {b5deccdf-d7df-498e-ad3d-5984a70a5912}, !- Handle
  {8d96f702-83ea-4097-b354-bb2821274333}, !- Source Object
  11,                                     !- Outlet Port
  {6f0b381c-cda0-40f0-bb7c-29a020a4c8b1}, !- Target Object
  2;                                      !- Inlet Port

OS:PortList,
  {758ea58d-a011-48fc-a9bb-dbfac7532d16}, !- Handle
  {8d96f702-83ea-4097-b354-bb2821274333}, !- HVAC Component
  {97cc20cd-f787-4264-ac45-933e61f77dc7}; !- Port 1

OS:PortList,
  {e8cd181e-bf01-427d-b25a-aee8712a4efd}, !- Handle
  {8d96f702-83ea-4097-b354-bb2821274333}; !- HVAC Component

OS:PortList,
  {6945c14d-14fe-4cf2-b268-8288170b4d31}, !- Handle
  {8d96f702-83ea-4097-b354-bb2821274333}, !- HVAC Component
  {a99117b1-7eed-4495-abff-0de52fcefe4a}; !- Port 1

OS:Sizing:Zone,
  {9adda0e9-0e0f-4adc-b5d3-d2914666a561}, !- Handle
  {8d96f702-83ea-4097-b354-bb2821274333}, !- Zone or ZoneList Name
  SupplyAirTemperature,                   !- Zone Cooling Design Supply Air Temperature Input Method
  12.7777777777778,                       !- Zone Cooling Design Supply Air Temperature {C}
  11.11,                                  !- Zone Cooling Design Supply Air Temperature Difference {deltaC}
  SupplyAirTemperature,                   !- Zone Heating Design Supply Air Temperature Input Method
  50.0000000000001,                       !- Zone Heating Design Supply Air Temperature {C}
  11.11,                                  !- Zone Heating Design Supply Air Temperature Difference {deltaC}
  0.0085,                                 !- Zone Cooling Design Supply Air Humidity Ratio {kg-H2O/kg-air}
  0.008,                                  !- Zone Heating Design Supply Air Humidity Ratio {kg-H2O/kg-air}
  ,                                       !- Zone Heating Sizing Factor
  ,                                       !- Zone Cooling Sizing Factor
  DesignDay,                              !- Cooling Design Air Flow Method
  ,                                       !- Cooling Design Air Flow Rate {m3/s}
  ,                                       !- Cooling Minimum Air Flow per Zone Floor Area {m3/s-m2}
  ,                                       !- Cooling Minimum Air Flow {m3/s}
  ,                                       !- Cooling Minimum Air Flow Fraction
  DesignDay,                              !- Heating Design Air Flow Method
  ,                                       !- Heating Design Air Flow Rate {m3/s}
  ,                                       !- Heating Maximum Air Flow per Zone Floor Area {m3/s-m2}
  ,                                       !- Heating Maximum Air Flow {m3/s}
  ,                                       !- Heating Maximum Air Flow Fraction
  No,                                     !- Account for Dedicated Outdoor Air System
  NeutralSupplyAir,                       !- Dedicated Outdoor Air System Control Strategy
  autosize,                               !- Dedicated Outdoor Air Low Setpoint Temperature for Design {C}
  autosize,                               !- Dedicated Outdoor Air High Setpoint Temperature for Design {C}
  Sensible Load Only No Latent Load,      !- Zone Load Sizing Method
  HumidityRatioDifference,                !- Zone Latent Cooling Design Supply Air Humidity Ratio Input Method
  ,                                       !- Zone Dehumidification Design Supply Air Humidity Ratio {kgWater/kgDryAir}
  0.005,                                  !- Zone Cooling Design Supply Air Humidity Ratio Difference {kgWater/kgDryAir}
  HumidityRatioDifference,                !- Zone Latent Heating Design Supply Air Humidity Ratio Input Method
  ,                                       !- Zone Humidification Design Supply Air Humidity Ratio {kgWater/kgDryAir}
  0.005,                                  !- Zone Humidification Design Supply Air Humidity Ratio Difference {kgWater/kgDryAir}
  ,                                       !- Zone Humidistat Dehumidification Set Point Schedule Name
  ,                                       !- Zone Humidistat Humidification Set Point Schedule Name
  ,                                       !- Design Zone Air Distribution Effectiveness in Cooling Mode
  ,                                       !- Design Zone Air Distribution Effectiveness in Heating Mode
  ,                                       !- Design Zone Secondary Recirculation Fraction {dimensionless}
  ,                                       !- Design Minimum Zone Ventilation Efficiency {dimensionless}
  Coincident,                             !- Sizing Option
  None,                                   !- Heating Coil Sizing Method
  1;                                      !- Maximum Heating Capacity To Cooling Load Sizing Ratio {W/W}

OS:ZoneHVAC:EquipmentList,
  {d85f434a-82e9-4875-90f5-cc6a721c854a}, !- Handle
  Zone East Perimeter Space - Story ground Zone HVAC Equipment List, !- Name
  {8d96f702-83ea-4097-b354-bb2821274333}, !- Thermal Zone
  ,                                       !- Load Distribution Scheme
  {9b7a1b56-733a-4164-8c63-63c3714f4c2b}, !- Zone Equipment 1
  1,                                      !- Zone Equipment Cooling Sequence 1
  1,                                      !- Zone Equipment Heating or No-Load Sequence 1
  ,                                       !- Zone Equipment Sequential Cooling Fraction Schedule Name 1
  ;                                       !- Zone Equipment Sequential Heating Fraction Schedule Name 1

OS:Space,
  {8424b6ea-bb22-4725-a328-ecb7c3005a8f}, !- Handle
  South Perimeter Space - Story ground,   !- Name
  ,                                       !- Space Type Name
  ,                                       !- Default Construction Set Name
  ,                                       !- Default Schedule Set Name
  -0,                                     !- Direction of Relative North {deg}
  13.1982271536748,                       !- X Origin {m}
  -8.7988181024499,                       !- Y Origin {m}
  0,                                      !- Z Origin {m}
  {1e33076a-630f-4879-b290-259ebc495ccb}, !- Building Story Name
  {2133983a-e10b-473b-a12d-6e7d0b1ca7a9}; !- Thermal Zone Name

OS:Surface,
  {cacf6bbb-91d2-4b72-9ae8-f293c35370b1}, !- Handle
  South Perimeter Space - Story ground Floor 1, !- Name
  Floor,                                  !- Surface Type
  {ef95a29b-5658-4d45-bf9e-b8bd43a75011}, !- Construction Name
  {8424b6ea-bb22-4725-a328-ecb7c3005a8f}, !- Space Name
  GroundFCfactorMethod,                   !- Outside Boundary Condition
  ,                                       !- Outside Boundary Condition Object
  NoSun,                                  !- Sun Exposure
  NoWind,                                 !- Wind Exposure
  ,                                       !- View Factor to Ground
  ,                                       !- Number of Vertices
  -4.61852778244065e-14, -3.5527136788005e-15, 0, !- X,Y,Z Vertex 1 {m}
  -26.3964543073496, -3.5527136788005e-15, 0, !- X,Y,Z Vertex 2 {m}
  -21.8244543073497, 4.572, 0,            !- X,Y,Z Vertex 3 {m}
  -4.572, 4.572, 0;                       !- X,Y,Z Vertex 4 {m}

OS:Surface,
  {ecf463c7-565d-411e-8c43-c88ff0bb828a}, !- Handle
  South Perimeter Space - Story ground Wall 2, !- Name
  Wall,                                   !- Surface Type
  ,                                       !- Construction Name
  {8424b6ea-bb22-4725-a328-ecb7c3005a8f}, !- Space Name
  Outdoors,                               !- Outside Boundary Condition
  ,                                       !- Outside Boundary Condition Object
  SunExposed,                             !- Sun Exposure
  WindExposed,                            !- Wind Exposure
  ,                                       !- View Factor to Ground
  ,                                       !- Number of Vertices
  -4.61852778244065e-14, -3.5527136788005e-15, 3.048, !- X,Y,Z Vertex 1 {m}
  -26.3964543073496, -3.5527136788005e-15, 3.048, !- X,Y,Z Vertex 2 {m}
  -26.3964543073496, -3.5527136788005e-15, 0, !- X,Y,Z Vertex 3 {m}
  -4.61852778244065e-14, -3.5527136788005e-15, 0; !- X,Y,Z Vertex 4 {m}

OS:Surface,
  {8ee26dd7-adb8-4031-8c13-9ad4213af69c}, !- Handle
  South Perimeter Space - Story ground Wall 3, !- Name
  Wall,                                   !- Surface Type
  ,                                       !- Construction Name
  {8424b6ea-bb22-4725-a328-ecb7c3005a8f}, !- Space Name
  Surface,                                !- Outside Boundary Condition
  {d437af05-c384-4365-80b4-124f5d2fb6e9}, !- Outside Boundary Condition Object
  NoSun,                                  !- Sun Exposure
  NoWind,                                 !- Wind Exposure
  ,                                       !- View Factor to Ground
  ,                                       !- Number of Vertices
  -21.8244543073496, 4.572, 3.048,        !- X,Y,Z Vertex 1 {m}
  -21.8244543073496, 4.572, 0,            !- X,Y,Z Vertex 2 {m}
  -26.3964543073496, -3.5527136788005e-15, 0, !- X,Y,Z Vertex 3 {m}
  -26.3964543073496, -3.5527136788005e-15, 3.048; !- X,Y,Z Vertex 4 {m}

OS:Surface,
  {afec70b6-3fa2-4a14-b18d-3889eb3213ad}, !- Handle
  South Perimeter Space - Story ground Wall 1, !- Name
  Wall,                                   !- Surface Type
  ,                                       !- Construction Name
  {8424b6ea-bb22-4725-a328-ecb7c3005a8f}, !- Space Name
  Surface,                                !- Outside Boundary Condition
  {3e7061ba-d39b-4d25-9154-b18aa0aa2de2}, !- Outside Boundary Condition Object
  NoSun,                                  !- Sun Exposure
  NoWind,                                 !- Wind Exposure
  ,                                       !- View Factor to Ground
  ,                                       !- Number of Vertices
  -4.572, 4.572, 3.048,                   !- X,Y,Z Vertex 1 {m}
  -4.572, 4.572, 0,                       !- X,Y,Z Vertex 2 {m}
  -21.8244543073497, 4.572, 0,            !- X,Y,Z Vertex 3 {m}
  -21.8244543073497, 4.572, 3.048;        !- X,Y,Z Vertex 4 {m}

OS:Surface,
  {c220b3cd-b934-44f5-9faf-42be021c64d4}, !- Handle
  South Perimeter Space - Story ground Wall 4, !- Name
  Wall,                                   !- Surface Type
  ,                                       !- Construction Name
  {8424b6ea-bb22-4725-a328-ecb7c3005a8f}, !- Space Name
  Surface,                                !- Outside Boundary Condition
  {ef280ec7-3191-4c2d-9f9e-3c9a0bf51911}, !- Outside Boundary Condition Object
  NoSun,                                  !- Sun Exposure
  NoWind,                                 !- Wind Exposure
  ,                                       !- View Factor to Ground
  ,                                       !- Number of Vertices
  -4.61852778244065e-14, 0, 3.048,        !- X,Y,Z Vertex 1 {m}
  -4.61852778244065e-14, 0, 0,            !- X,Y,Z Vertex 2 {m}
  -4.572, 4.572, 0,                       !- X,Y,Z Vertex 3 {m}
  -4.572, 4.572, 3.048;                   !- X,Y,Z Vertex 4 {m}

OS:Surface,
  {3bcbc92b-a916-491d-a1b3-a0c6938c632a}, !- Handle
  South Perimeter Space - Story ground RoofCeiling 1, !- Name
  RoofCeiling,                            !- Surface Type
  ,                                       !- Construction Name
  {8424b6ea-bb22-4725-a328-ecb7c3005a8f}, !- Space Name
  Outdoors,                               !- Outside Boundary Condition
  ,                                       !- Outside Boundary Condition Object
  SunExposed,                             !- Sun Exposure
  WindExposed,                            !- Wind Exposure
  ,                                       !- View Factor to Ground
  ,                                       !- Number of Vertices
  -4.572, 4.572, 3.048,                   !- X,Y,Z Vertex 1 {m}
  -21.8244543073497, 4.572, 3.048,        !- X,Y,Z Vertex 2 {m}
  -26.3964543073496, -3.5527136788005e-15, 3.048, !- X,Y,Z Vertex 3 {m}
  -4.61852778244065e-14, -3.5527136788005e-15, 3.048; !- X,Y,Z Vertex 4 {m}

OS:ThermalZone,
  {2133983a-e10b-473b-a12d-6e7d0b1ca7a9}, !- Handle
  Zone South Perimeter Space - Story ground, !- Name
  1,                                      !- Multiplier
  ,                                       !- Ceiling Height {m}
  ,                                       !- Volume {m3}
  ,                                       !- Floor Area {m2}
  ,                                       !- Zone Inside Convection Algorithm
  ,                                       !- Zone Outside Convection Algorithm
  ,                                       !- Zone Conditioning Equipment List Name
  {6510eda8-8a9c-455d-b369-145ce9a4ddc0}, !- Zone Air Inlet Port List
  {f7135a3a-750a-4c03-887c-18d624780613}, !- Zone Air Exhaust Port List
  {9fdd0ee9-05ca-4d07-b5af-2eb030ef970b}, !- Zone Air Node Name
  {a22efd5a-f6e7-4e5f-b8e5-5b03eb172a16}, !- Zone Return Air Port List
  ,                                       !- Primary Daylighting Control Name
  ,                                       !- Fraction of Zone Controlled by Primary Daylighting Control
  ,                                       !- Secondary Daylighting Control Name
  ,                                       !- Fraction of Zone Controlled by Secondary Daylighting Control
  ,                                       !- Illuminance Map Name
  ,                                       !- Group Rendering Name
  {e924e715-88ab-4b43-aeeb-12434351c71c}, !- Thermostat Name
  No;                                     !- Use Ideal Air Loads

OS:Node,
  {1ecfc29a-afb1-47bc-8dc3-61a35b6548c7}, !- Handle
  Zone South Perimeter Space - Story ground Zone Air Node, !- Name
  {9fdd0ee9-05ca-4d07-b5af-2eb030ef970b}, !- Inlet Port
  ;                                       !- Outlet Port

OS:Connection,
  {9fdd0ee9-05ca-4d07-b5af-2eb030ef970b}, !- Handle
  {2133983a-e10b-473b-a12d-6e7d0b1ca7a9}, !- Source Object
  11,                                     !- Outlet Port
  {1ecfc29a-afb1-47bc-8dc3-61a35b6548c7}, !- Target Object
  2;                                      !- Inlet Port

OS:PortList,
  {6510eda8-8a9c-455d-b369-145ce9a4ddc0}, !- Handle
  {2133983a-e10b-473b-a12d-6e7d0b1ca7a9}, !- HVAC Component
  {2b3dc160-d4b2-424a-9f40-088a7d885285}; !- Port 1

OS:PortList,
  {f7135a3a-750a-4c03-887c-18d624780613}, !- Handle
  {2133983a-e10b-473b-a12d-6e7d0b1ca7a9}; !- HVAC Component

OS:PortList,
  {a22efd5a-f6e7-4e5f-b8e5-5b03eb172a16}, !- Handle
  {2133983a-e10b-473b-a12d-6e7d0b1ca7a9}, !- HVAC Component
  {8fc6b778-dc7c-473a-bac2-465aecbccec0}; !- Port 1

OS:Sizing:Zone,
  {7fe9d311-356a-4adb-8f49-694bce9dd9f0}, !- Handle
  {2133983a-e10b-473b-a12d-6e7d0b1ca7a9}, !- Zone or ZoneList Name
  SupplyAirTemperature,                   !- Zone Cooling Design Supply Air Temperature Input Method
  12.7777777777778,                       !- Zone Cooling Design Supply Air Temperature {C}
  11.11,                                  !- Zone Cooling Design Supply Air Temperature Difference {deltaC}
  SupplyAirTemperature,                   !- Zone Heating Design Supply Air Temperature Input Method
  50.0000000000001,                       !- Zone Heating Design Supply Air Temperature {C}
  11.11,                                  !- Zone Heating Design Supply Air Temperature Difference {deltaC}
  0.0085,                                 !- Zone Cooling Design Supply Air Humidity Ratio {kg-H2O/kg-air}
  0.008,                                  !- Zone Heating Design Supply Air Humidity Ratio {kg-H2O/kg-air}
  ,                                       !- Zone Heating Sizing Factor
  ,                                       !- Zone Cooling Sizing Factor
  DesignDay,                              !- Cooling Design Air Flow Method
  ,                                       !- Cooling Design Air Flow Rate {m3/s}
  ,                                       !- Cooling Minimum Air Flow per Zone Floor Area {m3/s-m2}
  ,                                       !- Cooling Minimum Air Flow {m3/s}
  ,                                       !- Cooling Minimum Air Flow Fraction
  DesignDay,                              !- Heating Design Air Flow Method
  ,                                       !- Heating Design Air Flow Rate {m3/s}
  ,                                       !- Heating Maximum Air Flow per Zone Floor Area {m3/s-m2}
  ,                                       !- Heating Maximum Air Flow {m3/s}
  ,                                       !- Heating Maximum Air Flow Fraction
  No,                                     !- Account for Dedicated Outdoor Air System
  NeutralSupplyAir,                       !- Dedicated Outdoor Air System Control Strategy
  autosize,                               !- Dedicated Outdoor Air Low Setpoint Temperature for Design {C}
  autosize,                               !- Dedicated Outdoor Air High Setpoint Temperature for Design {C}
  Sensible Load Only No Latent Load,      !- Zone Load Sizing Method
  HumidityRatioDifference,                !- Zone Latent Cooling Design Supply Air Humidity Ratio Input Method
  ,                                       !- Zone Dehumidification Design Supply Air Humidity Ratio {kgWater/kgDryAir}
  0.005,                                  !- Zone Cooling Design Supply Air Humidity Ratio Difference {kgWater/kgDryAir}
  HumidityRatioDifference,                !- Zone Latent Heating Design Supply Air Humidity Ratio Input Method
  ,                                       !- Zone Humidification Design Supply Air Humidity Ratio {kgWater/kgDryAir}
  0.005,                                  !- Zone Humidification Design Supply Air Humidity Ratio Difference {kgWater/kgDryAir}
  ,                                       !- Zone Humidistat Dehumidification Set Point Schedule Name
  ,                                       !- Zone Humidistat Humidification Set Point Schedule Name
  ,                                       !- Design Zone Air Distribution Effectiveness in Cooling Mode
  ,                                       !- Design Zone Air Distribution Effectiveness in Heating Mode
  ,                                       !- Design Zone Secondary Recirculation Fraction {dimensionless}
  ,                                       !- Design Minimum Zone Ventilation Efficiency {dimensionless}
  Coincident,                             !- Sizing Option
  None,                                   !- Heating Coil Sizing Method
  1;                                      !- Maximum Heating Capacity To Cooling Load Sizing Ratio {W/W}

OS:ZoneHVAC:EquipmentList,
  {b99c81c2-afd5-490f-8ef3-1d6f8755e2d2}, !- Handle
  Zone South Perimeter Space - Story ground Zone HVAC Equipment List, !- Name
  {2133983a-e10b-473b-a12d-6e7d0b1ca7a9}, !- Thermal Zone
  ,                                       !- Load Distribution Scheme
  {670a2369-8a58-45b3-b106-cef9983a0e89}, !- Zone Equipment 1
  1,                                      !- Zone Equipment Cooling Sequence 1
  1,                                      !- Zone Equipment Heating or No-Load Sequence 1
  ,                                       !- Zone Equipment Sequential Cooling Fraction Schedule Name 1
  ;                                       !- Zone Equipment Sequential Heating Fraction Schedule Name 1

OS:Space,
  {5e2c7e8f-383a-43c9-b38f-be5bbf0c0a1a}, !- Handle
  Core Space - Story ground,              !- Name
  ,                                       !- Space Type Name
  ,                                       !- Default Construction Set Name
  ,                                       !- Default Schedule Set Name
  -0,                                     !- Direction of Relative North {deg}
  -8.62622715367485,                      !- X Origin {m}
  -4.2268181024499,                       !- Y Origin {m}
  0,                                      !- Z Origin {m}
  {1e33076a-630f-4879-b290-259ebc495ccb}, !- Building Story Name
  {dd6fddf9-ab33-41f1-8421-192729a57696}; !- Thermal Zone Name

OS:Surface,
  {96bbfd7c-755c-4bf2-a022-a89af3262f0b}, !- Handle
  Core Space - Story ground Floor 1,      !- Name
  Floor,                                  !- Surface Type
  {821355a3-3be5-4c0d-bd2a-701c5802f12a}, !- Construction Name
  {5e2c7e8f-383a-43c9-b38f-be5bbf0c0a1a}, !- Space Name
  GroundFCfactorMethod,                   !- Outside Boundary Condition
  ,                                       !- Outside Boundary Condition Object
  NoSun,                                  !- Sun Exposure
  NoWind,                                 !- Wind Exposure
  ,                                       !- View Factor to Ground
  ,                                       !- Number of Vertices
  -3.5527136788005e-15, -3.5527136788005e-15, 0, !- X,Y,Z Vertex 1 {m}
  -3.5527136788005e-15, 8.4536362048998, 0, !- X,Y,Z Vertex 2 {m}
  17.2524543073497, 8.4536362048998, 0,   !- X,Y,Z Vertex 3 {m}
  17.2524543073497, -3.5527136788005e-15, 0; !- X,Y,Z Vertex 4 {m}

OS:Surface,
  {3cdf4a11-4eaf-47de-b1a3-fc7fc61dd142}, !- Handle
  Core Space - Story ground Wall 1,       !- Name
  Wall,                                   !- Surface Type
  ,                                       !- Construction Name
  {5e2c7e8f-383a-43c9-b38f-be5bbf0c0a1a}, !- Space Name
  Surface,                                !- Outside Boundary Condition
  {bd67a66c-92be-41a5-9179-ae5cdfd439ff}, !- Outside Boundary Condition Object
  NoSun,                                  !- Sun Exposure
  NoWind,                                 !- Wind Exposure
  ,                                       !- View Factor to Ground
  ,                                       !- Number of Vertices
  4.9737991503207e-14, 8.4536362048998, 3.048, !- X,Y,Z Vertex 1 {m}
  4.9737991503207e-14, 8.4536362048998, 0, !- X,Y,Z Vertex 2 {m}
  4.9737991503207e-14, 0, 0,              !- X,Y,Z Vertex 3 {m}
  4.9737991503207e-14, 0, 3.048;          !- X,Y,Z Vertex 4 {m}

OS:Surface,
  {b1177b42-d993-454d-bc04-65e7a3439185}, !- Handle
  Core Space - Story ground Wall 2,       !- Name
  Wall,                                   !- Surface Type
  ,                                       !- Construction Name
  {5e2c7e8f-383a-43c9-b38f-be5bbf0c0a1a}, !- Space Name
  Surface,                                !- Outside Boundary Condition
  {6a3de05f-e314-49d0-ba35-4f85ce473029}, !- Outside Boundary Condition Object
  NoSun,                                  !- Sun Exposure
  NoWind,                                 !- Wind Exposure
  ,                                       !- View Factor to Ground
  ,                                       !- Number of Vertices
  17.2524543073498, 8.4536362048998, 3.048, !- X,Y,Z Vertex 1 {m}
  17.2524543073498, 8.4536362048998, 0,   !- X,Y,Z Vertex 2 {m}
  4.9737991503207e-14, 8.4536362048998, 0, !- X,Y,Z Vertex 3 {m}
  4.9737991503207e-14, 8.4536362048998, 3.048; !- X,Y,Z Vertex 4 {m}

OS:Surface,
  {898a5960-1a03-492b-8970-2aa7196064c7}, !- Handle
  Core Space - Story ground Wall 4,       !- Name
  Wall,                                   !- Surface Type
  ,                                       !- Construction Name
  {5e2c7e8f-383a-43c9-b38f-be5bbf0c0a1a}, !- Space Name
  Surface,                                !- Outside Boundary Condition
  {c9585393-68d0-438e-9719-e335542996f6}, !- Outside Boundary Condition Object
  NoSun,                                  !- Sun Exposure
  NoWind,                                 !- Wind Exposure
  ,                                       !- View Factor to Ground
  ,                                       !- Number of Vertices
  17.2524543073497, -1.77635683940025e-15, 3.048, !- X,Y,Z Vertex 1 {m}
  17.2524543073497, -1.77635683940025e-15, 0, !- X,Y,Z Vertex 2 {m}
  17.2524543073497, 8.4536362048998, 0,   !- X,Y,Z Vertex 3 {m}
  17.2524543073497, 8.4536362048998, 3.048; !- X,Y,Z Vertex 4 {m}

OS:Surface,
  {3e7061ba-d39b-4d25-9154-b18aa0aa2de2}, !- Handle
  Core Space - Story ground Wall 3,       !- Name
  Wall,                                   !- Surface Type
  ,                                       !- Construction Name
  {5e2c7e8f-383a-43c9-b38f-be5bbf0c0a1a}, !- Space Name
  Surface,                                !- Outside Boundary Condition
  {afec70b6-3fa2-4a14-b18d-3889eb3213ad}, !- Outside Boundary Condition Object
  NoSun,                                  !- Sun Exposure
  NoWind,                                 !- Wind Exposure
  ,                                       !- View Factor to Ground
  ,                                       !- Number of Vertices
  -4.9737991503207e-14, 0, 3.048,         !- X,Y,Z Vertex 1 {m}
  -4.9737991503207e-14, 0, 0,             !- X,Y,Z Vertex 2 {m}
  17.2524543073497, 0, 0,                 !- X,Y,Z Vertex 3 {m}
  17.2524543073497, 0, 3.048;             !- X,Y,Z Vertex 4 {m}

OS:Surface,
  {45276f21-8c1b-4d65-a66d-17abf7ad3e6e}, !- Handle
  Core Space - Story ground RoofCeiling 1, !- Name
  RoofCeiling,                            !- Surface Type
  ,                                       !- Construction Name
  {5e2c7e8f-383a-43c9-b38f-be5bbf0c0a1a}, !- Space Name
  Outdoors,                               !- Outside Boundary Condition
  ,                                       !- Outside Boundary Condition Object
  SunExposed,                             !- Sun Exposure
  WindExposed,                            !- Wind Exposure
  ,                                       !- View Factor to Ground
  ,                                       !- Number of Vertices
  17.2524543073497, -3.5527136788005e-15, 3.048, !- X,Y,Z Vertex 1 {m}
  17.2524543073497, 8.4536362048998, 3.048, !- X,Y,Z Vertex 2 {m}
  -3.5527136788005e-15, 8.4536362048998, 3.048, !- X,Y,Z Vertex 3 {m}
  -3.5527136788005e-15, -3.5527136788005e-15, 3.048; !- X,Y,Z Vertex 4 {m}

OS:ThermalZone,
  {dd6fddf9-ab33-41f1-8421-192729a57696}, !- Handle
  Zone Core Space - Story ground,         !- Name
  1,                                      !- Multiplier
  ,                                       !- Ceiling Height {m}
  ,                                       !- Volume {m3}
  ,                                       !- Floor Area {m2}
  ,                                       !- Zone Inside Convection Algorithm
  ,                                       !- Zone Outside Convection Algorithm
  ,                                       !- Zone Conditioning Equipment List Name
  {6fd3a2ea-a153-4daa-bce1-3b958e997dac}, !- Zone Air Inlet Port List
  {a83e15d2-7722-4bd3-8e46-bc6f0638e0de}, !- Zone Air Exhaust Port List
  {cc87c605-c956-4ea3-9cad-a7a56f2a9725}, !- Zone Air Node Name
  {c33a0793-8d0f-4d9f-ba9d-239b03e019c6}, !- Zone Return Air Port List
  ,                                       !- Primary Daylighting Control Name
  ,                                       !- Fraction of Zone Controlled by Primary Daylighting Control
  ,                                       !- Secondary Daylighting Control Name
  ,                                       !- Fraction of Zone Controlled by Secondary Daylighting Control
  ,                                       !- Illuminance Map Name
  ,                                       !- Group Rendering Name
  {3a82588d-4043-41fb-bd88-7ca0a7072f53}, !- Thermostat Name
  No;                                     !- Use Ideal Air Loads

OS:Node,
  {4b7aa2b7-ca78-48f1-8df6-fc116a80aeb0}, !- Handle
  Zone Core Space - Story ground Zone Air Node, !- Name
  {cc87c605-c956-4ea3-9cad-a7a56f2a9725}, !- Inlet Port
  ;                                       !- Outlet Port

OS:Connection,
  {cc87c605-c956-4ea3-9cad-a7a56f2a9725}, !- Handle
  {dd6fddf9-ab33-41f1-8421-192729a57696}, !- Source Object
  11,                                     !- Outlet Port
  {4b7aa2b7-ca78-48f1-8df6-fc116a80aeb0}, !- Target Object
  2;                                      !- Inlet Port

OS:PortList,
  {6fd3a2ea-a153-4daa-bce1-3b958e997dac}, !- Handle
  {dd6fddf9-ab33-41f1-8421-192729a57696}, !- HVAC Component
  {083daff9-8353-4993-833f-ff7594c71166}; !- Port 1

OS:PortList,
  {a83e15d2-7722-4bd3-8e46-bc6f0638e0de}, !- Handle
  {dd6fddf9-ab33-41f1-8421-192729a57696}; !- HVAC Component

OS:PortList,
  {c33a0793-8d0f-4d9f-ba9d-239b03e019c6}, !- Handle
  {dd6fddf9-ab33-41f1-8421-192729a57696}, !- HVAC Component
  {3287c187-ebf6-4f06-bf61-cf5ee5da9bd5}; !- Port 1

OS:Sizing:Zone,
  {46a7b6d8-8559-419c-a41e-c4e384ea268f}, !- Handle
  {dd6fddf9-ab33-41f1-8421-192729a57696}, !- Zone or ZoneList Name
  SupplyAirTemperature,                   !- Zone Cooling Design Supply Air Temperature Input Method
  12.7777777777778,                       !- Zone Cooling Design Supply Air Temperature {C}
  11.11,                                  !- Zone Cooling Design Supply Air Temperature Difference {deltaC}
  SupplyAirTemperature,                   !- Zone Heating Design Supply Air Temperature Input Method
  50.0000000000001,                       !- Zone Heating Design Supply Air Temperature {C}
  11.11,                                  !- Zone Heating Design Supply Air Temperature Difference {deltaC}
  0.0085,                                 !- Zone Cooling Design Supply Air Humidity Ratio {kg-H2O/kg-air}
  0.008,                                  !- Zone Heating Design Supply Air Humidity Ratio {kg-H2O/kg-air}
  ,                                       !- Zone Heating Sizing Factor
  ,                                       !- Zone Cooling Sizing Factor
  DesignDay,                              !- Cooling Design Air Flow Method
  ,                                       !- Cooling Design Air Flow Rate {m3/s}
  ,                                       !- Cooling Minimum Air Flow per Zone Floor Area {m3/s-m2}
  ,                                       !- Cooling Minimum Air Flow {m3/s}
  ,                                       !- Cooling Minimum Air Flow Fraction
  DesignDay,                              !- Heating Design Air Flow Method
  ,                                       !- Heating Design Air Flow Rate {m3/s}
  ,                                       !- Heating Maximum Air Flow per Zone Floor Area {m3/s-m2}
  ,                                       !- Heating Maximum Air Flow {m3/s}
  ,                                       !- Heating Maximum Air Flow Fraction
  No,                                     !- Account for Dedicated Outdoor Air System
  NeutralSupplyAir,                       !- Dedicated Outdoor Air System Control Strategy
  autosize,                               !- Dedicated Outdoor Air Low Setpoint Temperature for Design {C}
  autosize,                               !- Dedicated Outdoor Air High Setpoint Temperature for Design {C}
  Sensible Load Only No Latent Load,      !- Zone Load Sizing Method
  HumidityRatioDifference,                !- Zone Latent Cooling Design Supply Air Humidity Ratio Input Method
  ,                                       !- Zone Dehumidification Design Supply Air Humidity Ratio {kgWater/kgDryAir}
  0.005,                                  !- Zone Cooling Design Supply Air Humidity Ratio Difference {kgWater/kgDryAir}
  HumidityRatioDifference,                !- Zone Latent Heating Design Supply Air Humidity Ratio Input Method
  ,                                       !- Zone Humidification Design Supply Air Humidity Ratio {kgWater/kgDryAir}
  0.005,                                  !- Zone Humidification Design Supply Air Humidity Ratio Difference {kgWater/kgDryAir}
  ,                                       !- Zone Humidistat Dehumidification Set Point Schedule Name
  ,                                       !- Zone Humidistat Humidification Set Point Schedule Name
  ,                                       !- Design Zone Air Distribution Effectiveness in Cooling Mode
  ,                                       !- Design Zone Air Distribution Effectiveness in Heating Mode
  ,                                       !- Design Zone Secondary Recirculation Fraction {dimensionless}
  ,                                       !- Design Minimum Zone Ventilation Efficiency {dimensionless}
  Coincident,                             !- Sizing Option
  None,                                   !- Heating Coil Sizing Method
  1;                                      !- Maximum Heating Capacity To Cooling Load Sizing Ratio {W/W}

OS:ZoneHVAC:EquipmentList,
  {660a7d2c-2749-43e0-a6a7-2fbba294b0d2}, !- Handle
  Zone Core Space - Story ground Zone HVAC Equipment List, !- Name
  {dd6fddf9-ab33-41f1-8421-192729a57696}, !- Thermal Zone
  ,                                       !- Load Distribution Scheme
  {526a175e-6200-4feb-a351-c0ccbb506cf9}, !- Zone Equipment 1
  1,                                      !- Zone Equipment Cooling Sequence 1
  1,                                      !- Zone Equipment Heating or No-Load Sequence 1
  ,                                       !- Zone Equipment Sequential Cooling Fraction Schedule Name 1
  ;                                       !- Zone Equipment Sequential Heating Fraction Schedule Name 1

OS:SubSurface,
  {4aecc10a-11e0-4d37-9d7f-fcb500a9bb87}, !- Handle
  West Perimeter Space - Story ground Wall 4 FixedWindow 1, !- Name
  FixedWindow,                            !- Sub Surface Type
  ,                                       !- Construction Name
  {337e37ed-651c-4887-8ead-1641166dfb30}, !- Surface Name
  ,                                       !- Outside Boundary Condition Object
  ,                                       !- View Factor to Ground
  ,                                       !- Frame and Divider Name
  ,                                       !- Multiplier
  ,                                       !- Number of Vertices
  4.61852778244065e-14, 17.5722362048998, 1.22052364374573, !- X,Y,Z Vertex 1 {m}
  4.61852778244065e-14, 17.5722362048998, 0.762, !- X,Y,Z Vertex 2 {m}
  4.61852778244065e-14, 0.0253999999999941, 0.762, !- X,Y,Z Vertex 3 {m}
  4.61852778244065e-14, 0.0253999999999941, 1.22052364374573; !- X,Y,Z Vertex 4 {m}

OS:SubSurface,
  {0a9093e6-996a-484d-b391-a88896ff4f55}, !- Handle
  South Perimeter Space - Story ground Wall 2 FixedWindow 1, !- Name
  FixedWindow,                            !- Sub Surface Type
  ,                                       !- Construction Name
  {ecf463c7-565d-411e-8c43-c88ff0bb828a}, !- Surface Name
  ,                                       !- Outside Boundary Condition Object
  ,                                       !- View Factor to Ground
  ,                                       !- Frame and Divider Name
  ,                                       !- Multiplier
  ,                                       !- Number of Vertices
  -26.3710543073496, -3.5527136788005e-15, 1.22008157840868, !- X,Y,Z Vertex 1 {m}
  -26.3710543073496, -3.5527136788005e-15, 0.762, !- X,Y,Z Vertex 2 {m}
  -0.0254000000000438, -3.5527136788005e-15, 0.762, !- X,Y,Z Vertex 3 {m}
  -0.0254000000000438, -3.5527136788005e-15, 1.22008157840868; !- X,Y,Z Vertex 4 {m}

OS:SubSurface,
  {3d8dd2fb-eb12-4773-b123-624e437cdc87}, !- Handle
  North Perimeter Space - Story ground Wall 4 FixedWindow 1, !- Name
  FixedWindow,                            !- Sub Surface Type
  ,                                       !- Construction Name
  {2fde56da-7946-40ac-82f0-576fe0ebb258}, !- Surface Name
  ,                                       !- Outside Boundary Condition Object
  ,                                       !- View Factor to Ground
  ,                                       !- Frame and Divider Name
  ,                                       !- Multiplier
  ,                                       !- Number of Vertices
  26.3710543073496, 3.5527136788005e-15, 1.22008157840868, !- X,Y,Z Vertex 1 {m}
  26.3710543073496, 3.5527136788005e-15, 0.762, !- X,Y,Z Vertex 2 {m}
  0.0254000000000438, 3.5527136788005e-15, 0.762, !- X,Y,Z Vertex 3 {m}
  0.0254000000000438, 3.5527136788005e-15, 1.22008157840868; !- X,Y,Z Vertex 4 {m}

OS:SubSurface,
  {eca25047-cd41-4638-9c69-8546fc89ebdc}, !- Handle
  East Perimeter Space - Story ground Wall 1 FixedWindow 1, !- Name
  FixedWindow,                            !- Sub Surface Type
  ,                                       !- Construction Name
  {d1defcfd-3123-4069-93d9-cd19bda7279e}, !- Surface Name
  ,                                       !- Outside Boundary Condition Object
  ,                                       !- View Factor to Ground
  ,                                       !- Frame and Divider Name
  ,                                       !- Multiplier
  ,                                       !- Number of Vertices
  -4.61852778244065e-14, -17.5722362048998, 1.22052364374573, !- X,Y,Z Vertex 1 {m}
  -4.61852778244065e-14, -17.5722362048998, 0.762, !- X,Y,Z Vertex 2 {m}
  -4.61852778244065e-14, -0.0253999999999941, 0.762, !- X,Y,Z Vertex 3 {m}
  -4.61852778244065e-14, -0.0253999999999941, 1.22052364374573; !- X,Y,Z Vertex 4 {m}

OS:RunPeriodControl:DaylightSavingTime,
  {8f6b6425-f802-497e-92a7-5fae2626af23}, !- Handle
  2nd Sunday in March,                    !- Start Date
  1st Sunday in November;                 !- End Date

OS:People:Definition,
  {9534246f-2b99-4853-8078-d529c73c76b2}, !- Handle
  Office WholeBuilding - Sm Office People Definition, !- Name
  People/Area,                            !- Number of People Calculation Method
  ,                                       !- Number of People {people}
  0.0602778983335744,                     !- People per Space Floor Area {person/m2}
  ,                                       !- Space Floor Area per Person {m2/person}
  0.3;                                    !- Fraction Radiant

OS:People,
  {4f0779d7-03a4-4594-89cb-1db647506c60}, !- Handle
  Office WholeBuilding - Sm Office People, !- Name
  {9534246f-2b99-4853-8078-d529c73c76b2}, !- People Definition Name
  {2d524ba6-938a-4aa5-a16a-60a01316a593}, !- Space or SpaceType Name
  ,                                       !- Number of People Schedule Name
  ,                                       !- Activity Level Schedule Name
  ,                                       !- Surface Name/Angle Factor List Name
  {0d8591cc-8d2c-42aa-9fa3-7f7c4b5a37ee}, !- Work Efficiency Schedule Name
  ClothingInsulationSchedule,             !- Clothing Insulation Calculation Method
  ,                                       !- Clothing Insulation Calculation Method Schedule Name
  {3ec81975-b0aa-4b11-b049-17e1fcfd2635}, !- Clothing Insulation Schedule Name
  {92ed4178-172e-41f3-9d6d-57670ec8cb2b}, !- Air Velocity Schedule Name
  1;                                      !- Multiplier

OS:Schedule:Ruleset,
  {3ec81975-b0aa-4b11-b049-17e1fcfd2635}, !- Handle
  Clothing Schedule,                      !- Name
  {ca08f672-1692-4d94-86af-8877cb4a1cf7}, !- Schedule Type Limits Name
  {8c02a733-61fa-431f-97d8-78ef491a9a2d}; !- Default Day Schedule Name

OS:Schedule:Day,
  {8c02a733-61fa-431f-97d8-78ef491a9a2d}, !- Handle
  Clothing Schedule Default Winter Clothes, !- Name
  {ca08f672-1692-4d94-86af-8877cb4a1cf7}, !- Schedule Type Limits Name
  ,                                       !- Interpolate to Timestep
  24,                                     !- Hour 1
  0,                                      !- Minute 1
  1;                                      !- Value Until Time 1

OS:Schedule:Rule,
  {2e63bbb3-aa14-431f-b16d-380b1228bff0}, !- Handle
  Schedule Rule 1,                        !- Name
  {3ec81975-b0aa-4b11-b049-17e1fcfd2635}, !- Schedule Ruleset Name
  0,                                      !- Rule Order
  {28d0046d-ebd1-4758-82c8-09430119ef5d}, !- Day Schedule Name
  ,                                       !- Apply Sunday
  ,                                       !- Apply Monday
  ,                                       !- Apply Tuesday
  ,                                       !- Apply Wednesday
  ,                                       !- Apply Thursday
  ,                                       !- Apply Friday
  ,                                       !- Apply Saturday
  DateRange,                              !- Date Specification Type
  5,                                      !- Start Month
  1,                                      !- Start Day
  9,                                      !- End Month
  30;                                     !- End Day

OS:Schedule:Day,
  {28d0046d-ebd1-4758-82c8-09430119ef5d}, !- Handle
  Clothing Schedule Summer Clothes,       !- Name
  {ca08f672-1692-4d94-86af-8877cb4a1cf7}, !- Schedule Type Limits Name
  ,                                       !- Interpolate to Timestep
  24,                                     !- Hour 1
  0,                                      !- Minute 1
  0.5;                                    !- Value Until Time 1

OS:ScheduleTypeLimits,
  {ca08f672-1692-4d94-86af-8877cb4a1cf7}, !- Handle
  ClothingInsulation,                     !- Name
  0,                                      !- Lower Limit Value
  ,                                       !- Upper Limit Value
  Continuous,                             !- Numeric Type
  ClothingInsulation;                     !- Unit Type

OS:Schedule:Ruleset,
  {92ed4178-172e-41f3-9d6d-57670ec8cb2b}, !- Handle
  Air Velocity Schedule,                  !- Name
  {659d6447-86b0-46e4-b59b-15a792c0f399}, !- Schedule Type Limits Name
  {9570e80a-175b-4998-9196-3e7f2507dcc0}; !- Default Day Schedule Name

OS:Schedule:Day,
  {9570e80a-175b-4998-9196-3e7f2507dcc0}, !- Handle
  Air Velocity Schedule Default,          !- Name
  {659d6447-86b0-46e4-b59b-15a792c0f399}, !- Schedule Type Limits Name
  ,                                       !- Interpolate to Timestep
  24,                                     !- Hour 1
  0,                                      !- Minute 1
  0.2;                                    !- Value Until Time 1

OS:ScheduleTypeLimits,
  {659d6447-86b0-46e4-b59b-15a792c0f399}, !- Handle
  Velocity,                               !- Name
  0,                                      !- Lower Limit Value
  ,                                       !- Upper Limit Value
  Continuous,                             !- Numeric Type
  Velocity;                               !- Unit Type

OS:Schedule:Ruleset,
  {0d8591cc-8d2c-42aa-9fa3-7f7c4b5a37ee}, !- Handle
  Work Efficiency Schedule,               !- Name
  {2b24245a-b353-4dec-a9e7-5aa8afaa45e5}, !- Schedule Type Limits Name
  {678ca6bd-a5e4-4534-8806-d97cbc9dfe3a}; !- Default Day Schedule Name

OS:Schedule:Day,
  {678ca6bd-a5e4-4534-8806-d97cbc9dfe3a}, !- Handle
  Work Efficiency Schedule Default,       !- Name
  {2b24245a-b353-4dec-a9e7-5aa8afaa45e5}, !- Schedule Type Limits Name
  ,                                       !- Interpolate to Timestep
  24,                                     !- Hour 1
  0,                                      !- Minute 1
  0;                                      !- Value Until Time 1

OS:ScheduleTypeLimits,
  {2b24245a-b353-4dec-a9e7-5aa8afaa45e5}, !- Handle
  Fractional,                             !- Name
  0,                                      !- Lower Limit Value
  1,                                      !- Upper Limit Value
  Continuous;                             !- Numeric Type

OS:Lights:Definition,
  {ad09d8ba-63e4-40f7-b658-2c78f71d9002}, !- Handle
  Office WholeBuilding - Sm Office Lights Definition, !- Name
  Watts/Area,                             !- Design Level Calculation Method
  ,                                       !- Lighting Level {W}
  10.7639104167097,                       !- Watts per Space Floor Area {W/m2}
  ,                                       !- Watts per Person {W/person}
  0.7,                                    !- Fraction Radiant
  0.2,                                    !- Fraction Visible
  0;                                      !- Return Air Fraction

OS:Lights,
  {60442717-f294-424a-8cb3-9b55e124bae4}, !- Handle
  Office WholeBuilding - Sm Office Lights, !- Name
  {ad09d8ba-63e4-40f7-b658-2c78f71d9002}, !- Lights Definition Name
  {2d524ba6-938a-4aa5-a16a-60a01316a593}, !- Space or SpaceType Name
  ,                                       !- Schedule Name
  1,                                      !- Fraction Replaceable
  ,                                       !- Multiplier
  General;                                !- End-Use Subcategory

OS:AdditionalProperties,
  {1bb729a7-8dac-411b-a3d3-eee23c77892f}, !- Handle
  {ad09d8ba-63e4-40f7-b658-2c78f71d9002}, !- Object Name
  lpd_fraction_linear_fluorescent,        !- Feature Name 1
  Double,                                 !- Feature Data Type 1
  1;                                      !- Feature Value 1

OS:ElectricEquipment:Definition,
  {056b1aac-817e-4eca-b8fd-4f6894f3fd0c}, !- Handle
  Office WholeBuilding - Sm Office Elec Equip Definition, !- Name
  Watts/Area,                             !- Design Level Calculation Method
  ,                                       !- Design Level {W}
  6.78126356252712,                       !- Watts per Space Floor Area {W/m2}
  ,                                       !- Watts per Person {W/person}
  0,                                      !- Fraction Latent
  0.5,                                    !- Fraction Radiant
  0;                                      !- Fraction Lost

OS:ElectricEquipment,
  {5cb0a792-e98f-483a-a075-0f16e418c8ad}, !- Handle
  Office WholeBuilding - Sm Office Elec Equip, !- Name
  {056b1aac-817e-4eca-b8fd-4f6894f3fd0c}, !- Electric Equipment Definition Name
  {2d524ba6-938a-4aa5-a16a-60a01316a593}, !- Space or SpaceType Name
  ,                                       !- Schedule Name
  ,                                       !- Multiplier
  General;                                !- End-Use Subcategory

OS:DesignSpecification:OutdoorAir,
  {f6939239-a7f7-4c1c-89da-06f15e333e01}, !- Handle
  Office WholeBuilding - Sm Office Ventilation, !- Name
  Sum,                                    !- Outdoor Air Method
  ,                                       !- Outdoor Air Flow per Person {m3/s-person}
  0.000508,                               !- Outdoor Air Flow per Floor Area {m3/s-m2}
  ,                                       !- Outdoor Air Flow Rate {m3/s}
  ,                                       !- Outdoor Air Flow Air Changes per Hour {1/hr}
  ;                                       !- Outdoor Air Flow Rate Fraction Schedule Name

OS:DefaultScheduleSet,
  {18c6f29a-5274-4fc6-80cf-2977d57b8bb1}, !- Handle
  Office WholeBuilding - Sm Office Schedule Set, !- Name
  ,                                       !- Hours of Operation Schedule Name
  {50aa5f02-2beb-4408-8b05-8e365bba0e28}, !- Number of People Schedule Name
  {b8f9a2b4-acb6-4a60-8589-10152a0f989d}, !- People Activity Level Schedule Name
  {a43945a0-ad2e-48c5-83c6-71c943eda8ad}, !- Lighting Schedule Name
  {8a6b373f-b3a9-4b02-9d01-a643c9d7109a}, !- Electric Equipment Schedule Name
  ,                                       !- Gas Equipment Schedule Name
  ,                                       !- Hot Water Equipment Schedule Name
  {43312cb6-6960-4f6a-be11-66cad4f8840a}, !- Infiltration Schedule Name
  ,                                       !- Steam Equipment Schedule Name
  ;                                       !- Other Equipment Schedule Name

OS:Schedule:Ruleset,
  {50aa5f02-2beb-4408-8b05-8e365bba0e28}, !- Handle
  OfficeSmall BLDG_OCC_SCH,               !- Name
  {2b24245a-b353-4dec-a9e7-5aa8afaa45e5}, !- Schedule Type Limits Name
  {8785beac-20cc-4b2f-8d00-acfb02d8632a}, !- Default Day Schedule Name
  {78b22647-087c-49eb-a905-6c87fe832a1f}, !- Summer Design Day Schedule Name
  {f1cd2baf-186d-4893-b91f-5698ae95f604}; !- Winter Design Day Schedule Name

OS:Schedule:Day,
  {8785beac-20cc-4b2f-8d00-acfb02d8632a}, !- Handle
  OfficeSmall BLDG_OCC_SCH Default,       !- Name
  {2b24245a-b353-4dec-a9e7-5aa8afaa45e5}, !- Schedule Type Limits Name
  No,                                     !- Interpolate to Timestep
  24,                                     !- Hour 1
  0,                                      !- Minute 1
  0;                                      !- Value Until Time 1

OS:Schedule:Day,
  {f1cd2baf-186d-4893-b91f-5698ae95f604}, !- Handle
  OfficeSmall BLDG_OCC_SCH Winter Design Day, !- Name
  {2b24245a-b353-4dec-a9e7-5aa8afaa45e5}, !- Schedule Type Limits Name
  No,                                     !- Interpolate to Timestep
  24,                                     !- Hour 1
  0,                                      !- Minute 1
  0;                                      !- Value Until Time 1

OS:Schedule:Day,
  {78b22647-087c-49eb-a905-6c87fe832a1f}, !- Handle
  OfficeSmall BLDG_OCC_SCH Summer Design Day, !- Name
  {2b24245a-b353-4dec-a9e7-5aa8afaa45e5}, !- Schedule Type Limits Name
  No,                                     !- Interpolate to Timestep
  24,                                     !- Hour 1
  0,                                      !- Minute 1
  1;                                      !- Value Until Time 1

OS:Schedule:Rule,
  {185d80a8-a4c9-4522-996e-41bb409991a3}, !- Handle
  Schedule Rule 2,                        !- Name
  {50aa5f02-2beb-4408-8b05-8e365bba0e28}, !- Schedule Ruleset Name
  0,                                      !- Rule Order
  {1e35ba6a-682f-4543-ac8b-5f78be116c44}, !- Day Schedule Name
  ,                                       !- Apply Sunday
  Yes,                                    !- Apply Monday
  Yes,                                    !- Apply Tuesday
  Yes,                                    !- Apply Wednesday
  Yes,                                    !- Apply Thursday
  Yes,                                    !- Apply Friday
  ,                                       !- Apply Saturday
  DateRange,                              !- Date Specification Type
  1,                                      !- Start Month
  1,                                      !- Start Day
  12,                                     !- End Month
  31;                                     !- End Day

OS:Schedule:Day,
  {1e35ba6a-682f-4543-ac8b-5f78be116c44}, !- Handle
  OfficeSmall BLDG_OCC_SCH Wkdy Day,      !- Name
  {2b24245a-b353-4dec-a9e7-5aa8afaa45e5}, !- Schedule Type Limits Name
  No,                                     !- Interpolate to Timestep
  6,                                      !- Hour 1
  0,                                      !- Minute 1
  0,                                      !- Value Until Time 1
  7,                                      !- Hour 2
  0,                                      !- Minute 2
  0.11,                                   !- Value Until Time 2
  8,                                      !- Hour 3
  0,                                      !- Minute 3
  0.21,                                   !- Value Until Time 3
  12,                                     !- Hour 4
  0,                                      !- Minute 4
  1,                                      !- Value Until Time 4
  13,                                     !- Hour 5
  0,                                      !- Minute 5
  0.53,                                   !- Value Until Time 5
  17,                                     !- Hour 6
  0,                                      !- Minute 6
  1,                                      !- Value Until Time 6
  18,                                     !- Hour 7
  0,                                      !- Minute 7
  0.32,                                   !- Value Until Time 7
  22,                                     !- Hour 8
  0,                                      !- Minute 8
  0.11,                                   !- Value Until Time 8
  23,                                     !- Hour 9
  0,                                      !- Minute 9
  0.05,                                   !- Value Until Time 9
  24,                                     !- Hour 10
  0,                                      !- Minute 10
  0;                                      !- Value Until Time 10

OS:Schedule:Ruleset,
  {b8f9a2b4-acb6-4a60-8589-10152a0f989d}, !- Handle
  OfficeSmall ACTIVITY_SCH,               !- Name
  {b6fb2cc3-cc7f-47a9-8402-9213bbd77a0d}, !- Schedule Type Limits Name
  {ee7bab91-e01d-4359-ba4d-d74adbd3b225}, !- Default Day Schedule Name
  {6e1febbe-eec0-4ef0-993c-24e1e3986d65}, !- Summer Design Day Schedule Name
  {135244c2-791b-4d73-9ec4-2b7ebd8d4edc}; !- Winter Design Day Schedule Name

OS:Schedule:Day,
  {ee7bab91-e01d-4359-ba4d-d74adbd3b225}, !- Handle
  OfficeSmall ACTIVITY_SCH Default,       !- Name
  {b6fb2cc3-cc7f-47a9-8402-9213bbd77a0d}, !- Schedule Type Limits Name
  No,                                     !- Interpolate to Timestep
  24,                                     !- Hour 1
  0,                                      !- Minute 1
  120;                                    !- Value Until Time 1

OS:Schedule:Day,
  {135244c2-791b-4d73-9ec4-2b7ebd8d4edc}, !- Handle
  OfficeSmall ACTIVITY_SCH Winter Design Day, !- Name
  {b6fb2cc3-cc7f-47a9-8402-9213bbd77a0d}, !- Schedule Type Limits Name
  No,                                     !- Interpolate to Timestep
  24,                                     !- Hour 1
  0,                                      !- Minute 1
  120;                                    !- Value Until Time 1

OS:Schedule:Day,
  {6e1febbe-eec0-4ef0-993c-24e1e3986d65}, !- Handle
  OfficeSmall ACTIVITY_SCH Summer Design Day, !- Name
  {b6fb2cc3-cc7f-47a9-8402-9213bbd77a0d}, !- Schedule Type Limits Name
  No,                                     !- Interpolate to Timestep
  24,                                     !- Hour 1
  0,                                      !- Minute 1
  120;                                    !- Value Until Time 1

OS:ScheduleTypeLimits,
  {b6fb2cc3-cc7f-47a9-8402-9213bbd77a0d}, !- Handle
  ActivityLevel,                          !- Name
  0,                                      !- Lower Limit Value
  ,                                       !- Upper Limit Value
  Continuous,                             !- Numeric Type
  ActivityLevel;                          !- Unit Type

OS:Schedule:Ruleset,
  {a43945a0-ad2e-48c5-83c6-71c943eda8ad}, !- Handle
  OfficeSmall BLDG_LIGHT_SCH,             !- Name
  {2b24245a-b353-4dec-a9e7-5aa8afaa45e5}, !- Schedule Type Limits Name
  {3579db58-9ef6-47b5-8a39-a9363e706538}, !- Default Day Schedule Name
  {18b32f08-fe8b-4c2f-b3c0-d1d49cd5e830}, !- Summer Design Day Schedule Name
  {0cb507ea-03bf-4095-8f21-9ba5573d05e6}; !- Winter Design Day Schedule Name

OS:Schedule:Day,
  {3579db58-9ef6-47b5-8a39-a9363e706538}, !- Handle
  OfficeSmall BLDG_LIGHT_SCH Default,     !- Name
  {2b24245a-b353-4dec-a9e7-5aa8afaa45e5}, !- Schedule Type Limits Name
  No,                                     !- Interpolate to Timestep
  5,                                      !- Hour 1
  0,                                      !- Minute 1
  0.18,                                   !- Value Until Time 1
  7,                                      !- Hour 2
  0,                                      !- Minute 2
  0.23,                                   !- Value Until Time 2
  8,                                      !- Hour 3
  0,                                      !- Minute 3
  0.42,                                   !- Value Until Time 3
  12,                                     !- Hour 4
  0,                                      !- Minute 4
  0.9,                                    !- Value Until Time 4
  13,                                     !- Hour 5
  0,                                      !- Minute 5
  0.8,                                    !- Value Until Time 5
  17,                                     !- Hour 6
  0,                                      !- Minute 6
  0.9,                                    !- Value Until Time 6
  18,                                     !- Hour 7
  0,                                      !- Minute 7
  0.61,                                   !- Value Until Time 7
  20,                                     !- Hour 8
  0,                                      !- Minute 8
  0.42,                                   !- Value Until Time 8
  22,                                     !- Hour 9
  0,                                      !- Minute 9
  0.32,                                   !- Value Until Time 9
  23,                                     !- Hour 10
  0,                                      !- Minute 10
  0.23,                                   !- Value Until Time 10
  24,                                     !- Hour 11
  0,                                      !- Minute 11
  0.18;                                   !- Value Until Time 11

OS:Schedule:Rule,
  {112c2246-1da4-4cc9-ac47-390b49dbde50}, !- Handle
  Schedule Rule 3,                        !- Name
  {a43945a0-ad2e-48c5-83c6-71c943eda8ad}, !- Schedule Ruleset Name
  1,                                      !- Rule Order
  {336eb0d3-53cd-493c-8b81-3ccbee5a480f}, !- Day Schedule Name
  ,                                       !- Apply Sunday
  Yes,                                    !- Apply Monday
  Yes,                                    !- Apply Tuesday
  Yes,                                    !- Apply Wednesday
  Yes,                                    !- Apply Thursday
  Yes,                                    !- Apply Friday
  ,                                       !- Apply Saturday
  DateRange,                              !- Date Specification Type
  1,                                      !- Start Month
  1,                                      !- Start Day
  12,                                     !- End Month
  31;                                     !- End Day

OS:Schedule:Day,
  {336eb0d3-53cd-493c-8b81-3ccbee5a480f}, !- Handle
  OfficeSmall BLDG_LIGHT_SCH Default|Wkdy Day, !- Name
  {2b24245a-b353-4dec-a9e7-5aa8afaa45e5}, !- Schedule Type Limits Name
  No,                                     !- Interpolate to Timestep
  5,                                      !- Hour 1
  0,                                      !- Minute 1
  0.18,                                   !- Value Until Time 1
  7,                                      !- Hour 2
  0,                                      !- Minute 2
  0.23,                                   !- Value Until Time 2
  8,                                      !- Hour 3
  0,                                      !- Minute 3
  0.42,                                   !- Value Until Time 3
  12,                                     !- Hour 4
  0,                                      !- Minute 4
  0.9,                                    !- Value Until Time 4
  13,                                     !- Hour 5
  0,                                      !- Minute 5
  0.8,                                    !- Value Until Time 5
  17,                                     !- Hour 6
  0,                                      !- Minute 6
  0.9,                                    !- Value Until Time 6
  18,                                     !- Hour 7
  0,                                      !- Minute 7
  0.61,                                   !- Value Until Time 7
  20,                                     !- Hour 8
  0,                                      !- Minute 8
  0.42,                                   !- Value Until Time 8
  22,                                     !- Hour 9
  0,                                      !- Minute 9
  0.32,                                   !- Value Until Time 9
  23,                                     !- Hour 10
  0,                                      !- Minute 10
  0.23,                                   !- Value Until Time 10
  24,                                     !- Hour 11
  0,                                      !- Minute 11
  0.18;                                   !- Value Until Time 11

OS:Schedule:Day,
  {18b32f08-fe8b-4c2f-b3c0-d1d49cd5e830}, !- Handle
  OfficeSmall BLDG_LIGHT_SCH Summer Design Day, !- Name
  {2b24245a-b353-4dec-a9e7-5aa8afaa45e5}, !- Schedule Type Limits Name
  No,                                     !- Interpolate to Timestep
  24,                                     !- Hour 1
  0,                                      !- Minute 1
  1;                                      !- Value Until Time 1

OS:Schedule:Rule,
  {897fd027-983e-4177-b448-ec08c3f920a9}, !- Handle
  Schedule Rule 4,                        !- Name
  {a43945a0-ad2e-48c5-83c6-71c943eda8ad}, !- Schedule Ruleset Name
  0,                                      !- Rule Order
  {4d4abd3b-8a10-44b8-a3e0-0beb46bcd2c6}, !- Day Schedule Name
  Yes,                                    !- Apply Sunday
  ,                                       !- Apply Monday
  ,                                       !- Apply Tuesday
  ,                                       !- Apply Wednesday
  ,                                       !- Apply Thursday
  ,                                       !- Apply Friday
  Yes,                                    !- Apply Saturday
  DateRange,                              !- Date Specification Type
  1,                                      !- Start Month
  1,                                      !- Start Day
  12,                                     !- End Month
  31;                                     !- End Day

OS:Schedule:Day,
  {4d4abd3b-8a10-44b8-a3e0-0beb46bcd2c6}, !- Handle
  OfficeSmall BLDG_LIGHT_SCH Wknd Day,    !- Name
  {2b24245a-b353-4dec-a9e7-5aa8afaa45e5}, !- Schedule Type Limits Name
  No,                                     !- Interpolate to Timestep
  24,                                     !- Hour 1
  0,                                      !- Minute 1
  0.18;                                   !- Value Until Time 1

OS:Schedule:Day,
  {0cb507ea-03bf-4095-8f21-9ba5573d05e6}, !- Handle
  OfficeSmall BLDG_LIGHT_SCH Winter Design Day, !- Name
  {2b24245a-b353-4dec-a9e7-5aa8afaa45e5}, !- Schedule Type Limits Name
  No,                                     !- Interpolate to Timestep
  24,                                     !- Hour 1
  0,                                      !- Minute 1
  0;                                      !- Value Until Time 1

OS:Schedule:Ruleset,
  {8a6b373f-b3a9-4b02-9d01-a643c9d7109a}, !- Handle
  OfficeSmall BLDG_EQUIP_SCH,             !- Name
  {2b24245a-b353-4dec-a9e7-5aa8afaa45e5}, !- Schedule Type Limits Name
  {a91eb4b3-9cf2-4f37-b71c-135bdc52639c}, !- Default Day Schedule Name
  {cb73f7b8-d05a-4f6a-8ab5-7550f2fe7e0e}, !- Summer Design Day Schedule Name
  {733c1959-2820-476f-8bfb-f16fcc28ad10}; !- Winter Design Day Schedule Name

OS:Schedule:Day,
  {a91eb4b3-9cf2-4f37-b71c-135bdc52639c}, !- Handle
  OfficeSmall BLDG_EQUIP_SCH Default,     !- Name
  {2b24245a-b353-4dec-a9e7-5aa8afaa45e5}, !- Schedule Type Limits Name
  No,                                     !- Interpolate to Timestep
  8,                                      !- Hour 1
  0,                                      !- Minute 1
  0.5,                                    !- Value Until Time 1
  12,                                     !- Hour 2
  0,                                      !- Minute 2
  1,                                      !- Value Until Time 2
  13,                                     !- Hour 3
  0,                                      !- Minute 3
  0.94,                                   !- Value Until Time 3
  17,                                     !- Hour 4
  0,                                      !- Minute 4
  1,                                      !- Value Until Time 4
  18,                                     !- Hour 5
  0,                                      !- Minute 5
  0.5,                                    !- Value Until Time 5
  24,                                     !- Hour 6
  0,                                      !- Minute 6
  0.2;                                    !- Value Until Time 6

OS:Schedule:Rule,
  {347d4328-3c94-4d43-bab4-1d0ef8c1c678}, !- Handle
  Schedule Rule 5,                        !- Name
  {8a6b373f-b3a9-4b02-9d01-a643c9d7109a}, !- Schedule Ruleset Name
  1,                                      !- Rule Order
  {7c2ea0d2-e21a-4b8c-92e5-cd186f325359}, !- Day Schedule Name
  ,                                       !- Apply Sunday
  Yes,                                    !- Apply Monday
  Yes,                                    !- Apply Tuesday
  Yes,                                    !- Apply Wednesday
  Yes,                                    !- Apply Thursday
  Yes,                                    !- Apply Friday
  ,                                       !- Apply Saturday
  DateRange,                              !- Date Specification Type
  1,                                      !- Start Month
  1,                                      !- Start Day
  12,                                     !- End Month
  31;                                     !- End Day

OS:Schedule:Day,
  {7c2ea0d2-e21a-4b8c-92e5-cd186f325359}, !- Handle
  OfficeSmall BLDG_EQUIP_SCH Default|Wkdy Day, !- Name
  {2b24245a-b353-4dec-a9e7-5aa8afaa45e5}, !- Schedule Type Limits Name
  No,                                     !- Interpolate to Timestep
  8,                                      !- Hour 1
  0,                                      !- Minute 1
  0.5,                                    !- Value Until Time 1
  12,                                     !- Hour 2
  0,                                      !- Minute 2
  1,                                      !- Value Until Time 2
  13,                                     !- Hour 3
  0,                                      !- Minute 3
  0.94,                                   !- Value Until Time 3
  17,                                     !- Hour 4
  0,                                      !- Minute 4
  1,                                      !- Value Until Time 4
  18,                                     !- Hour 5
  0,                                      !- Minute 5
  0.5,                                    !- Value Until Time 5
  24,                                     !- Hour 6
  0,                                      !- Minute 6
  0.2;                                    !- Value Until Time 6

OS:Schedule:Day,
  {cb73f7b8-d05a-4f6a-8ab5-7550f2fe7e0e}, !- Handle
  OfficeSmall BLDG_EQUIP_SCH Summer Design Day, !- Name
  {2b24245a-b353-4dec-a9e7-5aa8afaa45e5}, !- Schedule Type Limits Name
  No,                                     !- Interpolate to Timestep
  24,                                     !- Hour 1
  0,                                      !- Minute 1
  1;                                      !- Value Until Time 1

OS:Schedule:Rule,
  {ff419465-bfcf-4488-8e02-219f204e6ec6}, !- Handle
  Schedule Rule 6,                        !- Name
  {8a6b373f-b3a9-4b02-9d01-a643c9d7109a}, !- Schedule Ruleset Name
  0,                                      !- Rule Order
  {2f03f567-b492-4138-9dc6-36447ceb2b39}, !- Day Schedule Name
  Yes,                                    !- Apply Sunday
  ,                                       !- Apply Monday
  ,                                       !- Apply Tuesday
  ,                                       !- Apply Wednesday
  ,                                       !- Apply Thursday
  ,                                       !- Apply Friday
  Yes,                                    !- Apply Saturday
  DateRange,                              !- Date Specification Type
  1,                                      !- Start Month
  1,                                      !- Start Day
  12,                                     !- End Month
  31;                                     !- End Day

OS:Schedule:Day,
  {2f03f567-b492-4138-9dc6-36447ceb2b39}, !- Handle
  OfficeSmall BLDG_EQUIP_SCH Wknd Day,    !- Name
  {2b24245a-b353-4dec-a9e7-5aa8afaa45e5}, !- Schedule Type Limits Name
  No,                                     !- Interpolate to Timestep
  24,                                     !- Hour 1
  0,                                      !- Minute 1
  0.2;                                    !- Value Until Time 1

OS:Schedule:Day,
  {733c1959-2820-476f-8bfb-f16fcc28ad10}, !- Handle
  OfficeSmall BLDG_EQUIP_SCH Winter Design Day, !- Name
  {2b24245a-b353-4dec-a9e7-5aa8afaa45e5}, !- Schedule Type Limits Name
  No,                                     !- Interpolate to Timestep
  24,                                     !- Hour 1
  0,                                      !- Minute 1
  0;                                      !- Value Until Time 1

OS:Schedule:Ruleset,
  {43312cb6-6960-4f6a-be11-66cad4f8840a}, !- Handle
  OfficeSmall INFIL_QUARTER_ON_SCH,       !- Name
  {2b24245a-b353-4dec-a9e7-5aa8afaa45e5}, !- Schedule Type Limits Name
  {6c5b998e-1832-4ac0-82ff-2a7a69fc5f3a}, !- Default Day Schedule Name
  {081fb220-5d5b-4113-a4cf-936905045008}, !- Summer Design Day Schedule Name
  {1a8f45c7-4ebb-4be2-9150-ba360af8b5d0}; !- Winter Design Day Schedule Name

OS:Schedule:Day,
  {6c5b998e-1832-4ac0-82ff-2a7a69fc5f3a}, !- Handle
  OfficeSmall INFIL_QUARTER_ON_SCH Default, !- Name
  {2b24245a-b353-4dec-a9e7-5aa8afaa45e5}, !- Schedule Type Limits Name
  No,                                     !- Interpolate to Timestep
  24,                                     !- Hour 1
  0,                                      !- Minute 1
  1;                                      !- Value Until Time 1

OS:Schedule:Day,
  {081fb220-5d5b-4113-a4cf-936905045008}, !- Handle
  OfficeSmall INFIL_QUARTER_ON_SCH Summer Design Day, !- Name
  {2b24245a-b353-4dec-a9e7-5aa8afaa45e5}, !- Schedule Type Limits Name
  No,                                     !- Interpolate to Timestep
  7,                                      !- Hour 1
  0,                                      !- Minute 1
  1,                                      !- Value Until Time 1
  19,                                     !- Hour 2
  0,                                      !- Minute 2
  0.25,                                   !- Value Until Time 2
  24,                                     !- Hour 3
  0,                                      !- Minute 3
  1;                                      !- Value Until Time 3

OS:Schedule:Rule,
  {960c4d7c-9650-4457-bf27-4848a92958ba}, !- Handle
  Schedule Rule 7,                        !- Name
  {43312cb6-6960-4f6a-be11-66cad4f8840a}, !- Schedule Ruleset Name
  1,                                      !- Rule Order
  {ae057c55-2df2-4d29-a23e-704ed7471d2d}, !- Day Schedule Name
  ,                                       !- Apply Sunday
  Yes,                                    !- Apply Monday
  Yes,                                    !- Apply Tuesday
  Yes,                                    !- Apply Wednesday
  Yes,                                    !- Apply Thursday
  Yes,                                    !- Apply Friday
  ,                                       !- Apply Saturday
  DateRange,                              !- Date Specification Type
  1,                                      !- Start Month
  1,                                      !- Start Day
  12,                                     !- End Month
  31;                                     !- End Day

OS:Schedule:Day,
  {ae057c55-2df2-4d29-a23e-704ed7471d2d}, !- Handle
  OfficeSmall INFIL_QUARTER_ON_SCH SmrDsn|Wkdy Day, !- Name
  {2b24245a-b353-4dec-a9e7-5aa8afaa45e5}, !- Schedule Type Limits Name
  No,                                     !- Interpolate to Timestep
  7,                                      !- Hour 1
  0,                                      !- Minute 1
  1,                                      !- Value Until Time 1
  19,                                     !- Hour 2
  0,                                      !- Minute 2
  0.25,                                   !- Value Until Time 2
  24,                                     !- Hour 3
  0,                                      !- Minute 3
  1;                                      !- Value Until Time 3

OS:Schedule:Day,
  {1a8f45c7-4ebb-4be2-9150-ba360af8b5d0}, !- Handle
  OfficeSmall INFIL_QUARTER_ON_SCH Winter Design Day, !- Name
  {2b24245a-b353-4dec-a9e7-5aa8afaa45e5}, !- Schedule Type Limits Name
  No,                                     !- Interpolate to Timestep
  7,                                      !- Hour 1
  0,                                      !- Minute 1
  1,                                      !- Value Until Time 1
  18,                                     !- Hour 2
  0,                                      !- Minute 2
  0.25,                                   !- Value Until Time 2
  24,                                     !- Hour 3
  0,                                      !- Minute 3
  1;                                      !- Value Until Time 3

OS:Schedule:Rule,
  {3ba435d3-0a79-45d8-95cb-64ffcf5c32fb}, !- Handle
  Schedule Rule 8,                        !- Name
  {43312cb6-6960-4f6a-be11-66cad4f8840a}, !- Schedule Ruleset Name
  0,                                      !- Rule Order
  {c809ecd1-c4b8-4b68-8f84-3fdd4b881d7c}, !- Day Schedule Name
  ,                                       !- Apply Sunday
  ,                                       !- Apply Monday
  ,                                       !- Apply Tuesday
  ,                                       !- Apply Wednesday
  ,                                       !- Apply Thursday
  ,                                       !- Apply Friday
  Yes,                                    !- Apply Saturday
  DateRange,                              !- Date Specification Type
  1,                                      !- Start Month
  1,                                      !- Start Day
  12,                                     !- End Month
  31;                                     !- End Day

OS:Schedule:Day,
  {c809ecd1-c4b8-4b68-8f84-3fdd4b881d7c}, !- Handle
  OfficeSmall INFIL_QUARTER_ON_SCH WntrDsn|Sat Day, !- Name
  {2b24245a-b353-4dec-a9e7-5aa8afaa45e5}, !- Schedule Type Limits Name
  No,                                     !- Interpolate to Timestep
  7,                                      !- Hour 1
  0,                                      !- Minute 1
  1,                                      !- Value Until Time 1
  18,                                     !- Hour 2
  0,                                      !- Minute 2
  0.25,                                   !- Value Until Time 2
  24,                                     !- Hour 3
  0,                                      !- Minute 3
  1;                                      !- Value Until Time 3

OS:Construction:FfactorGroundFloor,
  {62d8ba66-b619-4e18-b044-15a4692ffeab}, !- Handle
  Foundation F 1.26W/m*K Perim 17.6m Area 59.55m2, !- Name
  1.26343630645112,                       !- F-Factor {W/m-K}
  59.5532087288013,                       !- Area {m2}
  17.5976362048998;                       !- PerimeterExposed {m}

OS:Construction:FfactorGroundFloor,
  {ef95a29b-5658-4d45-bf9e-b8bd43a75011}, !- Handle
  Foundation F 1.26W/m*K Perim 26.4m Area 99.78m2, !- Name
  1.26343630645112,                       !- F-Factor {W/m-K}
  99.7814050932026,                       !- Area {m2}
  26.3964543073496;                       !- PerimeterExposed {m}

OS:Construction:FfactorGroundFloor,
  {821355a3-3be5-4c0d-bd2a-701c5802f12a}, !- Handle
  Foundation F 1.26W/m*K Perim 0.0m Area 145.85m2, !- Name
  1.26343630645112,                       !- F-Factor {W/m-K}
  145.845972355991,                       !- Area {m2}
  0;                                      !- PerimeterExposed {m}

OS:DefaultConstructionSet,
  {0725dc3c-7da8-4934-847a-7465ede97dbd}, !- Handle
  90.1-2004 - Office - ASHRAE 169-2013-5B, !- Name
  {ab34a7e1-c172-4d0d-ae21-7b9487d7c4ca}, !- Default Exterior Surface Constructions Name
  {2d004610-bf7d-4e70-88dd-06f90080fc75}, !- Default Interior Surface Constructions Name
  {2508ebc9-5fea-4b19-a538-abb8c410fea0}, !- Default Ground Contact Surface Constructions Name
  {65e4fb96-c51c-404c-9285-4e455d0361a0}, !- Default Exterior SubSurface Constructions Name
  {a84e0d74-0683-4f80-ba00-532356b689d6}, !- Default Interior SubSurface Constructions Name
  {b9978ea9-0b7b-49b5-b9e0-b9e51ab45713}, !- Interior Partition Construction Name
  ,                                       !- Space Shading Construction Name
  ,                                       !- Building Shading Construction Name
  ,                                       !- Site Shading Construction Name
  ;                                       !- Adiabatic Surface Construction Name

OS:DefaultSurfaceConstructions,
  {ab34a7e1-c172-4d0d-ae21-7b9487d7c4ca}, !- Handle
  Default Surface Constructions 1,        !- Name
  {b898be60-183c-41ca-8d10-7d2d36a2049e}, !- Floor Construction Name
  {571d5e7f-3517-4d08-a9af-f1575fa38b55}, !- Wall Construction Name
  {c5ddf58a-43ce-4918-9a22-c0825f549e1f}; !- Roof Ceiling Construction Name

OS:Construction,
  {b898be60-183c-41ca-8d10-7d2d36a2049e}, !- Handle
  Typical Insulated Exterior Mass Floor R-11.49, !- Name
  ,                                       !- Surface Rendering Name
  {7fdf1418-da70-4f17-80d7-dae036b345a9}, !- Layer 1
  {e9cd93cd-3735-4388-a49b-aded5ff9c7b4}, !- Layer 2
  {834e83b3-fa94-4aca-b3ba-452d3727c24b}; !- Layer 3

OS:Material:NoMass,
  {7fdf1418-da70-4f17-80d7-dae036b345a9}, !- Handle
  Typical Insulation R-8.93,              !- Name
  Smooth,                                 !- Roughness
  1.57183221366242,                       !- Thermal Resistance {m2-K/W}
  0.9,                                    !- Thermal Absorptance
  0.7,                                    !- Solar Absorptance
  0.7;                                    !- Visible Absorptance

OS:Material,
  {e9cd93cd-3735-4388-a49b-aded5ff9c7b4}, !- Handle
  4 in. Normalweight Concrete Floor,      !- Name
  MediumRough,                            !- Roughness
  0.1016,                                 !- Thickness {m}
  2.31,                                   !- Conductivity {W/m-K}
  2321.99999999999,                       !- Density {kg/m3}
  831.999999999997,                       !- Specific Heat {J/kg-K}
  0.9,                                    !- Thermal Absorptance
  0.7,                                    !- Solar Absorptance
  0.7;                                    !- Visible Absorptance

OS:Material:NoMass,
  {834e83b3-fa94-4aca-b3ba-452d3727c24b}, !- Handle
  Typical Carpet Pad,                     !- Name
  Smooth,                                 !- Roughness
  0.216479986995276,                      !- Thermal Resistance {m2-K/W}
  0.9,                                    !- Thermal Absorptance
  0.7,                                    !- Solar Absorptance
  0.8;                                    !- Visible Absorptance

OS:StandardsInformation:Construction,
  {ec32331f-2ec8-4c32-b835-5bff24ef735e}, !- Handle
  {b898be60-183c-41ca-8d10-7d2d36a2049e}, !- Construction Name
  ExteriorFloor,                          !- Intended Surface Type
  Mass;                                   !- Standards Construction Type

OS:Construction,
  {571d5e7f-3517-4d08-a9af-f1575fa38b55}, !- Handle
  Typical Insulated Exterior Mass Wall R-8.13, !- Name
  ,                                       !- Surface Rendering Name
  {873875b6-4903-4fc2-af93-ad8d747cc28d}, !- Layer 1
  {0df260ed-f9ae-42ec-a707-aa5b3e6b24a2}, !- Layer 2
  {b7e70aec-48d8-40e8-9042-cde8c45eec78}, !- Layer 3
  {0b854bf9-23fe-4fb5-852a-dbb94ecc6978}; !- Layer 4

OS:Material,
  {873875b6-4903-4fc2-af93-ad8d747cc28d}, !- Handle
  1IN Stucco,                             !- Name
  Smooth,                                 !- Roughness
  0.0253,                                 !- Thickness {m}
  0.691799999999999,                      !- Conductivity {W/m-K}
  1858,                                   !- Density {kg/m3}
  836.999999999999,                       !- Specific Heat {J/kg-K}
  0.9,                                    !- Thermal Absorptance
  0.7,                                    !- Solar Absorptance
  0.92;                                   !- Visible Absorptance

OS:Material,
  {0df260ed-f9ae-42ec-a707-aa5b3e6b24a2}, !- Handle
  8IN CONCRETE HW RefBldg,                !- Name
  Rough,                                  !- Roughness
  0.2032,                                 !- Thickness {m}
  1.311,                                  !- Conductivity {W/m-K}
  2240,                                   !- Density {kg/m3}
  836.800000000001,                       !- Specific Heat {J/kg-K}
  0.9,                                    !- Thermal Absorptance
  0.7,                                    !- Solar Absorptance
  0.7;                                    !- Visible Absorptance

OS:Material:NoMass,
  {b7e70aec-48d8-40e8-9042-cde8c45eec78}, !- Handle
  Typical Insulation R-5.74,              !- Name
  Smooth,                                 !- Roughness
  1.01115400561992,                       !- Thermal Resistance {m2-K/W}
  0.9,                                    !- Thermal Absorptance
  0.7,                                    !- Solar Absorptance
  0.7;                                    !- Visible Absorptance

OS:Material,
  {0b854bf9-23fe-4fb5-852a-dbb94ecc6978}, !- Handle
  1/2IN Gypsum,                           !- Name
  Smooth,                                 !- Roughness
  0.0127,                                 !- Thickness {m}
  0.16,                                   !- Conductivity {W/m-K}
  784.9,                                  !- Density {kg/m3}
  830.000000000001,                       !- Specific Heat {J/kg-K}
  0.9,                                    !- Thermal Absorptance
  0.4,                                    !- Solar Absorptance
  0.4;                                    !- Visible Absorptance

OS:StandardsInformation:Construction,
  {694b4f95-4019-4627-9a32-8c5878dc92d2}, !- Handle
  {571d5e7f-3517-4d08-a9af-f1575fa38b55}, !- Construction Name
  ExteriorWall,                           !- Intended Surface Type
  Mass;                                   !- Standards Construction Type

OS:Construction,
  {c5ddf58a-43ce-4918-9a22-c0825f549e1f}, !- Handle
  Typical IEAD Roof R-15.87,              !- Name
  ,                                       !- Surface Rendering Name
  {72454668-6251-46de-93d0-6b6855fe3e3f}, !- Layer 1
  {e619f9c1-0ee7-4aae-94ae-8b0d51f3ec62}, !- Layer 2
  {8287a39d-10ab-4ef2-a655-e7c5e4656897}; !- Layer 3

OS:Material,
  {72454668-6251-46de-93d0-6b6855fe3e3f}, !- Handle
  Roof Membrane,                          !- Name
  VeryRough,                              !- Roughness
  0.0095,                                 !- Thickness {m}
  0.16,                                   !- Conductivity {W/m-K}
  1121.29,                                !- Density {kg/m3}
  1460,                                   !- Specific Heat {J/kg-K}
  0.9,                                    !- Thermal Absorptance
  0.7,                                    !- Solar Absorptance
  0.7;                                    !- Visible Absorptance

OS:Material:NoMass,
  {e619f9c1-0ee7-4aae-94ae-8b0d51f3ec62}, !- Handle
  Typical Insulation R-14.76,             !- Name
  Smooth,                                 !- Roughness
  2.59864112987226,                       !- Thermal Resistance {m2-K/W}
  0.9,                                    !- Thermal Absorptance
  0.7,                                    !- Solar Absorptance
  0.7;                                    !- Visible Absorptance

OS:Material,
  {8287a39d-10ab-4ef2-a655-e7c5e4656897}, !- Handle
  Metal Roof Surface,                     !- Name
  Smooth,                                 !- Roughness
  0.000799999999999998,                   !- Thickness {m}
  45.2799999999999,                       !- Conductivity {W/m-K}
  7823.99999999999,                       !- Density {kg/m3}
  499.999999999996,                       !- Specific Heat {J/kg-K}
  0.9,                                    !- Thermal Absorptance
  0.7,                                    !- Solar Absorptance
  0.7;                                    !- Visible Absorptance

OS:StandardsInformation:Construction,
  {709458c3-4a39-4d3a-8020-c92c2d70255d}, !- Handle
  {c5ddf58a-43ce-4918-9a22-c0825f549e1f}, !- Construction Name
  ExteriorRoof,                           !- Intended Surface Type
  IEAD;                                   !- Standards Construction Type

OS:DefaultSurfaceConstructions,
  {2d004610-bf7d-4e70-88dd-06f90080fc75}, !- Handle
  Default Surface Constructions 2,        !- Name
  {96e067c9-5b6c-4b32-ad5b-a47e8157fac5}, !- Floor Construction Name
  {0f5e281f-e52e-4d3d-85e2-916c0738c8c0}, !- Wall Construction Name
  {6335ba84-d666-4a1c-8f14-0c24951525c3}; !- Roof Ceiling Construction Name

OS:Construction,
  {96e067c9-5b6c-4b32-ad5b-a47e8157fac5}, !- Handle
  Typical Interior Floor,                 !- Name
  ,                                       !- Surface Rendering Name
  {bcb971f9-2731-4e6b-b275-830e4c6caa30}, !- Layer 1
  {d14b12f0-2ed3-47ac-8c0d-65d3e7df8d34}; !- Layer 2

OS:Material,
  {bcb971f9-2731-4e6b-b275-830e4c6caa30}, !- Handle
  100mm Normalweight concrete floor,      !- Name
  MediumRough,                            !- Roughness
  0.1016,                                 !- Thickness {m}
  2.31044676686054,                       !- Conductivity {W/m-K}
  2322.00146636525,                       !- Density {kg/m3}
  832.5567858096,                         !- Specific Heat {J/kg-K}
  0.9,                                    !- Thermal Absorptance
  0.7,                                    !- Solar Absorptance
  0.7;                                    !- Visible Absorptance

OS:Material:NoMass,
  {d14b12f0-2ed3-47ac-8c0d-65d3e7df8d34}, !- Handle
  CP02 CARPET PAD,                        !- Name
  Smooth,                                 !- Roughness
  0.216479986995276,                      !- Thermal Resistance {m2-K/W}
  0.9,                                    !- Thermal Absorptance
  0.7,                                    !- Solar Absorptance
  0.8;                                    !- Visible Absorptance

OS:StandardsInformation:Construction,
  {1a5256da-6732-4db3-8639-d2fe3ce96d0b}, !- Handle
  {96e067c9-5b6c-4b32-ad5b-a47e8157fac5}, !- Construction Name
  InteriorFloor,                          !- Intended Surface Type
  ;                                       !- Standards Construction Type

OS:Construction,
  {0f5e281f-e52e-4d3d-85e2-916c0738c8c0}, !- Handle
  Typical Interior Wall,                  !- Name
  ,                                       !- Surface Rendering Name
  {3732bf2e-f237-4dd4-baa3-0c5c6afaf122}, !- Layer 1
  {3732bf2e-f237-4dd4-baa3-0c5c6afaf122}; !- Layer 2

OS:Material,
  {3732bf2e-f237-4dd4-baa3-0c5c6afaf122}, !- Handle
  G01 13mm gypsum board,                  !- Name
  Smooth,                                 !- Roughness
  0.0127,                                 !- Thickness {m}
  0.160030944416258,                      !- Conductivity {W/m-K}
  800.000505207667,                       !- Density {kg/m3}
  1090.7294438736,                        !- Specific Heat {J/kg-K}
  0.9,                                    !- Thermal Absorptance
  0.7,                                    !- Solar Absorptance
  0.5;                                    !- Visible Absorptance

OS:StandardsInformation:Construction,
  {1105a532-b926-4286-9e60-26512c44d23a}, !- Handle
  {0f5e281f-e52e-4d3d-85e2-916c0738c8c0}, !- Construction Name
  InteriorWall,                           !- Intended Surface Type
  ;                                       !- Standards Construction Type

OS:Construction,
  {6335ba84-d666-4a1c-8f14-0c24951525c3}, !- Handle
  Typical Interior Ceiling,               !- Name
  ,                                       !- Surface Rendering Name
  {d14b12f0-2ed3-47ac-8c0d-65d3e7df8d34}, !- Layer 1
  {bcb971f9-2731-4e6b-b275-830e4c6caa30}; !- Layer 2

OS:StandardsInformation:Construction,
  {15357358-762e-4c0d-a078-a73aaac172f2}, !- Handle
  {6335ba84-d666-4a1c-8f14-0c24951525c3}, !- Construction Name
  InteriorCeiling,                        !- Intended Surface Type
  ;                                       !- Standards Construction Type

OS:DefaultSurfaceConstructions,
  {2508ebc9-5fea-4b19-a538-abb8c410fea0}, !- Handle
  Default Surface Constructions 3,        !- Name
  {ed8e7dc8-6b9f-427c-8fa0-565b85b8b794}, !- Floor Construction Name
  {2e138f9f-ae8c-450f-bed7-eb054a3271b4}, !- Wall Construction Name
  ;                                       !- Roof Ceiling Construction Name

OS:Construction,
  {ed8e7dc8-6b9f-427c-8fa0-565b85b8b794}, !- Handle
  Typical Insulated Carpeted 6in Slab Floor, !- Name
  ,                                       !- Surface Rendering Name
  {4adaeba1-50e3-4c48-bd6a-b9dda655aa2c}, !- Layer 1
  {834e83b3-fa94-4aca-b3ba-452d3727c24b}; !- Layer 2

OS:Material:NoMass,
  {12f95f94-fa46-4f1f-a4da-8c27d695ed6a}, !- Handle
  Typical Insulation R-0.58,              !- Name
  Smooth,                                 !- Roughness
  0.101874652714525,                      !- Thermal Resistance {m2-K/W}
  0.9,                                    !- Thermal Absorptance
  0.7,                                    !- Solar Absorptance
  0.7;                                    !- Visible Absorptance

OS:Material,
  {4adaeba1-50e3-4c48-bd6a-b9dda655aa2c}, !- Handle
  6 in. Normalweight Concrete Floor,      !- Name
  MediumRough,                            !- Roughness
  0.1524,                                 !- Thickness {m}
  2.31,                                   !- Conductivity {W/m-K}
  2321.99999999999,                       !- Density {kg/m3}
  831.999999999997,                       !- Specific Heat {J/kg-K}
  0.9,                                    !- Thermal Absorptance
  0.7,                                    !- Solar Absorptance
  0.7;                                    !- Visible Absorptance

OS:StandardsInformation:Construction,
  {521be3ad-ebba-44da-a82b-2ad01be38bef}, !- Handle
  {ed8e7dc8-6b9f-427c-8fa0-565b85b8b794}, !- Construction Name
  GroundContactFloor,                     !- Intended Surface Type
  Mass;                                   !- Standards Construction Type

OS:Construction,
  {2e138f9f-ae8c-450f-bed7-eb054a3271b4}, !- Handle
  Typical Insulated Basement Mass Wall,   !- Name
  ,                                       !- Surface Rendering Name
  {9475b6cb-c819-4c4b-a9f9-8183c96d129f}; !- Layer 1

OS:Material,
  {9475b6cb-c819-4c4b-a9f9-8183c96d129f}, !- Handle
  8 in. Concrete Block Basement Wall,     !- Name
  MediumRough,                            !- Roughness
  0.2032,                                 !- Thickness {m}
  1.326,                                  !- Conductivity {W/m-K}
  1841.99999999999,                       !- Density {kg/m3}
  911.999999999999,                       !- Specific Heat {J/kg-K}
  0.9,                                    !- Thermal Absorptance
  0.7,                                    !- Solar Absorptance
  0.7;                                    !- Visible Absorptance

OS:StandardsInformation:Construction,
  {d71e288c-5dfc-4664-9a71-7fc3c612c478}, !- Handle
  {2e138f9f-ae8c-450f-bed7-eb054a3271b4}, !- Construction Name
  GroundContactWall,                      !- Intended Surface Type
  Mass;                                   !- Standards Construction Type

OS:DefaultSubSurfaceConstructions,
  {65e4fb96-c51c-404c-9285-4e455d0361a0}, !- Handle
  Default Sub Surface Constructions 1,    !- Name
  {63bcaf0d-9513-4288-aa7a-8f3b41a9b681}, !- Fixed Window Construction Name
  {9b3b2734-c908-4ce8-948b-536b2ad83930}, !- Operable Window Construction Name
  {0a818fdd-700d-4ab6-a9cf-81434b572efb}, !- Door Construction Name
  {9b3b2734-c908-4ce8-948b-536b2ad83930}, !- Glass Door Construction Name
  {a56f2a2a-1c29-402c-8955-561c24828fe3}, !- Overhead Door Construction Name
  {5456bb72-160a-4c5e-8016-50bf6c3f6aca}, !- Skylight Construction Name
  {8f469908-e0b7-4496-8ef3-05550cf42d20}, !- Tubular Daylight Dome Construction Name
  {8f469908-e0b7-4496-8ef3-05550cf42d20}; !- Tubular Daylight Diffuser Construction Name

OS:Construction,
  {63bcaf0d-9513-4288-aa7a-8f3b41a9b681}, !- Handle
  U 0.57 SHGC 0.39 Simple Glazing,        !- Name
  ,                                       !- Surface Rendering Name
  {67d7ba8f-3d89-4498-bd98-936142cabf95}; !- Layer 1

OS:WindowMaterial:SimpleGlazingSystem,
  {67d7ba8f-3d89-4498-bd98-936142cabf95}, !- Handle
  U 0.57 SHGC 0.39 Simple Glazing,        !- Name
  3.23661010443469,                       !- U-Factor {W/m2-K}
  0.39,                                   !- Solar Heat Gain Coefficient
  0.81;                                   !- Visible Transmittance

OS:StandardsInformation:Construction,
  {009e373e-a072-4bac-b13e-fb08b687752a}, !- Handle
  {63bcaf0d-9513-4288-aa7a-8f3b41a9b681}, !- Construction Name
  ExteriorWindow,                         !- Intended Surface Type
  ;                                       !- Standards Construction Type

OS:Construction,
  {9b3b2734-c908-4ce8-948b-536b2ad83930}, !- Handle
  U 0.67 SHGC 0.39 Simple Glazing,        !- Name
  ,                                       !- Surface Rendering Name
  {7f0891c8-112c-4767-ab55-1d87649d5f23}; !- Layer 1

OS:WindowMaterial:SimpleGlazingSystem,
  {7f0891c8-112c-4767-ab55-1d87649d5f23}, !- Handle
  U 0.67 SHGC 0.39 Simple Glazing,        !- Name
  3.80443643854604,                       !- U-Factor {W/m2-K}
  0.39,                                   !- Solar Heat Gain Coefficient
  0.81;                                   !- Visible Transmittance

OS:StandardsInformation:Construction,
  {b2f27f92-e25f-4728-9186-5dd084dbeb34}, !- Handle
  {9b3b2734-c908-4ce8-948b-536b2ad83930}, !- Construction Name
  ExteriorWindow,                         !- Intended Surface Type
  ;                                       !- Standards Construction Type

OS:Construction,
  {0a818fdd-700d-4ab6-a9cf-81434b572efb}, !- Handle
  Typical Insulated Metal Door R-1.43,    !- Name
  ,                                       !- Surface Rendering Name
  {2d5c7b17-acaa-48b5-be37-70655ab34a47}, !- Layer 1
  {12f95f94-fa46-4f1f-a4da-8c27d695ed6a}; !- Layer 2

OS:Material,
  {2d5c7b17-acaa-48b5-be37-70655ab34a47}, !- Handle
  F08 Metal surface,                      !- Name
  Smooth,                                 !- Roughness
  0.0008,                                 !- Thickness {m}
  45.2800000000001,                       !- Conductivity {W/m-K}
  7823.99999999999,                       !- Density {kg/m3}
  500,                                    !- Specific Heat {J/kg-K}
  0.9,                                    !- Thermal Absorptance
  0.7,                                    !- Solar Absorptance
  0.7;                                    !- Visible Absorptance

OS:StandardsInformation:Construction,
  {91b9e7f1-55c7-48c0-ac8d-e47f0c1034f9}, !- Handle
  {0a818fdd-700d-4ab6-a9cf-81434b572efb}, !- Construction Name
  ExteriorDoor,                           !- Intended Surface Type
  ;                                       !- Standards Construction Type

OS:Construction,
  {a56f2a2a-1c29-402c-8955-561c24828fe3}, !- Handle
  Typical Overhead Door R-0.86,           !- Name
  ,                                       !- Surface Rendering Name
  {af16923f-d051-418f-92b0-c9b416572c94}; !- Layer 1

OS:Material:NoMass,
  {af16923f-d051-418f-92b0-c9b416572c94}, !- Handle
  Typical Insulation R-0.01,              !- Name
  Smooth,                                 !- Roughness
  0.001,                                  !- Thermal Resistance {m2-K/W}
  0.9,                                    !- Thermal Absorptance
  0.7,                                    !- Solar Absorptance
  0.7;                                    !- Visible Absorptance

OS:StandardsInformation:Construction,
  {7cb4c7d4-42f3-4dd1-847f-789f723a0b2f}, !- Handle
  {a56f2a2a-1c29-402c-8955-561c24828fe3}, !- Construction Name
  ExteriorDoor,                           !- Intended Surface Type
  RollUp;                                 !- Standards Construction Type

OS:Construction,
  {5456bb72-160a-4c5e-8016-50bf6c3f6aca}, !- Handle
  U 1.17 SHGC 0.49 Simple Glazing,        !- Name
  ,                                       !- Surface Rendering Name
  {15e9044a-bbe6-4b92-893d-da9a3c7866c6}; !- Layer 1

OS:WindowMaterial:SimpleGlazingSystem,
  {15e9044a-bbe6-4b92-893d-da9a3c7866c6}, !- Handle
  U 1.17 SHGC 0.49 Simple Glazing,        !- Name
  6.64356810910278,                       !- U-Factor {W/m2-K}
  0.49,                                   !- Solar Heat Gain Coefficient
  0.81;                                   !- Visible Transmittance

OS:StandardsInformation:Construction,
  {d1cfab81-a823-4262-8d17-9210546c0ef3}, !- Handle
  {5456bb72-160a-4c5e-8016-50bf6c3f6aca}, !- Construction Name
  ,                                       !- Intended Surface Type
  ;                                       !- Standards Construction Type

OS:Construction,
  {8f469908-e0b7-4496-8ef3-05550cf42d20}, !- Handle
  Typical Interior Window,                !- Name
  ,                                       !- Surface Rendering Name
  {44de7485-248e-4050-89c0-deef1bde542f}; !- Layer 1

OS:WindowMaterial:Glazing,
  {44de7485-248e-4050-89c0-deef1bde542f}, !- Handle
  Clear 3mm,                              !- Name
  SpectralAverage,                        !- Optical Data Type
  ,                                       !- Window Glass Spectral Data Set Name
  0.00299999999999999,                    !- Thickness {m}
  0.837,                                  !- Solar Transmittance at Normal Incidence
  0.075,                                  !- Front Side Solar Reflectance at Normal Incidence
  0.075,                                  !- Back Side Solar Reflectance at Normal Incidence
  0.898,                                  !- Visible Transmittance at Normal Incidence
  0.081,                                  !- Front Side Visible Reflectance at Normal Incidence
  0.081,                                  !- Back Side Visible Reflectance at Normal Incidence
  0,                                      !- Infrared Transmittance at Normal Incidence
  0.84,                                   !- Front Side Infrared Hemispherical Emissivity
  0.84,                                   !- Back Side Infrared Hemispherical Emissivity
  0.9,                                    !- Conductivity {W/m-K}
  1,                                      !- Dirt Correction Factor for Solar and Visible Transmittance
  No;                                     !- Solar Diffusing

OS:StandardsInformation:Construction,
  {04c16d8e-ee87-4293-859f-30074a0efe3c}, !- Handle
  {8f469908-e0b7-4496-8ef3-05550cf42d20}, !- Construction Name
  InteriorWindow,                         !- Intended Surface Type
  ;                                       !- Standards Construction Type

OS:DefaultSubSurfaceConstructions,
  {a84e0d74-0683-4f80-ba00-532356b689d6}, !- Handle
  Default Sub Surface Constructions 2,    !- Name
  {8f469908-e0b7-4496-8ef3-05550cf42d20}, !- Fixed Window Construction Name
  {8f469908-e0b7-4496-8ef3-05550cf42d20}, !- Operable Window Construction Name
  {6aaa4f91-e604-4170-b99e-25949da631fe}, !- Door Construction Name
  ,                                       !- Glass Door Construction Name
  ,                                       !- Overhead Door Construction Name
  ,                                       !- Skylight Construction Name
  ,                                       !- Tubular Daylight Dome Construction Name
  ;                                       !- Tubular Daylight Diffuser Construction Name

OS:Construction,
  {6aaa4f91-e604-4170-b99e-25949da631fe}, !- Handle
  Typical Interior Door,                  !- Name
  ,                                       !- Surface Rendering Name
  {da15f817-1dd7-4616-a0fe-8210773c1d2f}; !- Layer 1

OS:Material,
  {da15f817-1dd7-4616-a0fe-8210773c1d2f}, !- Handle
  G05 25mm wood,                          !- Name
  MediumSmooth,                           !- Roughness
  0.0254,                                 !- Thickness {m}
  0.15,                                   !- Conductivity {W/m-K}
  608,                                    !- Density {kg/m3}
  1630,                                   !- Specific Heat {J/kg-K}
  0.9,                                    !- Thermal Absorptance
  0.5,                                    !- Solar Absorptance
  0.5;                                    !- Visible Absorptance

OS:StandardsInformation:Construction,
  {e90deced-7488-4ab5-8d77-b7ecc29dee58}, !- Handle
  {6aaa4f91-e604-4170-b99e-25949da631fe}, !- Construction Name
  InteriorDoor,                           !- Intended Surface Type
  ;                                       !- Standards Construction Type

OS:Construction,
  {b9978ea9-0b7b-49b5-b9e0-b9e51ab45713}, !- Handle
  Typical Interior Partition,             !- Name
  ,                                       !- Surface Rendering Name
  {da15f817-1dd7-4616-a0fe-8210773c1d2f}; !- Layer 1

OS:StandardsInformation:Construction,
  {e2c70e58-e323-4b26-8003-b7d28e7ed9a1}, !- Handle
  {b9978ea9-0b7b-49b5-b9e0-b9e51ab45713}, !- Construction Name
  InteriorPartition,                      !- Intended Surface Type
  ;                                       !- Standards Construction Type

OS:Schedule:Constant,
  {775f3104-620f-4148-b791-a62bdc07ea2b}, !- Handle
  Always On Discrete,                     !- Name
  {c7bce4e8-376b-4573-915a-f5c5f0ae0fba}, !- Schedule Type Limits Name
  1;                                      !- Value

OS:ScheduleTypeLimits,
  {c7bce4e8-376b-4573-915a-f5c5f0ae0fba}, !- Handle
  OnOff,                                  !- Name
  0,                                      !- Lower Limit Value
  1,                                      !- Upper Limit Value
  Discrete,                               !- Numeric Type
  Availability;                           !- Unit Type

OS:SpaceInfiltration:DesignFlowRate,
  {ed431fb2-e1df-4c4b-93ef-c3d81c4b898d}, !- Handle
  East Perimeter Space - Story ground Infiltration, !- Name
  {a3ca5320-0a29-4714-8f5f-7d98e8d34c42}, !- Space or SpaceType Name
  {775f3104-620f-4148-b791-a62bdc07ea2b}, !- Schedule Name
  Flow/ExteriorArea,                      !- Design Flow Rate Calculation Method
  ,                                       !- Design Flow Rate {m3/s}
  ,                                       !- Flow per Space Floor Area {m3/s-m2}
  0.0004858255486,                        !- Flow per Exterior Surface Area {m3/s-m2}
  ,                                       !- Air Changes per Hour {1/hr}
  0,                                      !- Constant Term Coefficient
  0,                                      !- Temperature Term Coefficient
  0.224,                                  !- Velocity Term Coefficient
  0,                                      !- Velocity Squared Term Coefficient
  Outdoor;                                !- Density Basis

OS:SpaceInfiltration:DesignFlowRate,
  {375dc417-41b9-40e9-87fa-375a2b11e991}, !- Handle
  North Perimeter Space - Story ground Infiltration, !- Name
  {7ab78f69-8037-4dad-8269-74931fa47239}, !- Space or SpaceType Name
  {775f3104-620f-4148-b791-a62bdc07ea2b}, !- Schedule Name
  Flow/ExteriorArea,                      !- Design Flow Rate Calculation Method
  ,                                       !- Design Flow Rate {m3/s}
  ,                                       !- Flow per Space Floor Area {m3/s-m2}
  0.0004576535975,                        !- Flow per Exterior Surface Area {m3/s-m2}
  ,                                       !- Air Changes per Hour {1/hr}
  0,                                      !- Constant Term Coefficient
  0,                                      !- Temperature Term Coefficient
  0.224,                                  !- Velocity Term Coefficient
  0,                                      !- Velocity Squared Term Coefficient
  Outdoor;                                !- Density Basis

OS:SpaceInfiltration:DesignFlowRate,
  {1bbf02db-37f4-4228-a74e-dc6446e350ec}, !- Handle
  South Perimeter Space - Story ground Infiltration, !- Name
  {8424b6ea-bb22-4725-a328-ecb7c3005a8f}, !- Space or SpaceType Name
  {775f3104-620f-4148-b791-a62bdc07ea2b}, !- Schedule Name
  Flow/ExteriorArea,                      !- Design Flow Rate Calculation Method
  ,                                       !- Design Flow Rate {m3/s}
  ,                                       !- Flow per Space Floor Area {m3/s-m2}
  0.0004576535975,                        !- Flow per Exterior Surface Area {m3/s-m2}
  ,                                       !- Air Changes per Hour {1/hr}
  0,                                      !- Constant Term Coefficient
  0,                                      !- Temperature Term Coefficient
  0.224,                                  !- Velocity Term Coefficient
  0,                                      !- Velocity Squared Term Coefficient
  Outdoor;                                !- Density Basis

OS:SpaceInfiltration:DesignFlowRate,
  {12736a6a-f699-42fa-b401-aef48b95131e}, !- Handle
  West Perimeter Space - Story ground Infiltration, !- Name
  {83c4e9ff-5637-4707-a2aa-6eb7c30581ba}, !- Space or SpaceType Name
  {775f3104-620f-4148-b791-a62bdc07ea2b}, !- Schedule Name
  Flow/ExteriorArea,                      !- Design Flow Rate Calculation Method
  ,                                       !- Design Flow Rate {m3/s}
  ,                                       !- Flow per Space Floor Area {m3/s-m2}
  0.0004858255486,                        !- Flow per Exterior Surface Area {m3/s-m2}
  ,                                       !- Air Changes per Hour {1/hr}
  0,                                      !- Constant Term Coefficient
  0,                                      !- Temperature Term Coefficient
  0.224,                                  !- Velocity Term Coefficient
  0,                                      !- Velocity Squared Term Coefficient
  Outdoor;                                !- Density Basis

OS:Site:GroundTemperature:BuildingSurface,
  {4f22dbd4-1455-49e2-bc2e-7519c691ffb3}, !- Handle
  19.527,                                 !- January Ground Temperature {C}
  19.502,                                 !- February Ground Temperature {C}
  19.536,                                 !- March Ground Temperature {C}
  19.598,                                 !- April Ground Temperature {C}
  20.002,                                 !- May Ground Temperature {C}
  21.64,                                  !- June Ground Temperature {C}
  22.225,                                 !- July Ground Temperature {C}
  22.375,                                 !- August Ground Temperature {C}
  21.449,                                 !- September Ground Temperature {C}
  20.121,                                 !- October Ground Temperature {C}
  19.802,                                 !- November Ground Temperature {C}
  19.633;                                 !- December Ground Temperature {C}

OS:Schedule:Ruleset,
  {a8f49f98-fd35-4b28-88b2-d97a615f1f8a}, !- Handle
  OfficeSmall BLDG_SWH_SCH,               !- Name
  {2b24245a-b353-4dec-a9e7-5aa8afaa45e5}, !- Schedule Type Limits Name
  {cfb9a898-46ec-4bb9-af5d-f73cd896dd58}, !- Default Day Schedule Name
  {23f83f43-5a41-4b91-a484-a2af0a893a28}, !- Summer Design Day Schedule Name
  {7c961779-d1f2-4562-97a3-356d98eec9cb}; !- Winter Design Day Schedule Name

OS:Schedule:Day,
  {cfb9a898-46ec-4bb9-af5d-f73cd896dd58}, !- Handle
  OfficeSmall BLDG_SWH_SCH Default,       !- Name
  {2b24245a-b353-4dec-a9e7-5aa8afaa45e5}, !- Schedule Type Limits Name
  No,                                     !- Interpolate to Timestep
  24,                                     !- Hour 1
  0,                                      !- Minute 1
  0;                                      !- Value Until Time 1

OS:Schedule:Day,
  {7c961779-d1f2-4562-97a3-356d98eec9cb}, !- Handle
  OfficeSmall BLDG_SWH_SCH Winter Design Day, !- Name
  {2b24245a-b353-4dec-a9e7-5aa8afaa45e5}, !- Schedule Type Limits Name
  No,                                     !- Interpolate to Timestep
  7,                                      !- Hour 1
  0,                                      !- Minute 1
  0,                                      !- Value Until Time 1
  8,                                      !- Hour 2
  0,                                      !- Minute 2
  0.27,                                   !- Value Until Time 2
  9,                                      !- Hour 3
  0,                                      !- Minute 3
  0.55,                                   !- Value Until Time 3
  11,                                     !- Hour 4
  0,                                      !- Minute 4
  0.64,                                   !- Value Until Time 4
  12,                                     !- Hour 5
  0,                                      !- Minute 5
  0.82,                                   !- Value Until Time 5
  13,                                     !- Hour 6
  0,                                      !- Minute 6
  1,                                      !- Value Until Time 6
  14,                                     !- Hour 7
  0,                                      !- Minute 7
  0.91,                                   !- Value Until Time 7
  16,                                     !- Hour 8
  0,                                      !- Minute 8
  0.55,                                   !- Value Until Time 8
  17,                                     !- Hour 9
  0,                                      !- Minute 9
  0.73,                                   !- Value Until Time 9
  19,                                     !- Hour 10
  0,                                      !- Minute 10
  0.37,                                   !- Value Until Time 10
  20,                                     !- Hour 11
  0,                                      !- Minute 11
  0.18,                                   !- Value Until Time 11
  21,                                     !- Hour 12
  0,                                      !- Minute 12
  0.27,                                   !- Value Until Time 12
  22,                                     !- Hour 13
  0,                                      !- Minute 13
  0.09,                                   !- Value Until Time 13
  24,                                     !- Hour 14
  0,                                      !- Minute 14
  0;                                      !- Value Until Time 14

OS:Schedule:Day,
  {23f83f43-5a41-4b91-a484-a2af0a893a28}, !- Handle
  OfficeSmall BLDG_SWH_SCH Summer Design Day, !- Name
  {2b24245a-b353-4dec-a9e7-5aa8afaa45e5}, !- Schedule Type Limits Name
  No,                                     !- Interpolate to Timestep
  7,                                      !- Hour 1
  0,                                      !- Minute 1
  0,                                      !- Value Until Time 1
  8,                                      !- Hour 2
  0,                                      !- Minute 2
  0.27,                                   !- Value Until Time 2
  9,                                      !- Hour 3
  0,                                      !- Minute 3
  0.55,                                   !- Value Until Time 3
  11,                                     !- Hour 4
  0,                                      !- Minute 4
  0.64,                                   !- Value Until Time 4
  12,                                     !- Hour 5
  0,                                      !- Minute 5
  0.82,                                   !- Value Until Time 5
  13,                                     !- Hour 6
  0,                                      !- Minute 6
  1,                                      !- Value Until Time 6
  14,                                     !- Hour 7
  0,                                      !- Minute 7
  0.91,                                   !- Value Until Time 7
  16,                                     !- Hour 8
  0,                                      !- Minute 8
  0.55,                                   !- Value Until Time 8
  17,                                     !- Hour 9
  0,                                      !- Minute 9
  0.73,                                   !- Value Until Time 9
  19,                                     !- Hour 10
  0,                                      !- Minute 10
  0.37,                                   !- Value Until Time 10
  20,                                     !- Hour 11
  0,                                      !- Minute 11
  0.18,                                   !- Value Until Time 11
  21,                                     !- Hour 12
  0,                                      !- Minute 12
  0.27,                                   !- Value Until Time 12
  22,                                     !- Hour 13
  0,                                      !- Minute 13
  0.09,                                   !- Value Until Time 13
  24,                                     !- Hour 14
  0,                                      !- Minute 14
  0;                                      !- Value Until Time 14

OS:Schedule:Rule,
  {5061b1d7-1f5c-4fad-a34c-98e1f8facb32}, !- Handle
  Schedule Rule 9,                        !- Name
  {a8f49f98-fd35-4b28-88b2-d97a615f1f8a}, !- Schedule Ruleset Name
  0,                                      !- Rule Order
  {5d4d2a95-68cb-46ce-894b-ca9048e88a86}, !- Day Schedule Name
  ,                                       !- Apply Sunday
  Yes,                                    !- Apply Monday
  Yes,                                    !- Apply Tuesday
  Yes,                                    !- Apply Wednesday
  Yes,                                    !- Apply Thursday
  Yes,                                    !- Apply Friday
  ,                                       !- Apply Saturday
  DateRange,                              !- Date Specification Type
  1,                                      !- Start Month
  1,                                      !- Start Day
  12,                                     !- End Month
  31;                                     !- End Day

OS:Schedule:Day,
  {5d4d2a95-68cb-46ce-894b-ca9048e88a86}, !- Handle
  OfficeSmall BLDG_SWH_SCH WntrDsn|SmrDsn|Wkdy Day, !- Name
  {2b24245a-b353-4dec-a9e7-5aa8afaa45e5}, !- Schedule Type Limits Name
  No,                                     !- Interpolate to Timestep
  7,                                      !- Hour 1
  0,                                      !- Minute 1
  0,                                      !- Value Until Time 1
  8,                                      !- Hour 2
  0,                                      !- Minute 2
  0.27,                                   !- Value Until Time 2
  9,                                      !- Hour 3
  0,                                      !- Minute 3
  0.55,                                   !- Value Until Time 3
  11,                                     !- Hour 4
  0,                                      !- Minute 4
  0.64,                                   !- Value Until Time 4
  12,                                     !- Hour 5
  0,                                      !- Minute 5
  0.82,                                   !- Value Until Time 5
  13,                                     !- Hour 6
  0,                                      !- Minute 6
  1,                                      !- Value Until Time 6
  14,                                     !- Hour 7
  0,                                      !- Minute 7
  0.91,                                   !- Value Until Time 7
  16,                                     !- Hour 8
  0,                                      !- Minute 8
  0.55,                                   !- Value Until Time 8
  17,                                     !- Hour 9
  0,                                      !- Minute 9
  0.73,                                   !- Value Until Time 9
  19,                                     !- Hour 10
  0,                                      !- Minute 10
  0.37,                                   !- Value Until Time 10
  20,                                     !- Hour 11
  0,                                      !- Minute 11
  0.18,                                   !- Value Until Time 11
  21,                                     !- Hour 12
  0,                                      !- Minute 12
  0.27,                                   !- Value Until Time 12
  22,                                     !- Hour 13
  0,                                      !- Minute 13
  0.09,                                   !- Value Until Time 13
  24,                                     !- Hour 14
  0,                                      !- Minute 14
  0;                                      !- Value Until Time 14

OS:WaterUse:Equipment:Definition,
  {723395f0-5ede-4e28-a101-fadf065d457b}, !- Handle
  Office WholeBuilding - Sm Office - 90.1-2004 0.05gpm 140F, !- Name
  ,                                       !- End-Use Subcategory
  2.86669376563279e-06,                   !- Peak Flow Rate {m3/s}
  {c4001d4b-90e7-41ac-b13c-4ed3c8229d0b}, !- Target Temperature Schedule Name
  {0c95fa65-144c-4ca2-9bc7-d0cc2a0f6c2e}, !- Sensible Fraction Schedule Name
  {e63b487d-c9e1-427d-8dea-ff554a6b0c1d}; !- Latent Fraction Schedule Name

OS:Schedule:Ruleset,
  {0c95fa65-144c-4ca2-9bc7-d0cc2a0f6c2e}, !- Handle
  Fraction Sensible - 0.2,                !- Name
  {2b24245a-b353-4dec-a9e7-5aa8afaa45e5}, !- Schedule Type Limits Name
  {a21210e4-3bce-444b-9c43-3a0695d856dc}; !- Default Day Schedule Name

OS:Schedule:Day,
  {a21210e4-3bce-444b-9c43-3a0695d856dc}, !- Handle
  Fraction Sensible - 0.2 Default,        !- Name
  {2b24245a-b353-4dec-a9e7-5aa8afaa45e5}, !- Schedule Type Limits Name
  ,                                       !- Interpolate to Timestep
  24,                                     !- Hour 1
  0,                                      !- Minute 1
  0.2;                                    !- Value Until Time 1

OS:Schedule:Ruleset,
  {e63b487d-c9e1-427d-8dea-ff554a6b0c1d}, !- Handle
  Fraction Latent - 0.05,                 !- Name
  {2b24245a-b353-4dec-a9e7-5aa8afaa45e5}, !- Schedule Type Limits Name
  {d8099981-5f94-4d38-9278-090d97ce22e7}; !- Default Day Schedule Name

OS:Schedule:Day,
  {d8099981-5f94-4d38-9278-090d97ce22e7}, !- Handle
  Fraction Latent - 0.05 Default,         !- Name
  {2b24245a-b353-4dec-a9e7-5aa8afaa45e5}, !- Schedule Type Limits Name
  ,                                       !- Interpolate to Timestep
  24,                                     !- Hour 1
  0,                                      !- Minute 1
  0.05;                                   !- Value Until Time 1

OS:Schedule:Ruleset,
  {c4001d4b-90e7-41ac-b13c-4ed3c8229d0b}, !- Handle
  Mixed Water At Faucet Temp - 140F,      !- Name
  {fcb959f2-61bf-4bb4-a49d-6db6125b52da}, !- Schedule Type Limits Name
  {47a0a057-e6e8-44ab-9a1e-d0ddb365e456}; !- Default Day Schedule Name

OS:Schedule:Day,
  {47a0a057-e6e8-44ab-9a1e-d0ddb365e456}, !- Handle
  Mixed Water At Faucet Temp - 140F Default, !- Name
  {fcb959f2-61bf-4bb4-a49d-6db6125b52da}, !- Schedule Type Limits Name
  ,                                       !- Interpolate to Timestep
  24,                                     !- Hour 1
  0,                                      !- Minute 1
  60.0000000000001;                       !- Value Until Time 1

OS:ScheduleTypeLimits,
  {fcb959f2-61bf-4bb4-a49d-6db6125b52da}, !- Handle
  Temperature,                            !- Name
  ,                                       !- Lower Limit Value
  ,                                       !- Upper Limit Value
  Continuous,                             !- Numeric Type
  Temperature;                            !- Unit Type

OS:WaterUse:Equipment,
  {96d823aa-8f2f-4629-a2b8-f854faab64d1}, !- Handle
  Office WholeBuilding - Sm Office - 90.1-2004 Service Water Use 0.05gpm 140F, !- Name
  {723395f0-5ede-4e28-a101-fadf065d457b}, !- Water Use Equipment Definition Name
  ,                                       !- Space Name
  {a8f49f98-fd35-4b28-88b2-d97a615f1f8a}; !- Flow Rate Fraction Schedule Name

OS:WaterUse:Connections,
  {af718efb-ea6b-434c-9a7d-9cac6a010178}, !- Handle
  Office WholeBuilding - Sm Office - 90.1-2004 WUC 0.05gpm 140F, !- Name
  {382f62a6-fd96-4a72-9d40-dbafae18a554}, !- Inlet Node Name
  {dd9bfb3d-09a7-43c3-b8a5-c4deca4df2e4}, !- Outlet Node Name
  ,                                       !- Supply Water Storage Tank Name
  ,                                       !- Reclamation Water Storage Tank Name
  ,                                       !- Hot Water Supply Temperature Schedule Name
  ,                                       !- Cold Water Supply Temperature Schedule Name
  None,                                   !- Drain Water Heat Exchanger Type
  Plant,                                  !- Drain Water Heat Exchanger Destination
  ,                                       !- Drain Water Heat Exchanger U-Factor Times Area {W/K}
  {96d823aa-8f2f-4629-a2b8-f854faab64d1}; !- Water Use Equipment Name 1

OS:PlantLoop,
  {5b45d8ff-405f-489e-9e6d-5d74858d0e76}, !- Handle
  Office Shared Service Water Loop,       !- Name
  ,                                       !- Fluid Type
  0,                                      !- Glycol Concentration
  ,                                       !- User Defined Fluid Type
  ,                                       !- Plant Equipment Operation Heating Load
  ,                                       !- Plant Equipment Operation Cooling Load
  ,                                       !- Primary Plant Equipment Operation Scheme
  {51f73150-1db5-4529-9038-30b083cb2d7e}, !- Loop Temperature Setpoint Node Name
  60.0000000000001,                       !- Maximum Loop Temperature {C}
  10,                                     !- Minimum Loop Temperature {C}
  ,                                       !- Maximum Loop Flow Rate {m3/s}
  ,                                       !- Minimum Loop Flow Rate {m3/s}
  Autocalculate,                          !- Plant Loop Volume {m3}
  {3167def3-1de0-4016-a815-587d98183bf1}, !- Plant Side Inlet Node Name
  {7794c4c1-0892-429f-a2af-2db04e62091b}, !- Plant Side Outlet Node Name
  ,                                       !- Plant Side Branch List Name
  {b4475e88-d83c-4f70-bfdb-62ddb496a801}, !- Demand Side Inlet Node Name
  {3884e112-435b-4ffe-82b3-801ddb7cef71}, !- Demand Side Outlet Node Name
  ,                                       !- Demand Side Branch List Name
  ,                                       !- Demand Side Connector List Name
  Optimal,                                !- Load Distribution Scheme
  {9a63dee1-b300-436d-babd-7f20069e1529}, !- Availability Manager List Name
  ,                                       !- Plant Loop Demand Calculation Scheme
  ,                                       !- Common Pipe Simulation
  ,                                       !- Pressure Simulation Type
  ,                                       !- Plant Equipment Operation Heating Load Schedule
  ,                                       !- Plant Equipment Operation Cooling Load Schedule
  ,                                       !- Primary Plant Equipment Operation Scheme Schedule
  ,                                       !- Component Setpoint Operation Scheme Schedule
  {09bcc5f8-9f42-4e6c-8c07-97798a0495d0}, !- Demand Mixer Name
  {6cfe23d8-bbb0-4b98-89b8-70bc6a2fb43d}, !- Demand Splitter Name
  {02025f26-e069-4a72-84e8-68493eebbfe6}, !- Supply Mixer Name
  {32c823ed-efa0-4a76-8c4f-48f316ae4c34}; !- Supply Splitter Name

OS:Node,
  {344a691d-4090-4f29-8dea-80e57c0b6172}, !- Handle
  Office Shared Service Water Loop Supply Inlet Node, !- Name
  {3167def3-1de0-4016-a815-587d98183bf1}, !- Inlet Port
  {8f881429-e87f-4b47-ae64-ee06828255e2}; !- Outlet Port

OS:Node,
  {51f73150-1db5-4529-9038-30b083cb2d7e}, !- Handle
  Office Shared Service Water Loop Supply Outlet Node, !- Name
  {81ca546f-7453-4b7b-9b75-202706d51851}, !- Inlet Port
  {7794c4c1-0892-429f-a2af-2db04e62091b}; !- Outlet Port

OS:Node,
  {e770e33f-a435-4584-8ec0-26010911d25d}, !- Handle
  40gal NaturalGas Water Heater - 3kBtu/hr Supply Inlet Water Node, !- Name
  {0b78eae2-e936-4c7f-a5ae-c383c85f2647}, !- Inlet Port
  {9e8fd951-7599-4d56-8654-0d4373a461ad}; !- Outlet Port

OS:Connector:Mixer,
  {02025f26-e069-4a72-84e8-68493eebbfe6}, !- Handle
  Connector Mixer 1,                      !- Name
  {6faaa61e-1307-4308-9de6-b2d10c988248}, !- Outlet Branch Name
  {4797a37e-72b6-4c95-91e3-7c4e2a76f7cc}, !- Inlet Branch Name 1
  {44096801-baee-4a42-bcd9-ddecbbc7d1a8}; !- Inlet Branch Name 2

OS:Connector:Splitter,
  {32c823ed-efa0-4a76-8c4f-48f316ae4c34}, !- Handle
  Connector Splitter 1,                   !- Name
  {7f1bc163-59a8-4d5e-b3b6-136da914efeb}, !- Inlet Branch Name
  {0b78eae2-e936-4c7f-a5ae-c383c85f2647}, !- Outlet Branch Name 1
  {60ea33c6-912f-4494-9e1a-b66abe0c1223}; !- Outlet Branch Name 2

OS:Connection,
  {3167def3-1de0-4016-a815-587d98183bf1}, !- Handle
  {5b45d8ff-405f-489e-9e6d-5d74858d0e76}, !- Source Object
  14,                                     !- Outlet Port
  {344a691d-4090-4f29-8dea-80e57c0b6172}, !- Target Object
  2;                                      !- Inlet Port

OS:Connection,
  {0b78eae2-e936-4c7f-a5ae-c383c85f2647}, !- Handle
  {32c823ed-efa0-4a76-8c4f-48f316ae4c34}, !- Source Object
  3,                                      !- Outlet Port
  {e770e33f-a435-4584-8ec0-26010911d25d}, !- Target Object
  2;                                      !- Inlet Port

OS:Connection,
  {7794c4c1-0892-429f-a2af-2db04e62091b}, !- Handle
  {51f73150-1db5-4529-9038-30b083cb2d7e}, !- Source Object
  3,                                      !- Outlet Port
  {5b45d8ff-405f-489e-9e6d-5d74858d0e76}, !- Target Object
  15;                                     !- Inlet Port

OS:Node,
  {ff5396b7-555e-4b79-9b70-e012a449280d}, !- Handle
  Office Shared Service Water Loop Demand Inlet Node, !- Name
  {b4475e88-d83c-4f70-bfdb-62ddb496a801}, !- Inlet Port
  {99fd3670-cd3a-481b-9aaf-91e9436f5ed8}; !- Outlet Port

OS:Node,
  {7fdcb98f-c5a0-4183-a76b-a1ab4cd2d5d7}, !- Handle
  Office Shared Service Water Loop Demand Outlet Node, !- Name
  {7744c2cc-9704-48e1-ba5c-607480aa68eb}, !- Inlet Port
  {3884e112-435b-4ffe-82b3-801ddb7cef71}; !- Outlet Port

OS:Node,
  {202d071b-e4d8-4527-9300-47546b95b42c}, !- Handle
  Pipe Adiabatic 2 Inlet Water Node,      !- Name
  {86b54631-e5bc-4080-bf9f-11641b9454de}, !- Inlet Port
  {13ebf888-4dd1-4300-924c-c5c2318419d2}; !- Outlet Port

OS:Connector:Mixer,
  {09bcc5f8-9f42-4e6c-8c07-97798a0495d0}, !- Handle
  Connector Mixer 2,                      !- Name
  {c70090b1-519e-4196-bf60-a28dfe53e4a5}, !- Outlet Branch Name
  {8e110caa-8152-46c9-8765-deb1319f4acc}, !- Inlet Branch Name 1
  {0d0ae504-df80-44f1-9f5e-eeaea35196d8}; !- Inlet Branch Name 2

OS:Connector:Splitter,
  {6cfe23d8-bbb0-4b98-89b8-70bc6a2fb43d}, !- Handle
  Connector Splitter 2,                   !- Name
  {db7a6406-1dd3-4480-bfb6-74b67102f358}, !- Inlet Branch Name
  {86b54631-e5bc-4080-bf9f-11641b9454de}, !- Outlet Branch Name 1
  {4ec432f8-f07d-435e-a7c3-d4ac599c676e}; !- Outlet Branch Name 2

OS:Connection,
  {b4475e88-d83c-4f70-bfdb-62ddb496a801}, !- Handle
  {5b45d8ff-405f-489e-9e6d-5d74858d0e76}, !- Source Object
  17,                                     !- Outlet Port
  {ff5396b7-555e-4b79-9b70-e012a449280d}, !- Target Object
  2;                                      !- Inlet Port

OS:Connection,
  {86b54631-e5bc-4080-bf9f-11641b9454de}, !- Handle
  {6cfe23d8-bbb0-4b98-89b8-70bc6a2fb43d}, !- Source Object
  3,                                      !- Outlet Port
  {202d071b-e4d8-4527-9300-47546b95b42c}, !- Target Object
  2;                                      !- Inlet Port

OS:Connection,
  {3884e112-435b-4ffe-82b3-801ddb7cef71}, !- Handle
  {7fdcb98f-c5a0-4183-a76b-a1ab4cd2d5d7}, !- Source Object
  3,                                      !- Outlet Port
  {5b45d8ff-405f-489e-9e6d-5d74858d0e76}, !- Target Object
  18;                                     !- Inlet Port

OS:Sizing:Plant,
  {a00eec01-6f38-4a4b-bb9e-78d52f8571dc}, !- Handle
  {5b45d8ff-405f-489e-9e6d-5d74858d0e76}, !- Plant or Condenser Loop Name
  Heating,                                !- Loop Type
  60.0000000000001,                       !- Design Loop Exit Temperature {C}
  5,                                      !- Loop Design Temperature Difference {deltaC}
  NonCoincident,                          !- Sizing Option
  1,                                      !- Zone Timesteps in Averaging Window
  None;                                   !- Coincident Sizing Factor Mode

OS:AvailabilityManagerAssignmentList,
  {9a63dee1-b300-436d-babd-7f20069e1529}, !- Handle
  Plant Loop 1 AvailabilityManagerAssignmentList; !- Name

OS:Schedule:Ruleset,
  {3ad84492-548b-47b0-a238-28a0e2d4108e}, !- Handle
  Service Water Loop Temp - 140F,         !- Name
  {fcb959f2-61bf-4bb4-a49d-6db6125b52da}, !- Schedule Type Limits Name
  {d42a4738-b777-41e4-9872-2e66652298cd}; !- Default Day Schedule Name

OS:Schedule:Day,
  {d42a4738-b777-41e4-9872-2e66652298cd}, !- Handle
  Service Water Loop Temp - 140F Default, !- Name
  {fcb959f2-61bf-4bb4-a49d-6db6125b52da}, !- Schedule Type Limits Name
  ,                                       !- Interpolate to Timestep
  24,                                     !- Hour 1
  0,                                      !- Minute 1
  60.0000000000001;                       !- Value Until Time 1

OS:SetpointManager:Scheduled,
  {81c96983-4f4d-4e52-8313-d85f4195687d}, !- Handle
  Service hot water setpoint manager,     !- Name
  Temperature,                            !- Control Variable
  {3ad84492-548b-47b0-a238-28a0e2d4108e}, !- Schedule Name
  {51f73150-1db5-4529-9038-30b083cb2d7e}; !- Setpoint Node or NodeList Name

OS:Pump:ConstantSpeed,
  {74f03776-998b-4142-9d4e-7dc0c97e06f6}, !- Handle
  Office Shared Service Water Loop Circulator Pump, !- Name
  {8f881429-e87f-4b47-ae64-ee06828255e2}, !- Inlet Node Name
  {18d397a6-1c3f-4c19-ab7c-75ea746c29cd}, !- Outlet Node Name
  autosize,                               !- Rated Flow Rate {m3/s}
  29890.6692,                             !- Rated Pump Head {Pa}
  autosize,                               !- Rated Power Consumption {W}
  0.825,                                  !- Motor Efficiency
  0,                                      !- Fraction of Motor Inefficiencies to Fluid Stream
  Intermittent,                           !- Pump Control Type
  ,                                       !- Pump Flow Rate Schedule
  ,                                       !- Pump Curve
  ,                                       !- Impeller Diameter {m}
  ,                                       !- Rotational Speed {rev/min}
  ,                                       !- Zone
  ,                                       !- Skin Loss Radiative Fraction
  PowerPerFlowPerPressure,                !- Design Power Sizing Method
  348701.1,                               !- Design Electric Power per Unit Flow Rate {W/(m3/s)}
  1.282051282,                            !- Design Shaft Power per Unit Flow Rate per Unit Head {W-s/m3-Pa}
  General;                                !- End-Use Subcategory

OS:Node,
  {8c5108b0-8b7c-4742-908c-1c75c97c97a7}, !- Handle
  Office Shared Service Water Loop Circulator Pump Outlet Water Node, !- Name
  {18d397a6-1c3f-4c19-ab7c-75ea746c29cd}, !- Inlet Port
  {7f1bc163-59a8-4d5e-b3b6-136da914efeb}; !- Outlet Port

OS:Connection,
  {8f881429-e87f-4b47-ae64-ee06828255e2}, !- Handle
  {344a691d-4090-4f29-8dea-80e57c0b6172}, !- Source Object
  3,                                      !- Outlet Port
  {74f03776-998b-4142-9d4e-7dc0c97e06f6}, !- Target Object
  2;                                      !- Inlet Port

OS:Connection,
  {18d397a6-1c3f-4c19-ab7c-75ea746c29cd}, !- Handle
  {74f03776-998b-4142-9d4e-7dc0c97e06f6}, !- Source Object
  3,                                      !- Outlet Port
  {8c5108b0-8b7c-4742-908c-1c75c97c97a7}, !- Target Object
  2;                                      !- Inlet Port

OS:Connection,
  {7f1bc163-59a8-4d5e-b3b6-136da914efeb}, !- Handle
  {8c5108b0-8b7c-4742-908c-1c75c97c97a7}, !- Source Object
  3,                                      !- Outlet Port
  {32c823ed-efa0-4a76-8c4f-48f316ae4c34}, !- Target Object
  2;                                      !- Inlet Port

OS:WaterHeater:Mixed,
  {aca47d6e-d31e-46eb-828f-3c138c1eb4ae}, !- Handle
  40gal NaturalGas Water Heater - 3kBtu/hr 0.82 Therm Eff, !- Name
  0.151416471358794,                      !- Tank Volume {m3}
  {3ad84492-548b-47b0-a238-28a0e2d4108e}, !- Setpoint Temperature Schedule Name
  2,                                      !- Deadband Temperature Difference {deltaC}
  60.0000000000001,                       !- Maximum Temperature Limit {C}
  Cycle,                                  !- Heater Control Type
  838.943903092272,                       !- Heater Maximum Capacity {W}
  ,                                       !- Heater Minimum Capacity {W}
  ,                                       !- Heater Ignition Minimum Flow Rate {m3/s}
  ,                                       !- Heater Ignition Delay {s}
  NaturalGas,                             !- Heater Fuel Type
  0.82,                                   !- Heater Thermal Efficiency
  ,                                       !- Part Load Factor Curve Name
  0,                                      !- Off Cycle Parasitic Fuel Consumption Rate {W}
  NaturalGas,                             !- Off Cycle Parasitic Fuel Type
  0,                                      !- Off Cycle Parasitic Heat Fraction to Tank
  0,                                      !- On Cycle Parasitic Fuel Consumption Rate {W}
  NaturalGas,                             !- On Cycle Parasitic Fuel Type
  0,                                      !- On Cycle Parasitic Heat Fraction to Tank
  Schedule,                               !- Ambient Temperature Indicator
  {d64838e7-70cd-4b03-a0b9-616bdcd01926}, !- Ambient Temperature Schedule Name
  ,                                       !- Ambient Temperature Thermal Zone Name
  ,                                       !- Ambient Temperature Outdoor Air Node Name
  0.391818212803822,                      !- Off Cycle Loss Coefficient to Ambient Temperature {W/K}
  ,                                       !- Off Cycle Loss Fraction to Thermal Zone
  0.391818212803822,                      !- On Cycle Loss Coefficient to Ambient Temperature {W/K}
  ,                                       !- On Cycle Loss Fraction to Thermal Zone
  ,                                       !- Peak Use Flow Rate {m3/s}
  ,                                       !- Use Flow Rate Fraction Schedule Name
  ,                                       !- Cold Water Supply Temperature Schedule Name
  {9e8fd951-7599-4d56-8654-0d4373a461ad}, !- Use Side Inlet Node Name
  {329ce1d4-5678-4a24-89a5-dbc7bbb84bf1}, !- Use Side Outlet Node Name
  1,                                      !- Use Side Effectiveness
  ,                                       !- Source Side Inlet Node Name
  ,                                       !- Source Side Outlet Node Name
  1,                                      !- Source Side Effectiveness
  autosize,                               !- Use Side Design Flow Rate {m3/s}
  autosize,                               !- Source Side Design Flow Rate {m3/s}
  1.5,                                    !- Indirect Water Heating Recovery Time {hr}
  IndirectHeatPrimarySetpoint,            !- Source Side Flow Control Mode
  ,                                       !- Indirect Alternate Setpoint Temperature Schedule Name
  General;                                !- End-Use Subcategory

OS:WaterHeater:Sizing,
  {ceab37a3-3620-40b9-b5f9-b1938fa0e6a5}, !- Handle
  {aca47d6e-d31e-46eb-828f-3c138c1eb4ae}, !- WaterHeater Name
  PeakDraw,                               !- Design Mode
  0.538503,                               !- Time Storage Can Meet Peak Draw {hr}
  0,                                      !- Time for Tank Recovery {hr}
  1;                                      !- Nominal Tank Volume for Autosizing Plant Connections {m3}

OS:Schedule:Ruleset,
  {d64838e7-70cd-4b03-a0b9-616bdcd01926}, !- Handle
  Water Heater Ambient Temp Schedule 71.6F, !- Name
  {fcb959f2-61bf-4bb4-a49d-6db6125b52da}, !- Schedule Type Limits Name
  {eb906d9f-3a89-449b-a88e-3ef64c9ff65f}; !- Default Day Schedule Name

OS:Schedule:Day,
  {eb906d9f-3a89-449b-a88e-3ef64c9ff65f}, !- Handle
  Water Heater Ambient Temp Schedule 71.6F Default, !- Name
  {fcb959f2-61bf-4bb4-a49d-6db6125b52da}, !- Schedule Type Limits Name
  ,                                       !- Interpolate to Timestep
  24,                                     !- Hour 1
  0,                                      !- Minute 1
  22.0000000000001;                       !- Value Until Time 1

OS:Node,
  {79fb46ac-13b6-4e08-9aae-3a3946f3f2e7}, !- Handle
  40gal NaturalGas Water Heater - 3kBtu/hr Supply Outlet Water Node, !- Name
  {329ce1d4-5678-4a24-89a5-dbc7bbb84bf1}, !- Inlet Port
  {4797a37e-72b6-4c95-91e3-7c4e2a76f7cc}; !- Outlet Port

OS:Connection,
  {9e8fd951-7599-4d56-8654-0d4373a461ad}, !- Handle
  {e770e33f-a435-4584-8ec0-26010911d25d}, !- Source Object
  3,                                      !- Outlet Port
  {aca47d6e-d31e-46eb-828f-3c138c1eb4ae}, !- Target Object
  31;                                     !- Inlet Port

OS:Connection,
  {329ce1d4-5678-4a24-89a5-dbc7bbb84bf1}, !- Handle
  {aca47d6e-d31e-46eb-828f-3c138c1eb4ae}, !- Source Object
  32,                                     !- Outlet Port
  {79fb46ac-13b6-4e08-9aae-3a3946f3f2e7}, !- Target Object
  2;                                      !- Inlet Port

OS:Connection,
  {4797a37e-72b6-4c95-91e3-7c4e2a76f7cc}, !- Handle
  {79fb46ac-13b6-4e08-9aae-3a3946f3f2e7}, !- Source Object
  3,                                      !- Outlet Port
  {02025f26-e069-4a72-84e8-68493eebbfe6}, !- Target Object
  3;                                      !- Inlet Port

OS:AdditionalProperties,
  {2863f705-0261-4fc3-98f2-d1e2aa28c549}, !- Handle
  {aca47d6e-d31e-46eb-828f-3c138c1eb4ae}; !- Object Name

OS:Schedule:Ruleset,
  {53b66ad8-e786-4455-aa6d-3d06bd957b1b}, !- Handle
  Office Shared Service Water Loop Piping Air Temp - 70F, !- Name
  {fcb959f2-61bf-4bb4-a49d-6db6125b52da}, !- Schedule Type Limits Name
  {5e619d18-18c9-4bda-bf0b-56a27a249e81}; !- Default Day Schedule Name

OS:Schedule:Day,
  {5e619d18-18c9-4bda-bf0b-56a27a249e81}, !- Handle
  Office Shared Service Water Loop Piping Air Temp - 70F Default, !- Name
  {fcb959f2-61bf-4bb4-a49d-6db6125b52da}, !- Schedule Type Limits Name
  ,                                       !- Interpolate to Timestep
  24,                                     !- Hour 1
  0,                                      !- Minute 1
  21.1;                                   !- Value Until Time 1

OS:Schedule:Ruleset,
  {f5d86462-2ec1-442a-b2ef-006d8ab35bd8}, !- Handle
  Office Shared Service Water Loop Piping Air Velocity - 0.67mph, !- Name
  {659d6447-86b0-46e4-b59b-15a792c0f399}, !- Schedule Type Limits Name
  {b165346d-bf11-4de1-8505-93c391afbaa6}; !- Default Day Schedule Name

OS:Schedule:Day,
  {b165346d-bf11-4de1-8505-93c391afbaa6}, !- Handle
  Office Shared Service Water Loop Piping Air Velocity - 0.67mph Default, !- Name
  {659d6447-86b0-46e4-b59b-15a792c0f399}, !- Schedule Type Limits Name
  ,                                       !- Interpolate to Timestep
  24,                                     !- Hour 1
  0,                                      !- Minute 1
  0.3;                                    !- Value Until Time 1

OS:Material,
  {23534e8c-f649-43ff-8a2b-780f31868169}, !- Handle
  Copper pipe 0.75in type L,              !- Name
  Smooth,                                 !- Roughness
  0.001143,                               !- Thickness {m}
  386,                                    !- Conductivity {W/m-K}
  8906.26563592184,                       !- Density {kg/m3}
  385.1856,                               !- Specific Heat {J/kg-K}
  0.9,                                    !- Thermal Absorptance
  0.7,                                    !- Solar Absorptance
  0.7;                                    !- Visible Absorptance

OS:Construction,
  {a5c3b9a4-9880-404d-9a27-fa10fb558a4c}, !- Handle
  Copper pipe 0.75in type L with 0.5in fiberglass batt, !- Name
  ,                                       !- Surface Rendering Name
  {03981049-983e-4fe5-a0c4-2c6134f8a138}, !- Layer 1
  {23534e8c-f649-43ff-8a2b-780f31868169}; !- Layer 2

OS:Material,
  {03981049-983e-4fe5-a0c4-2c6134f8a138}, !- Handle
  Fiberglass batt 0.5in,                  !- Name
  Smooth,                                 !- Roughness
  0.0127,                                 !- Thickness {m}
  0.06634482887757,                       !- Conductivity {W/m-K}
  11.2129243617721,                       !- Density {kg/m3}
  837.36,                                 !- Specific Heat {J/kg-K}
  0.9,                                    !- Thermal Absorptance
  0.7,                                    !- Solar Absorptance
  0.7;                                    !- Visible Absorptance

OS:Pipe:Indoor,
  {4381bc5d-1487-4a09-8de8-c3336b003e5a}, !- Handle
  Office Shared Service Water Loop Pipe 141ft, !- Name
  {a5c3b9a4-9880-404d-9a27-fa10fb558a4c}, !- Construction
  {99fd3670-cd3a-481b-9aaf-91e9436f5ed8}, !- Fluid Inlet Node
  {d0e27688-0e46-47cf-b813-cde3acf039a4}, !- Fluid Outlet Node
  Schedule,                               !- Environment Type
  ,                                       !- Ambient Temperature Zone
  {53b66ad8-e786-4455-aa6d-3d06bd957b1b}, !- Ambient Temperature Schedule
  {f5d86462-2ec1-442a-b2ef-006d8ab35bd8}, !- Ambient Air Velocity Schedule
  0.019939,                               !- Pipe Inside Diameter {m}
  43.1052293811319;                       !- Pipe Length {m}

OS:Node,
  {e26d70d5-fab3-48db-be87-84f709e8e22e}, !- Handle
  Office Shared Service Water Loop Pipe 141ft Outlet Water Node, !- Name
  {d0e27688-0e46-47cf-b813-cde3acf039a4}, !- Inlet Port
  {db7a6406-1dd3-4480-bfb6-74b67102f358}; !- Outlet Port

OS:Connection,
  {99fd3670-cd3a-481b-9aaf-91e9436f5ed8}, !- Handle
  {ff5396b7-555e-4b79-9b70-e012a449280d}, !- Source Object
  3,                                      !- Outlet Port
  {4381bc5d-1487-4a09-8de8-c3336b003e5a}, !- Target Object
  3;                                      !- Inlet Port

OS:Connection,
  {d0e27688-0e46-47cf-b813-cde3acf039a4}, !- Handle
  {4381bc5d-1487-4a09-8de8-c3336b003e5a}, !- Source Object
  4,                                      !- Outlet Port
  {e26d70d5-fab3-48db-be87-84f709e8e22e}, !- Target Object
  2;                                      !- Inlet Port

OS:Connection,
  {db7a6406-1dd3-4480-bfb6-74b67102f358}, !- Handle
  {e26d70d5-fab3-48db-be87-84f709e8e22e}, !- Source Object
  3,                                      !- Outlet Port
  {6cfe23d8-bbb0-4b98-89b8-70bc6a2fb43d}, !- Target Object
  2;                                      !- Inlet Port

OS:Pipe:Adiabatic,
  {4c5e24df-4b43-4389-99ea-2254a4d245f4}, !- Handle
  Pipe Adiabatic 1,                       !- Name
  {de795322-54cf-494f-86d0-9ee6da9bfb38}, !- Inlet Node Name
  {4d4561e5-286a-4ff6-a134-118580376b08}; !- Outlet Node Name

OS:Node,
  {d32c7f56-bd82-4f7b-b52f-c0ca7c82d999}, !- Handle
  Pipe Adiabatic 1 Inlet Water Node,      !- Name
  {60ea33c6-912f-4494-9e1a-b66abe0c1223}, !- Inlet Port
  {de795322-54cf-494f-86d0-9ee6da9bfb38}; !- Outlet Port

OS:Connection,
  {60ea33c6-912f-4494-9e1a-b66abe0c1223}, !- Handle
  {32c823ed-efa0-4a76-8c4f-48f316ae4c34}, !- Source Object
  4,                                      !- Outlet Port
  {d32c7f56-bd82-4f7b-b52f-c0ca7c82d999}, !- Target Object
  2;                                      !- Inlet Port

OS:Node,
  {acf0ed4b-93b6-47a9-a2e7-62a4626afd14}, !- Handle
  Pipe Adiabatic 1 Outlet Water Node,     !- Name
  {4d4561e5-286a-4ff6-a134-118580376b08}, !- Inlet Port
  {44096801-baee-4a42-bcd9-ddecbbc7d1a8}; !- Outlet Port

OS:Connection,
  {de795322-54cf-494f-86d0-9ee6da9bfb38}, !- Handle
  {d32c7f56-bd82-4f7b-b52f-c0ca7c82d999}, !- Source Object
  3,                                      !- Outlet Port
  {4c5e24df-4b43-4389-99ea-2254a4d245f4}, !- Target Object
  2;                                      !- Inlet Port

OS:Connection,
  {4d4561e5-286a-4ff6-a134-118580376b08}, !- Handle
  {4c5e24df-4b43-4389-99ea-2254a4d245f4}, !- Source Object
  3,                                      !- Outlet Port
  {acf0ed4b-93b6-47a9-a2e7-62a4626afd14}, !- Target Object
  2;                                      !- Inlet Port

OS:Connection,
  {44096801-baee-4a42-bcd9-ddecbbc7d1a8}, !- Handle
  {acf0ed4b-93b6-47a9-a2e7-62a4626afd14}, !- Source Object
  3,                                      !- Outlet Port
  {02025f26-e069-4a72-84e8-68493eebbfe6}, !- Target Object
  4;                                      !- Inlet Port

OS:Pipe:Adiabatic,
  {02a3f348-8051-4bdc-b09a-d822968eb274}, !- Handle
  Pipe Adiabatic 2,                       !- Name
  {13ebf888-4dd1-4300-924c-c5c2318419d2}, !- Inlet Node Name
  {0e3b13d7-1263-4793-9fcf-cec0f1c35a60}; !- Outlet Node Name

OS:Node,
  {5c35aa7d-e2d6-4452-a529-07c4e05c08fa}, !- Handle
  Pipe Adiabatic 2 Outlet Water Node,     !- Name
  {0e3b13d7-1263-4793-9fcf-cec0f1c35a60}, !- Inlet Port
  {8e110caa-8152-46c9-8765-deb1319f4acc}; !- Outlet Port

OS:Connection,
  {13ebf888-4dd1-4300-924c-c5c2318419d2}, !- Handle
  {202d071b-e4d8-4527-9300-47546b95b42c}, !- Source Object
  3,                                      !- Outlet Port
  {02a3f348-8051-4bdc-b09a-d822968eb274}, !- Target Object
  2;                                      !- Inlet Port

OS:Connection,
  {0e3b13d7-1263-4793-9fcf-cec0f1c35a60}, !- Handle
  {02a3f348-8051-4bdc-b09a-d822968eb274}, !- Source Object
  3,                                      !- Outlet Port
  {5c35aa7d-e2d6-4452-a529-07c4e05c08fa}, !- Target Object
  2;                                      !- Inlet Port

OS:Connection,
  {8e110caa-8152-46c9-8765-deb1319f4acc}, !- Handle
  {5c35aa7d-e2d6-4452-a529-07c4e05c08fa}, !- Source Object
  3,                                      !- Outlet Port
  {09bcc5f8-9f42-4e6c-8c07-97798a0495d0}, !- Target Object
  3;                                      !- Inlet Port

OS:Pipe:Adiabatic,
  {cadc6c23-1ac4-45e1-801b-6e8bd6b4bf95}, !- Handle
  Pipe Adiabatic 3,                       !- Name
  {c04031e6-7c81-4f47-9f3a-3c5717125e60}, !- Inlet Node Name
  {81ca546f-7453-4b7b-9b75-202706d51851}; !- Outlet Node Name

OS:Node,
  {77114625-0542-4f95-beb7-521f22544425}, !- Handle
  Pipe Adiabatic 3 Inlet Water Node,      !- Name
  {6faaa61e-1307-4308-9de6-b2d10c988248}, !- Inlet Port
  {c04031e6-7c81-4f47-9f3a-3c5717125e60}; !- Outlet Port

OS:Connection,
  {6faaa61e-1307-4308-9de6-b2d10c988248}, !- Handle
  {02025f26-e069-4a72-84e8-68493eebbfe6}, !- Source Object
  2,                                      !- Outlet Port
  {77114625-0542-4f95-beb7-521f22544425}, !- Target Object
  2;                                      !- Inlet Port

OS:Connection,
  {c04031e6-7c81-4f47-9f3a-3c5717125e60}, !- Handle
  {77114625-0542-4f95-beb7-521f22544425}, !- Source Object
  3,                                      !- Outlet Port
  {cadc6c23-1ac4-45e1-801b-6e8bd6b4bf95}, !- Target Object
  2;                                      !- Inlet Port

OS:Connection,
  {81ca546f-7453-4b7b-9b75-202706d51851}, !- Handle
  {cadc6c23-1ac4-45e1-801b-6e8bd6b4bf95}, !- Source Object
  3,                                      !- Outlet Port
  {51f73150-1db5-4529-9038-30b083cb2d7e}, !- Target Object
  2;                                      !- Inlet Port

OS:Pipe:Adiabatic,
  {08f0e645-0f43-493b-9a45-08a71d5061a5}, !- Handle
  Pipe Adiabatic 4,                       !- Name
  {31a8f9c8-2874-440e-a65c-a686fc394d7b}, !- Inlet Node Name
  {7744c2cc-9704-48e1-ba5c-607480aa68eb}; !- Outlet Node Name

OS:Node,
  {b1c5cd60-220d-47f0-90ed-dfafb7018fe4}, !- Handle
  Pipe Adiabatic 4 Inlet Water Node,      !- Name
  {c70090b1-519e-4196-bf60-a28dfe53e4a5}, !- Inlet Port
  {31a8f9c8-2874-440e-a65c-a686fc394d7b}; !- Outlet Port

OS:Connection,
  {c70090b1-519e-4196-bf60-a28dfe53e4a5}, !- Handle
  {09bcc5f8-9f42-4e6c-8c07-97798a0495d0}, !- Source Object
  2,                                      !- Outlet Port
  {b1c5cd60-220d-47f0-90ed-dfafb7018fe4}, !- Target Object
  2;                                      !- Inlet Port

OS:Connection,
  {31a8f9c8-2874-440e-a65c-a686fc394d7b}, !- Handle
  {b1c5cd60-220d-47f0-90ed-dfafb7018fe4}, !- Source Object
  3,                                      !- Outlet Port
  {08f0e645-0f43-493b-9a45-08a71d5061a5}, !- Target Object
  2;                                      !- Inlet Port

OS:Connection,
  {7744c2cc-9704-48e1-ba5c-607480aa68eb}, !- Handle
  {08f0e645-0f43-493b-9a45-08a71d5061a5}, !- Source Object
  3,                                      !- Outlet Port
  {7fdcb98f-c5a0-4183-a76b-a1ab4cd2d5d7}, !- Target Object
  2;                                      !- Inlet Port

OS:Node,
  {ea29965f-5882-4f1c-a9a2-a076e6f28c91}, !- Handle
  Office WholeBuilding - Sm Office - 90.1-2004 WUC 0.05gpm 140F Inlet Water Node, !- Name
  {4ec432f8-f07d-435e-a7c3-d4ac599c676e}, !- Inlet Port
  {382f62a6-fd96-4a72-9d40-dbafae18a554}; !- Outlet Port

OS:Connection,
  {4ec432f8-f07d-435e-a7c3-d4ac599c676e}, !- Handle
  {6cfe23d8-bbb0-4b98-89b8-70bc6a2fb43d}, !- Source Object
  4,                                      !- Outlet Port
  {ea29965f-5882-4f1c-a9a2-a076e6f28c91}, !- Target Object
  2;                                      !- Inlet Port

OS:Node,
  {1c2ea7b0-9c36-4af5-aaf1-646b0a4add62}, !- Handle
  Office WholeBuilding - Sm Office - 90.1-2004 WUC 0.05gpm 140F Outlet Water Node, !- Name
  {dd9bfb3d-09a7-43c3-b8a5-c4deca4df2e4}, !- Inlet Port
  {0d0ae504-df80-44f1-9f5e-eeaea35196d8}; !- Outlet Port

OS:Connection,
  {382f62a6-fd96-4a72-9d40-dbafae18a554}, !- Handle
  {ea29965f-5882-4f1c-a9a2-a076e6f28c91}, !- Source Object
  3,                                      !- Outlet Port
  {af718efb-ea6b-434c-9a7d-9cac6a010178}, !- Target Object
  2;                                      !- Inlet Port

OS:Connection,
  {dd9bfb3d-09a7-43c3-b8a5-c4deca4df2e4}, !- Handle
  {af718efb-ea6b-434c-9a7d-9cac6a010178}, !- Source Object
  3,                                      !- Outlet Port
  {1c2ea7b0-9c36-4af5-aaf1-646b0a4add62}, !- Target Object
  2;                                      !- Inlet Port

OS:Connection,
  {0d0ae504-df80-44f1-9f5e-eeaea35196d8}, !- Handle
  {1c2ea7b0-9c36-4af5-aaf1-646b0a4add62}, !- Source Object
  3,                                      !- Outlet Port
  {09bcc5f8-9f42-4e6c-8c07-97798a0495d0}, !- Target Object
  4;                                      !- Inlet Port

OS:ThermostatSetpoint:DualSetpoint,
  {3a82588d-4043-41fb-bd88-7ca0a7072f53}, !- Handle
  Office WholeBuilding - Sm Office - 90.1-2004 Thermostat, !- Name
  {e38034a7-df8c-4d09-9835-04316dec4a5f}, !- Heating Setpoint Temperature Schedule Name
  {b78c9523-032c-46d5-b9af-85df0f42e28d}; !- Cooling Setpoint Temperature Schedule Name

OS:Schedule:Ruleset,
  {e38034a7-df8c-4d09-9835-04316dec4a5f}, !- Handle
  OfficeSmall HTGSETP_SCH_NO_OPTIMUM,     !- Name
  {fcb959f2-61bf-4bb4-a49d-6db6125b52da}, !- Schedule Type Limits Name
  {0e65f815-ff33-449c-8093-767412b440bd}, !- Default Day Schedule Name
  {33c5c3a1-87e9-4a26-8590-9ec2f6ab684e}, !- Summer Design Day Schedule Name
  {f09ca492-e832-4e95-a2cb-90a14baf7cad}; !- Winter Design Day Schedule Name

OS:Schedule:Day,
  {0e65f815-ff33-449c-8093-767412b440bd}, !- Handle
  OfficeSmall HTGSETP_SCH_NO_OPTIMUM Default, !- Name
  {fcb959f2-61bf-4bb4-a49d-6db6125b52da}, !- Schedule Type Limits Name
  No,                                     !- Interpolate to Timestep
  24,                                     !- Hour 1
  0,                                      !- Minute 1
  15.56;                                  !- Value Until Time 1

OS:Schedule:Day,
  {33c5c3a1-87e9-4a26-8590-9ec2f6ab684e}, !- Handle
  OfficeSmall HTGSETP_SCH_NO_OPTIMUM Summer Design Day, !- Name
  {fcb959f2-61bf-4bb4-a49d-6db6125b52da}, !- Schedule Type Limits Name
  No,                                     !- Interpolate to Timestep
  24,                                     !- Hour 1
  0,                                      !- Minute 1
  15.56;                                  !- Value Until Time 1

OS:Schedule:Rule,
  {a3528b01-3f21-4037-b90c-0414a70f511a}, !- Handle
  Schedule Rule 10,                       !- Name
  {e38034a7-df8c-4d09-9835-04316dec4a5f}, !- Schedule Ruleset Name
  0,                                      !- Rule Order
  {d3dbb9c2-fbb5-454c-b95b-369c4f5eda43}, !- Day Schedule Name
  ,                                       !- Apply Sunday
  Yes,                                    !- Apply Monday
  Yes,                                    !- Apply Tuesday
  Yes,                                    !- Apply Wednesday
  Yes,                                    !- Apply Thursday
  Yes,                                    !- Apply Friday
  ,                                       !- Apply Saturday
  DateRange,                              !- Date Specification Type
  1,                                      !- Start Month
  1,                                      !- Start Day
  12,                                     !- End Month
  31;                                     !- End Day

OS:Schedule:Day,
  {d3dbb9c2-fbb5-454c-b95b-369c4f5eda43}, !- Handle
  OfficeSmall HTGSETP_SCH_NO_OPTIMUM Wkdy Day, !- Name
  {fcb959f2-61bf-4bb4-a49d-6db6125b52da}, !- Schedule Type Limits Name
  No,                                     !- Interpolate to Timestep
  6,                                      !- Hour 1
  0,                                      !- Minute 1
  15.56,                                  !- Value Until Time 1
  19,                                     !- Hour 2
  0,                                      !- Minute 2
  21.11,                                  !- Value Until Time 2
  24,                                     !- Hour 3
  0,                                      !- Minute 3
  15.56;                                  !- Value Until Time 3

OS:Schedule:Day,
  {f09ca492-e832-4e95-a2cb-90a14baf7cad}, !- Handle
  OfficeSmall HTGSETP_SCH_NO_OPTIMUM Winter Design Day, !- Name
  {fcb959f2-61bf-4bb4-a49d-6db6125b52da}, !- Schedule Type Limits Name
  No,                                     !- Interpolate to Timestep
  24,                                     !- Hour 1
  0,                                      !- Minute 1
  21.11;                                  !- Value Until Time 1

OS:Schedule:Ruleset,
  {b78c9523-032c-46d5-b9af-85df0f42e28d}, !- Handle
  OfficeSmall CLGSETP_SCH_NO_OPTIMUM,     !- Name
  {fcb959f2-61bf-4bb4-a49d-6db6125b52da}, !- Schedule Type Limits Name
  {4d3ea115-f6f0-4a4b-8f20-d05322d62431}, !- Default Day Schedule Name
  {0b930d6f-4d71-474a-8798-a77644fe15d6}, !- Summer Design Day Schedule Name
  {952b1d30-974b-4da7-b963-73308b691bfc}; !- Winter Design Day Schedule Name

OS:Schedule:Day,
  {4d3ea115-f6f0-4a4b-8f20-d05322d62431}, !- Handle
  OfficeSmall CLGSETP_SCH_NO_OPTIMUM Default, !- Name
  {fcb959f2-61bf-4bb4-a49d-6db6125b52da}, !- Schedule Type Limits Name
  No,                                     !- Interpolate to Timestep
  24,                                     !- Hour 1
  0,                                      !- Minute 1
  29.44;                                  !- Value Until Time 1

OS:Schedule:Day,
  {0b930d6f-4d71-474a-8798-a77644fe15d6}, !- Handle
  OfficeSmall CLGSETP_SCH_NO_OPTIMUM Summer Design Day, !- Name
  {fcb959f2-61bf-4bb4-a49d-6db6125b52da}, !- Schedule Type Limits Name
  No,                                     !- Interpolate to Timestep
  24,                                     !- Hour 1
  0,                                      !- Minute 1
  23.89;                                  !- Value Until Time 1

OS:Schedule:Rule,
  {32810bae-aed8-4e8d-80e8-046d87a6650f}, !- Handle
  Schedule Rule 11,                       !- Name
  {b78c9523-032c-46d5-b9af-85df0f42e28d}, !- Schedule Ruleset Name
  0,                                      !- Rule Order
  {5abc11e0-5000-4cfa-a7a6-feb113db5072}, !- Day Schedule Name
  ,                                       !- Apply Sunday
  Yes,                                    !- Apply Monday
  Yes,                                    !- Apply Tuesday
  Yes,                                    !- Apply Wednesday
  Yes,                                    !- Apply Thursday
  Yes,                                    !- Apply Friday
  ,                                       !- Apply Saturday
  DateRange,                              !- Date Specification Type
  1,                                      !- Start Month
  1,                                      !- Start Day
  12,                                     !- End Month
  31;                                     !- End Day

OS:Schedule:Day,
  {5abc11e0-5000-4cfa-a7a6-feb113db5072}, !- Handle
  OfficeSmall CLGSETP_SCH_NO_OPTIMUM Wkdy Day, !- Name
  {fcb959f2-61bf-4bb4-a49d-6db6125b52da}, !- Schedule Type Limits Name
  No,                                     !- Interpolate to Timestep
  6,                                      !- Hour 1
  0,                                      !- Minute 1
  29.44,                                  !- Value Until Time 1
  18,                                     !- Hour 2
  0,                                      !- Minute 2
  23.89,                                  !- Value Until Time 2
  24,                                     !- Hour 3
  0,                                      !- Minute 3
  29.44;                                  !- Value Until Time 3

OS:Schedule:Day,
  {952b1d30-974b-4da7-b963-73308b691bfc}, !- Handle
  OfficeSmall CLGSETP_SCH_NO_OPTIMUM Winter Design Day, !- Name
  {fcb959f2-61bf-4bb4-a49d-6db6125b52da}, !- Schedule Type Limits Name
  No,                                     !- Interpolate to Timestep
  24,                                     !- Hour 1
  0,                                      !- Minute 1
  29.44;                                  !- Value Until Time 1

OS:ThermostatSetpoint:DualSetpoint,
  {7dbc23e7-9c55-423d-9c74-566e8d506f43}, !- Handle
  Office WholeBuilding - Sm Office - 90.1-2004 Thermostat 1, !- Name
  {e38034a7-df8c-4d09-9835-04316dec4a5f}, !- Heating Setpoint Temperature Schedule Name
  {b78c9523-032c-46d5-b9af-85df0f42e28d}; !- Cooling Setpoint Temperature Schedule Name

OS:ThermostatSetpoint:DualSetpoint,
  {57d25925-c20c-41e6-830f-eb6681a5ea66}, !- Handle
  Office WholeBuilding - Sm Office - 90.1-2004 Thermostat 2, !- Name
  {e38034a7-df8c-4d09-9835-04316dec4a5f}, !- Heating Setpoint Temperature Schedule Name
  {b78c9523-032c-46d5-b9af-85df0f42e28d}; !- Cooling Setpoint Temperature Schedule Name

OS:ThermostatSetpoint:DualSetpoint,
  {e924e715-88ab-4b43-aeeb-12434351c71c}, !- Handle
  Office WholeBuilding - Sm Office - 90.1-2004 Thermostat 3, !- Name
  {e38034a7-df8c-4d09-9835-04316dec4a5f}, !- Heating Setpoint Temperature Schedule Name
  {b78c9523-032c-46d5-b9af-85df0f42e28d}; !- Cooling Setpoint Temperature Schedule Name

OS:ThermostatSetpoint:DualSetpoint,
  {69c80ad0-fa48-40c3-b766-1bb0c252c653}, !- Handle
  Office WholeBuilding - Sm Office - 90.1-2004 Thermostat 4, !- Name
  {e38034a7-df8c-4d09-9835-04316dec4a5f}, !- Heating Setpoint Temperature Schedule Name
  {b78c9523-032c-46d5-b9af-85df0f42e28d}; !- Cooling Setpoint Temperature Schedule Name

OS:Material,
  {0cf3de34-5104-4954-9e10-4236f1cfd6b5}, !- Handle
  Std Wood 6inch,                         !- Name
  MediumSmooth,                           !- Roughness
  0.15,                                   !- Thickness {m}
  0.12,                                   !- Conductivity {W/m-K}
  540,                                    !- Density {kg/m3}
  1210,                                   !- Specific Heat {J/kg-K}
  0.9,                                    !- Thermal Absorptance
  0.7,                                    !- Solar Absorptance
  0.7;                                    !- Visible Absorptance

OS:Construction,
  {2dc48553-2cc9-4d42-8392-6684462920ec}, !- Handle
  InteriorFurnishings,                    !- Name
  ,                                       !- Surface Rendering Name
  {0cf3de34-5104-4954-9e10-4236f1cfd6b5}; !- Layer 1

OS:InternalMass:Definition,
  {30ff698e-77b5-4bb8-aad2-bcaebf22edcf}, !- Handle
  Internal Mass Definition 1,             !- Name
  {2dc48553-2cc9-4d42-8392-6684462920ec}, !- Construction Name
  SurfaceArea/Area,                       !- Design Level Calculation Method
  ,                                       !- Surface Area {m2}
  2,                                      !- Surface Area per Space Floor Area {dimensionless}
  ;                                       !- Surface Area per Person {m2/person}

OS:InternalMass,
  {c69580fe-4875-46d4-a267-f6dae2e392a5}, !- Handle
  West Perimeter Space - Story ground Mass, !- Name
  {30ff698e-77b5-4bb8-aad2-bcaebf22edcf}, !- Internal Mass Definition Name
  {83c4e9ff-5637-4707-a2aa-6eb7c30581ba}, !- Space or SpaceType Name
  1;                                      !- Multiplier

OS:InternalMass,
  {18c25cb9-cf0d-43c1-bcec-8b4a57c1cb0b}, !- Handle
  South Perimeter Space - Story ground Mass, !- Name
  {30ff698e-77b5-4bb8-aad2-bcaebf22edcf}, !- Internal Mass Definition Name
  {8424b6ea-bb22-4725-a328-ecb7c3005a8f}, !- Space or SpaceType Name
  1;                                      !- Multiplier

OS:InternalMass,
  {602fc014-eb7e-4648-85fa-0cf89640e78e}, !- Handle
  North Perimeter Space - Story ground Mass, !- Name
  {30ff698e-77b5-4bb8-aad2-bcaebf22edcf}, !- Internal Mass Definition Name
  {7ab78f69-8037-4dad-8269-74931fa47239}, !- Space or SpaceType Name
  1;                                      !- Multiplier

OS:InternalMass,
  {6ff28fcb-3c24-4c2d-bd83-f512d0715922}, !- Handle
  East Perimeter Space - Story ground Mass, !- Name
  {30ff698e-77b5-4bb8-aad2-bcaebf22edcf}, !- Internal Mass Definition Name
  {a3ca5320-0a29-4714-8f5f-7d98e8d34c42}, !- Space or SpaceType Name
  1;                                      !- Multiplier

OS:InternalMass,
  {2d67e4e6-4167-4717-a0aa-9231b4158a99}, !- Handle
  Core Space - Story ground Mass,         !- Name
  {30ff698e-77b5-4bb8-aad2-bcaebf22edcf}, !- Internal Mass Definition Name
  {5e2c7e8f-383a-43c9-b38f-be5bbf0c0a1a}, !- Space or SpaceType Name
  1;                                      !- Multiplier

OS:AirLoopHVAC,
  {074e371d-bc1e-4a52-a94c-b0204fb3b6d4}, !- Handle
  Zone Core Space - Story ground PSZ-AC,  !- Name
  ,                                       !- Controller List Name
  {f0379cce-4811-4302-8a9b-b4865f135cac}, !- Availability Schedule
  {e0bc06b1-3220-4dfc-a9dd-18e60b8bdbbb}, !- Availability Manager List Name
  autosize,                               !- Design Supply Air Flow Rate {m3/s}
  1,                                      !- Design Return Air Flow Fraction of Supply Air Flow
  ,                                       !- Branch List Name
  ,                                       !- Connector List Name
  {4108e4e0-d74e-4a18-9880-1563c62b17e3}, !- Supply Side Inlet Node Name
  {d757de51-e55b-4f1d-a7b9-9d3f70eb16fc}, !- Demand Side Outlet Node Name
  {4e1e8583-b583-4f90-8daf-1745f8d14498}, !- Demand Side Inlet Node A
  {07344f53-58f6-4207-8b2d-47d26691f73f}, !- Supply Side Outlet Node A
  ,                                       !- Demand Side Inlet Node B
  ,                                       !- Supply Side Outlet Node B
  ,                                       !- Return Air Bypass Flow Temperature Setpoint Schedule Name
  {0cec5963-0e8f-45b6-a893-d3fd18292d61}, !- Demand Mixer Name
  {e7c08ec1-34aa-4655-a484-38f9ae7ba476}, !- Demand Splitter A Name
  ,                                       !- Demand Splitter B Name
  ;                                       !- Supply Splitter Name

OS:Node,
  {42ea047d-e473-4671-a264-27c951b06194}, !- Handle
  Zone Core Space - Story ground PSZ-AC Supply Inlet Node, !- Name
  {4108e4e0-d74e-4a18-9880-1563c62b17e3}, !- Inlet Port
  {6ac2dfc3-e3c6-4a89-af95-a118e9deac71}; !- Outlet Port

OS:Node,
  {f8d22df4-a482-4719-8f4e-abe00505a3ad}, !- Handle
  Zone Core Space - Story ground PSZ-AC Supply Outlet Node, !- Name
  {cd3f439b-d330-42d2-ac62-9764febf8c66}, !- Inlet Port
  {07344f53-58f6-4207-8b2d-47d26691f73f}; !- Outlet Port

OS:Connection,
  {4108e4e0-d74e-4a18-9880-1563c62b17e3}, !- Handle
  {074e371d-bc1e-4a52-a94c-b0204fb3b6d4}, !- Source Object
  9,                                      !- Outlet Port
  {42ea047d-e473-4671-a264-27c951b06194}, !- Target Object
  2;                                      !- Inlet Port

OS:Connection,
  {07344f53-58f6-4207-8b2d-47d26691f73f}, !- Handle
  {f8d22df4-a482-4719-8f4e-abe00505a3ad}, !- Source Object
  3,                                      !- Outlet Port
  {074e371d-bc1e-4a52-a94c-b0204fb3b6d4}, !- Target Object
  12;                                     !- Inlet Port

OS:Node,
  {3f391fc6-1eaf-4336-b12f-859bf6cd0080}, !- Handle
  Zone Core Space - Story ground PSZ-AC Demand Inlet Node, !- Name
  {4e1e8583-b583-4f90-8daf-1745f8d14498}, !- Inlet Port
  {859bde0c-84d8-426c-a88e-df360f7aad41}; !- Outlet Port

OS:Node,
  {19462d57-5bb4-4e80-9bb6-74dbeaaf7639}, !- Handle
  Zone Core Space - Story ground PSZ-AC Demand Outlet Node, !- Name
  {726ee59f-7fbb-48a8-8f37-e0f4f64ccec1}, !- Inlet Port
  {d757de51-e55b-4f1d-a7b9-9d3f70eb16fc}; !- Outlet Port

OS:Node,
  {80557014-64d6-41a2-bfb5-65c6e8911cde}, !- Handle
  Zone Core Space - Story ground PSZ-AC Diffuser Outlet Air Node, !- Name
  {6f5b488b-478d-4590-8b19-1de2f366d1a1}, !- Inlet Port
  {083daff9-8353-4993-833f-ff7594c71166}; !- Outlet Port

OS:Connection,
  {4e1e8583-b583-4f90-8daf-1745f8d14498}, !- Handle
  {074e371d-bc1e-4a52-a94c-b0204fb3b6d4}, !- Source Object
  11,                                     !- Outlet Port
  {3f391fc6-1eaf-4336-b12f-859bf6cd0080}, !- Target Object
  2;                                      !- Inlet Port

OS:Connection,
  {d757de51-e55b-4f1d-a7b9-9d3f70eb16fc}, !- Handle
  {19462d57-5bb4-4e80-9bb6-74dbeaaf7639}, !- Source Object
  3,                                      !- Outlet Port
  {074e371d-bc1e-4a52-a94c-b0204fb3b6d4}, !- Target Object
  10;                                     !- Inlet Port

OS:AirLoopHVAC:ZoneSplitter,
  {e7c08ec1-34aa-4655-a484-38f9ae7ba476}, !- Handle
  Air Loop HVAC Zone Splitter 1,          !- Name
  {859bde0c-84d8-426c-a88e-df360f7aad41}, !- Inlet Node Name
  {53eaf659-9687-4f72-a9dc-802f531fb279}; !- Outlet Node Name 1

OS:AirLoopHVAC:ZoneMixer,
  {0cec5963-0e8f-45b6-a893-d3fd18292d61}, !- Handle
  Air Loop HVAC Zone Mixer 1,             !- Name
  {726ee59f-7fbb-48a8-8f37-e0f4f64ccec1}, !- Outlet Node Name
  {4925f225-e915-42bf-b754-9f837956e7c4}; !- Inlet Node Name 1

OS:Connection,
  {859bde0c-84d8-426c-a88e-df360f7aad41}, !- Handle
  {3f391fc6-1eaf-4336-b12f-859bf6cd0080}, !- Source Object
  3,                                      !- Outlet Port
  {e7c08ec1-34aa-4655-a484-38f9ae7ba476}, !- Target Object
  2;                                      !- Inlet Port

OS:Connection,
  {726ee59f-7fbb-48a8-8f37-e0f4f64ccec1}, !- Handle
  {0cec5963-0e8f-45b6-a893-d3fd18292d61}, !- Source Object
  2,                                      !- Outlet Port
  {19462d57-5bb4-4e80-9bb6-74dbeaaf7639}, !- Target Object
  2;                                      !- Inlet Port

OS:Sizing:System,
  {75e6a2e2-a1b3-478c-9102-2785bbdb7ca8}, !- Handle
  {074e371d-bc1e-4a52-a94c-b0204fb3b6d4}, !- AirLoop Name
  Sensible,                               !- Type of Load to Size On
  Autosize,                               !- Design Outdoor Air Flow Rate {m3/s}
  1,                                      !- Central Heating Maximum System Air Flow Ratio
  7.22222222222229,                       !- Preheat Design Temperature {C}
  0.008,                                  !- Preheat Design Humidity Ratio {kg-H2O/kg-Air}
  12.7777777777778,                       !- Precool Design Temperature {C}
  0.008,                                  !- Precool Design Humidity Ratio {kg-H2O/kg-Air}
  12.7777777777778,                       !- Central Cooling Design Supply Air Temperature {C}
  50.0000000000001,                       !- Central Heating Design Supply Air Temperature {C}
  Coincident,                             !- Sizing Option
  No,                                     !- 100% Outdoor Air in Cooling
  No,                                     !- 100% Outdoor Air in Heating
  0.0085,                                 !- Central Cooling Design Supply Air Humidity Ratio {kg-H2O/kg-Air}
  0.008,                                  !- Central Heating Design Supply Air Humidity Ratio {kg-H2O/kg-Air}
  DesignDay,                              !- Cooling Design Air Flow Method
  ,                                       !- Cooling Design Air Flow Rate {m3/s}
  DesignDay,                              !- Heating Design Air Flow Method
  ,                                       !- Heating Design Air Flow Rate {m3/s}
  ZoneSum,                                !- System Outdoor Air Method
  1,                                      !- Zone Maximum Outdoor Air Fraction {dimensionless}
  0.0099676501,                           !- Cooling Supply Air Flow Rate Per Floor Area {m3/s-m2}
  1,                                      !- Cooling Fraction of Autosized Cooling Supply Air Flow Rate
  3.9475456e-05,                          !- Cooling Supply Air Flow Rate Per Unit Cooling Capacity {m3/s-W}
  0.0099676501,                           !- Heating Supply Air Flow Rate Per Floor Area {m3/s-m2}
  1,                                      !- Heating Fraction of Autosized Heating Supply Air Flow Rate
  1,                                      !- Heating Fraction of Autosized Cooling Supply Air Flow Rate
  3.1588213e-05,                          !- Heating Supply Air Flow Rate Per Unit Heating Capacity {m3/s-W}
  CoolingDesignCapacity,                  !- Cooling Design Capacity Method
  autosize,                               !- Cooling Design Capacity {W}
  234.7,                                  !- Cooling Design Capacity Per Floor Area {W/m2}
  1,                                      !- Fraction of Autosized Cooling Design Capacity
  HeatingDesignCapacity,                  !- Heating Design Capacity Method
  autosize,                               !- Heating Design Capacity {W}
  157,                                    !- Heating Design Capacity Per Floor Area {W/m2}
  1,                                      !- Fraction of Autosized Heating Design Capacity
  OnOff,                                  !- Central Cooling Capacity Control Method
  autosize,                               !- Occupant Diversity
  None,                                   !- Heating Coil Sizing Method
  1;                                      !- Maximum Heating Capacity To Cooling Capacity Sizing Ratio {W/W}

OS:AvailabilityManagerAssignmentList,
  {e0bc06b1-3220-4dfc-a9dd-18e60b8bdbbb}, !- Handle
  Air Loop HVAC 1 AvailabilityManagerAssignmentList, !- Name
  {bdf94ec8-e0b7-40a7-883a-63bbd2e3eaba}; !- Availability Manager Name 1

OS:SetpointManager:SingleZone:Reheat,
  {c4e3b6a3-3c36-4cf5-a4e5-c001d0ae2795}, !- Handle
  Zone Core Space - Story ground Setpoint Manager SZ Reheat, !- Name
  12.7777777777778,                       !- Minimum Supply Air Temperature {C}
  50.0000000000001,                       !- Maximum Supply Air Temperature {C}
  {dd6fddf9-ab33-41f1-8421-192729a57696}, !- Control Zone Name
  {f8d22df4-a482-4719-8f4e-abe00505a3ad}; !- Setpoint Node or NodeList Name

OS:Coil:Heating:Gas,
  {2177eab3-3f3a-4e34-a94f-fc61cd6feefb}, !- Handle
  Zone Core Space - Story ground PSZ-AC Gas Htg Coil 39kBtu/hr 0.8 Thermal Eff, !- Name
  {775f3104-620f-4148-b791-a62bdc07ea2b}, !- Availability Schedule Name
  0.8,                                    !- Gas Burner Efficiency
  AutoSize,                               !- Nominal Capacity {W}
  ,                                       !- Air Inlet Node Name
  ,                                       !- Air Outlet Node Name
  ,                                       !- Temperature Setpoint Node Name
  0,                                      !- On Cycle Parasitic Electric Load {W}
  ,                                       !- Part Load Fraction Correlation Curve Name
  0;                                      !- Off Cycle Parasitic Gas Load {W}

OS:Schedule:Constant,
  {ac82d9ed-5c5c-404d-b6b8-78361a5e7e07}, !- Handle
  Always Off Discrete,                    !- Name
  {ec931c7b-d31c-480e-ba21-e4dc7196937a}, !- Schedule Type Limits Name
  0;                                      !- Value

OS:ScheduleTypeLimits,
  {ec931c7b-d31c-480e-ba21-e4dc7196937a}, !- Handle
  OnOff 1,                                !- Name
  0,                                      !- Lower Limit Value
  1,                                      !- Upper Limit Value
  Discrete,                               !- Numeric Type
  Availability;                           !- Unit Type

OS:Coil:Heating:Electric,
  {24062e04-5126-443f-bb35-1ceabf2cc27c}, !- Handle
  Zone Core Space - Story ground PSZ-AC No Heat, !- Name
  {ac82d9ed-5c5c-404d-b6b8-78361a5e7e07}, !- Availability Schedule Name
  1,                                      !- Efficiency
  0,                                      !- Nominal Capacity {W}
  ,                                       !- Air Inlet Node Name
  ;                                       !- Air Outlet Node Name

OS:Coil:Cooling:DX:SingleSpeed,
  {9db781c6-2724-452c-a9c2-ab6c72a0c18d}, !- Handle
  Zone Core Space - Story ground PSZ-AC 1spd DX AC Clg Coil 17kBtu/hr 9.7SEER, !- Name
  {775f3104-620f-4148-b791-a62bdc07ea2b}, !- Availability Schedule Name
  autosize,                               !- Rated Total Cooling Capacity {W}
  autosize,                               !- Rated Sensible Heat Ratio
  2.967036,                               !- Rated COP {W/W}
  autosize,                               !- Rated Air Flow Rate {m3/s}
  773.3,                                  !- Rated Evaporator Fan Power Per Volume Flow Rate 2017 {W/(m3/s)}
  934.4,                                  !- Rated Evaporator Fan Power Per Volume Flow Rate 2023 {W/(m3/s)}
  ,                                       !- Air Inlet Node Name
  ,                                       !- Air Outlet Node Name
  {71a47608-0937-4280-bc08-ec1749350bd1}, !- Total Cooling Capacity Function of Temperature Curve Name
  {ad4e8922-216a-400b-a3d8-86b81d60ee8d}, !- Total Cooling Capacity Function of Flow Fraction Curve Name
  {356fda61-b431-44f5-93e7-66eb51d6a06b}, !- Energy Input Ratio Function of Temperature Curve Name
  {5b322672-1040-412e-b80b-6fb7550b2100}, !- Energy Input Ratio Function of Flow Fraction Curve Name
  {b89866ac-924a-4154-8c93-19c56439f234}, !- Part Load Fraction Correlation Curve Name
  -25,                                    !- Minimum Outdoor Dry-Bulb Temperature for Compressor Operation {C}
  0,                                      !- Nominal Time for Condensate Removal to Begin {s}
  0,                                      !- Ratio of Initial Moisture Evaporation Rate and Steady State Latent Capacity {dimensionless}
  0,                                      !- Maximum Cycling Rate {cycles/hr}
  0,                                      !- Latent Capacity Time Constant {s}
  ,                                       !- Condenser Air Inlet Node Name
  AirCooled,                              !- Condenser Type
  0.9,                                    !- Evaporative Condenser Effectiveness {dimensionless}
  autosize,                               !- Evaporative Condenser Air Flow Rate {m3/s}
  autosize,                               !- Evaporative Condenser Pump Rated Power Consumption {W}
  0,                                      !- Crankcase Heater Capacity {W}
  ,                                       !- Crankcase Heater Capacity Function of Temperature Curve Name
  10,                                     !- Maximum Outdoor Dry-Bulb Temperature for Crankcase Heater Operation {C}
  ,                                       !- Supply Water Storage Tank Name
  ,                                       !- Condensate Collection Water Storage Tank Name
  0,                                      !- Basin Heater Capacity {W/K}
  2;                                      !- Basin Heater Setpoint Temperature {C}

OS:Fan:OnOff,
  {a077b927-f8c1-42d9-8212-3043a0c7db47}, !- Handle
  Zone Core Space - Story ground PSZ-AC Fan, !- Name
  {775f3104-620f-4148-b791-a62bdc07ea2b}, !- Availability Schedule Name
  0.53625,                                !- Fan Total Efficiency
  622.722275,                             !- Pressure Rise {Pa}
  autosize,                               !- Maximum Flow Rate {m3/s}
  0.825,                                  !- Motor Efficiency
  1,                                      !- Motor In Airstream Fraction
  ,                                       !- Air Inlet Node Name
  ,                                       !- Air Outlet Node Name
  {ba2884d5-83f2-42d5-be32-b7c5810bad43}, !- Fan Power Ratio Function of Speed Ratio Curve Name
  {58c6335e-db61-4250-adb0-33845dfff3ca}, !- Fan Efficiency Ratio Function of Speed Ratio Curve Name
  ;                                       !- End-Use Subcategory

OS:Curve:Exponent,
  {ba2884d5-83f2-42d5-be32-b7c5810bad43}, !- Handle
  Fan On Off Power Curve,                 !- Name
  1,                                      !- Coefficient1 Constant
  0,                                      !- Coefficient2 Constant
  0,                                      !- Coefficient3 Constant
  0,                                      !- Minimum Value of x
  1,                                      !- Maximum Value of x
  ,                                       !- Minimum Curve Output
  ,                                       !- Maximum Curve Output
  ,                                       !- Input Unit Type for X
  ;                                       !- Output Unit Type

OS:Curve:Cubic,
  {58c6335e-db61-4250-adb0-33845dfff3ca}, !- Handle
  Fan On Off Efficiency Curve,            !- Name
  1,                                      !- Coefficient1 Constant
  0,                                      !- Coefficient2 x
  0,                                      !- Coefficient3 x**2
  0,                                      !- Coefficient4 x**3
  0,                                      !- Minimum Value of x
  1;                                      !- Maximum Value of x

OS:AirLoopHVAC:UnitarySystem,
  {adfc18ee-2894-40d6-a778-69a187d8b6a1}, !- Handle
  Zone Core Space - Story ground PSZ-AC Unitary AC, !- Name
  Load,                                   !- Control Type
  {dd6fddf9-ab33-41f1-8421-192729a57696}, !- Controlling Zone or Thermostat Location
  None,                                   !- Dehumidification Control Type
  {775f3104-620f-4148-b791-a62bdc07ea2b}, !- Availability Schedule Name
  {03550683-5007-4c35-b6e8-03f5081c5bcb}, !- Air Inlet Node Name
  {cd3f439b-d330-42d2-ac62-9764febf8c66}, !- Air Outlet Node Name
  {a077b927-f8c1-42d9-8212-3043a0c7db47}, !- Supply Fan Name
  DrawThrough,                            !- Fan Placement
  {f0379cce-4811-4302-8a9b-b4865f135cac}, !- Supply Air Fan Operating Mode Schedule Name
  {2177eab3-3f3a-4e34-a94f-fc61cd6feefb}, !- Heating Coil Name
  1,                                      !- DX Heating Coil Sizing Ratio
  {9db781c6-2724-452c-a9c2-ab6c72a0c18d}, !- Cooling Coil Name
  No,                                     !- Use DOAS DX Cooling Coil
  2,                                      !- DOAS DX Cooling Coil Leaving Minimum Air Temperature {C}
  SensibleOnlyLoadControl,                !- Latent Load Control
  {24062e04-5126-443f-bb35-1ceabf2cc27c}, !- Supplemental Heating Coil Name
  SupplyAirFlowRate,                      !- Supply Air Flow Rate Method During Cooling Operation
  Autosize,                               !- Supply Air Flow Rate During Cooling Operation {m3/s}
  ,                                       !- Supply Air Flow Rate Per Floor Area During Cooling Operation {m3/s-m2}
  ,                                       !- Fraction of Autosized Design Cooling Supply Air Flow Rate
  ,                                       !- Design Supply Air Flow Rate Per Unit of Capacity During Cooling Operation {m3/s-W}
  SupplyAirFlowRate,                      !- Supply Air Flow Rate Method During Heating Operation
  Autosize,                               !- Supply Air Flow Rate During Heating Operation {m3/s}
  ,                                       !- Supply Air Flow Rate Per Floor Area during Heating Operation {m3/s-m2}
  ,                                       !- Fraction of Autosized Design Heating Supply Air Flow Rate
  ,                                       !- Design Supply Air Flow Rate Per Unit of Capacity During Heating Operation {m3/s-W}
  None,                                   !- Supply Air Flow Rate Method When No Cooling or Heating is Required
  ,                                       !- Supply Air Flow Rate When No Cooling or Heating is Required {m3/s}
  ,                                       !- Supply Air Flow Rate Per Floor Area When No Cooling or Heating is Required {m3/s-m2}
  ,                                       !- Fraction of Autosized Design Cooling Supply Air Flow Rate When No Cooling or Heating is Required
  ,                                       !- Fraction of Autosized Design Heating Supply Air Flow Rate When No Cooling or Heating is Required
  ,                                       !- Design Supply Air Flow Rate Per Unit of Capacity During Cooling Operation When No Cooling or Heating is Required {m3/s-W}
  ,                                       !- Design Supply Air Flow Rate Per Unit of Capacity During Heating Operation When No Cooling or Heating is Required {m3/s-W}
  Yes,                                    !- No Load Supply Air Flow Rate Control Set To Low Speed
  80,                                     !- Maximum Supply Air Temperature {C}
  21,                                     !- Maximum Outdoor Dry-Bulb Temperature for Supplemental Heater Operation {C}
  ,                                       !- Outdoor Dry-Bulb Temperature Sensor Node Name
  0,                                      !- Ancilliary On-Cycle Electric Power {W}
  0;                                      !- Ancilliary Off-Cycle Electric Power {W}

OS:Connection,
  {cd3f439b-d330-42d2-ac62-9764febf8c66}, !- Handle
  {adfc18ee-2894-40d6-a778-69a187d8b6a1}, !- Source Object
  7,                                      !- Outlet Port
  {f8d22df4-a482-4719-8f4e-abe00505a3ad}, !- Target Object
  2;                                      !- Inlet Port

OS:Controller:OutdoorAir,
  {ad0de082-e577-404a-9e5e-5f65345578c2}, !- Handle
  Zone Core Space - Story ground PSZ-AC OA System Controller, !- Name
  ,                                       !- Relief Air Outlet Node Name
  ,                                       !- Return Air Node Name
  ,                                       !- Mixed Air Node Name
  ,                                       !- Actuator Node Name
  autosize,                               !- Minimum Outdoor Air Flow Rate {m3/s}
  Autosize,                               !- Maximum Outdoor Air Flow Rate {m3/s}
  NoEconomizer,                           !- Economizer Control Type
  ModulateFlow,                           !- Economizer Control Action Type
  28,                                     !- Economizer Maximum Limit Dry-Bulb Temperature {C}
  64000,                                  !- Economizer Maximum Limit Enthalpy {J/kg}
  ,                                       !- Economizer Maximum Limit Dewpoint Temperature {C}
  ,                                       !- Electronic Enthalpy Limit Curve Name
  ,                                       !- Economizer Minimum Limit Dry-Bulb Temperature {C}
  LockoutWithCompressor,                  !- Lockout Type
  FixedMinimum,                           !- Minimum Limit Type
  {775f3104-620f-4148-b791-a62bdc07ea2b}, !- Minimum Outdoor Air Schedule Name
  ,                                       !- Minimum Fraction of Outdoor Air Schedule Name
  {252dc333-863a-48e4-bf95-95b18dd40518}, !- Maximum Fraction of Outdoor Air Schedule Name
  {d8516baa-4bdb-461d-a212-bf7e4a307cca}, !- Controller Mechanical Ventilation
  ,                                       !- Time of Day Economizer Control Schedule Name
  No,                                     !- High Humidity Control
  ,                                       !- Humidistat Control Zone Name
  1,                                      !- High Humidity Outdoor Air Flow Ratio
  Yes,                                    !- Control High Indoor Humidity Based on Outdoor Humidity Ratio
  BypassWhenWithinEconomizerLimits,       !- Heat Recovery Bypass Control Type
  InterlockedWithMechanicalCooling;       !- Economizer Operation Staging

OS:Controller:MechanicalVentilation,
  {d8516baa-4bdb-461d-a212-bf7e4a307cca}, !- Handle
  Controller Mechanical Ventilation 1,    !- Name
  {775f3104-620f-4148-b791-a62bdc07ea2b}, !- Availability Schedule
  ,                                       !- Demand Controlled Ventilation
  ;                                       !- System Outdoor Air Method

OS:AirLoopHVAC:OutdoorAirSystem,
  {28322b73-689c-4ae0-a2fe-2361169dab9a}, !- Handle
  Zone Core Space - Story ground PSZ-AC OA System, !- Name
  {ad0de082-e577-404a-9e5e-5f65345578c2}, !- Controller Name
  ,                                       !- Outdoor Air Equipment List Name
  ,                                       !- Availability Manager List Name
  {1d7fff57-67dd-443e-b64c-0cc3e9861ec8}, !- Mixed Air Node Name
  {9e63854b-6d86-410c-8d9b-ea71eae8e07a}, !- Outdoor Air Stream Node Name
  {71d9fb7e-1e93-4edd-b38b-627eb40f7025}, !- Relief Air Stream Node Name
  {6ac2dfc3-e3c6-4a89-af95-a118e9deac71}; !- Return Air Stream Node Name

OS:Node,
  {fd86f490-7694-40d3-90a2-653fad4d6c1b}, !- Handle
  Zone Core Space - Story ground PSZ-AC Outdoor Air Node, !- Name
  ,                                       !- Inlet Port
  {9e63854b-6d86-410c-8d9b-ea71eae8e07a}; !- Outlet Port

OS:Connection,
  {9e63854b-6d86-410c-8d9b-ea71eae8e07a}, !- Handle
  {fd86f490-7694-40d3-90a2-653fad4d6c1b}, !- Source Object
  3,                                      !- Outlet Port
  {28322b73-689c-4ae0-a2fe-2361169dab9a}, !- Target Object
  6;                                      !- Inlet Port

OS:Node,
  {89a59335-ef05-43b6-acfa-9268395beae9}, !- Handle
  Zone Core Space - Story ground PSZ-AC Relief Air Node, !- Name
  {71d9fb7e-1e93-4edd-b38b-627eb40f7025}, !- Inlet Port
  ;                                       !- Outlet Port

OS:Connection,
  {71d9fb7e-1e93-4edd-b38b-627eb40f7025}, !- Handle
  {28322b73-689c-4ae0-a2fe-2361169dab9a}, !- Source Object
  7,                                      !- Outlet Port
  {89a59335-ef05-43b6-acfa-9268395beae9}, !- Target Object
  2;                                      !- Inlet Port

OS:Node,
  {1c1e8d53-8007-4b9d-a5a0-3a172967b94b}, !- Handle
  Zone Core Space - Story ground PSZ-AC Mixed Air Node, !- Name
  {1d7fff57-67dd-443e-b64c-0cc3e9861ec8}, !- Inlet Port
  {03550683-5007-4c35-b6e8-03f5081c5bcb}; !- Outlet Port

OS:Connection,
  {6ac2dfc3-e3c6-4a89-af95-a118e9deac71}, !- Handle
  {42ea047d-e473-4671-a264-27c951b06194}, !- Source Object
  3,                                      !- Outlet Port
  {28322b73-689c-4ae0-a2fe-2361169dab9a}, !- Target Object
  8;                                      !- Inlet Port

OS:Connection,
  {1d7fff57-67dd-443e-b64c-0cc3e9861ec8}, !- Handle
  {28322b73-689c-4ae0-a2fe-2361169dab9a}, !- Source Object
  5,                                      !- Outlet Port
  {1c1e8d53-8007-4b9d-a5a0-3a172967b94b}, !- Target Object
  2;                                      !- Inlet Port

OS:Connection,
  {03550683-5007-4c35-b6e8-03f5081c5bcb}, !- Handle
  {1c1e8d53-8007-4b9d-a5a0-3a172967b94b}, !- Source Object
  3,                                      !- Outlet Port
  {adfc18ee-2894-40d6-a778-69a187d8b6a1}, !- Target Object
  6;                                      !- Inlet Port

OS:AvailabilityManager:NightCycle,
  {bdf94ec8-e0b7-40a7-883a-63bbd2e3eaba}, !- Handle
  Availability Manager Night Cycle 1,     !- Name
  {775f3104-620f-4148-b791-a62bdc07ea2b}, !- Applicability Schedule
  ,                                       !- Fan Schedule
  CycleOnAny,                             !- Control Type
  1.9999,                                 !- Thermostat Tolerance {deltaC}
  Thermostat,                             !- Cycling Run Time Control Type
  1800,                                   !- Cycling Run Time {s}
  {b4278f14-0b63-4e93-89d7-f9bf231cd411}, !- Control Zone or Zone List Name
  {ced11559-2315-47e1-a128-04bbfb507373}, !- Cooling Control Zone or Zone List Name
  {6d9ca2ca-19a6-4dbf-8886-0e428bd1d2b9}, !- Heating Control Zone or Zone List Name
  {8b7c3af8-2018-4fe0-928a-c0c4e3e8d348}; !- Heating Zone Fans Only Zone or Zone List Name

OS:ModelObjectList,
  {b4278f14-0b63-4e93-89d7-f9bf231cd411}, !- Handle
  Availability Manager Night Cycle 1 Control Zone List; !- Name

OS:ModelObjectList,
  {ced11559-2315-47e1-a128-04bbfb507373}, !- Handle
  Availability Manager Night Cycle 1 Cooling Control Zone List; !- Name

OS:ModelObjectList,
  {6d9ca2ca-19a6-4dbf-8886-0e428bd1d2b9}, !- Handle
  Availability Manager Night Cycle 1 Heating Control Zone List; !- Name

OS:ModelObjectList,
  {8b7c3af8-2018-4fe0-928a-c0c4e3e8d348}, !- Handle
  Availability Manager Night Cycle 1 Heating Zone Fans Only Zone List; !- Name

OS:AirTerminal:SingleDuct:ConstantVolume:NoReheat,
  {526a175e-6200-4feb-a351-c0ccbb506cf9}, !- Handle
  Zone Core Space - Story ground PSZ-AC Diffuser, !- Name
  {775f3104-620f-4148-b791-a62bdc07ea2b}, !- Availability Schedule Name
  {ffed519b-9350-4769-9c9f-cde7f94621f1}, !- Air Inlet Node Name
  {6f5b488b-478d-4590-8b19-1de2f366d1a1}, !- Air Outlet Node Name
  AutoSize;                               !- Maximum Air Flow Rate {m3/s}

OS:Node,
  {86acbfc4-7905-4357-8faf-ac8e9f5dd615}, !- Handle
  Zone Core Space - Story ground Return Air Node, !- Name
  {3287c187-ebf6-4f06-bf61-cf5ee5da9bd5}, !- Inlet Port
  {4925f225-e915-42bf-b754-9f837956e7c4}; !- Outlet Port

OS:Connection,
  {083daff9-8353-4993-833f-ff7594c71166}, !- Handle
  {80557014-64d6-41a2-bfb5-65c6e8911cde}, !- Source Object
  3,                                      !- Outlet Port
  {6fd3a2ea-a153-4daa-bce1-3b958e997dac}, !- Target Object
  2;                                      !- Inlet Port

OS:Connection,
  {3287c187-ebf6-4f06-bf61-cf5ee5da9bd5}, !- Handle
  {c33a0793-8d0f-4d9f-ba9d-239b03e019c6}, !- Source Object
  2,                                      !- Outlet Port
  {86acbfc4-7905-4357-8faf-ac8e9f5dd615}, !- Target Object
  2;                                      !- Inlet Port

OS:Connection,
  {4925f225-e915-42bf-b754-9f837956e7c4}, !- Handle
  {86acbfc4-7905-4357-8faf-ac8e9f5dd615}, !- Source Object
  3,                                      !- Outlet Port
  {0cec5963-0e8f-45b6-a893-d3fd18292d61}, !- Target Object
  3;                                      !- Inlet Port

OS:Node,
  {11ba92e7-28af-43a6-b11b-6863d3dcb4a9}, !- Handle
  Zone Core Space - Story ground PSZ-AC Diffuser Inlet Air Node, !- Name
  {53eaf659-9687-4f72-a9dc-802f531fb279}, !- Inlet Port
  {ffed519b-9350-4769-9c9f-cde7f94621f1}; !- Outlet Port

OS:Connection,
  {53eaf659-9687-4f72-a9dc-802f531fb279}, !- Handle
  {e7c08ec1-34aa-4655-a484-38f9ae7ba476}, !- Source Object
  3,                                      !- Outlet Port
  {11ba92e7-28af-43a6-b11b-6863d3dcb4a9}, !- Target Object
  2;                                      !- Inlet Port

OS:Connection,
  {ffed519b-9350-4769-9c9f-cde7f94621f1}, !- Handle
  {11ba92e7-28af-43a6-b11b-6863d3dcb4a9}, !- Source Object
  3,                                      !- Outlet Port
  {526a175e-6200-4feb-a351-c0ccbb506cf9}, !- Target Object
  3;                                      !- Inlet Port

OS:Connection,
  {6f5b488b-478d-4590-8b19-1de2f366d1a1}, !- Handle
  {526a175e-6200-4feb-a351-c0ccbb506cf9}, !- Source Object
  4,                                      !- Outlet Port
  {80557014-64d6-41a2-bfb5-65c6e8911cde}, !- Target Object
  2;                                      !- Inlet Port

OS:AirLoopHVAC,
  {94da9ef0-b4b1-4a5f-b3e7-b57ecf4c7e7c}, !- Handle
  Zone East Perimeter Space - Story ground PSZ-AC, !- Name
  ,                                       !- Controller List Name
  {6b141bd4-4ffe-4810-95f1-70c3465991fc}, !- Availability Schedule
  {2f0cf975-de1a-45df-9fbf-720307c19ae3}, !- Availability Manager List Name
  autosize,                               !- Design Supply Air Flow Rate {m3/s}
  1,                                      !- Design Return Air Flow Fraction of Supply Air Flow
  ,                                       !- Branch List Name
  ,                                       !- Connector List Name
  {1f013c56-048f-4f5e-91a4-b230ff9380a0}, !- Supply Side Inlet Node Name
  {39925a82-cb4c-4296-abd2-0bdcfa4034b9}, !- Demand Side Outlet Node Name
  {33b4748c-cb89-4ee0-862f-23aaa5d96f72}, !- Demand Side Inlet Node A
  {d20f4692-da25-4c91-b427-1a063d4d68ea}, !- Supply Side Outlet Node A
  ,                                       !- Demand Side Inlet Node B
  ,                                       !- Supply Side Outlet Node B
  ,                                       !- Return Air Bypass Flow Temperature Setpoint Schedule Name
  {3f9f65d5-8910-488a-92b7-9ac9fec0326d}, !- Demand Mixer Name
  {c2a0f5ed-de6e-46fd-813a-7f17eaac9dd7}, !- Demand Splitter A Name
  ,                                       !- Demand Splitter B Name
  ;                                       !- Supply Splitter Name

OS:Node,
  {75139541-b279-44b3-a233-066cec9511c8}, !- Handle
  Zone East Perimeter Space - Story ground PSZ-AC Supply Inlet Node, !- Name
  {1f013c56-048f-4f5e-91a4-b230ff9380a0}, !- Inlet Port
  {65d62f7a-4a52-4cb2-ac1f-ccc63a2f64c3}; !- Outlet Port

OS:Node,
  {7e7404cd-305a-41ef-a3d4-cc6ba84b4133}, !- Handle
  Zone East Perimeter Space - Story ground PSZ-AC Supply Outlet Node, !- Name
  {27cf8d15-f6c0-4a8d-9f1d-865a5809c0c1}, !- Inlet Port
  {d20f4692-da25-4c91-b427-1a063d4d68ea}; !- Outlet Port

OS:Connection,
  {1f013c56-048f-4f5e-91a4-b230ff9380a0}, !- Handle
  {94da9ef0-b4b1-4a5f-b3e7-b57ecf4c7e7c}, !- Source Object
  9,                                      !- Outlet Port
  {75139541-b279-44b3-a233-066cec9511c8}, !- Target Object
  2;                                      !- Inlet Port

OS:Connection,
  {d20f4692-da25-4c91-b427-1a063d4d68ea}, !- Handle
  {7e7404cd-305a-41ef-a3d4-cc6ba84b4133}, !- Source Object
  3,                                      !- Outlet Port
  {94da9ef0-b4b1-4a5f-b3e7-b57ecf4c7e7c}, !- Target Object
  12;                                     !- Inlet Port

OS:Node,
  {0c841d52-6ed7-44b5-95b3-7169397a3bc9}, !- Handle
  Zone East Perimeter Space - Story ground PSZ-AC Demand Inlet Node, !- Name
  {33b4748c-cb89-4ee0-862f-23aaa5d96f72}, !- Inlet Port
  {b502b316-6a38-41a9-8531-c4252474187e}; !- Outlet Port

OS:Node,
  {85b2ca4a-1dd3-4ad5-922c-f7a72157bb56}, !- Handle
  Zone East Perimeter Space - Story ground PSZ-AC Demand Outlet Node, !- Name
  {3e12890a-fd97-4e91-a625-4dae1332daa7}, !- Inlet Port
  {39925a82-cb4c-4296-abd2-0bdcfa4034b9}; !- Outlet Port

OS:Node,
  {bd2f5848-58f3-4a3a-ba8a-35fb43c3e882}, !- Handle
  Zone East Perimeter Space - Story ground PSZ-AC Diffuser Outlet Air Node, !- Name
  {3e3ac76a-fc37-4db3-b529-44fabcbca4f0}, !- Inlet Port
  {97cc20cd-f787-4264-ac45-933e61f77dc7}; !- Outlet Port

OS:Connection,
  {33b4748c-cb89-4ee0-862f-23aaa5d96f72}, !- Handle
  {94da9ef0-b4b1-4a5f-b3e7-b57ecf4c7e7c}, !- Source Object
  11,                                     !- Outlet Port
  {0c841d52-6ed7-44b5-95b3-7169397a3bc9}, !- Target Object
  2;                                      !- Inlet Port

OS:Connection,
  {39925a82-cb4c-4296-abd2-0bdcfa4034b9}, !- Handle
  {85b2ca4a-1dd3-4ad5-922c-f7a72157bb56}, !- Source Object
  3,                                      !- Outlet Port
  {94da9ef0-b4b1-4a5f-b3e7-b57ecf4c7e7c}, !- Target Object
  10;                                     !- Inlet Port

OS:AirLoopHVAC:ZoneSplitter,
  {c2a0f5ed-de6e-46fd-813a-7f17eaac9dd7}, !- Handle
  Air Loop HVAC Zone Splitter 2,          !- Name
  {b502b316-6a38-41a9-8531-c4252474187e}, !- Inlet Node Name
  {fd75c88f-e15c-454f-aae5-1b9c563e7cd1}; !- Outlet Node Name 1

OS:AirLoopHVAC:ZoneMixer,
  {3f9f65d5-8910-488a-92b7-9ac9fec0326d}, !- Handle
  Air Loop HVAC Zone Mixer 2,             !- Name
  {3e12890a-fd97-4e91-a625-4dae1332daa7}, !- Outlet Node Name
  {61045d8d-a7c1-4b0d-9e19-f5d23c194135}; !- Inlet Node Name 1

OS:Connection,
  {b502b316-6a38-41a9-8531-c4252474187e}, !- Handle
  {0c841d52-6ed7-44b5-95b3-7169397a3bc9}, !- Source Object
  3,                                      !- Outlet Port
  {c2a0f5ed-de6e-46fd-813a-7f17eaac9dd7}, !- Target Object
  2;                                      !- Inlet Port

OS:Connection,
  {3e12890a-fd97-4e91-a625-4dae1332daa7}, !- Handle
  {3f9f65d5-8910-488a-92b7-9ac9fec0326d}, !- Source Object
  2,                                      !- Outlet Port
  {85b2ca4a-1dd3-4ad5-922c-f7a72157bb56}, !- Target Object
  2;                                      !- Inlet Port

OS:Sizing:System,
  {1ec4e2f7-d7e1-4955-94a7-ed85e3d7ed06}, !- Handle
  {94da9ef0-b4b1-4a5f-b3e7-b57ecf4c7e7c}, !- AirLoop Name
  Sensible,                               !- Type of Load to Size On
  Autosize,                               !- Design Outdoor Air Flow Rate {m3/s}
  1,                                      !- Central Heating Maximum System Air Flow Ratio
  7.22222222222229,                       !- Preheat Design Temperature {C}
  0.008,                                  !- Preheat Design Humidity Ratio {kg-H2O/kg-Air}
  12.7777777777778,                       !- Precool Design Temperature {C}
  0.008,                                  !- Precool Design Humidity Ratio {kg-H2O/kg-Air}
  12.7777777777778,                       !- Central Cooling Design Supply Air Temperature {C}
  50.0000000000001,                       !- Central Heating Design Supply Air Temperature {C}
  Coincident,                             !- Sizing Option
  No,                                     !- 100% Outdoor Air in Cooling
  No,                                     !- 100% Outdoor Air in Heating
  0.0085,                                 !- Central Cooling Design Supply Air Humidity Ratio {kg-H2O/kg-Air}
  0.008,                                  !- Central Heating Design Supply Air Humidity Ratio {kg-H2O/kg-Air}
  DesignDay,                              !- Cooling Design Air Flow Method
  ,                                       !- Cooling Design Air Flow Rate {m3/s}
  DesignDay,                              !- Heating Design Air Flow Method
  ,                                       !- Heating Design Air Flow Rate {m3/s}
  ZoneSum,                                !- System Outdoor Air Method
  1,                                      !- Zone Maximum Outdoor Air Fraction {dimensionless}
  0.0099676501,                           !- Cooling Supply Air Flow Rate Per Floor Area {m3/s-m2}
  1,                                      !- Cooling Fraction of Autosized Cooling Supply Air Flow Rate
  3.9475456e-05,                          !- Cooling Supply Air Flow Rate Per Unit Cooling Capacity {m3/s-W}
  0.0099676501,                           !- Heating Supply Air Flow Rate Per Floor Area {m3/s-m2}
  1,                                      !- Heating Fraction of Autosized Heating Supply Air Flow Rate
  1,                                      !- Heating Fraction of Autosized Cooling Supply Air Flow Rate
  3.1588213e-05,                          !- Heating Supply Air Flow Rate Per Unit Heating Capacity {m3/s-W}
  CoolingDesignCapacity,                  !- Cooling Design Capacity Method
  autosize,                               !- Cooling Design Capacity {W}
  234.7,                                  !- Cooling Design Capacity Per Floor Area {W/m2}
  1,                                      !- Fraction of Autosized Cooling Design Capacity
  HeatingDesignCapacity,                  !- Heating Design Capacity Method
  autosize,                               !- Heating Design Capacity {W}
  157,                                    !- Heating Design Capacity Per Floor Area {W/m2}
  1,                                      !- Fraction of Autosized Heating Design Capacity
  OnOff,                                  !- Central Cooling Capacity Control Method
  autosize,                               !- Occupant Diversity
  None,                                   !- Heating Coil Sizing Method
  1;                                      !- Maximum Heating Capacity To Cooling Capacity Sizing Ratio {W/W}

OS:AvailabilityManagerAssignmentList,
  {2f0cf975-de1a-45df-9fbf-720307c19ae3}, !- Handle
  Air Loop HVAC 1 AvailabilityManagerAssignmentList 1, !- Name
  {3b052981-0b7b-4614-a297-d88b8515f451}; !- Availability Manager Name 1

OS:SetpointManager:SingleZone:Reheat,
  {5acb7f19-9fdc-483a-81b7-51fc31381c09}, !- Handle
  Zone East Perimeter Space - Story ground Setpoint Manager SZ Reheat, !- Name
  12.7777777777778,                       !- Minimum Supply Air Temperature {C}
  50.0000000000001,                       !- Maximum Supply Air Temperature {C}
  {8d96f702-83ea-4097-b354-bb2821274333}, !- Control Zone Name
  {7e7404cd-305a-41ef-a3d4-cc6ba84b4133}; !- Setpoint Node or NodeList Name

OS:Coil:Heating:Gas,
  {960807b5-d7db-4452-a493-93cee6274d61}, !- Handle
  Zone East Perimeter Space - Story ground PSZ-AC Gas Htg Coil 19kBtu/hr 0.8 Thermal Eff, !- Name
  {775f3104-620f-4148-b791-a62bdc07ea2b}, !- Availability Schedule Name
  0.8,                                    !- Gas Burner Efficiency
  AutoSize,                               !- Nominal Capacity {W}
  ,                                       !- Air Inlet Node Name
  ,                                       !- Air Outlet Node Name
  ,                                       !- Temperature Setpoint Node Name
  0,                                      !- On Cycle Parasitic Electric Load {W}
  ,                                       !- Part Load Fraction Correlation Curve Name
  0;                                      !- Off Cycle Parasitic Gas Load {W}

OS:Coil:Heating:Electric,
  {22f9b492-a376-4606-81a9-b8b0fb4d7afb}, !- Handle
  Zone East Perimeter Space - Story ground PSZ-AC No Heat, !- Name
  {ac82d9ed-5c5c-404d-b6b8-78361a5e7e07}, !- Availability Schedule Name
  1,                                      !- Efficiency
  0,                                      !- Nominal Capacity {W}
  ,                                       !- Air Inlet Node Name
  ;                                       !- Air Outlet Node Name

OS:Coil:Cooling:DX:SingleSpeed,
  {2c402fdf-c4e3-4a2d-9851-9a295fcbd156}, !- Handle
  Zone East Perimeter Space - Story ground PSZ-AC 1spd DX AC Clg Coil 9kBtu/hr 9.7SEER, !- Name
  {775f3104-620f-4148-b791-a62bdc07ea2b}, !- Availability Schedule Name
  autosize,                               !- Rated Total Cooling Capacity {W}
  autosize,                               !- Rated Sensible Heat Ratio
  2.967036,                               !- Rated COP {W/W}
  autosize,                               !- Rated Air Flow Rate {m3/s}
  773.3,                                  !- Rated Evaporator Fan Power Per Volume Flow Rate 2017 {W/(m3/s)}
  934.4,                                  !- Rated Evaporator Fan Power Per Volume Flow Rate 2023 {W/(m3/s)}
  ,                                       !- Air Inlet Node Name
  ,                                       !- Air Outlet Node Name
  {71a47608-0937-4280-bc08-ec1749350bd1}, !- Total Cooling Capacity Function of Temperature Curve Name
  {ad4e8922-216a-400b-a3d8-86b81d60ee8d}, !- Total Cooling Capacity Function of Flow Fraction Curve Name
  {356fda61-b431-44f5-93e7-66eb51d6a06b}, !- Energy Input Ratio Function of Temperature Curve Name
  {5b322672-1040-412e-b80b-6fb7550b2100}, !- Energy Input Ratio Function of Flow Fraction Curve Name
  {b89866ac-924a-4154-8c93-19c56439f234}, !- Part Load Fraction Correlation Curve Name
  -25,                                    !- Minimum Outdoor Dry-Bulb Temperature for Compressor Operation {C}
  0,                                      !- Nominal Time for Condensate Removal to Begin {s}
  0,                                      !- Ratio of Initial Moisture Evaporation Rate and Steady State Latent Capacity {dimensionless}
  0,                                      !- Maximum Cycling Rate {cycles/hr}
  0,                                      !- Latent Capacity Time Constant {s}
  ,                                       !- Condenser Air Inlet Node Name
  AirCooled,                              !- Condenser Type
  0.9,                                    !- Evaporative Condenser Effectiveness {dimensionless}
  autosize,                               !- Evaporative Condenser Air Flow Rate {m3/s}
  autosize,                               !- Evaporative Condenser Pump Rated Power Consumption {W}
  0,                                      !- Crankcase Heater Capacity {W}
  ,                                       !- Crankcase Heater Capacity Function of Temperature Curve Name
  10,                                     !- Maximum Outdoor Dry-Bulb Temperature for Crankcase Heater Operation {C}
  ,                                       !- Supply Water Storage Tank Name
  ,                                       !- Condensate Collection Water Storage Tank Name
  0,                                      !- Basin Heater Capacity {W/K}
  2;                                      !- Basin Heater Setpoint Temperature {C}

OS:Fan:OnOff,
  {69a10897-fdd9-4bb4-8966-9690f6e63d4f}, !- Handle
  Zone East Perimeter Space - Story ground PSZ-AC Fan, !- Name
  {775f3104-620f-4148-b791-a62bdc07ea2b}, !- Availability Schedule Name
  0.53625,                                !- Fan Total Efficiency
  622.722275,                             !- Pressure Rise {Pa}
  autosize,                               !- Maximum Flow Rate {m3/s}
  0.825,                                  !- Motor Efficiency
  1,                                      !- Motor In Airstream Fraction
  ,                                       !- Air Inlet Node Name
  ,                                       !- Air Outlet Node Name
  {185fc06d-c982-4e93-8f1c-bfe60a38b769}, !- Fan Power Ratio Function of Speed Ratio Curve Name
  {ec540ed7-4ccd-4a96-a013-402a85f0bfe4}, !- Fan Efficiency Ratio Function of Speed Ratio Curve Name
  ;                                       !- End-Use Subcategory

OS:Curve:Exponent,
  {185fc06d-c982-4e93-8f1c-bfe60a38b769}, !- Handle
  Fan On Off Power Curve 1,               !- Name
  1,                                      !- Coefficient1 Constant
  0,                                      !- Coefficient2 Constant
  0,                                      !- Coefficient3 Constant
  0,                                      !- Minimum Value of x
  1,                                      !- Maximum Value of x
  ,                                       !- Minimum Curve Output
  ,                                       !- Maximum Curve Output
  ,                                       !- Input Unit Type for X
  ;                                       !- Output Unit Type

OS:Curve:Cubic,
  {ec540ed7-4ccd-4a96-a013-402a85f0bfe4}, !- Handle
  Fan On Off Efficiency Curve 1,          !- Name
  1,                                      !- Coefficient1 Constant
  0,                                      !- Coefficient2 x
  0,                                      !- Coefficient3 x**2
  0,                                      !- Coefficient4 x**3
  0,                                      !- Minimum Value of x
  1;                                      !- Maximum Value of x

OS:AirLoopHVAC:UnitarySystem,
  {41f022bd-733e-4920-b34b-1fecf63528bf}, !- Handle
  Zone East Perimeter Space - Story ground PSZ-AC Unitary AC, !- Name
  Load,                                   !- Control Type
  {8d96f702-83ea-4097-b354-bb2821274333}, !- Controlling Zone or Thermostat Location
  None,                                   !- Dehumidification Control Type
  {775f3104-620f-4148-b791-a62bdc07ea2b}, !- Availability Schedule Name
  {2edaad21-0db6-43be-b517-ea46f42e38ba}, !- Air Inlet Node Name
  {27cf8d15-f6c0-4a8d-9f1d-865a5809c0c1}, !- Air Outlet Node Name
  {69a10897-fdd9-4bb4-8966-9690f6e63d4f}, !- Supply Fan Name
  DrawThrough,                            !- Fan Placement
  {6b141bd4-4ffe-4810-95f1-70c3465991fc}, !- Supply Air Fan Operating Mode Schedule Name
  {960807b5-d7db-4452-a493-93cee6274d61}, !- Heating Coil Name
  1,                                      !- DX Heating Coil Sizing Ratio
  {2c402fdf-c4e3-4a2d-9851-9a295fcbd156}, !- Cooling Coil Name
  No,                                     !- Use DOAS DX Cooling Coil
  2,                                      !- DOAS DX Cooling Coil Leaving Minimum Air Temperature {C}
  SensibleOnlyLoadControl,                !- Latent Load Control
  {22f9b492-a376-4606-81a9-b8b0fb4d7afb}, !- Supplemental Heating Coil Name
  SupplyAirFlowRate,                      !- Supply Air Flow Rate Method During Cooling Operation
  Autosize,                               !- Supply Air Flow Rate During Cooling Operation {m3/s}
  ,                                       !- Supply Air Flow Rate Per Floor Area During Cooling Operation {m3/s-m2}
  ,                                       !- Fraction of Autosized Design Cooling Supply Air Flow Rate
  ,                                       !- Design Supply Air Flow Rate Per Unit of Capacity During Cooling Operation {m3/s-W}
  SupplyAirFlowRate,                      !- Supply Air Flow Rate Method During Heating Operation
  Autosize,                               !- Supply Air Flow Rate During Heating Operation {m3/s}
  ,                                       !- Supply Air Flow Rate Per Floor Area during Heating Operation {m3/s-m2}
  ,                                       !- Fraction of Autosized Design Heating Supply Air Flow Rate
  ,                                       !- Design Supply Air Flow Rate Per Unit of Capacity During Heating Operation {m3/s-W}
  None,                                   !- Supply Air Flow Rate Method When No Cooling or Heating is Required
  ,                                       !- Supply Air Flow Rate When No Cooling or Heating is Required {m3/s}
  ,                                       !- Supply Air Flow Rate Per Floor Area When No Cooling or Heating is Required {m3/s-m2}
  ,                                       !- Fraction of Autosized Design Cooling Supply Air Flow Rate When No Cooling or Heating is Required
  ,                                       !- Fraction of Autosized Design Heating Supply Air Flow Rate When No Cooling or Heating is Required
  ,                                       !- Design Supply Air Flow Rate Per Unit of Capacity During Cooling Operation When No Cooling or Heating is Required {m3/s-W}
  ,                                       !- Design Supply Air Flow Rate Per Unit of Capacity During Heating Operation When No Cooling or Heating is Required {m3/s-W}
  Yes,                                    !- No Load Supply Air Flow Rate Control Set To Low Speed
  80,                                     !- Maximum Supply Air Temperature {C}
  21,                                     !- Maximum Outdoor Dry-Bulb Temperature for Supplemental Heater Operation {C}
  ,                                       !- Outdoor Dry-Bulb Temperature Sensor Node Name
  0,                                      !- Ancilliary On-Cycle Electric Power {W}
  0;                                      !- Ancilliary Off-Cycle Electric Power {W}

OS:Connection,
  {27cf8d15-f6c0-4a8d-9f1d-865a5809c0c1}, !- Handle
  {41f022bd-733e-4920-b34b-1fecf63528bf}, !- Source Object
  7,                                      !- Outlet Port
  {7e7404cd-305a-41ef-a3d4-cc6ba84b4133}, !- Target Object
  2;                                      !- Inlet Port

OS:Controller:OutdoorAir,
  {5994f5ba-a1c5-4ebf-999e-2260705e22ab}, !- Handle
  Zone East Perimeter Space - Story ground PSZ-AC OA System Controller, !- Name
  ,                                       !- Relief Air Outlet Node Name
  ,                                       !- Return Air Node Name
  ,                                       !- Mixed Air Node Name
  ,                                       !- Actuator Node Name
  autosize,                               !- Minimum Outdoor Air Flow Rate {m3/s}
  Autosize,                               !- Maximum Outdoor Air Flow Rate {m3/s}
  NoEconomizer,                           !- Economizer Control Type
  ModulateFlow,                           !- Economizer Control Action Type
  28,                                     !- Economizer Maximum Limit Dry-Bulb Temperature {C}
  64000,                                  !- Economizer Maximum Limit Enthalpy {J/kg}
  ,                                       !- Economizer Maximum Limit Dewpoint Temperature {C}
  ,                                       !- Electronic Enthalpy Limit Curve Name
  ,                                       !- Economizer Minimum Limit Dry-Bulb Temperature {C}
  LockoutWithCompressor,                  !- Lockout Type
  FixedMinimum,                           !- Minimum Limit Type
  {775f3104-620f-4148-b791-a62bdc07ea2b}, !- Minimum Outdoor Air Schedule Name
  ,                                       !- Minimum Fraction of Outdoor Air Schedule Name
  {560afb3e-10fb-476c-8f9c-ccfae7c95531}, !- Maximum Fraction of Outdoor Air Schedule Name
  {e61659f2-82af-4abb-bf60-dfee489d07cd}, !- Controller Mechanical Ventilation
  ,                                       !- Time of Day Economizer Control Schedule Name
  No,                                     !- High Humidity Control
  ,                                       !- Humidistat Control Zone Name
  1,                                      !- High Humidity Outdoor Air Flow Ratio
  Yes,                                    !- Control High Indoor Humidity Based on Outdoor Humidity Ratio
  BypassWhenWithinEconomizerLimits,       !- Heat Recovery Bypass Control Type
  InterlockedWithMechanicalCooling;       !- Economizer Operation Staging

OS:Controller:MechanicalVentilation,
  {e61659f2-82af-4abb-bf60-dfee489d07cd}, !- Handle
  Controller Mechanical Ventilation 2,    !- Name
  {775f3104-620f-4148-b791-a62bdc07ea2b}, !- Availability Schedule
  ,                                       !- Demand Controlled Ventilation
  ;                                       !- System Outdoor Air Method

OS:AirLoopHVAC:OutdoorAirSystem,
  {358403a9-bca8-4af1-a3d4-070d8218be5f}, !- Handle
  Zone East Perimeter Space - Story ground PSZ-AC OA System, !- Name
  {5994f5ba-a1c5-4ebf-999e-2260705e22ab}, !- Controller Name
  ,                                       !- Outdoor Air Equipment List Name
  ,                                       !- Availability Manager List Name
  {f0a911fc-7f8b-4e2f-8bb3-dcd79f799afe}, !- Mixed Air Node Name
  {ae4cbc50-6baf-4ad0-92d4-4acdcf47c2d0}, !- Outdoor Air Stream Node Name
  {82488202-49b5-4bf3-8ef2-6d41baabb3e5}, !- Relief Air Stream Node Name
  {65d62f7a-4a52-4cb2-ac1f-ccc63a2f64c3}; !- Return Air Stream Node Name

OS:Node,
  {df8aa09f-4381-440e-ad7e-847e54811658}, !- Handle
  Zone East Perimeter Space - Story ground PSZ-AC Outdoor Air Node, !- Name
  ,                                       !- Inlet Port
  {ae4cbc50-6baf-4ad0-92d4-4acdcf47c2d0}; !- Outlet Port

OS:Connection,
  {ae4cbc50-6baf-4ad0-92d4-4acdcf47c2d0}, !- Handle
  {df8aa09f-4381-440e-ad7e-847e54811658}, !- Source Object
  3,                                      !- Outlet Port
  {358403a9-bca8-4af1-a3d4-070d8218be5f}, !- Target Object
  6;                                      !- Inlet Port

OS:Node,
  {0f8923bb-3c5e-4c12-93b5-1e704089c2e6}, !- Handle
  Zone East Perimeter Space - Story ground PSZ-AC Relief Air Node, !- Name
  {82488202-49b5-4bf3-8ef2-6d41baabb3e5}, !- Inlet Port
  ;                                       !- Outlet Port

OS:Connection,
  {82488202-49b5-4bf3-8ef2-6d41baabb3e5}, !- Handle
  {358403a9-bca8-4af1-a3d4-070d8218be5f}, !- Source Object
  7,                                      !- Outlet Port
  {0f8923bb-3c5e-4c12-93b5-1e704089c2e6}, !- Target Object
  2;                                      !- Inlet Port

OS:Node,
  {986eabaf-bde0-46ce-9c8a-431ac0142f72}, !- Handle
  Zone East Perimeter Space - Story ground PSZ-AC Mixed Air Node, !- Name
  {f0a911fc-7f8b-4e2f-8bb3-dcd79f799afe}, !- Inlet Port
  {2edaad21-0db6-43be-b517-ea46f42e38ba}; !- Outlet Port

OS:Connection,
  {65d62f7a-4a52-4cb2-ac1f-ccc63a2f64c3}, !- Handle
  {75139541-b279-44b3-a233-066cec9511c8}, !- Source Object
  3,                                      !- Outlet Port
  {358403a9-bca8-4af1-a3d4-070d8218be5f}, !- Target Object
  8;                                      !- Inlet Port

OS:Connection,
  {f0a911fc-7f8b-4e2f-8bb3-dcd79f799afe}, !- Handle
  {358403a9-bca8-4af1-a3d4-070d8218be5f}, !- Source Object
  5,                                      !- Outlet Port
  {986eabaf-bde0-46ce-9c8a-431ac0142f72}, !- Target Object
  2;                                      !- Inlet Port

OS:Connection,
  {2edaad21-0db6-43be-b517-ea46f42e38ba}, !- Handle
  {986eabaf-bde0-46ce-9c8a-431ac0142f72}, !- Source Object
  3,                                      !- Outlet Port
  {41f022bd-733e-4920-b34b-1fecf63528bf}, !- Target Object
  6;                                      !- Inlet Port

OS:AvailabilityManager:NightCycle,
  {3b052981-0b7b-4614-a297-d88b8515f451}, !- Handle
  Availability Manager Night Cycle 2,     !- Name
  {775f3104-620f-4148-b791-a62bdc07ea2b}, !- Applicability Schedule
  ,                                       !- Fan Schedule
  CycleOnAny,                             !- Control Type
  1.9999,                                 !- Thermostat Tolerance {deltaC}
  Thermostat,                             !- Cycling Run Time Control Type
  1800,                                   !- Cycling Run Time {s}
  {37674d3c-a1de-45d3-83c8-c4b26b739661}, !- Control Zone or Zone List Name
  {d669ca6b-ba18-45e9-9da0-1b9bf459d718}, !- Cooling Control Zone or Zone List Name
  {4a958cf7-1ec3-4aca-8656-332da176894c}, !- Heating Control Zone or Zone List Name
  {5d54db57-3ddf-4603-8b2c-0da08c5feb80}; !- Heating Zone Fans Only Zone or Zone List Name

OS:ModelObjectList,
  {37674d3c-a1de-45d3-83c8-c4b26b739661}, !- Handle
  Availability Manager Night Cycle 2 Control Zone List; !- Name

OS:ModelObjectList,
  {d669ca6b-ba18-45e9-9da0-1b9bf459d718}, !- Handle
  Availability Manager Night Cycle 2 Cooling Control Zone List; !- Name

OS:ModelObjectList,
  {4a958cf7-1ec3-4aca-8656-332da176894c}, !- Handle
  Availability Manager Night Cycle 2 Heating Control Zone List; !- Name

OS:ModelObjectList,
  {5d54db57-3ddf-4603-8b2c-0da08c5feb80}, !- Handle
  Availability Manager Night Cycle 2 Heating Zone Fans Only Zone List; !- Name

OS:AirTerminal:SingleDuct:ConstantVolume:NoReheat,
  {9b7a1b56-733a-4164-8c63-63c3714f4c2b}, !- Handle
  Zone East Perimeter Space - Story ground PSZ-AC Diffuser, !- Name
  {775f3104-620f-4148-b791-a62bdc07ea2b}, !- Availability Schedule Name
  {5f810c69-74a6-470f-803b-a0d4f31aede7}, !- Air Inlet Node Name
  {3e3ac76a-fc37-4db3-b529-44fabcbca4f0}, !- Air Outlet Node Name
  AutoSize;                               !- Maximum Air Flow Rate {m3/s}

OS:Node,
  {a66c94e5-3993-456a-baf2-7a978bb0ae82}, !- Handle
  Zone East Perimeter Space - Story ground Return Air Node, !- Name
  {a99117b1-7eed-4495-abff-0de52fcefe4a}, !- Inlet Port
  {61045d8d-a7c1-4b0d-9e19-f5d23c194135}; !- Outlet Port

OS:Connection,
  {97cc20cd-f787-4264-ac45-933e61f77dc7}, !- Handle
  {bd2f5848-58f3-4a3a-ba8a-35fb43c3e882}, !- Source Object
  3,                                      !- Outlet Port
  {758ea58d-a011-48fc-a9bb-dbfac7532d16}, !- Target Object
  2;                                      !- Inlet Port

OS:Connection,
  {a99117b1-7eed-4495-abff-0de52fcefe4a}, !- Handle
  {6945c14d-14fe-4cf2-b268-8288170b4d31}, !- Source Object
  2,                                      !- Outlet Port
  {a66c94e5-3993-456a-baf2-7a978bb0ae82}, !- Target Object
  2;                                      !- Inlet Port

OS:Connection,
  {61045d8d-a7c1-4b0d-9e19-f5d23c194135}, !- Handle
  {a66c94e5-3993-456a-baf2-7a978bb0ae82}, !- Source Object
  3,                                      !- Outlet Port
  {3f9f65d5-8910-488a-92b7-9ac9fec0326d}, !- Target Object
  3;                                      !- Inlet Port

OS:Node,
  {1a233363-174a-4f25-bdeb-d57f6a240c2d}, !- Handle
  Zone East Perimeter Space - Story ground PSZ-AC Diffuser Inlet Air Node, !- Name
  {fd75c88f-e15c-454f-aae5-1b9c563e7cd1}, !- Inlet Port
  {5f810c69-74a6-470f-803b-a0d4f31aede7}; !- Outlet Port

OS:Connection,
  {fd75c88f-e15c-454f-aae5-1b9c563e7cd1}, !- Handle
  {c2a0f5ed-de6e-46fd-813a-7f17eaac9dd7}, !- Source Object
  3,                                      !- Outlet Port
  {1a233363-174a-4f25-bdeb-d57f6a240c2d}, !- Target Object
  2;                                      !- Inlet Port

OS:Connection,
  {5f810c69-74a6-470f-803b-a0d4f31aede7}, !- Handle
  {1a233363-174a-4f25-bdeb-d57f6a240c2d}, !- Source Object
  3,                                      !- Outlet Port
  {9b7a1b56-733a-4164-8c63-63c3714f4c2b}, !- Target Object
  3;                                      !- Inlet Port

OS:Connection,
  {3e3ac76a-fc37-4db3-b529-44fabcbca4f0}, !- Handle
  {9b7a1b56-733a-4164-8c63-63c3714f4c2b}, !- Source Object
  4,                                      !- Outlet Port
  {bd2f5848-58f3-4a3a-ba8a-35fb43c3e882}, !- Target Object
  2;                                      !- Inlet Port

OS:AirLoopHVAC,
  {6c80d166-bbb0-475c-a9a3-2b91646f792c}, !- Handle
  Zone North Perimeter Space - Story ground PSZ-AC, !- Name
  ,                                       !- Controller List Name
  {05e148af-8965-4d1d-be0c-8e7918f939f5}, !- Availability Schedule
  {8dfc6249-0890-4c6a-958a-b161873b2020}, !- Availability Manager List Name
  autosize,                               !- Design Supply Air Flow Rate {m3/s}
  1,                                      !- Design Return Air Flow Fraction of Supply Air Flow
  ,                                       !- Branch List Name
  ,                                       !- Connector List Name
  {8b117c0d-62f7-42c7-bd11-7443fe9142ed}, !- Supply Side Inlet Node Name
  {e08d3de8-d713-4671-924a-cdda5e926977}, !- Demand Side Outlet Node Name
  {65563e30-889c-43be-8742-086a9dfdf1e4}, !- Demand Side Inlet Node A
  {5fca5772-a470-477a-a5e8-063d0648d891}, !- Supply Side Outlet Node A
  ,                                       !- Demand Side Inlet Node B
  ,                                       !- Supply Side Outlet Node B
  ,                                       !- Return Air Bypass Flow Temperature Setpoint Schedule Name
  {ae815f27-8131-4bc1-8535-46cca71089bb}, !- Demand Mixer Name
  {a2414ada-c054-4214-bcff-57758b160520}, !- Demand Splitter A Name
  ,                                       !- Demand Splitter B Name
  ;                                       !- Supply Splitter Name

OS:Node,
  {20364105-4fd7-41b1-9536-13ea1d7e4e79}, !- Handle
  Zone North Perimeter Space - Story ground PSZ-AC Supply Inlet Node, !- Name
  {8b117c0d-62f7-42c7-bd11-7443fe9142ed}, !- Inlet Port
  {a227bd37-fe92-48c4-ba35-2f557fedc6f7}; !- Outlet Port

OS:Node,
  {52ece072-268f-4ec5-a09a-10f0758e1944}, !- Handle
  Zone North Perimeter Space - Story ground PSZ-AC Supply Outlet Node, !- Name
  {06386b80-1428-4000-80fa-30e4b94d24bf}, !- Inlet Port
  {5fca5772-a470-477a-a5e8-063d0648d891}; !- Outlet Port

OS:Connection,
  {8b117c0d-62f7-42c7-bd11-7443fe9142ed}, !- Handle
  {6c80d166-bbb0-475c-a9a3-2b91646f792c}, !- Source Object
  9,                                      !- Outlet Port
  {20364105-4fd7-41b1-9536-13ea1d7e4e79}, !- Target Object
  2;                                      !- Inlet Port

OS:Connection,
  {5fca5772-a470-477a-a5e8-063d0648d891}, !- Handle
  {52ece072-268f-4ec5-a09a-10f0758e1944}, !- Source Object
  3,                                      !- Outlet Port
  {6c80d166-bbb0-475c-a9a3-2b91646f792c}, !- Target Object
  12;                                     !- Inlet Port

OS:Node,
  {53411b40-deb1-4a12-a49b-f08de2e7abe0}, !- Handle
  Zone North Perimeter Space - Story ground PSZ-AC Demand Inlet Node, !- Name
  {65563e30-889c-43be-8742-086a9dfdf1e4}, !- Inlet Port
  {90e03920-88d5-45b3-ac15-512b33d6b827}; !- Outlet Port

OS:Node,
  {8745826a-da0d-470e-9b4b-7cd84341cb72}, !- Handle
  Zone North Perimeter Space - Story ground PSZ-AC Demand Outlet Node, !- Name
  {7e3348a7-70cd-42a0-9152-50aaedafd2c2}, !- Inlet Port
  {e08d3de8-d713-4671-924a-cdda5e926977}; !- Outlet Port

OS:Node,
  {b9991882-3e72-4ce3-ae24-c42938585567}, !- Handle
  Zone North Perimeter Space - Story ground PSZ-AC Diffuser Outlet Air Node, !- Name
  {28600e36-6c75-4ca2-acd6-496f898a145a}, !- Inlet Port
  {cdd2716e-c856-4bc3-8093-60a25ea3c385}; !- Outlet Port

OS:Connection,
  {65563e30-889c-43be-8742-086a9dfdf1e4}, !- Handle
  {6c80d166-bbb0-475c-a9a3-2b91646f792c}, !- Source Object
  11,                                     !- Outlet Port
  {53411b40-deb1-4a12-a49b-f08de2e7abe0}, !- Target Object
  2;                                      !- Inlet Port

OS:Connection,
  {e08d3de8-d713-4671-924a-cdda5e926977}, !- Handle
  {8745826a-da0d-470e-9b4b-7cd84341cb72}, !- Source Object
  3,                                      !- Outlet Port
  {6c80d166-bbb0-475c-a9a3-2b91646f792c}, !- Target Object
  10;                                     !- Inlet Port

OS:AirLoopHVAC:ZoneSplitter,
  {a2414ada-c054-4214-bcff-57758b160520}, !- Handle
  Air Loop HVAC Zone Splitter 3,          !- Name
  {90e03920-88d5-45b3-ac15-512b33d6b827}, !- Inlet Node Name
  {d72ee06b-8c52-4f1b-a145-10ec9c7e8925}; !- Outlet Node Name 1

OS:AirLoopHVAC:ZoneMixer,
  {ae815f27-8131-4bc1-8535-46cca71089bb}, !- Handle
  Air Loop HVAC Zone Mixer 3,             !- Name
  {7e3348a7-70cd-42a0-9152-50aaedafd2c2}, !- Outlet Node Name
  {b6437d5b-f003-4371-83ce-b35fe88ce08f}; !- Inlet Node Name 1

OS:Connection,
  {90e03920-88d5-45b3-ac15-512b33d6b827}, !- Handle
  {53411b40-deb1-4a12-a49b-f08de2e7abe0}, !- Source Object
  3,                                      !- Outlet Port
  {a2414ada-c054-4214-bcff-57758b160520}, !- Target Object
  2;                                      !- Inlet Port

OS:Connection,
  {7e3348a7-70cd-42a0-9152-50aaedafd2c2}, !- Handle
  {ae815f27-8131-4bc1-8535-46cca71089bb}, !- Source Object
  2,                                      !- Outlet Port
  {8745826a-da0d-470e-9b4b-7cd84341cb72}, !- Target Object
  2;                                      !- Inlet Port

OS:Sizing:System,
  {45780eed-3dd3-4e83-bc51-fbc7afd2faa2}, !- Handle
  {6c80d166-bbb0-475c-a9a3-2b91646f792c}, !- AirLoop Name
  Sensible,                               !- Type of Load to Size On
  Autosize,                               !- Design Outdoor Air Flow Rate {m3/s}
  1,                                      !- Central Heating Maximum System Air Flow Ratio
  7.22222222222229,                       !- Preheat Design Temperature {C}
  0.008,                                  !- Preheat Design Humidity Ratio {kg-H2O/kg-Air}
  12.7777777777778,                       !- Precool Design Temperature {C}
  0.008,                                  !- Precool Design Humidity Ratio {kg-H2O/kg-Air}
  12.7777777777778,                       !- Central Cooling Design Supply Air Temperature {C}
  50.0000000000001,                       !- Central Heating Design Supply Air Temperature {C}
  Coincident,                             !- Sizing Option
  No,                                     !- 100% Outdoor Air in Cooling
  No,                                     !- 100% Outdoor Air in Heating
  0.0085,                                 !- Central Cooling Design Supply Air Humidity Ratio {kg-H2O/kg-Air}
  0.008,                                  !- Central Heating Design Supply Air Humidity Ratio {kg-H2O/kg-Air}
  DesignDay,                              !- Cooling Design Air Flow Method
  ,                                       !- Cooling Design Air Flow Rate {m3/s}
  DesignDay,                              !- Heating Design Air Flow Method
  ,                                       !- Heating Design Air Flow Rate {m3/s}
  ZoneSum,                                !- System Outdoor Air Method
  1,                                      !- Zone Maximum Outdoor Air Fraction {dimensionless}
  0.0099676501,                           !- Cooling Supply Air Flow Rate Per Floor Area {m3/s-m2}
  1,                                      !- Cooling Fraction of Autosized Cooling Supply Air Flow Rate
  3.9475456e-05,                          !- Cooling Supply Air Flow Rate Per Unit Cooling Capacity {m3/s-W}
  0.0099676501,                           !- Heating Supply Air Flow Rate Per Floor Area {m3/s-m2}
  1,                                      !- Heating Fraction of Autosized Heating Supply Air Flow Rate
  1,                                      !- Heating Fraction of Autosized Cooling Supply Air Flow Rate
  3.1588213e-05,                          !- Heating Supply Air Flow Rate Per Unit Heating Capacity {m3/s-W}
  CoolingDesignCapacity,                  !- Cooling Design Capacity Method
  autosize,                               !- Cooling Design Capacity {W}
  234.7,                                  !- Cooling Design Capacity Per Floor Area {W/m2}
  1,                                      !- Fraction of Autosized Cooling Design Capacity
  HeatingDesignCapacity,                  !- Heating Design Capacity Method
  autosize,                               !- Heating Design Capacity {W}
  157,                                    !- Heating Design Capacity Per Floor Area {W/m2}
  1,                                      !- Fraction of Autosized Heating Design Capacity
  OnOff,                                  !- Central Cooling Capacity Control Method
  autosize,                               !- Occupant Diversity
  None,                                   !- Heating Coil Sizing Method
  1;                                      !- Maximum Heating Capacity To Cooling Capacity Sizing Ratio {W/W}

OS:AvailabilityManagerAssignmentList,
  {8dfc6249-0890-4c6a-958a-b161873b2020}, !- Handle
  Air Loop HVAC 1 AvailabilityManagerAssignmentList 2, !- Name
  {ba1990e7-a3d2-4fcd-968b-7daf801c886c}; !- Availability Manager Name 1

OS:SetpointManager:SingleZone:Reheat,
  {5ce0eeea-ee97-4d6b-a2f7-2c5fa5a19eb5}, !- Handle
  Zone North Perimeter Space - Story ground Setpoint Manager SZ Reheat, !- Name
  12.7777777777778,                       !- Minimum Supply Air Temperature {C}
  50.0000000000001,                       !- Maximum Supply Air Temperature {C}
  {ca09b244-7aed-47fb-b64e-61211282cf3a}, !- Control Zone Name
  {52ece072-268f-4ec5-a09a-10f0758e1944}; !- Setpoint Node or NodeList Name

OS:Coil:Heating:Gas,
  {46b902d9-f085-43f1-9b70-5f66d1d84120}, !- Handle
  Zone North Perimeter Space - Story ground PSZ-AC Gas Htg Coil 30kBtu/hr 0.8 Thermal Eff, !- Name
  {775f3104-620f-4148-b791-a62bdc07ea2b}, !- Availability Schedule Name
  0.8,                                    !- Gas Burner Efficiency
  AutoSize,                               !- Nominal Capacity {W}
  ,                                       !- Air Inlet Node Name
  ,                                       !- Air Outlet Node Name
  ,                                       !- Temperature Setpoint Node Name
  0,                                      !- On Cycle Parasitic Electric Load {W}
  ,                                       !- Part Load Fraction Correlation Curve Name
  0;                                      !- Off Cycle Parasitic Gas Load {W}

OS:Coil:Heating:Electric,
  {fa9fcf52-5871-44f5-ab80-a367d6814573}, !- Handle
  Zone North Perimeter Space - Story ground PSZ-AC No Heat, !- Name
  {ac82d9ed-5c5c-404d-b6b8-78361a5e7e07}, !- Availability Schedule Name
  1,                                      !- Efficiency
  0,                                      !- Nominal Capacity {W}
  ,                                       !- Air Inlet Node Name
  ;                                       !- Air Outlet Node Name

OS:Coil:Cooling:DX:SingleSpeed,
  {411ffe02-f0ff-45e1-96f3-049b238f8dc9}, !- Handle
  Zone North Perimeter Space - Story ground PSZ-AC 1spd DX AC Clg Coil 14kBtu/hr 9.7SEER, !- Name
  {775f3104-620f-4148-b791-a62bdc07ea2b}, !- Availability Schedule Name
  autosize,                               !- Rated Total Cooling Capacity {W}
  autosize,                               !- Rated Sensible Heat Ratio
  2.967036,                               !- Rated COP {W/W}
  autosize,                               !- Rated Air Flow Rate {m3/s}
  773.3,                                  !- Rated Evaporator Fan Power Per Volume Flow Rate 2017 {W/(m3/s)}
  934.4,                                  !- Rated Evaporator Fan Power Per Volume Flow Rate 2023 {W/(m3/s)}
  ,                                       !- Air Inlet Node Name
  ,                                       !- Air Outlet Node Name
  {71a47608-0937-4280-bc08-ec1749350bd1}, !- Total Cooling Capacity Function of Temperature Curve Name
  {ad4e8922-216a-400b-a3d8-86b81d60ee8d}, !- Total Cooling Capacity Function of Flow Fraction Curve Name
  {356fda61-b431-44f5-93e7-66eb51d6a06b}, !- Energy Input Ratio Function of Temperature Curve Name
  {5b322672-1040-412e-b80b-6fb7550b2100}, !- Energy Input Ratio Function of Flow Fraction Curve Name
  {b89866ac-924a-4154-8c93-19c56439f234}, !- Part Load Fraction Correlation Curve Name
  -25,                                    !- Minimum Outdoor Dry-Bulb Temperature for Compressor Operation {C}
  0,                                      !- Nominal Time for Condensate Removal to Begin {s}
  0,                                      !- Ratio of Initial Moisture Evaporation Rate and Steady State Latent Capacity {dimensionless}
  0,                                      !- Maximum Cycling Rate {cycles/hr}
  0,                                      !- Latent Capacity Time Constant {s}
  ,                                       !- Condenser Air Inlet Node Name
  AirCooled,                              !- Condenser Type
  0.9,                                    !- Evaporative Condenser Effectiveness {dimensionless}
  autosize,                               !- Evaporative Condenser Air Flow Rate {m3/s}
  autosize,                               !- Evaporative Condenser Pump Rated Power Consumption {W}
  0,                                      !- Crankcase Heater Capacity {W}
  ,                                       !- Crankcase Heater Capacity Function of Temperature Curve Name
  10,                                     !- Maximum Outdoor Dry-Bulb Temperature for Crankcase Heater Operation {C}
  ,                                       !- Supply Water Storage Tank Name
  ,                                       !- Condensate Collection Water Storage Tank Name
  0,                                      !- Basin Heater Capacity {W/K}
  2;                                      !- Basin Heater Setpoint Temperature {C}

OS:Fan:OnOff,
  {5a27a47d-905e-4398-964d-13e49269d051}, !- Handle
  Zone North Perimeter Space - Story ground PSZ-AC Fan, !- Name
  {775f3104-620f-4148-b791-a62bdc07ea2b}, !- Availability Schedule Name
  0.53625,                                !- Fan Total Efficiency
  622.722275,                             !- Pressure Rise {Pa}
  autosize,                               !- Maximum Flow Rate {m3/s}
  0.825,                                  !- Motor Efficiency
  1,                                      !- Motor In Airstream Fraction
  ,                                       !- Air Inlet Node Name
  ,                                       !- Air Outlet Node Name
  {e6946f3a-ea15-4078-9904-984a7b9cc3fa}, !- Fan Power Ratio Function of Speed Ratio Curve Name
  {fb6409c8-81d2-4bdf-8ce1-1734d61b00ad}, !- Fan Efficiency Ratio Function of Speed Ratio Curve Name
  ;                                       !- End-Use Subcategory

OS:Curve:Exponent,
  {e6946f3a-ea15-4078-9904-984a7b9cc3fa}, !- Handle
  Fan On Off Power Curve 2,               !- Name
  1,                                      !- Coefficient1 Constant
  0,                                      !- Coefficient2 Constant
  0,                                      !- Coefficient3 Constant
  0,                                      !- Minimum Value of x
  1,                                      !- Maximum Value of x
  ,                                       !- Minimum Curve Output
  ,                                       !- Maximum Curve Output
  ,                                       !- Input Unit Type for X
  ;                                       !- Output Unit Type

OS:Curve:Cubic,
  {fb6409c8-81d2-4bdf-8ce1-1734d61b00ad}, !- Handle
  Fan On Off Efficiency Curve 2,          !- Name
  1,                                      !- Coefficient1 Constant
  0,                                      !- Coefficient2 x
  0,                                      !- Coefficient3 x**2
  0,                                      !- Coefficient4 x**3
  0,                                      !- Minimum Value of x
  1;                                      !- Maximum Value of x

OS:AirLoopHVAC:UnitarySystem,
  {929bf3c9-4e55-4f07-bba4-1d1254f9f32b}, !- Handle
  Zone North Perimeter Space - Story ground PSZ-AC Unitary AC, !- Name
  Load,                                   !- Control Type
  {ca09b244-7aed-47fb-b64e-61211282cf3a}, !- Controlling Zone or Thermostat Location
  None,                                   !- Dehumidification Control Type
  {775f3104-620f-4148-b791-a62bdc07ea2b}, !- Availability Schedule Name
  {7fe27a3d-736f-4a59-9ff4-119731ce5157}, !- Air Inlet Node Name
  {06386b80-1428-4000-80fa-30e4b94d24bf}, !- Air Outlet Node Name
  {5a27a47d-905e-4398-964d-13e49269d051}, !- Supply Fan Name
  DrawThrough,                            !- Fan Placement
  {05e148af-8965-4d1d-be0c-8e7918f939f5}, !- Supply Air Fan Operating Mode Schedule Name
  {46b902d9-f085-43f1-9b70-5f66d1d84120}, !- Heating Coil Name
  1,                                      !- DX Heating Coil Sizing Ratio
  {411ffe02-f0ff-45e1-96f3-049b238f8dc9}, !- Cooling Coil Name
  No,                                     !- Use DOAS DX Cooling Coil
  2,                                      !- DOAS DX Cooling Coil Leaving Minimum Air Temperature {C}
  SensibleOnlyLoadControl,                !- Latent Load Control
  {fa9fcf52-5871-44f5-ab80-a367d6814573}, !- Supplemental Heating Coil Name
  SupplyAirFlowRate,                      !- Supply Air Flow Rate Method During Cooling Operation
  Autosize,                               !- Supply Air Flow Rate During Cooling Operation {m3/s}
  ,                                       !- Supply Air Flow Rate Per Floor Area During Cooling Operation {m3/s-m2}
  ,                                       !- Fraction of Autosized Design Cooling Supply Air Flow Rate
  ,                                       !- Design Supply Air Flow Rate Per Unit of Capacity During Cooling Operation {m3/s-W}
  SupplyAirFlowRate,                      !- Supply Air Flow Rate Method During Heating Operation
  Autosize,                               !- Supply Air Flow Rate During Heating Operation {m3/s}
  ,                                       !- Supply Air Flow Rate Per Floor Area during Heating Operation {m3/s-m2}
  ,                                       !- Fraction of Autosized Design Heating Supply Air Flow Rate
  ,                                       !- Design Supply Air Flow Rate Per Unit of Capacity During Heating Operation {m3/s-W}
  None,                                   !- Supply Air Flow Rate Method When No Cooling or Heating is Required
  ,                                       !- Supply Air Flow Rate When No Cooling or Heating is Required {m3/s}
  ,                                       !- Supply Air Flow Rate Per Floor Area When No Cooling or Heating is Required {m3/s-m2}
  ,                                       !- Fraction of Autosized Design Cooling Supply Air Flow Rate When No Cooling or Heating is Required
  ,                                       !- Fraction of Autosized Design Heating Supply Air Flow Rate When No Cooling or Heating is Required
  ,                                       !- Design Supply Air Flow Rate Per Unit of Capacity During Cooling Operation When No Cooling or Heating is Required {m3/s-W}
  ,                                       !- Design Supply Air Flow Rate Per Unit of Capacity During Heating Operation When No Cooling or Heating is Required {m3/s-W}
  Yes,                                    !- No Load Supply Air Flow Rate Control Set To Low Speed
  80,                                     !- Maximum Supply Air Temperature {C}
  21,                                     !- Maximum Outdoor Dry-Bulb Temperature for Supplemental Heater Operation {C}
  ,                                       !- Outdoor Dry-Bulb Temperature Sensor Node Name
  0,                                      !- Ancilliary On-Cycle Electric Power {W}
  0;                                      !- Ancilliary Off-Cycle Electric Power {W}

OS:Connection,
  {06386b80-1428-4000-80fa-30e4b94d24bf}, !- Handle
  {929bf3c9-4e55-4f07-bba4-1d1254f9f32b}, !- Source Object
  7,                                      !- Outlet Port
  {52ece072-268f-4ec5-a09a-10f0758e1944}, !- Target Object
  2;                                      !- Inlet Port

OS:Controller:OutdoorAir,
  {027dc7d8-8713-447c-8a51-afbac5da8577}, !- Handle
  Zone North Perimeter Space - Story ground PSZ-AC OA System Controller, !- Name
  ,                                       !- Relief Air Outlet Node Name
  ,                                       !- Return Air Node Name
  ,                                       !- Mixed Air Node Name
  ,                                       !- Actuator Node Name
  autosize,                               !- Minimum Outdoor Air Flow Rate {m3/s}
  Autosize,                               !- Maximum Outdoor Air Flow Rate {m3/s}
  NoEconomizer,                           !- Economizer Control Type
  ModulateFlow,                           !- Economizer Control Action Type
  28,                                     !- Economizer Maximum Limit Dry-Bulb Temperature {C}
  64000,                                  !- Economizer Maximum Limit Enthalpy {J/kg}
  ,                                       !- Economizer Maximum Limit Dewpoint Temperature {C}
  ,                                       !- Electronic Enthalpy Limit Curve Name
  ,                                       !- Economizer Minimum Limit Dry-Bulb Temperature {C}
  LockoutWithCompressor,                  !- Lockout Type
  FixedMinimum,                           !- Minimum Limit Type
  {775f3104-620f-4148-b791-a62bdc07ea2b}, !- Minimum Outdoor Air Schedule Name
  ,                                       !- Minimum Fraction of Outdoor Air Schedule Name
  {a94a3eb3-188e-4191-9a7f-7b94979998cf}, !- Maximum Fraction of Outdoor Air Schedule Name
  {43186d20-f406-4779-b377-d3f2daed78b2}, !- Controller Mechanical Ventilation
  ,                                       !- Time of Day Economizer Control Schedule Name
  No,                                     !- High Humidity Control
  ,                                       !- Humidistat Control Zone Name
  1,                                      !- High Humidity Outdoor Air Flow Ratio
  Yes,                                    !- Control High Indoor Humidity Based on Outdoor Humidity Ratio
  BypassWhenWithinEconomizerLimits,       !- Heat Recovery Bypass Control Type
  InterlockedWithMechanicalCooling;       !- Economizer Operation Staging

OS:Controller:MechanicalVentilation,
  {43186d20-f406-4779-b377-d3f2daed78b2}, !- Handle
  Controller Mechanical Ventilation 3,    !- Name
  {775f3104-620f-4148-b791-a62bdc07ea2b}, !- Availability Schedule
  ,                                       !- Demand Controlled Ventilation
  ;                                       !- System Outdoor Air Method

OS:AirLoopHVAC:OutdoorAirSystem,
  {57af4827-0131-4c33-97ba-c23a1276b99c}, !- Handle
  Zone North Perimeter Space - Story ground PSZ-AC OA System, !- Name
  {027dc7d8-8713-447c-8a51-afbac5da8577}, !- Controller Name
  ,                                       !- Outdoor Air Equipment List Name
  ,                                       !- Availability Manager List Name
  {e0a2b1f4-4045-4203-88d0-dcd774de7c8b}, !- Mixed Air Node Name
  {66a39314-aa86-4024-94e3-265c9516e888}, !- Outdoor Air Stream Node Name
  {4f3c00bf-c279-43d0-84ab-0ff7386a05e8}, !- Relief Air Stream Node Name
  {a227bd37-fe92-48c4-ba35-2f557fedc6f7}; !- Return Air Stream Node Name

OS:Node,
  {9127a4a1-69df-4d81-9f37-f6c4674f1cc9}, !- Handle
  Zone North Perimeter Space - Story ground PSZ-AC Outdoor Air Node, !- Name
  ,                                       !- Inlet Port
  {66a39314-aa86-4024-94e3-265c9516e888}; !- Outlet Port

OS:Connection,
  {66a39314-aa86-4024-94e3-265c9516e888}, !- Handle
  {9127a4a1-69df-4d81-9f37-f6c4674f1cc9}, !- Source Object
  3,                                      !- Outlet Port
  {57af4827-0131-4c33-97ba-c23a1276b99c}, !- Target Object
  6;                                      !- Inlet Port

OS:Node,
  {17b10aca-0e60-47ad-b3d8-763390ddaef6}, !- Handle
  Zone North Perimeter Space - Story ground PSZ-AC Relief Air Node, !- Name
  {4f3c00bf-c279-43d0-84ab-0ff7386a05e8}, !- Inlet Port
  ;                                       !- Outlet Port

OS:Connection,
  {4f3c00bf-c279-43d0-84ab-0ff7386a05e8}, !- Handle
  {57af4827-0131-4c33-97ba-c23a1276b99c}, !- Source Object
  7,                                      !- Outlet Port
  {17b10aca-0e60-47ad-b3d8-763390ddaef6}, !- Target Object
  2;                                      !- Inlet Port

OS:Node,
  {58414b08-7afb-45b0-b490-dad0ef6d70ea}, !- Handle
  Zone North Perimeter Space - Story ground PSZ-AC Mixed Air Node, !- Name
  {e0a2b1f4-4045-4203-88d0-dcd774de7c8b}, !- Inlet Port
  {7fe27a3d-736f-4a59-9ff4-119731ce5157}; !- Outlet Port

OS:Connection,
  {a227bd37-fe92-48c4-ba35-2f557fedc6f7}, !- Handle
  {20364105-4fd7-41b1-9536-13ea1d7e4e79}, !- Source Object
  3,                                      !- Outlet Port
  {57af4827-0131-4c33-97ba-c23a1276b99c}, !- Target Object
  8;                                      !- Inlet Port

OS:Connection,
  {e0a2b1f4-4045-4203-88d0-dcd774de7c8b}, !- Handle
  {57af4827-0131-4c33-97ba-c23a1276b99c}, !- Source Object
  5,                                      !- Outlet Port
  {58414b08-7afb-45b0-b490-dad0ef6d70ea}, !- Target Object
  2;                                      !- Inlet Port

OS:Connection,
  {7fe27a3d-736f-4a59-9ff4-119731ce5157}, !- Handle
  {58414b08-7afb-45b0-b490-dad0ef6d70ea}, !- Source Object
  3,                                      !- Outlet Port
  {929bf3c9-4e55-4f07-bba4-1d1254f9f32b}, !- Target Object
  6;                                      !- Inlet Port

OS:AvailabilityManager:NightCycle,
  {ba1990e7-a3d2-4fcd-968b-7daf801c886c}, !- Handle
  Availability Manager Night Cycle 3,     !- Name
  {775f3104-620f-4148-b791-a62bdc07ea2b}, !- Applicability Schedule
  ,                                       !- Fan Schedule
  CycleOnAny,                             !- Control Type
  1.9999,                                 !- Thermostat Tolerance {deltaC}
  Thermostat,                             !- Cycling Run Time Control Type
  1800,                                   !- Cycling Run Time {s}
  {f4340224-784d-44fe-8ad3-2facc9ee89d8}, !- Control Zone or Zone List Name
  {a822c45d-2767-4999-84ab-d93c46c6d333}, !- Cooling Control Zone or Zone List Name
  {9d74e18a-93fe-40c4-b27f-3c41acce494e}, !- Heating Control Zone or Zone List Name
  {3ab0f004-3a21-4992-a013-0b2ef4d8d4f0}; !- Heating Zone Fans Only Zone or Zone List Name

OS:ModelObjectList,
  {f4340224-784d-44fe-8ad3-2facc9ee89d8}, !- Handle
  Availability Manager Night Cycle 3 Control Zone List; !- Name

OS:ModelObjectList,
  {a822c45d-2767-4999-84ab-d93c46c6d333}, !- Handle
  Availability Manager Night Cycle 3 Cooling Control Zone List; !- Name

OS:ModelObjectList,
  {9d74e18a-93fe-40c4-b27f-3c41acce494e}, !- Handle
  Availability Manager Night Cycle 3 Heating Control Zone List; !- Name

OS:ModelObjectList,
  {3ab0f004-3a21-4992-a013-0b2ef4d8d4f0}, !- Handle
  Availability Manager Night Cycle 3 Heating Zone Fans Only Zone List; !- Name

OS:AirTerminal:SingleDuct:ConstantVolume:NoReheat,
  {d8613c8c-e04f-4ea9-aa9f-c3ab1c7cdaa2}, !- Handle
  Zone North Perimeter Space - Story ground PSZ-AC Diffuser, !- Name
  {775f3104-620f-4148-b791-a62bdc07ea2b}, !- Availability Schedule Name
  {86170e68-860f-40bc-b7e0-40cbeca5d253}, !- Air Inlet Node Name
  {28600e36-6c75-4ca2-acd6-496f898a145a}, !- Air Outlet Node Name
  AutoSize;                               !- Maximum Air Flow Rate {m3/s}

OS:Node,
  {e168833d-45c9-4c92-8f1b-2bace0fce38d}, !- Handle
  Zone North Perimeter Space - Story ground Return Air Node, !- Name
  {096d61ae-2b7e-42cc-80c1-4a7d6a0e75a9}, !- Inlet Port
  {b6437d5b-f003-4371-83ce-b35fe88ce08f}; !- Outlet Port

OS:Connection,
  {cdd2716e-c856-4bc3-8093-60a25ea3c385}, !- Handle
  {b9991882-3e72-4ce3-ae24-c42938585567}, !- Source Object
  3,                                      !- Outlet Port
  {4ab0cb59-d873-424c-a1ae-cf1aad98a483}, !- Target Object
  2;                                      !- Inlet Port

OS:Connection,
  {096d61ae-2b7e-42cc-80c1-4a7d6a0e75a9}, !- Handle
  {f971d5a9-e66e-49ab-8a86-e46129dc166b}, !- Source Object
  2,                                      !- Outlet Port
  {e168833d-45c9-4c92-8f1b-2bace0fce38d}, !- Target Object
  2;                                      !- Inlet Port

OS:Connection,
  {b6437d5b-f003-4371-83ce-b35fe88ce08f}, !- Handle
  {e168833d-45c9-4c92-8f1b-2bace0fce38d}, !- Source Object
  3,                                      !- Outlet Port
  {ae815f27-8131-4bc1-8535-46cca71089bb}, !- Target Object
  3;                                      !- Inlet Port

OS:Node,
  {ffab2946-74da-4ef9-b776-9edf66f09f59}, !- Handle
  Zone North Perimeter Space - Story ground PSZ-AC Diffuser Inlet Air Node, !- Name
  {d72ee06b-8c52-4f1b-a145-10ec9c7e8925}, !- Inlet Port
  {86170e68-860f-40bc-b7e0-40cbeca5d253}; !- Outlet Port

OS:Connection,
  {d72ee06b-8c52-4f1b-a145-10ec9c7e8925}, !- Handle
  {a2414ada-c054-4214-bcff-57758b160520}, !- Source Object
  3,                                      !- Outlet Port
  {ffab2946-74da-4ef9-b776-9edf66f09f59}, !- Target Object
  2;                                      !- Inlet Port

OS:Connection,
  {86170e68-860f-40bc-b7e0-40cbeca5d253}, !- Handle
  {ffab2946-74da-4ef9-b776-9edf66f09f59}, !- Source Object
  3,                                      !- Outlet Port
  {d8613c8c-e04f-4ea9-aa9f-c3ab1c7cdaa2}, !- Target Object
  3;                                      !- Inlet Port

OS:Connection,
  {28600e36-6c75-4ca2-acd6-496f898a145a}, !- Handle
  {d8613c8c-e04f-4ea9-aa9f-c3ab1c7cdaa2}, !- Source Object
  4,                                      !- Outlet Port
  {b9991882-3e72-4ce3-ae24-c42938585567}, !- Target Object
  2;                                      !- Inlet Port

OS:AirLoopHVAC,
  {31ef6492-dc0a-457e-9ca4-3b8399143e2b}, !- Handle
  Zone South Perimeter Space - Story ground PSZ-AC, !- Name
  ,                                       !- Controller List Name
  {9d1c97da-a3fb-4ecf-991b-a1b253de3cba}, !- Availability Schedule
  {4cb45233-d540-4e9c-992d-e7f26452f02e}, !- Availability Manager List Name
  autosize,                               !- Design Supply Air Flow Rate {m3/s}
  1,                                      !- Design Return Air Flow Fraction of Supply Air Flow
  ,                                       !- Branch List Name
  ,                                       !- Connector List Name
  {bf40e291-a642-4948-8764-a85ebd4bd3fc}, !- Supply Side Inlet Node Name
  {09fd59db-1893-4c77-b03e-82962c468488}, !- Demand Side Outlet Node Name
  {3d0fde15-7af6-4bba-982f-36553f98a670}, !- Demand Side Inlet Node A
  {7b255c8a-b927-44ab-bb62-cd365f5eab24}, !- Supply Side Outlet Node A
  ,                                       !- Demand Side Inlet Node B
  ,                                       !- Supply Side Outlet Node B
  ,                                       !- Return Air Bypass Flow Temperature Setpoint Schedule Name
  {61174f9c-996b-41de-bba1-9d57ecb22081}, !- Demand Mixer Name
  {1a40e9a9-7c5d-4795-a5d5-c5e4a262e0e0}, !- Demand Splitter A Name
  ,                                       !- Demand Splitter B Name
  ;                                       !- Supply Splitter Name

OS:Node,
  {754b30ee-19a8-40d6-968b-0aac859c3c9b}, !- Handle
  Zone South Perimeter Space - Story ground PSZ-AC Supply Inlet Node, !- Name
  {bf40e291-a642-4948-8764-a85ebd4bd3fc}, !- Inlet Port
  {b0e187f4-9a17-47f5-b89f-33d1e644149d}; !- Outlet Port

OS:Node,
  {9afb1671-d6d2-42b5-8d3a-6010497a4de6}, !- Handle
  Zone South Perimeter Space - Story ground PSZ-AC Supply Outlet Node, !- Name
  {2aa2be9c-80d0-497e-a02b-a69e823aec0b}, !- Inlet Port
  {7b255c8a-b927-44ab-bb62-cd365f5eab24}; !- Outlet Port

OS:Connection,
  {bf40e291-a642-4948-8764-a85ebd4bd3fc}, !- Handle
  {31ef6492-dc0a-457e-9ca4-3b8399143e2b}, !- Source Object
  9,                                      !- Outlet Port
  {754b30ee-19a8-40d6-968b-0aac859c3c9b}, !- Target Object
  2;                                      !- Inlet Port

OS:Connection,
  {7b255c8a-b927-44ab-bb62-cd365f5eab24}, !- Handle
  {9afb1671-d6d2-42b5-8d3a-6010497a4de6}, !- Source Object
  3,                                      !- Outlet Port
  {31ef6492-dc0a-457e-9ca4-3b8399143e2b}, !- Target Object
  12;                                     !- Inlet Port

OS:Node,
  {1655f75d-376f-42c8-a3a8-28743d4b66ab}, !- Handle
  Zone South Perimeter Space - Story ground PSZ-AC Demand Inlet Node, !- Name
  {3d0fde15-7af6-4bba-982f-36553f98a670}, !- Inlet Port
  {c1d6e4f1-7cb5-4d87-b2fb-06ea4ad5fe6b}; !- Outlet Port

OS:Node,
  {6098bbd6-8806-4196-b33e-6a5f1ae8f014}, !- Handle
  Zone South Perimeter Space - Story ground PSZ-AC Demand Outlet Node, !- Name
  {339966e0-368d-48b2-84f7-c8b56fee4896}, !- Inlet Port
  {09fd59db-1893-4c77-b03e-82962c468488}; !- Outlet Port

OS:Node,
  {17f5aa2c-b1fd-4955-907f-b9d73105c0bb}, !- Handle
  Zone South Perimeter Space - Story ground PSZ-AC Diffuser Outlet Air Node, !- Name
  {b9704432-d7f7-4b84-8865-bb0d4ccf837d}, !- Inlet Port
  {2b3dc160-d4b2-424a-9f40-088a7d885285}; !- Outlet Port

OS:Connection,
  {3d0fde15-7af6-4bba-982f-36553f98a670}, !- Handle
  {31ef6492-dc0a-457e-9ca4-3b8399143e2b}, !- Source Object
  11,                                     !- Outlet Port
  {1655f75d-376f-42c8-a3a8-28743d4b66ab}, !- Target Object
  2;                                      !- Inlet Port

OS:Connection,
  {09fd59db-1893-4c77-b03e-82962c468488}, !- Handle
  {6098bbd6-8806-4196-b33e-6a5f1ae8f014}, !- Source Object
  3,                                      !- Outlet Port
  {31ef6492-dc0a-457e-9ca4-3b8399143e2b}, !- Target Object
  10;                                     !- Inlet Port

OS:AirLoopHVAC:ZoneSplitter,
  {1a40e9a9-7c5d-4795-a5d5-c5e4a262e0e0}, !- Handle
  Air Loop HVAC Zone Splitter 4,          !- Name
  {c1d6e4f1-7cb5-4d87-b2fb-06ea4ad5fe6b}, !- Inlet Node Name
  {a1d6233c-2048-4965-bfff-fc9ee088cbe4}; !- Outlet Node Name 1

OS:AirLoopHVAC:ZoneMixer,
  {61174f9c-996b-41de-bba1-9d57ecb22081}, !- Handle
  Air Loop HVAC Zone Mixer 4,             !- Name
  {339966e0-368d-48b2-84f7-c8b56fee4896}, !- Outlet Node Name
  {0327b5b7-f55a-4f52-8e27-068eef4da9d8}; !- Inlet Node Name 1

OS:Connection,
  {c1d6e4f1-7cb5-4d87-b2fb-06ea4ad5fe6b}, !- Handle
  {1655f75d-376f-42c8-a3a8-28743d4b66ab}, !- Source Object
  3,                                      !- Outlet Port
  {1a40e9a9-7c5d-4795-a5d5-c5e4a262e0e0}, !- Target Object
  2;                                      !- Inlet Port

OS:Connection,
  {339966e0-368d-48b2-84f7-c8b56fee4896}, !- Handle
  {61174f9c-996b-41de-bba1-9d57ecb22081}, !- Source Object
  2,                                      !- Outlet Port
  {6098bbd6-8806-4196-b33e-6a5f1ae8f014}, !- Target Object
  2;                                      !- Inlet Port

OS:Sizing:System,
  {056f09c4-5a95-4367-a335-f0693badc3ab}, !- Handle
  {31ef6492-dc0a-457e-9ca4-3b8399143e2b}, !- AirLoop Name
  Sensible,                               !- Type of Load to Size On
  Autosize,                               !- Design Outdoor Air Flow Rate {m3/s}
  1,                                      !- Central Heating Maximum System Air Flow Ratio
  7.22222222222229,                       !- Preheat Design Temperature {C}
  0.008,                                  !- Preheat Design Humidity Ratio {kg-H2O/kg-Air}
  12.7777777777778,                       !- Precool Design Temperature {C}
  0.008,                                  !- Precool Design Humidity Ratio {kg-H2O/kg-Air}
  12.7777777777778,                       !- Central Cooling Design Supply Air Temperature {C}
  50.0000000000001,                       !- Central Heating Design Supply Air Temperature {C}
  Coincident,                             !- Sizing Option
  No,                                     !- 100% Outdoor Air in Cooling
  No,                                     !- 100% Outdoor Air in Heating
  0.0085,                                 !- Central Cooling Design Supply Air Humidity Ratio {kg-H2O/kg-Air}
  0.008,                                  !- Central Heating Design Supply Air Humidity Ratio {kg-H2O/kg-Air}
  DesignDay,                              !- Cooling Design Air Flow Method
  ,                                       !- Cooling Design Air Flow Rate {m3/s}
  DesignDay,                              !- Heating Design Air Flow Method
  ,                                       !- Heating Design Air Flow Rate {m3/s}
  ZoneSum,                                !- System Outdoor Air Method
  1,                                      !- Zone Maximum Outdoor Air Fraction {dimensionless}
  0.0099676501,                           !- Cooling Supply Air Flow Rate Per Floor Area {m3/s-m2}
  1,                                      !- Cooling Fraction of Autosized Cooling Supply Air Flow Rate
  3.9475456e-05,                          !- Cooling Supply Air Flow Rate Per Unit Cooling Capacity {m3/s-W}
  0.0099676501,                           !- Heating Supply Air Flow Rate Per Floor Area {m3/s-m2}
  1,                                      !- Heating Fraction of Autosized Heating Supply Air Flow Rate
  1,                                      !- Heating Fraction of Autosized Cooling Supply Air Flow Rate
  3.1588213e-05,                          !- Heating Supply Air Flow Rate Per Unit Heating Capacity {m3/s-W}
  CoolingDesignCapacity,                  !- Cooling Design Capacity Method
  autosize,                               !- Cooling Design Capacity {W}
  234.7,                                  !- Cooling Design Capacity Per Floor Area {W/m2}
  1,                                      !- Fraction of Autosized Cooling Design Capacity
  HeatingDesignCapacity,                  !- Heating Design Capacity Method
  autosize,                               !- Heating Design Capacity {W}
  157,                                    !- Heating Design Capacity Per Floor Area {W/m2}
  1,                                      !- Fraction of Autosized Heating Design Capacity
  OnOff,                                  !- Central Cooling Capacity Control Method
  autosize,                               !- Occupant Diversity
  None,                                   !- Heating Coil Sizing Method
  1;                                      !- Maximum Heating Capacity To Cooling Capacity Sizing Ratio {W/W}

OS:AvailabilityManagerAssignmentList,
  {4cb45233-d540-4e9c-992d-e7f26452f02e}, !- Handle
  Air Loop HVAC 1 AvailabilityManagerAssignmentList 3, !- Name
  {2e05212c-8137-423e-bbb3-76403bacdfb7}; !- Availability Manager Name 1

OS:SetpointManager:SingleZone:Reheat,
  {d0785dd2-8b82-4bd9-99d2-391604496eef}, !- Handle
  Zone South Perimeter Space - Story ground Setpoint Manager SZ Reheat, !- Name
  12.7777777777778,                       !- Minimum Supply Air Temperature {C}
  50.0000000000001,                       !- Maximum Supply Air Temperature {C}
  {2133983a-e10b-473b-a12d-6e7d0b1ca7a9}, !- Control Zone Name
  {9afb1671-d6d2-42b5-8d3a-6010497a4de6}; !- Setpoint Node or NodeList Name

OS:Coil:Heating:Gas,
  {557a6982-42f1-4425-94fa-3e7268ebe02e}, !- Handle
  Zone South Perimeter Space - Story ground PSZ-AC Gas Htg Coil 30kBtu/hr 0.8 Thermal Eff, !- Name
  {775f3104-620f-4148-b791-a62bdc07ea2b}, !- Availability Schedule Name
  0.8,                                    !- Gas Burner Efficiency
  AutoSize,                               !- Nominal Capacity {W}
  ,                                       !- Air Inlet Node Name
  ,                                       !- Air Outlet Node Name
  ,                                       !- Temperature Setpoint Node Name
  0,                                      !- On Cycle Parasitic Electric Load {W}
  ,                                       !- Part Load Fraction Correlation Curve Name
  0;                                      !- Off Cycle Parasitic Gas Load {W}

OS:Coil:Heating:Electric,
  {4dca891c-c0c5-477c-b6b6-2bd77d49feec}, !- Handle
  Zone South Perimeter Space - Story ground PSZ-AC No Heat, !- Name
  {ac82d9ed-5c5c-404d-b6b8-78361a5e7e07}, !- Availability Schedule Name
  1,                                      !- Efficiency
  0,                                      !- Nominal Capacity {W}
  ,                                       !- Air Inlet Node Name
  ;                                       !- Air Outlet Node Name

OS:Coil:Cooling:DX:SingleSpeed,
  {4892b466-6c83-4ea4-b958-fe1612e005b9}, !- Handle
  Zone South Perimeter Space - Story ground PSZ-AC 1spd DX AC Clg Coil 13kBtu/hr 9.7SEER, !- Name
  {775f3104-620f-4148-b791-a62bdc07ea2b}, !- Availability Schedule Name
  autosize,                               !- Rated Total Cooling Capacity {W}
  autosize,                               !- Rated Sensible Heat Ratio
  2.967036,                               !- Rated COP {W/W}
  autosize,                               !- Rated Air Flow Rate {m3/s}
  773.3,                                  !- Rated Evaporator Fan Power Per Volume Flow Rate 2017 {W/(m3/s)}
  934.4,                                  !- Rated Evaporator Fan Power Per Volume Flow Rate 2023 {W/(m3/s)}
  ,                                       !- Air Inlet Node Name
  ,                                       !- Air Outlet Node Name
  {71a47608-0937-4280-bc08-ec1749350bd1}, !- Total Cooling Capacity Function of Temperature Curve Name
  {ad4e8922-216a-400b-a3d8-86b81d60ee8d}, !- Total Cooling Capacity Function of Flow Fraction Curve Name
  {356fda61-b431-44f5-93e7-66eb51d6a06b}, !- Energy Input Ratio Function of Temperature Curve Name
  {5b322672-1040-412e-b80b-6fb7550b2100}, !- Energy Input Ratio Function of Flow Fraction Curve Name
  {b89866ac-924a-4154-8c93-19c56439f234}, !- Part Load Fraction Correlation Curve Name
  -25,                                    !- Minimum Outdoor Dry-Bulb Temperature for Compressor Operation {C}
  0,                                      !- Nominal Time for Condensate Removal to Begin {s}
  0,                                      !- Ratio of Initial Moisture Evaporation Rate and Steady State Latent Capacity {dimensionless}
  0,                                      !- Maximum Cycling Rate {cycles/hr}
  0,                                      !- Latent Capacity Time Constant {s}
  ,                                       !- Condenser Air Inlet Node Name
  AirCooled,                              !- Condenser Type
  0.9,                                    !- Evaporative Condenser Effectiveness {dimensionless}
  autosize,                               !- Evaporative Condenser Air Flow Rate {m3/s}
  autosize,                               !- Evaporative Condenser Pump Rated Power Consumption {W}
  0,                                      !- Crankcase Heater Capacity {W}
  ,                                       !- Crankcase Heater Capacity Function of Temperature Curve Name
  10,                                     !- Maximum Outdoor Dry-Bulb Temperature for Crankcase Heater Operation {C}
  ,                                       !- Supply Water Storage Tank Name
  ,                                       !- Condensate Collection Water Storage Tank Name
  0,                                      !- Basin Heater Capacity {W/K}
  2;                                      !- Basin Heater Setpoint Temperature {C}

OS:Fan:OnOff,
  {2d9e2855-2e64-411b-a6de-7e34624a3fa1}, !- Handle
  Zone South Perimeter Space - Story ground PSZ-AC Fan, !- Name
  {775f3104-620f-4148-b791-a62bdc07ea2b}, !- Availability Schedule Name
  0.53625,                                !- Fan Total Efficiency
  622.722275,                             !- Pressure Rise {Pa}
  autosize,                               !- Maximum Flow Rate {m3/s}
  0.825,                                  !- Motor Efficiency
  1,                                      !- Motor In Airstream Fraction
  ,                                       !- Air Inlet Node Name
  ,                                       !- Air Outlet Node Name
  {363c7c42-4c06-4843-8143-3c9ffe18c61a}, !- Fan Power Ratio Function of Speed Ratio Curve Name
  {66a40dbb-2893-4340-ad26-7b22ef5c19be}, !- Fan Efficiency Ratio Function of Speed Ratio Curve Name
  ;                                       !- End-Use Subcategory

OS:Curve:Exponent,
  {363c7c42-4c06-4843-8143-3c9ffe18c61a}, !- Handle
  Fan On Off Power Curve 3,               !- Name
  1,                                      !- Coefficient1 Constant
  0,                                      !- Coefficient2 Constant
  0,                                      !- Coefficient3 Constant
  0,                                      !- Minimum Value of x
  1,                                      !- Maximum Value of x
  ,                                       !- Minimum Curve Output
  ,                                       !- Maximum Curve Output
  ,                                       !- Input Unit Type for X
  ;                                       !- Output Unit Type

OS:Curve:Cubic,
  {66a40dbb-2893-4340-ad26-7b22ef5c19be}, !- Handle
  Fan On Off Efficiency Curve 3,          !- Name
  1,                                      !- Coefficient1 Constant
  0,                                      !- Coefficient2 x
  0,                                      !- Coefficient3 x**2
  0,                                      !- Coefficient4 x**3
  0,                                      !- Minimum Value of x
  1;                                      !- Maximum Value of x

OS:AirLoopHVAC:UnitarySystem,
  {19535198-40c3-40d6-9621-9b30f17395fb}, !- Handle
  Zone South Perimeter Space - Story ground PSZ-AC Unitary AC, !- Name
  Load,                                   !- Control Type
  {2133983a-e10b-473b-a12d-6e7d0b1ca7a9}, !- Controlling Zone or Thermostat Location
  None,                                   !- Dehumidification Control Type
  {775f3104-620f-4148-b791-a62bdc07ea2b}, !- Availability Schedule Name
  {685ab038-9244-433d-94e4-3ee9cfb2b4bf}, !- Air Inlet Node Name
  {2aa2be9c-80d0-497e-a02b-a69e823aec0b}, !- Air Outlet Node Name
  {2d9e2855-2e64-411b-a6de-7e34624a3fa1}, !- Supply Fan Name
  DrawThrough,                            !- Fan Placement
  {9d1c97da-a3fb-4ecf-991b-a1b253de3cba}, !- Supply Air Fan Operating Mode Schedule Name
  {557a6982-42f1-4425-94fa-3e7268ebe02e}, !- Heating Coil Name
  1,                                      !- DX Heating Coil Sizing Ratio
  {4892b466-6c83-4ea4-b958-fe1612e005b9}, !- Cooling Coil Name
  No,                                     !- Use DOAS DX Cooling Coil
  2,                                      !- DOAS DX Cooling Coil Leaving Minimum Air Temperature {C}
  SensibleOnlyLoadControl,                !- Latent Load Control
  {4dca891c-c0c5-477c-b6b6-2bd77d49feec}, !- Supplemental Heating Coil Name
  SupplyAirFlowRate,                      !- Supply Air Flow Rate Method During Cooling Operation
  Autosize,                               !- Supply Air Flow Rate During Cooling Operation {m3/s}
  ,                                       !- Supply Air Flow Rate Per Floor Area During Cooling Operation {m3/s-m2}
  ,                                       !- Fraction of Autosized Design Cooling Supply Air Flow Rate
  ,                                       !- Design Supply Air Flow Rate Per Unit of Capacity During Cooling Operation {m3/s-W}
  SupplyAirFlowRate,                      !- Supply Air Flow Rate Method During Heating Operation
  Autosize,                               !- Supply Air Flow Rate During Heating Operation {m3/s}
  ,                                       !- Supply Air Flow Rate Per Floor Area during Heating Operation {m3/s-m2}
  ,                                       !- Fraction of Autosized Design Heating Supply Air Flow Rate
  ,                                       !- Design Supply Air Flow Rate Per Unit of Capacity During Heating Operation {m3/s-W}
  None,                                   !- Supply Air Flow Rate Method When No Cooling or Heating is Required
  ,                                       !- Supply Air Flow Rate When No Cooling or Heating is Required {m3/s}
  ,                                       !- Supply Air Flow Rate Per Floor Area When No Cooling or Heating is Required {m3/s-m2}
  ,                                       !- Fraction of Autosized Design Cooling Supply Air Flow Rate When No Cooling or Heating is Required
  ,                                       !- Fraction of Autosized Design Heating Supply Air Flow Rate When No Cooling or Heating is Required
  ,                                       !- Design Supply Air Flow Rate Per Unit of Capacity During Cooling Operation When No Cooling or Heating is Required {m3/s-W}
  ,                                       !- Design Supply Air Flow Rate Per Unit of Capacity During Heating Operation When No Cooling or Heating is Required {m3/s-W}
  Yes,                                    !- No Load Supply Air Flow Rate Control Set To Low Speed
  80,                                     !- Maximum Supply Air Temperature {C}
  21,                                     !- Maximum Outdoor Dry-Bulb Temperature for Supplemental Heater Operation {C}
  ,                                       !- Outdoor Dry-Bulb Temperature Sensor Node Name
  0,                                      !- Ancilliary On-Cycle Electric Power {W}
  0;                                      !- Ancilliary Off-Cycle Electric Power {W}

OS:Connection,
  {2aa2be9c-80d0-497e-a02b-a69e823aec0b}, !- Handle
  {19535198-40c3-40d6-9621-9b30f17395fb}, !- Source Object
  7,                                      !- Outlet Port
  {9afb1671-d6d2-42b5-8d3a-6010497a4de6}, !- Target Object
  2;                                      !- Inlet Port

OS:Controller:OutdoorAir,
  {7f4820e6-e090-4b60-a1f9-a7b84f2ca450}, !- Handle
  Zone South Perimeter Space - Story ground PSZ-AC OA System Controller, !- Name
  ,                                       !- Relief Air Outlet Node Name
  ,                                       !- Return Air Node Name
  ,                                       !- Mixed Air Node Name
  ,                                       !- Actuator Node Name
  autosize,                               !- Minimum Outdoor Air Flow Rate {m3/s}
  Autosize,                               !- Maximum Outdoor Air Flow Rate {m3/s}
  NoEconomizer,                           !- Economizer Control Type
  ModulateFlow,                           !- Economizer Control Action Type
  28,                                     !- Economizer Maximum Limit Dry-Bulb Temperature {C}
  64000,                                  !- Economizer Maximum Limit Enthalpy {J/kg}
  ,                                       !- Economizer Maximum Limit Dewpoint Temperature {C}
  ,                                       !- Electronic Enthalpy Limit Curve Name
  ,                                       !- Economizer Minimum Limit Dry-Bulb Temperature {C}
  LockoutWithCompressor,                  !- Lockout Type
  FixedMinimum,                           !- Minimum Limit Type
  {775f3104-620f-4148-b791-a62bdc07ea2b}, !- Minimum Outdoor Air Schedule Name
  ,                                       !- Minimum Fraction of Outdoor Air Schedule Name
  {348cb8f8-fff4-482b-82f0-c5f207ef7427}, !- Maximum Fraction of Outdoor Air Schedule Name
  {b8c89bfb-e97e-4ffe-b461-c59c5838bb25}, !- Controller Mechanical Ventilation
  ,                                       !- Time of Day Economizer Control Schedule Name
  No,                                     !- High Humidity Control
  ,                                       !- Humidistat Control Zone Name
  1,                                      !- High Humidity Outdoor Air Flow Ratio
  Yes,                                    !- Control High Indoor Humidity Based on Outdoor Humidity Ratio
  BypassWhenWithinEconomizerLimits,       !- Heat Recovery Bypass Control Type
  InterlockedWithMechanicalCooling;       !- Economizer Operation Staging

OS:Controller:MechanicalVentilation,
  {b8c89bfb-e97e-4ffe-b461-c59c5838bb25}, !- Handle
  Controller Mechanical Ventilation 4,    !- Name
  {775f3104-620f-4148-b791-a62bdc07ea2b}, !- Availability Schedule
  ,                                       !- Demand Controlled Ventilation
  ;                                       !- System Outdoor Air Method

OS:AirLoopHVAC:OutdoorAirSystem,
  {d30fa211-89fa-4e13-ab89-5654486a40b8}, !- Handle
  Zone South Perimeter Space - Story ground PSZ-AC OA System, !- Name
  {7f4820e6-e090-4b60-a1f9-a7b84f2ca450}, !- Controller Name
  ,                                       !- Outdoor Air Equipment List Name
  ,                                       !- Availability Manager List Name
  {8bc9c62f-c89d-4c78-8d0f-19601c956bb3}, !- Mixed Air Node Name
  {811fec48-abeb-479d-904d-d2110a761587}, !- Outdoor Air Stream Node Name
  {c6e7a8d6-65a4-4d1e-8b35-7d1fc1dc8a5c}, !- Relief Air Stream Node Name
  {b0e187f4-9a17-47f5-b89f-33d1e644149d}; !- Return Air Stream Node Name

OS:Node,
  {34ed6c25-59bf-464b-a5e0-ff1fe8e74d25}, !- Handle
  Zone South Perimeter Space - Story ground PSZ-AC Outdoor Air Node, !- Name
  ,                                       !- Inlet Port
  {811fec48-abeb-479d-904d-d2110a761587}; !- Outlet Port

OS:Connection,
  {811fec48-abeb-479d-904d-d2110a761587}, !- Handle
  {34ed6c25-59bf-464b-a5e0-ff1fe8e74d25}, !- Source Object
  3,                                      !- Outlet Port
  {d30fa211-89fa-4e13-ab89-5654486a40b8}, !- Target Object
  6;                                      !- Inlet Port

OS:Node,
  {077f6d0d-6bed-46d2-8221-f2680717b405}, !- Handle
  Zone South Perimeter Space - Story ground PSZ-AC Relief Air Node, !- Name
  {c6e7a8d6-65a4-4d1e-8b35-7d1fc1dc8a5c}, !- Inlet Port
  ;                                       !- Outlet Port

OS:Connection,
  {c6e7a8d6-65a4-4d1e-8b35-7d1fc1dc8a5c}, !- Handle
  {d30fa211-89fa-4e13-ab89-5654486a40b8}, !- Source Object
  7,                                      !- Outlet Port
  {077f6d0d-6bed-46d2-8221-f2680717b405}, !- Target Object
  2;                                      !- Inlet Port

OS:Node,
  {72f9278c-5936-42e1-af97-225d124779bd}, !- Handle
  Zone South Perimeter Space - Story ground PSZ-AC Mixed Air Node, !- Name
  {8bc9c62f-c89d-4c78-8d0f-19601c956bb3}, !- Inlet Port
  {685ab038-9244-433d-94e4-3ee9cfb2b4bf}; !- Outlet Port

OS:Connection,
  {b0e187f4-9a17-47f5-b89f-33d1e644149d}, !- Handle
  {754b30ee-19a8-40d6-968b-0aac859c3c9b}, !- Source Object
  3,                                      !- Outlet Port
  {d30fa211-89fa-4e13-ab89-5654486a40b8}, !- Target Object
  8;                                      !- Inlet Port

OS:Connection,
  {8bc9c62f-c89d-4c78-8d0f-19601c956bb3}, !- Handle
  {d30fa211-89fa-4e13-ab89-5654486a40b8}, !- Source Object
  5,                                      !- Outlet Port
  {72f9278c-5936-42e1-af97-225d124779bd}, !- Target Object
  2;                                      !- Inlet Port

OS:Connection,
  {685ab038-9244-433d-94e4-3ee9cfb2b4bf}, !- Handle
  {72f9278c-5936-42e1-af97-225d124779bd}, !- Source Object
  3,                                      !- Outlet Port
  {19535198-40c3-40d6-9621-9b30f17395fb}, !- Target Object
  6;                                      !- Inlet Port

OS:AvailabilityManager:NightCycle,
  {2e05212c-8137-423e-bbb3-76403bacdfb7}, !- Handle
  Availability Manager Night Cycle 4,     !- Name
  {775f3104-620f-4148-b791-a62bdc07ea2b}, !- Applicability Schedule
  ,                                       !- Fan Schedule
  CycleOnAny,                             !- Control Type
  1.9999,                                 !- Thermostat Tolerance {deltaC}
  Thermostat,                             !- Cycling Run Time Control Type
  1800,                                   !- Cycling Run Time {s}
  {fb768452-73d6-417c-92d6-116a2ee06908}, !- Control Zone or Zone List Name
  {8b31eb0b-b1fe-4284-aeb6-5179edaf96dc}, !- Cooling Control Zone or Zone List Name
  {02d6e6f8-c738-4e3e-8258-d2204fbe9622}, !- Heating Control Zone or Zone List Name
  {136b430f-0a8a-4b48-8a41-f7da249ab5b1}; !- Heating Zone Fans Only Zone or Zone List Name

OS:ModelObjectList,
  {fb768452-73d6-417c-92d6-116a2ee06908}, !- Handle
  Availability Manager Night Cycle 4 Control Zone List; !- Name

OS:ModelObjectList,
  {8b31eb0b-b1fe-4284-aeb6-5179edaf96dc}, !- Handle
  Availability Manager Night Cycle 4 Cooling Control Zone List; !- Name

OS:ModelObjectList,
  {02d6e6f8-c738-4e3e-8258-d2204fbe9622}, !- Handle
  Availability Manager Night Cycle 4 Heating Control Zone List; !- Name

OS:ModelObjectList,
  {136b430f-0a8a-4b48-8a41-f7da249ab5b1}, !- Handle
  Availability Manager Night Cycle 4 Heating Zone Fans Only Zone List; !- Name

OS:AirTerminal:SingleDuct:ConstantVolume:NoReheat,
  {670a2369-8a58-45b3-b106-cef9983a0e89}, !- Handle
  Zone South Perimeter Space - Story ground PSZ-AC Diffuser, !- Name
  {775f3104-620f-4148-b791-a62bdc07ea2b}, !- Availability Schedule Name
  {6dd88c41-7237-4eca-8ec2-caf3af7026c8}, !- Air Inlet Node Name
  {b9704432-d7f7-4b84-8865-bb0d4ccf837d}, !- Air Outlet Node Name
  AutoSize;                               !- Maximum Air Flow Rate {m3/s}

OS:Node,
  {6058418a-5d0d-4a5a-b231-6a1fd78a4a15}, !- Handle
  Zone South Perimeter Space - Story ground Return Air Node, !- Name
  {8fc6b778-dc7c-473a-bac2-465aecbccec0}, !- Inlet Port
  {0327b5b7-f55a-4f52-8e27-068eef4da9d8}; !- Outlet Port

OS:Connection,
  {2b3dc160-d4b2-424a-9f40-088a7d885285}, !- Handle
  {17f5aa2c-b1fd-4955-907f-b9d73105c0bb}, !- Source Object
  3,                                      !- Outlet Port
  {6510eda8-8a9c-455d-b369-145ce9a4ddc0}, !- Target Object
  2;                                      !- Inlet Port

OS:Connection,
  {8fc6b778-dc7c-473a-bac2-465aecbccec0}, !- Handle
  {a22efd5a-f6e7-4e5f-b8e5-5b03eb172a16}, !- Source Object
  2,                                      !- Outlet Port
  {6058418a-5d0d-4a5a-b231-6a1fd78a4a15}, !- Target Object
  2;                                      !- Inlet Port

OS:Connection,
  {0327b5b7-f55a-4f52-8e27-068eef4da9d8}, !- Handle
  {6058418a-5d0d-4a5a-b231-6a1fd78a4a15}, !- Source Object
  3,                                      !- Outlet Port
  {61174f9c-996b-41de-bba1-9d57ecb22081}, !- Target Object
  3;                                      !- Inlet Port

OS:Node,
  {755ca747-5212-428f-85c8-95ed61e73670}, !- Handle
  Zone South Perimeter Space - Story ground PSZ-AC Diffuser Inlet Air Node, !- Name
  {a1d6233c-2048-4965-bfff-fc9ee088cbe4}, !- Inlet Port
  {6dd88c41-7237-4eca-8ec2-caf3af7026c8}; !- Outlet Port

OS:Connection,
  {a1d6233c-2048-4965-bfff-fc9ee088cbe4}, !- Handle
  {1a40e9a9-7c5d-4795-a5d5-c5e4a262e0e0}, !- Source Object
  3,                                      !- Outlet Port
  {755ca747-5212-428f-85c8-95ed61e73670}, !- Target Object
  2;                                      !- Inlet Port

OS:Connection,
  {6dd88c41-7237-4eca-8ec2-caf3af7026c8}, !- Handle
  {755ca747-5212-428f-85c8-95ed61e73670}, !- Source Object
  3,                                      !- Outlet Port
  {670a2369-8a58-45b3-b106-cef9983a0e89}, !- Target Object
  3;                                      !- Inlet Port

OS:Connection,
  {b9704432-d7f7-4b84-8865-bb0d4ccf837d}, !- Handle
  {670a2369-8a58-45b3-b106-cef9983a0e89}, !- Source Object
  4,                                      !- Outlet Port
  {17f5aa2c-b1fd-4955-907f-b9d73105c0bb}, !- Target Object
  2;                                      !- Inlet Port

OS:AirLoopHVAC,
  {1f9137d5-c694-417d-8e30-688d6eaa56de}, !- Handle
  Zone West Perimeter Space - Story ground PSZ-AC, !- Name
  ,                                       !- Controller List Name
  {583c26b1-bdc7-406b-ad0c-6ebea56ef1c7}, !- Availability Schedule
  {4f7b4698-d735-409f-8381-988d3a46e4ce}, !- Availability Manager List Name
  autosize,                               !- Design Supply Air Flow Rate {m3/s}
  1,                                      !- Design Return Air Flow Fraction of Supply Air Flow
  ,                                       !- Branch List Name
  ,                                       !- Connector List Name
  {8d08f561-1654-42d1-a06d-78c7cbd76dc8}, !- Supply Side Inlet Node Name
  {42ae4894-6c51-47dd-9b28-5eef26785d40}, !- Demand Side Outlet Node Name
  {fa2fe606-c62e-464e-99d0-92490a0b15e3}, !- Demand Side Inlet Node A
  {4eafb0c5-771d-4f23-a6bd-79ff6ae99fe0}, !- Supply Side Outlet Node A
  ,                                       !- Demand Side Inlet Node B
  ,                                       !- Supply Side Outlet Node B
  ,                                       !- Return Air Bypass Flow Temperature Setpoint Schedule Name
  {cbf08c8c-e464-4ca9-bfca-fb58baaca411}, !- Demand Mixer Name
  {2bcac958-aa09-43a3-aa19-bd754f7858e2}, !- Demand Splitter A Name
  ,                                       !- Demand Splitter B Name
  ;                                       !- Supply Splitter Name

OS:Node,
  {e0aef5e3-4fd6-4890-a7fc-12ebe05a2461}, !- Handle
  Zone West Perimeter Space - Story ground PSZ-AC Supply Inlet Node, !- Name
  {8d08f561-1654-42d1-a06d-78c7cbd76dc8}, !- Inlet Port
  {cfe67d8a-a617-47d7-9798-14d0e37adb18}; !- Outlet Port

OS:Node,
  {b2bcf050-dc0e-49ab-aff4-f96af7a1d2be}, !- Handle
  Zone West Perimeter Space - Story ground PSZ-AC Supply Outlet Node, !- Name
  {79e30bee-d572-46bd-844e-014f091021c0}, !- Inlet Port
  {4eafb0c5-771d-4f23-a6bd-79ff6ae99fe0}; !- Outlet Port

OS:Connection,
  {8d08f561-1654-42d1-a06d-78c7cbd76dc8}, !- Handle
  {1f9137d5-c694-417d-8e30-688d6eaa56de}, !- Source Object
  9,                                      !- Outlet Port
  {e0aef5e3-4fd6-4890-a7fc-12ebe05a2461}, !- Target Object
  2;                                      !- Inlet Port

OS:Connection,
  {4eafb0c5-771d-4f23-a6bd-79ff6ae99fe0}, !- Handle
  {b2bcf050-dc0e-49ab-aff4-f96af7a1d2be}, !- Source Object
  3,                                      !- Outlet Port
  {1f9137d5-c694-417d-8e30-688d6eaa56de}, !- Target Object
  12;                                     !- Inlet Port

OS:Node,
  {5dfd509a-d205-4444-b41f-9324bc39836d}, !- Handle
  Zone West Perimeter Space - Story ground PSZ-AC Demand Inlet Node, !- Name
  {fa2fe606-c62e-464e-99d0-92490a0b15e3}, !- Inlet Port
  {25fe49ff-370f-4e1b-a3c9-f08d2a0d2a98}; !- Outlet Port

OS:Node,
  {5c49d1ba-a04a-40b4-ba47-235f8a5f8a33}, !- Handle
  Zone West Perimeter Space - Story ground PSZ-AC Demand Outlet Node, !- Name
  {2dba5133-1141-42e8-8fb4-f5337995ff79}, !- Inlet Port
  {42ae4894-6c51-47dd-9b28-5eef26785d40}; !- Outlet Port

OS:Node,
  {9387003e-5adf-4da8-bc03-e38a4b7d1688}, !- Handle
  Zone West Perimeter Space - Story ground PSZ-AC Diffuser Outlet Air Node, !- Name
  {d7a81034-a88e-4b52-a4ca-b75bc5051fd8}, !- Inlet Port
  {8011417f-00b1-483d-96c3-b1e140ef2acb}; !- Outlet Port

OS:Connection,
  {fa2fe606-c62e-464e-99d0-92490a0b15e3}, !- Handle
  {1f9137d5-c694-417d-8e30-688d6eaa56de}, !- Source Object
  11,                                     !- Outlet Port
  {5dfd509a-d205-4444-b41f-9324bc39836d}, !- Target Object
  2;                                      !- Inlet Port

OS:Connection,
  {42ae4894-6c51-47dd-9b28-5eef26785d40}, !- Handle
  {5c49d1ba-a04a-40b4-ba47-235f8a5f8a33}, !- Source Object
  3,                                      !- Outlet Port
  {1f9137d5-c694-417d-8e30-688d6eaa56de}, !- Target Object
  10;                                     !- Inlet Port

OS:AirLoopHVAC:ZoneSplitter,
  {2bcac958-aa09-43a3-aa19-bd754f7858e2}, !- Handle
  Air Loop HVAC Zone Splitter 5,          !- Name
  {25fe49ff-370f-4e1b-a3c9-f08d2a0d2a98}, !- Inlet Node Name
  {b102f33b-a4cd-42de-84f1-ac83518ab7a5}; !- Outlet Node Name 1

OS:AirLoopHVAC:ZoneMixer,
  {cbf08c8c-e464-4ca9-bfca-fb58baaca411}, !- Handle
  Air Loop HVAC Zone Mixer 5,             !- Name
  {2dba5133-1141-42e8-8fb4-f5337995ff79}, !- Outlet Node Name
  {5d187057-f458-4cd7-93aa-bb4adbac421e}; !- Inlet Node Name 1

OS:Connection,
  {25fe49ff-370f-4e1b-a3c9-f08d2a0d2a98}, !- Handle
  {5dfd509a-d205-4444-b41f-9324bc39836d}, !- Source Object
  3,                                      !- Outlet Port
  {2bcac958-aa09-43a3-aa19-bd754f7858e2}, !- Target Object
  2;                                      !- Inlet Port

OS:Connection,
  {2dba5133-1141-42e8-8fb4-f5337995ff79}, !- Handle
  {cbf08c8c-e464-4ca9-bfca-fb58baaca411}, !- Source Object
  2,                                      !- Outlet Port
  {5c49d1ba-a04a-40b4-ba47-235f8a5f8a33}, !- Target Object
  2;                                      !- Inlet Port

OS:Sizing:System,
  {1a63fdb4-3d3d-48fe-82b7-05a3438941eb}, !- Handle
  {1f9137d5-c694-417d-8e30-688d6eaa56de}, !- AirLoop Name
  Sensible,                               !- Type of Load to Size On
  Autosize,                               !- Design Outdoor Air Flow Rate {m3/s}
  1,                                      !- Central Heating Maximum System Air Flow Ratio
  7.22222222222229,                       !- Preheat Design Temperature {C}
  0.008,                                  !- Preheat Design Humidity Ratio {kg-H2O/kg-Air}
  12.7777777777778,                       !- Precool Design Temperature {C}
  0.008,                                  !- Precool Design Humidity Ratio {kg-H2O/kg-Air}
  12.7777777777778,                       !- Central Cooling Design Supply Air Temperature {C}
  50.0000000000001,                       !- Central Heating Design Supply Air Temperature {C}
  Coincident,                             !- Sizing Option
  No,                                     !- 100% Outdoor Air in Cooling
  No,                                     !- 100% Outdoor Air in Heating
  0.0085,                                 !- Central Cooling Design Supply Air Humidity Ratio {kg-H2O/kg-Air}
  0.008,                                  !- Central Heating Design Supply Air Humidity Ratio {kg-H2O/kg-Air}
  DesignDay,                              !- Cooling Design Air Flow Method
  ,                                       !- Cooling Design Air Flow Rate {m3/s}
  DesignDay,                              !- Heating Design Air Flow Method
  ,                                       !- Heating Design Air Flow Rate {m3/s}
  ZoneSum,                                !- System Outdoor Air Method
  1,                                      !- Zone Maximum Outdoor Air Fraction {dimensionless}
  0.0099676501,                           !- Cooling Supply Air Flow Rate Per Floor Area {m3/s-m2}
  1,                                      !- Cooling Fraction of Autosized Cooling Supply Air Flow Rate
  3.9475456e-05,                          !- Cooling Supply Air Flow Rate Per Unit Cooling Capacity {m3/s-W}
  0.0099676501,                           !- Heating Supply Air Flow Rate Per Floor Area {m3/s-m2}
  1,                                      !- Heating Fraction of Autosized Heating Supply Air Flow Rate
  1,                                      !- Heating Fraction of Autosized Cooling Supply Air Flow Rate
  3.1588213e-05,                          !- Heating Supply Air Flow Rate Per Unit Heating Capacity {m3/s-W}
  CoolingDesignCapacity,                  !- Cooling Design Capacity Method
  autosize,                               !- Cooling Design Capacity {W}
  234.7,                                  !- Cooling Design Capacity Per Floor Area {W/m2}
  1,                                      !- Fraction of Autosized Cooling Design Capacity
  HeatingDesignCapacity,                  !- Heating Design Capacity Method
  autosize,                               !- Heating Design Capacity {W}
  157,                                    !- Heating Design Capacity Per Floor Area {W/m2}
  1,                                      !- Fraction of Autosized Heating Design Capacity
  OnOff,                                  !- Central Cooling Capacity Control Method
  autosize,                               !- Occupant Diversity
  None,                                   !- Heating Coil Sizing Method
  1;                                      !- Maximum Heating Capacity To Cooling Capacity Sizing Ratio {W/W}

OS:AvailabilityManagerAssignmentList,
  {4f7b4698-d735-409f-8381-988d3a46e4ce}, !- Handle
  Air Loop HVAC 1 AvailabilityManagerAssignmentList 4, !- Name
  {72e1ab7a-5bb0-4d26-90bd-9e6d1a5a93e2}; !- Availability Manager Name 1

OS:SetpointManager:SingleZone:Reheat,
  {923ce2bc-2c70-41da-9500-cbea2524719b}, !- Handle
  Zone West Perimeter Space - Story ground Setpoint Manager SZ Reheat, !- Name
  12.7777777777778,                       !- Minimum Supply Air Temperature {C}
  50.0000000000001,                       !- Maximum Supply Air Temperature {C}
  {20ca12e3-2919-4b88-b4c1-e6fa3cd500cb}, !- Control Zone Name
  {b2bcf050-dc0e-49ab-aff4-f96af7a1d2be}; !- Setpoint Node or NodeList Name

OS:Coil:Heating:Gas,
  {d8f98b98-835e-4edf-b522-ee13facbe8ea}, !- Handle
  Zone West Perimeter Space - Story ground PSZ-AC Gas Htg Coil 19kBtu/hr 0.8 Thermal Eff, !- Name
  {775f3104-620f-4148-b791-a62bdc07ea2b}, !- Availability Schedule Name
  0.8,                                    !- Gas Burner Efficiency
  AutoSize,                               !- Nominal Capacity {W}
  ,                                       !- Air Inlet Node Name
  ,                                       !- Air Outlet Node Name
  ,                                       !- Temperature Setpoint Node Name
  0,                                      !- On Cycle Parasitic Electric Load {W}
  ,                                       !- Part Load Fraction Correlation Curve Name
  0;                                      !- Off Cycle Parasitic Gas Load {W}

OS:Coil:Heating:Electric,
  {285f030e-271c-435b-b1af-50008fd7e248}, !- Handle
  Zone West Perimeter Space - Story ground PSZ-AC No Heat, !- Name
  {ac82d9ed-5c5c-404d-b6b8-78361a5e7e07}, !- Availability Schedule Name
  1,                                      !- Efficiency
  0,                                      !- Nominal Capacity {W}
  ,                                       !- Air Inlet Node Name
  ;                                       !- Air Outlet Node Name

OS:Coil:Cooling:DX:SingleSpeed,
  {e0657b08-849c-47c6-ae74-d2e8e796ef7c}, !- Handle
  Zone West Perimeter Space - Story ground PSZ-AC 1spd DX AC Clg Coil 9kBtu/hr 9.7SEER, !- Name
  {775f3104-620f-4148-b791-a62bdc07ea2b}, !- Availability Schedule Name
  autosize,                               !- Rated Total Cooling Capacity {W}
  autosize,                               !- Rated Sensible Heat Ratio
  2.967036,                               !- Rated COP {W/W}
  autosize,                               !- Rated Air Flow Rate {m3/s}
  773.3,                                  !- Rated Evaporator Fan Power Per Volume Flow Rate 2017 {W/(m3/s)}
  934.4,                                  !- Rated Evaporator Fan Power Per Volume Flow Rate 2023 {W/(m3/s)}
  ,                                       !- Air Inlet Node Name
  ,                                       !- Air Outlet Node Name
  {71a47608-0937-4280-bc08-ec1749350bd1}, !- Total Cooling Capacity Function of Temperature Curve Name
  {ad4e8922-216a-400b-a3d8-86b81d60ee8d}, !- Total Cooling Capacity Function of Flow Fraction Curve Name
  {356fda61-b431-44f5-93e7-66eb51d6a06b}, !- Energy Input Ratio Function of Temperature Curve Name
  {5b322672-1040-412e-b80b-6fb7550b2100}, !- Energy Input Ratio Function of Flow Fraction Curve Name
  {b89866ac-924a-4154-8c93-19c56439f234}, !- Part Load Fraction Correlation Curve Name
  -25,                                    !- Minimum Outdoor Dry-Bulb Temperature for Compressor Operation {C}
  0,                                      !- Nominal Time for Condensate Removal to Begin {s}
  0,                                      !- Ratio of Initial Moisture Evaporation Rate and Steady State Latent Capacity {dimensionless}
  0,                                      !- Maximum Cycling Rate {cycles/hr}
  0,                                      !- Latent Capacity Time Constant {s}
  ,                                       !- Condenser Air Inlet Node Name
  AirCooled,                              !- Condenser Type
  0.9,                                    !- Evaporative Condenser Effectiveness {dimensionless}
  autosize,                               !- Evaporative Condenser Air Flow Rate {m3/s}
  autosize,                               !- Evaporative Condenser Pump Rated Power Consumption {W}
  0,                                      !- Crankcase Heater Capacity {W}
  ,                                       !- Crankcase Heater Capacity Function of Temperature Curve Name
  10,                                     !- Maximum Outdoor Dry-Bulb Temperature for Crankcase Heater Operation {C}
  ,                                       !- Supply Water Storage Tank Name
  ,                                       !- Condensate Collection Water Storage Tank Name
  0,                                      !- Basin Heater Capacity {W/K}
  2;                                      !- Basin Heater Setpoint Temperature {C}

OS:Fan:OnOff,
  {43fdef9e-91d5-4edb-9821-038ddfda98bc}, !- Handle
  Zone West Perimeter Space - Story ground PSZ-AC Fan, !- Name
  {775f3104-620f-4148-b791-a62bdc07ea2b}, !- Availability Schedule Name
  0.53625,                                !- Fan Total Efficiency
  622.722275,                             !- Pressure Rise {Pa}
  autosize,                               !- Maximum Flow Rate {m3/s}
  0.825,                                  !- Motor Efficiency
  1,                                      !- Motor In Airstream Fraction
  ,                                       !- Air Inlet Node Name
  ,                                       !- Air Outlet Node Name
  {1ec097b6-0182-4931-be54-78035bf63272}, !- Fan Power Ratio Function of Speed Ratio Curve Name
  {332a49e7-db81-4080-9dba-ecae0144207a}, !- Fan Efficiency Ratio Function of Speed Ratio Curve Name
  ;                                       !- End-Use Subcategory

OS:Curve:Exponent,
  {1ec097b6-0182-4931-be54-78035bf63272}, !- Handle
  Fan On Off Power Curve 4,               !- Name
  1,                                      !- Coefficient1 Constant
  0,                                      !- Coefficient2 Constant
  0,                                      !- Coefficient3 Constant
  0,                                      !- Minimum Value of x
  1,                                      !- Maximum Value of x
  ,                                       !- Minimum Curve Output
  ,                                       !- Maximum Curve Output
  ,                                       !- Input Unit Type for X
  ;                                       !- Output Unit Type

OS:Curve:Cubic,
  {332a49e7-db81-4080-9dba-ecae0144207a}, !- Handle
  Fan On Off Efficiency Curve 4,          !- Name
  1,                                      !- Coefficient1 Constant
  0,                                      !- Coefficient2 x
  0,                                      !- Coefficient3 x**2
  0,                                      !- Coefficient4 x**3
  0,                                      !- Minimum Value of x
  1;                                      !- Maximum Value of x

OS:AirLoopHVAC:UnitarySystem,
  {b52e8ca0-58c7-469e-ab7a-5dc09e2a043c}, !- Handle
  Zone West Perimeter Space - Story ground PSZ-AC Unitary AC, !- Name
  Load,                                   !- Control Type
  {20ca12e3-2919-4b88-b4c1-e6fa3cd500cb}, !- Controlling Zone or Thermostat Location
  None,                                   !- Dehumidification Control Type
  {775f3104-620f-4148-b791-a62bdc07ea2b}, !- Availability Schedule Name
  {d11e9b71-8fe5-4b3d-b1f9-539d20f6bfb2}, !- Air Inlet Node Name
  {79e30bee-d572-46bd-844e-014f091021c0}, !- Air Outlet Node Name
  {43fdef9e-91d5-4edb-9821-038ddfda98bc}, !- Supply Fan Name
  DrawThrough,                            !- Fan Placement
  {583c26b1-bdc7-406b-ad0c-6ebea56ef1c7}, !- Supply Air Fan Operating Mode Schedule Name
  {d8f98b98-835e-4edf-b522-ee13facbe8ea}, !- Heating Coil Name
  1,                                      !- DX Heating Coil Sizing Ratio
  {e0657b08-849c-47c6-ae74-d2e8e796ef7c}, !- Cooling Coil Name
  No,                                     !- Use DOAS DX Cooling Coil
  2,                                      !- DOAS DX Cooling Coil Leaving Minimum Air Temperature {C}
  SensibleOnlyLoadControl,                !- Latent Load Control
  {285f030e-271c-435b-b1af-50008fd7e248}, !- Supplemental Heating Coil Name
  SupplyAirFlowRate,                      !- Supply Air Flow Rate Method During Cooling Operation
  Autosize,                               !- Supply Air Flow Rate During Cooling Operation {m3/s}
  ,                                       !- Supply Air Flow Rate Per Floor Area During Cooling Operation {m3/s-m2}
  ,                                       !- Fraction of Autosized Design Cooling Supply Air Flow Rate
  ,                                       !- Design Supply Air Flow Rate Per Unit of Capacity During Cooling Operation {m3/s-W}
  SupplyAirFlowRate,                      !- Supply Air Flow Rate Method During Heating Operation
  Autosize,                               !- Supply Air Flow Rate During Heating Operation {m3/s}
  ,                                       !- Supply Air Flow Rate Per Floor Area during Heating Operation {m3/s-m2}
  ,                                       !- Fraction of Autosized Design Heating Supply Air Flow Rate
  ,                                       !- Design Supply Air Flow Rate Per Unit of Capacity During Heating Operation {m3/s-W}
  None,                                   !- Supply Air Flow Rate Method When No Cooling or Heating is Required
  ,                                       !- Supply Air Flow Rate When No Cooling or Heating is Required {m3/s}
  ,                                       !- Supply Air Flow Rate Per Floor Area When No Cooling or Heating is Required {m3/s-m2}
  ,                                       !- Fraction of Autosized Design Cooling Supply Air Flow Rate When No Cooling or Heating is Required
  ,                                       !- Fraction of Autosized Design Heating Supply Air Flow Rate When No Cooling or Heating is Required
  ,                                       !- Design Supply Air Flow Rate Per Unit of Capacity During Cooling Operation When No Cooling or Heating is Required {m3/s-W}
  ,                                       !- Design Supply Air Flow Rate Per Unit of Capacity During Heating Operation When No Cooling or Heating is Required {m3/s-W}
  Yes,                                    !- No Load Supply Air Flow Rate Control Set To Low Speed
  80,                                     !- Maximum Supply Air Temperature {C}
  21,                                     !- Maximum Outdoor Dry-Bulb Temperature for Supplemental Heater Operation {C}
  ,                                       !- Outdoor Dry-Bulb Temperature Sensor Node Name
  0,                                      !- Ancilliary On-Cycle Electric Power {W}
  0;                                      !- Ancilliary Off-Cycle Electric Power {W}

OS:Connection,
  {79e30bee-d572-46bd-844e-014f091021c0}, !- Handle
  {b52e8ca0-58c7-469e-ab7a-5dc09e2a043c}, !- Source Object
  7,                                      !- Outlet Port
  {b2bcf050-dc0e-49ab-aff4-f96af7a1d2be}, !- Target Object
  2;                                      !- Inlet Port

OS:Controller:OutdoorAir,
  {5d1cc438-bf25-4353-bb1a-1e3fb217953e}, !- Handle
  Zone West Perimeter Space - Story ground PSZ-AC OA System Controller, !- Name
  ,                                       !- Relief Air Outlet Node Name
  ,                                       !- Return Air Node Name
  ,                                       !- Mixed Air Node Name
  ,                                       !- Actuator Node Name
  autosize,                               !- Minimum Outdoor Air Flow Rate {m3/s}
  Autosize,                               !- Maximum Outdoor Air Flow Rate {m3/s}
  NoEconomizer,                           !- Economizer Control Type
  ModulateFlow,                           !- Economizer Control Action Type
  28,                                     !- Economizer Maximum Limit Dry-Bulb Temperature {C}
  64000,                                  !- Economizer Maximum Limit Enthalpy {J/kg}
  ,                                       !- Economizer Maximum Limit Dewpoint Temperature {C}
  ,                                       !- Electronic Enthalpy Limit Curve Name
  ,                                       !- Economizer Minimum Limit Dry-Bulb Temperature {C}
  LockoutWithCompressor,                  !- Lockout Type
  FixedMinimum,                           !- Minimum Limit Type
  {775f3104-620f-4148-b791-a62bdc07ea2b}, !- Minimum Outdoor Air Schedule Name
  ,                                       !- Minimum Fraction of Outdoor Air Schedule Name
  {958f3195-6e61-464a-838a-a6355e11fc8e}, !- Maximum Fraction of Outdoor Air Schedule Name
  {7d1f436a-082d-42dd-a0f5-abc217aa88ed}, !- Controller Mechanical Ventilation
  ,                                       !- Time of Day Economizer Control Schedule Name
  No,                                     !- High Humidity Control
  ,                                       !- Humidistat Control Zone Name
  1,                                      !- High Humidity Outdoor Air Flow Ratio
  Yes,                                    !- Control High Indoor Humidity Based on Outdoor Humidity Ratio
  BypassWhenWithinEconomizerLimits,       !- Heat Recovery Bypass Control Type
  InterlockedWithMechanicalCooling;       !- Economizer Operation Staging

OS:Controller:MechanicalVentilation,
  {7d1f436a-082d-42dd-a0f5-abc217aa88ed}, !- Handle
  Controller Mechanical Ventilation 5,    !- Name
  {775f3104-620f-4148-b791-a62bdc07ea2b}, !- Availability Schedule
  ,                                       !- Demand Controlled Ventilation
  ;                                       !- System Outdoor Air Method

OS:AirLoopHVAC:OutdoorAirSystem,
  {36fcaa78-8e9f-46ab-9b88-036263ec2285}, !- Handle
  Zone West Perimeter Space - Story ground PSZ-AC OA System, !- Name
  {5d1cc438-bf25-4353-bb1a-1e3fb217953e}, !- Controller Name
  ,                                       !- Outdoor Air Equipment List Name
  ,                                       !- Availability Manager List Name
  {02f392eb-c932-431d-bdc7-5e1bcc49634d}, !- Mixed Air Node Name
  {5a69c2b1-27ee-4629-a800-944e65a3d44e}, !- Outdoor Air Stream Node Name
  {68b5bfec-08bd-4d4d-80d9-c5dc25c34528}, !- Relief Air Stream Node Name
  {cfe67d8a-a617-47d7-9798-14d0e37adb18}; !- Return Air Stream Node Name

OS:Node,
  {597cd5c3-dca4-4be7-b563-d2c9f874b6ab}, !- Handle
  Zone West Perimeter Space - Story ground PSZ-AC Outdoor Air Node, !- Name
  ,                                       !- Inlet Port
  {5a69c2b1-27ee-4629-a800-944e65a3d44e}; !- Outlet Port

OS:Connection,
  {5a69c2b1-27ee-4629-a800-944e65a3d44e}, !- Handle
  {597cd5c3-dca4-4be7-b563-d2c9f874b6ab}, !- Source Object
  3,                                      !- Outlet Port
  {36fcaa78-8e9f-46ab-9b88-036263ec2285}, !- Target Object
  6;                                      !- Inlet Port

OS:Node,
  {7cae1a27-be1b-42cb-b41e-ee54b9852d5e}, !- Handle
  Zone West Perimeter Space - Story ground PSZ-AC Relief Air Node, !- Name
  {68b5bfec-08bd-4d4d-80d9-c5dc25c34528}, !- Inlet Port
  ;                                       !- Outlet Port

OS:Connection,
  {68b5bfec-08bd-4d4d-80d9-c5dc25c34528}, !- Handle
  {36fcaa78-8e9f-46ab-9b88-036263ec2285}, !- Source Object
  7,                                      !- Outlet Port
  {7cae1a27-be1b-42cb-b41e-ee54b9852d5e}, !- Target Object
  2;                                      !- Inlet Port

OS:Node,
  {49387efd-8cfc-46dd-a92e-e4eea24390ff}, !- Handle
  Zone West Perimeter Space - Story ground PSZ-AC Mixed Air Node, !- Name
  {02f392eb-c932-431d-bdc7-5e1bcc49634d}, !- Inlet Port
  {d11e9b71-8fe5-4b3d-b1f9-539d20f6bfb2}; !- Outlet Port

OS:Connection,
  {cfe67d8a-a617-47d7-9798-14d0e37adb18}, !- Handle
  {e0aef5e3-4fd6-4890-a7fc-12ebe05a2461}, !- Source Object
  3,                                      !- Outlet Port
  {36fcaa78-8e9f-46ab-9b88-036263ec2285}, !- Target Object
  8;                                      !- Inlet Port

OS:Connection,
  {02f392eb-c932-431d-bdc7-5e1bcc49634d}, !- Handle
  {36fcaa78-8e9f-46ab-9b88-036263ec2285}, !- Source Object
  5,                                      !- Outlet Port
  {49387efd-8cfc-46dd-a92e-e4eea24390ff}, !- Target Object
  2;                                      !- Inlet Port

OS:Connection,
  {d11e9b71-8fe5-4b3d-b1f9-539d20f6bfb2}, !- Handle
  {49387efd-8cfc-46dd-a92e-e4eea24390ff}, !- Source Object
  3,                                      !- Outlet Port
  {b52e8ca0-58c7-469e-ab7a-5dc09e2a043c}, !- Target Object
  6;                                      !- Inlet Port

OS:AvailabilityManager:NightCycle,
  {72e1ab7a-5bb0-4d26-90bd-9e6d1a5a93e2}, !- Handle
  Availability Manager Night Cycle 5,     !- Name
  {775f3104-620f-4148-b791-a62bdc07ea2b}, !- Applicability Schedule
  ,                                       !- Fan Schedule
  CycleOnAny,                             !- Control Type
  1.9999,                                 !- Thermostat Tolerance {deltaC}
  Thermostat,                             !- Cycling Run Time Control Type
  1800,                                   !- Cycling Run Time {s}
  {47e4eec2-9347-4f88-a6f6-bb2a1b75ae68}, !- Control Zone or Zone List Name
  {80e0d70f-9e23-4d8c-a94e-d1c6bab5a646}, !- Cooling Control Zone or Zone List Name
  {1ee63d89-1865-4295-ab22-6a8c681c1451}, !- Heating Control Zone or Zone List Name
  {40da0909-7cd8-4d9e-b92c-0e3e28810617}; !- Heating Zone Fans Only Zone or Zone List Name

OS:ModelObjectList,
  {47e4eec2-9347-4f88-a6f6-bb2a1b75ae68}, !- Handle
  Availability Manager Night Cycle 5 Control Zone List; !- Name

OS:ModelObjectList,
  {80e0d70f-9e23-4d8c-a94e-d1c6bab5a646}, !- Handle
  Availability Manager Night Cycle 5 Cooling Control Zone List; !- Name

OS:ModelObjectList,
  {1ee63d89-1865-4295-ab22-6a8c681c1451}, !- Handle
  Availability Manager Night Cycle 5 Heating Control Zone List; !- Name

OS:ModelObjectList,
  {40da0909-7cd8-4d9e-b92c-0e3e28810617}, !- Handle
  Availability Manager Night Cycle 5 Heating Zone Fans Only Zone List; !- Name

OS:AirTerminal:SingleDuct:ConstantVolume:NoReheat,
  {febb2125-b09c-4e75-b90f-0e3576457b44}, !- Handle
  Zone West Perimeter Space - Story ground PSZ-AC Diffuser, !- Name
  {775f3104-620f-4148-b791-a62bdc07ea2b}, !- Availability Schedule Name
  {bd16f125-4c52-4eb0-974a-206678de36c5}, !- Air Inlet Node Name
  {d7a81034-a88e-4b52-a4ca-b75bc5051fd8}, !- Air Outlet Node Name
  AutoSize;                               !- Maximum Air Flow Rate {m3/s}

OS:Node,
  {a4e7e7b6-7c71-40ab-bdf8-3abfe00a1e53}, !- Handle
  Zone West Perimeter Space - Story ground Return Air Node, !- Name
  {71105c0d-2b0f-48e2-951e-5f26e253fecf}, !- Inlet Port
  {5d187057-f458-4cd7-93aa-bb4adbac421e}; !- Outlet Port

OS:Connection,
  {8011417f-00b1-483d-96c3-b1e140ef2acb}, !- Handle
  {9387003e-5adf-4da8-bc03-e38a4b7d1688}, !- Source Object
  3,                                      !- Outlet Port
  {076a86e3-095f-4a93-a893-97cc9dbdd265}, !- Target Object
  2;                                      !- Inlet Port

OS:Connection,
  {71105c0d-2b0f-48e2-951e-5f26e253fecf}, !- Handle
  {335491c4-1d3d-472a-bc70-e14969b302eb}, !- Source Object
  2,                                      !- Outlet Port
  {a4e7e7b6-7c71-40ab-bdf8-3abfe00a1e53}, !- Target Object
  2;                                      !- Inlet Port

OS:Connection,
  {5d187057-f458-4cd7-93aa-bb4adbac421e}, !- Handle
  {a4e7e7b6-7c71-40ab-bdf8-3abfe00a1e53}, !- Source Object
  3,                                      !- Outlet Port
  {cbf08c8c-e464-4ca9-bfca-fb58baaca411}, !- Target Object
  3;                                      !- Inlet Port

OS:Node,
  {42c42645-1c11-4f0b-85a5-e14e485e274d}, !- Handle
  Zone West Perimeter Space - Story ground PSZ-AC Diffuser Inlet Air Node, !- Name
  {b102f33b-a4cd-42de-84f1-ac83518ab7a5}, !- Inlet Port
  {bd16f125-4c52-4eb0-974a-206678de36c5}; !- Outlet Port

OS:Connection,
  {b102f33b-a4cd-42de-84f1-ac83518ab7a5}, !- Handle
  {2bcac958-aa09-43a3-aa19-bd754f7858e2}, !- Source Object
  3,                                      !- Outlet Port
  {42c42645-1c11-4f0b-85a5-e14e485e274d}, !- Target Object
  2;                                      !- Inlet Port

OS:Connection,
  {bd16f125-4c52-4eb0-974a-206678de36c5}, !- Handle
  {42c42645-1c11-4f0b-85a5-e14e485e274d}, !- Source Object
  3,                                      !- Outlet Port
  {febb2125-b09c-4e75-b90f-0e3576457b44}, !- Target Object
  3;                                      !- Inlet Port

OS:Connection,
  {d7a81034-a88e-4b52-a4ca-b75bc5051fd8}, !- Handle
  {febb2125-b09c-4e75-b90f-0e3576457b44}, !- Source Object
  4,                                      !- Outlet Port
  {9387003e-5adf-4da8-bc03-e38a4b7d1688}, !- Target Object
  2;                                      !- Inlet Port

OS:AdditionalProperties,
  {5a069571-5997-41e8-9e62-748c1532964a}, !- Handle
  {a7cf4cff-4723-488b-887e-4787bc032293}, !- Object Name
  hvac_system_type,                       !- Feature Name 1
  String,                                 !- Feature Data Type 1
  PSZ-AC with gas coil;                   !- Feature Value 1

OS:Schedule:Ruleset,
  {f0379cce-4811-4302-8a9b-b4865f135cac}, !- Handle
  Zone Core Space - Story ground PSZ-AC Occ Sch, !- Name
  {abccb840-bbb4-44b1-adab-915334138b30}, !- Schedule Type Limits Name
  {76e3410d-9f75-4c49-967f-5ee7804f3d90}, !- Default Day Schedule Name
  {636e065b-5683-44b6-a94e-b70ea6db7966}, !- Summer Design Day Schedule Name
  {b1ae46b6-62b8-49d6-a589-9e28b425ceb8}; !- Winter Design Day Schedule Name

OS:Schedule:Day,
  {76e3410d-9f75-4c49-967f-5ee7804f3d90}, !- Handle
  Zone Core Space - Story ground PSZ-AC Occ Sch Default, !- Name
  {abccb840-bbb4-44b1-adab-915334138b30}, !- Schedule Type Limits Name
  ,                                       !- Interpolate to Timestep
  7,                                      !- Hour 1
  0,                                      !- Minute 1
  0,                                      !- Value Until Time 1
  18,                                     !- Hour 2
  0,                                      !- Minute 2
  1,                                      !- Value Until Time 2
  24,                                     !- Hour 3
  0,                                      !- Minute 3
  0;                                      !- Value Until Time 3

OS:AdditionalProperties,
  {e7302844-923e-426b-8141-cecce0857777}, !- Handle
  {f0379cce-4811-4302-8a9b-b4865f135cac}, !- Object Name
  max_occ_in_spaces,                      !- Feature Name 1
  Double,                                 !- Feature Data Type 1
  8.79128869403573,                       !- Feature Value 1
  number_of_spaces_included,              !- Feature Name 2
  Integer,                                !- Feature Data Type 2
  1,                                      !- Feature Value 2
  date_parent_object_last_edited,         !- Feature Name 3
  String,                                 !- Feature Data Type 3
  2025-12-03 19:37:23 UTC,                !- Feature Value 3
  date_parent_object_created,             !- Feature Name 4
  String,                                 !- Feature Data Type 4
  2025-12-03 19:37:23 UTC;                !- Feature Value 4

OS:Schedule:Day,
  {b1ae46b6-62b8-49d6-a589-9e28b425ceb8}, !- Handle
  Zone Core Space - Story ground PSZ-AC Occ Sch Winter Design Day, !- Name
  {abccb840-bbb4-44b1-adab-915334138b30}, !- Schedule Type Limits Name
  ,                                       !- Interpolate to Timestep
  24,                                     !- Hour 1
  0,                                      !- Minute 1
  1;                                      !- Value Until Time 1

OS:Schedule:Day,
  {636e065b-5683-44b6-a94e-b70ea6db7966}, !- Handle
  Zone Core Space - Story ground PSZ-AC Occ Sch Summer Design Day, !- Name
  {abccb840-bbb4-44b1-adab-915334138b30}, !- Schedule Type Limits Name
  ,                                       !- Interpolate to Timestep
  24,                                     !- Hour 1
  0,                                      !- Minute 1
  1;                                      !- Value Until Time 1

OS:Schedule:Rule,
  {2efac6ec-685b-435f-92e1-05a40374135e}, !- Handle
  Schedule Rule 12,                       !- Name
  {f0379cce-4811-4302-8a9b-b4865f135cac}, !- Schedule Ruleset Name
  1,                                      !- Rule Order
  {cdff7eb4-ae8f-4470-be92-1f81f88580b3}, !- Day Schedule Name
  ,                                       !- Apply Sunday
  ,                                       !- Apply Monday
  ,                                       !- Apply Tuesday
  ,                                       !- Apply Wednesday
  ,                                       !- Apply Thursday
  ,                                       !- Apply Friday
  Yes,                                    !- Apply Saturday
  DateRange,                              !- Date Specification Type
  1,                                      !- Start Month
  7,                                      !- Start Day
  12,                                     !- End Month
  30;                                     !- End Day

OS:Schedule:Day,
  {cdff7eb4-ae8f-4470-be92-1f81f88580b3}, !- Handle
  Schedule Day 19,                        !- Name
  {abccb840-bbb4-44b1-adab-915334138b30}, !- Schedule Type Limits Name
  ,                                       !- Interpolate to Timestep
  24,                                     !- Hour 1
  0,                                      !- Minute 1
  0;                                      !- Value Until Time 1

OS:Schedule:Rule,
  {b8dc6e27-789b-405b-b948-48fbdb1e193a}, !- Handle
  Schedule Rule 13,                       !- Name
  {f0379cce-4811-4302-8a9b-b4865f135cac}, !- Schedule Ruleset Name
  0,                                      !- Rule Order
  {1f80edf9-9ba5-4d4c-92c6-77ea804e734b}, !- Day Schedule Name
  Yes,                                    !- Apply Sunday
  ,                                       !- Apply Monday
  ,                                       !- Apply Tuesday
  ,                                       !- Apply Wednesday
  ,                                       !- Apply Thursday
  ,                                       !- Apply Friday
  ,                                       !- Apply Saturday
  DateRange,                              !- Date Specification Type
  1,                                      !- Start Month
  1,                                      !- Start Day
  12,                                     !- End Month
  31;                                     !- End Day

OS:Schedule:Day,
  {1f80edf9-9ba5-4d4c-92c6-77ea804e734b}, !- Handle
  Schedule Day 20,                        !- Name
  {abccb840-bbb4-44b1-adab-915334138b30}, !- Schedule Type Limits Name
  ,                                       !- Interpolate to Timestep
  24,                                     !- Hour 1
  0,                                      !- Minute 1
  0;                                      !- Value Until Time 1

OS:ScheduleTypeLimits,
  {abccb840-bbb4-44b1-adab-915334138b30}, !- Handle
  ControlMode,                            !- Name
  0,                                      !- Lower Limit Value
  1,                                      !- Upper Limit Value
  Discrete,                               !- Numeric Type
  ControlMode;                            !- Unit Type

OS:Schedule:Ruleset,
  {252dc333-863a-48e4-bf95-95b18dd40518}, !- Handle
  ems_Zone_Core_Space___Story_ground_PSZ_AC_maxOASch, !- Name
  {2b24245a-b353-4dec-a9e7-5aa8afaa45e5}, !- Schedule Type Limits Name
  {6757194f-66a8-4c42-9f55-1ecbd0cff710}; !- Default Day Schedule Name

OS:Schedule:Day,
  {6757194f-66a8-4c42-9f55-1ecbd0cff710}, !- Handle
  ems_Zone_Core_Space___Story_ground_PSZ_AC_maxOASch_Default, !- Name
  {2b24245a-b353-4dec-a9e7-5aa8afaa45e5}, !- Schedule Type Limits Name
  ,                                       !- Interpolate to Timestep
  24,                                     !- Hour 1
  0,                                      !- Minute 1
  0.7;                                    !- Value Until Time 1

OS:Schedule:Ruleset,
  {6b141bd4-4ffe-4810-95f1-70c3465991fc}, !- Handle
  Zone East Perimeter Space - Story ground PSZ-AC Occ Sch, !- Name
  {abccb840-bbb4-44b1-adab-915334138b30}, !- Schedule Type Limits Name
  {2e88d1a9-d9de-449a-a46d-c5691394e15f}, !- Default Day Schedule Name
  {ebb9c025-2880-4bb7-8f8a-176a30c283cf}, !- Summer Design Day Schedule Name
  {fda32020-5895-41f0-88ae-f4e9330999be}; !- Winter Design Day Schedule Name

OS:Schedule:Day,
  {2e88d1a9-d9de-449a-a46d-c5691394e15f}, !- Handle
  Zone East Perimeter Space - Story ground PSZ-AC Occ Sch Default, !- Name
  {abccb840-bbb4-44b1-adab-915334138b30}, !- Schedule Type Limits Name
  ,                                       !- Interpolate to Timestep
  7,                                      !- Hour 1
  0,                                      !- Minute 1
  0,                                      !- Value Until Time 1
  18,                                     !- Hour 2
  0,                                      !- Minute 2
  1,                                      !- Value Until Time 2
  24,                                     !- Hour 3
  0,                                      !- Minute 3
  0;                                      !- Value Until Time 3

OS:AdditionalProperties,
  {db591c25-4e97-4105-b8eb-e4b834d053ee}, !- Handle
  {6b141bd4-4ffe-4810-95f1-70c3465991fc}, !- Object Name
  max_occ_in_spaces,                      !- Feature Name 1
  Double,                                 !- Feature Data Type 1
  3.58974226119282,                       !- Feature Value 1
  number_of_spaces_included,              !- Feature Name 2
  Integer,                                !- Feature Data Type 2
  1,                                      !- Feature Value 2
  date_parent_object_last_edited,         !- Feature Name 3
  String,                                 !- Feature Data Type 3
  2025-12-03 19:37:23 UTC,                !- Feature Value 3
  date_parent_object_created,             !- Feature Name 4
  String,                                 !- Feature Data Type 4
  2025-12-03 19:37:23 UTC;                !- Feature Value 4

OS:Schedule:Day,
  {fda32020-5895-41f0-88ae-f4e9330999be}, !- Handle
  Zone East Perimeter Space - Story ground PSZ-AC Occ Sch Winter Design Day, !- Name
  {abccb840-bbb4-44b1-adab-915334138b30}, !- Schedule Type Limits Name
  ,                                       !- Interpolate to Timestep
  24,                                     !- Hour 1
  0,                                      !- Minute 1
  1;                                      !- Value Until Time 1

OS:Schedule:Day,
  {ebb9c025-2880-4bb7-8f8a-176a30c283cf}, !- Handle
  Zone East Perimeter Space - Story ground PSZ-AC Occ Sch Summer Design Day, !- Name
  {abccb840-bbb4-44b1-adab-915334138b30}, !- Schedule Type Limits Name
  ,                                       !- Interpolate to Timestep
  24,                                     !- Hour 1
  0,                                      !- Minute 1
  1;                                      !- Value Until Time 1

OS:Schedule:Rule,
  {361727fc-7024-461d-8b54-834657f491a8}, !- Handle
  Schedule Rule 14,                       !- Name
  {6b141bd4-4ffe-4810-95f1-70c3465991fc}, !- Schedule Ruleset Name
  1,                                      !- Rule Order
  {dd54e998-62ba-4ba2-be30-37b1b39dcec0}, !- Day Schedule Name
  ,                                       !- Apply Sunday
  ,                                       !- Apply Monday
  ,                                       !- Apply Tuesday
  ,                                       !- Apply Wednesday
  ,                                       !- Apply Thursday
  ,                                       !- Apply Friday
  Yes,                                    !- Apply Saturday
  DateRange,                              !- Date Specification Type
  1,                                      !- Start Month
  7,                                      !- Start Day
  12,                                     !- End Month
  30;                                     !- End Day

OS:Schedule:Day,
  {dd54e998-62ba-4ba2-be30-37b1b39dcec0}, !- Handle
  Schedule Day 21,                        !- Name
  {abccb840-bbb4-44b1-adab-915334138b30}, !- Schedule Type Limits Name
  ,                                       !- Interpolate to Timestep
  24,                                     !- Hour 1
  0,                                      !- Minute 1
  0;                                      !- Value Until Time 1

OS:Schedule:Rule,
  {468e443e-ec81-4fcd-9ad4-eb7fdf61e04e}, !- Handle
  Schedule Rule 15,                       !- Name
  {6b141bd4-4ffe-4810-95f1-70c3465991fc}, !- Schedule Ruleset Name
  0,                                      !- Rule Order
  {7a3e657c-6b75-457c-98ab-08becbba3a02}, !- Day Schedule Name
  Yes,                                    !- Apply Sunday
  ,                                       !- Apply Monday
  ,                                       !- Apply Tuesday
  ,                                       !- Apply Wednesday
  ,                                       !- Apply Thursday
  ,                                       !- Apply Friday
  ,                                       !- Apply Saturday
  DateRange,                              !- Date Specification Type
  1,                                      !- Start Month
  1,                                      !- Start Day
  12,                                     !- End Month
  31;                                     !- End Day

OS:Schedule:Day,
  {7a3e657c-6b75-457c-98ab-08becbba3a02}, !- Handle
  Schedule Day 22,                        !- Name
  {abccb840-bbb4-44b1-adab-915334138b30}, !- Schedule Type Limits Name
  ,                                       !- Interpolate to Timestep
  24,                                     !- Hour 1
  0,                                      !- Minute 1
  0;                                      !- Value Until Time 1

OS:Schedule:Ruleset,
  {560afb3e-10fb-476c-8f9c-ccfae7c95531}, !- Handle
  ems_Zone_East_Perimeter_Space___Story_ground_PSZ_AC_maxOASch, !- Name
  {2b24245a-b353-4dec-a9e7-5aa8afaa45e5}, !- Schedule Type Limits Name
  {989e25f6-1209-472c-a93a-62c97ad37542}; !- Default Day Schedule Name

OS:Schedule:Day,
  {989e25f6-1209-472c-a93a-62c97ad37542}, !- Handle
  ems_Zone_East_Perimeter_Space___Story_ground_PSZ_AC_maxOASch_Default, !- Name
  {2b24245a-b353-4dec-a9e7-5aa8afaa45e5}, !- Schedule Type Limits Name
  ,                                       !- Interpolate to Timestep
  24,                                     !- Hour 1
  0,                                      !- Minute 1
  0.7;                                    !- Value Until Time 1

OS:Schedule:Ruleset,
  {05e148af-8965-4d1d-be0c-8e7918f939f5}, !- Handle
  Zone North Perimeter Space - Story ground PSZ-AC Occ Sch, !- Name
  {abccb840-bbb4-44b1-adab-915334138b30}, !- Schedule Type Limits Name
  {38980b84-3086-47e1-a1f3-af600f1e0239}, !- Default Day Schedule Name
  {8a29253c-94e2-44d2-b734-1e05202e6ed2}, !- Summer Design Day Schedule Name
  {188771f7-a80b-4684-91e6-4d074d8a903e}; !- Winter Design Day Schedule Name

OS:Schedule:Day,
  {38980b84-3086-47e1-a1f3-af600f1e0239}, !- Handle
  Zone North Perimeter Space - Story ground PSZ-AC Occ Sch Default, !- Name
  {abccb840-bbb4-44b1-adab-915334138b30}, !- Schedule Type Limits Name
  ,                                       !- Interpolate to Timestep
  7,                                      !- Hour 1
  0,                                      !- Minute 1
  0,                                      !- Value Until Time 1
  18,                                     !- Hour 2
  0,                                      !- Minute 2
  1,                                      !- Value Until Time 2
  24,                                     !- Hour 3
  0,                                      !- Minute 3
  0;                                      !- Value Until Time 3

OS:AdditionalProperties,
  {e8fc8e07-ea6e-4310-8b8f-98c81fb31b13}, !- Handle
  {05e148af-8965-4d1d-be0c-8e7918f939f5}, !- Object Name
  max_occ_in_spaces,                      !- Feature Name 1
  Double,                                 !- Feature Data Type 1
  6.0146133917892683,                     !- Feature Value 1
  number_of_spaces_included,              !- Feature Name 2
  Integer,                                !- Feature Data Type 2
  1,                                      !- Feature Value 2
  date_parent_object_last_edited,         !- Feature Name 3
  String,                                 !- Feature Data Type 3
  2025-12-03 19:37:23 UTC,                !- Feature Value 3
  date_parent_object_created,             !- Feature Name 4
  String,                                 !- Feature Data Type 4
  2025-12-03 19:37:23 UTC;                !- Feature Value 4

OS:Schedule:Day,
  {188771f7-a80b-4684-91e6-4d074d8a903e}, !- Handle
  Zone North Perimeter Space - Story ground PSZ-AC Occ Sch Winter Design Day, !- Name
  {abccb840-bbb4-44b1-adab-915334138b30}, !- Schedule Type Limits Name
  ,                                       !- Interpolate to Timestep
  24,                                     !- Hour 1
  0,                                      !- Minute 1
  1;                                      !- Value Until Time 1

OS:Schedule:Day,
  {8a29253c-94e2-44d2-b734-1e05202e6ed2}, !- Handle
  Zone North Perimeter Space - Story ground PSZ-AC Occ Sch Summer Design Day, !- Name
  {abccb840-bbb4-44b1-adab-915334138b30}, !- Schedule Type Limits Name
  ,                                       !- Interpolate to Timestep
  24,                                     !- Hour 1
  0,                                      !- Minute 1
  1;                                      !- Value Until Time 1

OS:Schedule:Rule,
  {e887d113-98cd-49cd-8c1f-6206ef243f43}, !- Handle
  Schedule Rule 16,                       !- Name
  {05e148af-8965-4d1d-be0c-8e7918f939f5}, !- Schedule Ruleset Name
  1,                                      !- Rule Order
  {f5a4c726-2537-4279-9c09-15c79ca3d3c7}, !- Day Schedule Name
  ,                                       !- Apply Sunday
  ,                                       !- Apply Monday
  ,                                       !- Apply Tuesday
  ,                                       !- Apply Wednesday
  ,                                       !- Apply Thursday
  ,                                       !- Apply Friday
  Yes,                                    !- Apply Saturday
  DateRange,                              !- Date Specification Type
  1,                                      !- Start Month
  7,                                      !- Start Day
  12,                                     !- End Month
  30;                                     !- End Day

OS:Schedule:Day,
  {f5a4c726-2537-4279-9c09-15c79ca3d3c7}, !- Handle
  Schedule Day 23,                        !- Name
  {abccb840-bbb4-44b1-adab-915334138b30}, !- Schedule Type Limits Name
  ,                                       !- Interpolate to Timestep
  24,                                     !- Hour 1
  0,                                      !- Minute 1
  0;                                      !- Value Until Time 1

OS:Schedule:Rule,
  {0f4ee075-2f7a-47cf-86d0-674e0f85f5e3}, !- Handle
  Schedule Rule 17,                       !- Name
  {05e148af-8965-4d1d-be0c-8e7918f939f5}, !- Schedule Ruleset Name
  0,                                      !- Rule Order
  {2f068a4b-f0fb-4f41-a30f-65ab0d9013e4}, !- Day Schedule Name
  Yes,                                    !- Apply Sunday
  ,                                       !- Apply Monday
  ,                                       !- Apply Tuesday
  ,                                       !- Apply Wednesday
  ,                                       !- Apply Thursday
  ,                                       !- Apply Friday
  ,                                       !- Apply Saturday
  DateRange,                              !- Date Specification Type
  1,                                      !- Start Month
  1,                                      !- Start Day
  12,                                     !- End Month
  31;                                     !- End Day

OS:Schedule:Day,
  {2f068a4b-f0fb-4f41-a30f-65ab0d9013e4}, !- Handle
  Schedule Day 24,                        !- Name
  {abccb840-bbb4-44b1-adab-915334138b30}, !- Schedule Type Limits Name
  ,                                       !- Interpolate to Timestep
  24,                                     !- Hour 1
  0,                                      !- Minute 1
  0;                                      !- Value Until Time 1

OS:Schedule:Ruleset,
  {a94a3eb3-188e-4191-9a7f-7b94979998cf}, !- Handle
  ems_Zone_North_Perimeter_Space___Story_ground_PSZ_AC_maxOASch, !- Name
  {2b24245a-b353-4dec-a9e7-5aa8afaa45e5}, !- Schedule Type Limits Name
  {7f9d23bc-5cb9-45f4-a872-60e4b034231e}; !- Default Day Schedule Name

OS:Schedule:Day,
  {7f9d23bc-5cb9-45f4-a872-60e4b034231e}, !- Handle
  ems_Zone_North_Perimeter_Space___Story_ground_PSZ_AC_maxOASch_Default, !- Name
  {2b24245a-b353-4dec-a9e7-5aa8afaa45e5}, !- Schedule Type Limits Name
  ,                                       !- Interpolate to Timestep
  24,                                     !- Hour 1
  0,                                      !- Minute 1
  0.7;                                    !- Value Until Time 1

OS:Schedule:Ruleset,
  {9d1c97da-a3fb-4ecf-991b-a1b253de3cba}, !- Handle
  Zone South Perimeter Space - Story ground PSZ-AC Occ Sch, !- Name
  {abccb840-bbb4-44b1-adab-915334138b30}, !- Schedule Type Limits Name
  {9b907e67-ebac-4130-8796-b8ea1d38dbc4}, !- Default Day Schedule Name
  {e0faf69a-acf3-4729-8401-66a57cfdbaed}, !- Summer Design Day Schedule Name
  {041eef8c-84bd-438e-a7f0-e2d72f6e9918}; !- Winter Design Day Schedule Name

OS:Schedule:Day,
  {9b907e67-ebac-4130-8796-b8ea1d38dbc4}, !- Handle
  Zone South Perimeter Space - Story ground PSZ-AC Occ Sch Default, !- Name
  {abccb840-bbb4-44b1-adab-915334138b30}, !- Schedule Type Limits Name
  ,                                       !- Interpolate to Timestep
  7,                                      !- Hour 1
  0,                                      !- Minute 1
  0,                                      !- Value Until Time 1
  18,                                     !- Hour 2
  0,                                      !- Minute 2
  1,                                      !- Value Until Time 2
  24,                                     !- Hour 3
  0,                                      !- Minute 3
  0;                                      !- Value Until Time 3

OS:AdditionalProperties,
  {2d1fc55b-d651-4355-a210-169e3c48c505}, !- Handle
  {9d1c97da-a3fb-4ecf-991b-a1b253de3cba}, !- Object Name
  max_occ_in_spaces,                      !- Feature Name 1
  Double,                                 !- Feature Data Type 1
  6.0146133917892683,                     !- Feature Value 1
  number_of_spaces_included,              !- Feature Name 2
  Integer,                                !- Feature Data Type 2
  1,                                      !- Feature Value 2
  date_parent_object_last_edited,         !- Feature Name 3
  String,                                 !- Feature Data Type 3
  2025-12-03 19:37:23 UTC,                !- Feature Value 3
  date_parent_object_created,             !- Feature Name 4
  String,                                 !- Feature Data Type 4
  2025-12-03 19:37:23 UTC;                !- Feature Value 4

OS:Schedule:Day,
  {041eef8c-84bd-438e-a7f0-e2d72f6e9918}, !- Handle
  Zone South Perimeter Space - Story ground PSZ-AC Occ Sch Winter Design Day, !- Name
  {abccb840-bbb4-44b1-adab-915334138b30}, !- Schedule Type Limits Name
  ,                                       !- Interpolate to Timestep
  24,                                     !- Hour 1
  0,                                      !- Minute 1
  1;                                      !- Value Until Time 1

OS:Schedule:Day,
  {e0faf69a-acf3-4729-8401-66a57cfdbaed}, !- Handle
  Zone South Perimeter Space - Story ground PSZ-AC Occ Sch Summer Design Day, !- Name
  {abccb840-bbb4-44b1-adab-915334138b30}, !- Schedule Type Limits Name
  ,                                       !- Interpolate to Timestep
  24,                                     !- Hour 1
  0,                                      !- Minute 1
  1;                                      !- Value Until Time 1

OS:Schedule:Rule,
  {e9973e9b-5408-440b-bc75-72a7b741cd33}, !- Handle
  Schedule Rule 18,                       !- Name
  {9d1c97da-a3fb-4ecf-991b-a1b253de3cba}, !- Schedule Ruleset Name
  1,                                      !- Rule Order
  {afaa5c12-02fd-4e38-b152-35a376420c24}, !- Day Schedule Name
  ,                                       !- Apply Sunday
  ,                                       !- Apply Monday
  ,                                       !- Apply Tuesday
  ,                                       !- Apply Wednesday
  ,                                       !- Apply Thursday
  ,                                       !- Apply Friday
  Yes,                                    !- Apply Saturday
  DateRange,                              !- Date Specification Type
  1,                                      !- Start Month
  7,                                      !- Start Day
  12,                                     !- End Month
  30;                                     !- End Day

OS:Schedule:Day,
  {afaa5c12-02fd-4e38-b152-35a376420c24}, !- Handle
  Schedule Day 25,                        !- Name
  {abccb840-bbb4-44b1-adab-915334138b30}, !- Schedule Type Limits Name
  ,                                       !- Interpolate to Timestep
  24,                                     !- Hour 1
  0,                                      !- Minute 1
  0;                                      !- Value Until Time 1

OS:Schedule:Rule,
  {b8a22ac0-fcda-4949-ba1c-fa8e86c4cc84}, !- Handle
  Schedule Rule 19,                       !- Name
  {9d1c97da-a3fb-4ecf-991b-a1b253de3cba}, !- Schedule Ruleset Name
  0,                                      !- Rule Order
  {93ce62ea-1f9b-4103-87d0-14daf5afc052}, !- Day Schedule Name
  Yes,                                    !- Apply Sunday
  ,                                       !- Apply Monday
  ,                                       !- Apply Tuesday
  ,                                       !- Apply Wednesday
  ,                                       !- Apply Thursday
  ,                                       !- Apply Friday
  ,                                       !- Apply Saturday
  DateRange,                              !- Date Specification Type
  1,                                      !- Start Month
  1,                                      !- Start Day
  12,                                     !- End Month
  31;                                     !- End Day

OS:Schedule:Day,
  {93ce62ea-1f9b-4103-87d0-14daf5afc052}, !- Handle
  Schedule Day 26,                        !- Name
  {abccb840-bbb4-44b1-adab-915334138b30}, !- Schedule Type Limits Name
  ,                                       !- Interpolate to Timestep
  24,                                     !- Hour 1
  0,                                      !- Minute 1
  0;                                      !- Value Until Time 1

OS:Schedule:Ruleset,
  {348cb8f8-fff4-482b-82f0-c5f207ef7427}, !- Handle
  ems_Zone_South_Perimeter_Space___Story_ground_PSZ_AC_maxOASch, !- Name
  {2b24245a-b353-4dec-a9e7-5aa8afaa45e5}, !- Schedule Type Limits Name
  {f79784bb-79d2-4690-b916-b6511b96e62d}; !- Default Day Schedule Name

OS:Schedule:Day,
  {f79784bb-79d2-4690-b916-b6511b96e62d}, !- Handle
  ems_Zone_South_Perimeter_Space___Story_ground_PSZ_AC_maxOASch_Default, !- Name
  {2b24245a-b353-4dec-a9e7-5aa8afaa45e5}, !- Schedule Type Limits Name
  ,                                       !- Interpolate to Timestep
  24,                                     !- Hour 1
  0,                                      !- Minute 1
  0.7;                                    !- Value Until Time 1

OS:Schedule:Ruleset,
  {583c26b1-bdc7-406b-ad0c-6ebea56ef1c7}, !- Handle
  Zone West Perimeter Space - Story ground PSZ-AC Occ Sch, !- Name
  {abccb840-bbb4-44b1-adab-915334138b30}, !- Schedule Type Limits Name
  {1dbea01d-df57-44e7-8612-6921b8475d92}, !- Default Day Schedule Name
  {f2b2f317-314b-4064-907e-461b6a784faa}, !- Summer Design Day Schedule Name
  {733aa87d-30a3-4174-81ef-6eeb4dc70988}; !- Winter Design Day Schedule Name

OS:Schedule:Day,
  {1dbea01d-df57-44e7-8612-6921b8475d92}, !- Handle
  Zone West Perimeter Space - Story ground PSZ-AC Occ Sch Default, !- Name
  {abccb840-bbb4-44b1-adab-915334138b30}, !- Schedule Type Limits Name
  ,                                       !- Interpolate to Timestep
  7,                                      !- Hour 1
  0,                                      !- Minute 1
  0,                                      !- Value Until Time 1
  18,                                     !- Hour 2
  0,                                      !- Minute 2
  1,                                      !- Value Until Time 2
  24,                                     !- Hour 3
  0,                                      !- Minute 3
  0;                                      !- Value Until Time 3

OS:AdditionalProperties,
  {a06c84d7-b0cd-4a7e-81d6-f980b08fab61}, !- Handle
  {583c26b1-bdc7-406b-ad0c-6ebea56ef1c7}, !- Object Name
  max_occ_in_spaces,                      !- Feature Name 1
  Double,                                 !- Feature Data Type 1
  3.58974226119282,                       !- Feature Value 1
  number_of_spaces_included,              !- Feature Name 2
  Integer,                                !- Feature Data Type 2
  1,                                      !- Feature Value 2
  date_parent_object_last_edited,         !- Feature Name 3
  String,                                 !- Feature Data Type 3
  2025-12-03 19:37:23 UTC,                !- Feature Value 3
  date_parent_object_created,             !- Feature Name 4
  String,                                 !- Feature Data Type 4
  2025-12-03 19:37:23 UTC;                !- Feature Value 4

OS:Schedule:Day,
  {733aa87d-30a3-4174-81ef-6eeb4dc70988}, !- Handle
  Zone West Perimeter Space - Story ground PSZ-AC Occ Sch Winter Design Day, !- Name
  {abccb840-bbb4-44b1-adab-915334138b30}, !- Schedule Type Limits Name
  ,                                       !- Interpolate to Timestep
  24,                                     !- Hour 1
  0,                                      !- Minute 1
  1;                                      !- Value Until Time 1

OS:Schedule:Day,
  {f2b2f317-314b-4064-907e-461b6a784faa}, !- Handle
  Zone West Perimeter Space - Story ground PSZ-AC Occ Sch Summer Design Day, !- Name
  {abccb840-bbb4-44b1-adab-915334138b30}, !- Schedule Type Limits Name
  ,                                       !- Interpolate to Timestep
  24,                                     !- Hour 1
  0,                                      !- Minute 1
  1;                                      !- Value Until Time 1

OS:Schedule:Rule,
  {7c5e72a5-0028-4865-b4d2-42985f3ed6f8}, !- Handle
  Schedule Rule 20,                       !- Name
  {583c26b1-bdc7-406b-ad0c-6ebea56ef1c7}, !- Schedule Ruleset Name
  1,                                      !- Rule Order
  {51d3342f-260e-46dc-a5c0-2cef4237a26e}, !- Day Schedule Name
  ,                                       !- Apply Sunday
  ,                                       !- Apply Monday
  ,                                       !- Apply Tuesday
  ,                                       !- Apply Wednesday
  ,                                       !- Apply Thursday
  ,                                       !- Apply Friday
  Yes,                                    !- Apply Saturday
  DateRange,                              !- Date Specification Type
  1,                                      !- Start Month
  7,                                      !- Start Day
  12,                                     !- End Month
  30;                                     !- End Day

OS:Schedule:Day,
  {51d3342f-260e-46dc-a5c0-2cef4237a26e}, !- Handle
  Schedule Day 27,                        !- Name
  {abccb840-bbb4-44b1-adab-915334138b30}, !- Schedule Type Limits Name
  ,                                       !- Interpolate to Timestep
  24,                                     !- Hour 1
  0,                                      !- Minute 1
  0;                                      !- Value Until Time 1

OS:Schedule:Rule,
  {18006a27-a47e-4950-ab4f-5aaed8864e4d}, !- Handle
  Schedule Rule 21,                       !- Name
  {583c26b1-bdc7-406b-ad0c-6ebea56ef1c7}, !- Schedule Ruleset Name
  0,                                      !- Rule Order
  {3e8706fa-a8d1-4e76-bc8e-31caf8062443}, !- Day Schedule Name
  Yes,                                    !- Apply Sunday
  ,                                       !- Apply Monday
  ,                                       !- Apply Tuesday
  ,                                       !- Apply Wednesday
  ,                                       !- Apply Thursday
  ,                                       !- Apply Friday
  ,                                       !- Apply Saturday
  DateRange,                              !- Date Specification Type
  1,                                      !- Start Month
  1,                                      !- Start Day
  12,                                     !- End Month
  31;                                     !- End Day

OS:Schedule:Day,
  {3e8706fa-a8d1-4e76-bc8e-31caf8062443}, !- Handle
  Schedule Day 28,                        !- Name
  {abccb840-bbb4-44b1-adab-915334138b30}, !- Schedule Type Limits Name
  ,                                       !- Interpolate to Timestep
  24,                                     !- Hour 1
  0,                                      !- Minute 1
  0;                                      !- Value Until Time 1

OS:Schedule:Ruleset,
  {958f3195-6e61-464a-838a-a6355e11fc8e}, !- Handle
  ems_Zone_West_Perimeter_Space___Story_ground_PSZ_AC_maxOASch, !- Name
  {2b24245a-b353-4dec-a9e7-5aa8afaa45e5}, !- Schedule Type Limits Name
  {daed20f0-0279-42e3-97cd-230904945e20}; !- Default Day Schedule Name

OS:Schedule:Day,
  {daed20f0-0279-42e3-97cd-230904945e20}, !- Handle
  ems_Zone_West_Perimeter_Space___Story_ground_PSZ_AC_maxOASch_Default, !- Name
  {2b24245a-b353-4dec-a9e7-5aa8afaa45e5}, !- Schedule Type Limits Name
  ,                                       !- Interpolate to Timestep
  24,                                     !- Hour 1
  0,                                      !- Minute 1
  0.7;                                    !- Value Until Time 1

OS:Curve:Biquadratic,
  {71a47608-0937-4280-bc08-ec1749350bd1}, !- Handle
  CoilClgDXQRatio_fTwbToadbSI,            !- Name
  0.86779,                                !- Coefficient1 Constant
  0.014245,                               !- Coefficient2 x
  0.000554,                               !- Coefficient3 x**2
  -0.007569,                              !- Coefficient4 y
  3.2e-05,                                !- Coefficient5 y**2
  -0.000191,                              !- Coefficient6 x*y
  13.89,                                  !- Minimum Value of x
  25,                                     !- Maximum Value of x
  23.89,                                  !- Minimum Value of y
  46.11,                                  !- Maximum Value of y
  0.77,                                   !- Minimum Curve Output
  1.29;                                   !- Maximum Curve Output

OS:Curve:Quadratic,
  {ad4e8922-216a-400b-a3d8-86b81d60ee8d}, !- Handle
  CoilClgDXSnglQRatio_fCFMRatio,          !- Name
  0.8,                                    !- Coefficient1 Constant
  0.2,                                    !- Coefficient2 x
  0,                                      !- Coefficient3 x**2
  0.5,                                    !- Minimum Value of x
  1.5;                                    !- Maximum Value of x

OS:Curve:Biquadratic,
  {356fda61-b431-44f5-93e7-66eb51d6a06b}, !- Handle
  CoilClgDXEIRRatio_fTwbToadbSI,          !- Name
  0.116709,                               !- Coefficient1 Constant
  0.028458,                               !- Coefficient2 x
  -0.000411,                              !- Coefficient3 x**2
  0.021422,                               !- Coefficient4 y
  0.000162,                               !- Coefficient5 y**2
  -0.00068,                               !- Coefficient6 x*y
  13.89,                                  !- Minimum Value of x
  25,                                     !- Maximum Value of x
  23.89,                                  !- Minimum Value of y
  46.11,                                  !- Maximum Value of y
  0.77,                                   !- Minimum Curve Output
  1.33;                                   !- Maximum Curve Output

OS:Curve:Quadratic,
  {5b322672-1040-412e-b80b-6fb7550b2100}, !- Handle
  CoilClgDXSnglEIRRatio_fCFMRatio,        !- Name
  1.156,                                  !- Coefficient1 Constant
  -0.1816,                                !- Coefficient2 x
  0.0256,                                 !- Coefficient3 x**2
  0,                                      !- Minimum Value of x
  1;                                      !- Maximum Value of x

OS:Curve:Cubic,
  {b89866ac-924a-4154-8c93-19c56439f234}, !- Handle
  CoilClgDXEIRRatio_fQFrac,               !- Name
  0,                                      !- Coefficient1 Constant
  5.1091,                                 !- Coefficient2 x
  -8.5515,                                !- Coefficient3 x**2
  4.4744,                                 !- Coefficient4 x**3
  0.7,                                    !- Minimum Value of x
  1;                                      !- Maximum Value of x

