Time,CORE_ZN ZN PSZ-AC-1:DesPer 1:Des Heat Mass Flow [kg/s],CORE_ZN ZN PSZ-AC-1:DesPer 1:Des Heat Cap [W],CORE_ZN ZN PSZ-AC-1:DesPer 1:Des Cool Mass Flow [kg/s],CORE_ZN ZN PSZ-AC-1:DesPer 1:Des Sens Cool Cap [W],CORE_ZN ZN PSZ-AC-1:DesPer 1:Des Tot Cool Cap [W],CORE_ZN ZN PSZ-AC-1:DesPer 2:Des Heat Mass Flow [kg/s],CORE_ZN ZN PSZ-AC-1:DesPer 2:Des Heat Cap [W],CORE_ZN ZN PSZ-AC-1:DesPer 2:Des Cool Mass Flow [kg/s],CORE_ZN ZN PSZ-AC-1:DesPer 2:Des Sens Cool Cap [W],CORE_ZN ZN PSZ-AC-1:DesPer 2:Des Tot Cool Cap [W],CORE_ZN ZN PSZ-AC-1:DesPer 3:Des Heat Mass Flow [kg/s],CORE_ZN ZN PSZ-AC-1:DesPer 3:Des Heat Cap [W],CORE_ZN ZN PSZ-AC-1:DesPer 3:Des Cool Mass Flow [kg/s],CORE_ZN ZN PSZ-AC-1:DesPer 3:Des Sens Cool Cap [W],CORE_ZN ZN PSZ-AC-1:DesPer 3:Des Tot Cool Cap [W],PERIMETER_ZN_1 ZN PSZ-AC-2:DesPer 1:Des Heat Mass Flow [kg/s],PERIMETER_ZN_1 ZN PSZ-AC-2:DesPer 1:Des Heat Cap [W],PERIMETER_ZN_1 ZN PSZ-AC-2:DesPer 1:Des Cool Mass Flow [kg/s],PERIMETER_ZN_1 ZN PSZ-AC-2:DesPer 1:Des Sens Cool Cap [W],PERIMETER_ZN_1 ZN PSZ-AC-2:DesPer 1:Des Tot Cool Cap [W],PERIMETER_ZN_1 ZN PSZ-AC-2:DesPer 2:Des Heat Mass Flow [kg/s],PERIMETER_ZN_1 ZN PSZ-AC-2:DesPer 2:Des Heat Cap [W],PERIMETER_ZN_1 ZN PSZ-AC-2:DesPer 2:Des Cool Mass Flow [kg/s],PERIMETER_ZN_1 ZN PSZ-AC-2:DesPer 2:Des Sens Cool Cap [W],PERIMETER_ZN_1 ZN PSZ-AC-2:DesPer 2:Des Tot Cool Cap [W],PERIMETER_ZN_1 ZN PSZ-AC-2:DesPer 3:Des Heat Mass Flow [kg/s],PERIMETER_ZN_1 ZN PSZ-AC-2:DesPer 3:Des Heat Cap [W],PERIMETER_ZN_1 ZN PSZ-AC-2:DesPer 3:Des Cool Mass Flow [kg/s],PERIMETER_ZN_1 ZN PSZ-AC-2:DesPer 3:Des Sens Cool Cap [W],PERIMETER_ZN_1 ZN PSZ-AC-2:DesPer 3:Des Tot Cool Cap [W],PERIMETER_ZN_2 ZN PSZ-AC-3:DesPer 1:Des Heat Mass Flow [kg/s],PERIMETER_ZN_2 ZN PSZ-AC-3:DesPer 1:Des Heat Cap [W],PERIMETER_ZN_2 ZN PSZ-AC-3:DesPer 1:Des Cool Mass Flow [kg/s],PERIMETER_ZN_2 ZN PSZ-AC-3:DesPer 1:Des Sens Cool Cap [W],PERIMETER_ZN_2 ZN PSZ-AC-3:DesPer 1:Des Tot Cool Cap [W],PERIMETER_ZN_2 ZN PSZ-AC-3:DesPer 2:Des Heat Mass Flow [kg/s],PERIMETER_ZN_2 ZN PSZ-AC-3:DesPer 2:Des Heat Cap [W],PERIMETER_ZN_2 ZN PSZ-AC-3:DesPer 2:Des Cool Mass Flow [kg/s],PERIMETER_ZN_2 ZN PSZ-AC-3:DesPer 2:Des Sens Cool Cap [W],PERIMETER_ZN_2 ZN PSZ-AC-3:DesPer 2:Des Tot Cool Cap [W],PERIMETER_ZN_2 ZN PSZ-AC-3:DesPer 3:Des Heat Mass Flow [kg/s],PERIMETER_ZN_2 ZN PSZ-AC-3:DesPer 3:Des Heat Cap [W],PERIMETER_ZN_2 ZN PSZ-AC-3:DesPer 3:Des Cool Mass Flow [kg/s],PERIMETER_ZN_2 ZN PSZ-AC-3:DesPer 3:Des Sens Cool Cap [W],PERIMETER_ZN_2 ZN PSZ-AC-3:DesPer 3:Des Tot Cool Cap [W],PERIMETER_ZN_3 ZN PSZ-AC-4:DesPer 1:Des Heat Mass Flow [kg/s],PERIMETER_ZN_3 ZN PSZ-AC-4:DesPer 1:Des Heat Cap [W],PERIMETER_ZN_3 ZN PSZ-AC-4:DesPer 1:Des Cool Mass Flow [kg/s],PERIMETER_ZN_3 ZN PSZ-AC-4:DesPer 1:Des Sens Cool Cap [W],PERIMETER_ZN_3 ZN PSZ-AC-4:DesPer 1:Des Tot Cool Cap [W],PERIMETER_ZN_3 ZN PSZ-AC-4:DesPer 2:Des Heat Mass Flow [kg/s],PERIMETER_ZN_3 ZN PSZ-AC-4:DesPer 2:Des Heat Cap [W],PERIMETER_ZN_3 ZN PSZ-AC-4:DesPer 2:Des Cool Mass Flow [kg/s],PERIMETER_ZN_3 ZN PSZ-AC-4:DesPer 2:Des Sens Cool Cap [W],PERIMETER_ZN_3 ZN PSZ-AC-4:DesPer 2:Des Tot Cool Cap [W],PERIMETER_ZN_3 ZN PSZ-AC-4:DesPer 3:Des Heat Mass Flow [kg/s],PERIMETER_ZN_3 ZN PSZ-AC-4:DesPer 3:Des Heat Cap [W],PERIMETER_ZN_3 ZN PSZ-AC-4:DesPer 3:Des Cool Mass Flow [kg/s],PERIMETER_ZN_3 ZN PSZ-AC-4:DesPer 3:Des Sens Cool Cap [W],PERIMETER_ZN_3 ZN PSZ-AC-4:DesPer 3:Des Tot Cool Cap [W],PERIMETER_ZN_4 ZN PSZ-AC-5:DesPer 1:Des Heat Mass Flow [kg/s],PERIMETER_ZN_4 ZN PSZ-AC-5:DesPer 1:Des Heat Cap [W],PERIMETER_ZN_4 ZN PSZ-AC-5:DesPer 1:Des Cool Mass Flow [kg/s],PERIMETER_ZN_4 ZN PSZ-AC-5:DesPer 1:Des Sens Cool Cap [W],PERIMETER_ZN_4 ZN PSZ-AC-5:DesPer 1:Des Tot Cool Cap [W],PERIMETER_ZN_4 ZN PSZ-AC-5:DesPer 2:Des Heat Mass Flow [kg/s],PERIMETER_ZN_4 ZN PSZ-AC-5:DesPer 2:Des Heat Cap [W],PERIMETER_ZN_4 ZN PSZ-AC-5:DesPer 2:Des Cool Mass Flow [kg/s],PERIMETER_ZN_4 ZN PSZ-AC-5:DesPer 2:Des Sens Cool Cap [W],PERIMETER_ZN_4 ZN PSZ-AC-5:DesPer 2:Des Tot Cool Cap [W],PERIMETER_ZN_4 ZN PSZ-AC-5:DesPer 3:Des Heat Mass Flow [kg/s],PERIMETER_ZN_4 ZN PSZ-AC-5:DesPer 3:Des Heat Cap [W],PERIMETER_ZN_4 ZN PSZ-AC-5:DesPer 3:Des Cool Mass Flow [kg/s],PERIMETER_ZN_4 ZN PSZ-AC-5:DesPer 3:Des Sens Cool Cap [W],PERIMETER_ZN_4 ZN PSZ-AC-5:DesPer 3:Des Tot Cool Cap [W]
00:10:00,7.502470E-02,1.770516E+03,3.579110E-01,4.194036E+03,5.825028E+03,7.502470E-02,2.011761E+03,3.475043E-01,3.836598E+03,6.213631E+03,7.502470E-02,4.244413E+03,7.502470E-02,0.000000E+00,0.000000E+00,5.687358E-02,1.342166E+03,2.738840E-01,3.207886E+03,4.570124E+03,5.687358E-02,1.525045E+03,2.431497E-01,2.681844E+03,4.628648E+03,1.701215E-01,6.505676E+03,5.687358E-02,0.000000E+00,0.000000E+00,3.373814E-02,7.961899E+02,1.722175E-01,2.011766E+03,2.835155E+03,3.373814E-02,9.046765E+02,1.536439E-01,1.695895E+03,2.869721E+03,1.050121E-01,3.978142E+03,3.373814E-02,0.000000E+00,0.000000E+00,5.687358E-02,1.342166E+03,2.768076E-01,3.240523E+03,4.610232E+03,5.687358E-02,1.525045E+03,2.454896E-01,2.707962E+03,4.663672E+03,1.728335E-01,6.584440E+03,5.687358E-02,0.000000E+00,0.000000E+00,3.373814E-02,7.961899E+02,1.834559E-01,2.137241E+03,2.967183E+03,3.373814E-02,9.046765E+02,1.642876E-01,1.814728E+03,2.996092E+03,1.060602E-01,4.008572E+03,3.373814E-02,0.000000E+00,0.000000E+00
00:20:00,7.502470E-02,1.777678E+03,3.574011E-01,4.181180E+03,5.811750E+03,7.502470E-02,2.018923E+03,3.469915E-01,3.823711E+03,6.200295E+03,7.502470E-02,4.244413E+03,7.502470E-02,0.000000E+00,0.000000E+00,5.687358E-02,1.347595E+03,2.723925E-01,3.185806E+03,4.545748E+03,5.687358E-02,1.530475E+03,2.417847E-01,2.661175E+03,4.607974E+03,1.701113E-01,6.505380E+03,5.687358E-02,0.000000E+00,0.000000E+00,3.373814E-02,7.994106E+02,1.711755E-01,1.996912E+03,2.818763E+03,3.373814E-02,9.078972E+02,1.526842E-01,1.681960E+03,2.855867E+03,1.050067E-01,3.977984E+03,3.373814E-02,0.000000E+00,0.000000E+00,5.687358E-02,1.347595E+03,2.752511E-01,3.217717E+03,4.585041E+03,5.687358E-02,1.530475E+03,2.440846E-01,2.686847E+03,4.642612E+03,1.728233E-01,6.584143E+03,5.687358E-02,0.000000E+00,0.000000E+00,3.373814E-02,7.994106E+02,1.820337E-01,2.118143E+03,2.946378E+03,3.373814E-02,9.078972E+02,1.629561E-01,1.796642E+03,2.978007E+03,1.060548E-01,4.008415E+03,3.373814E-02,0.000000E+00,0.000000E+00
00:30:00,7.502470E-02,1.784840E+03,3.568981E-01,4.168402E+03,5.798552E+03,7.502470E-02,2.026085E+03,3.464855E-01,3.810900E+03,6.187038E+03,7.502470E-02,4.244413E+03,7.502470E-02,0.000000E+00,0.000000E+00,5.687358E-02,1.353024E+03,2.709355E-01,3.164111E+03,4.521811E+03,5.687358E-02,1.535904E+03,2.404362E-01,2.640691E+03,4.587634E+03,1.701011E-01,6.505086E+03,5.687358E-02,0.000000E+00,0.000000E+00,3.373814E-02,8.026313E+02,1.701571E-01,1.982323E+03,2.802673E+03,3.373814E-02,9.111179E+02,1.517367E-01,1.668160E+03,2.842238E+03,1.050013E-01,3.977828E+03,3.373814E-02,0.000000E+00,0.000000E+00,5.687358E-02,1.353024E+03,2.737344E-01,3.195356E+03,4.560352E+03,5.687358E-02,1.535904E+03,2.427035E-01,2.665999E+03,4.621983E+03,1.728132E-01,6.583849E+03,5.687358E-02,0.000000E+00,0.000000E+00,3.373814E-02,8.026313E+02,1.806627E-01,2.099615E+03,2.926193E+03,3.373814E-02,9.111179E+02,1.616691E-01,1.779052E+03,2.960516E+03,1.060494E-01,4.008260E+03,3.373814E-02,0.000000E+00,0.000000E+00
00:40:00,7.502470E-02,1.792002E+03,3.564015E-01,4.155696E+03,5.785426E+03,7.502470E-02,2.033247E+03,3.459860E-01,3.798160E+03,6.173852E+03,7.502470E-02,4.244413E+03,7.502470E-02,0.000000E+00,0.000000E+00,5.687358E-02,1.358453E+03,2.695119E-01,3.142788E+03,4.498295E+03,5.687358E-02,1.541333E+03,2.391071E-01,2.620423E+03,4.567604E+03,1.700911E-01,6.504794E+03,5.687358E-02,0.000000E+00,0.000000E+00,3.373814E-02,8.058520E+02,1.691616E-01,1.967988E+03,2.786871E+03,3.373814E-02,9.143386E+02,1.508025E-01,1.654510E+03,2.828810E+03,1.049960E-01,3.977674E+03,3.373814E-02,0.000000E+00,0.000000E+00,5.687358E-02,1.358453E+03,2.722557E-01,3.173418E+03,4.536140E+03,5.687358E-02,1.541333E+03,2.413405E-01,2.645352E+03,4.601641E+03,1.728031E-01,6.583557E+03,5.687358E-02,0.000000E+00,0.000000E+00,3.373814E-02,8.058520E+02,1.793391E-01,2.081618E+03,2.906583E+03,3.373814E-02,9.143386E+02,1.604216E-01,1.761903E+03,2.943521E+03,1.060441E-01,4.008106E+03,3.373814E-02,0.000000E+00,0.000000E+00
00:50:00,7.502470E-02,1.799164E+03,3.559109E-01,4.143056E+03,5.772369E+03,7.502470E-02,2.040409E+03,3.454923E-01,3.785487E+03,6.150380E+03,7.502470E-02,4.244413E+03,7.502470E-02,0.000000E+00,0.000000E+00,5.687358E-02,1.363883E+03,2.681204E-01,3.121825E+03,4.475182E+03,5.687358E-02,1.546762E+03,2.377975E-01,2.600372E+03,4.540014E+03,1.700811E-01,6.504505E+03,5.687358E-02,0.000000E+00,0.000000E+00,3.373814E-02,8.090727E+02,1.681880E-01,1.953899E+03,2.771343E+03,3.373814E-02,9.175593E+02,1.498821E-01,1.641013E+03,2.810917E+03,1.049907E-01,3.977520E+03,3.373814E-02,0.000000E+00,0.000000E+00,5.687358E-02,1.363883E+03,2.708134E-01,3.151886E+03,4.512381E+03,5.687358E-02,1.546762E+03,2.399967E-01,2.624920E+03,4.573730E+03,1.727932E-01,6.583268E+03,5.687358E-02,0.000000E+00,0.000000E+00,3.373814E-02,8.090727E+02,1.780598E-01,2.064114E+03,2.887505E+03,3.373814E-02,9.175593E+02,1.592073E-01,1.745125E+03,2.922275E+03,1.060388E-01,4.007953E+03,3.373814E-02,0.000000E+00,0.000000E+00
01:00:00,7.502470E-02,1.806326E+03,3.554258E-01,4.130478E+03,5.759375E+03,7.502470E-02,2.047571E+03,3.450043E-01,3.772875E+03,6.116650E+03,7.502470E-02,4.244413E+03,7.502470E-02,0.000000E+00,0.000000E+00,5.687358E-02,1.369312E+03,2.667600E-01,3.101208E+03,4.452455E+03,5.687358E-02,1.552191E+03,2.365068E-01,2.580533E+03,4.504722E+03,1.700712E-01,6.504217E+03,5.687358E-02,0.000000E+00,0.000000E+00,3.373814E-02,8.122934E+02,1.672358E-01,1.940047E+03,2.756078E+03,3.373814E-02,9.207800E+02,1.489753E-01,1.627667E+03,2.788462E+03,1.049855E-01,3.977368E+03,3.373814E-02,0.000000E+00,0.000000E+00,5.687358E-02,1.369312E+03,2.694060E-01,3.130745E+03,4.489053E+03,5.687358E-02,1.552191E+03,2.386735E-01,2.604717E+03,4.538127E+03,1.727833E-01,6.582981E+03,5.687358E-02,0.000000E+00,0.000000E+00,3.373814E-02,8.122934E+02,1.768217E-01,2.047071E+03,2.868921E+03,3.373814E-02,9.207800E+02,1.580247E-01,1.728700E+03,2.896659E+03,1.060336E-01,4.007801E+03,3.373814E-02,0.000000E+00,0.000000E+00
01:10:00,7.502470E-02,1.811100E+03,3.549590E-01,4.120492E+03,5.749052E+03,7.502470E-02,2.052346E+03,3.445348E-01,3.762859E+03,6.092555E+03,7.502470E-02,4.244413E+03,7.502470E-02,0.000000E+00,0.000000E+00,5.687358E-02,1.372931E+03,2.654435E-01,3.082891E+03,4.432137E+03,5.687358E-02,1.555811E+03,2.352496E-01,2.562876E+03,4.476673E+03,1.700719E-01,6.504238E+03,5.687358E-02,0.000000E+00,0.000000E+00,3.373814E-02,8.144405E+02,1.663117E-01,1.927583E+03,2.742265E+03,3.373814E-02,9.229271E+02,1.480899E-01,1.615635E+03,2.770276E+03,1.049859E-01,3.977379E+03,3.373814E-02,0.000000E+00,0.000000E+00,5.687358E-02,1.372931E+03,2.680459E-01,3.111942E+03,4.468177E+03,5.687358E-02,1.555811E+03,2.373853E-01,2.586714E+03,4.509764E+03,1.727840E-01,6.583002E+03,5.687358E-02,0.000000E+00,0.000000E+00,3.373814E-02,8.144405E+02,1.756300E-01,2.031620E+03,2.852001E+03,3.373814E-02,9.229271E+02,1.568808E-01,1.713781E+03,2.875490E+03,1.060340E-01,4.007812E+03,3.373814E-02,0.000000E+00,0.000000E+00
01:20:00,7.502470E-02,1.815875E+03,3.544971E-01,4.110560E+03,5.738786E+03,7.502470E-02,2.057120E+03,3.440702E-01,3.752898E+03,6.068566E+03,7.502470E-02,4.244413E+03,7.502470E-02,0.000000E+00,0.000000E+00,5.687358E-02,1.376551E+03,2.641644E-01,3.064991E+03,4.412321E+03,5.687358E-02,1.559430E+03,2.340199E-01,2.545527E+03,4.448634E+03,1.700727E-01,6.504259E+03,5.687358E-02,0.000000E+00,0.000000E+00,3.373814E-02,8.165876E+02,1.654123E-01,1.915395E+03,2.728785E+03,3.373814E-02,9.250742E+02,1.472230E-01,1.603809E+03,2.752076E+03,1.049862E-01,3.977390E+03,3.373814E-02,0.000000E+00,0.000000E+00,5.687358E-02,1.376551E+03,2.667269E-01,3.093596E+03,4.447848E+03,5.687358E-02,1.559430E+03,2.361265E-01,2.569040E+03,4.481412E+03,1.727847E-01,6.583022E+03,5.687358E-02,0.000000E+00,0.000000E+00,3.373814E-02,8.165876E+02,1.744797E-01,2.016630E+03,2.835607E+03,3.373814E-02,9.250742E+02,1.557713E-01,1.699246E+03,2.854473E+03,1.060344E-01,4.007823E+03,3.373814E-02,0.000000E+00,0.000000E+00
01:30:00,7.502470E-02,1.820650E+03,3.540400E-01,4.100681E+03,5.728574E+03,7.502470E-02,2.061895E+03,3.436104E-01,3.742989E+03,6.044680E+03,7.502470E-02,4.244413E+03,7.502470E-02,0.000000E+00,0.000000E+00,5.687358E-02,1.380170E+03,2.629223E-01,3.047504E+03,4.393009E+03,5.687358E-02,1.563050E+03,2.328181E-01,2.528489E+03,4.420662E+03,1.700734E-01,6.504280E+03,5.687358E-02,0.000000E+00,0.000000E+00,3.373814E-02,8.187348E+02,1.645373E-01,1.903480E+03,2.715640E+03,3.373814E-02,9.272214E+02,1.463749E-01,1.592192E+03,2.733908E+03,1.049866E-01,3.977401E+03,3.373814E-02,0.000000E+00,0.000000E+00,5.687358E-02,1.380170E+03,2.654480E-01,3.075700E+03,4.428066E+03,5.687358E-02,1.563050E+03,2.348974E-01,2.551698E+03,4.453134E+03,1.727854E-01,6.583043E+03,5.687358E-02,0.000000E+00,0.000000E+00,3.373814E-02,8.187348E+02,1.733688E-01,2.002081E+03,2.819724E+03,3.373814E-02,9.272214E+02,1.546949E-01,1.685082E+03,2.833645E+03,1.060348E-01,4.007834E+03,3.373814E-02,0.000000E+00,0.000000E+00
01:40:00,7.502470E-02,1.825424E+03,3.535876E-01,4.090855E+03,5.718416E+03,7.502470E-02,2.066670E+03,3.431553E-01,3.733133E+03,6.020897E+03,7.502470E-02,4.244413E+03,7.502470E-02,0.000000E+00,0.000000E+00,5.687358E-02,1.383790E+03,2.617167E-01,3.030426E+03,4.374191E+03,5.687358E-02,1.566669E+03,2.316445E-01,2.511766E+03,4.392846E+03,1.700741E-01,6.504300E+03,5.687358E-02,0.000000E+00,0.000000E+00,3.373814E-02,8.208819E+02,1.636864E-01,1.891833E+03,2.702823E+03,3.373814E-02,9.293685E+02,1.455456E-01,1.580786E+03,2.715837E+03,1.049870E-01,3.977412E+03,3.373814E-02,0.000000E+00,0.000000E+00,5.687358E-02,1.383790E+03,2.642088E-01,3.058245E+03,4.408816E+03,5.687358E-02,1.566669E+03,2.336984E-01,2.534691E+03,4.425023E+03,1.727861E-01,6.583063E+03,5.687358E-02,0.000000E+00,0.000000E+00,3.373814E-02,8.208819E+02,1.722957E-01,1.987954E+03,2.804329E+03,3.373814E-02,9.293685E+02,1.536507E-01,1.671275E+03,2.813063E+03,1.060351E-01,4.007845E+03,3.373814E-02,0.000000E+00,0.000000E+00
01:50:00,7.502470E-02,1.830199E+03,3.531398E-01,4.081081E+03,5.708313E+03,7.502470E-02,2.071444E+03,3.427047E-01,3.723327E+03,5.997216E+03,7.502470E-02,4.244413E+03,7.502470E-02,0.000000E+00,0.000000E+00,5.687358E-02,1.387409E+03,2.605473E-01,3.013751E+03,4.355854E+03,5.687358E-02,1.570289E+03,2.304999E-01,2.495367E+03,4.365269E+03,1.700748E-01,6.504321E+03,5.687358E-02,0.000000E+00,0.000000E+00,3.373814E-02,8.230290E+02,1.628593E-01,1.880452E+03,2.690321E+03,3.373814E-02,9.315156E+02,1.447355E-01,1.569594E+03,2.697920E+03,1.049874E-01,3.977423E+03,3.373814E-02,0.000000E+00,0.000000E+00,5.687358E-02,1.387409E+03,2.630085E-01,3.041226E+03,4.390081E+03,5.687358E-02,1.570289E+03,2.325301E-01,2.518028E+03,4.397164E+03,1.727868E-01,6.583084E+03,5.687358E-02,0.000000E+00,0.000000E+00,3.373814E-02,8.230290E+02,1.712591E-01,1.974233E+03,2.789395E+03,3.373814E-02,9.315156E+02,1.526378E-01,1.657819E+03,2.792774E+03,1.060355E-01,4.007856E+03,3.373814E-02,0.000000E+00,0.000000E+00
02:00:00,7.502470E-02,1.834974E+03,3.526967E-01,4.071359E+03,5.698263E+03,7.502470E-02,2.076219E+03,3.422587E-01,3.713573E+03,5.973636E+03,7.502470E-02,4.244413E+03,7.502470E-02,0.000000E+00,0.000000E+00,5.687358E-02,1.391029E+03,2.594138E-01,2.997477E+03,4.337984E+03,5.687358E-02,1.573908E+03,2.293853E-01,2.479303E+03,4.337996E+03,1.700755E-01,6.504341E+03,5.687358E-02,0.000000E+00,0.000000E+00,3.373814E-02,8.251762E+02,1.620558E-01,1.869335E+03,2.678124E+03,3.373814E-02,9.336627E+02,1.439453E-01,1.558624E+03,2.680197E+03,1.049877E-01,3.977434E+03,3.373814E-02,0.000000E+00,0.000000E+00,5.687358E-02,1.391029E+03,2.618467E-01,3.024636E+03,4.371845E+03,5.687358E-02,1.573908E+03,2.313934E-01,2.501717E+03,4.369622E+03,1.727875E-01,6.583104E+03,5.687358E-02,0.000000E+00,0.000000E+00,3.373814E-02,8.251762E+02,1.702576E-01,1.960906E+03,2.774901E+03,3.373814E-02,9.336627E+02,1.516557E-01,1.644707E+03,2.772809E+03,1.060359E-01,4.007867E+03,3.373814E-02,0.000000E+00,0.000000E+00
02:10:00,7.502470E-02,1.838555E+03,3.522583E-01,4.062883E+03,5.689488E+03,7.502470E-02,2.079800E+03,3.418172E-01,3.705063E+03,5.954733E+03,7.502470E-02,4.244413E+03,7.502470E-02,0.000000E+00,0.000000E+00,5.687358E-02,1.393743E+03,2.583070E-01,2.982407E+03,4.321378E+03,5.687358E-02,1.576623E+03,2.282939E-01,2.464403E+03,4.314430E+03,1.700761E-01,6.504361E+03,5.687358E-02,0.000000E+00,0.000000E+00,3.373814E-02,8.267865E+02,1.612704E-01,1.858956E+03,2.666704E+03,3.373814E-02,9.352731E+02,1.431708E-01,1.548368E+03,2.664694E+03,1.049881E-01,3.977444E+03,3.373814E-02,0.000000E+00,0.000000E+00,5.687358E-02,1.393743E+03,2.607141E-01,3.009277E+03,4.354904E+03,5.687358E-02,1.576623E+03,2.302815E-01,2.486588E+03,4.345807E+03,1.727882E-01,6.583124E+03,5.687358E-02,0.000000E+00,0.000000E+00,3.373814E-02,8.267865E+02,1.692849E-01,1.948436E+03,2.761306E+03,3.373814E-02,9.352731E+02,1.506996E-01,1.632422E+03,2.755182E+03,1.060362E-01,4.007877E+03,3.373814E-02,0.000000E+00,0.000000E+00
02:20:00,7.502470E-02,1.842135E+03,3.518244E-01,4.054458E+03,5.680766E+03,7.502470E-02,2.083381E+03,3.413802E-01,3.696603E+03,5.935910E+03,7.502470E-02,4.244413E+03,7.502470E-02,0.000000E+00,0.000000E+00,5.687358E-02,1.396458E+03,2.572266E-01,2.967630E+03,4.305119E+03,5.687358E-02,1.579338E+03,2.272253E-01,2.449758E+03,4.291098E+03,1.700768E-01,6.504380E+03,5.687358E-02,0.000000E+00,0.000000E+00,3.373814E-02,8.283969E+02,1.605030E-01,1.848778E+03,2.655520E+03,3.373814E-02,9.368834E+02,1.424121E-01,1.538287E+03,2.649351E+03,1.049885E-01,3.977455E+03,3.373814E-02,0.000000E+00,0.000000E+00,5.687358E-02,1.396458E+03,2.596097E-01,2.994233E+03,4.338333E+03,5.687358E-02,1.579338E+03,2.291940E-01,2.471732E+03,4.322240E+03,1.727889E-01,6.583144E+03,5.687358E-02,0.000000E+00,0.000000E+00,3.373814E-02,8.283969E+02,1.683398E-01,1.936274E+03,2.748060E+03,3.373814E-02,9.368834E+02,1.497684E-01,1.620416E+03,2.737825E+03,1.060366E-01,4.007888E+03,3.373814E-02,0.000000E+00,0.000000E+00
02:30:00,7.502470E-02,1.845716E+03,3.513950E-01,4.046083E+03,5.672097E+03,7.502470E-02,2.086962E+03,3.409476E-01,3.688192E+03,5.917165E+03,7.502470E-02,4.244413E+03,7.502470E-02,0.000000E+00,0.000000E+00,5.687358E-02,1.399173E+03,2.561722E-01,2.953144E+03,4.289206E+03,5.687358E-02,1.582052E+03,2.261795E-01,2.435367E+03,4.268010E+03,1.700775E-01,6.504400E+03,5.687358E-02,0.000000E+00,0.000000E+00,3.373814E-02,8.300072E+02,1.597532E-01,1.838797E+03,2.644571E+03,3.373814E-02,9.384938E+02,1.416690E-01,1.528379E+03,2.634176E+03,1.049888E-01,3.977465E+03,3.373814E-02,0.000000E+00,0.000000E+00,5.687358E-02,1.399173E+03,2.585332E-01,2.979499E+03,4.322131E+03,5.687358E-02,1.582052E+03,2.281306E-01,2.457145E+03,4.298933E+03,1.727896E-01,6.583163E+03,5.687358E-02,0.000000E+00,0.000000E+00,3.373814E-02,8.300072E+02,1.674215E-01,1.924411E+03,2.735153E+03,3.373814E-02,9.384938E+02,1.488615E-01,1.608680E+03,2.720736E+03,1.060370E-01,4.007898E+03,3.373814E-02,0.000000E+00,0.000000E+00
02:40:00,7.502470E-02,1.849297E+03,3.509701E-01,4.037758E+03,5.663479E+03,7.502470E-02,2.090543E+03,3.405193E-01,3.679829E+03,5.898496E+03,7.502470E-02,4.244413E+03,7.502470E-02,0.000000E+00,0.000000E+00,5.687358E-02,1.401887E+03,2.551434E-01,2.938943E+03,4.273628E+03,5.687358E-02,1.584767E+03,2.251562E-01,2.421228E+03,4.245177E+03,1.700782E-01,6.504420E+03,5.687358E-02,0.000000E+00,0.000000E+00,3.373814E-02,8.316175E+02,1.590208E-01,1.829010E+03,2.633849E+03,3.373814E-02,9.401041E+02,1.409413E-01,1.518645E+03,2.619175E+03,1.049892E-01,3.977476E+03,3.373814E-02,0.000000E+00,0.000000E+00,5.687358E-02,1.401887E+03,2.574838E-01,2.965070E+03,4.306286E+03,5.687358E-02,1.584767E+03,2.270910E-01,2.442824E+03,4.275894E+03,1.727902E-01,6.583183E+03,5.687358E-02,0.000000E+00,0.000000E+00,3.373814E-02,8.316175E+02,1.665288E-01,1.912835E+03,2.722572E+03,3.373814E-02,9.401041E+02,1.479779E-01,1.597204E+03,2.703915E+03,1.060373E-01,4.007909E+03,3.373814E-02,0.000000E+00,0.000000E+00
02:50:00,7.502470E-02,1.852878E+03,3.505496E-01,4.029481E+03,5.654911E+03,7.502470E-02,2.094124E+03,3.400953E-01,3.671513E+03,5.879905E+03,7.502470E-02,4.244413E+03,7.502470E-02,0.000000E+00,0.000000E+00,5.687358E-02,1.404602E+03,2.541397E-01,2.925023E+03,4.258375E+03,5.687358E-02,1.587482E+03,2.241553E-01,2.407339E+03,4.222608E+03,1.700788E-01,6.504439E+03,5.687358E-02,0.000000E+00,0.000000E+00,3.373814E-02,8.332279E+02,1.583055E-01,1.819414E+03,2.623348E+03,3.373814E-02,9.417145E+02,1.402290E-01,1.509081E+03,2.604354E+03,1.049895E-01,3.977486E+03,3.373814E-02,0.000000E+00,0.000000E+00,5.687358E-02,1.404602E+03,2.564612E-01,2.950939E+03,4.290785E+03,5.687358E-02,1.587482E+03,2.260750E-01,2.428766E+03,4.253132E+03,1.727909E-01,6.583202E+03,5.687358E-02,0.000000E+00,0.000000E+00,3.373814E-02,8.332279E+02,1.656611E-01,1.901537E+03,2.710301E+03,3.373814E-02,9.417145E+02,1.471170E-01,1.585983E+03,2.687359E+03,1.060377E-01,4.007919E+03,3.373814E-02,0.000000E+00,0.000000E+00
03:00:00,7.502470E-02,1.856459E+03,3.501333E-01,4.021252E+03,5.646394E+03,7.502470E-02,2.097705E+03,3.396754E-01,3.663245E+03,5.861388E+03,7.502470E-02,4.244413E+03,7.502470E-02,0.000000E+00,0.000000E+00,5.687358E-02,1.407316E+03,2.531608E-01,2.911380E+03,4.243439E+03,5.687358E-02,1.590196E+03,2.231767E-01,2.393699E+03,4.200310E+03,1.700795E-01,6.504458E+03,5.687358E-02,0.000000E+00,0.000000E+00,3.373814E-02,8.348382E+02,1.576071E-01,1.810006E+03,2.613061E+03,3.373814E-02,9.433248E+02,1.395318E-01,1.499688E+03,2.589715E+03,1.049899E-01,3.977496E+03,3.373814E-02,0.000000E+00,0.000000E+00,5.687358E-02,1.407316E+03,2.554648E-01,2.937100E+03,4.275618E+03,5.687358E-02,1.590196E+03,2.250823E-01,2.414969E+03,4.230654E+03,1.727915E-01,6.583221E+03,5.687358E-02,0.000000E+00,0.000000E+00,3.373814E-02,8.348382E+02,1.648173E-01,1.890507E+03,2.698326E+03,3.373814E-02,9.433248E+02,1.462781E-01,1.575007E+03,2.671067E+03,1.060380E-01,4.007929E+03,3.373814E-02,0.000000E+00,0.000000E+00
03:10:00,7.502470E-02,1.860040E+03,3.497212E-01,4.013071E+03,5.637925E+03,7.502470E-02,2.101286E+03,3.392597E-01,3.655022E+03,5.842946E+03,7.502470E-02,4.244413E+03,7.502470E-02,0.000000E+00,0.000000E+00,5.687358E-02,1.410031E+03,2.521982E-01,2.897919E+03,4.228700E+03,5.687358E-02,1.592911E+03,2.222122E-01,2.380217E+03,4.178174E+03,1.700802E-01,6.504477E+03,5.687358E-02,0.000000E+00,0.000000E+00,3.373814E-02,8.364486E+02,1.569204E-01,1.800730E+03,2.602915E+03,3.373814E-02,9.449352E+02,1.388451E-01,1.490411E+03,2.575198E+03,1.049902E-01,3.977506E+03,3.373814E-02,0.000000E+00,0.000000E+00,5.687358E-02,1.410031E+03,2.544859E-01,2.923456E+03,4.260663E+03,5.687358E-02,1.592911E+03,2.241048E-01,2.401341E+03,4.208351E+03,1.727922E-01,6.583240E+03,5.687358E-02,0.000000E+00,0.000000E+00,3.373814E-02,8.364486E+02,1.639919E-01,1.879681E+03,2.686568E+03,3.373814E-02,9.449352E+02,1.454560E-01,1.564218E+03,2.654969E+03,1.060384E-01,4.007939E+03,3.373814E-02,0.000000E+00,0.000000E+00
03:20:00,7.502470E-02,1.863621E+03,3.493133E-01,4.004935E+03,5.629503E+03,7.502470E-02,2.104867E+03,3.388480E-01,3.646844E+03,5.824577E+03,7.502470E-02,4.244413E+03,7.502470E-02,0.000000E+00,0.000000E+00,5.687358E-02,1.412746E+03,2.512513E-01,2.884633E+03,4.214150E+03,5.687358E-02,1.595625E+03,2.212612E-01,2.366885E+03,4.156197E+03,1.700808E-01,6.504496E+03,5.687358E-02,0.000000E+00,0.000000E+00,3.373814E-02,8.380589E+02,1.562452E-01,1.791581E+03,2.592907E+03,3.373814E-02,9.465455E+02,1.381686E-01,1.481247E+03,2.560798E+03,1.049906E-01,3.977516E+03,3.373814E-02,0.000000E+00,0.000000E+00,5.687358E-02,1.412746E+03,2.535235E-01,2.909997E+03,4.245906E+03,5.687358E-02,1.595625E+03,2.231416E-01,2.387873E+03,4.186216E+03,1.727929E-01,6.583259E+03,5.687358E-02,0.000000E+00,0.000000E+00,3.373814E-02,8.380589E+02,1.631839E-01,1.869050E+03,2.675017E+03,3.373814E-02,9.465455E+02,1.446498E-01,1.553607E+03,2.639057E+03,1.060387E-01,4.007949E+03,3.373814E-02,0.000000E+00,0.000000E+00
03:30:00,7.502470E-02,1.867202E+03,3.489092E-01,3.996842E+03,5.621126E+03,7.502470E-02,2.108448E+03,3.384401E-01,3.638709E+03,5.806279E+03,7.502470E-02,4.244413E+03,7.502470E-02,0.000000E+00,0.000000E+00,5.687358E-02,1.415460E+03,2.503195E-01,2.871515E+03,4.199780E+03,5.687358E-02,1.598340E+03,2.203232E-01,2.353697E+03,4.134375E+03,1.700815E-01,6.504515E+03,5.687358E-02,0.000000E+00,0.000000E+00,3.373814E-02,8.396693E+02,1.555810E-01,1.782556E+03,2.583031E+03,3.373814E-02,9.481559E+02,1.375017E-01,1.472192E+03,2.546514E+03,1.049909E-01,3.977526E+03,3.373814E-02,0.000000E+00,0.000000E+00,5.687358E-02,1.415460E+03,2.525769E-01,2.896715E+03,4.231339E+03,5.687358E-02,1.598340E+03,2.221920E-01,2.374557E+03,4.164243E+03,1.727935E-01,6.583278E+03,5.687358E-02,0.000000E+00,0.000000E+00,3.373814E-02,8.396693E+02,1.623925E-01,1.858604E+03,2.663662E+03,3.373814E-02,9.481559E+02,1.438587E-01,1.543165E+03,2.623324E+03,1.060391E-01,4.007959E+03,3.373814E-02,0.000000E+00,0.000000E+00
03:40:00,7.502470E-02,1.870783E+03,3.485088E-01,3.988791E+03,5.612792E+03,7.502470E-02,2.112029E+03,3.380358E-01,3.630614E+03,5.788051E+03,7.502470E-02,4.244413E+03,7.502470E-02,0.000000E+00,0.000000E+00,5.687358E-02,1.418175E+03,2.494022E-01,2.858559E+03,4.185583E+03,5.687358E-02,1.601055E+03,2.193974E-01,2.340647E+03,4.112703E+03,1.700821E-01,6.504533E+03,5.687358E-02,0.000000E+00,0.000000E+00,3.373814E-02,8.412796E+02,1.549275E-01,1.773648E+03,2.573280E+03,3.373814E-02,9.497662E+02,1.368441E-01,1.463241E+03,2.532342E+03,1.049913E-01,3.977536E+03,3.373814E-02,0.000000E+00,0.000000E+00,5.687358E-02,1.418175E+03,2.516454E-01,2.883600E+03,4.216950E+03,5.687358E-02,1.601055E+03,2.212553E-01,2.361384E+03,4.142426E+03,1.727941E-01,6.583296E+03,5.687358E-02,0.000000E+00,0.000000E+00,3.373814E-02,8.412796E+02,1.616169E-01,1.848334E+03,2.652492E+03,3.373814E-02,9.497662E+02,1.430820E-01,1.532883E+03,2.607761E+03,1.060394E-01,4.007969E+03,3.373814E-02,0.000000E+00,0.000000E+00
03:50:00,7.502470E-02,1.874364E+03,3.481121E-01,3.980780E+03,5.604499E+03,7.502470E-02,2.115610E+03,3.376351E-01,3.622559E+03,5.769889E+03,7.502470E-02,4.244413E+03,7.502470E-02,0.000000E+00,0.000000E+00,5.687358E-02,1.420890E+03,2.484987E-01,2.845758E+03,4.171549E+03,5.687358E-02,1.603769E+03,2.184834E-01,2.327728E+03,4.091175E+03,1.700827E-01,6.504552E+03,5.687358E-02,0.000000E+00,0.000000E+00,3.373814E-02,8.428900E+02,1.542840E-01,1.764855E+03,2.563648E+03,3.373814E-02,9.513766E+02,1.361955E-01,1.454389E+03,2.518277E+03,1.049916E-01,3.977546E+03,3.373814E-02,0.000000E+00,0.000000E+00,5.687358E-02,1.420890E+03,2.507282E-01,2.870646E+03,4.202731E+03,5.687358E-02,1.603769E+03,2.203308E-01,2.348348E+03,4.120758E+03,1.727948E-01,6.583315E+03,5.687358E-02,0.000000E+00,0.000000E+00,3.373814E-02,8.428900E+02,1.608563E-01,1.838232E+03,2.641498E+03,3.373814E-02,9.513766E+02,1.423189E-01,1.522753E+03,2.592361E+03,1.060397E-01,4.007979E+03,3.373814E-02,0.000000E+00,0.000000E+00
04:00:00,7.502470E-02,1.877945E+03,3.477187E-01,3.972807E+03,5.596246E+03,7.502470E-02,2.119191E+03,3.372377E-01,3.614541E+03,5.751793E+03,7.502470E-02,4.244413E+03,7.502470E-02,0.000000E+00,0.000000E+00,5.687358E-02,1.423604E+03,2.476086E-01,2.833105E+03,4.157673E+03,5.687358E-02,1.606484E+03,2.175806E-01,2.314934E+03,4.069786E+03,1.700834E-01,6.504570E+03,5.687358E-02,0.000000E+00,0.000000E+00,3.373814E-02,8.445003E+02,1.536504E-01,1.756170E+03,2.554132E+03,3.373814E-02,9.529869E+02,1.355554E-01,1.445632E+03,2.504316E+03,1.049920E-01,3.977556E+03,3.373814E-02,0.000000E+00,0.000000E+00,5.687358E-02,1.423604E+03,2.498247E-01,2.857844E+03,4.188673E+03,5.687358E-02,1.606484E+03,2.194178E-01,2.335441E+03,4.099232E+03,1.727954E-01,6.583333E+03,5.687358E-02,0.000000E+00,0.000000E+00,3.373814E-02,8.445003E+02,1.601099E-01,1.828289E+03,2.630671E+03,3.373814E-02,9.529869E+02,1.415686E-01,1.512767E+03,2.577115E+03,1.060401E-01,4.007989E+03,3.373814E-02,0.000000E+00,0.000000E+00
04:10:00,7.502470E-02,1.880333E+03,3.473286E-01,3.966064E+03,5.589251E+03,7.502470E-02,2.121578E+03,3.368436E-01,3.607753E+03,5.738233E+03,7.502470E-02,4.244413E+03,7.502470E-02,0.000000E+00,0.000000E+00,5.687358E-02,1.425414E+03,2.467384E-01,2.821581E+03,4.144971E+03,5.687358E-02,1.608294E+03,2.166969E-01,2.303259E+03,4.052042E+03,1.700840E-01,6.504588E+03,5.687358E-02,0.000000E+00,0.000000E+00,3.373814E-02,8.455739E+02,1.530305E-01,1.748176E+03,2.545334E+03,3.373814E-02,9.540605E+02,1.349284E-01,1.437558E+03,2.492536E+03,1.049923E-01,3.977566E+03,3.373814E-02,0.000000E+00,0.000000E+00,5.687358E-02,1.425414E+03,2.489418E-01,2.846177E+03,4.175796E+03,5.687358E-02,1.608294E+03,2.185243E-01,2.323656E+03,4.081355E+03,1.727960E-01,6.583351E+03,5.687358E-02,0.000000E+00,0.000000E+00,3.373814E-02,8.455739E+02,1.593816E-01,1.819085E+03,2.620611E+03,3.373814E-02,9.540605E+02,1.408357E-01,1.503510E+03,2.564099E+03,1.060404E-01,4.007998E+03,3.373814E-02,0.000000E+00,0.000000E+00
04:20:00,7.502470E-02,1.882720E+03,3.469416E-01,3.959357E+03,5.582294E+03,7.502470E-02,2.123966E+03,3.364526E-01,3.601001E+03,5.724721E+03,7.502470E-02,4.244413E+03,7.502470E-02,0.000000E+00,0.000000E+00,5.687358E-02,1.427224E+03,2.458881E-01,2.810278E+03,4.132532E+03,5.687358E-02,1.610103E+03,2.158322E-01,2.291795E+03,4.034537E+03,1.700846E-01,6.504606E+03,5.687358E-02,0.000000E+00,0.000000E+00,3.373814E-02,8.466475E+02,1.524240E-01,1.740332E+03,2.536714E+03,3.373814E-02,9.551341E+02,1.343143E-01,1.429629E+03,2.480919E+03,1.049926E-01,3.977575E+03,3.373814E-02,0.000000E+00,0.000000E+00,5.687358E-02,1.427224E+03,2.480793E-01,2.834739E+03,4.163191E+03,5.687358E-02,1.610103E+03,2.176503E-01,2.312089E+03,4.063724E+03,1.727966E-01,6.583369E+03,5.687358E-02,0.000000E+00,0.000000E+00,3.373814E-02,8.466475E+02,1.586708E-01,1.810076E+03,2.610778E+03,3.373814E-02,9.551341E+02,1.401196E-01,1.494442E+03,2.551290E+03,1.060407E-01,4.008008E+03,3.373814E-02,0.000000E+00,0.000000E+00
04:30:00,7.502470E-02,1.885107E+03,3.465579E-01,3.952685E+03,5.575374E+03,7.502470E-02,2.126353E+03,3.360649E-01,3.594284E+03,5.711258E+03,7.502470E-02,4.244413E+03,7.502470E-02,0.000000E+00,0.000000E+00,5.687358E-02,1.429033E+03,2.450573E-01,2.799193E+03,4.120356E+03,5.687358E-02,1.611913E+03,2.149864E-01,2.280542E+03,4.017271E+03,1.700852E-01,6.504624E+03,5.687358E-02,0.000000E+00,0.000000E+00,3.373814E-02,8.477210E+02,1.518308E-01,1.732635E+03,2.528273E+03,3.373814E-02,9.562076E+02,1.337131E-01,1.421843E+03,2.469463E+03,1.049929E-01,3.977585E+03,3.373814E-02,0.000000E+00,0.000000E+00,5.687358E-02,1.429033E+03,2.472370E-01,2.823525E+03,4.150859E+03,5.687358E-02,1.611913E+03,2.167957E-01,2.300738E+03,4.046339E+03,1.727973E-01,6.583387E+03,5.687358E-02,0.000000E+00,0.000000E+00,3.373814E-02,8.477210E+02,1.579771E-01,1.801257E+03,2.601168E+03,3.373814E-02,9.562076E+02,1.394200E-01,1.485558E+03,2.538686E+03,1.060411E-01,4.008017E+03,3.373814E-02,0.000000E+00,0.000000E+00
04:40:00,7.502470E-02,1.887495E+03,3.461774E-01,3.946050E+03,5.568491E+03,7.502470E-02,2.128740E+03,3.356803E-01,3.587603E+03,5.697845E+03,7.502470E-02,4.244413E+03,7.502470E-02,0.000000E+00,0.000000E+00,5.687358E-02,1.430843E+03,2.442460E-01,2.788325E+03,4.108441E+03,5.687358E-02,1.613723E+03,2.141594E-01,2.269500E+03,4.000246E+03,1.700858E-01,6.504642E+03,5.687358E-02,0.000000E+00,0.000000E+00,3.373814E-02,8.487946E+02,1.512507E-01,1.725085E+03,2.520007E+03,3.373814E-02,9.572812E+02,1.331247E-01,1.414200E+03,2.458168E+03,1.049933E-01,3.977594E+03,3.373814E-02,0.000000E+00,0.000000E+00,5.687358E-02,1.430843E+03,2.464146E-01,2.812534E+03,4.138795E+03,5.687358E-02,1.613723E+03,2.159605E-01,2.289604E+03,4.029202E+03,1.727979E-01,6.583405E+03,5.687358E-02,0.000000E+00,0.000000E+00,3.373814E-02,8.487946E+02,1.573001E-01,1.792625E+03,2.591775E+03,3.373814E-02,9.572812E+02,1.387367E-01,1.476856E+03,2.526282E+03,1.060414E-01,4.008027E+03,3.373814E-02,0.000000E+00,0.000000E+00
04:50:00,7.502470E-02,1.889882E+03,3.458001E-01,3.939450E+03,5.561644E+03,7.502470E-02,2.131127E+03,3.352990E-01,3.580958E+03,5.684479E+03,7.502470E-02,4.244413E+03,7.502470E-02,0.000000E+00,0.000000E+00,5.687358E-02,1.432653E+03,2.434541E-01,2.777674E+03,4.096780E+03,5.687358E-02,1.615533E+03,2.133512E-01,2.258667E+03,3.983463E+03,1.700864E-01,6.504659E+03,5.687358E-02,0.000000E+00,0.000000E+00,3.373814E-02,8.498682E+02,1.506835E-01,1.717679E+03,2.511910E+03,3.373814E-02,9.583547E+02,1.325490E-01,1.406700E+03,2.447036E+03,1.049936E-01,3.977603E+03,3.373814E-02,0.000000E+00,0.000000E+00,5.687358E-02,1.432653E+03,2.456120E-01,2.801763E+03,4.126989E+03,5.687358E-02,1.615533E+03,2.151447E-01,2.278686E+03,4.012313E+03,1.727985E-01,6.583422E+03,5.687358E-02,0.000000E+00,0.000000E+00,3.373814E-02,8.498682E+02,1.566394E-01,1.784175E+03,2.582590E+03,3.373814E-02,9.583547E+02,1.380694E-01,1.468332E+03,2.514079E+03,1.060417E-01,4.008036E+03,3.373814E-02,0.000000E+00,0.000000E+00
05:00:00,7.502470E-02,1.892269E+03,3.454261E-01,3.932887E+03,5.554837E+03,7.502470E-02,2.133515E+03,3.349209E-01,3.574350E+03,5.671164E+03,7.502470E-02,4.244413E+03,7.502470E-02,0.000000E+00,0.000000E+00,5.687358E-02,1.434463E+03,2.426814E-01,2.767238E+03,4.085368E+03,5.687358E-02,1.617342E+03,2.125618E-01,2.248045E+03,3.966924E+03,1.700870E-01,6.504677E+03,5.687358E-02,0.000000E+00,0.000000E+00,3.373814E-02,8.509417E+02,1.501292E-01,1.710417E+03,2.503978E+03,3.373814E-02,9.594283E+02,1.319861E-01,1.399342E+03,2.436067E+03,1.049939E-01,3.977613E+03,3.373814E-02,0.000000E+00,0.000000E+00,5.687358E-02,1.434463E+03,2.448289E-01,2.791212E+03,4.115437E+03,5.687358E-02,1.617342E+03,2.143482E-01,2.267984E+03,3.995676E+03,1.727991E-01,6.583440E+03,5.687358E-02,0.000000E+00,0.000000E+00,3.373814E-02,8.509417E+02,1.559947E-01,1.775904E+03,2.573608E+03,3.373814E-02,9.594283E+02,1.374178E-01,1.459984E+03,2.502074E+03,1.060420E-01,4.008045E+03,3.373814E-02,0.000000E+00,0.000000E+00
05:10:00,7.502470E-02,1.889882E+03,3.450555E-01,3.931136E+03,5.552955E+03,7.502470E-02,2.131127E+03,3.345461E-01,3.572553E+03,5.675676E+03,7.502470E-02,4.244413E+03,7.502470E-02,0.000000E+00,0.000000E+00,5.687358E-02,1.432653E+03,2.419488E-01,2.760869E+03,4.078192E+03,5.687358E-02,1.615533E+03,2.118183E-01,2.241554E+03,3.964497E+03,1.700876E-01,6.504694E+03,5.687358E-02,0.000000E+00,0.000000E+00,3.373814E-02,8.498682E+02,1.496005E-01,1.705588E+03,2.498581E+03,3.373814E-02,9.583547E+02,1.314515E-01,1.394447E+03,2.433481E+03,1.049942E-01,3.977622E+03,3.373814E-02,0.000000E+00,0.000000E+00,5.687358E-02,1.432653E+03,2.440871E-01,2.784739E+03,4.108137E+03,5.687358E-02,1.615533E+03,2.135970E-01,2.261407E+03,3.993143E+03,1.727997E-01,6.583457E+03,5.687358E-02,0.000000E+00,0.000000E+00,3.373814E-02,8.498682E+02,1.553789E-01,1.770102E+03,2.567196E+03,3.373814E-02,9.583547E+02,1.367975E-01,1.454132E+03,2.498482E+03,1.060423E-01,4.008054E+03,3.373814E-02,0.000000E+00,0.000000E+00
05:20:00,7.502470E-02,1.887495E+03,3.446886E-01,3.929427E+03,5.551118E+03,7.502470E-02,2.128740E+03,3.341750E-01,3.570797E+03,5.680244E+03,7.502470E-02,4.244413E+03,7.502470E-02,0.000000E+00,0.000000E+00,5.687358E-02,1.430843E+03,2.412577E-01,2.754963E+03,4.071622E+03,5.687358E-02,1.613723E+03,2.111219E-01,2.235588E+03,3.962712E+03,1.700882E-01,6.504711E+03,5.687358E-02,0.000000E+00,0.000000E+00,3.373814E-02,8.487946E+02,1.490982E-01,1.701054E+03,2.493575E+03,3.373814E-02,9.572812E+02,1.309459E-01,1.389876E+03,2.431292E+03,1.049945E-01,3.977631E+03,3.373814E-02,0.000000E+00,0.000000E+00,5.687358E-02,1.430843E+03,2.433893E-01,2.778759E+03,4.101482E+03,5.687358E-02,1.613723E+03,2.128939E-01,2.255367E+03,3.991270E+03,1.728003E-01,6.583474E+03,5.687358E-02,0.000000E+00,0.000000E+00,3.373814E-02,8.487946E+02,1.547930E-01,1.764635E+03,2.561219E+03,3.373814E-02,9.572812E+02,1.362093E-01,1.448639E+03,2.495324E+03,1.060426E-01,4.008063E+03,3.373814E-02,0.000000E+00,0.000000E+00
05:30:00,7.502470E-02,1.885107E+03,3.443259E-01,3.927765E+03,5.549330E+03,7.502470E-02,2.126353E+03,3.338080E-01,3.569087E+03,5.684871E+03,7.502470E-02,4.244413E+03,7.502470E-02,0.000000E+00,0.000000E+00,5.687358E-02,1.429033E+03,2.406091E-01,2.749531E+03,4.065691E+03,5.687358E-02,1.611913E+03,2.104733E-01,2.230157E+03,3.961575E+03,1.700888E-01,6.504728E+03,5.687358E-02,0.000000E+00,0.000000E+00,3.373814E-02,8.477210E+02,1.486228E-01,1.696820E+03,2.488980E+03,3.373814E-02,9.562076E+02,1.304696E-01,1.385633E+03,2.429503E+03,1.049949E-01,3.977640E+03,3.373814E-02,0.000000E+00,0.000000E+00,5.687358E-02,1.429033E+03,2.427365E-01,2.773280E+03,4.095501E+03,5.687358E-02,1.611913E+03,2.122398E-01,2.249874E+03,3.990064E+03,1.728008E-01,6.583491E+03,5.687358E-02,0.000000E+00,0.000000E+00,3.373814E-02,8.477210E+02,1.542375E-01,1.759506E+03,2.555695E+03,3.373814E-02,9.562076E+02,1.356536E-01,1.443508E+03,2.492600E+03,1.060430E-01,4.008072E+03,3.373814E-02,0.000000E+00,0.000000E+00
05:40:00,7.502470E-02,1.882720E+03,3.439679E-01,3.926155E+03,5.547597E+03,7.502470E-02,2.123966E+03,3.334456E-01,3.567428E+03,5.689564E+03,7.502470E-02,4.244413E+03,7.502470E-02,0.000000E+00,0.000000E+00,5.687358E-02,1.427224E+03,2.400041E-01,2.744587E+03,4.060404E+03,5.687358E-02,1.610103E+03,2.098736E-01,2.225271E+03,3.961103E+03,1.700894E-01,6.504745E+03,5.687358E-02,0.000000E+00,0.000000E+00,3.373814E-02,8.466475E+02,1.481750E-01,1.692894E+03,2.484796E+03,3.373814E-02,9.551341E+02,1.300234E-01,1.381724E+03,2.428123E+03,1.049952E-01,3.977649E+03,3.373814E-02,0.000000E+00,0.000000E+00,5.687358E-02,1.427224E+03,2.421297E-01,2.768315E+03,4.090199E+03,5.687358E-02,1.610103E+03,2.116358E-01,2.244941E+03,3.989540E+03,1.728014E-01,6.583508E+03,5.687358E-02,0.000000E+00,0.000000E+00,3.373814E-02,8.466475E+02,1.537127E-01,1.754721E+03,2.550622E+03,3.373814E-02,9.551341E+02,1.351308E-01,1.438745E+03,2.490319E+03,1.060433E-01,4.008081E+03,3.373814E-02,0.000000E+00,0.000000E+00
05:50:00,7.502470E-02,1.880333E+03,3.436159E-01,3.924612E+03,5.545934E+03,7.502470E-02,2.121578E+03,3.330891E-01,3.565834E+03,5.694338E+03,7.502470E-02,4.244413E+03,7.502470E-02,0.000000E+00,0.000000E+00,5.687358E-02,1.425414E+03,2.395178E-01,2.740967E+03,4.056756E+03,5.687358E-02,1.608294E+03,2.094100E-01,2.221905E+03,3.962543E+03,1.700900E-01,6.504762E+03,5.687358E-02,0.000000E+00,0.000000E+00,3.373814E-02,8.455739E+02,1.478161E-01,1.689961E+03,2.481841E+03,3.373814E-02,9.540605E+02,1.296737E-01,1.378894E+03,2.428104E+03,1.049955E-01,3.977658E+03,3.373814E-02,0.000000E+00,0.000000E+00,5.687358E-02,1.425414E+03,2.416580E-01,2.764859E+03,4.086759E+03,5.687358E-02,1.608294E+03,2.111778E-01,2.241637E+03,3.991071E+03,1.728020E-01,6.583525E+03,5.687358E-02,0.000000E+00,0.000000E+00,3.373814E-02,8.455739E+02,1.532583E-01,1.750722E+03,2.546515E+03,3.373814E-02,9.540605E+02,1.346827E-01,1.434816E+03,2.489074E+03,1.060436E-01,4.008090E+03,3.373814E-02,0.000000E+00,0.000000E+00
06:00:00,7.502470E-02,1.877945E+03,3.432752E-01,3.923195E+03,5.544412E+03,7.502470E-02,2.119191E+03,3.327437E-01,3.564366E+03,5.699262E+03,7.502470E-02,4.244413E+03,7.502470E-02,0.000000E+00,0.000000E+00,5.687358E-02,1.423604E+03,2.391987E-01,2.739214E+03,4.055283E+03,5.687358E-02,1.606484E+03,2.091273E-01,2.220559E+03,3.966401E+03,1.700905E-01,6.504778E+03,5.687358E-02,0.000000E+00,0.000000E+00,3.373814E-02,8.445003E+02,1.478425E-01,1.691329E+03,2.484028E+03,3.373814E-02,9.529869E+02,1.296851E-01,1.380094E+03,2.433118E+03,1.049958E-01,3.977667E+03,3.373814E-02,0.000000E+00,0.000000E+00,5.687358E-02,1.423604E+03,2.415570E-01,2.765541E+03,4.088239E+03,5.687358E-02,1.606484E+03,2.110914E-01,2.242482E+03,3.997738E+03,1.728026E-01,6.583541E+03,5.687358E-02,0.000000E+00,0.000000E+00,3.373814E-02,8.445003E+02,1.528988E-01,1.747781E+03,2.543632E+03,3.373814E-02,9.529869E+02,1.343323E-01,1.431978E+03,2.489119E+03,1.060439E-01,4.008099E+03,3.373814E-02,0.000000E+00,0.000000E+00
06:10:00,7.502470E-02,1.869590E+03,3.429596E-01,3.928027E+03,5.549307E+03,7.502470E-02,2.110835E+03,3.324235E-01,3.569145E+03,5.726974E+03,7.502470E-02,4.244413E+03,7.502470E-02,0.000000E+00,0.000000E+00,5.687358E-02,1.417270E+03,2.391140E-01,2.744602E+03,4.061407E+03,5.687358E-02,1.600150E+03,2.090824E-01,2.226390E+03,3.990396E+03,1.700911E-01,6.504795E+03,5.687358E-02,0.000000E+00,0.000000E+00,3.373814E-02,8.407429E+02,1.488250E-01,1.706055E+03,2.501363E+03,3.373814E-02,9.492294E+02,1.305469E-01,1.393472E+03,2.459774E+03,1.049961E-01,3.977676E+03,3.373814E-02,0.000000E+00,0.000000E+00,5.687358E-02,1.417270E+03,2.422095E-01,2.779159E+03,4.104068E+03,5.687358E-02,1.600150E+03,2.116185E-01,2.254699E+03,4.029606E+03,1.728031E-01,6.583558E+03,5.687358E-02,0.000000E+00,0.000000E+00,3.373814E-02,8.407429E+02,1.526704E-01,1.748988E+03,2.545144E+03,3.373814E-02,9.492294E+02,1.341101E-01,1.433254E+03,2.500928E+03,1.060442E-01,4.008108E+03,3.373814E-02,0.000000E+00,0.000000E+00
06:20:00,7.502470E-02,1.861234E+03,3.426915E-01,3.933390E+03,5.554787E+03,7.502470E-02,2.102480E+03,3.321511E-01,3.574460E+03,5.755421E+03,7.502470E-02,4.244413E+03,7.502470E-02,0.000000E+00,0.000000E+00,5.687358E-02,1.410936E+03,2.393243E-01,2.753284E+03,4.071289E+03,5.687358E-02,1.593816E+03,2.093193E-01,2.235368E+03,4.018119E+03,1.700917E-01,6.504811E+03,5.687358E-02,0.000000E+00,0.000000E+00,3.373814E-02,8.369854E+02,1.511255E-01,1.735495E+03,2.535005E+03,3.373814E-02,9.454720E+02,1.326114E-01,1.420275E+03,2.502008E+03,1.049964E-01,3.977684E+03,3.373814E-02,0.000000E+00,0.000000E+00,5.687358E-02,1.410936E+03,2.437953E-01,2.803197E+03,4.131448E+03,5.687358E-02,1.593816E+03,2.129549E-01,2.275952E+03,4.071999E+03,1.728037E-01,6.583574E+03,5.687358E-02,0.000000E+00,0.000000E+00,3.373814E-02,8.369854E+02,1.526029E-01,1.751992E+03,2.548708E+03,3.373814E-02,9.454720E+02,1.340374E-01,1.436199E+03,2.514705E+03,1.060445E-01,4.008116E+03,3.373814E-02,0.000000E+00,0.000000E+00
06:30:00,7.502470E-02,1.852878E+03,3.424957E-01,3.939558E+03,5.561136E+03,7.502470E-02,2.094124E+03,3.319512E-01,3.580583E+03,5.784893E+03,7.502470E-02,4.244413E+03,7.502470E-02,0.000000E+00,0.000000E+00,5.687358E-02,1.404602E+03,2.398589E-01,2.765585E+03,4.085269E+03,5.687358E-02,1.587482E+03,2.098509E-01,2.247636E+03,4.049685E+03,1.700922E-01,6.504827E+03,5.687358E-02,0.000000E+00,0.000000E+00,3.373814E-02,8.332279E+02,1.546127E-01,1.778182E+03,2.582283E+03,3.373814E-02,9.417145E+02,1.358202E-01,1.459854E+03,2.557965E+03,1.049967E-01,3.977693E+03,3.373814E-02,0.000000E+00,0.000000E+00,5.687358E-02,1.404602E+03,2.461681E-01,2.836020E+03,4.167984E+03,5.687358E-02,1.587482E+03,2.150113E-01,2.305242E+03,4.123185E+03,1.728043E-01,6.583590E+03,5.687358E-02,0.000000E+00,0.000000E+00,3.373814E-02,8.332279E+02,1.527108E-01,1.756953E+03,2.554497E+03,3.373814E-02,9.417145E+02,1.341223E-01,1.440903E+03,2.530531E+03,1.060448E-01,4.008125E+03,3.373814E-02,0.000000E+00,0.000000E+00
06:40:00,7.502470E-02,1.844523E+03,3.423925E-01,3.946762E+03,5.568591E+03,7.502470E-02,2.085768E+03,3.318443E-01,3.587746E+03,5.815623E+03,7.502470E-02,4.244413E+03,7.502470E-02,0.000000E+00,0.000000E+00,5.687358E-02,1.398268E+03,2.407522E-01,2.781892E+03,4.103790E+03,5.687358E-02,1.581147E+03,2.106845E-01,2.263276E+03,4.085209E+03,1.700928E-01,6.504843E+03,5.687358E-02,0.000000E+00,0.000000E+00,3.373814E-02,8.294704E+02,1.593691E-01,1.835038E+03,2.644430E+03,3.373814E-02,9.379570E+02,1.402547E-01,1.513114E+03,2.628676E+03,1.049970E-01,3.977701E+03,3.373814E-02,0.000000E+00,0.000000E+00,5.687358E-02,1.398268E+03,2.492694E-01,2.876975E+03,4.213174E+03,5.687358E-02,1.581147E+03,2.177481E-01,2.342127E+03,4.182749E+03,1.728048E-01,6.583607E+03,5.687358E-02,0.000000E+00,0.000000E+00,3.373814E-02,8.294704E+02,1.530096E-01,1.764046E+03,2.562710E+03,3.373814E-02,9.379570E+02,1.343686E-01,1.447410E+03,2.548468E+03,1.060451E-01,4.008134E+03,3.373814E-02,0.000000E+00,0.000000E+00
06:50:00,7.502470E-02,1.836167E+03,3.423981E-01,3.955180E+03,5.577332E+03,7.502470E-02,2.077413E+03,3.318466E-01,3.596126E+03,5.847798E+03,7.502470E-02,4.244413E+03,7.502470E-02,0.000000E+00,0.000000E+00,5.687358E-02,1.391934E+03,2.419610E-01,2.801720E+03,4.126248E+03,5.687358E-02,1.574813E+03,2.117725E-01,2.281755E+03,4.124059E+03,1.700933E-01,6.504859E+03,5.687358E-02,0.000000E+00,0.000000E+00,3.373814E-02,8.257129E+02,1.653740E-01,1.905833E+03,2.721443E+03,3.373814E-02,9.341995E+02,1.458932E-01,1.579815E+03,2.713941E+03,1.049973E-01,3.977710E+03,3.373814E-02,0.000000E+00,0.000000E+00,5.687358E-02,1.391934E+03,2.529641E-01,2.924555E+03,4.265645E+03,5.687358E-02,1.574813E+03,2.210329E-01,2.385129E+03,4.249165E+03,1.728054E-01,6.583622E+03,5.687358E-02,0.000000E+00,0.000000E+00,3.373814E-02,8.257129E+02,1.534730E-01,1.772976E+03,2.572981E+03,3.373814E-02,9.341995E+02,1.347554E-01,1.455485E+03,2.568245E+03,1.060454E-01,4.008142E+03,3.373814E-02,0.000000E+00,0.000000E+00
07:00:00,7.502470E-02,1.827812E+03,3.425204E-01,3.964901E+03,5.587454E+03,7.502470E-02,2.069057E+03,3.319661E-01,3.605816E+03,5.881514E+03,7.502470E-02,4.244413E+03,7.502470E-02,0.000000E+00,0.000000E+00,5.687358E-02,1.385600E+03,2.435159E-01,2.825413E+03,4.153052E+03,5.687358E-02,1.568479E+03,2.131538E-01,2.303508E+03,4.166797E+03,1.700939E-01,6.504875E+03,5.687358E-02,0.000000E+00,0.000000E+00,3.373814E-02,8.219555E+02,1.726977E-01,1.991349E+03,2.814470E+03,3.373814E-02,9.304421E+02,1.528313E-01,1.661023E+03,2.815212E+03,1.049976E-01,3.977718E+03,3.373814E-02,0.000000E+00,0.000000E+00,5.687358E-02,1.385600E+03,2.571655E-01,2.977793E+03,4.324589E+03,5.687358E-02,1.568479E+03,2.247840E-01,2.433338E+03,4.321611E+03,1.728059E-01,6.583638E+03,5.687358E-02,0.000000E+00,0.000000E+00,3.373814E-02,8.219555E+02,1.541142E-01,1.783891E+03,2.585490E+03,3.373814E-02,9.304421E+02,1.352982E-01,1.465301E+03,2.590084E+03,1.060456E-01,4.008150E+03,3.373814E-02,0.000000E+00,0.000000E+00
07:10:00,7.502470E-02,1.807519E+03,3.427385E-01,3.987639E+03,5.610866E+03,7.502470E-02,2.048765E+03,3.321820E-01,3.628529E+03,5.962888E+03,7.502470E-02,4.244413E+03,7.502470E-02,0.000000E+00,0.000000E+00,5.687358E-02,1.370217E+03,2.453773E-01,2.861584E+03,4.192493E+03,5.687358E-02,1.553096E+03,2.147914E-01,2.337180E+03,4.247368E+03,1.700944E-01,6.504891E+03,5.687358E-02,0.000000E+00,0.000000E+00,3.373814E-02,8.128302E+02,1.805168E-01,2.087771E+03,2.914690E+03,3.373814E-02,9.213167E+02,1.603354E-01,1.753926E+03,2.938846E+03,1.049978E-01,3.977727E+03,3.373814E-02,0.000000E+00,0.000000E+00,5.687358E-02,1.370217E+03,2.612311E-01,3.038573E+03,4.389347E+03,5.687358E-02,1.553096E+03,2.285138E-01,2.490367E+03,4.426670E+03,1.728065E-01,6.583654E+03,5.687358E-02,0.000000E+00,0.000000E+00,3.373814E-02,8.128302E+02,1.549138E-01,1.801949E+03,2.605385E+03,3.373814E-02,9.213167E+02,1.359766E-01,1.482005E+03,2.634311E+03,1.060459E-01,4.008159E+03,3.373814E-02,0.000000E+00,0.000000E+00
07:20:00,7.502470E-02,1.787227E+03,3.430529E-01,4.011462E+03,5.635473E+03,7.502470E-02,2.028473E+03,3.324945E-01,3.652330E+03,6.022000E+03,7.502470E-02,4.244413E+03,7.502470E-02,0.000000E+00,0.000000E+00,5.687358E-02,1.354834E+03,2.475272E-01,2.900988E+03,4.236061E+03,5.687358E-02,1.537714E+03,2.166855E-01,2.373728E+03,4.313761E+03,1.700949E-01,6.504906E+03,5.687358E-02,0.000000E+00,0.000000E+00,3.373814E-02,8.037048E+02,1.884549E-01,2.185534E+03,3.018843E+03,3.373814E-02,9.121914E+02,1.680310E-01,1.848979E+03,3.056742E+03,1.049981E-01,3.977735E+03,3.373814E-02,0.000000E+00,0.000000E+00,5.687358E-02,1.354834E+03,2.648559E-01,3.094444E+03,4.450176E+03,5.687358E-02,1.537714E+03,2.319088E-01,2.543674E+03,4.510975E+03,1.728070E-01,6.583670E+03,5.687358E-02,0.000000E+00,0.000000E+00,3.373814E-02,8.037048E+02,1.558636E-01,1.821689E+03,2.627341E+03,3.373814E-02,9.121914E+02,1.367923E-01,1.500249E+03,2.669768E+03,1.060462E-01,4.008167E+03,3.373814E-02,0.000000E+00,0.000000E+00
07:30:00,7.502470E-02,1.766935E+03,3.434403E-01,4.036101E+03,5.660899E+03,7.502470E-02,2.008180E+03,3.328806E-01,3.676954E+03,6.047473E+03,7.502470E-02,4.244413E+03,7.502470E-02,0.000000E+00,0.000000E+00,5.687358E-02,1.339451E+03,2.499615E-01,2.943568E+03,4.283124E+03,5.687358E-02,1.522331E+03,2.188457E-01,2.413247E+03,4.356340E+03,1.700955E-01,6.504922E+03,5.687358E-02,0.000000E+00,0.000000E+00,3.373814E-02,7.945795E+02,1.966054E-01,2.285672E+03,3.124022E+03,3.373814E-02,9.030661E+02,1.759411E-01,1.946431E+03,3.158523E+03,1.049984E-01,3.977743E+03,3.373814E-02,0.000000E+00,0.000000E+00,5.687358E-02,1.339451E+03,2.680786E-01,3.145829E+03,4.505851E+03,5.687358E-02,1.522331E+03,2.349527E-01,2.593061E+03,4.563068E+03,1.728075E-01,6.583685E+03,5.687358E-02,0.000000E+00,0.000000E+00,3.373814E-02,7.945795E+02,1.569622E-01,1.843092E+03,2.651248E+03,3.373814E-02,9.030661E+02,1.377485E-01,1.520061E+03,2.690903E+03,1.060465E-01,4.008175E+03,3.373814E-02,0.000000E+00,0.000000E+00
07:40:00,7.502470E-02,1.746642E+03,3.438737E-01,4.061254E+03,5.686847E+03,7.502470E-02,1.987888E+03,3.333132E-01,3.702098E+03,6.073476E+03,7.502470E-02,4.244413E+03,7.502470E-02,0.000000E+00,0.000000E+00,5.687358E-02,1.324068E+03,2.526636E-01,2.989137E+03,4.333649E+03,5.687358E-02,1.506948E+03,2.212794E-01,2.455821E+03,4.401187E+03,1.700960E-01,6.504937E+03,5.687358E-02,0.000000E+00,0.000000E+00,3.373814E-02,7.854542E+02,2.048384E-01,2.386733E+03,3.230381E+03,3.373814E-02,8.939408E+02,1.839376E-01,2.044852E+03,3.259904E+03,1.049987E-01,3.977751E+03,3.373814E-02,0.000000E+00,0.000000E+00,5.687358E-02,1.324068E+03,2.708774E-01,3.192483E+03,4.556862E+03,5.687358E-02,1.506948E+03,2.376069E-01,2.638101E+03,4.609128E+03,1.728080E-01,6.583700E+03,5.687358E-02,0.000000E+00,0.000000E+00,3.373814E-02,7.854542E+02,1.582043E-01,1.866097E+03,2.677049E+03,3.373814E-02,8.939408E+02,1.388490E-01,1.541486E+03,2.713048E+03,1.060468E-01,4.008183E+03,3.373814E-02,0.000000E+00,0.000000E+00
07:50:00,7.502470E-02,1.726350E+03,3.443293E-01,4.086655E+03,5.713036E+03,7.502470E-02,1.967596E+03,3.337688E-01,3.727498E+03,6.099728E+03,7.502470E-02,4.244413E+03,7.502470E-02,0.000000E+00,0.000000E+00,5.687358E-02,1.308685E+03,2.556208E-01,3.037556E+03,4.387432E+03,5.687358E-02,1.491565E+03,2.239634E-01,2.501189E+03,4.448032E+03,1.700965E-01,6.504952E+03,5.687358E-02,0.000000E+00,0.000000E+00,3.373814E-02,7.763289E+02,2.130583E-01,2.487652E+03,3.336777E+03,3.373814E-02,8.848155E+02,1.919209E-01,2.143129E+03,3.359877E+03,1.049990E-01,3.977759E+03,3.373814E-02,0.000000E+00,0.000000E+00,5.687358E-02,1.308685E+03,2.732569E-01,3.234456E+03,4.603203E+03,5.687358E-02,1.491565E+03,2.398657E-01,2.678726E+03,4.649222E+03,1.728086E-01,6.583716E+03,5.687358E-02,0.000000E+00,0.000000E+00,3.373814E-02,7.763289E+02,1.595884E-01,1.890687E+03,2.704692E+03,3.373814E-02,8.848155E+02,1.400860E-01,1.564435E+03,2.736148E+03,1.060470E-01,4.008191E+03,3.373814E-02,0.000000E+00,0.000000E+00
08:00:00,7.502470E-02,1.706058E+03,3.447880E-01,4.112091E+03,5.739243E+03,7.502470E-02,1.947303E+03,3.342281E-01,3.752939E+03,6.126001E+03,7.502470E-02,4.244413E+03,7.502470E-02,0.000000E+00,0.000000E+00,5.687358E-02,1.293302E+03,2.587705E-01,3.088125E+03,4.443607E+03,5.687358E-02,1.476182E+03,2.268296E-01,2.548594E+03,4.496609E+03,1.700971E-01,6.504968E+03,5.687358E-02,0.000000E+00,0.000000E+00,3.373814E-02,7.672036E+02,2.208542E-01,2.583838E+03,3.437970E+03,3.373814E-02,8.756902E+02,1.994876E-01,2.236758E+03,3.454033E+03,1.049992E-01,3.977767E+03,3.373814E-02,0.000000E+00,0.000000E+00,5.687358E-02,1.293302E+03,2.750635E-01,3.270033E+03,4.642656E+03,5.687358E-02,1.476182E+03,2.415712E-01,2.713177E+03,4.681899E+03,1.728091E-01,6.583731E+03,5.687358E-02,0.000000E+00,0.000000E+00,3.373814E-02,7.672036E+02,1.610883E-01,1.916571E+03,2.733801E+03,3.373814E-02,8.756902E+02,1.414291E-01,1.588569E+03,2.760268E+03,1.060473E-01,4.008199E+03,3.373814E-02,0.000000E+00,0.000000E+00
08:10:00,7.502470E-02,1.683378E+03,3.452583E-01,4.140033E+03,5.768024E+03,7.502470E-02,1.924624E+03,3.346992E-01,3.780891E+03,6.154856E+03,7.502470E-02,4.244413E+03,7.502470E-02,0.000000E+00,0.000000E+00,5.687358E-02,1.276110E+03,2.620911E-01,3.142402E+03,4.503724E+03,5.687358E-02,1.458990E+03,2.298547E-01,2.599573E+03,4.550097E+03,1.700976E-01,6.504983E+03,5.687358E-02,0.000000E+00,0.000000E+00,3.373814E-02,7.570048E+02,2.284411E-01,2.678758E+03,3.537928E+03,3.373814E-02,8.654914E+02,2.068411E-01,2.329074E+03,3.548166E+03,1.049995E-01,3.977775E+03,3.373814E-02,0.000000E+00,0.000000E+00,5.687358E-02,1.276110E+03,2.767563E-01,3.306138E+03,4.682944E+03,5.687358E-02,1.458990E+03,2.431448E-01,2.747953E+03,4.716550E+03,1.728096E-01,6.583746E+03,5.687358E-02,0.000000E+00,0.000000E+00,3.373814E-02,7.570048E+02,1.626931E-01,1.944694E+03,2.765314E+03,3.373814E-02,8.654914E+02,1.428688E-01,1.614848E+03,2.787531E+03,1.060476E-01,4.008207E+03,3.373814E-02,0.000000E+00,0.000000E+00
08:20:00,7.502470E-02,1.660699E+03,3.457270E-01,4.167946E+03,5.796767E+03,7.502470E-02,1.901944E+03,3.351687E-01,3.808813E+03,6.183670E+03,7.502470E-02,4.244413E+03,7.502470E-02,0.000000E+00,0.000000E+00,5.687358E-02,1.258917E+03,2.655504E-01,3.198216E+03,4.565522E+03,5.687358E-02,1.441797E+03,2.330070E-01,2.651962E+03,4.606690E+03,1.700981E-01,6.504997E+03,5.687358E-02,0.000000E+00,0.000000E+00,3.373814E-02,7.468059E+02,2.357853E-01,2.770957E+03,3.635158E+03,3.373814E-02,8.552925E+02,2.139584E-01,2.418741E+03,3.641356E+03,1.049998E-01,3.977783E+03,3.373814E-02,0.000000E+00,0.000000E+00,5.687358E-02,1.258917E+03,2.785483E-01,3.343338E+03,4.724539E+03,5.687358E-02,1.441797E+03,2.447867E-01,2.783479E+03,4.754044E+03,1.728101E-01,6.583760E+03,5.687358E-02,0.000000E+00,0.000000E+00,3.373814E-02,7.468059E+02,1.643922E-01,1.973861E+03,2.797993E+03,3.373814E-02,8.552925E+02,1.443931E-01,1.642067E+03,2.816984E+03,1.060479E-01,4.008215E+03,3.373814E-02,0.000000E+00,0.000000E+00
08:30:00,7.502470E-02,1.638019E+03,3.461957E-01,4.195866E+03,5.825499E+03,7.502470E-02,1.879265E+03,3.356382E-01,3.836741E+03,6.212474E+03,7.502470E-02,4.244413E+03,7.502470E-02,0.000000E+00,0.000000E+00,5.687358E-02,1.241725E+03,2.691227E-01,3.255299E+03,4.628699E+03,5.687358E-02,1.424604E+03,2.362645E-01,2.705531E+03,4.665810E+03,1.700986E-01,6.505012E+03,5.687358E-02,0.000000E+00,0.000000E+00,3.373814E-02,7.366070E+02,2.428569E-01,2.860117E+03,3.729248E+03,3.373814E-02,8.450936E+02,2.208084E-01,2.505429E+03,3.732698E+03,1.050001E-01,3.977791E+03,3.373814E-02,0.000000E+00,0.000000E+00,5.687358E-02,1.241725E+03,2.806082E-01,3.383536E+03,4.769359E+03,5.687358E-02,1.424604E+03,2.466598E-01,2.821593E+03,4.795841E+03,1.728106E-01,6.583775E+03,5.687358E-02,0.000000E+00,0.000000E+00,3.373814E-02,7.366070E+02,1.661770E-01,2.003991E+03,2.831733E+03,3.373814E-02,8.450936E+02,1.459958E-01,1.670164E+03,2.848285E+03,1.060481E-01,4.008223E+03,3.373814E-02,0.000000E+00,0.000000E+00
08:40:00,7.502470E-02,1.615340E+03,3.466942E-01,4.224121E+03,5.854585E+03,7.502470E-02,1.856585E+03,3.361378E-01,3.865009E+03,6.241637E+03,7.502470E-02,4.244413E+03,7.502470E-02,0.000000E+00,0.000000E+00,5.687358E-02,1.224532E+03,2.729029E-01,3.314707E+03,4.694516E+03,5.687358E-02,1.407412E+03,2.397236E-01,2.761354E+03,4.728582E+03,1.700991E-01,6.505027E+03,5.687358E-02,0.000000E+00,0.000000E+00,3.373814E-02,7.264082E+02,2.498294E-01,2.948175E+03,3.822611E+03,3.373814E-02,8.348947E+02,2.275651E-01,2.591079E+03,3.824369E+03,1.050003E-01,3.977799E+03,3.373814E-02,0.000000E+00,0.000000E+00,5.687358E-02,1.224532E+03,2.831389E-01,3.428994E+03,4.819925E+03,5.687358E-02,1.407412E+03,2.489570E-01,2.864445E+03,4.844117E+03,1.728111E-01,6.583790E+03,5.687358E-02,0.000000E+00,0.000000E+00,3.373814E-02,7.264082E+02,1.681009E-01,2.035676E+03,2.867207E+03,3.373814E-02,8.348947E+02,1.477278E-01,1.699706E+03,2.881938E+03,1.060484E-01,4.008231E+03,3.373814E-02,0.000000E+00,0.000000E+00
08:50:00,7.502470E-02,1.592660E+03,3.472382E-01,4.252885E+03,5.884145E+03,7.502470E-02,1.833906E+03,3.366834E-01,3.893790E+03,6.271278E+03,7.502470E-02,4.244413E+03,7.502470E-02,0.000000E+00,0.000000E+00,5.687358E-02,1.207339E+03,2.767928E-01,3.375341E+03,4.761234E+03,5.687358E-02,1.390219E+03,2.432944E-01,2.818425E+03,4.792803E+03,1.700996E-01,6.505041E+03,5.687358E-02,0.000000E+00,0.000000E+00,3.373814E-02,7.162093E+02,2.565303E-01,3.033201E+03,3.912120E+03,3.373814E-02,8.246959E+02,2.340602E-01,2.673808E+03,3.912605E+03,1.050006E-01,3.977807E+03,3.373814E-02,0.000000E+00,0.000000E+00,5.687358E-02,1.207339E+03,2.861175E-01,3.479453E+03,4.875865E+03,5.687358E-02,1.390219E+03,2.516695E-01,2.911933E+03,4.898110E+03,1.728116E-01,6.583804E+03,5.687358E-02,0.000000E+00,0.000000E+00,3.373814E-02,7.162093E+02,1.701204E-01,2.068429E+03,2.903687E+03,3.373814E-02,8.246959E+02,1.495539E-01,1.730300E+03,2.916974E+03,1.060487E-01,4.008238E+03,3.373814E-02,0.000000E+00,0.000000E+00
09:00:00,7.502470E-02,1.569980E+03,3.478420E-01,4.282317E+03,5.914415E+03,7.502470E-02,1.811226E+03,3.372890E-01,3.923241E+03,6.301633E+03,7.502470E-02,4.244413E+03,7.502470E-02,0.000000E+00,0.000000E+00,5.687358E-02,1.190147E+03,2.807705E-01,3.436956E+03,4.829043E+03,5.687358E-02,1.373027E+03,2.469572E-01,2.876522E+03,4.858652E+03,1.701001E-01,6.505056E+03,5.687358E-02,0.000000E+00,0.000000E+00,3.373814E-02,7.060104E+02,2.629118E-01,3.114661E+03,3.998304E+03,3.373814E-02,8.144970E+02,2.402471E-01,2.753096E+03,3.997977E+03,1.050009E-01,3.977814E+03,3.373814E-02,0.000000E+00,0.000000E+00,5.687358E-02,1.190147E+03,2.895395E-01,3.534863E+03,4.937415E+03,5.687358E-02,1.373027E+03,2.548001E-01,2.964090E+03,4.958050E+03,1.728121E-01,6.583819E+03,5.687358E-02,0.000000E+00,0.000000E+00,3.373814E-02,7.060104E+02,1.722271E-01,2.102155E+03,2.941230E+03,3.373814E-02,8.144970E+02,1.514672E-01,1.761868E+03,2.953403E+03,1.060489E-01,4.008246E+03,3.373814E-02,0.000000E+00,0.000000E+00
09:10:00,7.502470E-02,1.549688E+03,3.485105E-01,4.310084E+03,5.943012E+03,7.502470E-02,1.790934E+03,3.379593E-01,3.951028E+03,6.330312E+03,7.502470E-02,4.244413E+03,7.502470E-02,0.000000E+00,0.000000E+00,5.687358E-02,1.174764E+03,2.847797E-01,3.497112E+03,4.895382E+03,5.687358E-02,1.357644E+03,2.506625E-01,2.933285E+03,4.923508E+03,1.701006E-01,6.505070E+03,5.687358E-02,0.000000E+00,0.000000E+00,3.373814E-02,6.968851E+02,2.688952E-01,3.190604E+03,4.079087E+03,3.373814E-02,8.053717E+02,2.460513E-01,2.827038E+03,4.078334E+03,1.050011E-01,3.977822E+03,3.373814E-02,0.000000E+00,0.000000E+00,5.687358E-02,1.174764E+03,2.931542E-01,3.590615E+03,4.999481E+03,5.687358E-02,1.357644E+03,2.581212E-01,3.016563E+03,5.018884E+03,1.728126E-01,6.583833E+03,5.687358E-02,0.000000E+00,0.000000E+00,3.373814E-02,6.968851E+02,1.743888E-01,2.135423E+03,2.978326E+03,3.373814E-02,8.053717E+02,1.534404E-01,1.793030E+03,2.989671E+03,1.060492E-01,4.008253E+03,3.373814E-02,0.000000E+00,0.000000E+00
09:20:00,7.502470E-02,1.529396E+03,3.492382E-01,4.338511E+03,5.972312E+03,7.502470E-02,1.770641E+03,3.386891E-01,3.979479E+03,6.359700E+03,7.502470E-02,4.244413E+03,7.502470E-02,0.000000E+00,0.000000E+00,5.687358E-02,1.159381E+03,2.888068E-01,3.557469E+03,4.961902E+03,5.687358E-02,1.342261E+03,2.543957E-01,2.990360E+03,4.988880E+03,1.701011E-01,6.505084E+03,5.687358E-02,0.000000E+00,0.000000E+00,3.373814E-02,6.877598E+02,2.744455E-01,3.261712E+03,4.155019E+03,3.373814E-02,7.962464E+02,2.514372E-01,2.896309E+03,4.154105E+03,1.050014E-01,3.977829E+03,3.373814E-02,0.000000E+00,0.000000E+00,5.687358E-02,1.159381E+03,2.968691E-01,3.647487E+03,5.062704E+03,5.687358E-02,1.342261E+03,2.615462E-01,3.070196E+03,5.081158E+03,1.728131E-01,6.583847E+03,5.687358E-02,0.000000E+00,0.000000E+00,3.373814E-02,6.877598E+02,1.765975E-01,2.169215E+03,3.015948E+03,3.373814E-02,7.962464E+02,1.554655E-01,1.824772E+03,3.026673E+03,1.060494E-01,4.008261E+03,3.373814E-02,0.000000E+00,0.000000E+00
09:30:00,7.502470E-02,1.509104E+03,3.500249E-01,4.367591E+03,6.002311E+03,7.502470E-02,1.750349E+03,3.394782E-01,4.008585E+03,6.389791E+03,7.502470E-02,4.244413E+03,7.502470E-02,0.000000E+00,0.000000E+00,5.687358E-02,1.143998E+03,2.928501E-01,3.617999E+03,5.028570E+03,5.687358E-02,1.326878E+03,2.581553E-01,3.047722E+03,5.054679E+03,1.701015E-01,6.505098E+03,5.687358E-02,0.000000E+00,0.000000E+00,3.373814E-02,6.786345E+02,2.795472E-01,3.327803E+03,4.225861E+03,3.373814E-02,7.871211E+02,2.563890E-01,2.960726E+03,4.225003E+03,1.050016E-01,3.977837E+03,3.373814E-02,0.000000E+00,0.000000E+00,5.687358E-02,1.143998E+03,3.006216E-01,3.704769E+03,5.126273E+03,5.687358E-02,1.326878E+03,2.650167E-01,3.124330E+03,5.144026E+03,1.728136E-01,6.583861E+03,5.687358E-02,0.000000E+00,0.000000E+00,3.373814E-02,6.786345E+02,1.788506E-01,2.203498E+03,3.054062E+03,3.373814E-02,7.871211E+02,1.575401E-01,1.857062E+03,3.064331E+03,1.060497E-01,4.008268E+03,3.373814E-02,0.000000E+00,0.000000E+00
09:40:00,7.502470E-02,1.488811E+03,3.508496E-01,4.397092E+03,6.032749E+03,7.502470E-02,1.730057E+03,3.403049E-01,4.038108E+03,6.420317E+03,7.502470E-02,4.244413E+03,7.502470E-02,0.000000E+00,0.000000E+00,5.687358E-02,1.128615E+03,2.967950E-01,3.677427E+03,5.093867E+03,5.687358E-02,1.311495E+03,2.618286E-01,3.104116E+03,5.119312E+03,1.701020E-01,6.505112E+03,5.687358E-02,0.000000E+00,0.000000E+00,3.373814E-02,6.695092E+02,2.838389E-01,3.384847E+03,4.287149E+03,3.373814E-02,7.779958E+02,2.605484E-01,3.016291E+03,4.286500E+03,1.050019E-01,3.977844E+03,3.373814E-02,0.000000E+00,0.000000E+00,5.687358E-02,1.128615E+03,3.042863E-01,3.761068E+03,5.188554E+03,5.687358E-02,1.311495E+03,2.684160E-01,3.177665E+03,5.205867E+03,1.728141E-01,6.583875E+03,5.687358E-02,0.000000E+00,0.000000E+00,3.373814E-02,6.695092E+02,1.810859E-01,2.237581E+03,3.091849E+03,3.373814E-02,7.779958E+02,1.596070E-01,1.889263E+03,3.101838E+03,1.060500E-01,4.008276E+03,3.373814E-02,0.000000E+00,0.000000E+00
09:50:00,7.502470E-02,1.468519E+03,3.517122E-01,4.427011E+03,6.063913E+03,7.502470E-02,1.709765E+03,3.411687E-01,4.068041E+03,6.451567E+03,7.502470E-02,4.244413E+03,7.502470E-02,0.000000E+00,0.000000E+00,5.687358E-02,1.113233E+03,3.007323E-01,3.736764E+03,5.159942E+03,5.687358E-02,1.296112E+03,2.654985E-01,3.160467E+03,5.184534E+03,1.701025E-01,6.505126E+03,5.687358E-02,0.000000E+00,0.000000E+00,3.373814E-02,6.603839E+02,2.873545E-01,3.433219E+03,4.339884E+03,3.373814E-02,7.688705E+02,2.639488E-01,3.063376E+03,4.339375E+03,1.050021E-01,3.977851E+03,3.373814E-02,0.000000E+00,0.000000E+00,5.687358E-02,1.113233E+03,3.079351E-01,3.817183E+03,5.251250E+03,5.687358E-02,1.296112E+03,2.718039E-01,3.230866E+03,5.267844E+03,1.728145E-01,6.583889E+03,5.687358E-02,0.000000E+00,0.000000E+00,3.373814E-02,6.603839E+02,1.833417E-01,2.271888E+03,3.130287E+03,3.373814E-02,7.688705E+02,1.616958E-01,1.921705E+03,3.139812E+03,1.060502E-01,4.008283E+03,3.373814E-02,0.000000E+00,0.000000E+00
10:00:00,7.502470E-02,1.448227E+03,3.525850E-01,4.457044E+03,6.094995E+03,7.502470E-02,1.689472E+03,3.420424E-01,4.098084E+03,6.482728E+03,7.502470E-02,4.244413E+03,7.502470E-02,0.000000E+00,0.000000E+00,5.687358E-02,1.097850E+03,3.046383E-01,3.795752E+03,5.224912E+03,5.687358E-02,1.280729E+03,2.691428E-01,3.216533E+03,5.248994E+03,1.701030E-01,6.505139E+03,5.687358E-02,0.000000E+00,0.000000E+00,3.373814E-02,6.512586E+02,2.900537E-01,3.472476E+03,4.383062E+03,3.373814E-02,7.597452E+02,2.665482E-01,3.101518E+03,4.383052E+03,1.050024E-01,3.977859E+03,3.373814E-02,0.000000E+00,0.000000E+00,5.687358E-02,1.097850E+03,3.115507E-01,3.872929E+03,5.312949E+03,5.687358E-02,1.280729E+03,2.751631E-01,3.283748E+03,5.329179E+03,1.728150E-01,6.583903E+03,5.687358E-02,0.000000E+00,0.000000E+00,3.373814E-02,6.512586E+02,1.856010E-01,2.306235E+03,3.168398E+03,3.373814E-02,7.597452E+02,1.637904E-01,1.954212E+03,3.177685E+03,1.060505E-01,4.008290E+03,3.373814E-02,0.000000E+00,0.000000E+00
10:10:00,7.502470E-02,1.430322E+03,3.534742E-01,4.484878E+03,6.123715E+03,7.502470E-02,1.671567E+03,3.429322E-01,4.125925E+03,6.511515E+03,7.502470E-02,4.244413E+03,7.502470E-02,0.000000E+00,0.000000E+00,5.687358E-02,1.084277E+03,3.085216E-01,3.852682E+03,5.287344E+03,5.687358E-02,1.267156E+03,2.727722E-01,3.270627E+03,5.311152E+03,1.701034E-01,6.505153E+03,5.687358E-02,0.000000E+00,0.000000E+00,3.373814E-02,6.432068E+02,2.919191E-01,3.501355E+03,4.415688E+03,3.373814E-02,7.516934E+02,2.683301E-01,3.129464E+03,4.416459E+03,1.050026E-01,3.977866E+03,3.373814E-02,0.000000E+00,0.000000E+00,5.687358E-02,1.084277E+03,3.151407E-01,3.926583E+03,5.372136E+03,5.687358E-02,1.267156E+03,2.785030E-01,3.334609E+03,5.388233E+03,1.728155E-01,6.583916E+03,5.687358E-02,0.000000E+00,0.000000E+00,3.373814E-02,6.432068E+02,1.878647E-01,2.339560E+03,3.205238E+03,3.373814E-02,7.516934E+02,1.658932E-01,1.985741E+03,3.214436E+03,1.060507E-01,4.008297E+03,3.373814E-02,0.000000E+00,0.000000E+00
10:20:00,7.502470E-02,1.412417E+03,3.543801E-01,4.512892E+03,6.152845E+03,7.502470E-02,1.653662E+03,3.438386E-01,4.153944E+03,6.540713E+03,7.502470E-02,4.244413E+03,7.502470E-02,0.000000E+00,0.000000E+00,5.687358E-02,1.070704E+03,3.123867E-01,3.909401E+03,5.350169E+03,5.687358E-02,1.253583E+03,2.763916E-01,3.324602E+03,5.373537E+03,1.701039E-01,6.505167E+03,5.687358E-02,0.000000E+00,0.000000E+00,3.373814E-02,6.351551E+02,2.929344E-01,3.520737E+03,4.437852E+03,3.373814E-02,7.436417E+02,2.692790E-01,3.148103E+03,4.439157E+03,1.050029E-01,3.977873E+03,3.373814E-02,0.000000E+00,0.000000E+00,5.687358E-02,1.070704E+03,3.187081E-01,3.979979E+03,5.431508E+03,5.687358E-02,1.253583E+03,2.818282E-01,3.385300E+03,5.447252E+03,1.728159E-01,6.583930E+03,5.687358E-02,0.000000E+00,0.000000E+00,3.373814E-02,6.351551E+02,1.901313E-01,2.372914E+03,3.242420E+03,3.373814E-02,7.436417E+02,1.680036E-01,2.017349E+03,3.251392E+03,1.060509E-01,4.008304E+03,3.373814E-02,0.000000E+00,0.000000E+00
10:30:00,7.502470E-02,1.394512E+03,3.552888E-01,4.540934E+03,6.181761E+03,7.502470E-02,1.635758E+03,3.447476E-01,4.181989E+03,6.569692E+03,7.502470E-02,4.244413E+03,7.502470E-02,0.000000E+00,0.000000E+00,5.687358E-02,1.057130E+03,3.162189E-01,3.965746E+03,5.411799E+03,5.687358E-02,1.240010E+03,2.799836E-01,3.378264E+03,5.434977E+03,1.701044E-01,6.505180E+03,5.687358E-02,0.000000E+00,0.000000E+00,3.373814E-02,6.271034E+02,2.930736E-01,3.530330E+03,4.449983E+03,3.373814E-02,7.355900E+02,2.693685E-01,3.157140E+03,4.452168E+03,1.050031E-01,3.977880E+03,3.373814E-02,0.000000E+00,0.000000E+00,5.687358E-02,1.057130E+03,3.222376E-01,4.032943E+03,5.489764E+03,5.687358E-02,1.240010E+03,2.851179E-01,3.435586E+03,5.505403E+03,1.728164E-01,6.583943E+03,5.687358E-02,0.000000E+00,0.000000E+00,3.373814E-02,6.271034E+02,1.923884E-01,2.406158E+03,3.279052E+03,3.373814E-02,7.355900E+02,1.701058E-01,2.048862E+03,3.287952E+03,1.060512E-01,4.008312E+03,3.373814E-02,0.000000E+00,0.000000E+00
10:40:00,7.502470E-02,1.376607E+03,3.561947E-01,4.568942E+03,6.210523E+03,7.502470E-02,1.617853E+03,3.456536E-01,4.210000E+03,6.598510E+03,7.502470E-02,4.244413E+03,7.502470E-02,0.000000E+00,0.000000E+00,5.687358E-02,1.043557E+03,3.200100E-01,4.021632E+03,5.472563E+03,5.687358E-02,1.226437E+03,2.835379E-01,3.431506E+03,5.495626E+03,1.701048E-01,6.505193E+03,5.687358E-02,0.000000E+00,0.000000E+00,3.373814E-02,6.190516E+02,2.924720E-01,3.531650E+03,4.453676E+03,3.373814E-02,7.275382E+02,2.687326E-01,3.158077E+03,4.456961E+03,1.050034E-01,3.977887E+03,3.373814E-02,0.000000E+00,0.000000E+00,5.687358E-02,1.043557E+03,3.257227E-01,4.085413E+03,5.547175E+03,5.687358E-02,1.226437E+03,2.883666E-01,3.485414E+03,5.562807E+03,1.728169E-01,6.583956E+03,5.687358E-02,0.000000E+00,0.000000E+00,3.373814E-02,6.190516E+02,1.946293E-01,2.439219E+03,3.315276E+03,3.373814E-02,7.275382E+02,1.721940E-01,2.080219E+03,3.324166E+03,1.060514E-01,4.008319E+03,3.373814E-02,0.000000E+00,0.000000E+00
10:50:00,7.502470E-02,1.358702E+03,3.570871E-01,4.596806E+03,6.239154E+03,7.502470E-02,1.599948E+03,3.465462E-01,4.237866E+03,6.627194E+03,7.502470E-02,4.244413E+03,7.502470E-02,0.000000E+00,0.000000E+00,5.687358E-02,1.029984E+03,3.237404E-01,4.076847E+03,5.532675E+03,5.687358E-02,1.212864E+03,2.870393E-01,3.484162E+03,5.555624E+03,1.701053E-01,6.505206E+03,5.687358E-02,0.000000E+00,0.000000E+00,3.373814E-02,6.109999E+02,2.912312E-01,3.525841E+03,4.449904E+03,3.373814E-02,7.194865E+02,2.674707E-01,3.152031E+03,4.454324E+03,1.050036E-01,3.977894E+03,3.373814E-02,0.000000E+00,0.000000E+00,5.687358E-02,1.029984E+03,3.291510E-01,4.137253E+03,5.603950E+03,5.687358E-02,1.212864E+03,2.915616E-01,3.534649E+03,5.619509E+03,1.728173E-01,6.583969E+03,5.687358E-02,0.000000E+00,0.000000E+00,3.373814E-02,6.109999E+02,1.968433E-01,2.471985E+03,3.351206E+03,3.373814E-02,7.194865E+02,1.742575E-01,2.111302E+03,3.360044E+03,1.060517E-01,4.008325E+03,3.373814E-02,0.000000E+00,0.000000E+00
11:00:00,7.502470E-02,1.340797E+03,3.579827E-01,4.624704E+03,6.267853E+03,7.502470E-02,1.582043E+03,3.474418E-01,4.265764E+03,6.655945E+03,7.502470E-02,4.244413E+03,7.502470E-02,0.000000E+00,0.000000E+00,5.687358E-02,1.016411E+03,3.274299E-01,4.131602E+03,5.592350E+03,5.687358E-02,1.199291E+03,2.905055E-01,3.536422E+03,5.615206E+03,1.701057E-01,6.505219E+03,5.687358E-02,0.000000E+00,0.000000E+00,3.373814E-02,6.029481E+02,2.893977E-01,3.513412E+03,4.439223E+03,3.373814E-02,7.114347E+02,2.656318E-01,3.139540E+03,4.444879E+03,1.050038E-01,3.977901E+03,3.373814E-02,0.000000E+00,0.000000E+00,5.687358E-02,1.016411E+03,3.325416E-01,4.188671E+03,5.660309E+03,5.687358E-02,1.199291E+03,2.947248E-01,3.583526E+03,5.675807E+03,1.728178E-01,6.583983E+03,5.687358E-02,0.000000E+00,0.000000E+00,3.373814E-02,6.029481E+02,1.990394E-01,2.504548E+03,3.386941E+03,3.373814E-02,7.114347E+02,1.763067E-01,2.142226E+03,3.395733E+03,1.060519E-01,4.008332E+03,3.373814E-02,0.000000E+00,0.000000E+00
11:10:00,7.502470E-02,1.328861E+03,3.588661E-01,4.646493E+03,6.290306E+03,7.502470E-02,1.570106E+03,3.483251E-01,4.287553E+03,6.678435E+03,7.502470E-02,4.244413E+03,7.502470E-02,0.000000E+00,0.000000E+00,5.687358E-02,1.007362E+03,3.310312E-01,4.180843E+03,5.646288E+03,5.687358E-02,1.190242E+03,2.938972E-01,3.583322E+03,5.669132E+03,1.701062E-01,6.505232E+03,5.687358E-02,0.000000E+00,0.000000E+00,3.373814E-02,5.975803E+02,2.869685E-01,3.491644E+03,4.418784E+03,3.373814E-02,7.060669E+02,2.632171E-01,3.117933E+03,4.425797E+03,1.050041E-01,3.977908E+03,3.373814E-02,0.000000E+00,0.000000E+00,5.687358E-02,1.007362E+03,3.358319E-01,4.234439E+03,5.710751E+03,5.687358E-02,1.190242E+03,2.977996E-01,3.626888E+03,5.726227E+03,1.728182E-01,6.583995E+03,5.687358E-02,0.000000E+00,0.000000E+00,3.373814E-02,5.975803E+02,2.011775E-01,2.533778E+03,3.419182E+03,3.373814E-02,7.060669E+02,1.783058E-01,2.169903E+03,3.427956E+03,1.060521E-01,4.008339E+03,3.373814E-02,0.000000E+00,0.000000E+00
11:20:00,7.502470E-02,1.316924E+03,3.597291E-01,4.668060E+03,6.312525E+03,7.502470E-02,1.558169E+03,3.491881E-01,4.309119E+03,6.700692E+03,7.502470E-02,4.244413E+03,7.502470E-02,0.000000E+00,0.000000E+00,5.687358E-02,9.983136E+02,3.345481E-01,4.229149E+03,5.699086E+03,5.687358E-02,1.181193E+03,2.972131E-01,3.629382E+03,5.721837E+03,1.701066E-01,6.505245E+03,5.687358E-02,0.000000E+00,0.000000E+00,3.373814E-02,5.922125E+02,2.839749E-01,3.463580E+03,4.391594E+03,3.373814E-02,7.006991E+02,2.602612E-01,3.090290E+03,4.400029E+03,1.050043E-01,3.977915E+03,3.373814E-02,0.000000E+00,0.000000E+00,5.687358E-02,9.983136E+02,3.390074E-01,4.278933E+03,5.759668E+03,5.687358E-02,1.181193E+03,3.007695E-01,3.669084E+03,5.775041E+03,1.728187E-01,6.584008E+03,5.687358E-02,0.000000E+00,0.000000E+00,3.373814E-02,5.922125E+02,2.032484E-01,2.562261E+03,3.450516E+03,3.373814E-02,7.006991E+02,1.802442E-01,2.196906E+03,3.459223E+03,1.060524E-01,4.008346E+03,3.373814E-02,0.000000E+00,0.000000E+00
11:30:00,7.502470E-02,1.304987E+03,3.605786E-01,4.689481E+03,6.334596E+03,7.502470E-02,1.546233E+03,3.500375E-01,4.330540E+03,6.722798E+03,7.502470E-02,4.244413E+03,7.502470E-02,0.000000E+00,0.000000E+00,5.687358E-02,9.892649E+02,3.379846E-01,4.276564E+03,5.750756E+03,5.687358E-02,1.172145E+03,3.004587E-01,3.674665E+03,5.773356E+03,1.701071E-01,6.505258E+03,5.687358E-02,0.000000E+00,0.000000E+00,3.373814E-02,5.868447E+02,2.804672E-01,3.429783E+03,4.358239E+03,3.373814E-02,6.953313E+02,2.568277E-01,3.057321E+03,4.368328E+03,1.050045E-01,3.977922E+03,3.373814E-02,0.000000E+00,0.000000E+00,5.687358E-02,9.892649E+02,3.420726E-01,4.322202E+03,5.807122E+03,5.687358E-02,1.172145E+03,3.036444E-01,3.710226E+03,5.822386E+03,1.728191E-01,6.584021E+03,5.687358E-02,0.000000E+00,0.000000E+00,3.373814E-02,5.868447E+02,2.052537E-01,2.590017E+03,3.480969E+03,3.373814E-02,6.953313E+02,1.821269E-01,2.223292E+03,3.489605E+03,1.060526E-01,4.008353E+03,3.373814E-02,0.000000E+00,0.000000E+00
11:40:00,7.502470E-02,1.293051E+03,3.614142E-01,4.710747E+03,6.356511E+03,7.502470E-02,1.534296E+03,3.508731E-01,4.351807E+03,6.744749E+03,7.502470E-02,4.244413E+03,7.502470E-02,0.000000E+00,0.000000E+00,5.687358E-02,9.802162E+02,3.413364E-01,4.323034E+03,5.801273E+03,5.687358E-02,1.163096E+03,3.036321E-01,3.719142E+03,5.823746E+03,1.701075E-01,6.505271E+03,5.687358E-02,0.000000E+00,0.000000E+00,3.373814E-02,5.814768E+02,2.766249E-01,3.392251E+03,4.320920E+03,3.373814E-02,6.899634E+02,2.530688E-01,3.020720E+03,4.332627E+03,1.050048E-01,3.977928E+03,3.373814E-02,0.000000E+00,0.000000E+00,5.687358E-02,9.802162E+02,3.450230E-01,4.364190E+03,5.853085E+03,5.687358E-02,1.163096E+03,3.064187E-01,3.750248E+03,5.868272E+03,1.728195E-01,6.584034E+03,5.687358E-02,0.000000E+00,0.000000E+00,3.373814E-02,5.814768E+02,2.071905E-01,2.617008E+03,3.510522E+03,3.373814E-02,6.899634E+02,1.839501E-01,2.249014E+03,3.519105E+03,1.060528E-01,4.008359E+03,3.373814E-02,0.000000E+00,0.000000E+00
11:50:00,7.502470E-02,1.281114E+03,3.622344E-01,4.731842E+03,6.378248E+03,7.502470E-02,1.522360E+03,3.516935E-01,4.372903E+03,6.766524E+03,7.502470E-02,4.244413E+03,7.502470E-02,0.000000E+00,0.000000E+00,5.687358E-02,9.711674E+02,3.445989E-01,4.368508E+03,5.850622E+03,5.687358E-02,1.154047E+03,3.067278E-01,3.762751E+03,5.873016E+03,1.701079E-01,6.505283E+03,5.687358E-02,0.000000E+00,0.000000E+00,3.373814E-02,5.761090E+02,2.730684E-01,3.357911E+03,4.287010E+03,3.373814E-02,6.845956E+02,2.495733E-01,2.987061E+03,4.300135E+03,1.050050E-01,3.977935E+03,3.373814E-02,0.000000E+00,0.000000E+00,5.687358E-02,9.711674E+02,3.478529E-01,4.404833E+03,5.897502E+03,5.687358E-02,1.154047E+03,3.090863E-01,3.789077E+03,5.912670E+03,1.728200E-01,6.584046E+03,5.687358E-02,0.000000E+00,0.000000E+00,3.373814E-02,5.761090E+02,2.090545E-01,2.643187E+03,3.539135E+03,3.373814E-02,6.845956E+02,1.857092E-01,2.274020E+03,3.547702E+03,1.060531E-01,4.008366E+03,3.373814E-02,0.000000E+00,0.000000E+00
12:00:00,7.502470E-02,1.269177E+03,3.630409E-01,4.752784E+03,6.399827E+03,7.502470E-02,1.510423E+03,3.525002E-01,4.393847E+03,6.788142E+03,7.502470E-02,4.244413E+03,7.502470E-02,0.000000E+00,0.000000E+00,5.687358E-02,9.621187E+02,3.477720E-01,4.412983E+03,5.898829E+03,5.687358E-02,1.144998E+03,3.097453E-01,3.805487E+03,5.921211E+03,1.701084E-01,6.505296E+03,5.687358E-02,0.000000E+00,0.000000E+00,3.373814E-02,5.707412E+02,2.699272E-01,3.328205E+03,4.257084E+03,3.373814E-02,6.792278E+02,2.464811E-01,2.957902E+03,4.271507E+03,1.050052E-01,3.977942E+03,3.373814E-02,0.000000E+00,0.000000E+00,5.687358E-02,9.621187E+02,3.505603E-01,4.444109E+03,5.940358E+03,5.687358E-02,1.144998E+03,3.116447E-01,3.826688E+03,5.955586E+03,1.728204E-01,6.584059E+03,5.687358E-02,0.000000E+00,0.000000E+00,3.373814E-02,5.707412E+02,2.108430E-01,2.668522E+03,3.566784E+03,3.373814E-02,6.792278E+02,1.874012E-01,2.298277E+03,3.575383E+03,1.060533E-01,4.008373E+03,3.373814E-02,0.000000E+00,0.000000E+00
12:10:00,7.502470E-02,1.259628E+03,3.638361E-01,4.771212E+03,6.418834E+03,7.502470E-02,1.500874E+03,3.532956E-01,4.412277E+03,6.807179E+03,7.502470E-02,4.244413E+03,7.502470E-02,0.000000E+00,0.000000E+00,5.687358E-02,9.548797E+02,3.508793E-01,4.454913E+03,5.944362E+03,5.687358E-02,1.137759E+03,3.126987E-01,3.845698E+03,5.966679E+03,1.701088E-01,6.505308E+03,5.687358E-02,0.000000E+00,0.000000E+00,3.373814E-02,5.664469E+02,2.673147E-01,3.303330E+03,4.231539E+03,3.373814E-02,6.749335E+02,2.438979E-01,2.933353E+03,4.246985E+03,1.050055E-01,3.977948E+03,3.373814E-02,0.000000E+00,0.000000E+00,5.687358E-02,9.548797E+02,3.531863E-01,4.480666E+03,5.980341E+03,5.687358E-02,1.137759E+03,3.141274E-01,3.861644E+03,5.995627E+03,1.728208E-01,6.584071E+03,5.687358E-02,0.000000E+00,0.000000E+00,3.373814E-02,5.664469E+02,2.125784E-01,2.692192E+03,3.592670E+03,3.373814E-02,6.749335E+02,1.890439E-01,2.320910E+03,3.601300E+03,1.060535E-01,4.008379E+03,3.373814E-02,0.000000E+00,0.000000E+00
12:20:00,7.502470E-02,1.250079E+03,3.646223E-01,4.789540E+03,6.437734E+03,7.502470E-02,1.491324E+03,3.540819E-01,4.430606E+03,6.826113E+03,7.502470E-02,4.244413E+03,7.502470E-02,0.000000E+00,0.000000E+00,5.687358E-02,9.476407E+02,3.539048E-01,4.495931E+03,5.988840E+03,5.687358E-02,1.130520E+03,3.155763E-01,3.885063E+03,6.011067E+03,1.701092E-01,6.505320E+03,5.687358E-02,0.000000E+00,0.000000E+00,3.373814E-02,5.621527E+02,2.653028E-01,3.285160E+03,4.212923E+03,3.373814E-02,6.706393E+02,2.418890E-01,2.915217E+03,4.229055E+03,1.050057E-01,3.977955E+03,3.373814E-02,0.000000E+00,0.000000E+00,5.687358E-02,9.476407E+02,3.557354E-01,4.516365E+03,6.019335E+03,5.687358E-02,1.130520E+03,3.165395E-01,3.895811E+03,6.034657E+03,1.728212E-01,6.584083E+03,5.687358E-02,0.000000E+00,0.000000E+00,3.373814E-02,5.621527E+02,2.142607E-01,2.715267E+03,3.617877E+03,3.373814E-02,6.706393E+02,1.906375E-01,2.342996E+03,3.626524E+03,1.060537E-01,4.008386E+03,3.373814E-02,0.000000E+00,0.000000E+00
12:30:00,7.502470E-02,1.240530E+03,3.654017E-01,4.807791E+03,6.456557E+03,7.502470E-02,1.481775E+03,3.548613E-01,4.448858E+03,6.844964E+03,7.502470E-02,4.244413E+03,7.502470E-02,0.000000E+00,0.000000E+00,5.687358E-02,9.404017E+02,3.568516E-01,4.536070E+03,6.032310E+03,5.687358E-02,1.123281E+03,3.183823E-01,3.923629E+03,6.054437E+03,1.701096E-01,6.505332E+03,5.687358E-02,0.000000E+00,0.000000E+00,3.373814E-02,5.578584E+02,2.639540E-01,3.274393E+03,4.202401E+03,3.373814E-02,6.663450E+02,2.405024E-01,2.904028E+03,4.218777E+03,1.050059E-01,3.977961E+03,3.373814E-02,0.000000E+00,0.000000E+00,5.687358E-02,9.404017E+02,3.582133E-01,4.551268E+03,6.057414E+03,5.687358E-02,1.123281E+03,3.188863E-01,3.929249E+03,6.072752E+03,1.728217E-01,6.584095E+03,5.687358E-02,0.000000E+00,0.000000E+00,3.373814E-02,5.578584E+02,2.158910E-01,2.737763E+03,3.642422E+03,3.373814E-02,6.663450E+02,1.921833E-01,2.364547E+03,3.651074E+03,1.060540E-01,4.008392E+03,3.373814E-02,0.000000E+00,0.000000E+00
12:40:00,7.502470E-02,1.230980E+03,3.661761E-01,4.825987E+03,6.475322E+03,7.502470E-02,1.472226E+03,3.556355E-01,4.467052E+03,6.863758E+03,7.502470E-02,4.244413E+03,7.502470E-02,0.000000E+00,0.000000E+00,5.687358E-02,9.331627E+02,3.597247E-01,4.575386E+03,6.074844E+03,5.687358E-02,1.116042E+03,3.211218E-01,3.961452E+03,6.096893E+03,1.701100E-01,6.505344E+03,5.687358E-02,0.000000E+00,0.000000E+00,3.373814E-02,5.535641E+02,2.631949E-01,3.270209E+03,4.199226E+03,3.373814E-02,6.620507E+02,2.396888E-01,2.899235E+03,4.215764E+03,1.050061E-01,3.977967E+03,3.373814E-02,0.000000E+00,0.000000E+00,5.687358E-02,9.331627E+02,3.606272E-01,4.585457E+03,6.094676E+03,5.687358E-02,1.116042E+03,3.211747E-01,3.962036E+03,6.110034E+03,1.728221E-01,6.584108E+03,5.687358E-02,0.000000E+00,0.000000E+00,3.373814E-02,5.535641E+02,2.174718E-01,2.759706E+03,3.666343E+03,3.373814E-02,6.620507E+02,1.936834E-01,2.385588E+03,3.675005E+03,1.060542E-01,4.008398E+03,3.373814E-02,0.000000E+00,0.000000E+00
12:50:00,7.502470E-02,1.221431E+03,3.669460E-01,4.844133E+03,6.494035E+03,7.502470E-02,1.462676E+03,3.564052E-01,4.485194E+03,6.882498E+03,7.502470E-02,4.244413E+03,7.502470E-02,0.000000E+00,0.000000E+00,5.687358E-02,9.259238E+02,3.625271E-01,4.613912E+03,6.116490E+03,5.687358E-02,1.108803E+03,3.237983E-01,3.998572E+03,6.138507E+03,1.701104E-01,6.505356E+03,5.687358E-02,0.000000E+00,0.000000E+00,3.373814E-02,5.492699E+02,2.625071E-01,3.266823E+03,4.196797E+03,3.373814E-02,6.577565E+02,2.389598E-01,2.895388E+03,4.213631E+03,1.050063E-01,3.977974E+03,3.373814E-02,0.000000E+00,0.000000E+00,5.687358E-02,9.259238E+02,3.629841E-01,4.619010E+03,6.131211E+03,5.687358E-02,1.108803E+03,3.234117E-01,3.994249E+03,6.146613E+03,1.728225E-01,6.584120E+03,5.687358E-02,0.000000E+00,0.000000E+00,3.373814E-02,5.492699E+02,2.190061E-01,2.781131E+03,3.689681E+03,3.373814E-02,6.577565E+02,1.951409E-01,2.406154E+03,3.698368E+03,1.060544E-01,4.008405E+03,3.373814E-02,0.000000E+00,0.000000E+00
13:00:00,7.502470E-02,1.211882E+03,3.677339E-01,4.862479E+03,6.513108E+03,7.502470E-02,1.453127E+03,3.571927E-01,4.503537E+03,6.901600E+03,7.502470E-02,4.244413E+03,7.502470E-02,0.000000E+00,0.000000E+00,5.687358E-02,9.186848E+02,3.652878E-01,4.651974E+03,6.157988E+03,5.687358E-02,1.101564E+03,3.264457E-01,4.035367E+03,6.180085E+03,1.701109E-01,6.505368E+03,5.687358E-02,0.000000E+00,0.000000E+00,3.373814E-02,5.449756E+02,2.618776E-01,3.264088E+03,4.194734E+03,3.373814E-02,6.534622E+02,2.382914E-01,2.892218E+03,4.211721E+03,1.050066E-01,3.977980E+03,3.373814E-02,0.000000E+00,0.000000E+00,5.687358E-02,9.186848E+02,3.653183E-01,4.652309E+03,6.167737E+03,5.687358E-02,1.101564E+03,3.256362E-01,4.026323E+03,6.183250E+03,1.728229E-01,6.584131E+03,5.687358E-02,0.000000E+00,0.000000E+00,3.373814E-02,5.449756E+02,2.205144E-01,2.802264E+03,3.712883E+03,3.373814E-02,6.534622E+02,1.965792E-01,2.426505E+03,3.721643E+03,1.060546E-01,4.008411E+03,3.373814E-02,0.000000E+00,0.000000E+00
13:10:00,7.502470E-02,1.205913E+03,3.684979E-01,4.876957E+03,6.528268E+03,7.502470E-02,1.447159E+03,3.579563E-01,4.518010E+03,6.916783E+03,7.502470E-02,4.244413E+03,7.502470E-02,0.000000E+00,0.000000E+00,5.687358E-02,9.141604E+02,3.679444E-01,4.686125E+03,6.195560E+03,5.687358E-02,1.097040E+03,3.289945E-01,4.068313E+03,6.217718E+03,1.701113E-01,6.505380E+03,5.687358E-02,0.000000E+00,0.000000E+00,3.373814E-02,5.422917E+02,2.612740E-01,3.260009E+03,4.191009E+03,3.373814E-02,6.507783E+02,2.376483E-01,2.887696E+03,4.207985E+03,1.050068E-01,3.977986E+03,3.373814E-02,0.000000E+00,0.000000E+00,5.687358E-02,9.141604E+02,3.675720E-01,4.681961E+03,6.200552E+03,5.687358E-02,1.097040E+03,3.277838E-01,4.054788E+03,6.216114E+03,1.728233E-01,6.584143E+03,5.687358E-02,0.000000E+00,0.000000E+00,3.373814E-02,5.422917E+02,2.219628E-01,2.821099E+03,3.733748E+03,3.373814E-02,6.507783E+02,1.979602E-01,2.444586E+03,3.742549E+03,1.060548E-01,4.008417E+03,3.373814E-02,0.000000E+00,0.000000E+00
13:20:00,7.502470E-02,1.199945E+03,3.692593E-01,4.891403E+03,6.543184E+03,7.502470E-02,1.441191E+03,3.587174E-01,4.532453E+03,6.931720E+03,7.502470E-02,4.244413E+03,7.502470E-02,0.000000E+00,0.000000E+00,5.687358E-02,9.096360E+02,3.705153E-01,4.719315E+03,6.231401E+03,5.687358E-02,1.092516E+03,3.314691E-01,4.100424E+03,6.253703E+03,1.701117E-01,6.505392E+03,5.687358E-02,0.000000E+00,0.000000E+00,3.373814E-02,5.396078E+02,2.607181E-01,3.256460E+03,4.188205E+03,3.373814E-02,6.480944E+02,2.370554E-01,2.883733E+03,4.205400E+03,1.050070E-01,3.977992E+03,3.373814E-02,0.000000E+00,0.000000E+00,5.687358E-02,9.096360E+02,3.697701E-01,4.710988E+03,6.232147E+03,5.687358E-02,1.092516E+03,3.298848E-01,4.082729E+03,6.247868E+03,1.728237E-01,6.584155E+03,5.687358E-02,0.000000E+00,0.000000E+00,3.373814E-02,5.396078E+02,2.233670E-01,2.839437E+03,3.753718E+03,3.373814E-02,6.480944E+02,1.993029E-01,2.462236E+03,3.762619E+03,1.060550E-01,4.008423E+03,3.373814E-02,0.000000E+00,0.000000E+00
13:30:00,7.502470E-02,1.193977E+03,3.700065E-01,4.905690E+03,6.557930E+03,7.502470E-02,1.435222E+03,3.594644E-01,4.546739E+03,6.946488E+03,7.502470E-02,4.244413E+03,7.502470E-02,0.000000E+00,0.000000E+00,5.687358E-02,9.051117E+02,3.729825E-01,4.751347E+03,6.265915E+03,5.687358E-02,1.087991E+03,3.338486E-01,4.131475E+03,6.288346E+03,1.701121E-01,6.505403E+03,5.687358E-02,0.000000E+00,0.000000E+00,3.373814E-02,5.369239E+02,2.602134E-01,3.253483E+03,4.185896E+03,3.373814E-02,6.454105E+02,2.365153E-01,2.880357E+03,4.203248E+03,1.050072E-01,3.977999E+03,3.373814E-02,0.000000E+00,0.000000E+00,5.687358E-02,9.051117E+02,3.719006E-01,4.739260E+03,6.262836E+03,5.687358E-02,1.087991E+03,3.319249E-01,4.109988E+03,6.278680E+03,1.728241E-01,6.584166E+03,5.687358E-02,0.000000E+00,0.000000E+00,3.373814E-02,5.369239E+02,2.247207E-01,2.857211E+03,3.773024E+03,3.373814E-02,6.454105E+02,2.005996E-01,2.479371E+03,3.782004E+03,1.060552E-01,4.008429E+03,3.373814E-02,0.000000E+00,0.000000E+00
13:40:00,7.502470E-02,1.188008E+03,3.707391E-01,4.919814E+03,6.572510E+03,7.502470E-02,1.429254E+03,3.601969E-01,4.560863E+03,6.961089E+03,7.502470E-02,4.244413E+03,7.502470E-02,0.000000E+00,0.000000E+00,5.687358E-02,9.005873E+02,3.753367E-01,4.782116E+03,6.299012E+03,5.687358E-02,1.083467E+03,3.361240E-01,4.161361E+03,6.321575E+03,1.701125E-01,6.505415E+03,5.687358E-02,0.000000E+00,0.000000E+00,3.373814E-02,5.342400E+02,2.597650E-01,3.251134E+03,4.184167E+03,3.373814E-02,6.427266E+02,2.360332E-01,2.877630E+03,4.201642E+03,1.050074E-01,3.978005E+03,3.373814E-02,0.000000E+00,0.000000E+00,5.687358E-02,9.005873E+02,3.739602E-01,4.766740E+03,6.292600E+03,5.687358E-02,1.083467E+03,3.339011E-01,4.136534E+03,6.308555E+03,1.728245E-01,6.584178E+03,5.687358E-02,0.000000E+00,0.000000E+00,3.373814E-02,5.342400E+02,2.260232E-01,2.874413E+03,3.791668E+03,3.373814E-02,6.427266E+02,2.018497E-01,2.495986E+03,3.800720E+03,1.060555E-01,4.008435E+03,3.373814E-02,0.000000E+00,0.000000E+00
13:50:00,7.502470E-02,1.182040E+03,3.714558E-01,4.933760E+03,6.586910E+03,7.502470E-02,1.423286E+03,3.609137E-01,4.574811E+03,6.975510E+03,7.502470E-02,4.244413E+03,7.502470E-02,0.000000E+00,0.000000E+00,5.687358E-02,8.960629E+02,3.775657E-01,4.811486E+03,6.330566E+03,5.687358E-02,1.078943E+03,3.382823E-01,4.189940E+03,6.353277E+03,1.701128E-01,6.505426E+03,5.687358E-02,0.000000E+00,0.000000E+00,3.373814E-02,5.315561E+02,2.593725E-01,3.249409E+03,4.183033E+03,3.373814E-02,6.400427E+02,2.356089E-01,2.875549E+03,4.200622E+03,1.050076E-01,3.978011E+03,3.373814E-02,0.000000E+00,0.000000E+00,5.687358E-02,8.960629E+02,3.759423E-01,4.793354E+03,6.321377E+03,5.687358E-02,1.078943E+03,3.358069E-01,4.162293E+03,6.337454E+03,1.728249E-01,6.584189E+03,5.687358E-02,0.000000E+00,0.000000E+00,3.373814E-02,5.315561E+02,2.273156E-01,2.891502E+03,3.810209E+03,3.373814E-02,6.400427E+02,2.030939E-01,2.512535E+03,3.819363E+03,1.060557E-01,4.008441E+03,3.373814E-02,0.000000E+00,0.000000E+00
14:00:00,7.502470E-02,1.176072E+03,3.721321E-01,4.947256E+03,6.600812E+03,7.502470E-02,1.417317E+03,3.615902E-01,4.588308E+03,6.989436E+03,7.502470E-02,4.244413E+03,7.502470E-02,0.000000E+00,0.000000E+00,5.687358E-02,8.915386E+02,3.796282E-01,4.838998E+03,6.360058E+03,5.687358E-02,1.074418E+03,3.402771E-01,4.216692E+03,6.382870E+03,1.701132E-01,6.505438E+03,5.687358E-02,0.000000E+00,0.000000E+00,3.373814E-02,5.288721E+02,2.590142E-01,3.248067E+03,4.182230E+03,3.373814E-02,6.373587E+02,2.352181E-01,2.873841E+03,4.199895E+03,1.050078E-01,3.978017E+03,3.373814E-02,0.000000E+00,0.000000E+00,5.687358E-02,8.915386E+02,3.778103E-01,4.818694E+03,6.348700E+03,5.687358E-02,1.074418E+03,3.376008E-01,4.186803E+03,6.364850E+03,1.728253E-01,6.584201E+03,5.687358E-02,0.000000E+00,0.000000E+00,3.373814E-02,5.288721E+02,2.291505E-01,2.914647E+03,3.835855E+03,3.373814E-02,6.373587E+02,2.048724E-01,2.535048E+03,3.845291E+03,1.060559E-01,4.008447E+03,3.373814E-02,0.000000E+00,0.000000E+00
14:10:00,7.502470E-02,1.176072E+03,3.728086E-01,4.954806E+03,6.608652E+03,7.502470E-02,1.417317E+03,3.622672E-01,4.595866E+03,6.997291E+03,7.502470E-02,4.244413E+03,7.502470E-02,0.000000E+00,0.000000E+00,5.687358E-02,8.915386E+02,3.815267E-01,4.860189E+03,6.382949E+03,5.687358E-02,1.074418E+03,3.421230E-01,4.237294E+03,6.405990E+03,1.701136E-01,6.505449E+03,5.687358E-02,0.000000E+00,0.000000E+00,3.373814E-02,5.288721E+02,2.586902E-01,3.244445E+03,4.179049E+03,3.373814E-02,6.373587E+02,2.348684E-01,2.869932E+03,4.196858E+03,1.050080E-01,3.978023E+03,3.373814E-02,0.000000E+00,0.000000E+00,5.687358E-02,8.915386E+02,3.795718E-01,4.838354E+03,6.370089E+03,5.687358E-02,1.074418E+03,3.393032E-01,4.205802E+03,6.386446E+03,1.728257E-01,6.584212E+03,5.687358E-02,0.000000E+00,0.000000E+00,3.373814E-02,5.288721E+02,2.316729E-01,2.942803E+03,3.866619E+03,3.373814E-02,6.373587E+02,2.073622E-01,2.562839E+03,3.876849E+03,1.060561E-01,4.008453E+03,3.373814E-02,0.000000E+00,0.000000E+00
14:20:00,7.502470E-02,1.176072E+03,3.734638E-01,4.962122E+03,6.616239E+03,7.502470E-02,1.417317E+03,3.629232E-01,4.603190E+03,7.004896E+03,7.502470E-02,4.244413E+03,7.502470E-02,0.000000E+00,0.000000E+00,5.687358E-02,8.915386E+02,3.832277E-01,4.879178E+03,6.403356E+03,5.687358E-02,1.074418E+03,3.437804E-01,4.255796E+03,6.426562E+03,1.701140E-01,6.505460E+03,5.687358E-02,0.000000E+00,0.000000E+00,3.373814E-02,5.288721E+02,2.583782E-01,3.240959E+03,4.175874E+03,3.373814E-02,6.373587E+02,2.345349E-01,2.866207E+03,4.193774E+03,1.050082E-01,3.978029E+03,3.373814E-02,0.000000E+00,0.000000E+00,5.687358E-02,8.915386E+02,3.811948E-01,4.856472E+03,6.389670E+03,5.687358E-02,1.074418E+03,3.408766E-01,4.223366E+03,6.406179E+03,1.728260E-01,6.584223E+03,5.687358E-02,0.000000E+00,0.000000E+00,3.373814E-02,5.288721E+02,2.349824E-01,2.979748E+03,3.905890E+03,3.373814E-02,6.373587E+02,2.106047E-01,2.599034E+03,3.916399E+03,1.060563E-01,4.008459E+03,3.373814E-02,0.000000E+00,0.000000E+00
14:30:00,7.502470E-02,1.176072E+03,3.741090E-01,4.969326E+03,6.623714E+03,7.502470E-02,1.417317E+03,3.635695E-01,4.610405E+03,7.012391E+03,7.502470E-02,4.244413E+03,7.502470E-02,0.000000E+00,0.000000E+00,5.687358E-02,8.915386E+02,3.847601E-01,4.896286E+03,6.421649E+03,5.687358E-02,1.074418E+03,3.452797E-01,4.272533E+03,6.444963E+03,1.701144E-01,6.505471E+03,5.687358E-02,0.000000E+00,0.000000E+00,3.373814E-02,5.288721E+02,2.580736E-01,3.237558E+03,4.172644E+03,3.373814E-02,6.373587E+02,2.342145E-01,2.862628E+03,4.190578E+03,1.050084E-01,3.978034E+03,3.373814E-02,0.000000E+00,0.000000E+00,5.687358E-02,8.915386E+02,3.826836E-01,4.873092E+03,6.407489E+03,5.687358E-02,1.074418E+03,3.423276E-01,4.239563E+03,6.424099E+03,1.728264E-01,6.584234E+03,5.687358E-02,0.000000E+00,0.000000E+00,3.373814E-02,5.288721E+02,2.391470E-01,3.026239E+03,3.954551E+03,3.373814E-02,6.373587E+02,2.146805E-01,2.644531E+03,3.965042E+03,1.060565E-01,4.008465E+03,3.373814E-02,0.000000E+00,0.000000E+00
14:40:00,7.502470E-02,1.176072E+03,3.747444E-01,4.976419E+03,6.631074E+03,7.502470E-02,1.417317E+03,3.642060E-01,4.617512E+03,7.019774E+03,7.502470E-02,4.244413E+03,7.502470E-02,0.000000E+00,0.000000E+00,5.687358E-02,8.915386E+02,3.861313E-01,4.911594E+03,6.437898E+03,5.687358E-02,1.074418E+03,3.466278E-01,4.287583E+03,6.461286E+03,1.701148E-01,6.505482E+03,5.687358E-02,0.000000E+00,0.000000E+00,3.373814E-02,5.288721E+02,2.577652E-01,3.234114E+03,4.169249E+03,3.373814E-02,6.373587E+02,2.338960E-01,2.859071E+03,4.187184E+03,1.050086E-01,3.978040E+03,3.373814E-02,0.000000E+00,0.000000E+00,5.687358E-02,8.915386E+02,3.840308E-01,4.888133E+03,6.423477E+03,5.687358E-02,1.074418E+03,3.436486E-01,4.254310E+03,6.440160E+03,1.728268E-01,6.584245E+03,5.687358E-02,0.000000E+00,0.000000E+00,3.373814E-02,5.288721E+02,2.442136E-01,3.082799E+03,4.013554E+03,3.373814E-02,6.373587E+02,2.196396E-01,2.699889E+03,4.023837E+03,1.060567E-01,4.008471E+03,3.373814E-02,0.000000E+00,0.000000E+00
14:50:00,7.502470E-02,1.176072E+03,3.753708E-01,4.983413E+03,6.638330E+03,7.502470E-02,1.417317E+03,3.648337E-01,4.624521E+03,7.027054E+03,7.502470E-02,4.244413E+03,7.502470E-02,0.000000E+00,0.000000E+00,5.687358E-02,8.915386E+02,3.873390E-01,4.925078E+03,6.452066E+03,5.687358E-02,1.074418E+03,3.478232E-01,4.300928E+03,6.475538E+03,1.701151E-01,6.505493E+03,5.687358E-02,0.000000E+00,0.000000E+00,3.373814E-02,5.288721E+02,2.574424E-01,3.230510E+03,4.165592E+03,3.373814E-02,6.373587E+02,2.335689E-01,2.855419E+03,4.183532E+03,1.050088E-01,3.978046E+03,3.373814E-02,0.000000E+00,0.000000E+00,5.687358E-02,8.915386E+02,3.852307E-01,4.901529E+03,6.437593E+03,5.687358E-02,1.074418E+03,3.448338E-01,4.267540E+03,6.454362E+03,1.728272E-01,6.584256E+03,5.687358E-02,0.000000E+00,0.000000E+00,3.373814E-02,5.288721E+02,2.501759E-01,3.149359E+03,4.083180E+03,3.373814E-02,6.373587E+02,2.254806E-01,2.765090E+03,4.093161E+03,1.060569E-01,4.008476E+03,3.373814E-02,0.000000E+00,0.000000E+00
15:00:00,7.502470E-02,1.176072E+03,3.759881E-01,4.990306E+03,6.645482E+03,7.502470E-02,1.417317E+03,3.654525E-01,4.631430E+03,7.034231E+03,7.502470E-02,4.244413E+03,7.502470E-02,0.000000E+00,0.000000E+00,5.687358E-02,8.915386E+02,3.883816E-01,4.936717E+03,6.464154E+03,5.687358E-02,1.074418E+03,3.488645E-01,4.312553E+03,6.487755E+03,1.701155E-01,6.505504E+03,5.687358E-02,0.000000E+00,0.000000E+00,3.373814E-02,5.288721E+02,2.570936E-01,3.226615E+03,4.161554E+03,3.373814E-02,6.373587E+02,2.332223E-01,2.851548E+03,4.179533E+03,1.050090E-01,3.978052E+03,3.373814E-02,0.000000E+00,0.000000E+00,5.687358E-02,8.915386E+02,3.862772E-01,4.913212E+03,6.449783E+03,5.687358E-02,1.074418E+03,3.458749E-01,4.279164E+03,6.466659E+03,1.728276E-01,6.584267E+03,5.687358E-02,0.000000E+00,0.000000E+00,3.373814E-02,5.288721E+02,2.564915E-01,3.219863E+03,4.156622E+03,3.373814E-02,6.373587E+02,2.316716E-01,2.834199E+03,4.166095E+03,1.060571E-01,4.008482E+03,3.373814E-02,0.000000E+00,0.000000E+00
15:10:00,7.502470E-02,1.183234E+03,3.765942E-01,4.989911E+03,6.645173E+03,7.502470E-02,1.424479E+03,3.660602E-01,4.631052E+03,7.033934E+03,7.502470E-02,4.244413E+03,7.502470E-02,0.000000E+00,0.000000E+00,5.687358E-02,8.969678E+02,3.892438E-01,4.940915E+03,6.468450E+03,5.687358E-02,1.079848E+03,3.497390E-01,4.316887E+03,6.492265E+03,1.701159E-01,6.505514E+03,5.687358E-02,0.000000E+00,0.000000E+00,3.373814E-02,5.320928E+02,2.567003E-01,3.219003E+03,4.153623E+03,3.373814E-02,6.405794E+02,2.328390E-01,2.844048E+03,4.171696E+03,1.050092E-01,3.978057E+03,3.373814E-02,0.000000E+00,0.000000E+00,5.687358E-02,8.969678E+02,3.871441E-01,4.917462E+03,6.454170E+03,5.687358E-02,1.079848E+03,3.467530E-01,4.283537E+03,6.471273E+03,1.728279E-01,6.584277E+03,5.687358E-02,0.000000E+00,0.000000E+00,3.373814E-02,5.320928E+02,2.630293E-01,3.289627E+03,4.229086E+03,3.373814E-02,6.405794E+02,2.380589E-01,2.902280E+03,4.237518E+03,1.060573E-01,4.008488E+03,3.373814E-02,0.000000E+00,0.000000E+00
15:20:00,7.502470E-02,1.190396E+03,3.771855E-01,4.989351E+03,6.644690E+03,7.502470E-02,1.431641E+03,3.666531E-01,4.630511E+03,7.033465E+03,7.502470E-02,4.244413E+03,7.502470E-02,0.000000E+00,0.000000E+00,5.687358E-02,9.023970E+02,3.899269E-01,4.943113E+03,6.470477E+03,5.687358E-02,1.085277E+03,3.504482E-01,4.319376E+03,6.494484E+03,1.701162E-01,6.505525E+03,5.687358E-02,0.000000E+00,0.000000E+00,3.373814E-02,5.353135E+02,2.562540E-01,3.210800E+03,4.144923E+03,3.373814E-02,6.438001E+02,2.324107E-01,2.836045E+03,4.163054E+03,1.050094E-01,3.978063E+03,3.373814E-02,0.000000E+00,0.000000E+00,5.687358E-02,9.023970E+02,3.878276E-01,4.919664E+03,6.456202E+03,5.687358E-02,1.085277E+03,3.474614E-01,4.286017E+03,6.473492E+03,1.728283E-01,6.584288E+03,5.687358E-02,0.000000E+00,0.000000E+00,3.373814E-02,5.353135E+02,2.696844E-01,3.360703E+03,4.302579E+03,3.373814E-02,6.438001E+02,2.445939E-01,2.972012E+03,4.310105E+03,1.060575E-01,4.008493E+03,3.373814E-02,0.000000E+00,0.000000E+00
15:30:00,7.502470E-02,1.197558E+03,3.777582E-01,4.988583E+03,6.643987E+03,7.502470E-02,1.438803E+03,3.672276E-01,4.629763E+03,7.032777E+03,7.502470E-02,4.244413E+03,7.502470E-02,0.000000E+00,0.000000E+00,5.687358E-02,9.078263E+02,3.904047E-01,4.943019E+03,6.469889E+03,5.687358E-02,1.090706E+03,3.509664E-01,4.319733E+03,6.494023E+03,1.701166E-01,6.505535E+03,5.687358E-02,0.000000E+00,0.000000E+00,3.373814E-02,5.385342E+02,2.557456E-01,3.201904E+03,4.135330E+03,3.373814E-02,6.470208E+02,2.319283E-01,2.827438E+03,4.153458E+03,1.050096E-01,3.978068E+03,3.373814E-02,0.000000E+00,0.000000E+00,5.687358E-02,9.078263E+02,3.883205E-01,4.919738E+03,6.455773E+03,5.687358E-02,1.090706E+03,3.479934E-01,4.286528E+03,6.473176E+03,1.728287E-01,6.584299E+03,5.687358E-02,0.000000E+00,0.000000E+00,3.373814E-02,5.385342E+02,2.763947E-01,3.432396E+03,4.376390E+03,3.373814E-02,6.470208E+02,2.512047E-01,3.042590E+03,4.382997E+03,1.060576E-01,4.008499E+03,3.373814E-02,0.000000E+00,0.000000E+00
15:40:00,7.502470E-02,1.204720E+03,3.783082E-01,4.987562E+03,6.643018E+03,7.502470E-02,1.445965E+03,3.677795E-01,4.628763E+03,7.031823E+03,7.502470E-02,4.244413E+03,7.502470E-02,0.000000E+00,0.000000E+00,5.687358E-02,9.132555E+02,3.906636E-01,4.940481E+03,6.466537E+03,5.687358E-02,1.096135E+03,3.512799E-01,4.317804E+03,6.490768E+03,1.701170E-01,6.505546E+03,5.687358E-02,0.000000E+00,0.000000E+00,3.373814E-02,5.417549E+02,2.551664E-01,3.192217E+03,4.124766E+03,3.373814E-02,6.502415E+02,2.313832E-01,2.818133E+03,4.142861E+03,1.050098E-01,3.978074E+03,3.373814E-02,0.000000E+00,0.000000E+00,5.687358E-02,9.132555E+02,3.886167E-01,4.917617E+03,6.452834E+03,5.687358E-02,1.096135E+03,3.483427E-01,4.284999E+03,6.470313E+03,1.728290E-01,6.584309E+03,5.687358E-02,0.000000E+00,0.000000E+00,3.373814E-02,5.417549E+02,2.831054E-01,3.504094E+03,4.449937E+03,3.373814E-02,6.502415E+02,2.578340E-01,3.113377E+03,4.455628E+03,1.060578E-01,4.008504E+03,3.373814E-02,0.000000E+00,0.000000E+00
15:50:00,7.502470E-02,1.211882E+03,3.788316E-01,4.986244E+03,6.641735E+03,7.502470E-02,1.453127E+03,3.683049E-01,4.627468E+03,7.030556E+03,7.502470E-02,4.244413E+03,7.502470E-02,0.000000E+00,0.000000E+00,5.687358E-02,9.186848E+02,3.907033E-01,4.935496E+03,6.460452E+03,5.687358E-02,1.101564E+03,3.513878E-01,4.313582E+03,6.484800E+03,1.701173E-01,6.505556E+03,5.687358E-02,0.000000E+00,0.000000E+00,3.373814E-02,5.449756E+02,2.545082E-01,3.181648E+03,4.113167E+03,3.373814E-02,6.534622E+02,2.307675E-01,2.808039E+03,4.131241E+03,1.050100E-01,3.978079E+03,3.373814E-02,0.000000E+00,0.000000E+00,5.687358E-02,9.186848E+02,3.887105E-01,4.913236E+03,6.447351E+03,5.687358E-02,1.101564E+03,3.485039E-01,4.281371E+03,6.464928E+03,1.728294E-01,6.584319E+03,5.687358E-02,0.000000E+00,0.000000E+00,3.373814E-02,5.449756E+02,2.897639E-01,3.575210E+03,4.522678E+03,3.373814E-02,6.534622E+02,2.644263E-01,3.183752E+03,4.527474E+03,1.060580E-01,4.008510E+03,3.373814E-02,0.000000E+00,0.000000E+00
16:00:00,7.502470E-02,1.219044E+03,3.793243E-01,4.984583E+03,6.640092E+03,7.502470E-02,1.460289E+03,3.687998E-01,4.625831E+03,7.028929E+03,7.502470E-02,4.244413E+03,7.502470E-02,0.000000E+00,0.000000E+00,5.687358E-02,9.241140E+02,3.905253E-01,4.928081E+03,6.451679E+03,5.687358E-02,1.106994E+03,3.512912E-01,4.307076E+03,6.476200E+03,1.701177E-01,6.505567E+03,5.687358E-02,0.000000E+00,0.000000E+00,3.373814E-02,5.481963E+02,2.537645E-01,3.170125E+03,4.100482E+03,3.373814E-02,6.566829E+02,2.300743E-01,2.797080E+03,4.118573E+03,1.050102E-01,3.978085E+03,3.373814E-02,0.000000E+00,0.000000E+00,5.687358E-02,9.241140E+02,3.885965E-01,4.906536E+03,6.439283E+03,5.687358E-02,1.106994E+03,3.484739E-01,4.275608E+03,6.457053E+03,1.728297E-01,6.584330E+03,5.687358E-02,0.000000E+00,0.000000E+00,3.373814E-02,5.481963E+02,2.961844E-01,3.643672E+03,4.592351E+03,3.373814E-02,6.566829E+02,2.707975E-01,3.251660E+03,4.596288E+03,1.060582E-01,4.008515E+03,3.373814E-02,0.000000E+00,0.000000E+00
16:10:00,7.502470E-02,1.228593E+03,3.797822E-01,4.980147E+03,6.635595E+03,7.502470E-02,1.469838E+03,3.692600E-01,4.621419E+03,7.024446E+03,7.502470E-02,4.244413E+03,7.502470E-02,0.000000E+00,0.000000E+00,5.687358E-02,9.313530E+02,3.901895E-01,4.917095E+03,6.439161E+03,5.687358E-02,1.114233E+03,3.510418E-01,4.297055E+03,6.463854E+03,1.701180E-01,6.505577E+03,5.687358E-02,0.000000E+00,0.000000E+00,3.373814E-02,5.524906E+02,2.529638E-01,3.156892E+03,4.086001E+03,3.373814E-02,6.609772E+02,2.293271E-01,2.784445E+03,4.104115E+03,1.050104E-01,3.978090E+03,3.373814E-02,0.000000E+00,0.000000E+00,5.687358E-02,9.313530E+02,3.883339E-01,4.896367E+03,6.427570E+03,5.687358E-02,1.114233E+03,3.482987E-01,4.266416E+03,6.445509E+03,1.728301E-01,6.584340E+03,5.687358E-02,0.000000E+00,0.000000E+00,3.373814E-02,5.524906E+02,3.022375E-01,3.706958E+03,4.656569E+03,3.373814E-02,6.609772E+02,2.768151E-01,3.314548E+03,4.659694E+03,1.060584E-01,4.008521E+03,3.373814E-02,0.000000E+00,0.000000E+00
16:20:00,7.502470E-02,1.238142E+03,3.802011E-01,4.975274E+03,6.630643E+03,7.502470E-02,1.479388E+03,3.696812E-01,4.616573E+03,7.019505E+03,7.502470E-02,4.244413E+03,7.502470E-02,0.000000E+00,0.000000E+00,5.687358E-02,9.385920E+02,3.896950E-01,4.904337E+03,6.424717E+03,5.687358E-02,1.121472E+03,3.506388E-01,4.285320E+03,6.449553E+03,1.701184E-01,6.505587E+03,5.687358E-02,0.000000E+00,0.000000E+00,3.373814E-02,5.567848E+02,2.520993E-01,3.142948E+03,4.070724E+03,3.373814E-02,6.652714E+02,2.285195E-01,2.771137E+03,4.088843E+03,1.050105E-01,3.978096E+03,3.373814E-02,0.000000E+00,0.000000E+00,5.687358E-02,9.385920E+02,3.879151E-01,4.884455E+03,6.413954E+03,5.687358E-02,1.121472E+03,3.479739E-01,4.255554E+03,6.432043E+03,1.728304E-01,6.584350E+03,5.687358E-02,0.000000E+00,0.000000E+00,3.373814E-02,5.567848E+02,3.078378E-01,3.765189E+03,4.715687E+03,3.373814E-02,6.652714E+02,2.823941E-01,3.372541E+03,4.718078E+03,1.060586E-01,4.008526E+03,3.373814E-02,0.000000E+00,0.000000E+00
16:30:00,7.502470E-02,1.247692E+03,3.805772E-01,4.969924E+03,6.625185E+03,7.502470E-02,1.488937E+03,3.700596E-01,4.611249E+03,7.014060E+03,7.502470E-02,4.244413E+03,7.502470E-02,0.000000E+00,0.000000E+00,5.687358E-02,9.458310E+02,3.890418E-01,4.889808E+03,6.408338E+03,5.687358E-02,1.128711E+03,3.500824E-01,4.271871E+03,6.433281E+03,1.701187E-01,6.505597E+03,5.687358E-02,0.000000E+00,0.000000E+00,3.373814E-02,5.610791E+02,2.511659E-01,3.128233E+03,4.054581E+03,3.373814E-02,6.695657E+02,2.276464E-01,2.757097E+03,4.072684E+03,1.050107E-01,3.978101E+03,3.373814E-02,0.000000E+00,0.000000E+00,5.687358E-02,9.458310E+02,3.873351E-01,4.870743E+03,6.398368E+03,5.687358E-02,1.128711E+03,3.474944E-01,4.242965E+03,6.416582E+03,1.728308E-01,6.584360E+03,5.687358E-02,0.000000E+00,0.000000E+00,3.373814E-02,5.610791E+02,3.129332E-01,3.817786E+03,4.769133E+03,3.373814E-02,6.695657E+02,2.874826E-01,3.425059E+03,4.770892E+03,1.060588E-01,4.008531E+03,3.373814E-02,0.000000E+00,0.000000E+00
16:40:00,7.502470E-02,1.257241E+03,3.809069E-01,4.964056E+03,6.619185E+03,7.502470E-02,1.498486E+03,3.703918E-01,4.605409E+03,7.008072E+03,7.502470E-02,4.244413E+03,7.502470E-02,0.000000E+00,0.000000E+00,5.687358E-02,9.530700E+02,3.882300E-01,4.873507E+03,6.390038E+03,5.687358E-02,1.135950E+03,3.493725E-01,4.256710E+03,6.415069E+03,1.701191E-01,6.505607E+03,5.687358E-02,0.000000E+00,0.000000E+00,3.373814E-02,5.653734E+02,2.501588E-01,3.112697E+03,4.037530E+03,3.373814E-02,6.738600E+02,2.267032E-01,2.742275E+03,4.055605E+03,1.050109E-01,3.978106E+03,3.373814E-02,0.000000E+00,0.000000E+00,5.687358E-02,9.530700E+02,3.865901E-01,4.855188E+03,6.380783E+03,5.687358E-02,1.135950E+03,3.468567E-01,4.228609E+03,6.399114E+03,1.728311E-01,6.584370E+03,5.687358E-02,0.000000E+00,0.000000E+00,3.373814E-02,5.653734E+02,3.174560E-01,3.863989E+03,4.815953E+03,3.373814E-02,6.738600E+02,2.920128E-01,3.471345E+03,4.817178E+03,1.060589E-01,4.008536E+03,3.373814E-02,0.000000E+00,0.000000E+00
16:50:00,7.502470E-02,1.266790E+03,3.811872E-01,4.957636E+03,6.612609E+03,7.502470E-02,1.508036E+03,3.706749E-01,4.599021E+03,7.001510E+03,7.502470E-02,4.244413E+03,7.502470E-02,0.000000E+00,0.000000E+00,5.687358E-02,9.603089E+02,3.872584E-01,4.855424E+03,6.369816E+03,5.687358E-02,1.143189E+03,3.485078E-01,4.239821E+03,6.394932E+03,1.701194E-01,6.505617E+03,5.687358E-02,0.000000E+00,0.000000E+00,3.373814E-02,5.696676E+02,2.490740E-01,3.096293E+03,4.019533E+03,3.373814E-02,6.781542E+02,2.256860E-01,2.726626E+03,4.037585E+03,1.050111E-01,3.978111E+03,3.373814E-02,0.000000E+00,0.000000E+00,5.687358E-02,9.603089E+02,3.856779E-01,4.837767E+03,6.361187E+03,5.687358E-02,1.143189E+03,3.460586E-01,4.212463E+03,6.379651E+03,1.728315E-01,6.584380E+03,5.687358E-02,0.000000E+00,0.000000E+00,3.373814E-02,5.696676E+02,3.213417E-01,3.903080E+03,4.855265E+03,3.373814E-02,6.781542E+02,2.959206E-01,3.510684E+03,4.856045E+03,1.060591E-01,4.008542E+03,3.373814E-02,0.000000E+00,0.000000E+00
17:00:00,7.502470E-02,1.276339E+03,3.813969E-01,4.950441E+03,6.605137E+03,7.502470E-02,1.517585E+03,3.708879E-01,4.591861E+03,6.994053E+03,7.502470E-02,4.244413E+03,7.502470E-02,0.000000E+00,0.000000E+00,5.687358E-02,9.675479E+02,3.859945E-01,4.834095E+03,6.346105E+03,5.687358E-02,1.150428E+03,3.473568E-01,4.219753E+03,6.371055E+03,1.701197E-01,6.505627E+03,5.687358E-02,0.000000E+00,0.000000E+00,3.373814E-02,5.739619E+02,2.478389E-01,3.078223E+03,3.999901E+03,3.373814E-02,6.824485E+02,2.245234E-01,2.709367E+03,4.017833E+03,1.050113E-01,3.978117E+03,3.373814E-02,0.000000E+00,0.000000E+00,5.687358E-02,9.675479E+02,3.844756E-01,4.817125E+03,6.338101E+03,5.687358E-02,1.150428E+03,3.449764E-01,4.193165E+03,6.356426E+03,1.728318E-01,6.584390E+03,5.687358E-02,0.000000E+00,0.000000E+00,3.373814E-02,5.739619E+02,3.244640E-01,3.933664E+03,4.884328E+03,3.373814E-02,6.824485E+02,2.990781E-01,3.541662E+03,4.884218E+03,1.060593E-01,4.008547E+03,3.373814E-02,0.000000E+00,0.000000E+00
17:10:00,7.502470E-02,1.288276E+03,3.815506E-01,4.940244E+03,6.594708E+03,7.502470E-02,1.529522E+03,3.710450E-01,4.581702E+03,6.983637E+03,7.502470E-02,4.244413E+03,7.502470E-02,0.000000E+00,0.000000E+00,5.687358E-02,9.765967E+02,3.845375E-01,4.808818E+03,6.318448E+03,5.687358E-02,1.159476E+03,3.460143E-01,4.195759E+03,6.343502E+03,1.701201E-01,6.505636E+03,5.687358E-02,0.000000E+00,0.000000E+00,3.373814E-02,5.793297E+02,2.465056E-01,3.057994E+03,3.977930E+03,3.373814E-02,6.878163E+02,2.232642E-01,2.689969E+03,3.995869E+03,1.050114E-01,3.978122E+03,3.373814E-02,0.000000E+00,0.000000E+00,5.687358E-02,9.765967E+02,3.830776E-01,4.792508E+03,6.311058E+03,5.687358E-02,1.159476E+03,3.437069E-01,4.169985E+03,6.329615E+03,1.728321E-01,6.584399E+03,5.687358E-02,0.000000E+00,0.000000E+00,3.373814E-02,5.793297E+02,3.270405E-01,3.957100E+03,4.907960E+03,3.373814E-02,6.878163E+02,3.017020E-01,3.565631E+03,4.907768E+03,1.060595E-01,4.008552E+03,3.373814E-02,0.000000E+00,0.000000E+00
17:20:00,7.502470E-02,1.300213E+03,3.816478E-01,4.929417E+03,6.583592E+03,7.502470E-02,1.541458E+03,3.711459E-01,4.570915E+03,6.972537E+03,7.502470E-02,4.244413E+03,7.502470E-02,0.000000E+00,0.000000E+00,5.687358E-02,9.856454E+02,3.828910E-01,4.781426E+03,6.288551E+03,5.687358E-02,1.168525E+03,3.444930E-01,4.169768E+03,6.313673E+03,1.701204E-01,6.505646E+03,5.687358E-02,0.000000E+00,0.000000E+00,3.373814E-02,5.846975E+02,2.450762E-01,3.036693E+03,3.954861E+03,3.373814E-02,6.931841E+02,2.219159E-01,2.669575E+03,3.972801E+03,1.050116E-01,3.978127E+03,3.373814E-02,0.000000E+00,0.000000E+00,5.687358E-02,9.856454E+02,3.815659E-01,4.766622E+03,6.282706E+03,5.687358E-02,1.168525E+03,3.423290E-01,4.145596E+03,6.301403E+03,1.728325E-01,6.584409E+03,5.687358E-02,0.000000E+00,0.000000E+00,3.373814E-02,5.846975E+02,3.290590E-01,3.974306E+03,4.924761E+03,3.373814E-02,6.931841E+02,3.037798E-01,3.583503E+03,4.924377E+03,1.060596E-01,4.008557E+03,3.373814E-02,0.000000E+00,0.000000E+00
17:30:00,7.502470E-02,1.312149E+03,3.816854E-01,4.917925E+03,6.571782E+03,7.502470E-02,1.553395E+03,3.711875E-01,4.559468E+03,6.960747E+03,7.502470E-02,4.244413E+03,7.502470E-02,0.000000E+00,0.000000E+00,5.687358E-02,9.946941E+02,3.810474E-01,4.751834E+03,6.256170E+03,5.687358E-02,1.177574E+03,3.427817E-01,4.141656E+03,6.281358E+03,1.701207E-01,6.505656E+03,5.687358E-02,0.000000E+00,0.000000E+00,3.373814E-02,5.900654E+02,2.435477E-01,3.014285E+03,3.930502E+03,3.373814E-02,6.985520E+02,2.204729E-01,2.648124E+03,3.948439E+03,1.050118E-01,3.978132E+03,3.373814E-02,0.000000E+00,0.000000E+00,5.687358E-02,9.946941E+02,3.800670E-01,4.740879E+03,6.254372E+03,5.687358E-02,1.177574E+03,3.409639E-01,4.121350E+03,6.273188E+03,1.728328E-01,6.584419E+03,5.687358E-02,0.000000E+00,0.000000E+00,3.373814E-02,5.900654E+02,3.304605E-01,3.984623E+03,4.934385E+03,3.373814E-02,6.985520E+02,3.052525E-01,3.594620E+03,4.933893E+03,1.060598E-01,4.008562E+03,3.373814E-02,0.000000E+00,0.000000E+00
17:40:00,7.502470E-02,1.324086E+03,3.816662E-01,4.905798E+03,6.559312E+03,7.502470E-02,1.565331E+03,3.711726E-01,4.547388E+03,6.948297E+03,7.502470E-02,4.244413E+03,7.502470E-02,0.000000E+00,0.000000E+00,5.687358E-02,1.003743E+03,3.790001E-01,4.719966E+03,6.221257E+03,5.687358E-02,1.186623E+03,3.408741E-01,4.111351E+03,6.246521E+03,1.701211E-01,6.505665E+03,5.687358E-02,0.000000E+00,0.000000E+00,3.373814E-02,5.954332E+02,2.419191E-01,2.990760E+03,3.904876E+03,3.373814E-02,7.039198E+02,2.189343E-01,2.625605E+03,3.922816E+03,1.050120E-01,3.978137E+03,3.373814E-02,0.000000E+00,0.000000E+00,5.687358E-02,1.003743E+03,3.788252E-01,4.718005E+03,6.228928E+03,5.687358E-02,1.186623E+03,3.398513E-01,4.099921E+03,6.247860E+03,1.728331E-01,6.584428E+03,5.687358E-02,0.000000E+00,0.000000E+00,3.373814E-02,5.954332E+02,3.312283E-01,3.987866E+03,4.936661E+03,3.373814E-02,7.039198E+02,3.061035E-01,3.598797E+03,4.936149E+03,1.060600E-01,4.008567E+03,3.373814E-02,0.000000E+00,0.000000E+00
17:50:00,7.502470E-02,1.336023E+03,3.816006E-01,4.893155E+03,6.546307E+03,7.502470E-02,1.577268E+03,3.711115E-01,4.534793E+03,6.935314E+03,7.502470E-02,4.244413E+03,7.502470E-02,0.000000E+00,0.000000E+00,5.687358E-02,1.012792E+03,3.767420E-01,4.685746E+03,6.183766E+03,5.687358E-02,1.195671E+03,3.387637E-01,4.078782E+03,6.209138E+03,1.701214E-01,6.505674E+03,5.687358E-02,0.000000E+00,0.000000E+00,3.373814E-02,6.008010E+02,2.401909E-01,2.966122E+03,3.878013E+03,3.373814E-02,7.092876E+02,2.173005E-01,2.602024E+03,3.895977E+03,1.050121E-01,3.978142E+03,3.373814E-02,0.000000E+00,0.000000E+00,5.687358E-02,1.012792E+03,3.778916E-01,4.698572E+03,6.206683E+03,5.687358E-02,1.195671E+03,3.390437E-01,4.081897E+03,6.225706E+03,1.728334E-01,6.584438E+03,5.687358E-02,0.000000E+00,0.000000E+00,3.373814E-02,6.008010E+02,3.313476E-01,3.983868E+03,4.931428E+03,3.373814E-02,7.092876E+02,3.063180E-01,3.595866E+03,4.930991E+03,1.060602E-01,4.008572E+03,3.373814E-02,0.000000E+00,0.000000E+00
18:00:00,7.502470E-02,1.347959E+03,3.815213E-01,4.880345E+03,6.533153E+03,7.502470E-02,1.589205E+03,3.710366E-01,4.522033E+03,6.922183E+03,7.502470E-02,4.244413E+03,7.502470E-02,0.000000E+00,0.000000E+00,5.687358E-02,1.021840E+03,3.743965E-01,4.650531E+03,6.145316E+03,5.687358E-02,1.204720E+03,3.365737E-01,4.045306E+03,6.170897E+03,1.701217E-01,6.505684E+03,5.687358E-02,0.000000E+00,0.000000E+00,3.373814E-02,6.061688E+02,2.384334E-01,2.941145E+03,3.850830E+03,3.373814E-02,7.146554E+02,2.156407E-01,2.578140E+03,3.868860E+03,1.050123E-01,3.978147E+03,3.373814E-02,0.000000E+00,0.000000E+00,5.687358E-02,1.021840E+03,3.774026E-01,4.684084E+03,6.189490E+03,5.687358E-02,1.204720E+03,3.386805E-01,4.068816E+03,6.208670E+03,1.728338E-01,6.584447E+03,5.687358E-02,0.000000E+00,0.000000E+00,3.373814E-02,6.061688E+02,3.309842E-01,3.974465E+03,4.920766E+03,3.373814E-02,7.146554E+02,3.060635E-01,3.587682E+03,4.920575E+03,1.060603E-01,4.008577E+03,3.373814E-02,0.000000E+00,0.000000E+00
18:10:00,7.502470E-02,1.365864E+03,3.814223E-01,4.861335E+03,6.513648E+03,7.502470E-02,1.607110E+03,3.709421E-01,4.503074E+03,6.902690E+03,7.502470E-02,4.244413E+03,7.502470E-02,0.000000E+00,0.000000E+00,5.687358E-02,1.035413E+03,3.718175E-01,4.608166E+03,6.099356E+03,5.687358E-02,1.218293E+03,3.341709E-01,4.004909E+03,6.125312E+03,1.701220E-01,6.505693E+03,5.687358E-02,0.000000E+00,0.000000E+00,3.373814E-02,6.142206E+02,2.365703E-01,2.912293E+03,3.819571E+03,3.373814E-02,7.227072E+02,2.138875E-01,2.550517E+03,3.837765E+03,1.050125E-01,3.978152E+03,3.373814E-02,0.000000E+00,0.000000E+00,5.687358E-02,1.035413E+03,3.771988E-01,4.668238E+03,6.170932E+03,5.687358E-02,1.218293E+03,3.386115E-01,4.054475E+03,6.190351E+03,1.728341E-01,6.584456E+03,5.687358E-02,0.000000E+00,0.000000E+00,3.373814E-02,6.142206E+02,3.299086E-01,3.954408E+03,4.899064E+03,3.373814E-02,7.227072E+02,3.051143E-01,3.569037E+03,4.899237E+03,1.060605E-01,4.008582E+03,3.373814E-02,0.000000E+00,0.000000E+00
18:20:00,7.502470E-02,1.383769E+03,3.813071E-01,4.842145E+03,6.493946E+03,7.502470E-02,1.625015E+03,3.708315E-01,4.483934E+03,6.883004E+03,7.502470E-02,4.244413E+03,7.502470E-02,0.000000E+00,0.000000E+00,5.687358E-02,1.048987E+03,3.689947E-01,4.563077E+03,6.050333E+03,5.687358E-02,1.231866E+03,3.315359E-01,3.961919E+03,6.076600E+03,1.701224E-01,6.505702E+03,5.687358E-02,0.000000E+00,0.000000E+00,3.373814E-02,6.222723E+02,2.345997E-01,2.882242E+03,3.786905E+03,3.373814E-02,7.307589E+02,2.120332E-01,2.521763E+03,3.805204E+03,1.050126E-01,3.978156E+03,3.373814E-02,0.000000E+00,0.000000E+00,5.687358E-02,1.048987E+03,3.771248E-01,4.653839E+03,6.153871E+03,5.687358E-02,1.231866E+03,3.386867E-01,4.041742E+03,6.173538E+03,1.728344E-01,6.584465E+03,5.687358E-02,0.000000E+00,0.000000E+00,3.373814E-02,6.222723E+02,3.280638E-01,3.925762E+03,4.868343E+03,3.373814E-02,7.307589E+02,3.034101E-01,3.541963E+03,4.868850E+03,1.060607E-01,4.008587E+03,3.373814E-02,0.000000E+00,0.000000E+00
18:30:00,7.502470E-02,1.401674E+03,3.811765E-01,4.822781E+03,6.474064E+03,7.502470E-02,1.642919E+03,3.707056E-01,4.464624E+03,6.863139E+03,7.502470E-02,4.244413E+03,7.502470E-02,0.000000E+00,0.000000E+00,5.687358E-02,1.062560E+03,3.659317E-01,4.515308E+03,5.998298E+03,5.687358E-02,1.245439E+03,3.286764E-01,3.916423E+03,6.024865E+03,1.701227E-01,6.505711E+03,5.687358E-02,0.000000E+00,0.000000E+00,3.373814E-02,6.303241E+02,2.325263E-01,2.851041E+03,3.752892E+03,3.373814E-02,7.388107E+02,2.100849E-01,2.491961E+03,3.771276E+03,1.050128E-01,3.978161E+03,3.373814E-02,0.000000E+00,0.000000E+00,5.687358E-02,1.062560E+03,3.769050E-01,4.637813E+03,6.135067E+03,5.687358E-02,1.245439E+03,3.386348E-01,4.027592E+03,6.154975E+03,1.728347E-01,6.584474E+03,5.687358E-02,0.000000E+00,0.000000E+00,3.373814E-02,6.303241E+02,3.254062E-01,3.888041E+03,4.828156E+03,3.373814E-02,7.388107E+02,3.009140E-01,3.506046E+03,4.829068E+03,1.060608E-01,4.008591E+03,3.373814E-02,0.000000E+00,0.000000E+00
18:40:00,7.502470E-02,1.419579E+03,3.810194E-01,4.803122E+03,6.453880E+03,7.502470E-02,1.660824E+03,3.705536E-01,4.445021E+03,6.842974E+03,7.502470E-02,4.244413E+03,7.502470E-02,0.000000E+00,0.000000E+00,5.687358E-02,1.076133E+03,3.625812E-01,4.464329E+03,5.942681E+03,5.687358E-02,1.259012E+03,3.255419E-01,3.867856E+03,5.969536E+03,1.701230E-01,6.505720E+03,5.687358E-02,0.000000E+00,0.000000E+00,3.373814E-02,6.383758E+02,2.303271E-01,2.818437E+03,3.717277E+03,3.373814E-02,7.468624E+02,2.080172E-01,2.460826E+03,3.735726E+03,1.050130E-01,3.978166E+03,3.373814E-02,0.000000E+00,0.000000E+00,5.687358E-02,1.076133E+03,3.759124E-01,4.613160E+03,6.106895E+03,5.687358E-02,1.259012E+03,3.378429E-01,4.005180E+03,6.127090E+03,1.728350E-01,6.584484E+03,5.687358E-02,0.000000E+00,0.000000E+00,3.373814E-02,6.383758E+02,3.215204E-01,3.836608E+03,4.773580E+03,3.373814E-02,7.468624E+02,2.972154E-01,3.456705E+03,4.775005E+03,1.060610E-01,4.008596E+03,3.373814E-02,0.000000E+00,0.000000E+00
18:50:00,7.502470E-02,1.437484E+03,3.808114E-01,4.782895E+03,6.433104E+03,7.502470E-02,1.678729E+03,3.703511E-01,4.424855E+03,6.822222E+03,7.502470E-02,4.244413E+03,7.502470E-02,0.000000E+00,0.000000E+00,5.687358E-02,1.089706E+03,3.589817E-01,4.410569E+03,5.884072E+03,5.687358E-02,1.272586E+03,3.221802E-01,3.816753E+03,5.911397E+03,1.701233E-01,6.505729E+03,5.687358E-02,0.000000E+00,0.000000E+00,3.373814E-02,6.464275E+02,2.280191E-01,2.784618E+03,3.680337E+03,3.373814E-02,7.549141E+02,2.058535E-01,2.428619E+03,3.698959E+03,1.050131E-01,3.978171E+03,3.373814E-02,0.000000E+00,0.000000E+00,5.687358E-02,1.089706E+03,3.741585E-01,4.580007E+03,6.070152E+03,5.687358E-02,1.272586E+03,3.363192E-01,3.974599E+03,6.090805E+03,1.728353E-01,6.584493E+03,5.687358E-02,0.000000E+00,0.000000E+00,3.373814E-02,6.464275E+02,3.166211E-01,3.773859E+03,4.707835E+03,3.373814E-02,7.549141E+02,2.925327E-01,3.396376E+03,4.710101E+03,1.060612E-01,4.008601E+03,3.373814E-02,0.000000E+00,0.000000E+00
19:00:00,7.502470E-02,1.455389E+03,3.805237E-01,4.761778E+03,6.411400E+03,7.502470E-02,1.696634E+03,3.700695E-01,4.403806E+03,6.800544E+03,7.502470E-02,4.244413E+03,7.502470E-02,0.000000E+00,0.000000E+00,5.687358E-02,1.103279E+03,3.551465E-01,4.354178E+03,5.822584E+03,5.687358E-02,1.286159E+03,3.186019E-01,3.763233E+03,5.850527E+03,1.701236E-01,6.505738E+03,5.687358E-02,0.000000E+00,0.000000E+00,3.373814E-02,6.544793E+02,2.256076E-01,2.749643E+03,3.642116E+03,3.373814E-02,7.629659E+02,2.035969E-01,2.395375E+03,3.660996E+03,1.050133E-01,3.978176E+03,3.373814E-02,0.000000E+00,0.000000E+00,5.687358E-02,1.103279E+03,3.715498E-01,4.537310E+03,6.023377E+03,5.687358E-02,1.286159E+03,3.339649E-01,3.934744E+03,6.044592E+03,1.728356E-01,6.584501E+03,5.687358E-02,0.000000E+00,0.000000E+00,3.373814E-02,6.544793E+02,3.106986E-01,3.699685E+03,4.630205E+03,3.373814E-02,7.629659E+02,2.868533E-01,3.324920E+03,4.633545E+03,1.060613E-01,4.008606E+03,3.373814E-02,0.000000E+00,0.000000E+00
19:10:00,7.502470E-02,1.468519E+03,3.801315E-01,4.744269E+03,6.393357E+03,7.502470E-02,1.709765E+03,3.696838E-01,4.386369E+03,6.782540E+03,7.502470E-02,4.244413E+03,7.502470E-02,0.000000E+00,0.000000E+00,5.687358E-02,1.113233E+03,3.512026E-01,4.300193E+03,5.763542E+03,5.687358E-02,1.296112E+03,3.149110E-01,3.712074E+03,5.792039E+03,1.701239E-01,6.505747E+03,5.687358E-02,0.000000E+00,0.000000E+00,3.373814E-02,6.603839E+02,2.231639E-01,2.716456E+03,3.605734E+03,3.373814E-02,7.688705E+02,2.013043E-01,2.363876E+03,3.624820E+03,1.050135E-01,3.978180E+03,3.373814E-02,0.000000E+00,0.000000E+00,5.687358E-02,1.113233E+03,3.681353E-01,4.489237E+03,5.970677E+03,5.687358E-02,1.296112E+03,3.308050E-01,3.889516E+03,5.992305E+03,1.728359E-01,6.584510E+03,5.687358E-02,0.000000E+00,0.000000E+00,3.373814E-02,6.603839E+02,3.038480E-01,3.617298E+03,4.543751E+03,3.373814E-02,7.688705E+02,2.802679E-01,3.245495E+03,4.548342E+03,1.060615E-01,4.008610E+03,3.373814E-02,0.000000E+00,0.000000E+00
19:20:00,7.502470E-02,1.481649E+03,3.796172E-01,4.725396E+03,6.373882E+03,7.502470E-02,1.722895E+03,3.691763E-01,4.367574E+03,6.763104E+03,7.502470E-02,4.244413E+03,7.502470E-02,0.000000E+00,0.000000E+00,5.687358E-02,1.123186E+03,3.471426E-01,4.244912E+03,5.703205E+03,5.687358E-02,1.306066E+03,3.111040E-01,3.659619E+03,5.732335E+03,1.701242E-01,6.505756E+03,5.687358E-02,0.000000E+00,0.000000E+00,3.373814E-02,6.662885E+02,2.206781E-01,2.682799E+03,3.568922E+03,3.373814E-02,7.747751E+02,1.989680E-01,2.331889E+03,3.588261E+03,1.050136E-01,3.978185E+03,3.373814E-02,0.000000E+00,0.000000E+00,5.687358E-02,1.123186E+03,3.636548E-01,4.429262E+03,5.905120E+03,5.687358E-02,1.306066E+03,3.266016E-01,3.832637E+03,5.927302E+03,1.728362E-01,6.584519E+03,5.687358E-02,0.000000E+00,0.000000E+00,3.373814E-02,6.662885E+02,2.958179E-01,3.521740E+03,4.443313E+03,3.373814E-02,7.747751E+02,2.725532E-01,3.153462E+03,4.449690E+03,1.060616E-01,4.008615E+03,3.373814E-02,0.000000E+00,0.000000E+00
19:30:00,7.502470E-02,1.494780E+03,3.789690E-01,4.705029E+03,6.352833E+03,7.502470E-02,1.736025E+03,3.685354E-01,4.347288E+03,6.742096E+03,7.502470E-02,4.244413E+03,7.502470E-02,0.000000E+00,0.000000E+00,5.687358E-02,1.133140E+03,3.429947E-01,4.188649E+03,5.641955E+03,5.687358E-02,1.316019E+03,3.072085E-01,3.606175E+03,5.671812E+03,1.701245E-01,6.505765E+03,5.687358E-02,0.000000E+00,0.000000E+00,3.373814E-02,6.721931E+02,2.181574E-01,2.648752E+03,3.531792E+03,3.373814E-02,7.806797E+02,1.965950E-01,2.299492E+03,3.551437E+03,1.050138E-01,3.978189E+03,3.373814E-02,0.000000E+00,0.000000E+00,5.687358E-02,1.133140E+03,3.582209E-01,4.358644E+03,5.828569E+03,5.687358E-02,1.316019E+03,3.214820E-01,3.765528E+03,5.851707E+03,1.728365E-01,6.584528E+03,5.687358E-02,0.000000E+00,0.000000E+00,3.373814E-02,6.721931E+02,2.868830E-01,3.416081E+03,4.332674E+03,3.373814E-02,7.806797E+02,2.639245E-01,3.051224E+03,4.340701E+03,1.060618E-01,4.008619E+03,3.373814E-02,0.000000E+00,0.000000E+00
19:40:00,7.502470E-02,1.507910E+03,3.781869E-01,4.683166E+03,6.330215E+03,7.502470E-02,1.749155E+03,3.677607E-01,4.325507E+03,6.719514E+03,7.502470E-02,4.244413E+03,7.502470E-02,0.000000E+00,0.000000E+00,5.687358E-02,1.143093E+03,3.388612E-01,4.132546E+03,5.581047E+03,5.687358E-02,1.325973E+03,3.033293E-01,3.552914E+03,5.611760E+03,1.701248E-01,6.505773E+03,5.687358E-02,0.000000E+00,0.000000E+00,3.373814E-02,6.780977E+02,2.156462E-01,2.614812E+03,3.494879E+03,3.373814E-02,7.865843E+02,1.942317E-01,2.267204E+03,3.514899E+03,1.050139E-01,3.978194E+03,3.373814E-02,0.000000E+00,0.000000E+00,5.687358E-02,1.143093E+03,3.525315E-01,4.285172E+03,5.749815E+03,5.687358E-02,1.325973E+03,3.161024E-01,3.695517E+03,5.773976E+03,1.728368E-01,6.584536E+03,5.687358E-02,0.000000E+00,0.000000E+00,3.373814E-02,6.780977E+02,2.780164E-01,3.311183E+03,4.223343E+03,3.373814E-02,7.865843E+02,2.553636E-01,2.949742E+03,4.233252E+03,1.060619E-01,4.008624E+03,3.373814E-02,0.000000E+00,0.000000E+00
19:50:00,7.502470E-02,1.521040E+03,3.772879E-01,4.659999E+03,6.306236E+03,7.502470E-02,1.762286E+03,3.668688E-01,4.302419E+03,6.695567E+03,7.502470E-02,4.244413E+03,7.502470E-02,0.000000E+00,0.000000E+00,5.687358E-02,1.153047E+03,3.347746E-01,4.076967E+03,5.520766E+03,5.687358E-02,1.335927E+03,2.994841E-01,3.500031E+03,5.552239E+03,1.701251E-01,6.505782E+03,5.687358E-02,0.000000E+00,0.000000E+00,3.373814E-02,6.840023E+02,2.131562E-01,2.581106E+03,3.458264E+03,3.373814E-02,7.924889E+02,1.918805E-01,2.235051E+03,3.478587E+03,1.050141E-01,3.978198E+03,3.373814E-02,0.000000E+00,0.000000E+00,5.687358E-02,1.153047E+03,3.467837E-01,4.211046E+03,5.670323E+03,5.687358E-02,1.335927E+03,3.106551E-01,3.624750E+03,5.695525E+03,1.728371E-01,6.584545E+03,5.687358E-02,0.000000E+00,0.000000E+00,3.373814E-02,6.840023E+02,2.694046E-01,3.209130E+03,4.116251E+03,3.373814E-02,7.924889E+02,2.470368E-01,2.850873E+03,4.127837E+03,1.060621E-01,4.008628E+03,3.373814E-02,0.000000E+00,0.000000E+00
20:00:00,7.502470E-02,1.534171E+03,3.762997E-01,4.635834E+03,6.281222E+03,7.502470E-02,1.775416E+03,3.658873E-01,4.278329E+03,6.670577E+03,7.502470E-02,4.244413E+03,7.502470E-02,0.000000E+00,0.000000E+00,5.687358E-02,1.163001E+03,3.308383E-01,4.023067E+03,5.462324E+03,5.687358E-02,1.345880E+03,2.957751E-01,3.448670E+03,5.494467E+03,1.701254E-01,6.505790E+03,5.687358E-02,0.000000E+00,0.000000E+00,3.373814E-02,6.899069E+02,2.107346E-01,2.548166E+03,3.422494E+03,3.373814E-02,7.983935E+02,1.895899E-01,2.203573E+03,3.443065E+03,1.050142E-01,3.978203E+03,3.373814E-02,0.000000E+00,0.000000E+00,5.687358E-02,1.163001E+03,3.411968E-01,4.138717E+03,5.592173E+03,5.687358E-02,1.345880E+03,3.053589E-01,3.555668E+03,5.618413E+03,1.728374E-01,6.584553E+03,5.687358E-02,0.000000E+00,0.000000E+00,3.373814E-02,6.899069E+02,2.612950E-01,3.112683E+03,4.013940E+03,3.373814E-02,7.983935E+02,2.391877E-01,2.757336E+03,4.026883E+03,1.060623E-01,4.008633E+03,3.373814E-02,0.000000E+00,0.000000E+00
20:10:00,7.502470E-02,1.544914E+03,3.752542E-01,4.613418E+03,6.257987E+03,7.502470E-02,1.786159E+03,3.648479E-01,4.255982E+03,6.647366E+03,7.502470E-02,4.244413E+03,7.502470E-02,0.000000E+00,0.000000E+00,5.687358E-02,1.171144E+03,3.270709E-01,3.972861E+03,5.407663E+03,5.687358E-02,1.354024E+03,2.922261E-01,3.400904E+03,5.440456E+03,1.701257E-01,6.505799E+03,5.687358E-02,0.000000E+00,0.000000E+00,3.373814E-02,6.947380E+02,2.083865E-01,2.517120E+03,3.388654E+03,3.373814E-02,8.032246E+02,1.873683E-01,2.173940E+03,3.409463E+03,1.050144E-01,3.978207E+03,3.373814E-02,0.000000E+00,0.000000E+00,5.687358E-02,1.171144E+03,3.358933E-01,4.071361E+03,5.518682E+03,5.687358E-02,1.354024E+03,3.003386E-01,3.491475E+03,5.545982E+03,1.728377E-01,6.584562E+03,5.687358E-02,0.000000E+00,0.000000E+00,3.373814E-02,6.947380E+02,2.538415E-01,3.024635E+03,3.919735E+03,3.373814E-02,8.032246E+02,2.319631E-01,2.671846E+03,3.933665E+03,1.060624E-01,4.008637E+03,3.373814E-02,0.000000E+00,0.000000E+00
20:20:00,7.502470E-02,1.555656E+03,3.741835E-01,4.590720E+03,6.234460E+03,7.502470E-02,1.796902E+03,3.637826E-01,4.233345E+03,6.623854E+03,7.502470E-02,4.244413E+03,7.502470E-02,0.000000E+00,0.000000E+00,5.687358E-02,1.179288E+03,3.235260E-01,3.925139E+03,5.355657E+03,5.687358E-02,1.362168E+03,2.888879E-01,3.355490E+03,5.389078E+03,1.701260E-01,6.505807E+03,5.687358E-02,0.000000E+00,0.000000E+00,3.373814E-02,6.995690E+02,2.061402E-01,2.487209E+03,3.356033E+03,3.373814E-02,8.080556E+02,1.852424E-01,2.145375E+03,3.377073E+03,1.050145E-01,3.978212E+03,3.373814E-02,0.000000E+00,0.000000E+00,5.687358E-02,1.179288E+03,3.312501E-01,4.011377E+03,5.453204E+03,5.687358E-02,1.362168E+03,2.959462E-01,3.434293E+03,5.481426E+03,1.728380E-01,6.584570E+03,5.687358E-02,0.000000E+00,0.000000E+00,3.373814E-02,6.995690E+02,2.474884E-01,2.948871E+03,3.838727E+03,3.373814E-02,8.080556E+02,2.257800E-01,2.597982E+03,3.853124E+03,1.060626E-01,4.008642E+03,3.373814E-02,0.000000E+00,0.000000E+00
20:30:00,7.502470E-02,1.566399E+03,3.731190E-01,4.568093E+03,6.211015E+03,7.502470E-02,1.807645E+03,3.627228E-01,4.210768E+03,6.600415E+03,7.502470E-02,4.244413E+03,7.502470E-02,0.000000E+00,0.000000E+00,5.687358E-02,1.187432E+03,3.202193E-01,3.880077E+03,5.306568E+03,5.687358E-02,1.370312E+03,2.857756E-01,3.312599E+03,5.340590E+03,1.701263E-01,6.505815E+03,5.687358E-02,0.000000E+00,0.000000E+00,3.373814E-02,7.044001E+02,2.040069E-01,2.458561E+03,3.324804E+03,3.373814E-02,8.128867E+02,1.832234E-01,2.118002E+03,3.346070E+03,1.050147E-01,3.978216E+03,3.373814E-02,0.000000E+00,0.000000E+00,5.687358E-02,1.187432E+03,3.273457E-01,3.959642E+03,5.397006E+03,5.687358E-02,1.370312E+03,2.922461E-01,3.384840E+03,5.425846E+03,1.728383E-01,6.584579E+03,5.687358E-02,0.000000E+00,0.000000E+00,3.373814E-02,7.044001E+02,2.421623E-01,2.884574E+03,3.770302E+03,3.373814E-02,8.128867E+02,2.206166E-01,2.535503E+03,3.785331E+03,1.060627E-01,4.008646E+03,3.373814E-02,0.000000E+00,0.000000E+00
20:40:00,7.502470E-02,1.577142E+03,3.721097E-01,4.546080E+03,6.188106E+03,7.502470E-02,1.818388E+03,3.617173E-01,4.188798E+03,6.577506E+03,7.502470E-02,4.244413E+03,7.502470E-02,0.000000E+00,0.000000E+00,5.687358E-02,1.195576E+03,3.171665E-01,3.837849E+03,5.260274E+03,5.687358E-02,1.378456E+03,2.829081E-01,3.272442E+03,5.294974E+03,1.701265E-01,6.505824E+03,5.687358E-02,0.000000E+00,0.000000E+00,3.373814E-02,7.092311E+02,2.020018E-01,2.431343E+03,3.294941E+03,3.373814E-02,8.177177E+02,1.813285E-01,2.092016E+03,3.316500E+03,1.050148E-01,3.978220E+03,3.373814E-02,0.000000E+00,0.000000E+00,5.687358E-02,1.195576E+03,3.239317E-01,3.913380E+03,5.346506E+03,5.687358E-02,1.378456E+03,2.890247E-01,3.340730E+03,5.376073E+03,1.728386E-01,6.584587E+03,5.687358E-02,0.000000E+00,0.000000E+00,3.373814E-02,7.092311E+02,2.374593E-01,2.827234E+03,3.708793E+03,3.373814E-02,8.177177E+02,2.160545E-01,2.479737E+03,3.724282E+03,1.060629E-01,4.008650E+03,3.373814E-02,0.000000E+00,0.000000E+00
20:50:00,7.502470E-02,1.587885E+03,3.711303E-01,4.524380E+03,6.165387E+03,7.502470E-02,1.829131E+03,3.607407E-01,4.167131E+03,6.554774E+03,7.502470E-02,4.244413E+03,7.502470E-02,0.000000E+00,0.000000E+00,5.687358E-02,1.203720E+03,3.143019E-01,3.797699E+03,5.215958E+03,5.687358E-02,1.386600E+03,2.802193E-01,3.234255E+03,5.251332E+03,1.701268E-01,6.505832E+03,5.687358E-02,0.000000E+00,0.000000E+00,3.373814E-02,7.140622E+02,2.000929E-01,2.405184E+03,3.266050E+03,3.373814E-02,8.225487E+02,1.795251E-01,2.067036E+03,3.287911E+03,1.050150E-01,3.978225E+03,3.373814E-02,0.000000E+00,0.000000E+00,5.687358E-02,1.203720E+03,3.207483E-01,3.869669E+03,5.298395E+03,5.687358E-02,1.386600E+03,2.860225E-01,3.299043E+03,5.328642E+03,1.728389E-01,6.584595E+03,5.687358E-02,0.000000E+00,0.000000E+00,3.373814E-02,7.140622E+02,2.330951E-01,2.773659E+03,3.650785E+03,3.373814E-02,8.225487E+02,2.118212E-01,2.427624E+03,3.666620E+03,1.060630E-01,4.008655E+03,3.373814E-02,0.000000E+00,0.000000E+00
21:00:00,7.502470E-02,1.598628E+03,3.702071E-01,4.503307E+03,6.143633E+03,7.502470E-02,1.839874E+03,3.598199E-01,4.146085E+03,6.533009E+03,7.502470E-02,4.244413E+03,7.502470E-02,0.000000E+00,0.000000E+00,5.687358E-02,1.211864E+03,3.115764E-01,3.759098E+03,5.174002E+03,5.687358E-02,1.394743E+03,2.776672E-01,3.197592E+03,5.209945E+03,1.701271E-01,6.505840E+03,5.687358E-02,0.000000E+00,0.000000E+00,3.373814E-02,7.188932E+02,1.982604E-01,2.379878E+03,3.238510E+03,3.373814E-02,8.273798E+02,1.777964E-01,2.042888E+03,3.260595E+03,1.050151E-01,3.978229E+03,3.373814E-02,0.000000E+00,0.000000E+00,5.687358E-02,1.211864E+03,3.177172E-01,3.827656E+03,5.252885E+03,5.687358E-02,1.394743E+03,2.831689E-01,3.259014E+03,5.283705E+03,1.728391E-01,6.584603E+03,5.687358E-02,0.000000E+00,0.000000E+00,3.373814E-02,7.188932E+02,2.290035E-01,2.723127E+03,3.597070E+03,3.373814E-02,8.273798E+02,2.078554E-01,2.378496E+03,3.613266E+03,1.060632E-01,4.008659E+03,3.373814E-02,0.000000E+00,0.000000E+00
21:10:00,7.502470E-02,1.609371E+03,3.693288E-01,4.482734E+03,6.122413E+03,7.502470E-02,1.850617E+03,3.589432E-01,4.125531E+03,6.511773E+03,7.502470E-02,4.244413E+03,7.502470E-02,0.000000E+00,0.000000E+00,5.687358E-02,1.220008E+03,3.089469E-01,3.721571E+03,5.133162E+03,5.687358E-02,1.402887E+03,2.752117E-01,3.162009E+03,5.169707E+03,1.701274E-01,6.505848E+03,5.687358E-02,0.000000E+00,0.000000E+00,3.373814E-02,7.237242E+02,1.964822E-01,2.355177E+03,3.211602E+03,3.373814E-02,8.322108E+02,1.761221E-01,2.019348E+03,3.233930E+03,1.050153E-01,3.978233E+03,3.373814E-02,0.000000E+00,0.000000E+00,5.687358E-02,1.220008E+03,3.147913E-01,3.786818E+03,5.208557E+03,5.687358E-02,1.402887E+03,2.804206E-01,3.220160E+03,5.239966E+03,1.728394E-01,6.584611E+03,5.687358E-02,0.000000E+00,0.000000E+00,3.373814E-02,7.237242E+02,2.251503E-01,2.675257E+03,3.546091E+03,3.373814E-02,8.322108E+02,2.041251E-01,2.332000E+03,3.562631E+03,1.060633E-01,4.008663E+03,3.373814E-02,0.000000E+00,0.000000E+00
21:20:00,7.502470E-02,1.620114E+03,3.684931E-01,4.462636E+03,6.101702E+03,7.502470E-02,1.861360E+03,3.581086E-01,4.105447E+03,6.491040E+03,7.502470E-02,4.244413E+03,7.502470E-02,0.000000E+00,0.000000E+00,5.687358E-02,1.228152E+03,3.064097E-01,3.685074E+03,5.093403E+03,5.687358E-02,1.411031E+03,2.728492E-01,3.127464E+03,5.130580E+03,1.701276E-01,6.505856E+03,5.687358E-02,0.000000E+00,0.000000E+00,3.373814E-02,7.285553E+02,1.947581E-01,2.331080E+03,3.185331E+03,3.373814E-02,8.370419E+02,1.745020E-01,1.996414E+03,3.207916E+03,1.050154E-01,3.978237E+03,3.373814E-02,0.000000E+00,0.000000E+00,5.687358E-02,1.228152E+03,3.119689E-01,3.747137E+03,5.165417E+03,5.687358E-02,1.411031E+03,2.777761E-01,3.182466E+03,5.197431E+03,1.728397E-01,6.584619E+03,5.687358E-02,0.000000E+00,0.000000E+00,3.373814E-02,7.285553E+02,2.215260E-01,2.629943E+03,3.497759E+03,3.373814E-02,8.370419E+02,2.006213E-01,2.288033E+03,3.514630E+03,1.060634E-01,4.008667E+03,3.373814E-02,0.000000E+00,0.000000E+00
21:30:00,7.502470E-02,1.630857E+03,3.676965E-01,4.442977E+03,6.081457E+03,7.502470E-02,1.872103E+03,3.573127E-01,4.085795E+03,6.470768E+03,7.502470E-02,4.244413E+03,7.502470E-02,0.000000E+00,0.000000E+00,5.687358E-02,1.236295E+03,3.039597E-01,3.649551E+03,5.054667E+03,5.687358E-02,1.419175E+03,2.705749E-01,3.093904E+03,5.092507E+03,1.701279E-01,6.505864E+03,5.687358E-02,0.000000E+00,0.000000E+00,3.373814E-02,7.333863E+02,1.930866E-01,2.307571E+03,3.159678E+03,3.373814E-02,8.418729E+02,1.729348E-01,1.974070E+03,3.182537E+03,1.050156E-01,3.978242E+03,3.373814E-02,0.000000E+00,0.000000E+00,5.687358E-02,1.236295E+03,3.092478E-01,3.708587E+03,5.123450E+03,5.687358E-02,1.419175E+03,2.752332E-01,3.145906E+03,5.156085E+03,1.728400E-01,6.584627E+03,5.687358E-02,0.000000E+00,0.000000E+00,3.373814E-02,7.333863E+02,2.181190E-01,2.587056E+03,3.451946E+03,3.373814E-02,8.418729E+02,1.973327E-01,2.246468E+03,3.469142E+03,1.060636E-01,4.008671E+03,3.373814E-02,0.000000E+00,0.000000E+00
21:40:00,7.502470E-02,1.641600E+03,3.669124E-01,4.423455E+03,6.061334E+03,7.502470E-02,1.882846E+03,3.565287E-01,4.066276E+03,6.450612E+03,7.502470E-02,4.244413E+03,7.502470E-02,0.000000E+00,0.000000E+00,5.687358E-02,1.244439E+03,3.015663E-01,3.614662E+03,5.016556E+03,5.687358E-02,1.427319E+03,2.683559E-01,3.060963E+03,5.055042E+03,1.701282E-01,6.505872E+03,5.687358E-02,0.000000E+00,0.000000E+00,3.373814E-02,7.382174E+02,1.914504E-01,2.284457E+03,3.134417E+03,3.373814E-02,8.467040E+02,1.714015E-01,1.952105E+03,3.157533E+03,1.050157E-01,3.978246E+03,3.373814E-02,0.000000E+00,0.000000E+00,5.687358E-02,1.244439E+03,3.065990E-01,3.670845E+03,5.082281E+03,5.687358E-02,1.427319E+03,2.727601E-01,3.110127E+03,5.115506E+03,1.728402E-01,6.584635E+03,5.687358E-02,0.000000E+00,0.000000E+00,3.373814E-02,7.382174E+02,2.149012E-01,2.546282E+03,3.408310E+03,3.373814E-02,8.467040E+02,1.942298E-01,2.206978E+03,3.425799E+03,1.060637E-01,4.008675E+03,3.373814E-02,0.000000E+00,0.000000E+00
21:50:00,7.502470E-02,1.652343E+03,3.661759E-01,4.404488E+03,6.041807E+03,7.502470E-02,1.893589E+03,3.557923E-01,4.047308E+03,6.431053E+03,7.502470E-02,4.244413E+03,7.502470E-02,0.000000E+00,0.000000E+00,5.687358E-02,1.252583E+03,2.992645E-01,3.580818E+03,4.979561E+03,5.687358E-02,1.435463E+03,2.662329E-01,3.029117E+03,5.018775E+03,1.701285E-01,6.505879E+03,5.687358E-02,0.000000E+00,0.000000E+00,3.373814E-02,7.430484E+02,1.898710E-01,2.261992E+03,3.109849E+03,3.373814E-02,8.515350E+02,1.699271E-01,1.930814E+03,3.133263E+03,1.050159E-01,3.978250E+03,3.373814E-02,0.000000E+00,0.000000E+00,5.687358E-02,1.252583E+03,3.040583E-01,3.634334E+03,5.042420E+03,5.687358E-02,1.435463E+03,2.703985E-01,3.075618E+03,5.076300E+03,1.728405E-01,6.584643E+03,5.687358E-02,0.000000E+00,0.000000E+00,3.373814E-02,7.430484E+02,2.118811E-01,2.507731E+03,3.366999E+03,3.373814E-02,8.515350E+02,1.913244E-01,2.169709E+03,3.384802E+03,1.060639E-01,4.008680E+03,3.373814E-02,0.000000E+00,0.000000E+00
22:00:00,7.502470E-02,1.663086E+03,3.654610E-01,4.385762E+03,6.022523E+03,7.502470E-02,1.904332E+03,3.550768E-01,4.028577E+03,6.411730E+03,7.502470E-02,4.244413E+03,7.502470E-02,0.000000E+00,0.000000E+00,5.687358E-02,1.260727E+03,2.970259E-01,3.547682E+03,4.943295E+03,5.687358E-02,1.443607E+03,2.641748E-01,2.997997E+03,4.983261E+03,1.701287E-01,6.505887E+03,5.687358E-02,0.000000E+00,0.000000E+00,3.373814E-02,7.478795E+02,1.883327E-01,2.239987E+03,3.085755E+03,3.373814E-02,8.563661E+02,1.684938E-01,1.909981E+03,3.109471E+03,1.050160E-01,3.978254E+03,3.373814E-02,0.000000E+00,0.000000E+00,5.687358E-02,1.260727E+03,3.015979E-01,3.598721E+03,5.003482E+03,5.687358E-02,1.443607E+03,2.681169E-01,3.042003E+03,5.038021E+03,1.728408E-01,6.584650E+03,5.687358E-02,0.000000E+00,0.000000E+00,3.373814E-02,7.478795E+02,2.090324E-01,2.471096E+03,3.327675E+03,3.373814E-02,8.563661E+02,1.885888E-01,2.134338E+03,3.345787E+03,1.060640E-01,4.008684E+03,3.373814E-02,0.000000E+00,0.000000E+00
22:10:00,7.502470E-02,1.671442E+03,3.647741E-01,4.369737E+03,6.006010E+03,7.502470E-02,1.912687E+03,3.543892E-01,4.012544E+03,6.395181E+03,7.502470E-02,4.244413E+03,7.502470E-02,0.000000E+00,0.000000E+00,5.687358E-02,1.267061E+03,2.948757E-01,3.517343E+03,4.909949E+03,5.687358E-02,1.449941E+03,2.622025E-01,2.969644E+03,4.950652E+03,1.701290E-01,6.505895E+03,5.687358E-02,0.000000E+00,0.000000E+00,3.373814E-02,7.516369E+02,1.868504E-01,2.219681E+03,3.063435E+03,3.373814E-02,8.601235E+02,1.671138E-01,1.890819E+03,3.087430E+03,1.050161E-01,3.978258E+03,3.373814E-02,0.000000E+00,0.000000E+00,5.687358E-02,1.267061E+03,2.992423E-01,3.566089E+03,4.967659E+03,5.687358E-02,1.449941E+03,2.659358E-01,3.011320E+03,5.002819E+03,1.728410E-01,6.584658E+03,5.687358E-02,0.000000E+00,0.000000E+00,3.373814E-02,7.516369E+02,2.063584E-01,2.437485E+03,3.291503E+03,3.373814E-02,8.601235E+02,1.860238E-01,2.101944E+03,3.309890E+03,1.060641E-01,4.008688E+03,3.373814E-02,0.000000E+00,0.000000E+00
22:20:00,7.502470E-02,1.679797E+03,3.641116E-01,4.353984E+03,5.989778E+03,7.502470E-02,1.921043E+03,3.537258E-01,3.996780E+03,6.378911E+03,7.502470E-02,4.244413E+03,7.502470E-02,0.000000E+00,0.000000E+00,5.687358E-02,1.273395E+03,2.928076E-01,3.487920E+03,4.877624E+03,5.687358E-02,1.456275E+03,2.603090E-01,2.942173E+03,4.919074E+03,1.701293E-01,6.505902E+03,5.687358E-02,0.000000E+00,0.000000E+00,3.373814E-02,7.553944E+02,1.854206E-01,2.199961E+03,3.041770E+03,3.373814E-02,8.638810E+02,1.657839E-01,1.872215E+03,3.066051E+03,1.050163E-01,3.978262E+03,3.373814E-02,0.000000E+00,0.000000E+00,5.687358E-02,1.273395E+03,2.969855E-01,3.534560E+03,4.933055E+03,5.687358E-02,1.456275E+03,2.638491E-01,2.981691E+03,4.968837E+03,1.728413E-01,6.584666E+03,5.687358E-02,0.000000E+00,0.000000E+00,3.373814E-02,7.553944E+02,2.038448E-01,2.405665E+03,3.257244E+03,3.373814E-02,8.638810E+02,1.836154E-01,2.071299E+03,3.275907E+03,1.060643E-01,4.008692E+03,3.373814E-02,0.000000E+00,0.000000E+00
22:30:00,7.502470E-02,1.688153E+03,3.634711E-01,4.338478E+03,5.973802E+03,7.502470E-02,1.929399E+03,3.530841E-01,3.981261E+03,6.362893E+03,7.502470E-02,4.244413E+03,7.502470E-02,0.000000E+00,0.000000E+00,5.687358E-02,1.279729E+03,2.908172E-01,3.459366E+03,4.846280E+03,5.687358E-02,1.462609E+03,2.584895E-01,2.915526E+03,4.888492E+03,1.701295E-01,6.505910E+03,5.687358E-02,0.000000E+00,0.000000E+00,3.373814E-02,7.591519E+02,1.840407E-01,2.180799E+03,3.020741E+03,3.373814E-02,8.676385E+02,1.645016E-01,1.854142E+03,3.045324E+03,1.050164E-01,3.978266E+03,3.373814E-02,0.000000E+00,0.000000E+00,5.687358E-02,1.279729E+03,2.948223E-01,3.504076E+03,4.899622E+03,5.687358E-02,1.462609E+03,2.618517E-01,2.953058E+03,4.936043E+03,1.728416E-01,6.584673E+03,5.687358E-02,0.000000E+00,0.000000E+00,3.373814E-02,7.591519E+02,2.014790E-01,2.375494E+03,3.224761E+03,3.373814E-02,8.676385E+02,1.813510E-01,2.042262E+03,3.243711E+03,1.060644E-01,4.008696E+03,3.373814E-02,0.000000E+00,0.000000E+00
22:40:00,7.502470E-02,1.696509E+03,3.628508E-01,4.323196E+03,5.958056E+03,7.502470E-02,1.937754E+03,3.524625E-01,3.965964E+03,6.347106E+03,7.502470E-02,4.244413E+03,7.502470E-02,0.000000E+00,0.000000E+00,5.687358E-02,1.286063E+03,2.889006E-01,3.431634E+03,4.815863E+03,5.687358E-02,1.468943E+03,2.567394E-01,2.889655E+03,4.858843E+03,1.701298E-01,6.505918E+03,5.687358E-02,0.000000E+00,0.000000E+00,3.373814E-02,7.629094E+02,1.827086E-01,2.162169E+03,3.000313E+03,3.373814E-02,8.713960E+02,1.632647E-01,1.836577E+03,3.025212E+03,1.050165E-01,3.978270E+03,3.373814E-02,0.000000E+00,0.000000E+00,5.687358E-02,1.286063E+03,2.927478E-01,3.474582E+03,4.867293E+03,5.687358E-02,1.468943E+03,2.599390E-01,2.925372E+03,4.904368E+03,1.728418E-01,6.584681E+03,5.687358E-02,0.000000E+00,0.000000E+00,3.373814E-02,7.629094E+02,1.992491E-01,2.346842E+03,3.193909E+03,3.373814E-02,8.713960E+02,1.792192E-01,2.014706E+03,3.213154E+03,1.060645E-01,4.008699E+03,3.373814E-02,0.000000E+00,0.000000E+00
22:50:00,7.502470E-02,1.704864E+03,3.622488E-01,4.308119E+03,5.942522E+03,7.502470E-02,1.946110E+03,3.518590E-01,3.950871E+03,6.331527E+03,7.502470E-02,4.244413E+03,7.502470E-02,0.000000E+00,0.000000E+00,5.687358E-02,1.292398E+03,2.870542E-01,3.404687E+03,4.786320E+03,5.687358E-02,1.475277E+03,2.550548E-01,2.864516E+03,4.830056E+03,1.701300E-01,6.505925E+03,5.687358E-02,0.000000E+00,0.000000E+00,3.373814E-02,7.666668E+02,1.814219E-01,2.144047E+03,2.980453E+03,3.373814E-02,8.751534E+02,1.620714E-01,1.819498E+03,3.005670E+03,1.050167E-01,3.978274E+03,3.373814E-02,0.000000E+00,0.000000E+00,5.687358E-02,1.292398E+03,2.907574E-01,3.446027E+03,4.836005E+03,5.687358E-02,1.475277E+03,2.581067E-01,2.898583E+03,4.873734E+03,1.728421E-01,6.584688E+03,5.687358E-02,0.000000E+00,0.000000E+00,3.373814E-02,7.666668E+02,1.971446E-01,2.319589E+03,3.164550E+03,3.373814E-02,8.751534E+02,1.772096E-01,1.988512E+03,3.184086E+03,1.060647E-01,4.008703E+03,3.373814E-02,0.000000E+00,0.000000E+00
23:00:00,7.502470E-02,1.713220E+03,3.616637E-01,4.293231E+03,5.927181E+03,7.502470E-02,1.954465E+03,3.512722E-01,3.935963E+03,6.316141E+03,7.502470E-02,4.244413E+03,7.502470E-02,0.000000E+00,0.000000E+00,5.687358E-02,1.298732E+03,2.852747E-01,3.378486E+03,4.757605E+03,5.687358E-02,1.481611E+03,2.534322E-01,2.840067E+03,4.802065E+03,1.701303E-01,6.505932E+03,5.687358E-02,0.000000E+00,0.000000E+00,3.373814E-02,7.704243E+02,1.801788E-01,2.126412E+03,2.961130E+03,3.373814E-02,8.789109E+02,1.609198E-01,1.802885E+03,2.986665E+03,1.050168E-01,3.978278E+03,3.373814E-02,0.000000E+00,0.000000E+00,5.687358E-02,1.298732E+03,2.888469E-01,3.418364E+03,4.805699E+03,5.687358E-02,1.481611E+03,2.563509E-01,2.872648E+03,4.844073E+03,1.728423E-01,6.584695E+03,5.687358E-02,0.000000E+00,0.000000E+00,3.373814E-02,7.704243E+02,1.951555E-01,2.293624E+03,3.136565E+03,3.373814E-02,8.789109E+02,1.753124E-01,1.963575E+03,3.156379E+03,1.060648E-01,4.008707E+03,3.373814E-02,0.000000E+00,0.000000E+00
23:10:00,7.502470E-02,1.721576E+03,3.610939E-01,4.278513E+03,5.912016E+03,7.502470E-02,1.962821E+03,3.507006E-01,3.921226E+03,6.300929E+03,7.502470E-02,4.244413E+03,7.502470E-02,0.000000E+00,0.000000E+00,5.687358E-02,1.305066E+03,2.835384E-01,3.352768E+03,4.729401E+03,5.687358E-02,1.487945E+03,2.518540E-01,2.816115E+03,4.774623E+03,1.701305E-01,6.505940E+03,5.687358E-02,0.000000E+00,0.000000E+00,3.373814E-02,7.741818E+02,1.789653E-01,2.109106E+03,2.942157E+03,3.373814E-02,8.826684E+02,1.598001E-01,1.786628E+03,2.968054E+03,1.050169E-01,3.978281E+03,3.373814E-02,0.000000E+00,0.000000E+00,5.687358E-02,1.305066E+03,2.869916E-01,3.391317E+03,4.776046E+03,5.687358E-02,1.487945E+03,2.546536E-01,2.847366E+03,4.815131E+03,1.728426E-01,6.584703E+03,5.687358E-02,0.000000E+00,0.000000E+00,3.373814E-02,7.741818E+02,1.932605E-01,2.268710E+03,3.109678E+03,3.373814E-02,8.826684E+02,1.735102E-01,1.939697E+03,3.129799E+03,1.060649E-01,4.008711E+03,3.373814E-02,0.000000E+00,0.000000E+00
23:20:00,7.502470E-02,1.729931E+03,3.605381E-01,4.263952E+03,5.897013E+03,7.502470E-02,1.971177E+03,3.501429E-01,3.906643E+03,6.285877E+03,7.502470E-02,4.244413E+03,7.502470E-02,0.000000E+00,0.000000E+00,5.687358E-02,1.311400E+03,2.818426E-01,3.327502E+03,4.701676E+03,5.687358E-02,1.494280E+03,2.503195E-01,2.792650E+03,4.747716E+03,1.701308E-01,6.505947E+03,5.687358E-02,0.000000E+00,0.000000E+00,3.373814E-02,7.779393E+02,1.777797E-01,2.092113E+03,2.923513E+03,3.373814E-02,8.864259E+02,1.587113E-01,1.770716E+03,2.949818E+03,1.050171E-01,3.978285E+03,3.373814E-02,0.000000E+00,0.000000E+00,5.687358E-02,1.311400E+03,2.851871E-01,3.364838E+03,4.746992E+03,5.687358E-02,1.494280E+03,2.530114E-01,2.822699E+03,4.786858E+03,1.728428E-01,6.584710E+03,5.687358E-02,0.000000E+00,0.000000E+00,3.373814E-02,7.779393E+02,1.914514E-01,2.244756E+03,3.083795E+03,3.373814E-02,8.864259E+02,1.717950E-01,1.916792E+03,3.104250E+03,1.060651E-01,4.008715E+03,3.373814E-02,0.000000E+00,0.000000E+00
23:30:00,7.502470E-02,1.738287E+03,3.599949E-01,4.249531E+03,5.882152E+03,7.502470E-02,1.979532E+03,3.495976E-01,3.892200E+03,6.270966E+03,7.502470E-02,4.244413E+03,7.502470E-02,0.000000E+00,0.000000E+00,5.687358E-02,1.317734E+03,2.801845E-01,3.302657E+03,4.674392E+03,5.687358E-02,1.500614E+03,2.488275E-01,2.769660E+03,4.721530E+03,1.701310E-01,6.505954E+03,5.687358E-02,0.000000E+00,0.000000E+00,3.373814E-02,7.816968E+02,1.766203E-01,2.075413E+03,2.905177E+03,3.373814E-02,8.901834E+02,1.576533E-01,1.755148E+03,2.932106E+03,1.050172E-01,3.978289E+03,3.373814E-02,0.000000E+00,0.000000E+00,5.687358E-02,1.317734E+03,2.834297E-01,3.338884E+03,4.718489E+03,5.687358E-02,1.500614E+03,2.514215E-01,2.798616E+03,4.759436E+03,1.728431E-01,6.584717E+03,5.687358E-02,0.000000E+00,0.000000E+00,3.373814E-02,7.816968E+02,1.897208E-01,2.221677E+03,3.058825E+03,3.373814E-02,8.901834E+02,1.701595E-01,1.894776E+03,3.079805E+03,1.060652E-01,4.008719E+03,3.373814E-02,0.000000E+00,0.000000E+00
23:40:00,7.502470E-02,1.746642E+03,3.594629E-01,4.235236E+03,5.867421E+03,7.502470E-02,1.987888E+03,3.490636E-01,3.877881E+03,6.256184E+03,7.502470E-02,4.244413E+03,7.502470E-02,0.000000E+00,0.000000E+00,5.687358E-02,1.324068E+03,2.785615E-01,3.278204E+03,4.647520E+03,5.687358E-02,1.506948E+03,2.473699E-01,2.747054E+03,4.696483E+03,1.701313E-01,6.505961E+03,5.687358E-02,0.000000E+00,0.000000E+00,3.373814E-02,7.854542E+02,1.754856E-01,2.058987E+03,2.887130E+03,3.373814E-02,8.939408E+02,1.566214E-01,1.739870E+03,2.915227E+03,1.050173E-01,3.978293E+03,3.373814E-02,0.000000E+00,0.000000E+00,5.687358E-02,1.324068E+03,2.817158E-01,3.313416E+03,4.690497E+03,5.687358E-02,1.506948E+03,2.498826E-01,2.775103E+03,4.733406E+03,1.728433E-01,6.584724E+03,5.687358E-02,0.000000E+00,0.000000E+00,3.373814E-02,7.854542E+02,1.880617E-01,2.199396E+03,3.034689E+03,3.373814E-02,8.939408E+02,1.685970E-01,1.873575E+03,3.056791E+03,1.060653E-01,4.008722E+03,3.373814E-02,0.000000E+00,0.000000E+00
23:50:00,7.502470E-02,1.754998E+03,3.589412E-01,4.221055E+03,5.852806E+03,7.502470E-02,1.996244E+03,3.485396E-01,3.863675E+03,6.241517E+03,7.502470E-02,4.244413E+03,7.502470E-02,0.000000E+00,0.000000E+00,5.687358E-02,1.330402E+03,2.769713E-01,3.254116E+03,4.621030E+03,5.687358E-02,1.513282E+03,2.459410E-01,2.724768E+03,4.672636E+03,1.701315E-01,6.505968E+03,5.687358E-02,0.000000E+00,0.000000E+00,3.373814E-02,7.892117E+02,1.743741E-01,2.042820E+03,2.869353E+03,3.373814E-02,8.976983E+02,1.556114E-01,1.724837E+03,2.899214E+03,1.050175E-01,3.978297E+03,3.373814E-02,0.000000E+00,0.000000E+00,5.687358E-02,1.330402E+03,2.800422E-01,3.288397E+03,4.662974E+03,5.687358E-02,1.513282E+03,2.483862E-01,2.752062E+03,4.708783E+03,1.728436E-01,6.584731E+03,5.687358E-02,0.000000E+00,0.000000E+00,3.373814E-02,7.892117E+02,1.864678E-01,2.177844E+03,3.011311E+03,3.373814E-02,8.976983E+02,1.671029E-01,1.853137E+03,3.035236E+03,1.060655E-01,4.008726E+03,3.373814E-02,0.000000E+00,0.000000E+00
24:00:00,7.502470E-02,1.763354E+03,3.584286E-01,4.206976E+03,5.838294E+03,7.502470E-02,2.004599E+03,3.480246E-01,3.849569E+03,6.226952E+03,7.502470E-02,4.244413E+03,7.502470E-02,0.000000E+00,0.000000E+00,5.687358E-02,1.336736E+03,2.754116E-01,3.230370E+03,4.594896E+03,5.687358E-02,1.519616E+03,2.445357E-01,2.702746E+03,4.649779E+03,1.701318E-01,6.505975E+03,5.687358E-02,0.000000E+00,0.000000E+00,3.373814E-02,7.929692E+02,1.732842E-01,2.026896E+03,2.851829E+03,3.373814E-02,9.014558E+02,1.546196E-01,1.710008E+03,2.883912E+03,1.050176E-01,3.978300E+03,3.373814E-02,0.000000E+00,0.000000E+00,5.687358E-02,1.336736E+03,2.784058E-01,3.263795E+03,4.635887E+03,5.687358E-02,1.519616E+03,2.469238E-01,2.729402E+03,4.685302E+03,1.728438E-01,6.584738E+03,5.687358E-02,0.000000E+00,0.000000E+00,3.373814E-02,7.929692E+02,1.849333E-01,2.156956E+03,2.988626E+03,3.373814E-02,9.014558E+02,1.656688E-01,1.833368E+03,3.014895E+03,1.060656E-01,4.008730E+03,3.373814E-02,0.000000E+00,0.000000E+00
Coinc Peak   ,7.502470E-02,3.816854E-01,4.244413E+03,4.990306E+03,1.701318E-01,3.907033E-01,6.505975E+03,4.943113E+03,1.050176E-01,2.930736E-01,3.978300E+03,3.531650E+03,1.728438E-01,3.887105E-01,6.584738E+03,4.919738E+03,1.060656E-01,3.313476E-01,4.008730E+03,3.987866E+03
NonCoinc Peak,7.502470E-02,3.816854E-01,4.244413E+03,4.990306E+03,1.701318E-01,3.907033E-01,6.505975E+03,4.943113E+03,1.050176E-01,2.930736E-01,3.978300E+03,3.531650E+03,1.728438E-01,3.887105E-01,6.584738E+03,4.919738E+03,1.060656E-01,3.313476E-01,4.008730E+03,3.987866E+03
