Time,CORE_ZN ZN:ATLANTA-HARTSFIELD.JACKSON.INTL.AP_GA_USA ANN HTG 99.6% CONDNS DB:Des Heat Load [W],CORE_ZN ZN:ATLANTA-HARTSFIELD.JACKSON.INTL.AP_GA_USA ANN CLG .4% CONDNS DB=>MWB:Des Sens Cool Load [W],CORE_ZN ZN:ATLANTA-HARTSFIELD.JACKSON.INTL.AP_GA_USA ANN HTG 99.6% CONDNS DB:Des Heat Mass Flow [kg/s],CORE_ZN ZN:ATLANTA-HARTSFIELD.JACKSON.INTL.AP_GA_USA ANN CLG .4% CONDNS DB=>MWB:Des Cool Mass Flow [kg/s],CORE_ZN ZN::Des Latent Heat Load [W],CORE_ZN ZN::Des Latent Cool Load [W],CORE_ZN ZN::Des Latent Heat Mass Flow [kg/s],CORE_ZN ZN::Des Latent Cool Mass Flow [kg/s],CORE_ZN ZN::Des Heat Load No DOAS [W],CORE_ZN ZN::Des Sens Cool Load No DOAS [W],CORE_ZN ZN::Des Latent Heat Load No DOAS [W],CORE_ZN ZN::Des Latent Cool Load No DOAS [W],CORE_ZN ZN:ATLANTA-HARTSFIELD.JACKSON.INTL.AP_GA_USA ANN HTG 99.6% CONDNS DB:Heating Zone Temperature [C],CORE_ZN ZN:ATLANTA-HARTSFIELD.JACKSON.INTL.AP_GA_USA ANN HTG 99.6% CONDNS DB:Heating Zone Relative Humidity [%],CORE_ZN ZN:ATLANTA-HARTSFIELD.JACKSON.INTL.AP_GA_USA ANN CLG .4% CONDNS DB=>MWB:Cooling Zone Temperature [C],CORE_ZN ZN:ATLANTA-HARTSFIELD.JACKSON.INTL.AP_GA_USA ANN CLG .4% CONDNS DB=>MWB:Cooling Zone Relative Humidity [%],PERIMETER_ZN_1 ZN:ATLANTA-HARTSFIELD.JACKSON.INTL.AP_GA_USA ANN HTG 99.6% CONDNS DB:Des Heat Load [W],PERIMETER_ZN_1 ZN:ATLANTA-HARTSFIELD.JACKSON.INTL.AP_GA_USA ANN CLG .4% CONDNS DB=>MWB:Des Sens Cool Load [W],PERIMETER_ZN_1 ZN:ATLANTA-HARTSFIELD.JACKSON.INTL.AP_GA_USA ANN HTG 99.6% CONDNS DB:Des Heat Mass Flow [kg/s],PERIMETER_ZN_1 ZN:ATLANTA-HARTSFIELD.JACKSON.INTL.AP_GA_USA ANN CLG .4% CONDNS DB=>MWB:Des Cool Mass Flow [kg/s],PERIMETER_ZN_1 ZN::Des Latent Heat Load [W],PERIMETER_ZN_1 ZN::Des Latent Cool Load [W],PERIMETER_ZN_1 ZN::Des Latent Heat Mass Flow [kg/s],PERIMETER_ZN_1 ZN::Des Latent Cool Mass Flow [kg/s],PERIMETER_ZN_1 ZN::Des Heat Load No DOAS [W],PERIMETER_ZN_1 ZN::Des Sens Cool Load No DOAS [W],PERIMETER_ZN_1 ZN::Des Latent Heat Load No DOAS [W],PERIMETER_ZN_1 ZN::Des Latent Cool Load No DOAS [W],PERIMETER_ZN_1 ZN:ATLANTA-HARTSFIELD.JACKSON.INTL.AP_GA_USA ANN HTG 99.6% CONDNS DB:Heating Zone Temperature [C],PERIMETER_ZN_1 ZN:ATLANTA-HARTSFIELD.JACKSON.INTL.AP_GA_USA ANN HTG 99.6% CONDNS DB:Heating Zone Relative Humidity [%],PERIMETER_ZN_1 ZN:ATLANTA-HARTSFIELD.JACKSON.INTL.AP_GA_USA ANN CLG .4% CONDNS DB=>MWB:Cooling Zone Temperature [C],PERIMETER_ZN_1 ZN:ATLANTA-HARTSFIELD.JACKSON.INTL.AP_GA_USA ANN CLG .4% CONDNS DB=>MWB:Cooling Zone Relative Humidity [%],PERIMETER_ZN_2 ZN:ATLANTA-HARTSFIELD.JACKSON.INTL.AP_GA_USA ANN HTG 99.6% CONDNS DB:Des Heat Load [W],PERIMETER_ZN_2 ZN:ATLANTA-HARTSFIELD.JACKSON.INTL.AP_GA_USA ANN CLG .4% CONDNS DB=>MWB:Des Sens Cool Load [W],PERIMETER_ZN_2 ZN:ATLANTA-HARTSFIELD.JACKSON.INTL.AP_GA_USA ANN HTG 99.6% CONDNS DB:Des Heat Mass Flow [kg/s],PERIMETER_ZN_2 ZN:ATLANTA-HARTSFIELD.JACKSON.INTL.AP_GA_USA ANN CLG .4% CONDNS DB=>MWB:Des Cool Mass Flow [kg/s],PERIMETER_ZN_2 ZN::Des Latent Heat Load [W],PERIMETER_ZN_2 ZN::Des Latent Cool Load [W],PERIMETER_ZN_2 ZN::Des Latent Heat Mass Flow [kg/s],PERIMETER_ZN_2 ZN::Des Latent Cool Mass Flow [kg/s],PERIMETER_ZN_2 ZN::Des Heat Load No DOAS [W],PERIMETER_ZN_2 ZN::Des Sens Cool Load No DOAS [W],PERIMETER_ZN_2 ZN::Des Latent Heat Load No DOAS [W],PERIMETER_ZN_2 ZN::Des Latent Cool Load No DOAS [W],PERIMETER_ZN_2 ZN:ATLANTA-HARTSFIELD.JACKSON.INTL.AP_GA_USA ANN HTG 99.6% CONDNS DB:Heating Zone Temperature [C],PERIMETER_ZN_2 ZN:ATLANTA-HARTSFIELD.JACKSON.INTL.AP_GA_USA ANN HTG 99.6% CONDNS DB:Heating Zone Relative Humidity [%],PERIMETER_ZN_2 ZN:ATLANTA-HARTSFIELD.JACKSON.INTL.AP_GA_USA ANN CLG .4% CONDNS DB=>MWB:Cooling Zone Temperature [C],PERIMETER_ZN_2 ZN:ATLANTA-HARTSFIELD.JACKSON.INTL.AP_GA_USA ANN CLG .4% CONDNS DB=>MWB:Cooling Zone Relative Humidity [%],PERIMETER_ZN_3 ZN:ATLANTA-HARTSFIELD.JACKSON.INTL.AP_GA_USA ANN HTG 99.6% CONDNS DB:Des Heat Load [W],PERIMETER_ZN_3 ZN:ATLANTA-HARTSFIELD.JACKSON.INTL.AP_GA_USA ANN CLG .4% CONDNS DB=>MWB:Des Sens Cool Load [W],PERIMETER_ZN_3 ZN:ATLANTA-HARTSFIELD.JACKSON.INTL.AP_GA_USA ANN HTG 99.6% CONDNS DB:Des Heat Mass Flow [kg/s],PERIMETER_ZN_3 ZN:ATLANTA-HARTSFIELD.JACKSON.INTL.AP_GA_USA ANN CLG .4% CONDNS DB=>MWB:Des Cool Mass Flow [kg/s],PERIMETER_ZN_3 ZN::Des Latent Heat Load [W],PERIMETER_ZN_3 ZN::Des Latent Cool Load [W],PERIMETER_ZN_3 ZN::Des Latent Heat Mass Flow [kg/s],PERIMETER_ZN_3 ZN::Des Latent Cool Mass Flow [kg/s],PERIMETER_ZN_3 ZN::Des Heat Load No DOAS [W],PERIMETER_ZN_3 ZN::Des Sens Cool Load No DOAS [W],PERIMETER_ZN_3 ZN::Des Latent Heat Load No DOAS [W],PERIMETER_ZN_3 ZN::Des Latent Cool Load No DOAS [W],PERIMETER_ZN_3 ZN:ATLANTA-HARTSFIELD.JACKSON.INTL.AP_GA_USA ANN HTG 99.6% CONDNS DB:Heating Zone Temperature [C],PERIMETER_ZN_3 ZN:ATLANTA-HARTSFIELD.JACKSON.INTL.AP_GA_USA ANN HTG 99.6% CONDNS DB:Heating Zone Relative Humidity [%],PERIMETER_ZN_3 ZN:ATLANTA-HARTSFIELD.JACKSON.INTL.AP_GA_USA ANN CLG .4% CONDNS DB=>MWB:Cooling Zone Temperature [C],PERIMETER_ZN_3 ZN:ATLANTA-HARTSFIELD.JACKSON.INTL.AP_GA_USA ANN CLG .4% CONDNS DB=>MWB:Cooling Zone Relative Humidity [%],PERIMETER_ZN_4 ZN:ATLANTA-HARTSFIELD.JACKSON.INTL.AP_GA_USA ANN HTG 99.6% CONDNS DB:Des Heat Load [W],PERIMETER_ZN_4 ZN:ATLANTA-HARTSFIELD.JACKSON.INTL.AP_GA_USA ANN CLG .4% CONDNS DB=>MWB:Des Sens Cool Load [W],PERIMETER_ZN_4 ZN:ATLANTA-HARTSFIELD.JACKSON.INTL.AP_GA_USA ANN HTG 99.6% CONDNS DB:Des Heat Mass Flow [kg/s],PERIMETER_ZN_4 ZN:ATLANTA-HARTSFIELD.JACKSON.INTL.AP_GA_USA ANN CLG .4% CONDNS DB=>MWB:Des Cool Mass Flow [kg/s],PERIMETER_ZN_4 ZN::Des Latent Heat Load [W],PERIMETER_ZN_4 ZN::Des Latent Cool Load [W],PERIMETER_ZN_4 ZN::Des Latent Heat Mass Flow [kg/s],PERIMETER_ZN_4 ZN::Des Latent Cool Mass Flow [kg/s],PERIMETER_ZN_4 ZN::Des Heat Load No DOAS [W],PERIMETER_ZN_4 ZN::Des Sens Cool Load No DOAS [W],PERIMETER_ZN_4 ZN::Des Latent Heat Load No DOAS [W],PERIMETER_ZN_4 ZN::Des Latent Cool Load No DOAS [W],PERIMETER_ZN_4 ZN:ATLANTA-HARTSFIELD.JACKSON.INTL.AP_GA_USA ANN HTG 99.6% CONDNS DB:Heating Zone Temperature [C],PERIMETER_ZN_4 ZN:ATLANTA-HARTSFIELD.JACKSON.INTL.AP_GA_USA ANN HTG 99.6% CONDNS DB:Heating Zone Relative Humidity [%],PERIMETER_ZN_4 ZN:ATLANTA-HARTSFIELD.JACKSON.INTL.AP_GA_USA ANN CLG .4% CONDNS DB=>MWB:Cooling Zone Temperature [C],PERIMETER_ZN_4 ZN:ATLANTA-HARTSFIELD.JACKSON.INTL.AP_GA_USA ANN CLG .4% CONDNS DB=>MWB:Cooling Zone Relative Humidity [%]
00:10:00,1.022462E+03,3.382336E+03,3.470741E-02,2.982592E-01,0.000000E+00,0.000000E+00,0.000000E+00,0.000000E+00,0.000000E+00,0.000000E+00,0.000000E+00,0.000000E+00,2.111000E+01,4.949701E+01,2.388869E+01,4.743346E+01,4.177054E+03,2.588162E+03,1.417679E-01,2.282367E-01,0.000000E+00,0.000000E+00,0.000000E+00,0.000000E+00,0.000000E+00,0.000000E+00,0.000000E+00,0.000000E+00,2.110552E+01,4.113554E+01,2.388827E+01,4.856508E+01,2.578432E+03,1.627427E+03,8.751011E-02,1.435146E-01,0.000000E+00,0.000000E+00,0.000000E+00,0.000000E+00,0.000000E+00,0.000000E+00,0.000000E+00,0.000000E+00,2.110517E+01,4.063585E+01,2.388826E+01,4.846955E+01,4.243668E+03,2.615785E+03,1.440279E-01,2.306730E-01,0.000000E+00,0.000000E+00,0.000000E+00,0.000000E+00,0.000000E+00,0.000000E+00,0.000000E+00,0.000000E+00,2.110536E+01,4.094733E+01,2.388825E+01,4.857354E+01,2.604165E+03,1.733632E+03,8.838346E-02,1.528799E-01,0.000000E+00,0.000000E+00,0.000000E+00,0.000000E+00,0.000000E+00,0.000000E+00,0.000000E+00,0.000000E+00,2.110517E+01,4.070163E+01,2.388828E+01,4.822533E+01
00:20:00,1.021710E+03,3.377517E+03,3.468190E-02,2.978343E-01,0.000000E+00,0.000000E+00,0.000000E+00,0.000000E+00,0.000000E+00,0.000000E+00,0.000000E+00,0.000000E+00,2.111000E+01,4.949701E+01,2.388869E+01,4.743778E+01,4.176803E+03,2.574068E+03,1.417594E-01,2.269937E-01,0.000000E+00,0.000000E+00,0.000000E+00,0.000000E+00,0.000000E+00,0.000000E+00,0.000000E+00,0.000000E+00,2.110552E+01,4.113557E+01,2.388827E+01,4.857610E+01,2.578299E+03,1.617580E+03,8.750559E-02,1.426462E-01,0.000000E+00,0.000000E+00,0.000000E+00,0.000000E+00,0.000000E+00,0.000000E+00,0.000000E+00,0.000000E+00,2.110517E+01,4.063588E+01,2.388826E+01,4.848166E+01,4.243417E+03,2.601078E+03,1.440194E-01,2.293759E-01,0.000000E+00,0.000000E+00,0.000000E+00,0.000000E+00,0.000000E+00,0.000000E+00,0.000000E+00,0.000000E+00,2.110536E+01,4.094736E+01,2.388826E+01,4.858499E+01,2.604033E+03,1.720193E+03,8.837897E-02,1.516948E-01,0.000000E+00,0.000000E+00,0.000000E+00,0.000000E+00,0.000000E+00,0.000000E+00,0.000000E+00,0.000000E+00,2.110517E+01,4.070165E+01,2.388828E+01,4.824326E+01
00:30:00,1.020964E+03,3.372763E+03,3.465657E-02,2.974151E-01,0.000000E+00,0.000000E+00,0.000000E+00,0.000000E+00,0.000000E+00,0.000000E+00,0.000000E+00,0.000000E+00,2.111000E+01,4.949701E+01,2.388869E+01,4.744204E+01,4.176554E+03,2.560301E+03,1.417509E-01,2.257796E-01,0.000000E+00,0.000000E+00,0.000000E+00,0.000000E+00,0.000000E+00,0.000000E+00,0.000000E+00,0.000000E+00,2.110552E+01,4.113560E+01,2.388828E+01,4.858704E+01,2.578167E+03,1.607958E+03,8.750111E-02,1.417976E-01,0.000000E+00,0.000000E+00,0.000000E+00,0.000000E+00,0.000000E+00,0.000000E+00,0.000000E+00,0.000000E+00,2.110517E+01,4.063590E+01,2.388826E+01,4.849373E+01,4.243168E+03,2.586746E+03,1.440110E-01,2.281120E-01,0.000000E+00,0.000000E+00,0.000000E+00,0.000000E+00,0.000000E+00,0.000000E+00,0.000000E+00,0.000000E+00,2.110536E+01,4.094739E+01,2.388826E+01,4.859631E+01,2.603902E+03,1.707237E+03,8.837451E-02,1.505522E-01,0.000000E+00,0.000000E+00,0.000000E+00,0.000000E+00,0.000000E+00,0.000000E+00,0.000000E+00,0.000000E+00,2.110517E+01,4.070168E+01,2.388828E+01,4.826075E+01
00:40:00,1.020223E+03,3.368070E+03,3.463142E-02,2.970013E-01,0.000000E+00,0.000000E+00,0.000000E+00,0.000000E+00,0.000000E+00,0.000000E+00,0.000000E+00,0.000000E+00,2.111000E+01,4.949701E+01,2.388869E+01,4.744625E+01,4.176307E+03,2.546848E+03,1.417426E-01,2.245932E-01,0.000000E+00,0.000000E+00,0.000000E+00,0.000000E+00,0.000000E+00,0.000000E+00,0.000000E+00,0.000000E+00,2.110552E+01,4.113563E+01,2.388828E+01,4.859788E+01,2.578036E+03,1.598550E+03,8.749667E-02,1.409680E-01,0.000000E+00,0.000000E+00,0.000000E+00,0.000000E+00,0.000000E+00,0.000000E+00,0.000000E+00,0.000000E+00,2.110517E+01,4.063593E+01,2.388827E+01,4.850572E+01,4.242922E+03,2.572773E+03,1.440026E-01,2.268798E-01,0.000000E+00,0.000000E+00,0.000000E+00,0.000000E+00,0.000000E+00,0.000000E+00,0.000000E+00,0.000000E+00,2.110536E+01,4.094741E+01,2.388826E+01,4.860748E+01,2.603771E+03,1.694730E+03,8.837009E-02,1.494493E-01,0.000000E+00,0.000000E+00,0.000000E+00,0.000000E+00,0.000000E+00,0.000000E+00,0.000000E+00,0.000000E+00,2.110517E+01,4.070170E+01,2.388829E+01,4.827781E+01
00:50:00,1.019487E+03,3.363433E+03,3.460644E-02,2.965924E-01,0.000000E+00,0.000000E+00,0.000000E+00,0.000000E+00,0.000000E+00,0.000000E+00,0.000000E+00,0.000000E+00,2.111000E+01,4.949701E+01,2.388869E+01,4.745041E+01,4.176063E+03,2.533700E+03,1.417343E-01,2.234337E-01,0.000000E+00,0.000000E+00,0.000000E+00,0.000000E+00,0.000000E+00,0.000000E+00,0.000000E+00,0.000000E+00,2.110552E+01,4.113566E+01,2.388828E+01,4.860859E+01,2.577906E+03,1.589351E+03,8.749227E-02,1.401567E-01,0.000000E+00,0.000000E+00,0.000000E+00,0.000000E+00,0.000000E+00,0.000000E+00,0.000000E+00,0.000000E+00,2.110517E+01,4.063595E+01,2.388827E+01,4.851760E+01,4.242677E+03,2.559144E+03,1.439943E-01,2.256778E-01,0.000000E+00,0.000000E+00,0.000000E+00,0.000000E+00,0.000000E+00,0.000000E+00,0.000000E+00,0.000000E+00,2.110536E+01,4.094744E+01,2.388826E+01,4.861846E+01,2.603642E+03,1.682641E+03,8.836570E-02,1.483831E-01,0.000000E+00,0.000000E+00,0.000000E+00,0.000000E+00,0.000000E+00,0.000000E+00,0.000000E+00,0.000000E+00,2.110517E+01,4.070173E+01,2.388829E+01,4.829442E+01
01:00:00,1.018757E+03,3.358849E+03,3.458164E-02,2.961882E-01,0.000000E+00,0.000000E+00,0.000000E+00,0.000000E+00,0.000000E+00,0.000000E+00,0.000000E+00,0.000000E+00,2.111000E+01,4.949701E+01,2.388869E+01,4.745454E+01,4.175820E+03,2.520845E+03,1.417260E-01,2.223000E-01,0.000000E+00,0.000000E+00,0.000000E+00,0.000000E+00,0.000000E+00,0.000000E+00,0.000000E+00,0.000000E+00,2.110552E+01,4.113568E+01,2.388828E+01,4.861914E+01,2.577778E+03,1.580353E+03,8.748790E-02,1.393632E-01,0.000000E+00,0.000000E+00,0.000000E+00,0.000000E+00,0.000000E+00,0.000000E+00,0.000000E+00,0.000000E+00,2.110517E+01,4.063598E+01,2.388827E+01,4.852932E+01,4.242434E+03,2.545845E+03,1.439861E-01,2.245050E-01,0.000000E+00,0.000000E+00,0.000000E+00,0.000000E+00,0.000000E+00,0.000000E+00,0.000000E+00,0.000000E+00,2.110536E+01,4.094747E+01,2.388827E+01,4.862924E+01,2.603514E+03,1.670941E+03,8.836135E-02,1.473514E-01,0.000000E+00,0.000000E+00,0.000000E+00,0.000000E+00,0.000000E+00,0.000000E+00,0.000000E+00,0.000000E+00,2.110517E+01,4.070175E+01,2.388829E+01,4.831057E+01
01:10:00,1.018807E+03,3.354438E+03,3.458335E-02,2.957992E-01,0.000000E+00,0.000000E+00,0.000000E+00,0.000000E+00,0.000000E+00,0.000000E+00,0.000000E+00,0.000000E+00,2.111000E+01,4.949701E+01,2.388869E+01,4.745862E+01,4.175837E+03,2.508404E+03,1.417266E-01,2.212029E-01,0.000000E+00,0.000000E+00,0.000000E+00,0.000000E+00,0.000000E+00,0.000000E+00,0.000000E+00,0.000000E+00,2.110552E+01,4.113571E+01,2.388829E+01,4.862952E+01,2.577787E+03,1.571621E+03,8.748822E-02,1.385930E-01,0.000000E+00,0.000000E+00,0.000000E+00,0.000000E+00,0.000000E+00,0.000000E+00,0.000000E+00,0.000000E+00,2.110517E+01,4.063600E+01,2.388828E+01,4.854085E+01,4.242452E+03,2.532993E+03,1.439867E-01,2.233716E-01,0.000000E+00,0.000000E+00,0.000000E+00,0.000000E+00,0.000000E+00,0.000000E+00,0.000000E+00,0.000000E+00,2.110536E+01,4.094750E+01,2.388827E+01,4.863980E+01,2.603523E+03,1.659681E+03,8.836167E-02,1.463583E-01,0.000000E+00,0.000000E+00,0.000000E+00,0.000000E+00,0.000000E+00,0.000000E+00,0.000000E+00,0.000000E+00,2.110517E+01,4.070177E+01,2.388829E+01,4.832626E+01
01:20:00,1.018857E+03,3.350073E+03,3.458505E-02,2.954143E-01,0.000000E+00,0.000000E+00,0.000000E+00,0.000000E+00,0.000000E+00,0.000000E+00,0.000000E+00,0.000000E+00,2.111000E+01,4.949701E+01,2.388869E+01,4.746267E+01,4.175855E+03,2.496318E+03,1.417272E-01,2.201370E-01,0.000000E+00,0.000000E+00,0.000000E+00,0.000000E+00,0.000000E+00,0.000000E+00,0.000000E+00,0.000000E+00,2.110552E+01,4.113574E+01,2.388829E+01,4.864000E+01,2.577797E+03,1.563122E+03,8.748854E-02,1.378436E-01,0.000000E+00,0.000000E+00,0.000000E+00,0.000000E+00,0.000000E+00,0.000000E+00,0.000000E+00,0.000000E+00,2.110517E+01,4.063603E+01,2.388828E+01,4.855255E+01,4.242469E+03,2.520529E+03,1.439872E-01,2.222724E-01,0.000000E+00,0.000000E+00,0.000000E+00,0.000000E+00,0.000000E+00,0.000000E+00,0.000000E+00,0.000000E+00,2.110536E+01,4.094752E+01,2.388827E+01,4.865045E+01,2.603533E+03,1.648810E+03,8.836198E-02,1.453997E-01,0.000000E+00,0.000000E+00,0.000000E+00,0.000000E+00,0.000000E+00,0.000000E+00,0.000000E+00,0.000000E+00,2.110517E+01,4.070180E+01,2.388830E+01,4.834187E+01
01:30:00,1.018907E+03,3.345753E+03,3.458673E-02,2.950334E-01,0.000000E+00,0.000000E+00,0.000000E+00,0.000000E+00,0.000000E+00,0.000000E+00,0.000000E+00,0.000000E+00,2.111000E+01,4.949701E+01,2.388869E+01,4.746669E+01,4.175872E+03,2.484580E+03,1.417278E-01,2.191019E-01,0.000000E+00,0.000000E+00,0.000000E+00,0.000000E+00,0.000000E+00,0.000000E+00,0.000000E+00,0.000000E+00,2.110552E+01,4.113577E+01,2.388829E+01,4.865070E+01,2.577806E+03,1.554854E+03,8.748885E-02,1.371144E-01,0.000000E+00,0.000000E+00,0.000000E+00,0.000000E+00,0.000000E+00,0.000000E+00,0.000000E+00,0.000000E+00,2.110517E+01,4.063605E+01,2.388828E+01,4.856456E+01,4.242487E+03,2.508445E+03,1.439878E-01,2.212067E-01,0.000000E+00,0.000000E+00,0.000000E+00,0.000000E+00,0.000000E+00,0.000000E+00,0.000000E+00,0.000000E+00,2.110536E+01,4.094755E+01,2.388827E+01,4.866130E+01,2.603542E+03,1.638313E+03,8.836230E-02,1.444740E-01,0.000000E+00,0.000000E+00,0.000000E+00,0.000000E+00,0.000000E+00,0.000000E+00,0.000000E+00,0.000000E+00,2.110517E+01,4.070182E+01,2.388830E+01,4.835756E+01
01:40:00,1.018956E+03,3.341477E+03,3.458840E-02,2.946563E-01,0.000000E+00,0.000000E+00,0.000000E+00,0.000000E+00,0.000000E+00,0.000000E+00,0.000000E+00,0.000000E+00,2.111000E+01,4.949701E+01,2.388869E+01,4.747067E+01,4.175890E+03,2.473188E+03,1.417284E-01,2.180972E-01,0.000000E+00,0.000000E+00,0.000000E+00,0.000000E+00,0.000000E+00,0.000000E+00,0.000000E+00,0.000000E+00,2.110552E+01,4.113579E+01,2.388829E+01,4.866155E+01,2.577815E+03,1.546814E+03,8.748917E-02,1.364054E-01,0.000000E+00,0.000000E+00,0.000000E+00,0.000000E+00,0.000000E+00,0.000000E+00,0.000000E+00,0.000000E+00,2.110517E+01,4.063608E+01,2.388828E+01,4.857679E+01,4.242504E+03,2.496734E+03,1.439884E-01,2.201740E-01,0.000000E+00,0.000000E+00,0.000000E+00,0.000000E+00,0.000000E+00,0.000000E+00,0.000000E+00,0.000000E+00,2.110536E+01,4.094758E+01,2.388828E+01,4.867229E+01,2.603551E+03,1.628173E+03,8.836261E-02,1.435797E-01,0.000000E+00,0.000000E+00,0.000000E+00,0.000000E+00,0.000000E+00,0.000000E+00,0.000000E+00,0.000000E+00,2.110517E+01,4.070185E+01,2.388830E+01,4.837326E+01
01:50:00,1.019005E+03,3.337246E+03,3.459006E-02,2.942832E-01,0.000000E+00,0.000000E+00,0.000000E+00,0.000000E+00,0.000000E+00,0.000000E+00,0.000000E+00,0.000000E+00,2.111000E+01,4.949701E+01,2.388869E+01,4.747462E+01,4.175907E+03,2.462138E+03,1.417290E-01,2.171227E-01,0.000000E+00,0.000000E+00,0.000000E+00,0.000000E+00,0.000000E+00,0.000000E+00,0.000000E+00,0.000000E+00,2.110552E+01,4.113582E+01,2.388830E+01,4.867246E+01,2.577824E+03,1.538998E+03,8.748948E-02,1.357161E-01,0.000000E+00,0.000000E+00,0.000000E+00,0.000000E+00,0.000000E+00,0.000000E+00,0.000000E+00,0.000000E+00,2.110517E+01,4.063610E+01,2.388828E+01,4.858910E+01,4.242521E+03,2.485393E+03,1.439890E-01,2.191737E-01,0.000000E+00,0.000000E+00,0.000000E+00,0.000000E+00,0.000000E+00,0.000000E+00,0.000000E+00,0.000000E+00,2.110536E+01,4.094760E+01,2.388828E+01,4.868330E+01,2.603560E+03,1.618377E+03,8.836292E-02,1.427159E-01,0.000000E+00,0.000000E+00,0.000000E+00,0.000000E+00,0.000000E+00,0.000000E+00,0.000000E+00,0.000000E+00,2.110517E+01,4.070187E+01,2.388830E+01,4.838887E+01
02:00:00,1.019053E+03,3.333058E+03,3.459171E-02,2.939139E-01,0.000000E+00,0.000000E+00,0.000000E+00,0.000000E+00,0.000000E+00,0.000000E+00,0.000000E+00,0.000000E+00,2.111000E+01,4.949701E+01,2.388869E+01,4.747854E+01,4.175924E+03,2.451428E+03,1.417296E-01,2.161782E-01,0.000000E+00,0.000000E+00,0.000000E+00,0.000000E+00,0.000000E+00,0.000000E+00,0.000000E+00,0.000000E+00,2.110552E+01,4.113585E+01,2.388830E+01,4.868333E+01,2.577833E+03,1.531405E+03,8.748979E-02,1.350465E-01,0.000000E+00,0.000000E+00,0.000000E+00,0.000000E+00,0.000000E+00,0.000000E+00,0.000000E+00,0.000000E+00,2.110517E+01,4.063612E+01,2.388829E+01,4.860141E+01,4.242538E+03,2.474415E+03,1.439896E-01,2.182056E-01,0.000000E+00,0.000000E+00,0.000000E+00,0.000000E+00,0.000000E+00,0.000000E+00,0.000000E+00,0.000000E+00,2.110536E+01,4.094763E+01,2.388828E+01,4.869425E+01,2.603569E+03,1.608914E+03,8.836323E-02,1.418814E-01,0.000000E+00,0.000000E+00,0.000000E+00,0.000000E+00,0.000000E+00,0.000000E+00,0.000000E+00,0.000000E+00,2.110517E+01,4.070189E+01,2.388830E+01,4.840426E+01
02:10:00,1.019102E+03,3.328915E+03,3.459335E-02,2.935486E-01,0.000000E+00,0.000000E+00,0.000000E+00,0.000000E+00,0.000000E+00,0.000000E+00,0.000000E+00,0.000000E+00,2.111000E+01,4.949701E+01,2.388869E+01,4.748242E+01,4.175941E+03,2.440969E+03,1.417301E-01,2.152559E-01,0.000000E+00,0.000000E+00,0.000000E+00,0.000000E+00,0.000000E+00,0.000000E+00,0.000000E+00,0.000000E+00,2.110552E+01,4.113587E+01,2.388830E+01,4.869411E+01,2.577842E+03,1.523984E+03,8.749009E-02,1.343920E-01,0.000000E+00,0.000000E+00,0.000000E+00,0.000000E+00,0.000000E+00,0.000000E+00,0.000000E+00,0.000000E+00,2.110517E+01,4.063615E+01,2.388829E+01,4.861363E+01,4.242555E+03,2.463712E+03,1.439902E-01,2.172617E-01,0.000000E+00,0.000000E+00,0.000000E+00,0.000000E+00,0.000000E+00,0.000000E+00,0.000000E+00,0.000000E+00,2.110536E+01,4.094766E+01,2.388828E+01,4.870509E+01,2.603578E+03,1.599722E+03,8.836353E-02,1.410707E-01,0.000000E+00,0.000000E+00,0.000000E+00,0.000000E+00,0.000000E+00,0.000000E+00,0.000000E+00,0.000000E+00,2.110517E+01,4.070192E+01,2.388830E+01,4.841941E+01
02:20:00,1.019150E+03,3.324814E+03,3.459497E-02,2.931870E-01,0.000000E+00,0.000000E+00,0.000000E+00,0.000000E+00,0.000000E+00,0.000000E+00,0.000000E+00,0.000000E+00,2.111000E+01,4.949701E+01,2.388869E+01,4.748627E+01,4.175958E+03,2.430760E+03,1.417307E-01,2.143555E-01,0.000000E+00,0.000000E+00,0.000000E+00,0.000000E+00,0.000000E+00,0.000000E+00,0.000000E+00,0.000000E+00,2.110552E+01,4.113590E+01,2.388830E+01,4.870493E+01,2.577851E+03,1.516732E+03,8.749039E-02,1.337525E-01,0.000000E+00,0.000000E+00,0.000000E+00,0.000000E+00,0.000000E+00,0.000000E+00,0.000000E+00,0.000000E+00,2.110517E+01,4.063617E+01,2.388829E+01,4.862591E+01,4.242572E+03,2.453276E+03,1.439907E-01,2.163414E-01,0.000000E+00,0.000000E+00,0.000000E+00,0.000000E+00,0.000000E+00,0.000000E+00,0.000000E+00,0.000000E+00,2.110536E+01,4.094768E+01,2.388828E+01,4.871595E+01,2.603587E+03,1.590791E+03,8.836383E-02,1.402832E-01,0.000000E+00,0.000000E+00,0.000000E+00,0.000000E+00,0.000000E+00,0.000000E+00,0.000000E+00,0.000000E+00,2.110517E+01,4.070194E+01,2.388830E+01,4.843446E+01
02:30:00,1.019197E+03,3.320757E+03,3.459659E-02,2.928292E-01,0.000000E+00,0.000000E+00,0.000000E+00,0.000000E+00,0.000000E+00,0.000000E+00,0.000000E+00,0.000000E+00,2.111000E+01,4.949701E+01,2.388869E+01,4.749010E+01,4.175974E+03,2.420796E+03,1.417313E-01,2.134768E-01,0.000000E+00,0.000000E+00,0.000000E+00,0.000000E+00,0.000000E+00,0.000000E+00,0.000000E+00,0.000000E+00,2.110552E+01,4.113592E+01,2.388830E+01,4.871580E+01,2.577860E+03,1.509647E+03,8.749070E-02,1.331277E-01,0.000000E+00,0.000000E+00,0.000000E+00,0.000000E+00,0.000000E+00,0.000000E+00,0.000000E+00,0.000000E+00,2.110517E+01,4.063619E+01,2.388829E+01,4.863831E+01,4.242588E+03,2.443103E+03,1.439913E-01,2.154443E-01,0.000000E+00,0.000000E+00,0.000000E+00,0.000000E+00,0.000000E+00,0.000000E+00,0.000000E+00,0.000000E+00,2.110536E+01,4.094771E+01,2.388828E+01,4.872686E+01,2.603596E+03,1.582113E+03,8.836413E-02,1.395179E-01,0.000000E+00,0.000000E+00,0.000000E+00,0.000000E+00,0.000000E+00,0.000000E+00,0.000000E+00,0.000000E+00,2.110517E+01,4.070196E+01,2.388831E+01,4.844948E+01
02:40:00,1.019244E+03,3.316741E+03,3.459819E-02,2.924751E-01,0.000000E+00,0.000000E+00,0.000000E+00,0.000000E+00,0.000000E+00,0.000000E+00,0.000000E+00,0.000000E+00,2.111000E+01,4.949701E+01,2.388869E+01,4.749389E+01,4.175991E+03,2.411074E+03,1.417318E-01,2.126195E-01,0.000000E+00,0.000000E+00,0.000000E+00,0.000000E+00,0.000000E+00,0.000000E+00,0.000000E+00,0.000000E+00,2.110552E+01,4.113595E+01,2.388830E+01,4.872671E+01,2.577869E+03,1.502726E+03,8.749099E-02,1.325173E-01,0.000000E+00,0.000000E+00,0.000000E+00,0.000000E+00,0.000000E+00,0.000000E+00,0.000000E+00,0.000000E+00,2.110517E+01,4.063622E+01,2.388829E+01,4.865075E+01,4.242605E+03,2.433188E+03,1.439919E-01,2.145699E-01,0.000000E+00,0.000000E+00,0.000000E+00,0.000000E+00,0.000000E+00,0.000000E+00,0.000000E+00,0.000000E+00,2.110536E+01,4.094773E+01,2.388829E+01,4.873778E+01,2.603605E+03,1.573678E+03,8.836443E-02,1.387740E-01,0.000000E+00,0.000000E+00,0.000000E+00,0.000000E+00,0.000000E+00,0.000000E+00,0.000000E+00,0.000000E+00,2.110517E+01,4.070198E+01,2.388831E+01,4.846443E+01
02:50:00,1.019291E+03,3.312766E+03,3.459978E-02,2.921246E-01,0.000000E+00,0.000000E+00,0.000000E+00,0.000000E+00,0.000000E+00,0.000000E+00,0.000000E+00,0.000000E+00,2.111000E+01,4.949701E+01,2.388869E+01,4.749766E+01,4.176007E+03,2.401589E+03,1.417324E-01,2.117831E-01,0.000000E+00,0.000000E+00,0.000000E+00,0.000000E+00,0.000000E+00,0.000000E+00,0.000000E+00,0.000000E+00,2.110552E+01,4.113597E+01,2.388830E+01,4.873758E+01,2.577878E+03,1.495967E+03,8.749129E-02,1.319213E-01,0.000000E+00,0.000000E+00,0.000000E+00,0.000000E+00,0.000000E+00,0.000000E+00,0.000000E+00,0.000000E+00,2.110517E+01,4.063624E+01,2.388829E+01,4.866318E+01,4.242621E+03,2.423524E+03,1.439924E-01,2.137177E-01,0.000000E+00,0.000000E+00,0.000000E+00,0.000000E+00,0.000000E+00,0.000000E+00,0.000000E+00,0.000000E+00,2.110536E+01,4.094776E+01,2.388829E+01,4.874865E+01,2.603613E+03,1.565478E+03,8.836473E-02,1.380509E-01,0.000000E+00,0.000000E+00,0.000000E+00,0.000000E+00,0.000000E+00,0.000000E+00,0.000000E+00,0.000000E+00,2.110517E+01,4.070201E+01,2.388831E+01,4.847923E+01
03:00:00,1.019338E+03,3.308833E+03,3.460136E-02,2.917777E-01,0.000000E+00,0.000000E+00,0.000000E+00,0.000000E+00,0.000000E+00,0.000000E+00,0.000000E+00,0.000000E+00,2.111000E+01,4.949701E+01,2.388869E+01,4.750139E+01,4.176023E+03,2.392340E+03,1.417329E-01,2.109673E-01,0.000000E+00,0.000000E+00,0.000000E+00,0.000000E+00,0.000000E+00,0.000000E+00,0.000000E+00,0.000000E+00,2.110552E+01,4.113600E+01,2.388830E+01,4.874837E+01,2.577886E+03,1.489367E+03,8.749158E-02,1.313392E-01,0.000000E+00,0.000000E+00,0.000000E+00,0.000000E+00,0.000000E+00,0.000000E+00,0.000000E+00,0.000000E+00,2.110517E+01,4.063626E+01,2.388829E+01,4.867553E+01,4.242637E+03,2.414109E+03,1.439930E-01,2.128874E-01,0.000000E+00,0.000000E+00,0.000000E+00,0.000000E+00,0.000000E+00,0.000000E+00,0.000000E+00,0.000000E+00,2.110536E+01,4.094779E+01,2.388829E+01,4.875943E+01,2.603622E+03,1.557505E+03,8.836502E-02,1.373478E-01,0.000000E+00,0.000000E+00,0.000000E+00,0.000000E+00,0.000000E+00,0.000000E+00,0.000000E+00,0.000000E+00,2.110517E+01,4.070203E+01,2.388831E+01,4.849384E+01
03:10:00,1.019384E+03,3.304938E+03,3.460293E-02,2.914344E-01,0.000000E+00,0.000000E+00,0.000000E+00,0.000000E+00,0.000000E+00,0.000000E+00,0.000000E+00,0.000000E+00,2.111000E+01,4.949701E+01,2.388869E+01,4.750510E+01,4.176039E+03,2.383243E+03,1.417335E-01,2.101652E-01,0.000000E+00,0.000000E+00,0.000000E+00,0.000000E+00,0.000000E+00,0.000000E+00,0.000000E+00,0.000000E+00,2.110552E+01,4.113603E+01,2.388831E+01,4.875904E+01,2.577895E+03,1.482878E+03,8.749187E-02,1.307670E-01,0.000000E+00,0.000000E+00,0.000000E+00,0.000000E+00,0.000000E+00,0.000000E+00,0.000000E+00,0.000000E+00,2.110517E+01,4.063628E+01,2.388830E+01,4.868776E+01,4.242654E+03,2.404858E+03,1.439935E-01,2.120716E-01,0.000000E+00,0.000000E+00,0.000000E+00,0.000000E+00,0.000000E+00,0.000000E+00,0.000000E+00,0.000000E+00,2.110536E+01,4.094781E+01,2.388829E+01,4.877008E+01,2.603631E+03,1.549704E+03,8.836531E-02,1.366599E-01,0.000000E+00,0.000000E+00,0.000000E+00,0.000000E+00,0.000000E+00,0.000000E+00,0.000000E+00,0.000000E+00,2.110517E+01,4.070205E+01,2.388831E+01,4.850822E+01
03:20:00,1.019430E+03,3.301083E+03,3.460449E-02,2.910944E-01,0.000000E+00,0.000000E+00,0.000000E+00,0.000000E+00,0.000000E+00,0.000000E+00,0.000000E+00,0.000000E+00,2.111000E+01,4.949701E+01,2.388869E+01,4.750877E+01,4.176055E+03,2.374296E+03,1.417340E-01,2.093761E-01,0.000000E+00,0.000000E+00,0.000000E+00,0.000000E+00,0.000000E+00,0.000000E+00,0.000000E+00,0.000000E+00,2.110552E+01,4.113605E+01,2.388831E+01,4.876958E+01,2.577903E+03,1.476498E+03,8.749216E-02,1.302044E-01,0.000000E+00,0.000000E+00,0.000000E+00,0.000000E+00,0.000000E+00,0.000000E+00,0.000000E+00,0.000000E+00,2.110517E+01,4.063631E+01,2.388830E+01,4.869985E+01,4.242669E+03,2.395764E+03,1.439940E-01,2.112696E-01,0.000000E+00,0.000000E+00,0.000000E+00,0.000000E+00,0.000000E+00,0.000000E+00,0.000000E+00,0.000000E+00,2.110536E+01,4.094784E+01,2.388829E+01,4.878057E+01,2.603639E+03,1.542069E+03,8.836560E-02,1.359866E-01,0.000000E+00,0.000000E+00,0.000000E+00,0.000000E+00,0.000000E+00,0.000000E+00,0.000000E+00,0.000000E+00,2.110517E+01,4.070207E+01,2.388831E+01,4.852237E+01
03:30:00,1.019476E+03,3.297264E+03,3.460604E-02,2.907577E-01,0.000000E+00,0.000000E+00,0.000000E+00,0.000000E+00,0.000000E+00,0.000000E+00,0.000000E+00,0.000000E+00,2.111000E+01,4.949701E+01,2.388869E+01,4.751242E+01,4.176071E+03,2.365490E+03,1.417345E-01,2.085996E-01,0.000000E+00,0.000000E+00,0.000000E+00,0.000000E+00,0.000000E+00,0.000000E+00,0.000000E+00,0.000000E+00,2.110552E+01,4.113607E+01,2.388831E+01,4.877998E+01,2.577912E+03,1.470221E+03,8.749245E-02,1.296509E-01,0.000000E+00,0.000000E+00,0.000000E+00,0.000000E+00,0.000000E+00,0.000000E+00,0.000000E+00,0.000000E+00,2.110517E+01,4.063633E+01,2.388830E+01,4.871179E+01,4.242685E+03,2.386819E+03,1.439946E-01,2.104808E-01,0.000000E+00,0.000000E+00,0.000000E+00,0.000000E+00,0.000000E+00,0.000000E+00,0.000000E+00,0.000000E+00,2.110536E+01,4.094786E+01,2.388829E+01,4.879092E+01,2.603648E+03,1.534591E+03,8.836588E-02,1.353271E-01,0.000000E+00,0.000000E+00,0.000000E+00,0.000000E+00,0.000000E+00,0.000000E+00,0.000000E+00,0.000000E+00,2.110517E+01,4.070209E+01,2.388831E+01,4.853628E+01
03:40:00,1.019521E+03,3.293481E+03,3.460758E-02,2.904240E-01,0.000000E+00,0.000000E+00,0.000000E+00,0.000000E+00,0.000000E+00,0.000000E+00,0.000000E+00,0.000000E+00,2.111000E+01,4.949701E+01,2.388868E+01,4.751604E+01,4.176087E+03,2.356822E+03,1.417351E-01,2.078352E-01,0.000000E+00,0.000000E+00,0.000000E+00,0.000000E+00,0.000000E+00,0.000000E+00,0.000000E+00,0.000000E+00,2.110552E+01,4.113610E+01,2.388831E+01,4.879023E+01,2.577920E+03,1.464045E+03,8.749273E-02,1.291062E-01,0.000000E+00,0.000000E+00,0.000000E+00,0.000000E+00,0.000000E+00,0.000000E+00,0.000000E+00,0.000000E+00,2.110517E+01,4.063635E+01,2.388830E+01,4.872357E+01,4.242701E+03,2.378017E+03,1.439951E-01,2.097045E-01,0.000000E+00,0.000000E+00,0.000000E+00,0.000000E+00,0.000000E+00,0.000000E+00,0.000000E+00,0.000000E+00,2.110536E+01,4.094788E+01,2.388829E+01,4.880111E+01,2.603656E+03,1.527261E+03,8.836617E-02,1.346807E-01,0.000000E+00,0.000000E+00,0.000000E+00,0.000000E+00,0.000000E+00,0.000000E+00,0.000000E+00,0.000000E+00,2.110517E+01,4.070212E+01,2.388831E+01,4.854994E+01
03:50:00,1.019566E+03,3.289731E+03,3.460910E-02,2.900934E-01,0.000000E+00,0.000000E+00,0.000000E+00,0.000000E+00,0.000000E+00,0.000000E+00,0.000000E+00,0.000000E+00,2.111000E+01,4.949701E+01,2.388868E+01,4.751964E+01,4.176102E+03,2.348285E+03,1.417356E-01,2.070823E-01,0.000000E+00,0.000000E+00,0.000000E+00,0.000000E+00,0.000000E+00,0.000000E+00,0.000000E+00,0.000000E+00,2.110552E+01,4.113612E+01,2.388831E+01,4.880033E+01,2.577929E+03,1.457965E+03,8.749302E-02,1.285700E-01,0.000000E+00,0.000000E+00,0.000000E+00,0.000000E+00,0.000000E+00,0.000000E+00,0.000000E+00,0.000000E+00,2.110517E+01,4.063637E+01,2.388830E+01,4.873519E+01,4.242717E+03,2.369350E+03,1.439956E-01,2.089402E-01,0.000000E+00,0.000000E+00,0.000000E+00,0.000000E+00,0.000000E+00,0.000000E+00,0.000000E+00,0.000000E+00,2.110536E+01,4.094791E+01,2.388829E+01,4.881114E+01,2.603664E+03,1.520074E+03,8.836645E-02,1.340469E-01,0.000000E+00,0.000000E+00,0.000000E+00,0.000000E+00,0.000000E+00,0.000000E+00,0.000000E+00,0.000000E+00,2.110517E+01,4.070214E+01,2.388831E+01,4.856338E+01
04:00:00,1.019610E+03,3.286014E+03,3.461062E-02,2.897656E-01,0.000000E+00,0.000000E+00,0.000000E+00,0.000000E+00,0.000000E+00,0.000000E+00,0.000000E+00,0.000000E+00,2.111000E+01,4.949701E+01,2.388868E+01,4.752321E+01,4.176118E+03,2.339873E+03,1.417361E-01,2.063405E-01,0.000000E+00,0.000000E+00,0.000000E+00,0.000000E+00,0.000000E+00,0.000000E+00,0.000000E+00,0.000000E+00,2.110552E+01,4.113615E+01,2.388831E+01,4.881029E+01,2.577937E+03,1.451978E+03,8.749330E-02,1.280420E-01,0.000000E+00,0.000000E+00,0.000000E+00,0.000000E+00,0.000000E+00,0.000000E+00,0.000000E+00,0.000000E+00,2.110517E+01,4.063639E+01,2.388830E+01,4.874666E+01,4.242732E+03,2.360812E+03,1.439962E-01,2.081873E-01,0.000000E+00,0.000000E+00,0.000000E+00,0.000000E+00,0.000000E+00,0.000000E+00,0.000000E+00,0.000000E+00,2.110536E+01,4.094793E+01,2.388829E+01,4.882102E+01,2.603672E+03,1.513021E+03,8.836672E-02,1.334249E-01,0.000000E+00,0.000000E+00,0.000000E+00,0.000000E+00,0.000000E+00,0.000000E+00,0.000000E+00,0.000000E+00,2.110517E+01,4.070216E+01,2.388831E+01,4.857659E+01
04:10:00,1.019655E+03,3.282327E+03,3.461212E-02,2.894405E-01,0.000000E+00,0.000000E+00,0.000000E+00,0.000000E+00,0.000000E+00,0.000000E+00,0.000000E+00,0.000000E+00,2.111000E+01,4.949701E+01,2.388868E+01,4.752677E+01,4.176133E+03,2.331650E+03,1.417367E-01,2.056154E-01,0.000000E+00,0.000000E+00,0.000000E+00,0.000000E+00,0.000000E+00,0.000000E+00,0.000000E+00,0.000000E+00,2.110552E+01,4.113617E+01,2.388831E+01,4.882010E+01,2.577945E+03,1.446120E+03,8.749357E-02,1.275254E-01,0.000000E+00,0.000000E+00,0.000000E+00,0.000000E+00,0.000000E+00,0.000000E+00,0.000000E+00,0.000000E+00,2.110517E+01,4.063642E+01,2.388830E+01,4.875796E+01,4.242747E+03,2.352468E+03,1.439967E-01,2.074515E-01,0.000000E+00,0.000000E+00,0.000000E+00,0.000000E+00,0.000000E+00,0.000000E+00,0.000000E+00,0.000000E+00,2.110536E+01,4.094796E+01,2.388830E+01,4.883076E+01,2.603680E+03,1.506139E+03,8.836700E-02,1.328180E-01,0.000000E+00,0.000000E+00,0.000000E+00,0.000000E+00,0.000000E+00,0.000000E+00,0.000000E+00,0.000000E+00,2.110517E+01,4.070218E+01,2.388831E+01,4.858957E+01
04:20:00,1.019699E+03,3.278670E+03,3.461362E-02,2.891180E-01,0.000000E+00,0.000000E+00,0.000000E+00,0.000000E+00,0.000000E+00,0.000000E+00,0.000000E+00,0.000000E+00,2.111000E+01,4.949701E+01,2.388868E+01,4.753030E+01,4.176148E+03,2.323615E+03,1.417372E-01,2.049067E-01,0.000000E+00,0.000000E+00,0.000000E+00,0.000000E+00,0.000000E+00,0.000000E+00,0.000000E+00,0.000000E+00,2.110552E+01,4.113619E+01,2.388831E+01,4.882994E+01,2.577953E+03,1.440389E+03,8.749385E-02,1.270200E-01,0.000000E+00,0.000000E+00,0.000000E+00,0.000000E+00,0.000000E+00,0.000000E+00,0.000000E+00,0.000000E+00,2.110517E+01,4.063644E+01,2.388830E+01,4.876931E+01,4.242763E+03,2.344318E+03,1.439972E-01,2.067327E-01,0.000000E+00,0.000000E+00,0.000000E+00,0.000000E+00,0.000000E+00,0.000000E+00,0.000000E+00,0.000000E+00,2.110536E+01,4.094798E+01,2.388830E+01,4.884051E+01,2.603689E+03,1.499422E+03,8.836727E-02,1.322257E-01,0.000000E+00,0.000000E+00,0.000000E+00,0.000000E+00,0.000000E+00,0.000000E+00,0.000000E+00,0.000000E+00,2.110517E+01,4.070220E+01,2.388832E+01,4.860255E+01
04:30:00,1.019743E+03,3.275044E+03,3.461510E-02,2.887983E-01,0.000000E+00,0.000000E+00,0.000000E+00,0.000000E+00,0.000000E+00,0.000000E+00,0.000000E+00,0.000000E+00,2.111000E+01,4.949701E+01,2.388868E+01,4.753380E+01,4.176164E+03,2.315764E+03,1.417377E-01,2.042144E-01,0.000000E+00,0.000000E+00,0.000000E+00,0.000000E+00,0.000000E+00,0.000000E+00,0.000000E+00,0.000000E+00,2.110552E+01,4.113622E+01,2.388831E+01,4.883985E+01,2.577961E+03,1.434783E+03,8.749412E-02,1.265257E-01,0.000000E+00,0.000000E+00,0.000000E+00,0.000000E+00,0.000000E+00,0.000000E+00,0.000000E+00,0.000000E+00,2.110517E+01,4.063646E+01,2.388830E+01,4.878078E+01,4.242778E+03,2.336358E+03,1.439977E-01,2.060308E-01,0.000000E+00,0.000000E+00,0.000000E+00,0.000000E+00,0.000000E+00,0.000000E+00,0.000000E+00,0.000000E+00,2.110536E+01,4.094800E+01,2.388830E+01,4.885035E+01,2.603697E+03,1.492867E+03,8.836755E-02,1.316476E-01,0.000000E+00,0.000000E+00,0.000000E+00,0.000000E+00,0.000000E+00,0.000000E+00,0.000000E+00,0.000000E+00,2.110517E+01,4.070222E+01,2.388832E+01,4.861558E+01
04:40:00,1.019786E+03,3.271448E+03,3.461658E-02,2.884812E-01,0.000000E+00,0.000000E+00,0.000000E+00,0.000000E+00,0.000000E+00,0.000000E+00,0.000000E+00,0.000000E+00,2.111000E+01,4.949701E+01,2.388868E+01,4.753729E+01,4.176179E+03,2.308097E+03,1.417382E-01,2.035383E-01,0.000000E+00,0.000000E+00,0.000000E+00,0.000000E+00,0.000000E+00,0.000000E+00,0.000000E+00,0.000000E+00,2.110552E+01,4.113624E+01,2.388831E+01,4.884982E+01,2.577969E+03,1.429301E+03,8.749439E-02,1.260422E-01,0.000000E+00,0.000000E+00,0.000000E+00,0.000000E+00,0.000000E+00,0.000000E+00,0.000000E+00,0.000000E+00,2.110517E+01,4.063648E+01,2.388831E+01,4.879233E+01,4.242793E+03,2.328587E+03,1.439982E-01,2.053455E-01,0.000000E+00,0.000000E+00,0.000000E+00,0.000000E+00,0.000000E+00,0.000000E+00,0.000000E+00,0.000000E+00,2.110536E+01,4.094803E+01,2.388830E+01,4.886025E+01,2.603705E+03,1.486469E+03,8.836782E-02,1.310834E-01,0.000000E+00,0.000000E+00,0.000000E+00,0.000000E+00,0.000000E+00,0.000000E+00,0.000000E+00,0.000000E+00,2.110517E+01,4.070224E+01,2.388832E+01,4.862864E+01
04:50:00,1.019829E+03,3.267882E+03,3.461804E-02,2.881668E-01,0.000000E+00,0.000000E+00,0.000000E+00,0.000000E+00,0.000000E+00,0.000000E+00,0.000000E+00,0.000000E+00,2.111000E+01,4.949701E+01,2.388868E+01,4.754075E+01,4.176193E+03,2.300614E+03,1.417387E-01,2.028784E-01,0.000000E+00,0.000000E+00,0.000000E+00,0.000000E+00,0.000000E+00,0.000000E+00,0.000000E+00,0.000000E+00,2.110552E+01,4.113626E+01,2.388831E+01,4.885979E+01,2.577977E+03,1.423942E+03,8.749466E-02,1.255696E-01,0.000000E+00,0.000000E+00,0.000000E+00,0.000000E+00,0.000000E+00,0.000000E+00,0.000000E+00,0.000000E+00,2.110517E+01,4.063650E+01,2.388831E+01,4.880390E+01,4.242808E+03,2.321003E+03,1.439987E-01,2.046766E-01,0.000000E+00,0.000000E+00,0.000000E+00,0.000000E+00,0.000000E+00,0.000000E+00,0.000000E+00,0.000000E+00,2.110536E+01,4.094805E+01,2.388830E+01,4.887015E+01,2.603712E+03,1.480225E+03,8.836808E-02,1.305328E-01,0.000000E+00,0.000000E+00,0.000000E+00,0.000000E+00,0.000000E+00,0.000000E+00,0.000000E+00,0.000000E+00,2.110517E+01,4.070226E+01,2.388832E+01,4.864168E+01
05:00:00,1.019872E+03,3.264348E+03,3.461949E-02,2.878551E-01,0.000000E+00,0.000000E+00,0.000000E+00,0.000000E+00,0.000000E+00,0.000000E+00,0.000000E+00,0.000000E+00,2.111000E+01,4.949701E+01,2.388868E+01,4.754420E+01,4.176208E+03,2.293312E+03,1.417392E-01,2.022345E-01,0.000000E+00,0.000000E+00,0.000000E+00,0.000000E+00,0.000000E+00,0.000000E+00,0.000000E+00,0.000000E+00,2.110552E+01,4.113629E+01,2.388831E+01,4.886971E+01,2.577985E+03,1.418703E+03,8.749493E-02,1.251077E-01,0.000000E+00,0.000000E+00,0.000000E+00,0.000000E+00,0.000000E+00,0.000000E+00,0.000000E+00,0.000000E+00,2.110517E+01,4.063652E+01,2.388831E+01,4.881542E+01,4.242822E+03,2.313603E+03,1.439992E-01,2.040241E-01,0.000000E+00,0.000000E+00,0.000000E+00,0.000000E+00,0.000000E+00,0.000000E+00,0.000000E+00,0.000000E+00,2.110536E+01,4.094807E+01,2.388830E+01,4.888001E+01,2.603720E+03,1.474133E+03,8.836835E-02,1.299956E-01,0.000000E+00,0.000000E+00,0.000000E+00,0.000000E+00,0.000000E+00,0.000000E+00,0.000000E+00,0.000000E+00,2.110517E+01,4.070228E+01,2.388832E+01,4.865462E+01
05:10:00,1.019914E+03,3.260845E+03,3.462094E-02,2.875462E-01,0.000000E+00,0.000000E+00,0.000000E+00,0.000000E+00,0.000000E+00,0.000000E+00,0.000000E+00,0.000000E+00,2.111000E+01,4.949701E+01,2.388868E+01,4.754761E+01,4.176223E+03,2.286390E+03,1.417397E-01,2.016240E-01,0.000000E+00,0.000000E+00,0.000000E+00,0.000000E+00,0.000000E+00,0.000000E+00,0.000000E+00,0.000000E+00,2.110552E+01,4.113631E+01,2.388831E+01,4.887955E+01,2.577993E+03,1.413707E+03,8.749519E-02,1.246671E-01,0.000000E+00,0.000000E+00,0.000000E+00,0.000000E+00,0.000000E+00,0.000000E+00,0.000000E+00,0.000000E+00,2.110517E+01,4.063654E+01,2.388831E+01,4.882687E+01,4.242837E+03,2.306593E+03,1.439997E-01,2.034059E-01,0.000000E+00,0.000000E+00,0.000000E+00,0.000000E+00,0.000000E+00,0.000000E+00,0.000000E+00,0.000000E+00,2.110536E+01,4.094809E+01,2.388830E+01,4.888978E+01,2.603728E+03,1.468314E+03,8.836861E-02,1.294824E-01,0.000000E+00,0.000000E+00,0.000000E+00,0.000000E+00,0.000000E+00,0.000000E+00,0.000000E+00,0.000000E+00,2.110517E+01,4.070230E+01,2.388832E+01,4.866744E+01
05:20:00,1.019957E+03,3.257378E+03,3.462237E-02,2.872405E-01,0.000000E+00,0.000000E+00,0.000000E+00,0.000000E+00,0.000000E+00,0.000000E+00,0.000000E+00,0.000000E+00,2.111000E+01,4.949701E+01,2.388868E+01,4.755101E+01,4.176237E+03,2.279859E+03,1.417402E-01,2.010481E-01,0.000000E+00,0.000000E+00,0.000000E+00,0.000000E+00,0.000000E+00,0.000000E+00,0.000000E+00,0.000000E+00,2.110552E+01,4.113633E+01,2.388831E+01,4.888994E+01,2.578000E+03,1.408961E+03,8.749545E-02,1.242485E-01,0.000000E+00,0.000000E+00,0.000000E+00,0.000000E+00,0.000000E+00,0.000000E+00,0.000000E+00,0.000000E+00,2.110517E+01,4.063656E+01,2.388831E+01,4.883900E+01,4.242851E+03,2.300000E+03,1.440002E-01,2.028244E-01,0.000000E+00,0.000000E+00,0.000000E+00,0.000000E+00,0.000000E+00,0.000000E+00,0.000000E+00,0.000000E+00,2.110536E+01,4.094812E+01,2.388830E+01,4.890016E+01,2.603736E+03,1.462778E+03,8.836887E-02,1.289942E-01,0.000000E+00,0.000000E+00,0.000000E+00,0.000000E+00,0.000000E+00,0.000000E+00,0.000000E+00,0.000000E+00,2.110517E+01,4.070232E+01,2.388832E+01,4.868091E+01
05:30:00,1.019999E+03,3.253951E+03,3.462379E-02,2.869383E-01,0.000000E+00,0.000000E+00,0.000000E+00,0.000000E+00,0.000000E+00,0.000000E+00,0.000000E+00,0.000000E+00,2.111000E+01,4.949701E+01,2.388868E+01,4.755438E+01,4.176252E+03,2.273729E+03,1.417407E-01,2.005075E-01,0.000000E+00,0.000000E+00,0.000000E+00,0.000000E+00,0.000000E+00,0.000000E+00,0.000000E+00,0.000000E+00,2.110552E+01,4.113635E+01,2.388831E+01,4.890111E+01,2.578008E+03,1.404469E+03,8.749571E-02,1.238524E-01,0.000000E+00,0.000000E+00,0.000000E+00,0.000000E+00,0.000000E+00,0.000000E+00,0.000000E+00,0.000000E+00,2.110517E+01,4.063658E+01,2.388831E+01,4.885207E+01,4.242866E+03,2.293830E+03,1.440007E-01,2.022804E-01,0.000000E+00,0.000000E+00,0.000000E+00,0.000000E+00,0.000000E+00,0.000000E+00,0.000000E+00,0.000000E+00,2.110536E+01,4.094814E+01,2.388830E+01,4.891131E+01,2.603743E+03,1.457528E+03,8.836913E-02,1.285312E-01,0.000000E+00,0.000000E+00,0.000000E+00,0.000000E+00,0.000000E+00,0.000000E+00,0.000000E+00,0.000000E+00,2.110517E+01,4.070234E+01,2.388832E+01,4.869528E+01
05:40:00,1.020040E+03,3.250567E+03,3.462521E-02,2.866399E-01,0.000000E+00,0.000000E+00,0.000000E+00,0.000000E+00,0.000000E+00,0.000000E+00,0.000000E+00,0.000000E+00,2.111000E+01,4.949701E+01,2.388868E+01,4.755772E+01,4.176266E+03,2.268013E+03,1.417412E-01,2.000034E-01,0.000000E+00,0.000000E+00,0.000000E+00,0.000000E+00,0.000000E+00,0.000000E+00,0.000000E+00,0.000000E+00,2.110552E+01,4.113638E+01,2.388831E+01,4.891291E+01,2.578016E+03,1.400236E+03,8.749597E-02,1.234791E-01,0.000000E+00,0.000000E+00,0.000000E+00,0.000000E+00,0.000000E+00,0.000000E+00,0.000000E+00,0.000000E+00,2.110517E+01,4.063660E+01,2.388830E+01,4.886592E+01,4.242880E+03,2.288096E+03,1.440012E-01,2.017748E-01,0.000000E+00,0.000000E+00,0.000000E+00,0.000000E+00,0.000000E+00,0.000000E+00,0.000000E+00,0.000000E+00,2.110536E+01,4.094816E+01,2.388830E+01,4.892311E+01,2.603751E+03,1.452568E+03,8.836939E-02,1.280939E-01,0.000000E+00,0.000000E+00,0.000000E+00,0.000000E+00,0.000000E+00,0.000000E+00,0.000000E+00,0.000000E+00,2.110517E+01,4.070236E+01,2.388832E+01,4.871037E+01
05:50:00,1.020081E+03,3.247241E+03,3.462661E-02,2.863466E-01,0.000000E+00,0.000000E+00,0.000000E+00,0.000000E+00,0.000000E+00,0.000000E+00,0.000000E+00,0.000000E+00,2.111000E+01,4.949701E+01,2.388868E+01,4.756102E+01,4.176280E+03,2.263417E+03,1.417416E-01,1.995982E-01,0.000000E+00,0.000000E+00,0.000000E+00,0.000000E+00,0.000000E+00,0.000000E+00,0.000000E+00,0.000000E+00,2.110552E+01,4.113640E+01,2.388831E+01,4.892510E+01,2.578023E+03,1.396845E+03,8.749623E-02,1.231801E-01,0.000000E+00,0.000000E+00,0.000000E+00,0.000000E+00,0.000000E+00,0.000000E+00,0.000000E+00,0.000000E+00,2.110517E+01,4.063662E+01,2.388830E+01,4.888024E+01,4.242894E+03,2.283639E+03,1.440017E-01,2.013817E-01,0.000000E+00,0.000000E+00,0.000000E+00,0.000000E+00,0.000000E+00,0.000000E+00,0.000000E+00,0.000000E+00,2.110536E+01,4.094818E+01,2.388830E+01,4.893529E+01,2.603758E+03,1.448275E+03,8.836964E-02,1.277153E-01,0.000000E+00,0.000000E+00,0.000000E+00,0.000000E+00,0.000000E+00,0.000000E+00,0.000000E+00,0.000000E+00,2.110517E+01,4.070238E+01,2.388831E+01,4.872589E+01
06:00:00,1.020123E+03,3.244021E+03,3.462800E-02,2.860627E-01,0.000000E+00,0.000000E+00,0.000000E+00,0.000000E+00,0.000000E+00,0.000000E+00,0.000000E+00,0.000000E+00,2.111000E+01,4.949701E+01,2.388868E+01,4.756427E+01,4.176294E+03,2.260401E+03,1.417421E-01,1.993323E-01,0.000000E+00,0.000000E+00,0.000000E+00,0.000000E+00,0.000000E+00,0.000000E+00,0.000000E+00,0.000000E+00,2.110552E+01,4.113642E+01,2.388831E+01,4.893626E+01,2.578031E+03,1.397094E+03,8.749648E-02,1.232021E-01,0.000000E+00,0.000000E+00,0.000000E+00,0.000000E+00,0.000000E+00,0.000000E+00,0.000000E+00,0.000000E+00,2.110517E+01,4.063664E+01,2.388830E+01,4.889317E+01,4.242908E+03,2.282684E+03,1.440021E-01,2.012975E-01,0.000000E+00,0.000000E+00,0.000000E+00,0.000000E+00,0.000000E+00,0.000000E+00,0.000000E+00,0.000000E+00,2.110536E+01,4.094821E+01,2.388829E+01,4.894622E+01,2.603766E+03,1.444877E+03,8.836989E-02,1.274156E-01,0.000000E+00,0.000000E+00,0.000000E+00,0.000000E+00,0.000000E+00,0.000000E+00,0.000000E+00,0.000000E+00,2.110517E+01,4.070240E+01,2.388831E+01,4.874058E+01
06:10:00,1.020163E+03,3.241038E+03,3.462938E-02,2.857996E-01,0.000000E+00,0.000000E+00,0.000000E+00,0.000000E+00,0.000000E+00,0.000000E+00,0.000000E+00,0.000000E+00,2.111000E+01,4.949701E+01,2.388868E+01,4.756743E+01,4.176308E+03,2.259600E+03,1.417426E-01,1.992617E-01,0.000000E+00,0.000000E+00,0.000000E+00,0.000000E+00,0.000000E+00,0.000000E+00,0.000000E+00,0.000000E+00,2.110552E+01,4.113644E+01,2.388830E+01,4.894501E+01,2.578038E+03,1.406378E+03,8.749673E-02,1.240208E-01,0.000000E+00,0.000000E+00,0.000000E+00,0.000000E+00,0.000000E+00,0.000000E+00,0.000000E+00,0.000000E+00,2.110517E+01,4.063666E+01,2.388828E+01,4.889596E+01,4.242922E+03,2.288850E+03,1.440026E-01,2.018413E-01,0.000000E+00,0.000000E+00,0.000000E+00,0.000000E+00,0.000000E+00,0.000000E+00,0.000000E+00,0.000000E+00,2.110536E+01,4.094823E+01,2.388828E+01,4.895140E+01,2.603773E+03,1.442718E+03,8.837015E-02,1.272253E-01,0.000000E+00,0.000000E+00,0.000000E+00,0.000000E+00,0.000000E+00,0.000000E+00,0.000000E+00,0.000000E+00,2.110517E+01,4.070242E+01,2.388830E+01,4.875328E+01
06:20:00,1.020204E+03,3.238505E+03,3.463076E-02,2.855763E-01,0.000000E+00,0.000000E+00,0.000000E+00,0.000000E+00,0.000000E+00,0.000000E+00,0.000000E+00,0.000000E+00,2.111000E+01,4.949701E+01,2.388868E+01,4.757036E+01,4.176322E+03,2.261587E+03,1.417431E-01,1.994369E-01,0.000000E+00,0.000000E+00,0.000000E+00,0.000000E+00,0.000000E+00,0.000000E+00,0.000000E+00,0.000000E+00,2.110552E+01,4.113646E+01,2.388830E+01,4.895095E+01,2.578045E+03,1.428116E+03,8.749698E-02,1.259380E-01,0.000000E+00,0.000000E+00,0.000000E+00,0.000000E+00,0.000000E+00,0.000000E+00,0.000000E+00,0.000000E+00,2.110517E+01,4.063668E+01,2.388822E+01,4.887163E+01,4.242936E+03,2.303834E+03,1.440031E-01,2.031628E-01,0.000000E+00,0.000000E+00,0.000000E+00,0.000000E+00,0.000000E+00,0.000000E+00,0.000000E+00,0.000000E+00,2.110536E+01,4.094825E+01,2.388826E+01,4.894423E+01,2.603780E+03,1.442080E+03,8.837039E-02,1.271691E-01,0.000000E+00,0.000000E+00,0.000000E+00,0.000000E+00,0.000000E+00,0.000000E+00,0.000000E+00,0.000000E+00,2.110517E+01,4.070244E+01,2.388830E+01,4.876395E+01
06:30:00,1.020244E+03,3.236654E+03,3.463212E-02,2.854130E-01,0.000000E+00,0.000000E+00,0.000000E+00,0.000000E+00,0.000000E+00,0.000000E+00,0.000000E+00,0.000000E+00,2.111000E+01,4.949701E+01,2.388868E+01,4.757283E+01,4.176336E+03,2.266638E+03,1.417435E-01,1.998824E-01,0.000000E+00,0.000000E+00,0.000000E+00,0.000000E+00,0.000000E+00,0.000000E+00,0.000000E+00,0.000000E+00,2.110552E+01,4.113649E+01,2.388829E+01,4.895347E+01,2.578053E+03,1.461066E+03,8.749723E-02,1.288439E-01,0.000000E+00,0.000000E+00,0.000000E+00,0.000000E+00,0.000000E+00,0.000000E+00,0.000000E+00,0.000000E+00,2.110517E+01,4.063670E+01,2.388816E+01,4.880761E+01,4.242950E+03,2.326254E+03,1.440036E-01,2.051401E-01,0.000000E+00,0.000000E+00,0.000000E+00,0.000000E+00,0.000000E+00,0.000000E+00,0.000000E+00,0.000000E+00,2.110536E+01,4.094827E+01,2.388823E+01,4.892082E+01,2.603788E+03,1.443099E+03,8.837064E-02,1.272590E-01,0.000000E+00,0.000000E+00,0.000000E+00,0.000000E+00,0.000000E+00,0.000000E+00,0.000000E+00,0.000000E+00,2.110517E+01,4.070246E+01,2.388829E+01,4.877221E+01
06:40:00,1.020284E+03,3.235679E+03,3.463348E-02,2.853271E-01,0.000000E+00,0.000000E+00,0.000000E+00,0.000000E+00,0.000000E+00,0.000000E+00,0.000000E+00,0.000000E+00,2.111000E+01,4.949701E+01,2.388868E+01,4.757460E+01,4.176349E+03,2.275079E+03,1.417440E-01,2.006268E-01,0.000000E+00,0.000000E+00,0.000000E+00,0.000000E+00,0.000000E+00,0.000000E+00,0.000000E+00,0.000000E+00,2.110552E+01,4.113651E+01,2.388828E+01,4.895226E+01,2.578060E+03,1.506008E+03,8.749747E-02,1.328075E-01,0.000000E+00,0.000000E+00,0.000000E+00,0.000000E+00,0.000000E+00,0.000000E+00,0.000000E+00,0.000000E+00,2.110517E+01,4.063672E+01,2.388812E+01,4.871080E+01,4.242963E+03,2.355558E+03,1.440040E-01,2.077245E-01,0.000000E+00,0.000000E+00,0.000000E+00,0.000000E+00,0.000000E+00,0.000000E+00,0.000000E+00,0.000000E+00,2.110536E+01,4.094829E+01,2.388821E+01,4.888502E+01,2.603795E+03,1.445922E+03,8.837088E-02,1.275080E-01,0.000000E+00,0.000000E+00,0.000000E+00,0.000000E+00,0.000000E+00,0.000000E+00,0.000000E+00,0.000000E+00,2.110517E+01,4.070247E+01,2.388828E+01,4.877780E+01
06:50:00,1.020323E+03,3.235731E+03,3.463482E-02,2.853317E-01,0.000000E+00,0.000000E+00,0.000000E+00,0.000000E+00,0.000000E+00,0.000000E+00,0.000000E+00,0.000000E+00,2.111000E+01,4.949701E+01,2.388868E+01,4.757549E+01,4.176363E+03,2.286500E+03,1.417444E-01,2.016341E-01,0.000000E+00,0.000000E+00,0.000000E+00,0.000000E+00,0.000000E+00,0.000000E+00,0.000000E+00,0.000000E+00,2.110552E+01,4.113653E+01,2.388827E+01,4.894721E+01,2.578067E+03,1.562749E+03,8.749772E-02,1.378117E-01,0.000000E+00,0.000000E+00,0.000000E+00,0.000000E+00,0.000000E+00,0.000000E+00,0.000000E+00,0.000000E+00,2.110517E+01,4.063673E+01,2.388809E+01,4.859179E+01,4.242977E+03,2.390468E+03,1.440045E-01,2.108034E-01,0.000000E+00,0.000000E+00,0.000000E+00,0.000000E+00,0.000000E+00,0.000000E+00,0.000000E+00,0.000000E+00,2.110536E+01,4.094831E+01,2.388820E+01,4.884254E+01,2.603802E+03,1.450300E+03,8.837113E-02,1.278942E-01,0.000000E+00,0.000000E+00,0.000000E+00,0.000000E+00,0.000000E+00,0.000000E+00,0.000000E+00,0.000000E+00,2.110517E+01,4.070249E+01,2.388827E+01,4.878058E+01
07:00:00,1.020363E+03,3.236886E+03,3.463616E-02,2.854336E-01,0.000000E+00,0.000000E+00,0.000000E+00,0.000000E+00,0.000000E+00,0.000000E+00,0.000000E+00,0.000000E+00,2.111000E+01,4.949701E+01,2.388867E+01,4.757541E+01,4.176376E+03,2.301192E+03,1.417449E-01,2.029300E-01,0.000000E+00,0.000000E+00,0.000000E+00,0.000000E+00,0.000000E+00,0.000000E+00,0.000000E+00,0.000000E+00,2.110552E+01,4.113655E+01,2.388826E+01,4.893835E+01,2.578074E+03,1.631951E+03,8.749796E-02,1.439148E-01,0.000000E+00,0.000000E+00,0.000000E+00,0.000000E+00,0.000000E+00,0.000000E+00,0.000000E+00,0.000000E+00,2.110517E+01,4.063675E+01,2.388807E+01,4.845975E+01,4.242990E+03,2.430167E+03,1.440049E-01,2.143046E-01,0.000000E+00,0.000000E+00,0.000000E+00,0.000000E+00,0.000000E+00,0.000000E+00,0.000000E+00,0.000000E+00,2.110536E+01,4.094833E+01,2.388819E+01,4.879780E+01,2.603809E+03,1.456358E+03,8.837137E-02,1.284285E-01,0.000000E+00,0.000000E+00,0.000000E+00,0.000000E+00,0.000000E+00,0.000000E+00,0.000000E+00,0.000000E+00,2.110517E+01,4.070251E+01,2.388826E+01,4.878057E+01
07:10:00,1.020402E+03,3.238959E+03,3.463749E-02,2.856155E-01,0.000000E+00,0.000000E+00,0.000000E+00,0.000000E+00,0.000000E+00,0.000000E+00,0.000000E+00,0.000000E+00,2.111000E+01,4.949701E+01,2.388890E+01,4.757336E+01,4.176389E+03,2.318790E+03,1.417453E-01,2.044811E-01,0.000000E+00,0.000000E+00,0.000000E+00,0.000000E+00,0.000000E+00,0.000000E+00,0.000000E+00,0.000000E+00,2.110552E+01,4.113657E+01,2.388854E+01,4.892019E+01,2.578081E+03,1.705842E+03,8.749820E-02,1.504306E-01,0.000000E+00,0.000000E+00,0.000000E+00,0.000000E+00,0.000000E+00,0.000000E+00,0.000000E+00,0.000000E+00,2.110517E+01,4.063677E+01,2.388836E+01,4.827273E+01,4.243003E+03,2.468595E+03,1.440054E-01,2.176926E-01,0.000000E+00,0.000000E+00,0.000000E+00,0.000000E+00,0.000000E+00,0.000000E+00,0.000000E+00,0.000000E+00,2.110536E+01,4.094835E+01,2.388849E+01,4.873795E+01,2.603816E+03,1.463920E+03,8.837161E-02,1.290948E-01,0.000000E+00,0.000000E+00,0.000000E+00,0.000000E+00,0.000000E+00,0.000000E+00,0.000000E+00,0.000000E+00,2.110517E+01,4.070253E+01,2.388854E+01,4.877544E+01
07:20:00,1.020441E+03,3.241953E+03,3.463880E-02,2.858774E-01,0.000000E+00,0.000000E+00,0.000000E+00,0.000000E+00,0.000000E+00,0.000000E+00,0.000000E+00,0.000000E+00,2.111000E+01,4.949701E+01,2.388915E+01,4.757079E+01,4.176402E+03,2.339127E+03,1.417458E-01,2.062727E-01,0.000000E+00,0.000000E+00,0.000000E+00,0.000000E+00,0.000000E+00,0.000000E+00,0.000000E+00,0.000000E+00,2.110552E+01,4.113659E+01,2.388886E+01,4.890438E+01,2.578088E+03,1.780871E+03,8.749844E-02,1.570458E-01,0.000000E+00,0.000000E+00,0.000000E+00,0.000000E+00,0.000000E+00,0.000000E+00,0.000000E+00,0.000000E+00,2.110517E+01,4.063679E+01,2.388873E+01,4.813500E+01,4.243017E+03,2.502870E+03,1.440058E-01,2.207132E-01,0.000000E+00,0.000000E+00,0.000000E+00,0.000000E+00,0.000000E+00,0.000000E+00,0.000000E+00,0.000000E+00,2.110536E+01,4.094837E+01,2.388883E+01,4.869962E+01,2.603823E+03,1.472908E+03,8.837184E-02,1.298863E-01,0.000000E+00,0.000000E+00,0.000000E+00,0.000000E+00,0.000000E+00,0.000000E+00,0.000000E+00,0.000000E+00,2.110517E+01,4.070255E+01,2.388885E+01,4.877070E+01
07:30:00,1.020479E+03,3.245637E+03,3.464011E-02,2.862003E-01,0.000000E+00,0.000000E+00,0.000000E+00,0.000000E+00,0.000000E+00,0.000000E+00,0.000000E+00,0.000000E+00,2.111000E+01,4.949701E+01,2.388916E+01,4.756797E+01,4.176415E+03,2.362152E+03,1.417462E-01,2.083013E-01,0.000000E+00,0.000000E+00,0.000000E+00,0.000000E+00,0.000000E+00,0.000000E+00,0.000000E+00,0.000000E+00,2.110552E+01,4.113661E+01,2.388886E+01,4.888602E+01,2.578095E+03,1.857910E+03,8.749867E-02,1.638379E-01,0.000000E+00,0.000000E+00,0.000000E+00,0.000000E+00,0.000000E+00,0.000000E+00,0.000000E+00,0.000000E+00,2.110517E+01,4.063681E+01,2.388876E+01,4.798968E+01,4.243030E+03,2.533348E+03,1.440063E-01,2.233988E-01,0.000000E+00,0.000000E+00,0.000000E+00,0.000000E+00,0.000000E+00,0.000000E+00,0.000000E+00,0.000000E+00,2.110536E+01,4.094839E+01,2.388885E+01,4.866594E+01,2.603830E+03,1.483303E+03,8.837208E-02,1.308019E-01,0.000000E+00,0.000000E+00,0.000000E+00,0.000000E+00,0.000000E+00,0.000000E+00,0.000000E+00,0.000000E+00,2.110517E+01,4.070256E+01,2.388885E+01,4.876593E+01
07:40:00,1.020517E+03,3.249756E+03,3.464141E-02,2.865614E-01,0.000000E+00,0.000000E+00,0.000000E+00,0.000000E+00,0.000000E+00,0.000000E+00,0.000000E+00,0.000000E+00,2.111000E+01,4.949701E+01,2.388916E+01,4.756465E+01,4.176428E+03,2.387708E+03,1.417467E-01,2.105530E-01,0.000000E+00,0.000000E+00,0.000000E+00,0.000000E+00,0.000000E+00,0.000000E+00,0.000000E+00,0.000000E+00,2.110552E+01,4.113663E+01,2.388886E+01,4.886643E+01,2.578102E+03,1.935730E+03,8.749891E-02,1.706987E-01,0.000000E+00,0.000000E+00,0.000000E+00,0.000000E+00,0.000000E+00,0.000000E+00,0.000000E+00,0.000000E+00,2.110517E+01,4.063683E+01,2.388877E+01,4.785947E+01,4.243043E+03,2.559822E+03,1.440067E-01,2.257312E-01,0.000000E+00,0.000000E+00,0.000000E+00,0.000000E+00,0.000000E+00,0.000000E+00,0.000000E+00,0.000000E+00,2.110536E+01,4.094841E+01,2.388885E+01,4.864307E+01,2.603837E+03,1.495053E+03,8.837231E-02,1.318370E-01,0.000000E+00,0.000000E+00,0.000000E+00,0.000000E+00,0.000000E+00,0.000000E+00,0.000000E+00,0.000000E+00,2.110517E+01,4.070258E+01,2.388885E+01,4.876058E+01
07:50:00,1.020555E+03,3.254086E+03,3.464270E-02,2.869411E-01,0.000000E+00,0.000000E+00,0.000000E+00,0.000000E+00,0.000000E+00,0.000000E+00,0.000000E+00,0.000000E+00,2.111000E+01,4.949701E+01,2.388916E+01,4.756100E+01,4.176441E+03,2.415674E+03,1.417471E-01,2.130173E-01,0.000000E+00,0.000000E+00,0.000000E+00,0.000000E+00,0.000000E+00,0.000000E+00,0.000000E+00,0.000000E+00,2.110552E+01,4.113665E+01,2.388885E+01,4.884537E+01,2.578109E+03,2.013429E+03,8.749914E-02,1.775486E-01,0.000000E+00,0.000000E+00,0.000000E+00,0.000000E+00,0.000000E+00,0.000000E+00,0.000000E+00,0.000000E+00,2.110517E+01,4.063684E+01,2.388877E+01,4.774352E+01,4.243055E+03,2.582333E+03,1.440071E-01,2.277141E-01,0.000000E+00,0.000000E+00,0.000000E+00,0.000000E+00,0.000000E+00,0.000000E+00,0.000000E+00,0.000000E+00,2.110536E+01,4.094843E+01,2.388885E+01,4.862976E+01,2.603844E+03,1.508146E+03,8.837254E-02,1.329903E-01,0.000000E+00,0.000000E+00,0.000000E+00,0.000000E+00,0.000000E+00,0.000000E+00,0.000000E+00,0.000000E+00,2.110517E+01,4.070260E+01,2.388884E+01,4.875415E+01
08:00:00,1.020593E+03,3.258445E+03,3.464398E-02,2.873233E-01,0.000000E+00,0.000000E+00,0.000000E+00,0.000000E+00,0.000000E+00,0.000000E+00,0.000000E+00,0.000000E+00,2.111000E+01,4.949701E+01,2.388916E+01,4.755719E+01,4.176454E+03,2.445461E+03,1.417475E-01,2.156421E-01,0.000000E+00,0.000000E+00,0.000000E+00,0.000000E+00,0.000000E+00,0.000000E+00,0.000000E+00,0.000000E+00,2.110552E+01,4.113667E+01,2.388884E+01,4.882279E+01,2.578116E+03,2.087121E+03,8.749937E-02,1.840451E-01,0.000000E+00,0.000000E+00,0.000000E+00,0.000000E+00,0.000000E+00,0.000000E+00,0.000000E+00,0.000000E+00,2.110517E+01,4.063686E+01,2.388878E+01,4.764083E+01,4.243068E+03,2.599431E+03,1.440076E-01,2.292196E-01,0.000000E+00,0.000000E+00,0.000000E+00,0.000000E+00,0.000000E+00,0.000000E+00,0.000000E+00,0.000000E+00,2.110536E+01,4.094845E+01,2.388884E+01,4.862423E+01,2.603851E+03,1.522333E+03,8.837277E-02,1.342403E-01,0.000000E+00,0.000000E+00,0.000000E+00,0.000000E+00,0.000000E+00,0.000000E+00,0.000000E+00,0.000000E+00,2.110517E+01,4.070262E+01,2.388883E+01,4.874632E+01
08:10:00,1.020631E+03,3.262901E+03,3.464525E-02,2.877152E-01,0.000000E+00,0.000000E+00,0.000000E+00,0.000000E+00,0.000000E+00,0.000000E+00,0.000000E+00,0.000000E+00,2.111000E+01,4.949701E+01,2.388916E+01,4.755334E+01,4.176467E+03,2.476852E+03,1.417480E-01,2.184092E-01,0.000000E+00,0.000000E+00,0.000000E+00,0.000000E+00,0.000000E+00,0.000000E+00,0.000000E+00,0.000000E+00,2.110552E+01,4.113669E+01,2.388883E+01,4.879882E+01,2.578122E+03,2.158831E+03,8.749960E-02,1.903676E-01,0.000000E+00,0.000000E+00,0.000000E+00,0.000000E+00,0.000000E+00,0.000000E+00,0.000000E+00,0.000000E+00,2.110517E+01,4.063688E+01,2.388878E+01,4.755019E+01,4.243081E+03,2.615441E+03,1.440080E-01,2.306302E-01,0.000000E+00,0.000000E+00,0.000000E+00,0.000000E+00,0.000000E+00,0.000000E+00,0.000000E+00,0.000000E+00,2.110536E+01,4.094847E+01,2.388884E+01,4.862359E+01,2.603857E+03,1.537505E+03,8.837300E-02,1.355776E-01,0.000000E+00,0.000000E+00,0.000000E+00,0.000000E+00,0.000000E+00,0.000000E+00,0.000000E+00,0.000000E+00,2.110517E+01,4.070263E+01,2.388882E+01,4.873703E+01
08:20:00,1.020668E+03,3.267331E+03,3.464651E-02,2.881058E-01,0.000000E+00,0.000000E+00,0.000000E+00,0.000000E+00,0.000000E+00,0.000000E+00,0.000000E+00,0.000000E+00,2.111000E+01,4.949701E+01,2.388916E+01,4.754945E+01,4.176479E+03,2.509541E+03,1.417484E-01,2.212920E-01,0.000000E+00,0.000000E+00,0.000000E+00,0.000000E+00,0.000000E+00,0.000000E+00,0.000000E+00,0.000000E+00,2.110552E+01,4.113671E+01,2.388882E+01,4.877386E+01,2.578129E+03,2.228238E+03,8.749982E-02,1.964878E-01,0.000000E+00,0.000000E+00,0.000000E+00,0.000000E+00,0.000000E+00,0.000000E+00,0.000000E+00,0.000000E+00,2.110517E+01,4.063690E+01,2.388878E+01,4.747041E+01,4.243093E+03,2.632376E+03,1.440084E-01,2.321236E-01,0.000000E+00,0.000000E+00,0.000000E+00,0.000000E+00,0.000000E+00,0.000000E+00,0.000000E+00,0.000000E+00,2.110536E+01,4.094849E+01,2.388883E+01,4.862286E+01,2.603864E+03,1.553560E+03,8.837322E-02,1.369935E-01,0.000000E+00,0.000000E+00,0.000000E+00,0.000000E+00,0.000000E+00,0.000000E+00,0.000000E+00,0.000000E+00,2.110517E+01,4.070265E+01,2.388881E+01,4.872647E+01
08:30:00,1.020705E+03,3.271769E+03,3.464777E-02,2.884965E-01,0.000000E+00,0.000000E+00,0.000000E+00,0.000000E+00,0.000000E+00,0.000000E+00,0.000000E+00,0.000000E+00,2.111000E+01,4.949701E+01,2.388931E+01,4.754503E+01,4.176492E+03,2.543308E+03,1.417488E-01,2.242689E-01,0.000000E+00,0.000000E+00,0.000000E+00,0.000000E+00,0.000000E+00,0.000000E+00,0.000000E+00,0.000000E+00,2.110552E+01,4.113673E+01,2.388901E+01,4.874768E+01,2.578136E+03,2.295074E+03,8.750005E-02,2.023807E-01,0.000000E+00,0.000000E+00,0.000000E+00,0.000000E+00,0.000000E+00,0.000000E+00,0.000000E+00,0.000000E+00,2.110517E+01,4.063691E+01,2.388897E+01,4.739910E+01,4.243106E+03,2.651850E+03,1.440089E-01,2.338402E-01,0.000000E+00,0.000000E+00,0.000000E+00,0.000000E+00,0.000000E+00,0.000000E+00,0.000000E+00,0.000000E+00,2.110536E+01,4.094851E+01,2.388902E+01,4.861812E+01,2.603870E+03,1.570431E+03,8.837345E-02,1.384808E-01,0.000000E+00,0.000000E+00,0.000000E+00,0.000000E+00,0.000000E+00,0.000000E+00,0.000000E+00,0.000000E+00,2.110517E+01,4.070267E+01,2.388900E+01,4.871407E+01
08:40:00,1.020742E+03,3.276490E+03,3.464901E-02,2.889118E-01,0.000000E+00,0.000000E+00,0.000000E+00,0.000000E+00,0.000000E+00,0.000000E+00,0.000000E+00,0.000000E+00,2.111000E+01,4.949701E+01,2.388938E+01,4.754058E+01,4.176504E+03,2.579042E+03,1.417492E-01,2.274191E-01,0.000000E+00,0.000000E+00,0.000000E+00,0.000000E+00,0.000000E+00,0.000000E+00,0.000000E+00,0.000000E+00,2.110552E+01,4.113675E+01,2.388911E+01,4.872107E+01,2.578142E+03,2.360978E+03,8.750027E-02,2.081912E-01,0.000000E+00,0.000000E+00,0.000000E+00,0.000000E+00,0.000000E+00,0.000000E+00,0.000000E+00,0.000000E+00,2.110517E+01,4.063693E+01,2.388908E+01,4.733767E+01,4.243118E+03,2.675777E+03,1.440093E-01,2.359491E-01,0.000000E+00,0.000000E+00,0.000000E+00,0.000000E+00,0.000000E+00,0.000000E+00,0.000000E+00,0.000000E+00,2.110536E+01,4.094853E+01,2.388911E+01,4.860855E+01,2.603877E+03,1.588619E+03,8.837367E-02,1.400841E-01,0.000000E+00,0.000000E+00,0.000000E+00,0.000000E+00,0.000000E+00,0.000000E+00,0.000000E+00,0.000000E+00,2.110517E+01,4.070268E+01,2.388910E+01,4.870014E+01
08:50:00,1.020778E+03,3.281642E+03,3.465025E-02,2.893651E-01,0.000000E+00,0.000000E+00,0.000000E+00,0.000000E+00,0.000000E+00,0.000000E+00,0.000000E+00,0.000000E+00,2.111000E+01,4.949701E+01,2.388939E+01,4.753551E+01,4.176516E+03,2.615814E+03,1.417497E-01,2.306607E-01,0.000000E+00,0.000000E+00,0.000000E+00,0.000000E+00,0.000000E+00,0.000000E+00,0.000000E+00,0.000000E+00,2.110552E+01,4.113677E+01,2.388911E+01,4.869037E+01,2.578149E+03,2.424314E+03,8.750049E-02,2.137752E-01,0.000000E+00,0.000000E+00,0.000000E+00,0.000000E+00,0.000000E+00,0.000000E+00,0.000000E+00,0.000000E+00,2.110517E+01,4.063695E+01,2.388908E+01,4.727686E+01,4.243130E+03,2.703936E+03,1.440097E-01,2.384312E-01,0.000000E+00,0.000000E+00,0.000000E+00,0.000000E+00,0.000000E+00,0.000000E+00,0.000000E+00,0.000000E+00,2.110536E+01,4.094855E+01,2.388911E+01,4.859387E+01,2.603883E+03,1.607710E+03,8.837389E-02,1.417670E-01,0.000000E+00,0.000000E+00,0.000000E+00,0.000000E+00,0.000000E+00,0.000000E+00,0.000000E+00,0.000000E+00,2.110517E+01,4.070270E+01,2.388909E+01,4.868272E+01
09:00:00,1.020814E+03,3.287360E+03,3.465148E-02,2.898683E-01,0.000000E+00,0.000000E+00,0.000000E+00,0.000000E+00,0.000000E+00,0.000000E+00,0.000000E+00,0.000000E+00,2.111000E+01,4.949701E+01,2.388939E+01,4.753001E+01,4.176528E+03,2.653416E+03,1.417501E-01,2.339755E-01,0.000000E+00,0.000000E+00,0.000000E+00,0.000000E+00,0.000000E+00,0.000000E+00,0.000000E+00,0.000000E+00,2.110552E+01,4.113678E+01,2.388911E+01,4.865993E+01,2.578155E+03,2.484633E+03,8.750071E-02,2.190931E-01,0.000000E+00,0.000000E+00,0.000000E+00,0.000000E+00,0.000000E+00,0.000000E+00,0.000000E+00,0.000000E+00,2.110517E+01,4.063696E+01,2.388908E+01,4.722618E+01,4.243143E+03,2.736287E+03,1.440101E-01,2.412829E-01,0.000000E+00,0.000000E+00,0.000000E+00,0.000000E+00,0.000000E+00,0.000000E+00,0.000000E+00,0.000000E+00,2.110536E+01,4.094857E+01,2.388910E+01,4.857664E+01,2.603890E+03,1.627626E+03,8.837411E-02,1.435226E-01,0.000000E+00,0.000000E+00,0.000000E+00,0.000000E+00,0.000000E+00,0.000000E+00,0.000000E+00,0.000000E+00,2.110517E+01,4.070272E+01,2.388909E+01,4.866421E+01
09:10:00,1.020850E+03,3.293689E+03,3.465270E-02,2.904254E-01,0.000000E+00,0.000000E+00,0.000000E+00,0.000000E+00,0.000000E+00,0.000000E+00,0.000000E+00,0.000000E+00,2.111000E+01,4.949701E+01,2.388939E+01,4.752408E+01,4.176541E+03,2.691315E+03,1.417505E-01,2.373164E-01,0.000000E+00,0.000000E+00,0.000000E+00,0.000000E+00,0.000000E+00,0.000000E+00,0.000000E+00,0.000000E+00,2.110552E+01,4.113680E+01,2.388910E+01,4.863021E+01,2.578162E+03,2.541190E+03,8.750093E-02,2.240793E-01,0.000000E+00,0.000000E+00,0.000000E+00,0.000000E+00,0.000000E+00,0.000000E+00,0.000000E+00,0.000000E+00,2.110517E+01,4.063698E+01,2.388908E+01,4.718478E+01,4.243155E+03,2.770458E+03,1.440105E-01,2.442951E-01,0.000000E+00,0.000000E+00,0.000000E+00,0.000000E+00,0.000000E+00,0.000000E+00,0.000000E+00,0.000000E+00,2.110536E+01,4.094859E+01,2.388910E+01,4.855809E+01,2.603896E+03,1.648062E+03,8.837432E-02,1.453240E-01,0.000000E+00,0.000000E+00,0.000000E+00,0.000000E+00,0.000000E+00,0.000000E+00,0.000000E+00,0.000000E+00,2.110517E+01,4.070273E+01,2.388908E+01,4.864499E+01
09:20:00,1.020886E+03,3.300577E+03,3.465391E-02,2.910318E-01,0.000000E+00,0.000000E+00,0.000000E+00,0.000000E+00,0.000000E+00,0.000000E+00,0.000000E+00,0.000000E+00,2.111000E+01,4.949701E+01,2.388939E+01,4.751773E+01,4.176553E+03,2.729384E+03,1.417509E-01,2.406723E-01,0.000000E+00,0.000000E+00,0.000000E+00,0.000000E+00,0.000000E+00,0.000000E+00,0.000000E+00,0.000000E+00,2.110552E+01,4.113682E+01,2.388910E+01,4.860099E+01,2.578168E+03,2.593654E+03,8.750114E-02,2.287046E-01,0.000000E+00,0.000000E+00,0.000000E+00,0.000000E+00,0.000000E+00,0.000000E+00,0.000000E+00,0.000000E+00,2.110517E+01,4.063700E+01,2.388908E+01,4.715090E+01,4.243167E+03,2.805576E+03,1.440109E-01,2.473909E-01,0.000000E+00,0.000000E+00,0.000000E+00,0.000000E+00,0.000000E+00,0.000000E+00,0.000000E+00,0.000000E+00,2.110536E+01,4.094861E+01,2.388909E+01,4.853852E+01,2.603903E+03,1.668941E+03,8.837454E-02,1.471646E-01,0.000000E+00,0.000000E+00,0.000000E+00,0.000000E+00,0.000000E+00,0.000000E+00,0.000000E+00,0.000000E+00,2.110517E+01,4.070275E+01,2.388908E+01,4.862488E+01
09:30:00,1.020921E+03,3.308016E+03,3.465511E-02,2.916874E-01,0.000000E+00,0.000000E+00,0.000000E+00,0.000000E+00,0.000000E+00,0.000000E+00,0.000000E+00,0.000000E+00,2.111000E+01,4.949701E+01,2.388939E+01,4.751102E+01,4.176564E+03,2.767598E+03,1.417513E-01,2.440417E-01,0.000000E+00,0.000000E+00,0.000000E+00,0.000000E+00,0.000000E+00,0.000000E+00,0.000000E+00,0.000000E+00,2.110552E+01,4.113684E+01,2.388909E+01,4.857226E+01,2.578174E+03,2.641872E+03,8.750136E-02,2.329560E-01,0.000000E+00,0.000000E+00,0.000000E+00,0.000000E+00,0.000000E+00,0.000000E+00,0.000000E+00,0.000000E+00,2.110517E+01,4.063701E+01,2.388908E+01,4.712358E+01,4.243179E+03,2.841042E+03,1.440113E-01,2.505180E-01,0.000000E+00,0.000000E+00,0.000000E+00,0.000000E+00,0.000000E+00,0.000000E+00,0.000000E+00,0.000000E+00,2.110536E+01,4.094862E+01,2.388908E+01,4.851834E+01,2.603909E+03,1.690236E+03,8.837475E-02,1.490422E-01,0.000000E+00,0.000000E+00,0.000000E+00,0.000000E+00,0.000000E+00,0.000000E+00,0.000000E+00,0.000000E+00,2.110517E+01,4.070277E+01,2.388907E+01,4.860400E+01
09:40:00,1.020956E+03,3.315811E+03,3.465630E-02,2.923747E-01,0.000000E+00,0.000000E+00,0.000000E+00,0.000000E+00,0.000000E+00,0.000000E+00,0.000000E+00,0.000000E+00,2.111000E+01,4.949701E+01,2.388939E+01,4.750399E+01,4.176576E+03,2.804878E+03,1.417517E-01,2.473291E-01,0.000000E+00,0.000000E+00,0.000000E+00,0.000000E+00,0.000000E+00,0.000000E+00,0.000000E+00,0.000000E+00,2.110552E+01,4.113686E+01,2.388909E+01,4.854409E+01,2.578180E+03,2.682431E+03,8.750157E-02,2.365324E-01,0.000000E+00,0.000000E+00,0.000000E+00,0.000000E+00,0.000000E+00,0.000000E+00,0.000000E+00,0.000000E+00,2.110517E+01,4.063703E+01,2.388907E+01,4.710318E+01,4.243190E+03,2.875674E+03,1.440117E-01,2.535719E-01,0.000000E+00,0.000000E+00,0.000000E+00,0.000000E+00,0.000000E+00,0.000000E+00,0.000000E+00,0.000000E+00,2.110536E+01,4.094864E+01,2.388908E+01,4.849788E+01,2.603915E+03,1.711360E+03,8.837496E-02,1.509049E-01,0.000000E+00,0.000000E+00,0.000000E+00,0.000000E+00,0.000000E+00,0.000000E+00,0.000000E+00,0.000000E+00,2.110517E+01,4.070278E+01,2.388906E+01,4.858258E+01
09:50:00,1.020991E+03,3.323957E+03,3.465749E-02,2.930935E-01,0.000000E+00,0.000000E+00,0.000000E+00,0.000000E+00,0.000000E+00,0.000000E+00,0.000000E+00,0.000000E+00,2.111000E+01,4.949701E+01,2.388928E+01,4.749910E+01,4.176588E+03,2.842080E+03,1.417521E-01,2.506103E-01,0.000000E+00,0.000000E+00,0.000000E+00,0.000000E+00,0.000000E+00,0.000000E+00,0.000000E+00,0.000000E+00,2.110552E+01,4.113688E+01,2.388893E+01,4.852460E+01,2.578187E+03,2.715649E+03,8.750178E-02,2.394621E-01,0.000000E+00,0.000000E+00,0.000000E+00,0.000000E+00,0.000000E+00,0.000000E+00,0.000000E+00,0.000000E+00,2.110517E+01,4.063705E+01,2.388893E+01,4.709417E+01,4.243202E+03,2.910149E+03,1.440121E-01,2.566126E-01,0.000000E+00,0.000000E+00,0.000000E+00,0.000000E+00,0.000000E+00,0.000000E+00,0.000000E+00,0.000000E+00,2.110536E+01,4.094866E+01,2.388892E+01,4.848355E+01,2.603921E+03,1.732674E+03,8.837517E-02,1.527848E-01,0.000000E+00,0.000000E+00,0.000000E+00,0.000000E+00,0.000000E+00,0.000000E+00,0.000000E+00,0.000000E+00,2.110517E+01,4.070280E+01,2.388890E+01,4.856739E+01
10:00:00,1.021026E+03,3.332202E+03,3.465867E-02,2.938208E-01,0.000000E+00,0.000000E+00,0.000000E+00,0.000000E+00,0.000000E+00,0.000000E+00,0.000000E+00,0.000000E+00,2.111000E+01,4.949701E+01,2.388931E+01,4.749230E+01,4.176599E+03,2.878988E+03,1.417525E-01,2.538653E-01,0.000000E+00,0.000000E+00,0.000000E+00,0.000000E+00,0.000000E+00,0.000000E+00,0.000000E+00,0.000000E+00,2.110552E+01,4.113689E+01,2.388896E+01,4.849961E+01,2.578193E+03,2.741153E+03,8.750199E-02,2.417114E-01,0.000000E+00,0.000000E+00,0.000000E+00,0.000000E+00,0.000000E+00,0.000000E+00,0.000000E+00,0.000000E+00,2.110517E+01,4.063706E+01,2.388897E+01,4.709113E+01,4.243214E+03,2.944311E+03,1.440125E-01,2.596256E-01,0.000000E+00,0.000000E+00,0.000000E+00,0.000000E+00,0.000000E+00,0.000000E+00,0.000000E+00,0.000000E+00,2.110536E+01,4.094868E+01,2.388895E+01,4.846470E+01,2.603927E+03,1.754020E+03,8.837538E-02,1.546675E-01,0.000000E+00,0.000000E+00,0.000000E+00,0.000000E+00,0.000000E+00,0.000000E+00,0.000000E+00,0.000000E+00,2.110517E+01,4.070281E+01,2.388894E+01,4.854714E+01
10:10:00,1.021060E+03,3.340605E+03,3.465984E-02,2.945618E-01,0.000000E+00,0.000000E+00,0.000000E+00,0.000000E+00,0.000000E+00,0.000000E+00,0.000000E+00,0.000000E+00,2.111000E+01,4.949701E+01,2.388938E+01,4.748442E+01,4.176611E+03,2.915685E+03,1.417529E-01,2.571013E-01,0.000000E+00,0.000000E+00,0.000000E+00,0.000000E+00,0.000000E+00,0.000000E+00,0.000000E+00,0.000000E+00,2.110552E+01,4.113691E+01,2.388907E+01,4.847207E+01,2.578199E+03,2.758782E+03,8.750219E-02,2.432659E-01,0.000000E+00,0.000000E+00,0.000000E+00,0.000000E+00,0.000000E+00,0.000000E+00,0.000000E+00,0.000000E+00,2.110517E+01,4.063708E+01,2.388907E+01,4.709666E+01,4.243225E+03,2.978237E+03,1.440129E-01,2.626172E-01,0.000000E+00,0.000000E+00,0.000000E+00,0.000000E+00,0.000000E+00,0.000000E+00,0.000000E+00,0.000000E+00,2.110536E+01,4.094870E+01,2.388906E+01,4.844365E+01,2.603933E+03,1.775412E+03,8.837558E-02,1.565539E-01,0.000000E+00,0.000000E+00,0.000000E+00,0.000000E+00,0.000000E+00,0.000000E+00,0.000000E+00,0.000000E+00,2.110517E+01,4.070283E+01,2.388904E+01,4.852420E+01
10:20:00,1.021095E+03,3.349162E+03,3.466100E-02,2.953168E-01,0.000000E+00,0.000000E+00,0.000000E+00,0.000000E+00,0.000000E+00,0.000000E+00,0.000000E+00,0.000000E+00,2.111000E+01,4.949701E+01,2.388928E+01,4.747857E+01,4.176622E+03,2.952204E+03,1.417533E-01,2.603222E-01,0.000000E+00,0.000000E+00,0.000000E+00,0.000000E+00,0.000000E+00,0.000000E+00,0.000000E+00,0.000000E+00,2.110552E+01,4.113693E+01,2.388891E+01,4.845121E+01,2.578205E+03,2.768371E+03,8.750240E-02,2.441120E-01,0.000000E+00,0.000000E+00,0.000000E+00,0.000000E+00,0.000000E+00,0.000000E+00,0.000000E+00,0.000000E+00,2.110517E+01,4.063710E+01,2.388893E+01,4.710532E+01,4.243236E+03,3.011942E+03,1.440133E-01,2.655900E-01,0.000000E+00,0.000000E+00,0.000000E+00,0.000000E+00,0.000000E+00,0.000000E+00,0.000000E+00,0.000000E+00,2.110536E+01,4.094871E+01,2.388890E+01,4.842773E+01,2.603939E+03,1.796828E+03,8.837579E-02,1.584427E-01,0.000000E+00,0.000000E+00,0.000000E+00,0.000000E+00,0.000000E+00,0.000000E+00,0.000000E+00,0.000000E+00,2.110517E+01,4.070285E+01,2.388888E+01,4.850665E+01
10:30:00,1.021128E+03,3.357739E+03,3.466215E-02,2.960740E-01,0.000000E+00,0.000000E+00,0.000000E+00,0.000000E+00,0.000000E+00,0.000000E+00,0.000000E+00,0.000000E+00,2.111000E+01,4.949701E+01,2.388916E+01,4.747103E+01,4.176634E+03,2.988404E+03,1.417536E-01,2.635157E-01,0.000000E+00,0.000000E+00,0.000000E+00,0.000000E+00,0.000000E+00,0.000000E+00,0.000000E+00,0.000000E+00,2.110552E+01,4.113695E+01,2.388874E+01,4.842522E+01,2.578211E+03,2.769675E+03,8.750260E-02,2.442280E-01,0.000000E+00,0.000000E+00,0.000000E+00,0.000000E+00,0.000000E+00,0.000000E+00,0.000000E+00,0.000000E+00,2.110517E+01,4.063711E+01,2.388877E+01,4.712250E+01,4.243248E+03,3.045281E+03,1.440137E-01,2.685313E-01,0.000000E+00,0.000000E+00,0.000000E+00,0.000000E+00,0.000000E+00,0.000000E+00,0.000000E+00,0.000000E+00,2.110536E+01,4.094873E+01,2.388872E+01,4.840774E+01,2.603945E+03,1.818149E+03,8.837599E-02,1.603237E-01,0.000000E+00,0.000000E+00,0.000000E+00,0.000000E+00,0.000000E+00,0.000000E+00,0.000000E+00,0.000000E+00,2.110517E+01,4.070286E+01,2.388870E+01,4.848435E+01
10:40:00,1.021162E+03,3.366288E+03,3.466329E-02,2.968289E-01,0.000000E+00,0.000000E+00,0.000000E+00,0.000000E+00,0.000000E+00,0.000000E+00,0.000000E+00,0.000000E+00,2.111000E+01,4.949701E+01,2.388916E+01,4.746238E+01,4.176645E+03,3.024215E+03,1.417540E-01,2.666750E-01,0.000000E+00,0.000000E+00,0.000000E+00,0.000000E+00,0.000000E+00,0.000000E+00,0.000000E+00,0.000000E+00,2.110552E+01,4.113697E+01,2.388873E+01,4.839709E+01,2.578217E+03,2.763975E+03,8.750280E-02,2.437266E-01,0.000000E+00,0.000000E+00,0.000000E+00,0.000000E+00,0.000000E+00,0.000000E+00,0.000000E+00,0.000000E+00,2.110517E+01,4.063713E+01,2.388875E+01,4.714682E+01,4.243259E+03,3.078200E+03,1.440141E-01,2.714356E-01,0.000000E+00,0.000000E+00,0.000000E+00,0.000000E+00,0.000000E+00,0.000000E+00,0.000000E+00,0.000000E+00,2.110536E+01,4.094875E+01,2.388871E+01,4.838589E+01,2.603951E+03,1.839316E+03,8.837619E-02,1.621911E-01,0.000000E+00,0.000000E+00,0.000000E+00,0.000000E+00,0.000000E+00,0.000000E+00,0.000000E+00,0.000000E+00,2.110517E+01,4.070288E+01,2.388869E+01,4.845982E+01
10:50:00,1.021196E+03,3.374716E+03,3.466443E-02,2.975726E-01,0.000000E+00,0.000000E+00,0.000000E+00,0.000000E+00,0.000000E+00,0.000000E+00,0.000000E+00,0.000000E+00,2.111000E+01,4.949701E+01,2.388916E+01,4.745403E+01,4.176656E+03,3.059460E+03,1.417544E-01,2.697837E-01,0.000000E+00,0.000000E+00,0.000000E+00,0.000000E+00,0.000000E+00,0.000000E+00,0.000000E+00,0.000000E+00,2.110552E+01,4.113698E+01,2.388872E+01,4.837086E+01,2.578223E+03,2.752242E+03,8.750301E-02,2.426927E-01,0.000000E+00,0.000000E+00,0.000000E+00,0.000000E+00,0.000000E+00,0.000000E+00,0.000000E+00,0.000000E+00,2.110517E+01,4.063714E+01,2.388875E+01,4.717637E+01,4.243270E+03,3.110588E+03,1.440144E-01,2.742925E-01,0.000000E+00,0.000000E+00,0.000000E+00,0.000000E+00,0.000000E+00,0.000000E+00,0.000000E+00,0.000000E+00,2.110536E+01,4.094877E+01,2.388871E+01,4.836545E+01,2.603957E+03,1.860233E+03,8.837639E-02,1.640361E-01,0.000000E+00,0.000000E+00,0.000000E+00,0.000000E+00,0.000000E+00,0.000000E+00,0.000000E+00,0.000000E+00,2.110517E+01,4.070289E+01,2.388869E+01,4.843671E+01
11:00:00,1.021229E+03,3.383173E+03,3.466556E-02,2.983189E-01,0.000000E+00,0.000000E+00,0.000000E+00,0.000000E+00,0.000000E+00,0.000000E+00,0.000000E+00,0.000000E+00,2.111000E+01,4.949701E+01,2.388916E+01,4.744595E+01,4.176667E+03,3.094315E+03,1.417548E-01,2.728582E-01,0.000000E+00,0.000000E+00,0.000000E+00,0.000000E+00,0.000000E+00,0.000000E+00,0.000000E+00,0.000000E+00,2.110552E+01,4.113700E+01,2.388872E+01,4.834618E+01,2.578229E+03,2.734906E+03,8.750320E-02,2.411648E-01,0.000000E+00,0.000000E+00,0.000000E+00,0.000000E+00,0.000000E+00,0.000000E+00,0.000000E+00,0.000000E+00,2.110517E+01,4.063716E+01,2.388875E+01,4.721126E+01,4.243281E+03,3.142619E+03,1.440148E-01,2.771180E-01,0.000000E+00,0.000000E+00,0.000000E+00,0.000000E+00,0.000000E+00,0.000000E+00,0.000000E+00,0.000000E+00,2.110536E+01,4.094878E+01,2.388870E+01,4.834614E+01,2.603963E+03,1.880979E+03,8.837659E-02,1.658661E-01,0.000000E+00,0.000000E+00,0.000000E+00,0.000000E+00,0.000000E+00,0.000000E+00,0.000000E+00,0.000000E+00,2.110517E+01,4.070291E+01,2.388868E+01,4.841477E+01
11:10:00,1.021262E+03,3.391510E+03,3.466668E-02,2.990551E-01,0.000000E+00,0.000000E+00,0.000000E+00,0.000000E+00,0.000000E+00,0.000000E+00,0.000000E+00,0.000000E+00,2.111000E+01,4.949701E+01,2.388916E+01,4.743809E+01,4.176678E+03,3.128332E+03,1.417551E-01,2.758593E-01,0.000000E+00,0.000000E+00,0.000000E+00,0.000000E+00,0.000000E+00,0.000000E+00,0.000000E+00,0.000000E+00,2.110552E+01,4.113702E+01,2.388871E+01,4.832270E+01,2.578234E+03,2.711936E+03,8.750340E-02,2.391404E-01,0.000000E+00,0.000000E+00,0.000000E+00,0.000000E+00,0.000000E+00,0.000000E+00,0.000000E+00,0.000000E+00,2.110517E+01,4.063717E+01,2.388874E+01,4.725135E+01,4.243292E+03,3.173696E+03,1.440152E-01,2.798599E-01,0.000000E+00,0.000000E+00,0.000000E+00,0.000000E+00,0.000000E+00,0.000000E+00,0.000000E+00,0.000000E+00,2.110536E+01,4.094880E+01,2.388870E+01,4.832768E+01,2.603969E+03,1.901175E+03,8.837679E-02,1.676479E-01,0.000000E+00,0.000000E+00,0.000000E+00,0.000000E+00,0.000000E+00,0.000000E+00,0.000000E+00,0.000000E+00,2.110517E+01,4.070292E+01,2.388868E+01,4.839373E+01
11:20:00,1.021295E+03,3.399660E+03,3.466779E-02,2.997743E-01,0.000000E+00,0.000000E+00,0.000000E+00,0.000000E+00,0.000000E+00,0.000000E+00,0.000000E+00,0.000000E+00,2.111000E+01,4.949701E+01,2.388916E+01,4.743043E+01,4.176689E+03,3.161559E+03,1.417555E-01,2.787901E-01,0.000000E+00,0.000000E+00,0.000000E+00,0.000000E+00,0.000000E+00,0.000000E+00,0.000000E+00,0.000000E+00,2.110552E+01,4.113703E+01,2.388871E+01,4.829962E+01,2.578240E+03,2.683637E+03,8.750360E-02,2.366457E-01,0.000000E+00,0.000000E+00,0.000000E+00,0.000000E+00,0.000000E+00,0.000000E+00,0.000000E+00,0.000000E+00,2.110517E+01,4.063719E+01,2.388874E+01,4.729588E+01,4.243303E+03,3.203697E+03,1.440155E-01,2.825062E-01,0.000000E+00,0.000000E+00,0.000000E+00,0.000000E+00,0.000000E+00,0.000000E+00,0.000000E+00,0.000000E+00,2.110536E+01,4.094882E+01,2.388869E+01,4.830960E+01,2.603975E+03,1.920740E+03,8.837698E-02,1.693737E-01,0.000000E+00,0.000000E+00,0.000000E+00,0.000000E+00,0.000000E+00,0.000000E+00,0.000000E+00,0.000000E+00,2.110517E+01,4.070294E+01,2.388867E+01,4.837305E+01
11:30:00,1.021327E+03,3.407688E+03,3.466890E-02,3.004822E-01,0.000000E+00,0.000000E+00,0.000000E+00,0.000000E+00,0.000000E+00,0.000000E+00,0.000000E+00,0.000000E+00,2.111000E+01,4.949701E+01,2.388916E+01,4.742297E+01,4.176700E+03,3.194033E+03,1.417559E-01,2.816538E-01,0.000000E+00,0.000000E+00,0.000000E+00,0.000000E+00,0.000000E+00,0.000000E+00,0.000000E+00,0.000000E+00,2.110552E+01,4.113705E+01,2.388871E+01,4.827662E+01,2.578246E+03,2.650488E+03,8.750379E-02,2.337226E-01,0.000000E+00,0.000000E+00,0.000000E+00,0.000000E+00,0.000000E+00,0.000000E+00,0.000000E+00,0.000000E+00,2.110517E+01,4.063720E+01,2.388874E+01,4.734483E+01,4.243314E+03,3.232661E+03,1.440159E-01,2.850605E-01,0.000000E+00,0.000000E+00,0.000000E+00,0.000000E+00,0.000000E+00,0.000000E+00,0.000000E+00,0.000000E+00,2.110536E+01,4.094883E+01,2.388869E+01,4.829188E+01,2.603980E+03,1.939689E+03,8.837717E-02,1.710448E-01,0.000000E+00,0.000000E+00,0.000000E+00,0.000000E+00,0.000000E+00,0.000000E+00,0.000000E+00,0.000000E+00,2.110517E+01,4.070295E+01,2.388867E+01,4.835270E+01
11:40:00,1.021360E+03,3.415585E+03,3.467000E-02,3.011785E-01,0.000000E+00,0.000000E+00,0.000000E+00,0.000000E+00,0.000000E+00,0.000000E+00,0.000000E+00,0.000000E+00,2.111000E+01,4.949701E+01,2.388916E+01,4.741570E+01,4.176710E+03,3.225707E+03,1.417562E-01,2.844470E-01,0.000000E+00,0.000000E+00,0.000000E+00,0.000000E+00,0.000000E+00,0.000000E+00,0.000000E+00,0.000000E+00,2.110552E+01,4.113707E+01,2.388870E+01,4.825396E+01,2.578252E+03,2.614176E+03,8.750398E-02,2.305207E-01,0.000000E+00,0.000000E+00,0.000000E+00,0.000000E+00,0.000000E+00,0.000000E+00,0.000000E+00,0.000000E+00,2.110517E+01,4.063722E+01,2.388874E+01,4.739790E+01,4.243325E+03,3.260542E+03,1.440163E-01,2.875191E-01,0.000000E+00,0.000000E+00,0.000000E+00,0.000000E+00,0.000000E+00,0.000000E+00,0.000000E+00,0.000000E+00,2.110536E+01,4.094885E+01,2.388869E+01,4.827473E+01,2.603986E+03,1.957991E+03,8.837737E-02,1.726587E-01,0.000000E+00,0.000000E+00,0.000000E+00,0.000000E+00,0.000000E+00,0.000000E+00,0.000000E+00,0.000000E+00,2.110517E+01,4.070297E+01,2.388867E+01,4.833293E+01
11:50:00,1.021392E+03,3.423337E+03,3.467108E-02,3.018620E-01,0.000000E+00,0.000000E+00,0.000000E+00,0.000000E+00,0.000000E+00,0.000000E+00,0.000000E+00,0.000000E+00,2.111000E+01,4.949701E+01,2.388916E+01,4.740861E+01,4.176721E+03,3.256538E+03,1.417566E-01,2.871658E-01,0.000000E+00,0.000000E+00,0.000000E+00,0.000000E+00,0.000000E+00,0.000000E+00,0.000000E+00,0.000000E+00,2.110552E+01,4.113708E+01,2.388870E+01,4.823192E+01,2.578257E+03,2.580566E+03,8.750417E-02,2.275570E-01,0.000000E+00,0.000000E+00,0.000000E+00,0.000000E+00,0.000000E+00,0.000000E+00,0.000000E+00,0.000000E+00,2.110517E+01,4.063723E+01,2.388873E+01,4.745045E+01,4.243335E+03,3.287284E+03,1.440166E-01,2.898774E-01,0.000000E+00,0.000000E+00,0.000000E+00,0.000000E+00,0.000000E+00,0.000000E+00,0.000000E+00,0.000000E+00,2.110536E+01,4.094887E+01,2.388868E+01,4.825829E+01,2.603992E+03,1.975606E+03,8.837756E-02,1.742121E-01,0.000000E+00,0.000000E+00,0.000000E+00,0.000000E+00,0.000000E+00,0.000000E+00,0.000000E+00,0.000000E+00,2.110517E+01,4.070298E+01,2.388866E+01,4.831391E+01
12:00:00,1.021424E+03,3.430959E+03,3.467217E-02,3.025341E-01,0.000000E+00,0.000000E+00,0.000000E+00,0.000000E+00,0.000000E+00,0.000000E+00,0.000000E+00,0.000000E+00,2.111000E+01,4.949701E+01,2.388916E+01,4.740170E+01,4.176732E+03,3.286523E+03,1.417570E-01,2.898100E-01,0.000000E+00,0.000000E+00,0.000000E+00,0.000000E+00,0.000000E+00,0.000000E+00,0.000000E+00,0.000000E+00,2.110552E+01,4.113710E+01,2.388870E+01,4.821068E+01,2.578263E+03,2.550879E+03,8.750436E-02,2.249393E-01,0.000000E+00,0.000000E+00,0.000000E+00,0.000000E+00,0.000000E+00,0.000000E+00,0.000000E+00,0.000000E+00,2.110517E+01,4.063725E+01,2.388871E+01,4.749293E+01,4.243346E+03,3.312869E+03,1.440170E-01,2.921336E-01,0.000000E+00,0.000000E+00,0.000000E+00,0.000000E+00,0.000000E+00,0.000000E+00,0.000000E+00,0.000000E+00,2.110536E+01,4.094888E+01,2.388868E+01,4.824260E+01,2.603997E+03,1.992507E+03,8.837775E-02,1.757025E-01,0.000000E+00,0.000000E+00,0.000000E+00,0.000000E+00,0.000000E+00,0.000000E+00,0.000000E+00,0.000000E+00,2.110517E+01,4.070299E+01,2.388866E+01,4.829573E+01
12:10:00,1.021455E+03,3.438474E+03,3.467324E-02,3.031967E-01,0.000000E+00,0.000000E+00,0.000000E+00,0.000000E+00,0.000000E+00,0.000000E+00,0.000000E+00,0.000000E+00,2.111000E+01,4.949701E+01,2.388916E+01,4.739493E+01,4.176742E+03,3.315886E+03,1.417573E-01,2.923994E-01,0.000000E+00,0.000000E+00,0.000000E+00,0.000000E+00,0.000000E+00,0.000000E+00,0.000000E+00,0.000000E+00,2.110552E+01,4.113712E+01,2.388869E+01,4.819020E+01,2.578268E+03,2.526189E+03,8.750455E-02,2.227623E-01,0.000000E+00,0.000000E+00,0.000000E+00,0.000000E+00,0.000000E+00,0.000000E+00,0.000000E+00,0.000000E+00,2.110517E+01,4.063726E+01,2.388870E+01,4.752496E+01,4.243356E+03,3.337684E+03,1.440173E-01,2.943219E-01,0.000000E+00,0.000000E+00,0.000000E+00,0.000000E+00,0.000000E+00,0.000000E+00,0.000000E+00,0.000000E+00,2.110536E+01,4.094890E+01,2.388868E+01,4.822758E+01,2.604003E+03,2.008907E+03,8.837793E-02,1.771487E-01,0.000000E+00,0.000000E+00,0.000000E+00,0.000000E+00,0.000000E+00,0.000000E+00,0.000000E+00,0.000000E+00,2.110517E+01,4.070301E+01,2.388866E+01,4.827836E+01
12:20:00,1.021487E+03,3.445904E+03,3.467431E-02,3.038519E-01,0.000000E+00,0.000000E+00,0.000000E+00,0.000000E+00,0.000000E+00,0.000000E+00,0.000000E+00,0.000000E+00,2.111000E+01,4.949701E+01,2.388916E+01,4.738826E+01,4.176752E+03,3.344477E+03,1.417577E-01,2.949206E-01,0.000000E+00,0.000000E+00,0.000000E+00,0.000000E+00,0.000000E+00,0.000000E+00,0.000000E+00,0.000000E+00,2.110552E+01,4.113713E+01,2.388869E+01,4.817034E+01,2.578274E+03,2.507175E+03,8.750474E-02,2.210857E-01,0.000000E+00,0.000000E+00,0.000000E+00,0.000000E+00,0.000000E+00,0.000000E+00,0.000000E+00,0.000000E+00,2.110517E+01,4.063728E+01,2.388870E+01,4.755053E+01,4.243366E+03,3.361772E+03,1.440177E-01,2.964462E-01,0.000000E+00,0.000000E+00,0.000000E+00,0.000000E+00,0.000000E+00,0.000000E+00,0.000000E+00,0.000000E+00,2.110536E+01,4.094892E+01,2.388867E+01,4.821302E+01,2.604008E+03,2.024803E+03,8.837812E-02,1.785506E-01,0.000000E+00,0.000000E+00,0.000000E+00,0.000000E+00,0.000000E+00,0.000000E+00,0.000000E+00,0.000000E+00,2.110517E+01,4.070302E+01,2.388865E+01,4.826161E+01
12:30:00,1.021518E+03,3.453270E+03,3.467537E-02,3.045014E-01,0.000000E+00,0.000000E+00,0.000000E+00,0.000000E+00,0.000000E+00,0.000000E+00,0.000000E+00,0.000000E+00,2.111000E+01,4.949701E+01,2.388916E+01,4.738169E+01,4.176763E+03,3.372325E+03,1.417580E-01,2.973764E-01,0.000000E+00,0.000000E+00,0.000000E+00,0.000000E+00,0.000000E+00,0.000000E+00,0.000000E+00,0.000000E+00,2.110552E+01,4.113715E+01,2.388869E+01,4.815107E+01,2.578279E+03,2.494426E+03,8.750492E-02,2.199617E-01,0.000000E+00,0.000000E+00,0.000000E+00,0.000000E+00,0.000000E+00,0.000000E+00,0.000000E+00,0.000000E+00,2.110517E+01,4.063729E+01,2.388869E+01,4.757241E+01,4.243377E+03,3.385188E+03,1.440180E-01,2.985111E-01,0.000000E+00,0.000000E+00,0.000000E+00,0.000000E+00,0.000000E+00,0.000000E+00,0.000000E+00,0.000000E+00,2.110536E+01,4.094893E+01,2.388867E+01,4.819887E+01,2.604013E+03,2.040210E+03,8.837830E-02,1.799092E-01,0.000000E+00,0.000000E+00,0.000000E+00,0.000000E+00,0.000000E+00,0.000000E+00,0.000000E+00,0.000000E+00,2.110517E+01,4.070304E+01,2.388865E+01,4.824545E+01
12:40:00,1.021549E+03,3.460589E+03,3.467642E-02,3.051467E-01,0.000000E+00,0.000000E+00,0.000000E+00,0.000000E+00,0.000000E+00,0.000000E+00,0.000000E+00,0.000000E+00,2.111000E+01,4.949701E+01,2.388916E+01,4.737520E+01,4.176773E+03,3.399475E+03,1.417584E-01,2.997706E-01,0.000000E+00,0.000000E+00,0.000000E+00,0.000000E+00,0.000000E+00,0.000000E+00,0.000000E+00,0.000000E+00,2.110552E+01,4.113716E+01,2.388869E+01,4.813244E+01,2.578285E+03,2.487250E+03,8.750511E-02,2.193291E-01,0.000000E+00,0.000000E+00,0.000000E+00,0.000000E+00,0.000000E+00,0.000000E+00,0.000000E+00,0.000000E+00,2.110517E+01,4.063730E+01,2.388869E+01,4.759211E+01,4.243387E+03,3.407999E+03,1.440184E-01,3.005227E-01,0.000000E+00,0.000000E+00,0.000000E+00,0.000000E+00,0.000000E+00,0.000000E+00,0.000000E+00,0.000000E+00,2.110536E+01,4.094895E+01,2.388867E+01,4.818515E+01,2.604019E+03,2.055148E+03,8.837848E-02,1.812265E-01,0.000000E+00,0.000000E+00,0.000000E+00,0.000000E+00,0.000000E+00,0.000000E+00,0.000000E+00,0.000000E+00,2.110517E+01,4.070305E+01,2.388865E+01,4.822993E+01
12:50:00,1.021580E+03,3.467865E+03,3.467746E-02,3.057884E-01,0.000000E+00,0.000000E+00,0.000000E+00,0.000000E+00,0.000000E+00,0.000000E+00,0.000000E+00,0.000000E+00,2.111000E+01,4.949701E+01,2.388916E+01,4.736880E+01,4.176783E+03,3.425958E+03,1.417587E-01,3.021059E-01,0.000000E+00,0.000000E+00,0.000000E+00,0.000000E+00,0.000000E+00,0.000000E+00,0.000000E+00,0.000000E+00,2.110552E+01,4.113718E+01,2.388868E+01,4.811444E+01,2.578290E+03,2.480749E+03,8.750529E-02,2.187559E-01,0.000000E+00,0.000000E+00,0.000000E+00,0.000000E+00,0.000000E+00,0.000000E+00,0.000000E+00,0.000000E+00,2.110517E+01,4.063732E+01,2.388868E+01,4.761040E+01,4.243397E+03,3.430271E+03,1.440187E-01,3.024868E-01,0.000000E+00,0.000000E+00,0.000000E+00,0.000000E+00,0.000000E+00,0.000000E+00,0.000000E+00,0.000000E+00,2.110536E+01,4.094896E+01,2.388867E+01,4.817182E+01,2.604024E+03,2.069647E+03,8.837867E-02,1.825051E-01,0.000000E+00,0.000000E+00,0.000000E+00,0.000000E+00,0.000000E+00,0.000000E+00,0.000000E+00,0.000000E+00,2.110517E+01,4.070306E+01,2.388864E+01,4.821504E+01
13:00:00,1.021610E+03,3.475311E+03,3.467850E-02,3.064449E-01,0.000000E+00,0.000000E+00,0.000000E+00,0.000000E+00,0.000000E+00,0.000000E+00,0.000000E+00,0.000000E+00,2.111000E+01,4.949701E+01,2.388916E+01,4.736332E+01,4.176793E+03,3.452046E+03,1.417590E-01,3.044065E-01,0.000000E+00,0.000000E+00,0.000000E+00,0.000000E+00,0.000000E+00,0.000000E+00,0.000000E+00,0.000000E+00,2.110552E+01,4.113720E+01,2.388868E+01,4.809938E+01,2.578295E+03,2.474799E+03,8.750547E-02,2.182314E-01,0.000000E+00,0.000000E+00,0.000000E+00,0.000000E+00,0.000000E+00,0.000000E+00,0.000000E+00,0.000000E+00,2.110517E+01,4.063733E+01,2.388868E+01,4.762533E+01,4.243407E+03,3.452329E+03,1.440191E-01,3.044319E-01,0.000000E+00,0.000000E+00,0.000000E+00,0.000000E+00,0.000000E+00,0.000000E+00,0.000000E+00,0.000000E+00,2.110536E+01,4.094898E+01,2.388866E+01,4.816060E+01,2.604029E+03,2.083900E+03,8.837884E-02,1.837620E-01,0.000000E+00,0.000000E+00,0.000000E+00,0.000000E+00,0.000000E+00,0.000000E+00,0.000000E+00,0.000000E+00,2.110517E+01,4.070308E+01,2.388864E+01,4.820262E+01
13:10:00,1.021641E+03,3.482509E+03,3.467953E-02,3.070816E-01,0.000000E+00,0.000000E+00,0.000000E+00,0.000000E+00,0.000000E+00,0.000000E+00,0.000000E+00,0.000000E+00,2.111000E+01,4.949701E+01,2.388873E+01,4.735964E+01,4.176803E+03,3.477117E+03,1.417594E-01,3.066203E-01,0.000000E+00,0.000000E+00,0.000000E+00,0.000000E+00,0.000000E+00,0.000000E+00,0.000000E+00,0.000000E+00,2.110552E+01,4.113721E+01,2.388805E+01,4.808808E+01,2.578301E+03,2.469072E+03,8.750565E-02,2.177283E-01,0.000000E+00,0.000000E+00,0.000000E+00,0.000000E+00,0.000000E+00,0.000000E+00,0.000000E+00,0.000000E+00,2.110517E+01,4.063735E+01,2.388809E+01,4.763912E+01,4.243417E+03,3.473592E+03,1.440194E-01,3.063100E-01,0.000000E+00,0.000000E+00,0.000000E+00,0.000000E+00,0.000000E+00,0.000000E+00,0.000000E+00,0.000000E+00,2.110536E+01,4.094899E+01,2.388802E+01,4.815244E+01,2.604035E+03,2.097567E+03,8.837902E-02,1.849690E-01,0.000000E+00,0.000000E+00,0.000000E+00,0.000000E+00,0.000000E+00,0.000000E+00,0.000000E+00,0.000000E+00,2.110517E+01,4.070309E+01,2.388801E+01,4.819355E+01
13:20:00,1.021671E+03,3.489679E+03,3.468056E-02,3.077161E-01,0.000000E+00,0.000000E+00,0.000000E+00,0.000000E+00,0.000000E+00,0.000000E+00,0.000000E+00,0.000000E+00,2.111000E+01,4.949701E+01,2.388869E+01,4.735346E+01,4.176813E+03,3.501374E+03,1.417597E-01,3.087627E-01,0.000000E+00,0.000000E+00,0.000000E+00,0.000000E+00,0.000000E+00,0.000000E+00,0.000000E+00,0.000000E+00,2.110552E+01,4.113723E+01,2.388797E+01,4.807156E+01,2.578306E+03,2.463793E+03,8.750582E-02,2.172651E-01,0.000000E+00,0.000000E+00,0.000000E+00,0.000000E+00,0.000000E+00,0.000000E+00,0.000000E+00,0.000000E+00,2.110517E+01,4.063736E+01,2.388801E+01,4.765425E+01,4.243427E+03,3.494326E+03,1.440198E-01,3.081417E-01,0.000000E+00,0.000000E+00,0.000000E+00,0.000000E+00,0.000000E+00,0.000000E+00,0.000000E+00,0.000000E+00,2.110536E+01,4.094901E+01,2.388794E+01,4.813971E+01,2.604040E+03,2.110813E+03,8.837920E-02,1.861392E-01,0.000000E+00,0.000000E+00,0.000000E+00,0.000000E+00,0.000000E+00,0.000000E+00,0.000000E+00,0.000000E+00,2.110517E+01,4.070310E+01,2.388793E+01,4.817978E+01
13:30:00,1.021701E+03,3.496715E+03,3.468157E-02,3.083387E-01,0.000000E+00,0.000000E+00,0.000000E+00,0.000000E+00,0.000000E+00,0.000000E+00,0.000000E+00,0.000000E+00,2.111000E+01,4.949701E+01,2.388868E+01,4.734729E+01,4.176823E+03,3.524651E+03,1.417601E-01,3.108188E-01,0.000000E+00,0.000000E+00,0.000000E+00,0.000000E+00,0.000000E+00,0.000000E+00,0.000000E+00,0.000000E+00,2.110552E+01,4.113724E+01,2.388796E+01,4.805534E+01,2.578311E+03,2.458998E+03,8.750600E-02,2.168445E-01,0.000000E+00,0.000000E+00,0.000000E+00,0.000000E+00,0.000000E+00,0.000000E+00,0.000000E+00,0.000000E+00,2.110517E+01,4.063737E+01,2.388799E+01,4.766776E+01,4.243437E+03,3.514420E+03,1.440201E-01,3.099171E-01,0.000000E+00,0.000000E+00,0.000000E+00,0.000000E+00,0.000000E+00,0.000000E+00,0.000000E+00,0.000000E+00,2.110536E+01,4.094903E+01,2.388793E+01,4.812687E+01,2.604045E+03,2.123583E+03,8.837937E-02,1.872673E-01,0.000000E+00,0.000000E+00,0.000000E+00,0.000000E+00,0.000000E+00,0.000000E+00,0.000000E+00,0.000000E+00,2.110517E+01,4.070312E+01,2.388791E+01,4.816603E+01
13:40:00,1.021730E+03,3.503613E+03,3.468258E-02,3.089493E-01,0.000000E+00,0.000000E+00,0.000000E+00,0.000000E+00,0.000000E+00,0.000000E+00,0.000000E+00,0.000000E+00,2.111000E+01,4.949701E+01,2.388868E+01,4.734127E+01,4.176832E+03,3.546859E+03,1.417604E-01,3.127806E-01,0.000000E+00,0.000000E+00,0.000000E+00,0.000000E+00,0.000000E+00,0.000000E+00,0.000000E+00,0.000000E+00,2.110552E+01,4.113726E+01,2.388796E+01,4.803980E+01,2.578316E+03,2.454735E+03,8.750617E-02,2.164709E-01,0.000000E+00,0.000000E+00,0.000000E+00,0.000000E+00,0.000000E+00,0.000000E+00,0.000000E+00,0.000000E+00,2.110517E+01,4.063739E+01,2.388798E+01,4.767996E+01,4.243446E+03,3.533844E+03,1.440204E-01,3.116335E-01,0.000000E+00,0.000000E+00,0.000000E+00,0.000000E+00,0.000000E+00,0.000000E+00,0.000000E+00,0.000000E+00,2.110536E+01,4.094904E+01,2.388793E+01,4.811424E+01,2.604050E+03,2.135868E+03,8.837955E-02,1.883527E-01,0.000000E+00,0.000000E+00,0.000000E+00,0.000000E+00,0.000000E+00,0.000000E+00,0.000000E+00,0.000000E+00,2.110517E+01,4.070313E+01,2.388791E+01,4.815261E+01
13:50:00,1.021760E+03,3.510361E+03,3.468358E-02,3.095465E-01,0.000000E+00,0.000000E+00,0.000000E+00,0.000000E+00,0.000000E+00,0.000000E+00,0.000000E+00,0.000000E+00,2.111000E+01,4.949701E+01,2.388868E+01,4.733543E+01,4.176842E+03,3.567884E+03,1.417607E-01,3.146380E-01,0.000000E+00,0.000000E+00,0.000000E+00,0.000000E+00,0.000000E+00,0.000000E+00,0.000000E+00,0.000000E+00,2.110552E+01,4.113727E+01,2.388796E+01,4.802511E+01,2.578321E+03,2.451000E+03,8.750635E-02,2.161437E-01,0.000000E+00,0.000000E+00,0.000000E+00,0.000000E+00,0.000000E+00,0.000000E+00,0.000000E+00,0.000000E+00,2.110517E+01,4.063740E+01,2.388798E+01,4.769105E+01,4.243456E+03,3.552535E+03,1.440207E-01,3.132852E-01,0.000000E+00,0.000000E+00,0.000000E+00,0.000000E+00,0.000000E+00,0.000000E+00,0.000000E+00,0.000000E+00,2.110536E+01,4.094906E+01,2.388793E+01,4.810198E+01,2.604055E+03,2.148057E+03,8.837972E-02,1.894297E-01,0.000000E+00,0.000000E+00,0.000000E+00,0.000000E+00,0.000000E+00,0.000000E+00,0.000000E+00,0.000000E+00,2.110517E+01,4.070314E+01,2.388791E+01,4.813968E+01
14:00:00,1.021789E+03,3.516727E+03,3.468458E-02,3.101101E-01,0.000000E+00,0.000000E+00,0.000000E+00,0.000000E+00,0.000000E+00,0.000000E+00,0.000000E+00,0.000000E+00,2.111000E+01,4.949701E+01,2.388868E+01,4.732976E+01,4.176852E+03,3.587336E+03,1.417610E-01,3.163568E-01,0.000000E+00,0.000000E+00,0.000000E+00,0.000000E+00,0.000000E+00,0.000000E+00,0.000000E+00,0.000000E+00,2.110552E+01,4.113729E+01,2.388796E+01,4.801141E+01,2.578326E+03,2.447588E+03,8.750652E-02,2.158452E-01,0.000000E+00,0.000000E+00,0.000000E+00,0.000000E+00,0.000000E+00,0.000000E+00,0.000000E+00,0.000000E+00,2.110517E+01,4.063741E+01,2.388797E+01,4.770115E+01,4.243466E+03,3.570149E+03,1.440211E-01,3.148419E-01,0.000000E+00,0.000000E+00,0.000000E+00,0.000000E+00,0.000000E+00,0.000000E+00,0.000000E+00,0.000000E+00,2.110536E+01,4.094907E+01,2.388793E+01,4.809019E+01,2.604060E+03,2.165373E+03,8.837989E-02,1.909588E-01,0.000000E+00,0.000000E+00,0.000000E+00,0.000000E+00,0.000000E+00,0.000000E+00,0.000000E+00,0.000000E+00,2.110517E+01,4.070316E+01,2.388791E+01,4.812644E+01
14:10:00,1.021818E+03,3.523118E+03,3.468556E-02,3.106738E-01,0.000000E+00,0.000000E+00,0.000000E+00,0.000000E+00,0.000000E+00,0.000000E+00,0.000000E+00,0.000000E+00,2.111000E+01,4.949701E+01,2.388868E+01,4.732425E+01,4.176861E+03,3.605271E+03,1.417614E-01,3.179389E-01,0.000000E+00,0.000000E+00,0.000000E+00,0.000000E+00,0.000000E+00,0.000000E+00,0.000000E+00,0.000000E+00,2.110552E+01,4.113730E+01,2.388796E+01,4.799879E+01,2.578331E+03,2.444522E+03,8.750669E-02,2.155752E-01,0.000000E+00,0.000000E+00,0.000000E+00,0.000000E+00,0.000000E+00,0.000000E+00,0.000000E+00,0.000000E+00,2.110517E+01,4.063743E+01,2.388797E+01,4.771039E+01,4.243475E+03,3.586789E+03,1.440214E-01,3.163099E-01,0.000000E+00,0.000000E+00,0.000000E+00,0.000000E+00,0.000000E+00,0.000000E+00,0.000000E+00,0.000000E+00,2.110536E+01,4.094908E+01,2.388792E+01,4.807893E+01,2.604065E+03,2.189203E+03,8.838006E-02,1.930607E-01,0.000000E+00,0.000000E+00,0.000000E+00,0.000000E+00,0.000000E+00,0.000000E+00,0.000000E+00,0.000000E+00,2.110517E+01,4.070317E+01,2.388788E+01,4.810111E+01
14:20:00,1.021847E+03,3.529309E+03,3.468654E-02,3.112198E-01,0.000000E+00,0.000000E+00,0.000000E+00,0.000000E+00,0.000000E+00,0.000000E+00,0.000000E+00,0.000000E+00,2.111000E+01,4.949701E+01,2.388868E+01,4.731890E+01,4.176870E+03,3.621345E+03,1.417617E-01,3.193565E-01,0.000000E+00,0.000000E+00,0.000000E+00,0.000000E+00,0.000000E+00,0.000000E+00,0.000000E+00,0.000000E+00,2.110552E+01,4.113732E+01,2.388796E+01,4.798694E+01,2.578336E+03,2.441572E+03,8.750686E-02,2.153151E-01,0.000000E+00,0.000000E+00,0.000000E+00,0.000000E+00,0.000000E+00,0.000000E+00,0.000000E+00,0.000000E+00,2.110517E+01,4.063744E+01,2.388797E+01,4.771828E+01,4.243485E+03,3.602124E+03,1.440217E-01,3.176624E-01,0.000000E+00,0.000000E+00,0.000000E+00,0.000000E+00,0.000000E+00,0.000000E+00,0.000000E+00,0.000000E+00,2.110536E+01,4.094910E+01,2.388792E+01,4.806784E+01,2.604070E+03,2.220474E+03,8.838023E-02,1.958187E-01,0.000000E+00,0.000000E+00,0.000000E+00,0.000000E+00,0.000000E+00,0.000000E+00,0.000000E+00,0.000000E+00,2.110517E+01,4.070318E+01,2.388785E+01,4.805781E+01
14:30:00,1.021876E+03,3.535407E+03,3.468752E-02,3.117575E-01,0.000000E+00,0.000000E+00,0.000000E+00,0.000000E+00,0.000000E+00,0.000000E+00,0.000000E+00,0.000000E+00,2.111000E+01,4.949701E+01,2.388868E+01,4.731366E+01,4.176880E+03,3.635825E+03,1.417620E-01,3.206335E-01,0.000000E+00,0.000000E+00,0.000000E+00,0.000000E+00,0.000000E+00,0.000000E+00,0.000000E+00,0.000000E+00,2.110552E+01,4.113733E+01,2.388796E+01,4.797580E+01,2.578341E+03,2.438692E+03,8.750703E-02,2.150613E-01,0.000000E+00,0.000000E+00,0.000000E+00,0.000000E+00,0.000000E+00,0.000000E+00,0.000000E+00,0.000000E+00,2.110517E+01,4.063745E+01,2.388796E+01,4.772482E+01,4.243494E+03,3.616192E+03,1.440220E-01,3.189030E-01,0.000000E+00,0.000000E+00,0.000000E+00,0.000000E+00,0.000000E+00,0.000000E+00,0.000000E+00,0.000000E+00,2.110536E+01,4.094911E+01,2.388793E+01,4.805688E+01,2.604075E+03,2.259824E+03,8.838040E-02,1.992892E-01,0.000000E+00,0.000000E+00,0.000000E+00,0.000000E+00,0.000000E+00,0.000000E+00,0.000000E+00,0.000000E+00,2.110517E+01,4.070320E+01,2.388782E+01,4.799784E+01
14:40:00,1.021904E+03,3.541412E+03,3.468849E-02,3.122870E-01,0.000000E+00,0.000000E+00,0.000000E+00,0.000000E+00,0.000000E+00,0.000000E+00,0.000000E+00,0.000000E+00,2.111000E+01,4.949701E+01,2.388869E+01,4.730853E+01,4.176889E+03,3.648782E+03,1.417623E-01,3.217761E-01,0.000000E+00,0.000000E+00,0.000000E+00,0.000000E+00,0.000000E+00,0.000000E+00,0.000000E+00,0.000000E+00,2.110552E+01,4.113734E+01,2.388796E+01,4.796520E+01,2.578346E+03,2.435777E+03,8.750719E-02,2.148043E-01,0.000000E+00,0.000000E+00,0.000000E+00,0.000000E+00,0.000000E+00,0.000000E+00,0.000000E+00,0.000000E+00,2.110517E+01,4.063746E+01,2.388796E+01,4.773033E+01,4.243503E+03,3.628923E+03,1.440223E-01,3.200257E-01,0.000000E+00,0.000000E+00,0.000000E+00,0.000000E+00,0.000000E+00,0.000000E+00,0.000000E+00,0.000000E+00,2.110536E+01,4.094913E+01,2.388793E+01,4.804620E+01,2.604080E+03,2.307698E+03,8.838056E-02,2.035113E-01,0.000000E+00,0.000000E+00,0.000000E+00,0.000000E+00,0.000000E+00,0.000000E+00,0.000000E+00,0.000000E+00,2.110517E+01,4.070321E+01,2.388781E+01,4.792615E+01
14:50:00,1.021933E+03,3.547331E+03,3.468945E-02,3.128090E-01,0.000000E+00,0.000000E+00,0.000000E+00,0.000000E+00,0.000000E+00,0.000000E+00,0.000000E+00,0.000000E+00,2.111000E+01,4.949701E+01,2.388869E+01,4.730349E+01,4.176898E+03,3.660195E+03,1.417626E-01,3.227825E-01,0.000000E+00,0.000000E+00,0.000000E+00,0.000000E+00,0.000000E+00,0.000000E+00,0.000000E+00,0.000000E+00,2.110552E+01,4.113736E+01,2.388796E+01,4.795504E+01,2.578351E+03,2.432727E+03,8.750736E-02,2.145354E-01,0.000000E+00,0.000000E+00,0.000000E+00,0.000000E+00,0.000000E+00,0.000000E+00,0.000000E+00,0.000000E+00,2.110517E+01,4.063748E+01,2.388796E+01,4.773518E+01,4.243512E+03,3.640261E+03,1.440227E-01,3.210256E-01,0.000000E+00,0.000000E+00,0.000000E+00,0.000000E+00,0.000000E+00,0.000000E+00,0.000000E+00,0.000000E+00,2.110536E+01,4.094914E+01,2.388793E+01,4.803600E+01,2.604085E+03,2.364035E+03,8.838073E-02,2.084800E-01,0.000000E+00,0.000000E+00,0.000000E+00,0.000000E+00,0.000000E+00,0.000000E+00,0.000000E+00,0.000000E+00,2.110517E+01,4.070322E+01,2.388780E+01,4.784781E+01
15:00:00,1.021961E+03,3.553165E+03,3.469040E-02,3.133234E-01,0.000000E+00,0.000000E+00,0.000000E+00,0.000000E+00,0.000000E+00,0.000000E+00,0.000000E+00,0.000000E+00,2.111000E+01,4.949701E+01,2.388869E+01,4.729854E+01,4.176907E+03,3.670047E+03,1.417629E-01,3.236513E-01,0.000000E+00,0.000000E+00,0.000000E+00,0.000000E+00,0.000000E+00,0.000000E+00,0.000000E+00,0.000000E+00,2.110552E+01,4.113737E+01,2.388797E+01,4.794547E+01,2.578356E+03,2.429430E+03,8.750752E-02,2.142447E-01,0.000000E+00,0.000000E+00,0.000000E+00,0.000000E+00,0.000000E+00,0.000000E+00,0.000000E+00,0.000000E+00,2.110517E+01,4.063749E+01,2.388796E+01,4.773965E+01,4.243522E+03,3.650150E+03,1.440230E-01,3.218976E-01,0.000000E+00,0.000000E+00,0.000000E+00,0.000000E+00,0.000000E+00,0.000000E+00,0.000000E+00,0.000000E+00,2.110536E+01,4.094916E+01,2.388793E+01,4.802642E+01,2.604090E+03,2.423710E+03,8.838089E-02,2.137429E-01,0.000000E+00,0.000000E+00,0.000000E+00,0.000000E+00,0.000000E+00,0.000000E+00,0.000000E+00,0.000000E+00,2.110517E+01,4.070323E+01,2.388780E+01,4.776659E+01
15:10:00,1.021989E+03,3.558893E+03,3.469135E-02,3.138285E-01,0.000000E+00,0.000000E+00,0.000000E+00,0.000000E+00,0.000000E+00,0.000000E+00,0.000000E+00,0.000000E+00,2.111000E+01,4.949701E+01,2.388869E+01,4.729370E+01,4.176916E+03,3.678195E+03,1.417632E-01,3.243698E-01,0.000000E+00,0.000000E+00,0.000000E+00,0.000000E+00,0.000000E+00,0.000000E+00,0.000000E+00,0.000000E+00,2.110552E+01,4.113739E+01,2.388797E+01,4.793671E+01,2.578361E+03,2.425713E+03,8.750768E-02,2.139169E-01,0.000000E+00,0.000000E+00,0.000000E+00,0.000000E+00,0.000000E+00,0.000000E+00,0.000000E+00,0.000000E+00,2.110517E+01,4.063750E+01,2.388796E+01,4.774395E+01,4.243531E+03,3.658342E+03,1.440233E-01,3.226201E-01,0.000000E+00,0.000000E+00,0.000000E+00,0.000000E+00,0.000000E+00,0.000000E+00,0.000000E+00,0.000000E+00,2.110536E+01,4.094917E+01,2.388793E+01,4.801758E+01,2.604094E+03,2.485486E+03,8.838105E-02,2.191911E-01,0.000000E+00,0.000000E+00,0.000000E+00,0.000000E+00,0.000000E+00,0.000000E+00,0.000000E+00,0.000000E+00,2.110517E+01,4.070324E+01,2.388780E+01,4.768484E+01
15:20:00,1.022016E+03,3.564481E+03,3.469229E-02,3.143213E-01,0.000000E+00,0.000000E+00,0.000000E+00,0.000000E+00,0.000000E+00,0.000000E+00,0.000000E+00,0.000000E+00,2.111000E+01,4.949701E+01,2.388869E+01,4.728898E+01,4.176925E+03,3.684651E+03,1.417635E-01,3.249391E-01,0.000000E+00,0.000000E+00,0.000000E+00,0.000000E+00,0.000000E+00,0.000000E+00,0.000000E+00,0.000000E+00,2.110552E+01,4.113740E+01,2.388797E+01,4.792844E+01,2.578365E+03,2.421496E+03,8.750785E-02,2.135450E-01,0.000000E+00,0.000000E+00,0.000000E+00,0.000000E+00,0.000000E+00,0.000000E+00,0.000000E+00,0.000000E+00,2.110517E+01,4.063751E+01,2.388796E+01,4.774754E+01,4.243540E+03,3.664802E+03,1.440236E-01,3.231897E-01,0.000000E+00,0.000000E+00,0.000000E+00,0.000000E+00,0.000000E+00,0.000000E+00,0.000000E+00,0.000000E+00,2.110536E+01,4.094918E+01,2.388794E+01,4.800909E+01,2.604099E+03,2.548372E+03,8.838121E-02,2.247370E-01,0.000000E+00,0.000000E+00,0.000000E+00,0.000000E+00,0.000000E+00,0.000000E+00,0.000000E+00,0.000000E+00,2.110517E+01,4.070326E+01,2.388781E+01,4.760340E+01
15:30:00,1.022044E+03,3.569893E+03,3.469322E-02,3.147985E-01,0.000000E+00,0.000000E+00,0.000000E+00,0.000000E+00,0.000000E+00,0.000000E+00,0.000000E+00,0.000000E+00,2.111000E+01,4.949701E+01,2.388869E+01,4.728439E+01,4.176934E+03,3.689167E+03,1.417638E-01,3.253373E-01,0.000000E+00,0.000000E+00,0.000000E+00,0.000000E+00,0.000000E+00,0.000000E+00,0.000000E+00,0.000000E+00,2.110552E+01,4.113741E+01,2.388798E+01,4.792063E+01,2.578370E+03,2.416692E+03,8.750800E-02,2.131214E-01,0.000000E+00,0.000000E+00,0.000000E+00,0.000000E+00,0.000000E+00,0.000000E+00,0.000000E+00,0.000000E+00,2.110517E+01,4.063753E+01,2.388796E+01,4.775035E+01,4.243548E+03,3.669461E+03,1.440239E-01,3.236004E-01,0.000000E+00,0.000000E+00,0.000000E+00,0.000000E+00,0.000000E+00,0.000000E+00,0.000000E+00,0.000000E+00,2.110536E+01,4.094920E+01,2.388794E+01,4.800087E+01,2.604104E+03,2.611781E+03,8.838137E-02,2.303290E-01,0.000000E+00,0.000000E+00,0.000000E+00,0.000000E+00,0.000000E+00,0.000000E+00,0.000000E+00,0.000000E+00,2.110517E+01,4.070327E+01,2.388782E+01,4.752311E+01
15:40:00,1.022071E+03,3.575091E+03,3.469415E-02,3.152568E-01,0.000000E+00,0.000000E+00,0.000000E+00,0.000000E+00,0.000000E+00,0.000000E+00,0.000000E+00,0.000000E+00,2.111000E+01,4.949701E+01,2.388869E+01,4.727997E+01,4.176943E+03,3.691615E+03,1.417641E-01,3.255530E-01,0.000000E+00,0.000000E+00,0.000000E+00,0.000000E+00,0.000000E+00,0.000000E+00,0.000000E+00,0.000000E+00,2.110552E+01,4.113743E+01,2.388798E+01,4.791343E+01,2.578375E+03,2.411219E+03,8.750816E-02,2.126387E-01,0.000000E+00,0.000000E+00,0.000000E+00,0.000000E+00,0.000000E+00,0.000000E+00,0.000000E+00,0.000000E+00,2.110517E+01,4.063754E+01,2.388797E+01,4.775271E+01,4.243557E+03,3.672260E+03,1.440242E-01,3.238472E-01,0.000000E+00,0.000000E+00,0.000000E+00,0.000000E+00,0.000000E+00,0.000000E+00,0.000000E+00,0.000000E+00,2.110536E+01,4.094921E+01,2.388795E+01,4.799312E+01,2.604109E+03,2.675194E+03,8.838153E-02,2.359211E-01,0.000000E+00,0.000000E+00,0.000000E+00,0.000000E+00,0.000000E+00,0.000000E+00,0.000000E+00,0.000000E+00,2.110517E+01,4.070328E+01,2.388783E+01,4.744496E+01
15:50:00,1.022098E+03,3.580038E+03,3.469507E-02,3.156930E-01,0.000000E+00,0.000000E+00,0.000000E+00,0.000000E+00,0.000000E+00,0.000000E+00,0.000000E+00,0.000000E+00,2.111000E+01,4.949701E+01,2.388869E+01,4.727575E+01,4.176952E+03,3.691992E+03,1.417644E-01,3.255861E-01,0.000000E+00,0.000000E+00,0.000000E+00,0.000000E+00,0.000000E+00,0.000000E+00,0.000000E+00,0.000000E+00,2.110552E+01,4.113744E+01,2.388799E+01,4.790707E+01,2.578379E+03,2.404999E+03,8.750832E-02,2.120902E-01,0.000000E+00,0.000000E+00,0.000000E+00,0.000000E+00,0.000000E+00,0.000000E+00,0.000000E+00,0.000000E+00,2.110517E+01,4.063755E+01,2.388797E+01,4.775502E+01,4.243566E+03,3.673148E+03,1.440245E-01,3.239254E-01,0.000000E+00,0.000000E+00,0.000000E+00,0.000000E+00,0.000000E+00,0.000000E+00,0.000000E+00,0.000000E+00,2.110536E+01,4.094923E+01,2.388795E+01,4.798605E+01,2.604113E+03,2.738115E+03,8.838168E-02,2.414699E-01,0.000000E+00,0.000000E+00,0.000000E+00,0.000000E+00,0.000000E+00,0.000000E+00,0.000000E+00,0.000000E+00,2.110517E+01,4.070329E+01,2.388784E+01,4.736978E+01
16:00:00,1.022125E+03,3.584694E+03,3.469598E-02,3.161036E-01,0.000000E+00,0.000000E+00,0.000000E+00,0.000000E+00,0.000000E+00,0.000000E+00,0.000000E+00,0.000000E+00,2.111000E+01,4.949701E+01,2.388869E+01,4.727174E+01,4.176961E+03,3.690310E+03,1.417647E-01,3.254377E-01,0.000000E+00,0.000000E+00,0.000000E+00,0.000000E+00,0.000000E+00,0.000000E+00,0.000000E+00,0.000000E+00,2.110552E+01,4.113746E+01,2.388799E+01,4.790166E+01,2.578384E+03,2.397972E+03,8.750848E-02,2.114704E-01,0.000000E+00,0.000000E+00,0.000000E+00,0.000000E+00,0.000000E+00,0.000000E+00,0.000000E+00,0.000000E+00,2.110517E+01,4.063756E+01,2.388797E+01,4.775757E+01,4.243575E+03,3.672073E+03,1.440248E-01,3.238305E-01,0.000000E+00,0.000000E+00,0.000000E+00,0.000000E+00,0.000000E+00,0.000000E+00,0.000000E+00,0.000000E+00,2.110536E+01,4.094924E+01,2.388796E+01,4.797983E+01,2.604118E+03,2.798788E+03,8.838184E-02,2.468204E-01,0.000000E+00,0.000000E+00,0.000000E+00,0.000000E+00,0.000000E+00,0.000000E+00,0.000000E+00,0.000000E+00,2.110517E+01,4.070330E+01,2.388786E+01,4.729817E+01
16:10:00,1.022152E+03,3.589022E+03,3.469689E-02,3.164852E-01,0.000000E+00,0.000000E+00,0.000000E+00,0.000000E+00,0.000000E+00,0.000000E+00,0.000000E+00,0.000000E+00,2.111000E+01,4.949701E+01,2.388869E+01,4.726798E+01,4.176969E+03,3.687139E+03,1.417650E-01,3.251579E-01,0.000000E+00,0.000000E+00,0.000000E+00,0.000000E+00,0.000000E+00,0.000000E+00,0.000000E+00,0.000000E+00,2.110552E+01,4.113747E+01,2.388800E+01,4.789727E+01,2.578389E+03,2.390406E+03,8.750863E-02,2.108031E-01,0.000000E+00,0.000000E+00,0.000000E+00,0.000000E+00,0.000000E+00,0.000000E+00,0.000000E+00,0.000000E+00,2.110517E+01,4.063757E+01,2.388798E+01,4.776055E+01,4.243583E+03,3.669593E+03,1.440251E-01,3.236116E-01,0.000000E+00,0.000000E+00,0.000000E+00,0.000000E+00,0.000000E+00,0.000000E+00,0.000000E+00,0.000000E+00,2.110536E+01,4.094925E+01,2.388796E+01,4.797456E+01,2.604122E+03,2.855990E+03,8.838199E-02,2.518646E-01,0.000000E+00,0.000000E+00,0.000000E+00,0.000000E+00,0.000000E+00,0.000000E+00,0.000000E+00,0.000000E+00,2.110517E+01,4.070332E+01,2.388788E+01,4.723242E+01
16:20:00,1.022178E+03,3.592981E+03,3.469779E-02,3.168343E-01,0.000000E+00,0.000000E+00,0.000000E+00,0.000000E+00,0.000000E+00,0.000000E+00,0.000000E+00,0.000000E+00,2.111000E+01,4.949701E+01,2.388869E+01,4.726448E+01,4.176978E+03,3.682468E+03,1.417653E-01,3.247458E-01,0.000000E+00,0.000000E+00,0.000000E+00,0.000000E+00,0.000000E+00,0.000000E+00,0.000000E+00,0.000000E+00,2.110552E+01,4.113748E+01,2.388801E+01,4.789376E+01,2.578393E+03,2.382238E+03,8.750878E-02,2.100828E-01,0.000000E+00,0.000000E+00,0.000000E+00,0.000000E+00,0.000000E+00,0.000000E+00,0.000000E+00,0.000000E+00,2.110517E+01,4.063759E+01,2.388798E+01,4.776383E+01,4.243592E+03,3.665638E+03,1.440254E-01,3.232626E-01,0.000000E+00,0.000000E+00,0.000000E+00,0.000000E+00,0.000000E+00,0.000000E+00,0.000000E+00,0.000000E+00,2.110536E+01,4.094927E+01,2.388797E+01,4.797014E+01,2.604127E+03,2.908913E+03,8.838215E-02,2.565315E-01,0.000000E+00,0.000000E+00,0.000000E+00,0.000000E+00,0.000000E+00,0.000000E+00,0.000000E+00,0.000000E+00,2.110517E+01,4.070333E+01,2.388790E+01,4.717436E+01
16:30:00,1.022205E+03,3.596535E+03,3.469869E-02,3.171476E-01,0.000000E+00,0.000000E+00,0.000000E+00,0.000000E+00,0.000000E+00,0.000000E+00,0.000000E+00,0.000000E+00,2.111000E+01,4.949701E+01,2.388869E+01,4.726129E+01,4.176986E+03,3.676298E+03,1.417656E-01,3.242015E-01,0.000000E+00,0.000000E+00,0.000000E+00,0.000000E+00,0.000000E+00,0.000000E+00,0.000000E+00,0.000000E+00,2.110552E+01,4.113750E+01,2.388801E+01,4.789109E+01,2.578398E+03,2.373419E+03,8.750894E-02,2.093049E-01,0.000000E+00,0.000000E+00,0.000000E+00,0.000000E+00,0.000000E+00,0.000000E+00,0.000000E+00,0.000000E+00,2.110517E+01,4.063760E+01,2.388799E+01,4.776745E+01,4.243600E+03,3.660159E+03,1.440256E-01,3.227793E-01,0.000000E+00,0.000000E+00,0.000000E+00,0.000000E+00,0.000000E+00,0.000000E+00,0.000000E+00,0.000000E+00,2.110536E+01,4.094928E+01,2.388798E+01,4.796659E+01,2.604131E+03,2.957068E+03,8.838230E-02,2.607777E-01,0.000000E+00,0.000000E+00,0.000000E+00,0.000000E+00,0.000000E+00,0.000000E+00,0.000000E+00,0.000000E+00,2.110517E+01,4.070334E+01,2.388792E+01,4.712393E+01
16:40:00,1.022231E+03,3.599651E+03,3.469957E-02,3.174224E-01,0.000000E+00,0.000000E+00,0.000000E+00,0.000000E+00,0.000000E+00,0.000000E+00,0.000000E+00,0.000000E+00,2.111000E+01,4.949701E+01,2.388869E+01,4.725843E+01,4.176995E+03,3.668629E+03,1.417659E-01,3.235250E-01,0.000000E+00,0.000000E+00,0.000000E+00,0.000000E+00,0.000000E+00,0.000000E+00,0.000000E+00,0.000000E+00,2.110552E+01,4.113751E+01,2.388802E+01,4.788934E+01,2.578402E+03,2.363903E+03,8.750909E-02,2.084657E-01,0.000000E+00,0.000000E+00,0.000000E+00,0.000000E+00,0.000000E+00,0.000000E+00,0.000000E+00,0.000000E+00,2.110517E+01,4.063761E+01,2.388800E+01,4.777156E+01,4.243609E+03,3.653121E+03,1.440259E-01,3.221584E-01,0.000000E+00,0.000000E+00,0.000000E+00,0.000000E+00,0.000000E+00,0.000000E+00,0.000000E+00,0.000000E+00,2.110536E+01,4.094929E+01,2.388798E+01,4.796403E+01,2.604136E+03,2.999810E+03,8.838245E-02,2.645466E-01,0.000000E+00,0.000000E+00,0.000000E+00,0.000000E+00,0.000000E+00,0.000000E+00,0.000000E+00,0.000000E+00,2.110517E+01,4.070335E+01,2.388794E+01,4.707978E+01
16:50:00,1.022257E+03,3.602299E+03,3.470046E-02,3.176560E-01,0.000000E+00,0.000000E+00,0.000000E+00,0.000000E+00,0.000000E+00,0.000000E+00,0.000000E+00,0.000000E+00,2.111000E+01,4.949701E+01,2.388869E+01,4.725591E+01,4.177003E+03,3.659449E+03,1.417662E-01,3.227153E-01,0.000000E+00,0.000000E+00,0.000000E+00,0.000000E+00,0.000000E+00,0.000000E+00,0.000000E+00,0.000000E+00,2.110552E+01,4.113752E+01,2.388803E+01,4.788859E+01,2.578406E+03,2.353654E+03,8.750924E-02,2.075617E-01,0.000000E+00,0.000000E+00,0.000000E+00,0.000000E+00,0.000000E+00,0.000000E+00,0.000000E+00,0.000000E+00,2.110517E+01,4.063762E+01,2.388800E+01,4.777631E+01,4.243617E+03,3.644502E+03,1.440262E-01,3.213982E-01,0.000000E+00,0.000000E+00,0.000000E+00,0.000000E+00,0.000000E+00,0.000000E+00,0.000000E+00,0.000000E+00,2.110536E+01,4.094931E+01,2.388799E+01,4.796256E+01,2.604140E+03,3.036534E+03,8.838260E-02,2.677847E-01,0.000000E+00,0.000000E+00,0.000000E+00,0.000000E+00,0.000000E+00,0.000000E+00,0.000000E+00,0.000000E+00,2.110517E+01,4.070336E+01,2.388796E+01,4.704086E+01
17:00:00,1.022283E+03,3.604294E+03,3.470133E-02,3.178308E-01,0.000000E+00,0.000000E+00,0.000000E+00,0.000000E+00,0.000000E+00,0.000000E+00,0.000000E+00,0.000000E+00,2.111000E+01,4.949701E+01,2.388892E+01,4.725273E+01,4.177011E+03,3.647526E+03,1.417665E-01,3.216621E-01,0.000000E+00,0.000000E+00,0.000000E+00,0.000000E+00,0.000000E+00,0.000000E+00,0.000000E+00,0.000000E+00,2.110552E+01,4.113753E+01,2.388835E+01,4.788884E+01,2.578411E+03,2.341994E+03,8.750939E-02,2.065324E-01,0.000000E+00,0.000000E+00,0.000000E+00,0.000000E+00,0.000000E+00,0.000000E+00,0.000000E+00,0.000000E+00,2.110517E+01,4.063763E+01,2.388832E+01,4.778315E+01,4.243625E+03,3.633161E+03,1.440265E-01,3.203963E-01,0.000000E+00,0.000000E+00,0.000000E+00,0.000000E+00,0.000000E+00,0.000000E+00,0.000000E+00,0.000000E+00,2.110536E+01,4.094932E+01,2.388832E+01,4.796197E+01,2.604144E+03,3.066058E+03,8.838275E-02,2.703866E-01,0.000000E+00,0.000000E+00,0.000000E+00,0.000000E+00,0.000000E+00,0.000000E+00,0.000000E+00,0.000000E+00,2.110517E+01,4.070337E+01,2.388828E+01,4.699781E+01
17:10:00,1.022308E+03,3.605772E+03,3.470220E-02,3.179589E-01,0.000000E+00,0.000000E+00,0.000000E+00,0.000000E+00,0.000000E+00,0.000000E+00,0.000000E+00,0.000000E+00,2.111000E+01,4.949701E+01,2.388916E+01,4.725072E+01,4.177020E+03,3.633795E+03,1.417667E-01,3.204479E-01,0.000000E+00,0.000000E+00,0.000000E+00,0.000000E+00,0.000000E+00,0.000000E+00,0.000000E+00,0.000000E+00,2.110552E+01,4.113755E+01,2.388871E+01,4.789153E+01,2.578415E+03,2.329419E+03,8.750953E-02,2.054213E-01,0.000000E+00,0.000000E+00,0.000000E+00,0.000000E+00,0.000000E+00,0.000000E+00,0.000000E+00,0.000000E+00,2.110517E+01,4.063764E+01,2.388868E+01,4.779021E+01,4.243634E+03,3.619989E+03,1.440268E-01,3.192313E-01,0.000000E+00,0.000000E+00,0.000000E+00,0.000000E+00,0.000000E+00,0.000000E+00,0.000000E+00,0.000000E+00,2.110536E+01,4.094933E+01,2.388869E+01,4.796399E+01,2.604149E+03,3.090441E+03,8.838289E-02,2.725338E-01,0.000000E+00,0.000000E+00,0.000000E+00,0.000000E+00,0.000000E+00,0.000000E+00,0.000000E+00,0.000000E+00,2.110517E+01,4.070338E+01,2.388865E+01,4.697292E+01
17:20:00,1.022334E+03,3.606716E+03,3.470307E-02,3.180398E-01,0.000000E+00,0.000000E+00,0.000000E+00,0.000000E+00,0.000000E+00,0.000000E+00,0.000000E+00,0.000000E+00,2.111000E+01,4.949701E+01,2.388917E+01,4.724960E+01,4.177028E+03,3.618275E+03,1.417670E-01,3.190758E-01,0.000000E+00,0.000000E+00,0.000000E+00,0.000000E+00,0.000000E+00,0.000000E+00,0.000000E+00,0.000000E+00,2.110552E+01,4.113756E+01,2.388873E+01,4.789670E+01,2.578419E+03,2.315936E+03,8.750968E-02,2.042301E-01,0.000000E+00,0.000000E+00,0.000000E+00,0.000000E+00,0.000000E+00,0.000000E+00,0.000000E+00,0.000000E+00,2.110517E+01,4.063766E+01,2.388870E+01,4.779980E+01,4.243642E+03,3.605744E+03,1.440270E-01,3.179716E-01,0.000000E+00,0.000000E+00,0.000000E+00,0.000000E+00,0.000000E+00,0.000000E+00,0.000000E+00,0.000000E+00,2.110536E+01,4.094934E+01,2.388871E+01,4.796816E+01,2.604153E+03,3.109552E+03,8.838304E-02,2.742159E-01,0.000000E+00,0.000000E+00,0.000000E+00,0.000000E+00,0.000000E+00,0.000000E+00,0.000000E+00,0.000000E+00,2.110517E+01,4.070340E+01,2.388869E+01,4.695079E+01
17:30:00,1.022359E+03,3.607098E+03,3.470393E-02,3.180712E-01,0.000000E+00,0.000000E+00,0.000000E+00,0.000000E+00,0.000000E+00,0.000000E+00,0.000000E+00,0.000000E+00,2.111000E+01,4.949701E+01,2.388917E+01,4.724896E+01,4.177036E+03,3.600893E+03,1.417673E-01,3.175395E-01,0.000000E+00,0.000000E+00,0.000000E+00,0.000000E+00,0.000000E+00,0.000000E+00,0.000000E+00,0.000000E+00,2.110552E+01,4.113757E+01,2.388873E+01,4.790254E+01,2.578424E+03,2.301516E+03,8.750982E-02,2.029564E-01,0.000000E+00,0.000000E+00,0.000000E+00,0.000000E+00,0.000000E+00,0.000000E+00,0.000000E+00,0.000000E+00,2.110517E+01,4.063767E+01,2.388870E+01,4.780959E+01,4.243650E+03,3.591619E+03,1.440273E-01,3.167225E-01,0.000000E+00,0.000000E+00,0.000000E+00,0.000000E+00,0.000000E+00,0.000000E+00,0.000000E+00,0.000000E+00,2.110536E+01,4.094936E+01,2.388871E+01,4.797149E+01,2.604157E+03,3.122832E+03,8.838318E-02,2.753837E-01,0.000000E+00,0.000000E+00,0.000000E+00,0.000000E+00,0.000000E+00,0.000000E+00,0.000000E+00,0.000000E+00,2.110517E+01,4.070341E+01,2.388870E+01,4.693310E+01
17:40:00,1.022384E+03,3.606942E+03,3.470478E-02,3.180551E-01,0.000000E+00,0.000000E+00,0.000000E+00,0.000000E+00,0.000000E+00,0.000000E+00,0.000000E+00,0.000000E+00,2.111000E+01,4.949701E+01,2.388917E+01,4.724872E+01,4.177044E+03,3.581584E+03,1.417676E-01,3.158334E-01,0.000000E+00,0.000000E+00,0.000000E+00,0.000000E+00,0.000000E+00,0.000000E+00,0.000000E+00,0.000000E+00,2.110552E+01,4.113759E+01,2.388874E+01,4.790930E+01,2.578428E+03,2.286151E+03,8.750997E-02,2.015993E-01,0.000000E+00,0.000000E+00,0.000000E+00,0.000000E+00,0.000000E+00,0.000000E+00,0.000000E+00,0.000000E+00,2.110517E+01,4.063768E+01,2.388871E+01,4.781988E+01,4.243658E+03,3.579923E+03,1.440276E-01,3.156877E-01,0.000000E+00,0.000000E+00,0.000000E+00,0.000000E+00,0.000000E+00,0.000000E+00,0.000000E+00,0.000000E+00,2.110536E+01,4.094937E+01,2.388871E+01,4.797184E+01,2.604161E+03,3.130123E+03,8.838333E-02,2.760236E-01,0.000000E+00,0.000000E+00,0.000000E+00,0.000000E+00,0.000000E+00,0.000000E+00,0.000000E+00,0.000000E+00,2.110517E+01,4.070342E+01,2.388871E+01,4.691984E+01
17:50:00,1.022409E+03,3.606349E+03,3.470563E-02,3.180005E-01,0.000000E+00,0.000000E+00,0.000000E+00,0.000000E+00,0.000000E+00,0.000000E+00,0.000000E+00,0.000000E+00,2.111000E+01,4.949701E+01,2.388917E+01,4.724886E+01,4.177052E+03,3.560284E+03,1.417678E-01,3.139517E-01,0.000000E+00,0.000000E+00,0.000000E+00,0.000000E+00,0.000000E+00,0.000000E+00,0.000000E+00,0.000000E+00,2.110552E+01,4.113760E+01,2.388874E+01,4.791727E+01,2.578432E+03,2.269844E+03,8.751011E-02,2.001591E-01,0.000000E+00,0.000000E+00,0.000000E+00,0.000000E+00,0.000000E+00,0.000000E+00,0.000000E+00,0.000000E+00,2.110517E+01,4.063769E+01,2.388871E+01,4.783095E+01,4.243666E+03,3.571140E+03,1.440279E-01,3.149097E-01,0.000000E+00,0.000000E+00,0.000000E+00,0.000000E+00,0.000000E+00,0.000000E+00,0.000000E+00,0.000000E+00,2.110536E+01,4.094938E+01,2.388871E+01,4.796690E+01,2.604166E+03,3.131286E+03,8.838347E-02,2.761230E-01,0.000000E+00,0.000000E+00,0.000000E+00,0.000000E+00,0.000000E+00,0.000000E+00,0.000000E+00,0.000000E+00,2.110517E+01,4.070343E+01,2.388872E+01,4.691109E+01
18:00:00,1.022434E+03,3.605612E+03,3.470647E-02,3.179344E-01,0.000000E+00,0.000000E+00,0.000000E+00,0.000000E+00,0.000000E+00,0.000000E+00,0.000000E+00,0.000000E+00,2.111000E+01,4.949701E+01,2.388917E+01,4.724925E+01,4.177060E+03,3.538140E+03,1.417681E-01,3.119971E-01,0.000000E+00,0.000000E+00,0.000000E+00,0.000000E+00,0.000000E+00,0.000000E+00,0.000000E+00,0.000000E+00,2.110552E+01,4.113761E+01,2.388875E+01,4.792664E+01,2.578436E+03,2.253248E+03,8.751025E-02,1.986945E-01,0.000000E+00,0.000000E+00,0.000000E+00,0.000000E+00,0.000000E+00,0.000000E+00,0.000000E+00,0.000000E+00,2.110517E+01,4.063770E+01,2.388872E+01,4.784295E+01,4.243674E+03,3.566539E+03,1.440281E-01,3.145022E-01,0.000000E+00,0.000000E+00,0.000000E+00,0.000000E+00,0.000000E+00,0.000000E+00,0.000000E+00,0.000000E+00,2.110536E+01,4.094939E+01,2.388871E+01,4.795717E+01,2.604170E+03,3.127873E+03,8.838361E-02,2.758202E-01,0.000000E+00,0.000000E+00,0.000000E+00,0.000000E+00,0.000000E+00,0.000000E+00,0.000000E+00,0.000000E+00,2.110517E+01,4.070344E+01,2.388872E+01,4.690683E+01
18:10:00,1.022459E+03,3.604677E+03,3.470730E-02,3.178519E-01,0.000000E+00,0.000000E+00,0.000000E+00,0.000000E+00,0.000000E+00,0.000000E+00,0.000000E+00,0.000000E+00,2.111000E+01,4.949701E+01,2.388917E+01,4.724977E+01,4.177068E+03,3.513771E+03,1.417684E-01,3.098479E-01,0.000000E+00,0.000000E+00,0.000000E+00,0.000000E+00,0.000000E+00,0.000000E+00,0.000000E+00,0.000000E+00,2.110552E+01,4.113762E+01,2.388876E+01,4.793742E+01,2.578440E+03,2.235643E+03,8.751039E-02,1.971419E-01,0.000000E+00,0.000000E+00,0.000000E+00,0.000000E+00,0.000000E+00,0.000000E+00,0.000000E+00,0.000000E+00,2.110517E+01,4.063771E+01,2.388872E+01,4.785575E+01,4.243682E+03,3.564615E+03,1.440284E-01,3.143323E-01,0.000000E+00,0.000000E+00,0.000000E+00,0.000000E+00,0.000000E+00,0.000000E+00,0.000000E+00,0.000000E+00,2.110536E+01,4.094941E+01,2.388872E+01,4.794454E+01,2.604174E+03,3.117712E+03,8.838375E-02,2.749239E-01,0.000000E+00,0.000000E+00,0.000000E+00,0.000000E+00,0.000000E+00,0.000000E+00,0.000000E+00,0.000000E+00,2.110517E+01,4.070345E+01,2.388873E+01,4.690723E+01
18:20:00,1.022483E+03,3.603589E+03,3.470813E-02,3.177559E-01,0.000000E+00,0.000000E+00,0.000000E+00,0.000000E+00,0.000000E+00,0.000000E+00,0.000000E+00,0.000000E+00,2.111000E+01,4.949701E+01,2.388917E+01,4.725037E+01,4.177075E+03,3.487095E+03,1.417686E-01,3.074955E-01,0.000000E+00,0.000000E+00,0.000000E+00,0.000000E+00,0.000000E+00,0.000000E+00,0.000000E+00,0.000000E+00,2.110552E+01,4.113763E+01,2.388876E+01,4.794924E+01,2.578445E+03,2.217022E+03,8.751053E-02,1.954998E-01,0.000000E+00,0.000000E+00,0.000000E+00,0.000000E+00,0.000000E+00,0.000000E+00,0.000000E+00,0.000000E+00,2.110517E+01,4.063772E+01,2.388873E+01,4.786875E+01,4.243690E+03,3.563917E+03,1.440287E-01,3.142707E-01,0.000000E+00,0.000000E+00,0.000000E+00,0.000000E+00,0.000000E+00,0.000000E+00,0.000000E+00,0.000000E+00,2.110536E+01,4.094942E+01,2.388872E+01,4.793062E+01,2.604178E+03,3.100280E+03,8.838389E-02,2.733865E-01,0.000000E+00,0.000000E+00,0.000000E+00,0.000000E+00,0.000000E+00,0.000000E+00,0.000000E+00,0.000000E+00,2.110517E+01,4.070346E+01,2.388874E+01,4.691221E+01
18:30:00,1.022507E+03,3.602354E+03,3.470895E-02,3.176471E-01,0.000000E+00,0.000000E+00,0.000000E+00,0.000000E+00,0.000000E+00,0.000000E+00,0.000000E+00,0.000000E+00,2.111000E+01,4.949701E+01,2.388917E+01,4.725107E+01,4.177083E+03,3.458152E+03,1.417689E-01,3.049431E-01,0.000000E+00,0.000000E+00,0.000000E+00,0.000000E+00,0.000000E+00,0.000000E+00,0.000000E+00,0.000000E+00,2.110552E+01,4.113765E+01,2.388877E+01,4.796214E+01,2.578449E+03,2.197429E+03,8.751067E-02,1.937719E-01,0.000000E+00,0.000000E+00,0.000000E+00,0.000000E+00,0.000000E+00,0.000000E+00,0.000000E+00,0.000000E+00,2.110517E+01,4.063773E+01,2.388874E+01,4.788200E+01,4.243697E+03,3.561841E+03,1.440289E-01,3.140875E-01,0.000000E+00,0.000000E+00,0.000000E+00,0.000000E+00,0.000000E+00,0.000000E+00,0.000000E+00,0.000000E+00,2.110536E+01,4.094943E+01,2.388873E+01,4.791773E+01,2.604182E+03,3.075168E+03,8.838402E-02,2.711718E-01,0.000000E+00,0.000000E+00,0.000000E+00,0.000000E+00,0.000000E+00,0.000000E+00,0.000000E+00,0.000000E+00,2.110517E+01,4.070347E+01,2.388876E+01,4.692255E+01
18:40:00,1.022531E+03,3.600870E+03,3.470977E-02,3.175161E-01,0.000000E+00,0.000000E+00,0.000000E+00,0.000000E+00,0.000000E+00,0.000000E+00,0.000000E+00,0.000000E+00,2.111000E+01,4.949701E+01,2.388917E+01,4.725201E+01,4.177091E+03,3.426490E+03,1.417692E-01,3.021510E-01,0.000000E+00,0.000000E+00,0.000000E+00,0.000000E+00,0.000000E+00,0.000000E+00,0.000000E+00,0.000000E+00,2.110552E+01,4.113766E+01,2.388878E+01,4.797656E+01,2.578453E+03,2.176647E+03,8.751081E-02,1.919393E-01,0.000000E+00,0.000000E+00,0.000000E+00,0.000000E+00,0.000000E+00,0.000000E+00,0.000000E+00,0.000000E+00,2.110517E+01,4.063774E+01,2.388874E+01,4.789595E+01,4.243705E+03,3.552462E+03,1.440292E-01,3.132603E-01,0.000000E+00,0.000000E+00,0.000000E+00,0.000000E+00,0.000000E+00,0.000000E+00,0.000000E+00,0.000000E+00,2.110536E+01,4.094944E+01,2.388874E+01,4.790948E+01,2.604186E+03,3.038449E+03,8.838416E-02,2.679337E-01,0.000000E+00,0.000000E+00,0.000000E+00,0.000000E+00,0.000000E+00,0.000000E+00,0.000000E+00,0.000000E+00,2.110517E+01,4.070348E+01,2.388877E+01,4.694069E+01
18:50:00,1.022555E+03,3.598904E+03,3.471058E-02,3.173428E-01,0.000000E+00,0.000000E+00,0.000000E+00,0.000000E+00,0.000000E+00,0.000000E+00,0.000000E+00,0.000000E+00,2.111000E+01,4.949701E+01,2.388917E+01,4.725333E+01,4.177098E+03,3.392476E+03,1.417694E-01,2.991514E-01,0.000000E+00,0.000000E+00,0.000000E+00,0.000000E+00,0.000000E+00,0.000000E+00,0.000000E+00,0.000000E+00,2.110552E+01,4.113767E+01,2.388878E+01,4.799314E+01,2.578457E+03,2.154837E+03,8.751094E-02,1.900159E-01,0.000000E+00,0.000000E+00,0.000000E+00,0.000000E+00,0.000000E+00,0.000000E+00,0.000000E+00,0.000000E+00,2.110517E+01,4.063775E+01,2.388875E+01,4.791123E+01,4.243712E+03,3.535890E+03,1.440294E-01,3.117988E-01,0.000000E+00,0.000000E+00,0.000000E+00,0.000000E+00,0.000000E+00,0.000000E+00,0.000000E+00,0.000000E+00,2.110536E+01,4.094945E+01,2.388876E+01,4.790999E+01,2.604190E+03,2.992153E+03,8.838430E-02,2.638509E-01,0.000000E+00,0.000000E+00,0.000000E+00,0.000000E+00,0.000000E+00,0.000000E+00,0.000000E+00,0.000000E+00,2.110517E+01,4.070349E+01,2.388878E+01,4.697086E+01
19:00:00,1.022579E+03,3.596186E+03,3.471138E-02,3.171031E-01,0.000000E+00,0.000000E+00,0.000000E+00,0.000000E+00,0.000000E+00,0.000000E+00,0.000000E+00,0.000000E+00,2.111000E+01,4.949701E+01,2.388917E+01,4.725523E+01,4.177106E+03,3.356234E+03,1.417697E-01,2.959554E-01,0.000000E+00,0.000000E+00,0.000000E+00,0.000000E+00,0.000000E+00,0.000000E+00,0.000000E+00,0.000000E+00,2.110552E+01,4.113768E+01,2.388879E+01,4.801158E+01,2.578461E+03,2.132050E+03,8.751108E-02,1.880064E-01,0.000000E+00,0.000000E+00,0.000000E+00,0.000000E+00,0.000000E+00,0.000000E+00,0.000000E+00,0.000000E+00,2.110517E+01,4.063776E+01,2.388876E+01,4.792768E+01,4.243720E+03,3.511240E+03,1.440297E-01,3.096248E-01,0.000000E+00,0.000000E+00,0.000000E+00,0.000000E+00,0.000000E+00,0.000000E+00,0.000000E+00,0.000000E+00,2.110536E+01,4.094946E+01,2.388877E+01,4.791790E+01,2.604194E+03,2.936186E+03,8.838443E-02,2.589155E-01,0.000000E+00,0.000000E+00,0.000000E+00,0.000000E+00,0.000000E+00,0.000000E+00,0.000000E+00,0.000000E+00,2.110517E+01,4.070350E+01,2.388880E+01,4.700971E+01
19:10:00,1.022602E+03,3.592479E+03,3.471218E-02,3.167763E-01,0.000000E+00,0.000000E+00,0.000000E+00,0.000000E+00,0.000000E+00,0.000000E+00,0.000000E+00,0.000000E+00,2.111000E+01,4.949701E+01,2.388917E+01,4.725786E+01,4.177113E+03,3.318966E+03,1.417699E-01,2.926688E-01,0.000000E+00,0.000000E+00,0.000000E+00,0.000000E+00,0.000000E+00,0.000000E+00,0.000000E+00,0.000000E+00,2.110552E+01,4.113769E+01,2.388880E+01,4.803168E+01,2.578465E+03,2.108957E+03,8.751121E-02,1.859699E-01,0.000000E+00,0.000000E+00,0.000000E+00,0.000000E+00,0.000000E+00,0.000000E+00,0.000000E+00,0.000000E+00,2.110517E+01,4.063777E+01,2.388877E+01,4.794523E+01,4.243727E+03,3.478975E+03,1.440300E-01,3.067794E-01,0.000000E+00,0.000000E+00,0.000000E+00,0.000000E+00,0.000000E+00,0.000000E+00,0.000000E+00,0.000000E+00,2.110536E+01,4.094948E+01,2.388878E+01,4.793190E+01,2.604198E+03,2.871450E+03,8.838456E-02,2.532067E-01,0.000000E+00,0.000000E+00,0.000000E+00,0.000000E+00,0.000000E+00,0.000000E+00,0.000000E+00,0.000000E+00,2.110517E+01,4.070351E+01,2.388881E+01,4.705570E+01
19:20:00,1.022626E+03,3.587618E+03,3.471298E-02,3.163476E-01,0.000000E+00,0.000000E+00,0.000000E+00,0.000000E+00,0.000000E+00,0.000000E+00,0.000000E+00,0.000000E+00,2.111000E+01,4.949701E+01,2.388917E+01,4.726133E+01,4.177121E+03,3.280600E+03,1.417702E-01,2.892855E-01,0.000000E+00,0.000000E+00,0.000000E+00,0.000000E+00,0.000000E+00,0.000000E+00,0.000000E+00,0.000000E+00,2.110552E+01,4.113770E+01,2.388880E+01,4.805394E+01,2.578469E+03,2.085467E+03,8.751134E-02,1.838984E-01,0.000000E+00,0.000000E+00,0.000000E+00,0.000000E+00,0.000000E+00,0.000000E+00,0.000000E+00,0.000000E+00,2.110517E+01,4.063778E+01,2.388877E+01,4.796456E+01,4.243735E+03,3.436636E+03,1.440302E-01,3.030456E-01,0.000000E+00,0.000000E+00,0.000000E+00,0.000000E+00,0.000000E+00,0.000000E+00,0.000000E+00,0.000000E+00,2.110536E+01,4.094949E+01,2.388879E+01,4.795349E+01,2.604202E+03,2.795566E+03,8.838470E-02,2.465149E-01,0.000000E+00,0.000000E+00,0.000000E+00,0.000000E+00,0.000000E+00,0.000000E+00,0.000000E+00,0.000000E+00,2.110517E+01,4.070352E+01,2.388882E+01,4.711161E+01
19:30:00,1.022649E+03,3.581493E+03,3.471377E-02,3.158075E-01,0.000000E+00,0.000000E+00,0.000000E+00,0.000000E+00,0.000000E+00,0.000000E+00,0.000000E+00,0.000000E+00,2.111000E+01,4.949701E+01,2.388918E+01,4.726571E+01,4.177128E+03,3.241403E+03,1.417704E-01,2.858289E-01,0.000000E+00,0.000000E+00,0.000000E+00,0.000000E+00,0.000000E+00,0.000000E+00,0.000000E+00,0.000000E+00,2.110552E+01,4.113772E+01,2.388881E+01,4.807857E+01,2.578472E+03,2.061647E+03,8.751148E-02,1.817978E-01,0.000000E+00,0.000000E+00,0.000000E+00,0.000000E+00,0.000000E+00,0.000000E+00,0.000000E+00,0.000000E+00,2.110517E+01,4.063779E+01,2.388878E+01,4.798594E+01,4.243742E+03,3.385289E+03,1.440305E-01,2.985174E-01,0.000000E+00,0.000000E+00,0.000000E+00,0.000000E+00,0.000000E+00,0.000000E+00,0.000000E+00,0.000000E+00,2.110536E+01,4.094950E+01,2.388880E+01,4.798585E+01,2.604206E+03,2.711132E+03,8.838483E-02,2.390692E-01,0.000000E+00,0.000000E+00,0.000000E+00,0.000000E+00,0.000000E+00,0.000000E+00,0.000000E+00,0.000000E+00,2.110517E+01,4.070353E+01,2.388883E+01,4.718147E+01
19:40:00,1.022672E+03,3.574102E+03,3.471455E-02,3.151558E-01,0.000000E+00,0.000000E+00,0.000000E+00,0.000000E+00,0.000000E+00,0.000000E+00,0.000000E+00,0.000000E+00,2.111000E+01,4.949701E+01,2.388918E+01,4.727104E+01,4.177135E+03,3.202341E+03,1.417707E-01,2.823843E-01,0.000000E+00,0.000000E+00,0.000000E+00,0.000000E+00,0.000000E+00,0.000000E+00,0.000000E+00,0.000000E+00,2.110552E+01,4.113773E+01,2.388881E+01,4.810502E+01,2.578476E+03,2.037917E+03,8.751161E-02,1.797052E-01,0.000000E+00,0.000000E+00,0.000000E+00,0.000000E+00,0.000000E+00,0.000000E+00,0.000000E+00,0.000000E+00,2.110517E+01,4.063780E+01,2.388878E+01,4.800893E+01,4.243750E+03,3.331526E+03,1.440307E-01,2.937763E-01,0.000000E+00,0.000000E+00,0.000000E+00,0.000000E+00,0.000000E+00,0.000000E+00,0.000000E+00,0.000000E+00,2.110536E+01,4.094951E+01,2.388881E+01,4.802727E+01,2.604210E+03,2.627342E+03,8.838496E-02,2.316803E-01,0.000000E+00,0.000000E+00,0.000000E+00,0.000000E+00,0.000000E+00,0.000000E+00,0.000000E+00,0.000000E+00,2.110517E+01,4.070354E+01,2.388884E+01,4.726008E+01
19:50:00,1.022695E+03,3.565606E+03,3.471533E-02,3.144066E-01,0.000000E+00,0.000000E+00,0.000000E+00,0.000000E+00,0.000000E+00,0.000000E+00,0.000000E+00,0.000000E+00,2.111000E+01,4.949701E+01,2.388918E+01,4.727728E+01,4.177143E+03,3.163723E+03,1.417709E-01,2.789788E-01,0.000000E+00,0.000000E+00,0.000000E+00,0.000000E+00,0.000000E+00,0.000000E+00,0.000000E+00,0.000000E+00,2.110552E+01,4.113774E+01,2.388882E+01,4.813232E+01,2.578480E+03,2.014386E+03,8.751174E-02,1.776301E-01,0.000000E+00,0.000000E+00,0.000000E+00,0.000000E+00,0.000000E+00,0.000000E+00,0.000000E+00,0.000000E+00,2.110517E+01,4.063781E+01,2.388879E+01,4.803281E+01,4.243757E+03,3.277209E+03,1.440309E-01,2.889864E-01,0.000000E+00,0.000000E+00,0.000000E+00,0.000000E+00,0.000000E+00,0.000000E+00,0.000000E+00,0.000000E+00,2.110536E+01,4.094952E+01,2.388881E+01,4.807057E+01,2.604213E+03,2.545960E+03,8.838509E-02,2.245038E-01,0.000000E+00,0.000000E+00,0.000000E+00,0.000000E+00,0.000000E+00,0.000000E+00,0.000000E+00,0.000000E+00,2.110517E+01,4.070355E+01,2.388884E+01,4.733586E+01
20:00:00,1.022718E+03,3.556267E+03,3.471610E-02,3.135831E-01,0.000000E+00,0.000000E+00,0.000000E+00,0.000000E+00,0.000000E+00,0.000000E+00,0.000000E+00,0.000000E+00,2.111000E+01,4.949701E+01,2.388918E+01,4.728426E+01,4.177150E+03,3.126526E+03,1.417712E-01,2.756986E-01,0.000000E+00,0.000000E+00,0.000000E+00,0.000000E+00,0.000000E+00,0.000000E+00,0.000000E+00,0.000000E+00,2.110552E+01,4.113775E+01,2.388882E+01,4.815935E+01,2.578484E+03,1.991503E+03,8.751186E-02,1.756122E-01,0.000000E+00,0.000000E+00,0.000000E+00,0.000000E+00,0.000000E+00,0.000000E+00,0.000000E+00,0.000000E+00,2.110517E+01,4.063782E+01,2.388879E+01,4.805672E+01,4.243764E+03,3.224414E+03,1.440312E-01,2.843307E-01,0.000000E+00,0.000000E+00,0.000000E+00,0.000000E+00,0.000000E+00,0.000000E+00,0.000000E+00,0.000000E+00,2.110536E+01,4.094953E+01,2.388881E+01,4.811008E+01,2.604217E+03,2.469323E+03,8.838521E-02,2.177458E-01,0.000000E+00,0.000000E+00,0.000000E+00,0.000000E+00,0.000000E+00,0.000000E+00,0.000000E+00,0.000000E+00,2.110517E+01,4.070356E+01,2.388883E+01,4.740262E+01
20:10:00,1.022740E+03,3.546386E+03,3.471687E-02,3.127118E-01,0.000000E+00,0.000000E+00,0.000000E+00,0.000000E+00,0.000000E+00,0.000000E+00,0.000000E+00,0.000000E+00,2.111000E+01,4.949701E+01,2.388918E+01,4.729175E+01,4.177157E+03,3.090924E+03,1.417714E-01,2.725591E-01,0.000000E+00,0.000000E+00,0.000000E+00,0.000000E+00,0.000000E+00,0.000000E+00,0.000000E+00,0.000000E+00,2.110552E+01,4.113776E+01,2.388882E+01,4.818492E+01,2.578488E+03,1.969313E+03,8.751199E-02,1.736554E-01,0.000000E+00,0.000000E+00,0.000000E+00,0.000000E+00,0.000000E+00,0.000000E+00,0.000000E+00,0.000000E+00,2.110517E+01,4.063783E+01,2.388880E+01,4.807974E+01,4.243771E+03,3.174296E+03,1.440314E-01,2.799111E-01,0.000000E+00,0.000000E+00,0.000000E+00,0.000000E+00,0.000000E+00,0.000000E+00,0.000000E+00,0.000000E+00,2.110536E+01,4.094954E+01,2.388881E+01,4.814444E+01,2.604221E+03,2.398887E+03,8.838534E-02,2.115346E-01,0.000000E+00,0.000000E+00,0.000000E+00,0.000000E+00,0.000000E+00,0.000000E+00,0.000000E+00,0.000000E+00,2.110517E+01,4.070357E+01,2.388883E+01,4.746113E+01
20:20:00,1.022763E+03,3.536268E+03,3.471763E-02,3.118196E-01,0.000000E+00,0.000000E+00,0.000000E+00,0.000000E+00,0.000000E+00,0.000000E+00,0.000000E+00,0.000000E+00,2.111000E+01,4.949701E+01,2.388918E+01,4.729949E+01,4.177164E+03,3.057425E+03,1.417716E-01,2.696050E-01,0.000000E+00,0.000000E+00,0.000000E+00,0.000000E+00,0.000000E+00,0.000000E+00,0.000000E+00,0.000000E+00,2.110552E+01,4.113777E+01,2.388883E+01,4.820902E+01,2.578491E+03,1.948086E+03,8.751212E-02,1.717835E-01,0.000000E+00,0.000000E+00,0.000000E+00,0.000000E+00,0.000000E+00,0.000000E+00,0.000000E+00,0.000000E+00,2.110517E+01,4.063784E+01,2.388880E+01,4.810194E+01,4.243778E+03,3.130418E+03,1.440317E-01,2.760417E-01,0.000000E+00,0.000000E+00,0.000000E+00,0.000000E+00,0.000000E+00,0.000000E+00,0.000000E+00,0.000000E+00,2.110536E+01,4.094955E+01,2.388882E+01,4.817488E+01,2.604225E+03,2.338848E+03,8.838547E-02,2.062403E-01,0.000000E+00,0.000000E+00,0.000000E+00,0.000000E+00,0.000000E+00,0.000000E+00,0.000000E+00,0.000000E+00,2.110517E+01,4.070358E+01,2.388883E+01,4.751441E+01
20:30:00,1.022785E+03,3.526208E+03,3.471839E-02,3.109325E-01,0.000000E+00,0.000000E+00,0.000000E+00,0.000000E+00,0.000000E+00,0.000000E+00,0.000000E+00,0.000000E+00,2.111000E+01,4.949701E+01,2.388918E+01,4.730729E+01,4.177171E+03,3.026176E+03,1.417719E-01,2.668494E-01,0.000000E+00,0.000000E+00,0.000000E+00,0.000000E+00,0.000000E+00,0.000000E+00,0.000000E+00,0.000000E+00,2.110552E+01,4.113778E+01,2.388883E+01,4.823196E+01,2.578495E+03,1.927926E+03,8.751224E-02,1.700058E-01,0.000000E+00,0.000000E+00,0.000000E+00,0.000000E+00,0.000000E+00,0.000000E+00,0.000000E+00,0.000000E+00,2.110517E+01,4.063785E+01,2.388880E+01,4.812358E+01,4.243785E+03,3.093521E+03,1.440319E-01,2.727881E-01,0.000000E+00,0.000000E+00,0.000000E+00,0.000000E+00,0.000000E+00,0.000000E+00,0.000000E+00,0.000000E+00,2.110536E+01,4.094957E+01,2.388882E+01,4.820269E+01,2.604228E+03,2.288515E+03,8.838559E-02,2.018019E-01,0.000000E+00,0.000000E+00,0.000000E+00,0.000000E+00,0.000000E+00,0.000000E+00,0.000000E+00,0.000000E+00,2.110517E+01,4.070359E+01,2.388883E+01,4.756435E+01
20:40:00,1.022807E+03,3.516669E+03,3.471914E-02,3.100914E-01,0.000000E+00,0.000000E+00,0.000000E+00,0.000000E+00,0.000000E+00,0.000000E+00,0.000000E+00,0.000000E+00,2.111000E+01,4.949701E+01,2.388918E+01,4.731402E+01,4.177178E+03,2.997327E+03,1.417721E-01,2.643054E-01,0.000000E+00,0.000000E+00,0.000000E+00,0.000000E+00,0.000000E+00,0.000000E+00,0.000000E+00,0.000000E+00,2.110552E+01,4.113779E+01,2.388883E+01,4.825106E+01,2.578499E+03,1.908978E+03,8.751237E-02,1.683348E-01,0.000000E+00,0.000000E+00,0.000000E+00,0.000000E+00,0.000000E+00,0.000000E+00,0.000000E+00,0.000000E+00,2.110517E+01,4.063786E+01,2.388880E+01,4.814185E+01,4.243792E+03,3.061258E+03,1.440321E-01,2.699431E-01,0.000000E+00,0.000000E+00,0.000000E+00,0.000000E+00,0.000000E+00,0.000000E+00,0.000000E+00,0.000000E+00,2.110536E+01,4.094958E+01,2.388882E+01,4.822530E+01,2.604232E+03,2.244069E+03,8.838571E-02,1.978828E-01,0.000000E+00,0.000000E+00,0.000000E+00,0.000000E+00,0.000000E+00,0.000000E+00,0.000000E+00,0.000000E+00,2.110517E+01,4.070360E+01,2.388884E+01,4.760555E+01
20:50:00,1.022829E+03,3.507391E+03,3.471988E-02,3.092752E-01,0.000000E+00,0.000000E+00,0.000000E+00,0.000000E+00,0.000000E+00,0.000000E+00,0.000000E+00,0.000000E+00,2.111000E+01,4.949701E+01,2.388875E+01,4.732082E+01,4.177185E+03,2.970232E+03,1.417723E-01,2.619183E-01,0.000000E+00,0.000000E+00,0.000000E+00,0.000000E+00,0.000000E+00,0.000000E+00,0.000000E+00,0.000000E+00,2.110552E+01,4.113780E+01,2.388827E+01,4.826839E+01,2.578502E+03,1.890923E+03,8.751249E-02,1.667441E-01,0.000000E+00,0.000000E+00,0.000000E+00,0.000000E+00,0.000000E+00,0.000000E+00,0.000000E+00,0.000000E+00,2.110517E+01,4.063787E+01,2.388825E+01,4.815876E+01,4.243799E+03,3.031149E+03,1.440324E-01,2.672903E-01,0.000000E+00,0.000000E+00,0.000000E+00,0.000000E+00,0.000000E+00,0.000000E+00,0.000000E+00,0.000000E+00,2.110536E+01,4.094959E+01,2.388825E+01,4.824523E+01,2.604236E+03,2.202810E+03,8.838584E-02,1.942459E-01,0.000000E+00,0.000000E+00,0.000000E+00,0.000000E+00,0.000000E+00,0.000000E+00,0.000000E+00,0.000000E+00,2.110517E+01,4.070361E+01,2.388832E+01,4.764138E+01
21:00:00,1.022851E+03,3.498642E+03,3.472062E-02,3.085059E-01,0.000000E+00,0.000000E+00,0.000000E+00,0.000000E+00,0.000000E+00,0.000000E+00,0.000000E+00,0.000000E+00,2.111000E+01,4.949701E+01,2.388871E+01,4.732827E+01,4.177192E+03,2.944448E+03,1.417726E-01,2.596470E-01,0.000000E+00,0.000000E+00,0.000000E+00,0.000000E+00,0.000000E+00,0.000000E+00,0.000000E+00,0.000000E+00,2.110552E+01,4.113781E+01,2.388822E+01,4.828871E+01,2.578506E+03,1.873590E+03,8.751261E-02,1.652170E-01,0.000000E+00,0.000000E+00,0.000000E+00,0.000000E+00,0.000000E+00,0.000000E+00,0.000000E+00,0.000000E+00,2.110517E+01,4.063788E+01,2.388819E+01,4.817876E+01,4.243806E+03,3.002477E+03,1.440326E-01,2.647643E-01,0.000000E+00,0.000000E+00,0.000000E+00,0.000000E+00,0.000000E+00,0.000000E+00,0.000000E+00,0.000000E+00,2.110536E+01,4.094960E+01,2.388820E+01,4.826866E+01,2.604239E+03,2.164125E+03,8.838596E-02,1.908363E-01,0.000000E+00,0.000000E+00,0.000000E+00,0.000000E+00,0.000000E+00,0.000000E+00,0.000000E+00,0.000000E+00,2.110517E+01,4.070362E+01,2.388826E+01,4.768526E+01
21:10:00,1.022873E+03,3.490316E+03,3.472136E-02,3.077740E-01,0.000000E+00,0.000000E+00,0.000000E+00,0.000000E+00,0.000000E+00,0.000000E+00,0.000000E+00,0.000000E+00,2.111000E+01,4.949701E+01,2.388870E+01,4.733540E+01,4.177199E+03,2.919573E+03,1.417728E-01,2.574557E-01,0.000000E+00,0.000000E+00,0.000000E+00,0.000000E+00,0.000000E+00,0.000000E+00,0.000000E+00,0.000000E+00,2.110552E+01,4.113783E+01,2.388821E+01,4.830803E+01,2.578510E+03,1.856769E+03,8.751274E-02,1.637352E-01,0.000000E+00,0.000000E+00,0.000000E+00,0.000000E+00,0.000000E+00,0.000000E+00,0.000000E+00,0.000000E+00,2.110517E+01,4.063789E+01,2.388819E+01,4.819801E+01,4.243813E+03,2.974799E+03,1.440328E-01,2.623261E-01,0.000000E+00,0.000000E+00,0.000000E+00,0.000000E+00,0.000000E+00,0.000000E+00,0.000000E+00,0.000000E+00,2.110536E+01,4.094961E+01,2.388820E+01,4.829081E+01,2.604243E+03,2.127694E+03,8.838608E-02,1.876253E-01,0.000000E+00,0.000000E+00,0.000000E+00,0.000000E+00,0.000000E+00,0.000000E+00,0.000000E+00,0.000000E+00,2.110517E+01,4.070363E+01,2.388825E+01,4.772707E+01
21:20:00,1.022894E+03,3.482394E+03,3.472209E-02,3.070776E-01,0.000000E+00,0.000000E+00,0.000000E+00,0.000000E+00,0.000000E+00,0.000000E+00,0.000000E+00,0.000000E+00,2.111000E+01,4.949701E+01,2.388870E+01,4.734230E+01,4.177205E+03,2.895569E+03,1.417730E-01,2.553414E-01,0.000000E+00,0.000000E+00,0.000000E+00,0.000000E+00,0.000000E+00,0.000000E+00,0.000000E+00,0.000000E+00,2.110552E+01,4.113784E+01,2.388822E+01,4.832657E+01,2.578513E+03,1.840459E+03,8.751286E-02,1.622984E-01,0.000000E+00,0.000000E+00,0.000000E+00,0.000000E+00,0.000000E+00,0.000000E+00,0.000000E+00,0.000000E+00,2.110517E+01,4.063790E+01,2.388819E+01,4.821667E+01,4.243819E+03,2.948100E+03,1.440331E-01,2.599741E-01,0.000000E+00,0.000000E+00,0.000000E+00,0.000000E+00,0.000000E+00,0.000000E+00,0.000000E+00,0.000000E+00,2.110536E+01,4.094962E+01,2.388820E+01,4.831196E+01,2.604246E+03,2.093425E+03,8.838620E-02,1.846050E-01,0.000000E+00,0.000000E+00,0.000000E+00,0.000000E+00,0.000000E+00,0.000000E+00,0.000000E+00,0.000000E+00,2.110517E+01,4.070364E+01,2.388825E+01,4.776700E+01
21:30:00,1.022916E+03,3.474841E+03,3.472281E-02,3.064138E-01,0.000000E+00,0.000000E+00,0.000000E+00,0.000000E+00,0.000000E+00,0.000000E+00,0.000000E+00,0.000000E+00,2.111000E+01,4.949701E+01,2.388870E+01,4.734899E+01,4.177212E+03,2.872390E+03,1.417733E-01,2.532997E-01,0.000000E+00,0.000000E+00,0.000000E+00,0.000000E+00,0.000000E+00,0.000000E+00,0.000000E+00,0.000000E+00,2.110552E+01,4.113785E+01,2.388822E+01,4.834437E+01,2.578517E+03,1.824646E+03,8.751298E-02,1.609055E-01,0.000000E+00,0.000000E+00,0.000000E+00,0.000000E+00,0.000000E+00,0.000000E+00,0.000000E+00,0.000000E+00,2.110517E+01,4.063791E+01,2.388820E+01,4.823474E+01,4.243826E+03,2.922358E+03,1.440333E-01,2.577065E-01,0.000000E+00,0.000000E+00,0.000000E+00,0.000000E+00,0.000000E+00,0.000000E+00,0.000000E+00,0.000000E+00,2.110536E+01,4.094963E+01,2.388820E+01,4.833220E+01,2.604250E+03,2.061211E+03,8.838632E-02,1.817658E-01,0.000000E+00,0.000000E+00,0.000000E+00,0.000000E+00,0.000000E+00,0.000000E+00,0.000000E+00,0.000000E+00,2.110517E+01,4.070364E+01,2.388825E+01,4.780507E+01
21:40:00,1.022937E+03,3.467406E+03,3.472353E-02,3.057603E-01,0.000000E+00,0.000000E+00,0.000000E+00,0.000000E+00,0.000000E+00,0.000000E+00,0.000000E+00,0.000000E+00,2.111000E+01,4.949701E+01,2.388870E+01,4.735546E+01,4.177219E+03,2.849747E+03,1.417735E-01,2.513053E-01,0.000000E+00,0.000000E+00,0.000000E+00,0.000000E+00,0.000000E+00,0.000000E+00,0.000000E+00,0.000000E+00,2.110552E+01,4.113786E+01,2.388822E+01,4.836145E+01,2.578520E+03,1.809168E+03,8.751309E-02,1.595420E-01,0.000000E+00,0.000000E+00,0.000000E+00,0.000000E+00,0.000000E+00,0.000000E+00,0.000000E+00,0.000000E+00,2.110517E+01,4.063792E+01,2.388820E+01,4.825221E+01,4.243833E+03,2.897300E+03,1.440335E-01,2.554991E-01,0.000000E+00,0.000000E+00,0.000000E+00,0.000000E+00,0.000000E+00,0.000000E+00,0.000000E+00,0.000000E+00,2.110536E+01,4.094964E+01,2.388821E+01,4.835156E+01,2.604253E+03,2.030784E+03,8.838644E-02,1.790844E-01,0.000000E+00,0.000000E+00,0.000000E+00,0.000000E+00,0.000000E+00,0.000000E+00,0.000000E+00,0.000000E+00,2.110517E+01,4.070365E+01,2.388826E+01,4.784131E+01
21:50:00,1.022958E+03,3.460444E+03,3.472425E-02,3.051466E-01,0.000000E+00,0.000000E+00,0.000000E+00,0.000000E+00,0.000000E+00,0.000000E+00,0.000000E+00,0.000000E+00,2.111000E+01,4.949701E+01,2.388870E+01,4.736172E+01,4.177225E+03,2.827993E+03,1.417737E-01,2.493871E-01,0.000000E+00,0.000000E+00,0.000000E+00,0.000000E+00,0.000000E+00,0.000000E+00,0.000000E+00,0.000000E+00,2.110552E+01,4.113787E+01,2.388823E+01,4.837783E+01,2.578524E+03,1.794242E+03,8.751321E-02,1.582259E-01,0.000000E+00,0.000000E+00,0.000000E+00,0.000000E+00,0.000000E+00,0.000000E+00,0.000000E+00,0.000000E+00,2.110517E+01,4.063793E+01,2.388821E+01,4.826907E+01,4.243839E+03,2.873289E+03,1.440338E-01,2.533819E-01,0.000000E+00,0.000000E+00,0.000000E+00,0.000000E+00,0.000000E+00,0.000000E+00,0.000000E+00,0.000000E+00,2.110536E+01,4.094965E+01,2.388821E+01,4.837006E+01,2.604257E+03,2.002243E+03,8.838655E-02,1.765676E-01,0.000000E+00,0.000000E+00,0.000000E+00,0.000000E+00,0.000000E+00,0.000000E+00,0.000000E+00,0.000000E+00,2.110517E+01,4.070366E+01,2.388826E+01,4.787574E+01
22:00:00,1.022979E+03,3.453686E+03,3.472496E-02,3.045508E-01,0.000000E+00,0.000000E+00,0.000000E+00,0.000000E+00,0.000000E+00,0.000000E+00,0.000000E+00,0.000000E+00,2.111000E+01,4.949701E+01,2.388870E+01,4.736777E+01,4.177232E+03,2.806839E+03,1.417739E-01,2.475216E-01,0.000000E+00,0.000000E+00,0.000000E+00,0.000000E+00,0.000000E+00,0.000000E+00,0.000000E+00,0.000000E+00,2.110552E+01,4.113788E+01,2.388823E+01,4.839354E+01,2.578527E+03,1.779705E+03,8.751333E-02,1.569439E-01,0.000000E+00,0.000000E+00,0.000000E+00,0.000000E+00,0.000000E+00,0.000000E+00,0.000000E+00,0.000000E+00,2.110517E+01,4.063794E+01,2.388821E+01,4.828534E+01,4.243846E+03,2.850039E+03,1.440340E-01,2.513315E-01,0.000000E+00,0.000000E+00,0.000000E+00,0.000000E+00,0.000000E+00,0.000000E+00,0.000000E+00,0.000000E+00,2.110536E+01,4.094966E+01,2.388821E+01,4.838773E+01,2.604260E+03,1.975323E+03,8.838667E-02,1.741936E-01,0.000000E+00,0.000000E+00,0.000000E+00,0.000000E+00,0.000000E+00,0.000000E+00,0.000000E+00,0.000000E+00,2.110517E+01,4.070367E+01,2.388826E+01,4.790842E+01
22:10:00,1.023000E+03,3.447195E+03,3.472566E-02,3.039784E-01,0.000000E+00,0.000000E+00,0.000000E+00,0.000000E+00,0.000000E+00,0.000000E+00,0.000000E+00,0.000000E+00,2.111000E+01,4.949701E+01,2.388870E+01,4.737363E+01,4.177238E+03,2.786521E+03,1.417742E-01,2.457297E-01,0.000000E+00,0.000000E+00,0.000000E+00,0.000000E+00,0.000000E+00,0.000000E+00,0.000000E+00,0.000000E+00,2.110552E+01,4.113789E+01,2.388823E+01,4.840862E+01,2.578530E+03,1.765698E+03,8.751344E-02,1.557086E-01,0.000000E+00,0.000000E+00,0.000000E+00,0.000000E+00,0.000000E+00,0.000000E+00,0.000000E+00,0.000000E+00,2.110517E+01,4.063795E+01,2.388822E+01,4.830102E+01,4.243852E+03,2.827780E+03,1.440342E-01,2.493686E-01,0.000000E+00,0.000000E+00,0.000000E+00,0.000000E+00,0.000000E+00,0.000000E+00,0.000000E+00,0.000000E+00,2.110536E+01,4.094967E+01,2.388822E+01,4.840462E+01,2.604263E+03,1.950054E+03,8.838678E-02,1.719653E-01,0.000000E+00,0.000000E+00,0.000000E+00,0.000000E+00,0.000000E+00,0.000000E+00,0.000000E+00,0.000000E+00,2.110517E+01,4.070368E+01,2.388826E+01,4.793941E+01
22:20:00,1.023020E+03,3.440934E+03,3.472636E-02,3.034263E-01,0.000000E+00,0.000000E+00,0.000000E+00,0.000000E+00,0.000000E+00,0.000000E+00,0.000000E+00,0.000000E+00,2.111000E+01,4.949701E+01,2.388870E+01,4.737930E+01,4.177245E+03,2.766978E+03,1.417744E-01,2.440063E-01,0.000000E+00,0.000000E+00,0.000000E+00,0.000000E+00,0.000000E+00,0.000000E+00,0.000000E+00,0.000000E+00,2.110552E+01,4.113790E+01,2.388824E+01,4.842335E+01,2.578534E+03,1.752188E+03,8.751356E-02,1.545171E-01,0.000000E+00,0.000000E+00,0.000000E+00,0.000000E+00,0.000000E+00,0.000000E+00,0.000000E+00,0.000000E+00,2.110517E+01,4.063795E+01,2.388822E+01,4.831647E+01,4.243859E+03,2.806455E+03,1.440344E-01,2.474879E-01,0.000000E+00,0.000000E+00,0.000000E+00,0.000000E+00,0.000000E+00,0.000000E+00,0.000000E+00,0.000000E+00,2.110536E+01,4.094968E+01,2.388822E+01,4.842103E+01,2.604267E+03,1.926301E+03,8.838690E-02,1.698707E-01,0.000000E+00,0.000000E+00,0.000000E+00,0.000000E+00,0.000000E+00,0.000000E+00,0.000000E+00,0.000000E+00,2.110517E+01,4.070369E+01,2.388826E+01,4.796914E+01
22:30:00,1.023041E+03,3.434881E+03,3.472706E-02,3.028926E-01,0.000000E+00,0.000000E+00,0.000000E+00,0.000000E+00,0.000000E+00,0.000000E+00,0.000000E+00,0.000000E+00,2.111000E+01,4.949701E+01,2.388870E+01,4.738479E+01,4.177251E+03,2.748170E+03,1.417746E-01,2.423477E-01,0.000000E+00,0.000000E+00,0.000000E+00,0.000000E+00,0.000000E+00,0.000000E+00,0.000000E+00,0.000000E+00,2.110552E+01,4.113791E+01,2.388824E+01,4.843784E+01,2.578537E+03,1.739149E+03,8.751367E-02,1.533673E-01,0.000000E+00,0.000000E+00,0.000000E+00,0.000000E+00,0.000000E+00,0.000000E+00,0.000000E+00,0.000000E+00,2.110517E+01,4.063796E+01,2.388822E+01,4.833182E+01,4.243865E+03,2.786013E+03,1.440346E-01,2.456852E-01,0.000000E+00,0.000000E+00,0.000000E+00,0.000000E+00,0.000000E+00,0.000000E+00,0.000000E+00,0.000000E+00,2.110536E+01,4.094969E+01,2.388822E+01,4.843709E+01,2.604270E+03,1.903945E+03,8.838701E-02,1.678991E-01,0.000000E+00,0.000000E+00,0.000000E+00,0.000000E+00,0.000000E+00,0.000000E+00,0.000000E+00,0.000000E+00,2.110517E+01,4.070370E+01,2.388826E+01,4.799778E+01
22:40:00,1.023061E+03,3.429019E+03,3.472775E-02,3.023757E-01,0.000000E+00,0.000000E+00,0.000000E+00,0.000000E+00,0.000000E+00,0.000000E+00,0.000000E+00,0.000000E+00,2.111000E+01,4.949701E+01,2.388870E+01,4.739013E+01,4.177257E+03,2.730060E+03,1.417748E-01,2.407505E-01,0.000000E+00,0.000000E+00,0.000000E+00,0.000000E+00,0.000000E+00,0.000000E+00,0.000000E+00,0.000000E+00,2.110552E+01,4.113792E+01,2.388824E+01,4.845209E+01,2.578540E+03,1.726561E+03,8.751379E-02,1.522571E-01,0.000000E+00,0.000000E+00,0.000000E+00,0.000000E+00,0.000000E+00,0.000000E+00,0.000000E+00,0.000000E+00,2.110517E+01,4.063797E+01,2.388823E+01,4.834702E+01,4.243872E+03,2.766410E+03,1.440348E-01,2.439565E-01,0.000000E+00,0.000000E+00,0.000000E+00,0.000000E+00,0.000000E+00,0.000000E+00,0.000000E+00,0.000000E+00,2.110536E+01,4.094970E+01,2.388823E+01,4.845277E+01,2.604273E+03,1.882874E+03,8.838712E-02,1.660410E-01,0.000000E+00,0.000000E+00,0.000000E+00,0.000000E+00,0.000000E+00,0.000000E+00,0.000000E+00,0.000000E+00,2.110517E+01,4.070371E+01,2.388826E+01,4.802532E+01
22:50:00,1.023081E+03,3.423330E+03,3.472843E-02,3.018740E-01,0.000000E+00,0.000000E+00,0.000000E+00,0.000000E+00,0.000000E+00,0.000000E+00,0.000000E+00,0.000000E+00,2.111000E+01,4.949701E+01,2.388870E+01,4.739532E+01,4.177264E+03,2.712612E+03,1.417750E-01,2.392118E-01,0.000000E+00,0.000000E+00,0.000000E+00,0.000000E+00,0.000000E+00,0.000000E+00,0.000000E+00,0.000000E+00,2.110552E+01,4.113793E+01,2.388825E+01,4.846602E+01,2.578544E+03,1.714403E+03,8.751390E-02,1.511849E-01,0.000000E+00,0.000000E+00,0.000000E+00,0.000000E+00,0.000000E+00,0.000000E+00,0.000000E+00,0.000000E+00,2.110517E+01,4.063798E+01,2.388823E+01,4.836197E+01,4.243878E+03,2.747603E+03,1.440351E-01,2.422978E-01,0.000000E+00,0.000000E+00,0.000000E+00,0.000000E+00,0.000000E+00,0.000000E+00,0.000000E+00,0.000000E+00,2.110536E+01,4.094971E+01,2.388823E+01,4.846801E+01,2.604277E+03,1.862986E+03,8.838724E-02,1.642872E-01,0.000000E+00,0.000000E+00,0.000000E+00,0.000000E+00,0.000000E+00,0.000000E+00,0.000000E+00,0.000000E+00,2.110517E+01,4.070371E+01,2.388826E+01,4.805173E+01
23:00:00,1.023101E+03,3.417800E+03,3.472911E-02,3.013864E-01,0.000000E+00,0.000000E+00,0.000000E+00,0.000000E+00,0.000000E+00,0.000000E+00,0.000000E+00,0.000000E+00,2.111000E+01,4.949701E+01,2.388869E+01,4.740037E+01,4.177270E+03,2.695797E+03,1.417752E-01,2.377289E-01,0.000000E+00,0.000000E+00,0.000000E+00,0.000000E+00,0.000000E+00,0.000000E+00,0.000000E+00,0.000000E+00,2.110552E+01,4.113794E+01,2.388825E+01,4.847959E+01,2.578547E+03,1.702656E+03,8.751401E-02,1.501490E-01,0.000000E+00,0.000000E+00,0.000000E+00,0.000000E+00,0.000000E+00,0.000000E+00,0.000000E+00,0.000000E+00,2.110517E+01,4.063799E+01,2.388823E+01,4.837660E+01,4.243884E+03,2.729549E+03,1.440353E-01,2.407057E-01,0.000000E+00,0.000000E+00,0.000000E+00,0.000000E+00,0.000000E+00,0.000000E+00,0.000000E+00,0.000000E+00,2.110536E+01,4.094972E+01,2.388823E+01,4.848277E+01,2.604280E+03,1.844190E+03,8.838735E-02,1.626296E-01,0.000000E+00,0.000000E+00,0.000000E+00,0.000000E+00,0.000000E+00,0.000000E+00,0.000000E+00,0.000000E+00,2.110517E+01,4.070372E+01,2.388827E+01,4.807698E+01
23:10:00,1.023121E+03,3.412416E+03,3.472979E-02,3.009116E-01,0.000000E+00,0.000000E+00,0.000000E+00,0.000000E+00,0.000000E+00,0.000000E+00,0.000000E+00,0.000000E+00,2.111000E+01,4.949701E+01,2.388869E+01,4.740529E+01,4.177276E+03,2.679390E+03,1.417754E-01,2.362820E-01,0.000000E+00,0.000000E+00,0.000000E+00,0.000000E+00,0.000000E+00,0.000000E+00,0.000000E+00,0.000000E+00,2.110552E+01,4.113795E+01,2.388825E+01,4.849279E+01,2.578550E+03,1.691189E+03,8.751412E-02,1.491377E-01,0.000000E+00,0.000000E+00,0.000000E+00,0.000000E+00,0.000000E+00,0.000000E+00,0.000000E+00,0.000000E+00,2.110517E+01,4.063800E+01,2.388824E+01,4.839088E+01,4.243890E+03,2.712018E+03,1.440355E-01,2.391597E-01,0.000000E+00,0.000000E+00,0.000000E+00,0.000000E+00,0.000000E+00,0.000000E+00,0.000000E+00,0.000000E+00,2.110536E+01,4.094973E+01,2.388823E+01,4.849703E+01,2.604283E+03,1.826282E+03,8.838746E-02,1.610504E-01,0.000000E+00,0.000000E+00,0.000000E+00,0.000000E+00,0.000000E+00,0.000000E+00,0.000000E+00,0.000000E+00,2.110517E+01,4.070373E+01,2.388827E+01,4.810109E+01
23:20:00,1.023141E+03,3.407163E+03,3.473046E-02,3.004484E-01,0.000000E+00,0.000000E+00,0.000000E+00,0.000000E+00,0.000000E+00,0.000000E+00,0.000000E+00,0.000000E+00,2.111000E+01,4.949701E+01,2.388869E+01,4.741010E+01,4.177282E+03,2.663366E+03,1.417756E-01,2.348688E-01,0.000000E+00,0.000000E+00,0.000000E+00,0.000000E+00,0.000000E+00,0.000000E+00,0.000000E+00,0.000000E+00,2.110552E+01,4.113796E+01,2.388825E+01,4.850561E+01,2.578553E+03,1.679986E+03,8.751423E-02,1.481497E-01,0.000000E+00,0.000000E+00,0.000000E+00,0.000000E+00,0.000000E+00,0.000000E+00,0.000000E+00,0.000000E+00,2.110517E+01,4.063801E+01,2.388824E+01,4.840479E+01,4.243896E+03,2.694967E+03,1.440357E-01,2.376560E-01,0.000000E+00,0.000000E+00,0.000000E+00,0.000000E+00,0.000000E+00,0.000000E+00,0.000000E+00,0.000000E+00,2.110536E+01,4.094974E+01,2.388824E+01,4.851080E+01,2.604286E+03,1.809187E+03,8.838757E-02,1.595429E-01,0.000000E+00,0.000000E+00,0.000000E+00,0.000000E+00,0.000000E+00,0.000000E+00,0.000000E+00,0.000000E+00,2.110517E+01,4.070374E+01,2.388827E+01,4.812411E+01
23:30:00,1.023160E+03,3.402029E+03,3.473113E-02,2.999957E-01,0.000000E+00,0.000000E+00,0.000000E+00,0.000000E+00,0.000000E+00,0.000000E+00,0.000000E+00,0.000000E+00,2.111000E+01,4.949701E+01,2.388869E+01,4.741481E+01,4.177288E+03,2.647698E+03,1.417759E-01,2.334871E-01,0.000000E+00,0.000000E+00,0.000000E+00,0.000000E+00,0.000000E+00,0.000000E+00,0.000000E+00,0.000000E+00,2.110552E+01,4.113796E+01,2.388826E+01,4.851807E+01,2.578557E+03,1.669031E+03,8.751434E-02,1.471836E-01,0.000000E+00,0.000000E+00,0.000000E+00,0.000000E+00,0.000000E+00,0.000000E+00,0.000000E+00,0.000000E+00,2.110517E+01,4.063801E+01,2.388824E+01,4.841834E+01,4.243902E+03,2.678361E+03,1.440359E-01,2.361915E-01,0.000000E+00,0.000000E+00,0.000000E+00,0.000000E+00,0.000000E+00,0.000000E+00,0.000000E+00,0.000000E+00,2.110536E+01,4.094975E+01,2.388824E+01,4.852410E+01,2.604290E+03,1.792833E+03,8.838767E-02,1.581007E-01,0.000000E+00,0.000000E+00,0.000000E+00,0.000000E+00,0.000000E+00,0.000000E+00,0.000000E+00,0.000000E+00,2.110517E+01,4.070375E+01,2.388827E+01,4.814610E+01
23:40:00,1.023180E+03,3.397002E+03,3.473179E-02,2.995525E-01,0.000000E+00,0.000000E+00,0.000000E+00,0.000000E+00,0.000000E+00,0.000000E+00,0.000000E+00,0.000000E+00,2.111000E+01,4.949701E+01,2.388869E+01,4.741941E+01,4.177294E+03,2.632362E+03,1.417761E-01,2.321346E-01,0.000000E+00,0.000000E+00,0.000000E+00,0.000000E+00,0.000000E+00,0.000000E+00,0.000000E+00,0.000000E+00,2.110552E+01,4.113797E+01,2.388826E+01,4.853018E+01,2.578560E+03,1.658309E+03,8.751444E-02,1.462380E-01,0.000000E+00,0.000000E+00,0.000000E+00,0.000000E+00,0.000000E+00,0.000000E+00,0.000000E+00,0.000000E+00,2.110517E+01,4.063802E+01,2.388825E+01,4.843154E+01,4.243908E+03,2.662165E+03,1.440361E-01,2.347632E-01,0.000000E+00,0.000000E+00,0.000000E+00,0.000000E+00,0.000000E+00,0.000000E+00,0.000000E+00,0.000000E+00,2.110536E+01,4.094976E+01,2.388824E+01,4.853694E+01,2.604293E+03,1.777155E+03,8.838778E-02,1.567181E-01,0.000000E+00,0.000000E+00,0.000000E+00,0.000000E+00,0.000000E+00,0.000000E+00,0.000000E+00,0.000000E+00,2.110517E+01,4.070375E+01,2.388827E+01,4.816712E+01
23:50:00,1.023199E+03,3.392071E+03,3.473244E-02,2.991177E-01,0.000000E+00,0.000000E+00,0.000000E+00,0.000000E+00,0.000000E+00,0.000000E+00,0.000000E+00,0.000000E+00,2.111000E+01,4.949701E+01,2.388869E+01,4.742394E+01,4.177300E+03,2.617335E+03,1.417763E-01,2.308094E-01,0.000000E+00,0.000000E+00,0.000000E+00,0.000000E+00,0.000000E+00,0.000000E+00,0.000000E+00,0.000000E+00,2.110552E+01,4.113798E+01,2.388826E+01,4.854195E+01,2.578563E+03,1.647805E+03,8.751455E-02,1.453117E-01,0.000000E+00,0.000000E+00,0.000000E+00,0.000000E+00,0.000000E+00,0.000000E+00,0.000000E+00,0.000000E+00,2.110517E+01,4.063803E+01,2.388825E+01,4.844440E+01,4.243914E+03,2.646350E+03,1.440363E-01,2.333685E-01,0.000000E+00,0.000000E+00,0.000000E+00,0.000000E+00,0.000000E+00,0.000000E+00,0.000000E+00,0.000000E+00,2.110536E+01,4.094977E+01,2.388825E+01,4.854937E+01,2.604296E+03,1.762093E+03,8.838789E-02,1.553898E-01,0.000000E+00,0.000000E+00,0.000000E+00,0.000000E+00,0.000000E+00,0.000000E+00,0.000000E+00,0.000000E+00,2.110517E+01,4.070376E+01,2.388827E+01,4.818723E+01
24:00:00,1.023219E+03,3.387227E+03,3.473310E-02,2.986905E-01,0.000000E+00,0.000000E+00,0.000000E+00,0.000000E+00,0.000000E+00,0.000000E+00,0.000000E+00,0.000000E+00,2.111000E+01,4.949701E+01,2.388869E+01,4.742839E+01,4.177306E+03,2.602597E+03,1.417765E-01,2.295097E-01,0.000000E+00,0.000000E+00,0.000000E+00,0.000000E+00,0.000000E+00,0.000000E+00,0.000000E+00,0.000000E+00,2.110552E+01,4.113799E+01,2.388827E+01,4.855341E+01,2.578566E+03,1.637507E+03,8.751466E-02,1.444035E-01,0.000000E+00,0.000000E+00,0.000000E+00,0.000000E+00,0.000000E+00,0.000000E+00,0.000000E+00,0.000000E+00,2.110517E+01,4.063804E+01,2.388825E+01,4.845694E+01,4.243920E+03,2.630888E+03,1.440365E-01,2.320049E-01,0.000000E+00,0.000000E+00,0.000000E+00,0.000000E+00,0.000000E+00,0.000000E+00,0.000000E+00,0.000000E+00,2.110536E+01,4.094978E+01,2.388825E+01,4.856140E+01,2.604299E+03,1.747593E+03,8.838799E-02,1.541111E-01,0.000000E+00,0.000000E+00,0.000000E+00,0.000000E+00,0.000000E+00,0.000000E+00,0.000000E+00,0.000000E+00,2.110517E+01,4.070377E+01,2.388828E+01,4.820649E+01
Peak,1.023219E+03,3.607098E+03,3.473310E-02,3.180712E-01,0.000000E+00,0.000000E+00,0.000000E+00,0.000000E+00,0.000000E+00,0.000000E+00,0.000000E+00,0.000000E+00,,,,,4.177306E+03,3.691992E+03,1.417765E-01,3.255861E-01,0.000000E+00,0.000000E+00,0.000000E+00,0.000000E+00,0.000000E+00,0.000000E+00,0.000000E+00,0.000000E+00,,,,,2.578566E+03,2.769675E+03,8.751466E-02,2.442280E-01,0.000000E+00,0.000000E+00,0.000000E+00,0.000000E+00,0.000000E+00,0.000000E+00,0.000000E+00,0.000000E+00,,,,,4.243920E+03,3.673148E+03,1.440365E-01,3.239254E-01,0.000000E+00,0.000000E+00,0.000000E+00,0.000000E+00,0.000000E+00,0.000000E+00,0.000000E+00,0.000000E+00,,,,,2.604299E+03,3.131286E+03,8.838799E-02,2.761230E-01,0.000000E+00,0.000000E+00,0.000000E+00,0.000000E+00,0.000000E+00,0.000000E+00,0.000000E+00,0.000000E+00,,,,

Peak Vol Flow (m3/s),,,2.991714E-02,2.739686E-01,,,0.000000E+00,0.000000E+00,,,,,,,,,,,1.221183E-01,2.804416E-01,,,0.000000E+00,0.000000E+00,,,,,,,,,,,7.538021E-02,2.103643E-01,,,0.000000E+00,0.000000E+00,,,,,,,,,,,1.240650E-01,2.790111E-01,,,0.000000E+00,0.000000E+00,,,,,,,,,,,7.613245E-02,2.378368E-01,,,0.000000E+00,0.000000E+00,,,,,,,,
