Time,CORE_ZN ZN PSZ-AC-1:DesPer 1:Des Heat Mass Flow [kg/s],CORE_ZN ZN PSZ-AC-1:DesPer 1:Des Heat Cap [W],CORE_ZN ZN PSZ-AC-1:DesPer 1:Des Cool Mass Flow [kg/s],CORE_ZN ZN PSZ-AC-1:DesPer 1:Des Sens Cool Cap [W],CORE_ZN ZN PSZ-AC-1:DesPer 1:Des Tot Cool Cap [W],CORE_ZN ZN PSZ-AC-1:DesPer 2:Des Heat Mass Flow [kg/s],CORE_ZN ZN PSZ-AC-1:DesPer 2:Des Heat Cap [W],CORE_ZN ZN PSZ-AC-1:DesPer 2:Des Cool Mass Flow [kg/s],CORE_ZN ZN PSZ-AC-1:DesPer 2:Des Sens Cool Cap [W],CORE_ZN ZN PSZ-AC-1:DesPer 2:Des Tot Cool Cap [W],CORE_ZN ZN PSZ-AC-1:DesPer 3:Des Heat Mass Flow [kg/s],CORE_ZN ZN PSZ-AC-1:DesPer 3:Des Heat Cap [W],CORE_ZN ZN PSZ-AC-1:DesPer 3:Des Cool Mass Flow [kg/s],CORE_ZN ZN PSZ-AC-1:DesPer 3:Des Sens Cool Cap [W],CORE_ZN ZN PSZ-AC-1:DesPer 3:Des Tot Cool Cap [W],PERIMETER_ZN_1 ZN PSZ-AC-2:DesPer 1:Des Heat Mass Flow [kg/s],PERIMETER_ZN_1 ZN PSZ-AC-2:DesPer 1:Des Heat Cap [W],PERIMETER_ZN_1 ZN PSZ-AC-2:DesPer 1:Des Cool Mass Flow [kg/s],PERIMETER_ZN_1 ZN PSZ-AC-2:DesPer 1:Des Sens Cool Cap [W],PERIMETER_ZN_1 ZN PSZ-AC-2:DesPer 1:Des Tot Cool Cap [W],PERIMETER_ZN_1 ZN PSZ-AC-2:DesPer 2:Des Heat Mass Flow [kg/s],PERIMETER_ZN_1 ZN PSZ-AC-2:DesPer 2:Des Heat Cap [W],PERIMETER_ZN_1 ZN PSZ-AC-2:DesPer 2:Des Cool Mass Flow [kg/s],PERIMETER_ZN_1 ZN PSZ-AC-2:DesPer 2:Des Sens Cool Cap [W],PERIMETER_ZN_1 ZN PSZ-AC-2:DesPer 2:Des Tot Cool Cap [W],PERIMETER_ZN_1 ZN PSZ-AC-2:DesPer 3:Des Heat Mass Flow [kg/s],PERIMETER_ZN_1 ZN PSZ-AC-2:DesPer 3:Des Heat Cap [W],PERIMETER_ZN_1 ZN PSZ-AC-2:DesPer 3:Des Cool Mass Flow [kg/s],PERIMETER_ZN_1 ZN PSZ-AC-2:DesPer 3:Des Sens Cool Cap [W],PERIMETER_ZN_1 ZN PSZ-AC-2:DesPer 3:Des Tot Cool Cap [W],PERIMETER_ZN_2 ZN PSZ-AC-3:DesPer 1:Des Heat Mass Flow [kg/s],PERIMETER_ZN_2 ZN PSZ-AC-3:DesPer 1:Des Heat Cap [W],PERIMETER_ZN_2 ZN PSZ-AC-3:DesPer 1:Des Cool Mass Flow [kg/s],PERIMETER_ZN_2 ZN PSZ-AC-3:DesPer 1:Des Sens Cool Cap [W],PERIMETER_ZN_2 ZN PSZ-AC-3:DesPer 1:Des Tot Cool Cap [W],PERIMETER_ZN_2 ZN PSZ-AC-3:DesPer 2:Des Heat Mass Flow [kg/s],PERIMETER_ZN_2 ZN PSZ-AC-3:DesPer 2:Des Heat Cap [W],PERIMETER_ZN_2 ZN PSZ-AC-3:DesPer 2:Des Cool Mass Flow [kg/s],PERIMETER_ZN_2 ZN PSZ-AC-3:DesPer 2:Des Sens Cool Cap [W],PERIMETER_ZN_2 ZN PSZ-AC-3:DesPer 2:Des Tot Cool Cap [W],PERIMETER_ZN_2 ZN PSZ-AC-3:DesPer 3:Des Heat Mass Flow [kg/s],PERIMETER_ZN_2 ZN PSZ-AC-3:DesPer 3:Des Heat Cap [W],PERIMETER_ZN_2 ZN PSZ-AC-3:DesPer 3:Des Cool Mass Flow [kg/s],PERIMETER_ZN_2 ZN PSZ-AC-3:DesPer 3:Des Sens Cool Cap [W],PERIMETER_ZN_2 ZN PSZ-AC-3:DesPer 3:Des Tot Cool Cap [W],PERIMETER_ZN_3 ZN PSZ-AC-4:DesPer 1:Des Heat Mass Flow [kg/s],PERIMETER_ZN_3 ZN PSZ-AC-4:DesPer 1:Des Heat Cap [W],PERIMETER_ZN_3 ZN PSZ-AC-4:DesPer 1:Des Cool Mass Flow [kg/s],PERIMETER_ZN_3 ZN PSZ-AC-4:DesPer 1:Des Sens Cool Cap [W],PERIMETER_ZN_3 ZN PSZ-AC-4:DesPer 1:Des Tot Cool Cap [W],PERIMETER_ZN_3 ZN PSZ-AC-4:DesPer 2:Des Heat Mass Flow [kg/s],PERIMETER_ZN_3 ZN PSZ-AC-4:DesPer 2:Des Heat Cap [W],PERIMETER_ZN_3 ZN PSZ-AC-4:DesPer 2:Des Cool Mass Flow [kg/s],PERIMETER_ZN_3 ZN PSZ-AC-4:DesPer 2:Des Sens Cool Cap [W],PERIMETER_ZN_3 ZN PSZ-AC-4:DesPer 2:Des Tot Cool Cap [W],PERIMETER_ZN_3 ZN PSZ-AC-4:DesPer 3:Des Heat Mass Flow [kg/s],PERIMETER_ZN_3 ZN PSZ-AC-4:DesPer 3:Des Heat Cap [W],PERIMETER_ZN_3 ZN PSZ-AC-4:DesPer 3:Des Cool Mass Flow [kg/s],PERIMETER_ZN_3 ZN PSZ-AC-4:DesPer 3:Des Sens Cool Cap [W],PERIMETER_ZN_3 ZN PSZ-AC-4:DesPer 3:Des Tot Cool Cap [W],PERIMETER_ZN_4 ZN PSZ-AC-5:DesPer 1:Des Heat Mass Flow [kg/s],PERIMETER_ZN_4 ZN PSZ-AC-5:DesPer 1:Des Heat Cap [W],PERIMETER_ZN_4 ZN PSZ-AC-5:DesPer 1:Des Cool Mass Flow [kg/s],PERIMETER_ZN_4 ZN PSZ-AC-5:DesPer 1:Des Sens Cool Cap [W],PERIMETER_ZN_4 ZN PSZ-AC-5:DesPer 1:Des Tot Cool Cap [W],PERIMETER_ZN_4 ZN PSZ-AC-5:DesPer 2:Des Heat Mass Flow [kg/s],PERIMETER_ZN_4 ZN PSZ-AC-5:DesPer 2:Des Heat Cap [W],PERIMETER_ZN_4 ZN PSZ-AC-5:DesPer 2:Des Cool Mass Flow [kg/s],PERIMETER_ZN_4 ZN PSZ-AC-5:DesPer 2:Des Sens Cool Cap [W],PERIMETER_ZN_4 ZN PSZ-AC-5:DesPer 2:Des Tot Cool Cap [W],PERIMETER_ZN_4 ZN PSZ-AC-5:DesPer 3:Des Heat Mass Flow [kg/s],PERIMETER_ZN_4 ZN PSZ-AC-5:DesPer 3:Des Heat Cap [W],PERIMETER_ZN_4 ZN PSZ-AC-5:DesPer 3:Des Cool Mass Flow [kg/s],PERIMETER_ZN_4 ZN PSZ-AC-5:DesPer 3:Des Sens Cool Cap [W],PERIMETER_ZN_4 ZN PSZ-AC-5:DesPer 3:Des Tot Cool Cap [W]
00:10:00,7.502560E-02,1.770537E+03,3.445091E-01,4.044404E+03,5.669389E+03,7.502560E-02,2.011785E+03,3.337423E-01,3.682943E+03,6.053518E+03,7.502560E-02,4.244464E+03,7.502560E-02,0.000000E+00,0.000000E+00,5.687426E-02,1.342182E+03,2.640780E-01,3.098407E+03,4.454393E+03,5.687426E-02,1.525063E+03,2.331851E-01,2.570593E+03,4.509370E+03,1.661153E-01,6.389376E+03,5.687426E-02,0.000000E+00,0.000000E+00,3.373854E-02,7.961994E+02,1.664068E-01,1.946893E+03,2.766736E+03,3.373854E-02,9.046873E+02,1.477392E-01,1.629971E+03,2.799275E+03,1.026307E-01,3.909006E+03,3.373854E-02,0.000000E+00,0.000000E+00,5.687426E-02,1.342182E+03,2.669945E-01,3.130964E+03,4.494411E+03,5.687426E-02,1.525063E+03,2.355383E-01,2.596860E+03,4.544527E+03,1.688260E-01,6.468100E+03,5.687426E-02,0.000000E+00,0.000000E+00,3.373854E-02,7.961994E+02,1.776661E-01,2.072600E+03,2.899241E+03,3.373854E-02,9.046873E+02,1.584042E-01,1.749043E+03,2.926217E+03,1.036797E-01,3.939465E+03,3.373854E-02,0.000000E+00,0.000000E+00
00:20:00,7.502560E-02,1.777699E+03,3.442180E-01,4.033992E+03,5.658588E+03,7.502560E-02,2.018947E+03,3.334447E-01,3.672458E+03,6.042617E+03,7.502560E-02,4.244464E+03,7.502560E-02,0.000000E+00,0.000000E+00,5.687426E-02,1.347611E+03,2.627561E-01,3.078221E+03,4.431940E+03,5.687426E-02,1.530493E+03,2.319763E-01,2.551669E+03,4.490352E+03,1.660983E-01,6.388882E+03,5.687426E-02,0.000000E+00,0.000000E+00,3.373854E-02,7.994201E+02,1.654683E-01,1.933195E+03,2.751515E+03,3.373854E-02,9.079080E+02,1.468752E-01,1.617105E+03,2.786431E+03,1.026206E-01,3.908713E+03,3.373854E-02,0.000000E+00,0.000000E+00,5.687426E-02,1.347611E+03,2.656081E-01,3.110058E+03,4.471149E+03,5.687426E-02,1.530493E+03,2.342931E-01,2.577530E+03,4.525172E+03,1.688090E-01,6.467606E+03,5.687426E-02,0.000000E+00,0.000000E+00,3.373854E-02,7.994201E+02,1.763485E-01,2.054670E+03,2.879615E+03,3.373854E-02,9.079080E+02,1.571740E-01,1.732087E+03,2.909213E+03,1.036696E-01,3.939173E+03,3.373854E-02,0.000000E+00,0.000000E+00
00:30:00,7.502560E-02,1.784861E+03,3.439307E-01,4.023622E+03,5.647831E+03,7.502560E-02,2.026109E+03,3.331508E-01,3.662015E+03,6.031761E+03,7.502560E-02,4.244464E+03,7.502560E-02,0.000000E+00,0.000000E+00,5.687426E-02,1.353040E+03,2.614660E-01,3.058388E+03,4.409894E+03,5.687426E-02,1.535922E+03,2.307850E-01,2.532940E+03,4.471693E+03,1.660813E-01,6.388389E+03,5.687426E-02,0.000000E+00,0.000000E+00,3.373854E-02,8.026409E+02,1.645517E-01,1.919741E+03,2.736575E+03,3.373854E-02,9.111288E+02,1.460231E-01,1.604371E+03,2.773818E+03,1.026105E-01,3.908421E+03,3.373854E-02,0.000000E+00,0.000000E+00,5.687426E-02,1.353040E+03,2.642587E-01,3.089563E+03,4.448355E+03,5.687426E-02,1.535922E+03,2.330651E-01,2.558391E+03,4.506168E+03,1.687920E-01,6.467112E+03,5.687426E-02,0.000000E+00,0.000000E+00,3.373854E-02,8.026409E+02,1.750802E-01,2.037289E+03,2.860588E+03,3.373854E-02,9.111288E+02,1.559853E-01,1.715595E+03,2.892777E+03,1.036596E-01,3.938881E+03,3.373854E-02,0.000000E+00,0.000000E+00
00:40:00,7.502560E-02,1.792023E+03,3.436470E-01,4.013291E+03,5.637116E+03,7.502560E-02,2.033271E+03,3.328606E-01,3.651613E+03,6.020945E+03,7.502560E-02,4.244464E+03,7.502560E-02,0.000000E+00,0.000000E+00,5.687426E-02,1.358470E+03,2.602066E-01,3.038899E+03,4.388239E+03,5.687426E-02,1.541351E+03,2.296120E-01,2.514414E+03,4.453343E+03,1.660643E-01,6.387896E+03,5.687426E-02,0.000000E+00,0.000000E+00,3.373854E-02,8.058616E+02,1.636563E-01,1.906524E+03,2.721904E+03,3.373854E-02,9.143495E+02,1.451841E-01,1.591783E+03,2.761410E+03,1.026005E-01,3.908129E+03,3.373854E-02,0.000000E+00,0.000000E+00,5.687426E-02,1.358470E+03,2.629446E-01,3.069464E+03,4.426009E+03,5.687426E-02,1.541351E+03,2.318550E-01,2.539451E+03,4.487463E+03,1.687750E-01,6.466619E+03,5.687426E-02,0.000000E+00,0.000000E+00,3.373854E-02,8.058616E+02,1.738577E-01,2.020420E+03,2.842117E+03,3.373854E-02,9.143495E+02,1.548331E-01,1.699510E+03,2.876806E+03,1.036495E-01,3.938589E+03,3.373854E-02,0.000000E+00,0.000000E+00
00:50:00,7.502560E-02,1.799185E+03,3.433666E-01,4.002999E+03,5.626438E+03,7.502560E-02,2.040433E+03,3.325739E-01,3.641249E+03,5.999814E+03,7.502560E-02,4.244464E+03,7.502560E-02,0.000000E+00,0.000000E+00,5.687426E-02,1.363899E+03,2.589771E-01,3.019743E+03,4.366961E+03,5.687426E-02,1.546781E+03,2.284568E-01,2.496088E+03,4.427422E+03,1.660474E-01,6.387404E+03,5.687426E-02,0.000000E+00,0.000000E+00,3.373854E-02,8.090823E+02,1.627814E-01,1.893536E+03,2.707491E+03,3.373854E-02,9.175702E+02,1.443579E-01,1.579338E+03,2.744534E+03,1.025904E-01,3.907838E+03,3.373854E-02,0.000000E+00,0.000000E+00,5.687426E-02,1.363899E+03,2.616645E-01,3.049744E+03,4.404089E+03,5.687426E-02,1.546781E+03,2.306646E-01,2.520731E+03,4.461206E+03,1.687581E-01,6.466127E+03,5.687426E-02,0.000000E+00,0.000000E+00,3.373854E-02,8.090823E+02,1.726778E-01,2.004027E+03,2.824160E+03,3.373854E-02,9.175702E+02,1.537125E-01,1.683778E+03,2.856568E+03,1.036395E-01,3.938298E+03,3.373854E-02,0.000000E+00,0.000000E+00
01:00:00,7.502560E-02,1.806347E+03,3.430894E-01,3.992742E+03,5.615797E+03,7.502560E-02,2.047596E+03,3.322904E-01,3.630922E+03,5.968398E+03,7.502560E-02,4.244464E+03,7.502560E-02,0.000000E+00,0.000000E+00,5.687426E-02,1.369328E+03,2.577764E-01,3.000910E+03,4.346044E+03,5.687426E-02,1.552210E+03,2.273190E-01,2.477955E+03,4.393795E+03,1.660304E-01,6.386912E+03,5.687426E-02,0.000000E+00,0.000000E+00,3.373854E-02,8.123031E+02,1.619264E-01,1.880770E+03,2.693325E+03,3.373854E-02,9.207910E+02,1.435444E-01,1.567034E+03,2.723093E+03,1.025804E-01,3.907546E+03,3.373854E-02,0.000000E+00,0.000000E+00,5.687426E-02,1.369328E+03,2.604172E-01,3.030389E+03,4.382577E+03,5.687426E-02,1.552210E+03,2.294934E-01,2.502226E+03,4.427256E+03,1.687411E-01,6.465635E+03,5.687426E-02,0.000000E+00,0.000000E+00,3.373854E-02,8.123031E+02,1.715378E-01,1.988079E+03,2.806681E+03,3.373854E-02,9.207910E+02,1.526232E-01,1.668395E+03,2.831964E+03,1.036295E-01,3.938007E+03,3.373854E-02,0.000000E+00,0.000000E+00
01:10:00,7.502560E-02,1.811122E+03,3.428781E-01,3.985608E+03,5.608446E+03,7.502560E-02,2.052370E+03,3.320741E-01,3.623732E+03,5.947253E+03,7.502560E-02,4.244464E+03,7.502560E-02,0.000000E+00,0.000000E+00,5.687426E-02,1.372948E+03,2.566561E-01,2.984783E+03,4.328036E+03,5.687426E-02,1.555830E+03,2.262516E-01,2.462417E+03,4.367959E+03,1.660313E-01,6.386936E+03,5.687426E-02,0.000000E+00,0.000000E+00,3.373854E-02,8.144502E+02,1.611216E-01,1.869638E+03,2.680913E+03,3.373854E-02,9.229381E+02,1.427747E-01,1.556294E+03,2.706252E+03,1.025809E-01,3.907560E+03,3.373854E-02,0.000000E+00,0.000000E+00,5.687426E-02,1.372948E+03,2.592538E-01,3.013781E+03,4.364016E+03,5.687426E-02,1.555830E+03,2.283945E-01,2.486336E+03,4.401099E+03,1.687419E-01,6.465659E+03,5.687426E-02,0.000000E+00,0.000000E+00,3.373854E-02,8.144502E+02,1.704662E-01,1.973968E+03,2.791163E+03,3.373854E-02,9.229381E+02,1.515953E-01,1.654771E+03,2.812139E+03,1.036299E-01,3.938021E+03,3.373854E-02,0.000000E+00,0.000000E+00
01:20:00,7.502560E-02,1.815897E+03,3.426696E-01,3.978506E+03,5.601129E+03,7.502560E-02,2.057145E+03,3.318607E-01,3.616575E+03,5.926191E+03,7.502560E-02,4.244464E+03,7.502560E-02,0.000000E+00,0.000000E+00,5.687426E-02,1.376567E+03,2.555713E-01,2.969053E+03,4.310507E+03,5.687426E-02,1.559449E+03,2.252103E-01,2.447171E+03,4.342136E+03,1.660321E-01,6.386959E+03,5.687426E-02,0.000000E+00,0.000000E+00,3.373854E-02,8.165974E+02,1.603403E-01,1.858768E+03,2.668818E+03,3.373854E-02,9.250853E+02,1.420227E-01,1.545749E+03,2.689398E+03,1.025814E-01,3.907574E+03,3.373854E-02,0.000000E+00,0.000000E+00,5.687426E-02,1.376567E+03,2.581293E-01,2.997609E+03,4.345978E+03,5.687426E-02,1.559449E+03,2.273236E-01,2.470760E+03,4.374959E+03,1.687427E-01,6.465682E+03,5.687426E-02,0.000000E+00,0.000000E+00,3.373854E-02,8.165974E+02,1.694346E-01,1.960304E+03,2.776156E+03,3.373854E-02,9.250853E+02,1.506009E-01,1.641522E+03,2.792468E+03,1.036304E-01,3.938035E+03,3.373854E-02,0.000000E+00,0.000000E+00
01:30:00,7.502560E-02,1.820671E+03,3.424641E-01,3.971436E+03,5.593845E+03,7.502560E-02,2.061920E+03,3.316503E-01,3.609452E+03,5.905212E+03,7.502560E-02,4.244464E+03,7.502560E-02,0.000000E+00,0.000000E+00,5.687426E-02,1.380187E+03,2.545216E-01,2.953714E+03,4.293460E+03,5.687426E-02,1.563069E+03,2.241953E-01,2.432219E+03,4.316377E+03,1.660329E-01,6.386983E+03,5.687426E-02,0.000000E+00,0.000000E+00,3.373854E-02,8.187445E+02,1.595822E-01,1.848158E+03,2.657045E+03,3.373854E-02,9.272324E+02,1.412883E-01,1.535403E+03,2.672575E+03,1.025818E-01,3.907588E+03,3.373854E-02,0.000000E+00,0.000000E+00,5.687426E-02,1.380187E+03,2.570432E-01,2.981864E+03,4.328464E+03,5.687426E-02,1.563069E+03,2.262812E-01,2.455501E+03,4.348892E+03,1.687436E-01,6.465706E+03,5.687426E-02,0.000000E+00,0.000000E+00,3.373854E-02,8.187445E+02,1.684412E-01,1.947067E+03,2.761646E+03,3.373854E-02,9.272324E+02,1.496389E-01,1.628633E+03,2.772983E+03,1.036309E-01,3.938049E+03,3.373854E-02,0.000000E+00,0.000000E+00
01:40:00,7.502560E-02,1.825446E+03,3.422615E-01,3.964399E+03,5.586595E+03,7.502560E-02,2.066694E+03,3.314429E-01,3.602361E+03,5.884317E+03,7.502560E-02,4.244464E+03,7.502560E-02,0.000000E+00,0.000000E+00,5.687426E-02,1.383806E+03,2.535066E-01,2.938763E+03,4.276887E+03,5.687426E-02,1.566688E+03,2.232070E-01,2.417565E+03,4.290766E+03,1.660337E-01,6.387006E+03,5.687426E-02,0.000000E+00,0.000000E+00,3.373854E-02,8.208917E+02,1.588471E-01,1.837804E+03,2.645586E+03,3.373854E-02,9.293796E+02,1.405719E-01,1.525257E+03,2.655841E+03,1.025823E-01,3.907602E+03,3.373854E-02,0.000000E+00,0.000000E+00,5.687426E-02,1.383806E+03,2.559949E-01,2.966541E+03,4.311462E+03,5.687426E-02,1.566688E+03,2.252673E-01,2.440562E+03,4.322985E+03,1.687444E-01,6.465729E+03,5.687426E-02,0.000000E+00,0.000000E+00,3.373854E-02,8.208917E+02,1.674845E-01,1.934239E+03,2.747610E+03,3.373854E-02,9.293796E+02,1.487080E-01,1.616092E+03,2.753738E+03,1.036314E-01,3.938062E+03,3.373854E-02,0.000000E+00,0.000000E+00
01:50:00,7.502560E-02,1.830221E+03,3.420617E-01,3.957394E+03,5.579379E+03,7.502560E-02,2.071469E+03,3.312384E-01,3.595303E+03,5.863505E+03,7.502560E-02,4.244464E+03,7.502560E-02,0.000000E+00,0.000000E+00,5.687426E-02,1.387426E+03,2.525260E-01,2.924197E+03,4.260774E+03,5.687426E-02,1.570308E+03,2.222464E-01,2.403220E+03,4.265383E+03,1.660345E-01,6.387030E+03,5.687426E-02,0.000000E+00,0.000000E+00,3.373854E-02,8.230389E+02,1.581346E-01,1.827703E+03,2.634430E+03,3.373854E-02,9.315267E+02,1.398738E-01,1.515315E+03,2.639254E+03,1.025828E-01,3.907616E+03,3.373854E-02,0.000000E+00,0.000000E+00,5.687426E-02,1.387426E+03,2.549838E-01,2.951633E+03,4.294956E+03,5.687426E-02,1.570308E+03,2.242829E-01,2.425951E+03,4.297320E+03,1.687452E-01,6.465752E+03,5.687426E-02,0.000000E+00,0.000000E+00,3.373854E-02,8.230389E+02,1.665631E-01,1.921805E+03,2.734023E+03,3.373854E-02,9.315267E+02,1.478076E-01,1.603892E+03,2.734778E+03,1.036319E-01,3.938076E+03,3.373854E-02,0.000000E+00,0.000000E+00
02:00:00,7.502560E-02,1.834995E+03,3.418649E-01,3.950422E+03,5.572196E+03,7.502560E-02,2.076244E+03,3.310368E-01,3.588278E+03,5.842776E+03,7.502560E-02,4.244464E+03,7.502560E-02,0.000000E+00,0.000000E+00,5.687426E-02,1.391045E+03,2.515797E-01,2.910013E+03,4.245110E+03,5.687426E-02,1.573927E+03,2.213143E-01,2.389194E+03,4.240289E+03,1.660353E-01,6.387053E+03,5.687426E-02,0.000000E+00,0.000000E+00,3.373854E-02,8.251860E+02,1.574447E-01,1.817853E+03,2.623567E+03,3.373854E-02,9.336739E+02,1.391946E-01,1.505585E+03,2.622852E+03,1.025833E-01,3.907630E+03,3.373854E-02,0.000000E+00,0.000000E+00,5.687426E-02,1.391045E+03,2.540094E-01,2.937136E+03,4.278930E+03,5.687426E-02,1.573927E+03,2.233287E-01,2.411678E+03,4.271958E+03,1.687460E-01,6.465776E+03,5.687426E-02,0.000000E+00,0.000000E+00,3.373854E-02,8.251860E+02,1.656758E-01,1.909752E+03,2.720864E+03,3.373854E-02,9.336739E+02,1.469371E-01,1.592026E+03,2.716132E+03,1.036323E-01,3.938090E+03,3.373854E-02,0.000000E+00,0.000000E+00
02:10:00,7.502560E-02,1.838576E+03,3.416710E-01,3.944676E+03,5.566269E+03,7.502560E-02,2.079825E+03,3.308382E-01,3.582480E+03,5.826707E+03,7.502560E-02,4.244464E+03,7.502560E-02,0.000000E+00,0.000000E+00,5.687426E-02,1.393760E+03,2.506584E-01,2.897012E+03,4.230692E+03,5.687426E-02,1.576642E+03,2.204040E-01,2.376315E+03,4.218887E+03,1.660361E-01,6.387076E+03,5.687426E-02,0.000000E+00,0.000000E+00,3.373854E-02,8.267964E+02,1.567718E-01,1.808731E+03,2.613470E+03,3.373854E-02,9.352843E+02,1.385303E-01,1.496558E+03,2.608659E+03,1.025837E-01,3.907644E+03,3.373854E-02,0.000000E+00,0.000000E+00,5.687426E-02,1.393760E+03,2.530625E-01,2.923850E+03,4.264179E+03,5.687426E-02,1.576642E+03,2.223979E-01,2.398571E+03,4.250307E+03,1.687468E-01,6.465799E+03,5.687426E-02,0.000000E+00,0.000000E+00,3.373854E-02,8.267964E+02,1.648161E-01,1.898544E+03,2.708593E+03,3.373854E-02,9.352843E+02,1.460916E-01,1.580976E+03,2.699814E+03,1.036328E-01,3.938104E+03,3.373854E-02,0.000000E+00,0.000000E+00
02:20:00,7.502560E-02,1.842157E+03,3.414800E-01,3.938962E+03,5.560376E+03,7.502560E-02,2.083406E+03,3.306426E-01,3.576714E+03,5.810699E+03,7.502560E-02,4.244464E+03,7.502560E-02,0.000000E+00,0.000000E+00,5.687426E-02,1.396475E+03,2.497618E-01,2.884288E+03,4.216602E+03,5.687426E-02,1.579357E+03,2.195151E-01,2.363677E+03,4.197704E+03,1.660369E-01,6.387099E+03,5.687426E-02,0.000000E+00,0.000000E+00,3.373854E-02,8.284067E+02,1.561158E-01,1.799797E+03,2.603597E+03,3.373854E-02,9.368946E+02,1.378809E-01,1.487697E+03,2.594616E+03,1.025842E-01,3.907657E+03,3.373854E-02,0.000000E+00,0.000000E+00,5.687426E-02,1.396475E+03,2.521423E-01,2.910862E+03,4.249782E+03,5.687426E-02,1.579357E+03,2.214901E-01,2.385721E+03,4.228890E+03,1.687476E-01,6.465822E+03,5.687426E-02,0.000000E+00,0.000000E+00,3.373854E-02,8.284067E+02,1.639831E-01,1.887633E+03,2.696659E+03,3.373854E-02,9.368946E+02,1.452703E-01,1.570196E+03,2.683756E+03,1.036333E-01,3.938118E+03,3.373854E-02,0.000000E+00,0.000000E+00
02:30:00,7.502560E-02,1.845739E+03,3.412917E-01,3.933279E+03,5.554516E+03,7.502560E-02,2.086987E+03,3.304499E-01,3.570981E+03,5.794753E+03,7.502560E-02,4.244464E+03,7.502560E-02,0.000000E+00,0.000000E+00,5.687426E-02,1.399189E+03,2.488895E-01,2.871836E+03,4.202838E+03,5.687426E-02,1.582071E+03,2.186478E-01,2.351278E+03,4.176752E+03,1.660377E-01,6.387123E+03,5.687426E-02,0.000000E+00,0.000000E+00,3.373854E-02,8.300171E+02,1.554764E-01,1.791049E+03,2.593947E+03,3.373854E-02,9.385050E+02,1.372462E-01,1.479001E+03,2.580734E+03,1.025847E-01,3.907671E+03,3.373854E-02,0.000000E+00,0.000000E+00,5.687426E-02,1.399189E+03,2.512482E-01,2.898165E+03,4.235733E+03,5.687426E-02,1.582071E+03,2.206053E-01,2.373128E+03,4.207720E+03,1.687484E-01,6.465846E+03,5.687426E-02,0.000000E+00,0.000000E+00,3.373854E-02,8.300171E+02,1.631756E-01,1.877008E+03,2.685052E+03,3.373854E-02,9.385050E+02,1.444723E-01,1.559677E+03,2.667958E+03,1.036338E-01,3.938131E+03,3.373854E-02,0.000000E+00,0.000000E+00
02:40:00,7.502560E-02,1.849320E+03,3.411062E-01,3.927627E+03,5.548686E+03,7.502560E-02,2.090568E+03,3.302599E-01,3.565279E+03,5.778866E+03,7.502560E-02,4.244464E+03,7.502560E-02,0.000000E+00,0.000000E+00,5.687426E-02,1.401904E+03,2.480413E-01,2.859650E+03,4.189392E+03,5.687426E-02,1.584786E+03,2.178015E-01,2.339116E+03,4.156039E+03,1.660385E-01,6.387146E+03,5.687426E-02,0.000000E+00,0.000000E+00,3.373854E-02,8.316275E+02,1.548535E-01,1.782483E+03,2.584514E+03,3.373854E-02,9.401154E+02,1.366261E-01,1.470467E+03,2.567015E+03,1.025852E-01,3.907685E+03,3.373854E-02,0.000000E+00,0.000000E+00,5.687426E-02,1.401904E+03,2.503797E-01,2.885754E+03,4.222023E+03,5.687426E-02,1.584786E+03,2.197428E-01,2.360783E+03,4.186803E+03,1.687492E-01,6.465869E+03,5.687426E-02,0.000000E+00,0.000000E+00,3.373854E-02,8.316275E+02,1.623929E-01,1.866659E+03,2.673759E+03,3.373854E-02,9.401154E+02,1.436968E-01,1.549408E+03,2.652417E+03,1.036342E-01,3.938145E+03,3.373854E-02,0.000000E+00,0.000000E+00
02:50:00,7.502560E-02,1.852901E+03,3.409234E-01,3.922004E+03,5.542888E+03,7.502560E-02,2.094149E+03,3.300727E-01,3.559608E+03,5.763039E+03,7.502560E-02,4.244464E+03,7.502560E-02,0.000000E+00,0.000000E+00,5.687426E-02,1.404619E+03,2.472165E-01,2.847728E+03,4.176253E+03,5.687426E-02,1.587501E+03,2.169765E-01,2.327190E+03,4.135576E+03,1.660393E-01,6.387169E+03,5.687426E-02,0.000000E+00,0.000000E+00,3.373854E-02,8.332378E+02,1.542466E-01,1.774097E+03,2.575289E+03,3.373854E-02,9.417257E+02,1.360205E-01,1.462096E+03,2.553467E+03,1.025856E-01,3.907699E+03,3.373854E-02,0.000000E+00,0.000000E+00,5.687426E-02,1.404619E+03,2.495362E-01,2.873624E+03,4.208639E+03,5.687426E-02,1.587501E+03,2.189026E-01,2.348689E+03,4.166149E+03,1.687500E-01,6.465892E+03,5.687426E-02,0.000000E+00,0.000000E+00,3.373854E-02,8.332378E+02,1.616340E-01,1.856576E+03,2.662765E+03,3.373854E-02,9.417257E+02,1.429432E-01,1.539384E+03,2.637134E+03,1.036347E-01,3.938159E+03,3.373854E-02,0.000000E+00,0.000000E+00
03:00:00,7.502560E-02,1.856482E+03,3.407431E-01,3.916411E+03,5.537121E+03,7.502560E-02,2.097730E+03,3.298882E-01,3.553967E+03,5.747268E+03,7.502560E-02,4.244464E+03,7.502560E-02,0.000000E+00,0.000000E+00,5.687426E-02,1.407333E+03,2.464150E-01,2.836065E+03,4.163413E+03,5.687426E-02,1.590215E+03,2.161722E-01,2.315496E+03,4.115368E+03,1.660401E-01,6.387192E+03,5.687426E-02,0.000000E+00,0.000000E+00,3.373854E-02,8.348482E+02,1.536555E-01,1.765888E+03,2.566267E+03,3.373854E-02,9.433361E+02,1.354292E-01,1.453884E+03,2.540092E+03,1.025861E-01,3.907712E+03,3.373854E-02,0.000000E+00,0.000000E+00,5.687426E-02,1.407333E+03,2.487174E-01,2.861768E+03,4.195571E+03,5.687426E-02,1.590215E+03,2.180843E-01,2.336839E+03,4.145763E+03,1.687508E-01,6.465915E+03,5.687426E-02,0.000000E+00,0.000000E+00,3.373854E-02,8.348482E+02,1.608981E-01,1.846750E+03,2.652055E+03,3.373854E-02,9.433361E+02,1.422107E-01,1.529596E+03,2.622103E+03,1.036352E-01,3.938173E+03,3.373854E-02,0.000000E+00,0.000000E+00
03:10:00,7.502560E-02,1.860063E+03,3.405653E-01,3.910845E+03,5.531382E+03,7.502560E-02,2.101311E+03,3.297062E-01,3.548354E+03,5.731556E+03,7.502560E-02,4.244464E+03,7.502560E-02,0.000000E+00,0.000000E+00,5.687426E-02,1.410048E+03,2.456282E-01,2.824567E+03,4.150753E+03,5.687426E-02,1.592930E+03,2.153807E-01,2.303945E+03,4.095308E+03,1.660409E-01,6.387215E+03,5.687426E-02,0.000000E+00,0.000000E+00,3.373854E-02,8.364586E+02,1.530753E-01,1.757800E+03,2.557377E+03,3.373854E-02,9.449465E+02,1.348476E-01,1.445780E+03,2.526829E+03,1.025866E-01,3.907726E+03,3.373854E-02,0.000000E+00,0.000000E+00,5.687426E-02,1.410048E+03,2.479145E-01,2.850089E+03,4.182698E+03,5.687426E-02,1.592930E+03,2.172800E-01,2.325144E+03,4.125537E+03,1.687516E-01,6.465939E+03,5.687426E-02,0.000000E+00,0.000000E+00,3.373854E-02,8.364586E+02,1.601795E-01,1.837116E+03,2.641553E+03,3.373854E-02,9.449465E+02,1.414942E-01,1.519985E+03,2.607258E+03,1.036356E-01,3.938186E+03,3.373854E-02,0.000000E+00,0.000000E+00
03:20:00,7.502560E-02,1.863644E+03,3.403899E-01,3.905306E+03,5.525670E+03,7.502560E-02,2.104892E+03,3.295267E-01,3.542769E+03,5.715898E+03,7.502560E-02,4.244464E+03,7.502560E-02,0.000000E+00,0.000000E+00,5.687426E-02,1.412763E+03,2.448556E-01,2.813226E+03,4.138265E+03,5.687426E-02,1.595644E+03,2.146013E-01,2.292528E+03,4.075390E+03,1.660417E-01,6.387239E+03,5.687426E-02,0.000000E+00,0.000000E+00,3.373854E-02,8.380689E+02,1.525055E-01,1.749829E+03,2.548612E+03,3.373854E-02,9.465568E+02,1.342751E-01,1.437778E+03,2.513673E+03,1.025871E-01,3.907740E+03,3.373854E-02,0.000000E+00,0.000000E+00,5.687426E-02,1.412763E+03,2.471266E-01,2.838578E+03,4.170006E+03,5.687426E-02,1.595644E+03,2.164885E-01,2.313592E+03,4.105463E+03,1.687524E-01,6.465962E+03,5.687426E-02,0.000000E+00,0.000000E+00,3.373854E-02,8.380689E+02,1.594773E-01,1.827667E+03,2.631245E+03,3.373854E-02,9.465568E+02,1.407925E-01,1.510542E+03,2.592589E+03,1.036361E-01,3.938200E+03,3.373854E-02,0.000000E+00,0.000000E+00
03:30:00,7.502560E-02,1.867225E+03,3.402168E-01,3.899791E+03,5.519985E+03,7.502560E-02,2.108473E+03,3.293494E-01,3.537208E+03,5.700293E+03,7.502560E-02,4.244464E+03,7.502560E-02,0.000000E+00,0.000000E+00,5.687426E-02,1.415477E+03,2.440965E-01,2.802037E+03,4.125940E+03,5.687426E-02,1.598359E+03,2.138332E-01,2.281239E+03,4.055609E+03,1.660425E-01,6.387262E+03,5.687426E-02,0.000000E+00,0.000000E+00,3.373854E-02,8.396793E+02,1.519458E-01,1.741970E+03,2.539969E+03,3.373854E-02,9.481672E+02,1.337114E-01,1.429874E+03,2.500622E+03,1.025875E-01,3.907753E+03,3.373854E-02,0.000000E+00,0.000000E+00,5.687426E-02,1.415477E+03,2.463530E-01,2.827226E+03,4.157485E+03,5.687426E-02,1.598359E+03,2.157090E-01,2.302176E+03,4.085533E+03,1.687532E-01,6.465985E+03,5.687426E-02,0.000000E+00,0.000000E+00,3.373854E-02,8.396793E+02,1.587908E-01,1.818392E+03,2.621123E+03,3.373854E-02,9.481672E+02,1.401050E-01,1.501256E+03,2.578087E+03,1.036366E-01,3.938214E+03,3.373854E-02,0.000000E+00,0.000000E+00
03:40:00,7.502560E-02,1.870806E+03,3.400457E-01,3.894300E+03,5.514323E+03,7.502560E-02,2.112054E+03,3.291741E-01,3.531670E+03,5.684738E+03,7.502560E-02,4.244464E+03,7.502560E-02,0.000000E+00,0.000000E+00,5.687426E-02,1.418192E+03,2.433505E-01,2.790994E+03,4.113771E+03,5.687426E-02,1.601074E+03,2.130760E-01,2.270071E+03,4.035962E+03,1.660433E-01,6.387285E+03,5.687426E-02,0.000000E+00,0.000000E+00,3.373854E-02,8.412897E+02,1.513958E-01,1.734219E+03,2.531441E+03,3.373854E-02,9.497776E+02,1.331560E-01,1.422064E+03,2.487673E+03,1.025880E-01,3.907767E+03,3.373854E-02,0.000000E+00,0.000000E+00,5.687426E-02,1.418192E+03,2.455929E-01,2.816026E+03,4.145127E+03,5.687426E-02,1.601074E+03,2.149410E-01,2.290887E+03,4.065744E+03,1.687540E-01,6.466008E+03,5.687426E-02,0.000000E+00,0.000000E+00,3.373854E-02,8.412897E+02,1.581191E-01,1.809283E+03,2.611176E+03,3.373854E-02,9.497776E+02,1.394309E-01,1.492120E+03,2.563746E+03,1.036371E-01,3.938227E+03,3.373854E-02,0.000000E+00,0.000000E+00
03:50:00,7.502560E-02,1.874387E+03,3.398765E-01,3.888830E+03,5.508683E+03,7.502560E-02,2.115635E+03,3.290008E-01,3.526154E+03,5.669233E+03,7.502560E-02,4.244464E+03,7.502560E-02,0.000000E+00,0.000000E+00,5.687426E-02,1.420907E+03,2.426168E-01,2.780088E+03,4.101749E+03,5.687426E-02,1.603788E+03,2.123292E-01,2.259018E+03,4.016444E+03,1.660441E-01,6.387308E+03,5.687426E-02,0.000000E+00,0.000000E+00,3.373854E-02,8.429000E+02,1.508550E-01,1.726571E+03,2.523022E+03,3.373854E-02,9.513879E+02,1.326087E-01,1.414343E+03,2.474821E+03,1.025885E-01,3.907781E+03,3.373854E-02,0.000000E+00,0.000000E+00,5.687426E-02,1.420907E+03,2.448457E-01,2.804970E+03,4.132922E+03,5.687426E-02,1.603788E+03,2.141839E-01,2.279719E+03,4.046089E+03,1.687547E-01,6.466031E+03,5.687426E-02,0.000000E+00,0.000000E+00,3.373854E-02,8.429000E+02,1.574614E-01,1.800330E+03,2.601394E+03,3.373854E-02,9.513879E+02,1.387695E-01,1.483125E+03,2.549557E+03,1.036375E-01,3.938241E+03,3.373854E-02,0.000000E+00,0.000000E+00
04:00:00,7.502560E-02,1.877968E+03,3.397091E-01,3.883380E+03,5.503064E+03,7.502560E-02,2.119216E+03,3.288293E-01,3.520659E+03,5.653774E+03,7.502560E-02,4.244464E+03,7.502560E-02,0.000000E+00,0.000000E+00,5.687426E-02,1.423621E+03,2.418951E-01,2.769316E+03,4.089869E+03,5.687426E-02,1.606503E+03,2.115922E-01,2.248076E+03,3.997050E+03,1.660449E-01,6.387331E+03,5.687426E-02,0.000000E+00,0.000000E+00,3.373854E-02,8.445104E+02,1.503231E-01,1.719022E+03,2.514709E+03,3.373854E-02,9.529983E+02,1.320691E-01,1.406708E+03,2.462064E+03,1.025889E-01,3.907794E+03,3.373854E-02,0.000000E+00,0.000000E+00,5.687426E-02,1.423621E+03,2.441107E-01,2.794050E+03,4.120862E+03,5.687426E-02,1.606503E+03,2.134369E-01,2.268665E+03,4.026560E+03,1.687555E-01,6.466054E+03,5.687426E-02,0.000000E+00,0.000000E+00,3.373854E-02,8.445104E+02,1.568171E-01,1.791526E+03,2.591769E+03,3.373854E-02,9.529983E+02,1.381201E-01,1.474264E+03,2.535513E+03,1.036380E-01,3.938254E+03,3.373854E-02,0.000000E+00,0.000000E+00
04:10:00,7.502560E-02,1.880355E+03,3.395434E-01,3.879142E+03,5.498685E+03,7.502560E-02,2.121604E+03,3.286596E-01,3.516376E+03,5.642835E+03,7.502560E-02,4.244464E+03,7.502560E-02,0.000000E+00,0.000000E+00,5.687426E-02,1.425431E+03,2.411919E-01,2.759656E+03,4.079147E+03,5.687426E-02,1.608313E+03,2.108730E-01,2.238236E+03,3.981286E+03,1.660456E-01,6.387354E+03,5.687426E-02,0.000000E+00,0.000000E+00,3.373854E-02,8.455840E+02,1.498040E-01,1.712153E+03,2.507104E+03,3.373854E-02,9.540719E+02,1.315417E-01,1.399746E+03,2.451480E+03,1.025894E-01,3.907808E+03,3.373854E-02,0.000000E+00,0.000000E+00,5.687426E-02,1.425431E+03,2.433950E-01,2.784250E+03,4.109969E+03,5.687426E-02,1.608313E+03,2.127080E-01,2.258718E+03,4.010666E+03,1.687563E-01,6.466077E+03,5.687426E-02,0.000000E+00,0.000000E+00,3.373854E-02,8.455840E+02,1.561899E-01,1.783450E+03,2.582902E+03,3.373854E-02,9.540719E+02,1.374871E-01,1.466124E+03,2.523690E+03,1.036385E-01,3.938268E+03,3.373854E-02,0.000000E+00,0.000000E+00
04:20:00,7.502560E-02,1.882743E+03,3.393793E-01,3.874923E+03,5.494327E+03,7.502560E-02,2.123991E+03,3.284915E-01,3.512112E+03,5.631927E+03,7.502560E-02,4.244464E+03,7.502560E-02,0.000000E+00,0.000000E+00,5.687426E-02,1.427241E+03,2.405071E-01,2.750201E+03,4.068672E+03,5.687426E-02,1.610123E+03,2.101715E-01,2.228595E+03,3.965749E+03,1.660464E-01,6.387377E+03,5.687426E-02,0.000000E+00,0.000000E+00,3.373854E-02,8.466576E+02,1.492974E-01,1.705424E+03,2.499666E+03,3.373854E-02,9.551455E+02,1.310264E-01,1.392920E+03,2.441048E+03,1.025899E-01,3.907821E+03,3.373854E-02,0.000000E+00,0.000000E+00,5.687426E-02,1.427241E+03,2.426978E-01,2.774656E+03,4.099323E+03,5.687426E-02,1.610123E+03,2.119973E-01,2.248974E+03,3.995005E+03,1.687571E-01,6.466100E+03,5.687426E-02,0.000000E+00,0.000000E+00,3.373854E-02,8.466576E+02,1.555794E-01,1.775561E+03,2.574250E+03,3.373854E-02,9.551455E+02,1.368701E-01,1.458162E+03,2.512065E+03,1.036389E-01,3.938282E+03,3.373854E-02,0.000000E+00,0.000000E+00
04:30:00,7.502560E-02,1.885130E+03,3.392169E-01,3.870723E+03,5.489988E+03,7.502560E-02,2.126378E+03,3.283251E-01,3.507867E+03,5.621051E+03,7.502560E-02,4.244464E+03,7.502560E-02,0.000000E+00,0.000000E+00,5.687426E-02,1.429050E+03,2.398406E-01,2.740950E+03,4.058446E+03,5.687426E-02,1.611932E+03,2.094876E-01,2.219150E+03,3.950438E+03,1.660472E-01,6.387399E+03,5.687426E-02,0.000000E+00,0.000000E+00,3.373854E-02,8.477311E+02,1.488033E-01,1.698834E+03,2.492398E+03,3.373854E-02,9.562190E+02,1.305231E-01,1.386228E+03,2.430770E+03,1.025903E-01,3.907835E+03,3.373854E-02,0.000000E+00,0.000000E+00,5.687426E-02,1.429050E+03,2.420189E-01,2.765267E+03,4.088930E+03,5.687426E-02,1.611932E+03,2.113048E-01,2.239433E+03,3.979577E+03,1.687579E-01,6.466122E+03,5.687426E-02,0.000000E+00,0.000000E+00,3.373854E-02,8.477311E+02,1.549850E-01,1.767852E+03,2.565812E+03,3.373854E-02,9.562190E+02,1.362688E-01,1.450375E+03,2.500635E+03,1.036394E-01,3.938295E+03,3.373854E-02,0.000000E+00,0.000000E+00
04:40:00,7.502560E-02,1.887517E+03,3.390563E-01,3.866542E+03,5.485670E+03,7.502560E-02,2.128766E+03,3.281607E-01,3.503643E+03,5.610209E+03,7.502560E-02,4.244464E+03,7.502560E-02,0.000000E+00,0.000000E+00,5.687426E-02,1.430860E+03,2.391922E-01,2.731902E+03,4.048465E+03,5.687426E-02,1.613742E+03,2.088216E-01,2.209904E+03,3.935357E+03,1.660480E-01,6.387422E+03,5.687426E-02,0.000000E+00,0.000000E+00,3.373854E-02,8.488047E+02,1.483214E-01,1.692381E+03,2.485295E+03,3.373854E-02,9.572926E+02,1.300320E-01,1.379671E+03,2.420647E+03,1.025908E-01,3.907848E+03,3.373854E-02,0.000000E+00,0.000000E+00,5.687426E-02,1.430860E+03,2.413585E-01,2.756084E+03,4.078787E+03,5.687426E-02,1.613742E+03,2.106305E-01,2.230096E+03,3.964385E+03,1.687587E-01,6.466145E+03,5.687426E-02,0.000000E+00,0.000000E+00,3.373854E-02,8.488047E+02,1.544065E-01,1.760319E+03,2.557581E+03,3.373854E-02,9.572926E+02,1.356830E-01,1.442762E+03,2.489401E+03,1.036399E-01,3.938309E+03,3.373854E-02,0.000000E+00,0.000000E+00
04:50:00,7.502560E-02,1.889905E+03,3.388975E-01,3.862381E+03,5.481371E+03,7.502560E-02,2.131153E+03,3.279979E-01,3.499439E+03,5.599399E+03,7.502560E-02,4.244464E+03,7.502560E-02,0.000000E+00,0.000000E+00,5.687426E-02,1.432670E+03,2.385621E-01,2.723057E+03,4.038726E+03,5.687426E-02,1.615552E+03,2.081730E-01,2.200854E+03,3.920505E+03,1.660488E-01,6.387445E+03,5.687426E-02,0.000000E+00,0.000000E+00,3.373854E-02,8.498783E+02,1.478518E-01,1.686064E+03,2.478353E+03,3.373854E-02,9.583662E+02,1.295527E-01,1.373247E+03,2.410677E+03,1.025913E-01,3.907862E+03,3.373854E-02,0.000000E+00,0.000000E+00,5.687426E-02,1.432670E+03,2.407165E-01,2.747107E+03,4.068889E+03,5.687426E-02,1.615552E+03,2.099743E-01,2.220960E+03,3.949427E+03,1.687595E-01,6.466168E+03,5.687426E-02,0.000000E+00,0.000000E+00,3.373854E-02,8.498783E+02,1.538436E-01,1.752961E+03,2.549550E+03,3.373854E-02,9.583662E+02,1.351124E-01,1.435318E+03,2.478357E+03,1.036403E-01,3.938322E+03,3.373854E-02,0.000000E+00,0.000000E+00
05:00:00,7.502560E-02,1.892292E+03,3.387405E-01,3.858241E+03,5.477095E+03,7.502560E-02,2.133540E+03,3.278371E-01,3.495256E+03,5.588622E+03,7.502560E-02,4.244464E+03,7.502560E-02,0.000000E+00,0.000000E+00,5.687426E-02,1.434480E+03,2.379497E-01,2.714410E+03,4.029216E+03,5.687426E-02,1.617362E+03,2.075422E-01,2.192002E+03,3.905885E+03,1.660496E-01,6.387468E+03,5.687426E-02,0.000000E+00,0.000000E+00,3.373854E-02,8.509519E+02,1.473941E-01,1.679880E+03,2.471566E+03,3.373854E-02,9.594398E+02,1.290856E-01,1.366958E+03,2.400863E+03,1.025917E-01,3.907875E+03,3.373854E-02,0.000000E+00,0.000000E+00,5.687426E-02,1.434480E+03,2.400926E-01,2.738332E+03,4.059227E+03,5.687426E-02,1.617362E+03,2.093364E-01,2.212028E+03,3.934710E+03,1.687603E-01,6.466191E+03,5.687426E-02,0.000000E+00,0.000000E+00,3.373854E-02,8.509519E+02,1.532958E-01,1.745771E+03,2.541712E+03,3.373854E-02,9.594398E+02,1.345570E-01,1.428043E+03,2.467505E+03,1.036408E-01,3.938336E+03,3.373854E-02,0.000000E+00,0.000000E+00
05:10:00,7.502560E-02,1.889905E+03,3.385854E-01,3.858897E+03,5.477728E+03,7.502560E-02,2.131153E+03,3.276782E-01,3.495869E+03,5.595658E+03,7.502560E-02,4.244464E+03,7.502560E-02,0.000000E+00,0.000000E+00,5.687426E-02,1.432670E+03,2.373758E-01,2.709813E+03,4.023927E+03,5.687426E-02,1.615552E+03,2.069559E-01,2.187265E+03,3.905365E+03,1.660504E-01,6.387491E+03,5.687426E-02,0.000000E+00,0.000000E+00,3.373854E-02,8.498783E+02,1.469612E-01,1.676121E+03,2.467306E+03,3.373854E-02,9.583662E+02,1.286459E-01,1.363123E+03,2.399425E+03,1.025922E-01,3.907889E+03,3.373854E-02,0.000000E+00,0.000000E+00,5.687426E-02,1.432670E+03,2.395081E-01,2.733617E+03,4.053796E+03,5.687426E-02,1.615552E+03,2.087424E-01,2.207206E+03,3.934084E+03,1.687610E-01,6.466214E+03,5.687426E-02,0.000000E+00,0.000000E+00,3.373854E-02,8.498783E+02,1.527760E-01,1.741042E+03,2.536436E+03,3.373854E-02,9.583662E+02,1.340318E-01,1.423253E+03,2.465058E+03,1.036413E-01,3.938349E+03,3.373854E-02,0.000000E+00,0.000000E+00
05:20:00,7.502560E-02,1.887517E+03,3.384326E-01,3.859579E+03,5.478390E+03,7.502560E-02,2.128766E+03,3.275215E-01,3.496507E+03,5.602732E+03,7.502560E-02,4.244464E+03,7.502560E-02,0.000000E+00,0.000000E+00,5.687426E-02,1.430860E+03,2.368420E-01,2.705663E+03,4.019227E+03,5.687426E-02,1.613742E+03,2.064154E-01,2.183041E+03,3.905476E+03,1.660511E-01,6.387513E+03,5.687426E-02,0.000000E+00,0.000000E+00,3.373854E-02,8.488047E+02,1.465539E-01,1.672648E+03,2.463427E+03,3.373854E-02,9.572926E+02,1.282345E-01,1.359603E+03,2.398377E+03,1.025927E-01,3.907902E+03,3.373854E-02,0.000000E+00,0.000000E+00,5.687426E-02,1.430860E+03,2.389675E-01,2.729391E+03,4.049011E+03,5.687426E-02,1.613742E+03,2.081954E-01,2.202909E+03,3.934109E+03,1.687618E-01,6.466236E+03,5.687426E-02,0.000000E+00,0.000000E+00,3.373854E-02,8.488047E+02,1.522854E-01,1.736639E+03,2.531585E+03,3.373854E-02,9.572926E+02,1.335380E-01,1.418814E+03,2.463037E+03,1.036417E-01,3.938363E+03,3.373854E-02,0.000000E+00,0.000000E+00
05:30:00,7.502560E-02,1.885130E+03,3.382826E-01,3.860290E+03,5.479082E+03,7.502560E-02,2.126378E+03,3.273674E-01,3.497174E+03,5.609849E+03,7.502560E-02,4.244464E+03,7.502560E-02,0.000000E+00,0.000000E+00,5.687426E-02,1.429050E+03,2.363490E-01,2.701968E+03,4.015145E+03,5.687426E-02,1.611932E+03,2.059214E-01,2.179336E+03,3.906221E+03,1.660519E-01,6.387536E+03,5.687426E-02,0.000000E+00,0.000000E+00,3.373854E-02,8.477311E+02,1.461726E-01,1.669464E+03,2.459947E+03,3.373854E-02,9.562190E+02,1.278516E-01,1.356402E+03,2.397720E+03,1.025931E-01,3.907916E+03,3.373854E-02,0.000000E+00,0.000000E+00,5.687426E-02,1.429050E+03,2.384709E-01,2.725657E+03,4.044888E+03,5.687426E-02,1.611932E+03,2.076959E-01,2.199142E+03,3.934786E+03,1.687626E-01,6.466259E+03,5.687426E-02,0.000000E+00,0.000000E+00,3.373854E-02,8.477311E+02,1.518242E-01,1.732563E+03,2.527176E+03,3.373854E-02,9.562190E+02,1.330758E-01,1.414728E+03,2.461442E+03,1.036422E-01,3.938376E+03,3.373854E-02,0.000000E+00,0.000000E+00
05:40:00,7.502560E-02,1.882743E+03,3.381356E-01,3.861037E+03,5.479812E+03,7.502560E-02,2.123991E+03,3.272163E-01,3.497874E+03,5.617012E+03,7.502560E-02,4.244464E+03,7.502560E-02,0.000000E+00,0.000000E+00,5.687426E-02,1.427241E+03,2.358979E-01,2.698742E+03,4.011686E+03,5.687426E-02,1.610123E+03,2.054747E-01,2.176159E+03,3.907614E+03,1.660527E-01,6.387559E+03,5.687426E-02,0.000000E+00,0.000000E+00,3.373854E-02,8.466576E+02,1.458180E-01,1.666579E+03,2.456868E+03,3.373854E-02,9.551455E+02,1.274978E-01,1.353526E+03,2.397463E+03,1.025936E-01,3.907929E+03,3.373854E-02,0.000000E+00,0.000000E+00,5.687426E-02,1.427241E+03,2.380193E-01,2.722424E+03,4.041429E+03,5.687426E-02,1.610123E+03,2.072451E-01,2.195919E+03,3.936130E+03,1.687634E-01,6.466282E+03,5.687426E-02,0.000000E+00,0.000000E+00,3.373854E-02,8.466576E+02,1.513929E-01,1.728821E+03,2.523206E+03,3.373854E-02,9.551455E+02,1.326456E-01,1.410999E+03,2.460280E+03,1.036426E-01,3.938389E+03,3.373854E-02,0.000000E+00,0.000000E+00
05:50:00,7.502560E-02,1.880355E+03,3.379927E-01,3.861828E+03,5.480589E+03,7.502560E-02,2.121604E+03,3.270691E-01,3.498618E+03,5.624235E+03,7.502560E-02,4.244464E+03,7.502560E-02,0.000000E+00,0.000000E+00,5.687426E-02,1.425431E+03,2.355627E-01,2.696809E+03,4.009834E+03,5.687426E-02,1.608313E+03,2.051620E-01,2.174477E+03,3.910900E+03,1.660535E-01,6.387581E+03,5.687426E-02,0.000000E+00,0.000000E+00,3.373854E-02,8.455840E+02,1.455503E-01,1.664663E+03,2.454993E+03,3.373854E-02,9.540719E+02,1.272389E-01,1.351709E+03,2.398549E+03,1.025940E-01,3.907943E+03,3.373854E-02,0.000000E+00,0.000000E+00,5.687426E-02,1.425431E+03,2.377000E-01,2.720669E+03,4.039801E+03,5.687426E-02,1.608313E+03,2.069380E-01,2.194300E+03,3.939507E+03,1.687642E-01,6.466304E+03,5.687426E-02,0.000000E+00,0.000000E+00,3.373854E-02,8.455840E+02,1.510305E-01,1.725848E+03,2.520187E+03,3.373854E-02,9.540719E+02,1.322889E-01,1.408089E+03,2.460141E+03,1.036431E-01,3.938403E+03,3.373854E-02,0.000000E+00,0.000000E+00
06:00:00,7.502560E-02,1.877968E+03,3.378588E-01,3.862721E+03,5.481480E+03,7.502560E-02,2.119216E+03,3.269306E-01,3.499459E+03,5.631578E+03,7.502560E-02,4.244464E+03,7.502560E-02,0.000000E+00,0.000000E+00,5.687426E-02,1.423621E+03,2.353920E-01,2.696714E+03,4.010131E+03,5.687426E-02,1.606503E+03,2.050271E-01,2.174780E+03,3.916573E+03,1.660543E-01,6.387604E+03,5.687426E-02,0.000000E+00,0.000000E+00,3.373854E-02,8.445104E+02,1.456628E-01,1.666993E+03,2.458209E+03,3.373854E-02,9.529983E+02,1.273352E-01,1.353857E+03,2.404609E+03,1.025945E-01,3.907956E+03,3.373854E-02,0.000000E+00,0.000000E+00,5.687426E-02,1.423621E+03,2.377464E-01,2.722997E+03,4.043043E+03,5.687426E-02,1.606503E+03,2.069959E-01,2.196756E+03,3.947953E+03,1.687650E-01,6.466327E+03,5.687426E-02,0.000000E+00,0.000000E+00,3.373854E-02,8.445104E+02,1.507613E-01,1.723916E+03,2.518375E+03,3.373854E-02,9.529983E+02,1.320283E-01,1.406253E+03,2.461278E+03,1.036436E-01,3.938416E+03,3.373854E-02,0.000000E+00,0.000000E+00
06:10:00,7.502560E-02,1.869612E+03,3.377465E-01,3.869823E+03,5.488748E+03,7.502560E-02,2.110860E+03,3.268137E-01,3.506510E+03,5.661667E+03,7.502560E-02,4.244464E+03,7.502560E-02,0.000000E+00,0.000000E+00,5.687426E-02,1.417287E+03,2.354387E-01,2.703568E+03,4.017805E+03,5.687426E-02,1.600169E+03,2.051592E-01,2.182588E+03,3.942825E+03,1.660550E-01,6.387626E+03,5.687426E-02,0.000000E+00,0.000000E+00,3.373854E-02,8.407529E+02,1.467148E-01,1.682496E+03,2.476387E+03,3.373854E-02,9.492408E+02,1.282950E-01,1.368330E+03,2.432556E+03,1.025950E-01,3.907969E+03,3.373854E-02,0.000000E+00,0.000000E+00,5.687426E-02,1.417287E+03,2.385254E-01,2.738027E+03,4.060384E+03,5.687426E-02,1.600169E+03,2.076973E-01,2.210920E+03,3.982080E+03,1.687657E-01,6.466350E+03,5.687426E-02,0.000000E+00,0.000000E+00,3.373854E-02,8.407529E+02,1.506122E-01,1.726009E+03,2.520814E+03,3.373854E-02,9.492408E+02,1.319154E-01,1.408750E+03,2.474467E+03,1.036440E-01,3.938430E+03,3.373854E-02,0.000000E+00,0.000000E+00
06:20:00,7.502560E-02,1.861256E+03,3.376768E-01,3.877401E+03,5.496541E+03,7.502560E-02,2.102505E+03,3.267397E-01,3.514038E+03,5.692432E+03,7.502560E-02,4.244464E+03,7.502560E-02,0.000000E+00,0.000000E+00,5.687426E-02,1.410953E+03,2.357727E-01,2.713631E+03,4.028232E+03,5.687426E-02,1.593835E+03,2.055651E-01,2.193453E+03,3.970707E+03,1.660558E-01,6.387649E+03,5.687426E-02,0.000000E+00,0.000000E+00,3.373854E-02,8.369954E+02,1.490771E-01,1.712626E+03,2.510161E+03,3.373854E-02,9.454833E+02,1.304485E-01,1.396128E+03,2.474581E+03,1.025954E-01,3.907983E+03,3.373854E-02,0.000000E+00,0.000000E+00,5.687426E-02,1.410953E+03,2.402278E-01,2.763367E+03,4.088205E+03,5.687426E-02,1.593835E+03,2.091947E-01,2.233970E+03,4.024454E+03,1.687665E-01,6.466372E+03,5.687426E-02,0.000000E+00,0.000000E+00,3.373854E-02,8.369954E+02,1.506193E-01,1.729846E+03,2.524580E+03,3.373854E-02,9.454833E+02,1.319469E-01,1.412858E+03,2.488083E+03,1.036445E-01,3.938443E+03,3.373854E-02,0.000000E+00,0.000000E+00
06:30:00,7.502560E-02,1.852901E+03,3.376719E-01,3.885702E+03,5.505117E+03,7.502560E-02,2.094149E+03,3.267308E-01,3.522295E+03,5.724135E+03,7.502560E-02,4.244464E+03,7.502560E-02,0.000000E+00,0.000000E+00,5.687426E-02,1.404619E+03,2.364219E-01,2.727213E+03,4.042170E+03,5.687426E-02,1.587501E+03,2.062567E-01,2.207508E+03,4.001583E+03,1.660566E-01,6.387672E+03,5.687426E-02,0.000000E+00,0.000000E+00,3.373854E-02,8.332378E+02,1.526176E-01,1.755907E+03,2.557124E+03,3.373854E-02,9.417257E+02,1.337375E-01,1.436600E+03,2.529668E+03,1.025959E-01,3.907996E+03,3.373854E-02,0.000000E+00,0.000000E+00,5.687426E-02,1.404619E+03,2.427070E-01,2.797378E+03,4.124547E+03,5.687426E-02,1.587501E+03,2.114016E-01,2.264940E+03,4.074695E+03,1.687673E-01,6.466395E+03,5.687426E-02,0.000000E+00,0.000000E+00,3.373854E-02,8.332378E+02,1.507962E-01,1.735578E+03,2.530165E+03,3.373854E-02,9.417257E+02,1.321304E-01,1.418665E+03,2.503167E+03,1.036449E-01,3.938456E+03,3.373854E-02,0.000000E+00,0.000000E+00
06:40:00,7.502560E-02,1.844545E+03,3.377491E-01,3.894919E+03,5.514670E+03,7.502560E-02,2.085793E+03,3.268044E-01,3.531473E+03,5.756971E+03,7.502560E-02,4.244464E+03,7.502560E-02,0.000000E+00,0.000000E+00,5.687426E-02,1.398284E+03,2.374180E-01,2.744668E+03,4.060473E+03,5.687426E-02,1.581166E+03,2.072389E-01,2.224806E+03,4.036647E+03,1.660574E-01,6.387694E+03,5.687426E-02,0.000000E+00,0.000000E+00,3.373854E-02,8.294803E+02,1.574178E-01,1.813253E+03,2.618792E+03,3.373854E-02,9.379682E+02,1.382421E-01,1.490644E+03,2.599607E+03,1.025963E-01,3.908009E+03,3.373854E-02,0.000000E+00,0.000000E+00,5.687426E-02,1.398284E+03,2.459028E-01,2.839389E+03,4.169344E+03,5.687426E-02,1.581166E+03,2.142764E-01,2.303366E+03,4.133532E+03,1.687681E-01,6.466417E+03,5.687426E-02,0.000000E+00,0.000000E+00,3.373854E-02,8.294803E+02,1.511568E-01,1.743360E+03,2.538080E+03,3.373854E-02,9.379682E+02,1.324683E-01,1.426193E+03,2.520584E+03,1.036454E-01,3.938470E+03,3.373854E-02,0.000000E+00,0.000000E+00
06:50:00,7.502560E-02,1.836189E+03,3.379202E-01,3.905185E+03,5.525334E+03,7.502560E-02,2.077437E+03,3.269724E-01,3.541704E+03,5.791076E+03,7.502560E-02,4.244464E+03,7.502560E-02,0.000000E+00,0.000000E+00,5.687426E-02,1.391950E+03,2.387154E-01,2.765485E+03,4.082683E+03,5.687426E-02,1.574832E+03,2.084607E-01,2.244780E+03,4.075598E+03,1.660581E-01,6.387716E+03,5.687426E-02,0.000000E+00,0.000000E+00,3.373854E-02,8.257228E+02,1.634563E-01,1.884423E+03,2.695266E+03,3.373854E-02,9.342107E+02,1.439404E-01,1.558013E+03,2.684476E+03,1.025968E-01,3.908023E+03,3.373854E-02,0.000000E+00,0.000000E+00,5.687426E-02,1.391950E+03,2.496778E-01,2.887866E+03,4.221380E+03,5.687426E-02,1.574832E+03,2.176851E-01,2.347753E+03,4.199824E+03,1.687688E-01,6.466440E+03,5.687426E-02,0.000000E+00,0.000000E+00,3.373854E-02,8.257228E+02,1.516731E-01,1.752882E+03,2.548069E+03,3.373854E-02,9.342107E+02,1.329376E-01,1.435190E+03,2.540303E+03,1.036459E-01,3.938483E+03,3.373854E-02,0.000000E+00,0.000000E+00
07:00:00,7.502560E-02,1.827833E+03,3.381884E-01,3.916535E+03,5.537143E+03,7.502560E-02,2.069082E+03,3.272385E-01,3.553031E+03,5.826492E+03,7.502560E-02,4.244464E+03,7.502560E-02,0.000000E+00,0.000000E+00,5.687426E-02,1.385616E+03,2.403407E-01,2.789964E+03,4.109164E+03,5.687426E-02,1.568498E+03,2.099583E-01,2.267833E+03,4.118906E+03,1.660589E-01,6.387739E+03,5.687426E-02,0.000000E+00,0.000000E+00,3.373854E-02,8.219653E+02,1.708031E-01,1.970198E+03,2.787691E+03,3.373854E-02,9.304532E+02,1.509288E-01,1.639785E+03,2.785719E+03,1.025973E-01,3.908036E+03,3.373854E-02,0.000000E+00,0.000000E+00,5.687426E-02,1.385616E+03,2.539434E-01,2.941821E+03,4.279827E+03,5.687426E-02,1.568498E+03,2.215464E-01,2.397193E+03,4.272702E+03,1.687696E-01,6.466462E+03,5.687426E-02,0.000000E+00,0.000000E+00,3.373854E-02,8.219653E+02,1.523560E-01,1.764264E+03,2.560277E+03,3.373854E-02,9.304532E+02,1.335522E-01,1.445809E+03,2.562464E+03,1.036463E-01,3.938496E+03,3.373854E-02,0.000000E+00,0.000000E+00
07:10:00,7.502560E-02,1.807541E+03,3.385459E-01,3.940818E+03,5.562224E+03,7.502560E-02,2.048789E+03,3.275947E-01,3.577300E+03,5.909548E+03,7.502560E-02,4.244464E+03,7.502560E-02,0.000000E+00,0.000000E+00,5.687426E-02,1.370233E+03,2.422755E-01,2.826947E+03,4.148816E+03,5.687426E-02,1.553115E+03,2.116760E-01,2.302392E+03,4.200702E+03,1.660597E-01,6.387761E+03,5.687426E-02,0.000000E+00,0.000000E+00,3.373854E-02,8.128399E+02,1.786531E-01,2.066959E+03,2.890400E+03,3.373854E-02,9.213277E+02,1.584667E-01,1.733057E+03,2.913241E+03,1.025977E-01,3.908049E+03,3.373854E-02,0.000000E+00,0.000000E+00,5.687426E-02,1.370233E+03,2.580820E-01,3.003407E+03,4.345503E+03,5.687426E-02,1.553115E+03,2.253518E-01,2.455058E+03,4.379917E+03,1.687704E-01,6.466484E+03,5.687426E-02,0.000000E+00,0.000000E+00,3.373854E-02,8.128399E+02,1.531995E-01,1.782806E+03,2.580048E+03,3.373854E-02,9.213277E+02,1.342788E-01,1.463046E+03,2.607286E+03,1.036468E-01,3.938509E+03,3.373854E-02,0.000000E+00,0.000000E+00
07:20:00,7.502560E-02,1.787248E+03,3.389700E-01,3.965846E+03,5.588079E+03,7.502560E-02,2.028497E+03,3.280182E-01,3.602320E+03,5.969928E+03,7.502560E-02,4.244464E+03,7.502560E-02,0.000000E+00,0.000000E+00,5.687426E-02,1.354850E+03,2.444677E-01,2.866804E+03,4.191622E+03,5.687426E-02,1.537732E+03,2.136273E-01,2.339559E+03,4.268063E+03,1.660605E-01,6.387784E+03,5.687426E-02,0.000000E+00,0.000000E+00,3.373854E-02,8.037144E+02,1.866041E-01,2.164848E+03,2.993030E+03,3.373854E-02,9.122023E+02,1.661838E-01,1.828332E+03,3.030963E+03,1.025982E-01,3.908062E+03,3.373854E-02,0.000000E+00,0.000000E+00,5.687426E-02,1.354850E+03,2.617506E-01,3.059747E+03,4.404904E+03,5.687426E-02,1.537732E+03,2.288057E-01,2.509000E+03,4.464679E+03,1.687711E-01,6.466507E+03,5.687426E-02,0.000000E+00,0.000000E+00,3.373854E-02,8.037144E+02,1.541739E-01,1.802810E+03,2.601457E+03,3.373854E-02,9.122023E+02,1.351292E-01,1.481665E+03,2.643443E+03,1.036472E-01,3.938523E+03,3.373854E-02,0.000000E+00,0.000000E+00
07:30:00,7.502560E-02,1.766956E+03,3.394314E-01,3.991289E+03,5.614349E+03,7.502560E-02,2.008204E+03,3.284797E-01,3.627765E+03,5.996264E+03,7.502560E-02,4.244464E+03,7.502560E-02,0.000000E+00,0.000000E+00,5.687426E-02,1.339467E+03,2.469060E-01,2.909408E+03,4.237438E+03,5.687426E-02,1.522349E+03,2.158168E-01,2.379386E+03,4.312408E+03,1.660612E-01,6.387806E+03,5.687426E-02,0.000000E+00,0.000000E+00,3.373854E-02,7.945890E+02,1.947450E-01,2.264858E+03,3.097361E+03,3.373854E-02,9.030769E+02,1.741004E-01,1.925835E+03,3.134682E+03,1.025986E-01,3.908076E+03,3.373854E-02,0.000000E+00,0.000000E+00,5.687426E-02,1.339467E+03,2.649802E-01,3.111187E+03,4.458909E+03,5.687426E-02,1.522349E+03,2.318835E-01,2.558743E+03,4.518497E+03,1.687719E-01,6.466529E+03,5.687426E-02,0.000000E+00,0.000000E+00,3.373854E-02,7.945890E+02,1.552735E-01,1.824211E+03,2.624431E+03,3.373854E-02,9.030769E+02,1.361034E-01,1.501667E+03,2.665768E+03,1.036477E-01,3.938536E+03,3.373854E-02,0.000000E+00,0.000000E+00
07:40:00,7.502560E-02,1.746663E+03,3.399022E-01,4.016838E+03,5.640698E+03,7.502560E-02,1.987912E+03,3.289513E-01,3.653322E+03,6.022688E+03,7.502560E-02,4.244464E+03,7.502560E-02,0.000000E+00,0.000000E+00,5.687426E-02,1.324084E+03,2.495731E-01,2.954567E+03,4.286046E+03,5.687426E-02,1.506966E+03,2.182545E-01,2.421982E+03,4.359406E+03,1.660620E-01,6.387828E+03,5.687426E-02,0.000000E+00,0.000000E+00,3.373854E-02,7.854636E+02,2.029462E-01,2.365544E+03,3.202136E+03,3.373854E-02,8.939515E+02,1.820892E-01,2.024146E+03,3.238145E+03,1.025991E-01,3.908089E+03,3.373854E-02,0.000000E+00,0.000000E+00,5.687426E-02,1.324084E+03,2.677468E-01,3.157458E+03,4.507491E+03,5.687426E-02,1.506966E+03,2.345483E-01,2.603877E+03,4.566665E+03,1.687727E-01,6.466551E+03,5.687426E-02,0.000000E+00,0.000000E+00,3.373854E-02,7.854636E+02,1.564922E-01,1.846941E+03,2.648888E+03,3.373854E-02,8.939515E+02,1.372070E-01,1.523112E+03,2.689406E+03,1.036481E-01,3.938549E+03,3.373854E-02,0.000000E+00,0.000000E+00
07:50:00,7.502560E-02,1.726371E+03,3.403563E-01,4.042201E+03,5.666820E+03,7.502560E-02,1.967619E+03,3.294072E-01,3.678705E+03,6.048893E+03,7.502560E-02,4.244464E+03,7.502560E-02,0.000000E+00,0.000000E+00,5.687426E-02,1.308701E+03,2.524521E-01,3.002092E+03,4.337237E+03,5.687426E-02,1.491583E+03,2.209174E-01,2.467094E+03,4.408506E+03,1.660628E-01,6.387850E+03,5.687426E-02,0.000000E+00,0.000000E+00,3.373854E-02,7.763382E+02,2.111075E-01,2.465785E+03,3.306342E+03,3.373854E-02,8.848261E+02,1.900498E-01,2.122142E+03,3.340165E+03,1.025995E-01,3.908102E+03,3.373854E-02,0.000000E+00,0.000000E+00,5.687426E-02,1.308701E+03,2.700514E-01,3.198571E+03,4.550767E+03,5.687426E-02,1.491583E+03,2.367934E-01,2.644326E+03,4.608994E+03,1.687734E-01,6.466574E+03,5.687426E-02,0.000000E+00,0.000000E+00,3.373854E-02,7.763382E+02,1.578258E-01,1.870956E+03,2.674780E+03,3.373854E-02,8.848261E+02,1.384322E-01,1.545916E+03,2.714090E+03,1.036486E-01,3.938562E+03,3.373854E-02,0.000000E+00,0.000000E+00
08:00:00,7.502560E-02,1.706078E+03,3.407735E-01,4.067151E+03,5.692478E+03,7.502560E-02,1.947327E+03,3.298269E-01,3.703683E+03,6.074640E+03,7.502560E-02,4.244464E+03,7.502560E-02,0.000000E+00,0.000000E+00,5.687426E-02,1.293318E+03,2.554789E-01,3.051267E+03,4.390166E+03,5.687426E-02,1.476200E+03,2.237366E-01,2.513949E+03,4.458814E+03,1.660635E-01,6.387873E+03,5.687426E-02,0.000000E+00,0.000000E+00,3.373854E-02,7.672128E+02,2.188184E-01,2.560999E+03,3.404873E+03,3.373854E-02,8.757007E+02,1.975787E-01,2.215321E+03,3.435742E+03,1.026000E-01,3.908115E+03,3.373854E-02,0.000000E+00,0.000000E+00,5.687426E-02,1.293318E+03,2.717372E-01,3.232777E+03,4.586587E+03,5.687426E-02,1.476200E+03,2.384591E-01,2.678306E+03,4.643346E+03,1.687742E-01,6.466596E+03,5.687426E-02,0.000000E+00,0.000000E+00,3.373854E-02,7.672128E+02,1.592473E-01,1.895951E+03,2.701741E+03,3.373854E-02,8.757007E+02,1.397477E-01,1.569726E+03,2.739434E+03,1.036490E-01,3.938575E+03,3.373854E-02,0.000000E+00,0.000000E+00
08:10:00,7.502560E-02,1.683398E+03,3.411430E-01,4.093956E+03,5.720002E+03,7.502560E-02,1.924647E+03,3.302003E-01,3.730532E+03,6.102269E+03,7.502560E-02,4.244464E+03,7.502560E-02,0.000000E+00,0.000000E+00,5.687426E-02,1.276125E+03,2.586146E-01,3.103466E+03,4.446180E+03,5.687426E-02,1.459007E+03,2.266689E-01,2.563877E+03,4.512241E+03,1.660643E-01,6.387895E+03,5.687426E-02,0.000000E+00,0.000000E+00,3.373854E-02,7.570138E+02,2.262797E-01,2.654501E+03,3.501578E+03,3.373854E-02,8.655017E+02,2.048652E-01,2.306870E+03,3.529499E+03,1.026004E-01,3.908128E+03,3.373854E-02,0.000000E+00,0.000000E+00,5.687426E-02,1.276125E+03,2.732450E-01,3.266806E+03,4.622550E+03,5.687426E-02,1.459007E+03,2.399447E-01,2.712087E+03,4.677818E+03,1.687750E-01,6.466618E+03,5.687426E-02,0.000000E+00,0.000000E+00,3.373854E-02,7.570138E+02,1.607355E-01,1.922764E+03,2.730588E+03,3.373854E-02,8.655017E+02,1.411320E-01,1.595379E+03,2.766704E+03,1.036495E-01,3.938588E+03,3.373854E-02,0.000000E+00,0.000000E+00
08:20:00,7.502560E-02,1.660719E+03,3.414698E-01,4.120285E+03,5.747020E+03,7.502560E-02,1.901967E+03,3.305318E-01,3.756913E+03,6.129397E+03,7.502560E-02,4.244464E+03,7.502560E-02,0.000000E+00,0.000000E+00,5.687426E-02,1.258932E+03,2.618459E-01,3.156734E+03,4.503267E+03,5.687426E-02,1.441814E+03,2.296998E-01,2.614907E+03,4.567103E+03,1.660650E-01,6.387917E+03,5.687426E-02,0.000000E+00,0.000000E+00,3.373854E-02,7.468148E+02,2.334715E-01,2.744995E+03,3.595162E+03,3.373854E-02,8.553027E+02,2.118988E-01,2.395596E+03,3.620711E+03,1.026009E-01,3.908142E+03,3.373854E-02,0.000000E+00,0.000000E+00,5.687426E-02,1.258932E+03,2.748065E-01,3.301433E+03,4.659395E+03,5.687426E-02,1.441814E+03,2.414683E-01,2.746291E+03,4.713495E+03,1.687757E-01,6.466640E+03,5.687426E-02,0.000000E+00,0.000000E+00,3.373854E-02,7.468148E+02,1.622907E-01,1.950325E+03,2.760223E+03,3.373854E-02,8.553027E+02,1.425834E-01,1.621782E+03,2.795028E+03,1.036499E-01,3.938602E+03,3.373854E-02,0.000000E+00,0.000000E+00
08:30:00,7.502560E-02,1.638039E+03,3.417669E-01,4.146282E+03,5.773688E+03,7.502560E-02,1.879287E+03,3.308339E-01,3.782966E+03,6.156179E+03,7.502560E-02,4.244464E+03,7.502560E-02,0.000000E+00,0.000000E+00,5.687426E-02,1.241739E+03,2.651591E-01,3.210916E+03,4.561258E+03,5.687426E-02,1.424621E+03,2.328167E-01,2.666897E+03,4.623304E+03,1.660658E-01,6.387939E+03,5.687426E-02,0.000000E+00,0.000000E+00,3.373854E-02,7.366158E+02,2.403717E-01,2.832234E+03,3.685375E+03,3.373854E-02,8.451037E+02,2.186543E-01,2.481219E+03,3.709147E+03,1.026013E-01,3.908155E+03,3.373854E-02,0.000000E+00,0.000000E+00,5.687426E-02,1.241739E+03,2.766022E-01,3.338675E+03,4.699125E+03,5.687426E-02,1.424621E+03,2.432023E-01,2.782844E+03,4.752388E+03,1.687765E-01,6.466663E+03,5.687426E-02,0.000000E+00,0.000000E+00,3.373854E-02,7.366158E+02,1.639118E-01,1.978622E+03,2.790628E+03,3.373854E-02,8.451037E+02,1.441014E-01,1.648927E+03,2.824429E+03,1.036504E-01,3.938615E+03,3.373854E-02,0.000000E+00,0.000000E+00
08:40:00,7.502560E-02,1.615359E+03,3.420506E-01,4.172129E+03,5.800198E+03,7.502560E-02,1.856607E+03,3.311233E-01,3.808877E+03,6.182809E+03,7.502560E-02,4.244464E+03,7.502560E-02,0.000000E+00,0.000000E+00,5.687426E-02,1.224547E+03,2.686327E-01,3.266889E+03,4.621232E+03,5.687426E-02,1.407429E+03,2.360959E-01,2.720698E+03,4.681856E+03,1.660666E-01,6.387961E+03,5.687426E-02,0.000000E+00,0.000000E+00,3.373854E-02,7.264168E+02,2.471412E-01,2.918014E+03,3.774320E+03,3.373854E-02,8.349047E+02,2.252915E-01,2.565522E+03,3.796846E+03,1.026018E-01,3.908168E+03,3.373854E-02,0.000000E+00,0.000000E+00,5.687426E-02,1.224547E+03,2.788201E-01,3.380629E+03,4.744037E+03,5.687426E-02,1.407429E+03,2.453192E-01,2.823672E+03,4.796545E+03,1.687773E-01,6.466685E+03,5.687426E-02,0.000000E+00,0.000000E+00,3.373854E-02,7.264168E+02,1.656426E-01,2.008144E+03,2.822393E+03,3.373854E-02,8.349047E+02,1.457244E-01,1.677245E+03,2.855381E+03,1.036508E-01,3.938628E+03,3.373854E-02,0.000000E+00,0.000000E+00
08:50:00,7.502560E-02,1.592679E+03,3.423405E-01,4.198046E+03,5.826787E+03,7.502560E-02,1.833927E+03,3.314190E-01,3.834859E+03,6.209519E+03,7.502560E-02,4.244464E+03,7.502560E-02,0.000000E+00,0.000000E+00,5.687426E-02,1.207354E+03,2.721722E-01,3.323597E+03,4.681799E+03,5.687426E-02,1.390236E+03,2.394466E-01,2.775298E+03,4.741266E+03,1.660673E-01,6.387983E+03,5.687426E-02,0.000000E+00,0.000000E+00,3.373854E-02,7.162178E+02,2.536106E-01,3.000444E+03,3.859595E+03,3.373854E-02,8.247057E+02,2.316412E-01,2.646614E+03,3.881175E+03,1.026022E-01,3.908181E+03,3.373854E-02,0.000000E+00,0.000000E+00,5.687426E-02,1.207354E+03,2.814400E-01,3.427071E+03,4.793712E+03,5.687426E-02,1.390236E+03,2.478096E-01,2.868668E+03,4.845530E+03,1.687780E-01,6.466707E+03,5.687426E-02,0.000000E+00,0.000000E+00,3.373854E-02,7.162178E+02,1.674415E-01,2.038425E+03,2.854888E+03,3.373854E-02,8.247057E+02,1.474166E-01,1.706335E+03,2.887242E+03,1.036513E-01,3.938641E+03,3.373854E-02,0.000000E+00,0.000000E+00
09:00:00,7.502560E-02,1.569999E+03,3.426525E-01,4.224210E+03,5.853642E+03,7.502560E-02,1.811248E+03,3.317370E-01,3.861089E+03,6.236499E+03,7.502560E-02,4.244464E+03,7.502560E-02,0.000000E+00,0.000000E+00,5.687426E-02,1.190161E+03,2.757558E-01,3.380798E+03,4.742765E+03,5.687426E-02,1.373043E+03,2.428486E-01,2.830471E+03,4.801282E+03,1.660681E-01,6.388005E+03,5.687426E-02,0.000000E+00,0.000000E+00,3.373854E-02,7.060188E+02,2.597320E-01,3.078987E+03,3.940808E+03,3.373854E-02,8.145067E+02,2.376567E-01,2.723976E+03,3.961690E+03,1.026027E-01,3.908194E+03,3.373854E-02,0.000000E+00,0.000000E+00,5.687426E-02,1.190161E+03,2.844594E-01,3.477974E+03,4.848257E+03,5.687426E-02,1.373043E+03,2.506771E-01,2.917873E+03,4.899416E+03,1.687788E-01,6.466729E+03,5.687426E-02,0.000000E+00,0.000000E+00,3.373854E-02,7.060188E+02,1.693002E-01,2.069376E+03,2.888042E+03,3.373854E-02,8.145067E+02,1.491707E-01,1.736117E+03,2.919886E+03,1.036517E-01,3.938654E+03,3.373854E-02,0.000000E+00,0.000000E+00
09:10:00,7.502560E-02,1.549707E+03,3.429940E-01,4.248315E+03,5.878410E+03,7.502560E-02,1.790955E+03,3.320839E-01,3.885255E+03,6.261382E+03,7.502560E-02,4.244464E+03,7.502560E-02,0.000000E+00,0.000000E+00,5.687426E-02,1.174778E+03,2.793355E-01,3.436146E+03,4.801750E+03,5.687426E-02,1.357660E+03,2.462544E-01,2.883877E+03,4.859461E+03,1.660689E-01,6.388027E+03,5.687426E-02,0.000000E+00,0.000000E+00,3.373854E-02,6.968934E+02,2.654329E-01,3.151764E+03,4.016182E+03,3.373854E-02,8.053813E+02,2.432638E-01,2.795704E+03,4.036551E+03,1.026031E-01,3.908207E+03,3.373854E-02,0.000000E+00,0.000000E+00,5.687426E-02,1.174778E+03,2.876353E-01,3.528811E+03,4.902768E+03,5.687426E-02,1.357660E+03,2.536957E-01,2.966955E+03,4.953334E+03,1.687795E-01,6.466751E+03,5.687426E-02,0.000000E+00,0.000000E+00,3.373854E-02,6.968934E+02,1.711919E-01,2.099620E+03,2.920449E+03,3.373854E-02,8.053813E+02,1.509606E-01,1.765225E+03,2.951868E+03,1.036522E-01,3.938667E+03,3.373854E-02,0.000000E+00,0.000000E+00
09:20:00,7.502560E-02,1.529414E+03,3.433617E-01,4.272713E+03,5.903493E+03,7.502560E-02,1.770663E+03,3.324570E-01,3.909713E+03,6.286580E+03,7.502560E-02,4.244464E+03,7.502560E-02,0.000000E+00,0.000000E+00,5.687426E-02,1.159395E+03,2.828986E-01,3.491308E+03,4.860507E+03,5.687426E-02,1.342277E+03,2.496516E-01,2.937186E+03,4.917535E+03,1.660696E-01,6.388049E+03,5.687426E-02,0.000000E+00,0.000000E+00,3.373854E-02,6.877680E+02,2.706784E-01,3.219455E+03,4.086470E+03,3.373854E-02,7.962559E+02,2.484285E-01,2.862492E+03,4.106509E+03,1.026036E-01,3.908220E+03,3.373854E-02,0.000000E+00,0.000000E+00,5.687426E-02,1.159395E+03,2.908775E-01,3.580390E+03,4.958035E+03,5.687426E-02,1.342277E+03,2.567819E-01,3.016791E+03,5.008077E+03,1.687803E-01,6.466773E+03,5.687426E-02,0.000000E+00,0.000000E+00,3.373854E-02,6.877680E+02,1.731094E-01,2.130153E+03,2.953145E+03,3.373854E-02,7.962559E+02,1.527796E-01,1.794657E+03,2.984212E+03,1.036526E-01,3.938680E+03,3.373854E-02,0.000000E+00,0.000000E+00
09:30:00,7.502560E-02,1.509122E+03,3.437491E-01,4.297330E+03,5.928809E+03,7.502560E-02,1.750370E+03,3.328499E-01,3.934392E+03,6.312013E+03,7.502560E-02,4.244464E+03,7.502560E-02,0.000000E+00,0.000000E+00,5.687426E-02,1.144012E+03,2.864358E-01,3.546181E+03,4.918936E+03,5.687426E-02,1.326894E+03,2.530300E-01,2.990286E+03,4.975375E+03,1.660704E-01,6.388071E+03,5.687426E-02,0.000000E+00,0.000000E+00,3.373854E-02,6.786426E+02,2.754475E-01,3.281828E+03,4.151405E+03,3.373854E-02,7.871305E+02,2.531293E-01,2.924101E+03,4.171281E+03,1.026040E-01,3.908233E+03,3.373854E-02,0.000000E+00,0.000000E+00,5.687426E-02,1.144012E+03,2.941152E-01,3.631918E+03,5.013178E+03,5.687426E-02,1.326894E+03,2.598684E-01,3.066631E+03,5.062768E+03,1.687811E-01,6.466795E+03,5.687426E-02,0.000000E+00,0.000000E+00,3.373854E-02,6.786426E+02,1.750454E-01,2.160891E+03,2.986045E+03,3.373854E-02,7.871305E+02,1.546201E-01,1.824330E+03,3.016812E+03,1.036531E-01,3.938693E+03,3.373854E-02,0.000000E+00,0.000000E+00
09:40:00,7.502560E-02,1.488829E+03,3.441485E-01,4.322082E+03,5.954265E+03,7.502560E-02,1.730078E+03,3.332552E-01,3.959209E+03,6.337592E+03,7.502560E-02,4.244464E+03,7.502560E-02,0.000000E+00,0.000000E+00,5.687426E-02,1.128629E+03,2.898469E-01,3.599647E+03,4.975712E+03,5.687426E-02,1.311511E+03,2.562935E-01,3.042102E+03,5.031648E+03,1.660711E-01,6.388093E+03,5.687426E-02,0.000000E+00,0.000000E+00,3.373854E-02,6.695172E+02,2.793907E-01,3.334980E+03,4.206558E+03,3.373854E-02,7.780051E+02,2.570208E-01,2.976676E+03,4.226377E+03,1.026045E-01,3.908246E+03,3.373854E-02,0.000000E+00,0.000000E+00,5.687426E-02,1.128629E+03,2.972374E-01,3.682158E+03,5.066758E+03,5.687426E-02,1.311511E+03,2.628546E-01,3.115351E+03,5.116038E+03,1.687818E-01,6.466817E+03,5.687426E-02,0.000000E+00,0.000000E+00,3.373854E-02,6.695172E+02,1.769464E-01,2.191240E+03,3.018441E+03,3.373854E-02,7.780051E+02,1.564349E-01,1.853715E+03,3.049013E+03,1.036535E-01,3.938706E+03,3.373854E-02,0.000000E+00,0.000000E+00
09:50:00,7.502560E-02,1.468537E+03,3.445517E-01,4.346877E+03,5.979761E+03,7.502560E-02,1.709785E+03,3.336644E-01,3.984071E+03,6.363212E+03,7.502560E-02,4.244464E+03,7.502560E-02,0.000000E+00,0.000000E+00,5.687426E-02,1.113246E+03,2.932135E-01,3.652616E+03,5.031920E+03,5.687426E-02,1.296128E+03,2.595141E-01,3.093440E+03,5.087354E+03,1.660719E-01,6.388115E+03,5.687426E-02,0.000000E+00,0.000000E+00,3.373854E-02,6.603918E+02,2.825352E-01,3.379214E+03,4.252504E+03,3.373854E-02,7.688797E+02,2.601291E-01,3.020506E+03,4.272399E+03,1.026049E-01,3.908259E+03,3.373854E-02,0.000000E+00,0.000000E+00,5.687426E-02,1.113246E+03,3.003064E-01,3.731804E+03,5.119617E+03,5.687426E-02,1.296128E+03,2.657893E-01,3.163497E+03,5.168579E+03,1.687826E-01,6.466839E+03,5.687426E-02,0.000000E+00,0.000000E+00,3.373854E-02,6.603918E+02,1.788449E-01,2.221561E+03,3.050771E+03,3.373854E-02,7.688797E+02,1.582468E-01,1.883067E+03,3.081135E+03,1.036540E-01,3.938719E+03,3.373854E-02,0.000000E+00,0.000000E+00
10:00:00,7.502560E-02,1.448244E+03,3.449522E-01,4.371641E+03,6.005218E+03,7.502560E-02,1.689493E+03,3.340710E-01,4.008903E+03,6.388792E+03,7.502560E-02,4.244464E+03,7.502560E-02,0.000000E+00,0.000000E+00,5.687426E-02,1.097863E+03,2.965360E-01,3.705093E+03,5.087556E+03,5.687426E-02,1.280745E+03,2.626954E-01,3.144339E+03,5.142542E+03,1.660726E-01,6.388137E+03,5.687426E-02,0.000000E+00,0.000000E+00,3.373854E-02,6.512664E+02,2.848565E-01,3.414259E+03,4.289173E+03,3.373854E-02,7.597542E+02,2.624291E-01,3.055313E+03,4.309307E+03,1.026054E-01,3.908272E+03,3.373854E-02,0.000000E+00,0.000000E+00,5.687426E-02,1.097863E+03,3.033293E-01,3.780936E+03,5.171864E+03,5.687426E-02,1.280745E+03,2.686816E-01,3.211169E+03,5.220531E+03,1.687833E-01,6.466861E+03,5.687426E-02,0.000000E+00,0.000000E+00,3.373854E-02,6.512664E+02,1.807388E-01,2.251830E+03,3.083013E+03,3.373854E-02,7.597542E+02,1.600557E-01,1.912387E+03,3.113183E+03,1.036544E-01,3.938732E+03,3.373854E-02,0.000000E+00,0.000000E+00
10:10:00,7.502560E-02,1.430339E+03,3.453453E-01,4.393934E+03,6.028137E+03,7.502560E-02,1.671587E+03,3.344702E-01,4.031265E+03,6.411829E+03,7.502560E-02,4.244464E+03,7.502560E-02,0.000000E+00,0.000000E+00,5.687426E-02,1.084290E+03,2.998111E-01,3.755230E+03,5.140733E+03,5.687426E-02,1.267171E+03,2.658345E-01,3.192957E+03,5.195317E+03,1.660734E-01,6.388159E+03,5.687426E-02,0.000000E+00,0.000000E+00,3.373854E-02,6.432145E+02,2.863309E-01,3.438775E+03,4.315181E+03,3.373854E-02,7.517024E+02,2.638972E-01,3.079757E+03,4.335714E+03,1.026058E-01,3.908285E+03,3.373854E-02,0.000000E+00,0.000000E+00,5.687426E-02,1.084290E+03,3.063019E-01,3.827695E+03,5.221600E+03,5.687426E-02,1.267171E+03,2.715273E-01,3.256510E+03,5.269992E+03,1.687841E-01,6.466882E+03,5.687426E-02,0.000000E+00,0.000000E+00,3.373854E-02,6.432145E+02,1.826219E-01,2.280905E+03,3.113994E+03,3.373854E-02,7.517024E+02,1.618559E-01,1.940536E+03,3.143986E+03,1.036549E-01,3.938745E+03,3.373854E-02,0.000000E+00,0.000000E+00
10:20:00,7.502560E-02,1.412434E+03,3.457271E-01,4.416103E+03,6.050918E+03,7.502560E-02,1.653682E+03,3.348582E-01,4.053502E+03,6.434726E+03,7.502560E-02,4.244464E+03,7.502560E-02,0.000000E+00,0.000000E+00,5.687426E-02,1.070716E+03,3.030376E-01,3.804826E+03,5.193306E+03,5.687426E-02,1.253598E+03,2.689299E-01,3.241087E+03,5.247520E+03,1.660741E-01,6.388181E+03,5.687426E-02,0.000000E+00,0.000000E+00,3.373854E-02,6.351627E+02,2.869377E-01,3.453604E+03,4.331237E+03,3.373854E-02,7.436506E+02,2.645127E-01,3.094684E+03,4.352301E+03,1.026063E-01,3.908298E+03,3.373854E-02,0.000000E+00,0.000000E+00,5.687426E-02,1.070716E+03,3.092212E-01,3.873861E+03,5.270664E+03,5.687426E-02,1.253598E+03,2.743231E-01,3.301295E+03,5.318789E+03,1.687848E-01,6.466904E+03,5.687426E-02,0.000000E+00,0.000000E+00,3.373854E-02,6.351627E+02,1.844890E-01,2.309802E+03,3.144758E+03,3.373854E-02,7.436506E+02,1.636415E-01,1.968522E+03,3.174567E+03,1.036553E-01,3.938758E+03,3.373854E-02,0.000000E+00,0.000000E+00
10:30:00,7.502560E-02,1.394529E+03,3.460947E-01,4.438112E+03,6.073524E+03,7.502560E-02,1.635777E+03,3.352318E-01,4.075578E+03,6.457449E+03,7.502560E-02,4.244464E+03,7.502560E-02,0.000000E+00,0.000000E+00,5.687426E-02,1.057143E+03,3.062127E-01,3.853847E+03,5.245248E+03,5.687426E-02,1.240025E+03,2.719760E-01,3.288667E+03,5.299082E+03,1.660749E-01,6.388203E+03,5.687426E-02,0.000000E+00,0.000000E+00,3.373854E-02,6.271109E+02,2.866597E-01,3.458555E+03,4.336987E+03,3.373854E-02,7.355987E+02,2.642587E-01,3.099904E+03,4.358686E+03,1.026067E-01,3.908311E+03,3.373854E-02,0.000000E+00,0.000000E+00,5.687426E-02,1.057143E+03,3.120842E-01,3.919397E+03,5.319029E+03,5.687426E-02,1.240025E+03,2.770627E-01,3.345453E+03,5.366850E+03,1.687856E-01,6.466926E+03,5.687426E-02,0.000000E+00,0.000000E+00,3.373854E-02,6.271109E+02,1.863351E-01,2.338464E+03,3.175247E+03,3.373854E-02,7.355987E+02,1.654065E-01,1.996278E+03,3.204856E+03,1.036558E-01,3.938770E+03,3.373854E-02,0.000000E+00,0.000000E+00
10:40:00,7.502560E-02,1.376624E+03,3.464455E-01,4.459934E+03,6.095930E+03,7.502560E-02,1.617872E+03,3.355883E-01,4.097464E+03,6.479965E+03,7.502560E-02,4.244464E+03,7.502560E-02,0.000000E+00,0.000000E+00,5.687426E-02,1.043570E+03,3.093323E-01,3.902249E+03,5.296510E+03,5.687426E-02,1.226452E+03,2.749675E-01,3.335638E+03,5.349940E+03,1.660756E-01,6.388224E+03,5.687426E-02,0.000000E+00,0.000000E+00,3.373854E-02,6.190590E+02,2.856332E-01,3.455149E+03,4.334050E+03,3.373854E-02,7.275469E+02,2.632704E-01,3.096925E+03,4.356493E+03,1.026072E-01,3.908323E+03,3.373854E-02,0.000000E+00,0.000000E+00,5.687426E-02,1.043570E+03,3.148882E-01,3.964275E+03,5.366669E+03,5.687426E-02,1.226452E+03,2.797444E-01,3.388964E+03,5.414164E+03,1.687863E-01,6.466948E+03,5.687426E-02,0.000000E+00,0.000000E+00,3.373854E-02,6.190590E+02,1.881558E-01,2.366843E+03,3.205413E+03,3.373854E-02,7.275469E+02,1.671467E-01,2.023757E+03,3.234810E+03,1.036562E-01,3.938783E+03,3.373854E-02,0.000000E+00,0.000000E+00
10:50:00,7.502560E-02,1.358718E+03,3.467781E-01,4.481552E+03,6.118119E+03,7.502560E-02,1.599967E+03,3.359264E-01,4.119144E+03,6.502260E+03,7.502560E-02,4.244464E+03,7.502560E-02,0.000000E+00,0.000000E+00,5.687426E-02,1.029997E+03,3.123872E-01,3.949928E+03,5.346973E+03,5.687426E-02,1.212878E+03,2.779003E-01,3.381953E+03,5.400051E+03,1.660764E-01,6.388246E+03,5.687426E-02,0.000000E+00,0.000000E+00,3.373854E-02,6.110072E+02,2.839681E-01,3.444614E+03,4.323748E+03,3.373854E-02,7.194951E+02,2.616559E-01,3.086954E+03,4.347037E+03,1.026076E-01,3.908336E+03,3.373854E-02,0.000000E+00,0.000000E+00,5.687426E-02,1.029997E+03,3.176313E-01,4.008473E+03,5.413558E+03,5.687426E-02,1.212878E+03,2.823666E-01,3.431812E+03,5.460721E+03,1.687871E-01,6.466969E+03,5.687426E-02,0.000000E+00,0.000000E+00,3.373854E-02,6.110072E+02,1.899470E-01,2.394892E+03,3.235207E+03,3.373854E-02,7.194951E+02,1.688585E-01,2.050919E+03,3.264385E+03,1.036566E-01,3.938796E+03,3.373854E-02,0.000000E+00,0.000000E+00
11:00:00,7.502560E-02,1.340813E+03,3.470916E-01,4.502958E+03,6.140081E+03,7.502560E-02,1.582062E+03,3.362453E-01,4.140610E+03,6.524326E+03,7.502560E-02,4.244464E+03,7.502560E-02,0.000000E+00,0.000000E+00,5.687426E-02,1.016423E+03,3.153761E-01,3.996871E+03,5.396626E+03,5.687426E-02,1.199305E+03,2.807694E-01,3.427557E+03,5.449355E+03,1.660771E-01,6.388268E+03,5.687426E-02,0.000000E+00,0.000000E+00,3.373854E-02,6.029553E+02,2.816978E-01,3.427320E+03,4.306452E+03,3.373854E-02,7.114432E+02,2.594494E-01,3.070374E+03,4.330704E+03,1.026080E-01,3.908349E+03,3.373854E-02,0.000000E+00,0.000000E+00,5.687426E-02,1.016423E+03,3.203117E-01,4.051972E+03,5.459677E+03,5.687426E-02,1.199305E+03,2.849282E-01,3.473982E+03,5.506507E+03,1.687878E-01,6.466991E+03,5.687426E-02,0.000000E+00,0.000000E+00,3.373854E-02,6.029553E+02,1.917050E-01,2.422570E+03,3.264583E+03,3.373854E-02,7.114432E+02,1.705382E-01,2.077723E+03,3.293542E+03,1.036571E-01,3.938809E+03,3.373854E-02,0.000000E+00,0.000000E+00
11:10:00,7.502560E-02,1.328876E+03,3.473858E-01,4.518180E+03,6.155704E+03,7.502560E-02,1.570125E+03,3.365447E-01,4.155890E+03,6.540038E+03,7.502560E-02,4.244464E+03,7.502560E-02,0.000000E+00,0.000000E+00,5.687426E-02,1.007374E+03,3.182783E-01,4.038321E+03,5.440572E+03,5.687426E-02,1.190256E+03,2.835603E-01,3.467763E+03,5.493021E+03,1.660779E-01,6.388289E+03,5.687426E-02,0.000000E+00,0.000000E+00,3.373854E-02,5.975875E+02,2.788356E-01,3.400734E+03,4.279541E+03,3.373854E-02,7.060753E+02,2.566677E-01,3.044688E+03,4.304897E+03,1.026085E-01,3.908362E+03,3.373854E-02,0.000000E+00,0.000000E+00,5.687426E-02,1.007374E+03,3.228938E-01,4.089848E+03,5.499927E+03,5.687426E-02,1.190256E+03,2.873979E-01,3.510602E+03,5.546455E+03,1.687886E-01,6.467013E+03,5.687426E-02,0.000000E+00,0.000000E+00,3.373854E-02,5.975875E+02,1.934063E-01,2.446932E+03,3.290494E+03,3.373854E-02,7.060753E+02,1.721656E-01,2.101258E+03,3.319253E+03,1.036575E-01,3.938822E+03,3.373854E-02,0.000000E+00,0.000000E+00
11:20:00,7.502560E-02,1.316940E+03,3.476604E-01,4.533182E+03,6.171095E+03,7.502560E-02,1.558188E+03,3.368243E-01,4.170948E+03,6.555517E+03,7.502560E-02,4.244464E+03,7.502560E-02,0.000000E+00,0.000000E+00,5.687426E-02,9.983256E+02,3.211076E-01,4.078957E+03,5.483632E+03,5.687426E-02,1.181207E+03,2.862819E-01,3.507196E+03,5.535788E+03,1.660786E-01,6.388311E+03,5.687426E-02,0.000000E+00,0.000000E+00,3.373854E-02,5.922196E+02,2.754202E-01,3.367972E+03,4.246185E+03,3.373854E-02,7.007075E+02,2.533534E-01,3.013055E+03,4.272806E+03,1.026089E-01,3.908375E+03,3.373854E-02,0.000000E+00,0.000000E+00,5.687426E-02,9.983256E+02,3.253734E-01,4.126580E+03,5.538917E+03,5.687426E-02,1.181207E+03,2.897709E-01,3.546142E+03,5.585146E+03,1.687893E-01,6.467034E+03,5.687426E-02,0.000000E+00,0.000000E+00,3.373854E-02,5.922196E+02,1.950479E-01,2.470627E+03,3.315666E+03,3.373854E-02,7.007075E+02,1.737376E-01,2.124176E+03,3.344235E+03,1.036580E-01,3.938835E+03,3.373854E-02,0.000000E+00,0.000000E+00
11:30:00,7.502560E-02,1.305003E+03,3.479153E-01,4.547965E+03,6.186255E+03,7.502560E-02,1.546251E+03,3.370842E-01,4.185787E+03,6.570762E+03,7.502560E-02,4.244464E+03,7.502560E-02,0.000000E+00,0.000000E+00,5.687426E-02,9.892767E+02,3.238598E-01,4.118732E+03,5.525729E+03,5.687426E-02,1.172159E+03,2.889323E-01,3.545833E+03,5.577593E+03,1.660794E-01,6.388333E+03,5.687426E-02,0.000000E+00,0.000000E+00,3.373854E-02,5.868517E+02,2.714959E-01,3.329528E+03,4.206875E+03,3.373854E-02,6.953396E+02,2.495633E-01,2.976111E+03,4.235067E+03,1.026094E-01,3.908388E+03,3.373854E-02,0.000000E+00,0.000000E+00,5.687426E-02,9.892767E+02,3.277466E-01,4.162124E+03,5.576615E+03,5.687426E-02,1.172159E+03,2.920466E-01,3.580598E+03,5.622583E+03,1.687901E-01,6.467056E+03,5.687426E-02,0.000000E+00,0.000000E+00,3.373854E-02,5.868517E+02,1.966267E-01,2.493622E+03,3.340069E+03,3.373854E-02,6.953396E+02,1.752524E-01,2.146455E+03,3.368466E+03,1.036584E-01,3.938847E+03,3.373854E-02,0.000000E+00,0.000000E+00
11:40:00,7.502560E-02,1.293066E+03,3.481507E-01,4.562531E+03,6.201190E+03,7.502560E-02,1.534315E+03,3.373245E-01,4.200407E+03,6.585780E+03,7.502560E-02,4.244464E+03,7.502560E-02,0.000000E+00,0.000000E+00,5.687426E-02,9.802279E+02,3.265312E-01,4.157606E+03,5.566809E+03,5.687426E-02,1.163110E+03,2.915082E-01,3.583640E+03,5.618400E+03,1.660801E-01,6.388354E+03,5.687426E-02,0.000000E+00,0.000000E+00,3.373854E-02,5.814838E+02,2.672409E-01,3.287392E+03,4.163798E+03,3.373854E-02,6.899717E+02,2.454472E-01,2.935526E+03,4.193528E+03,1.026098E-01,3.908400E+03,3.373854E-02,0.000000E+00,0.000000E+00,5.687426E-02,9.802279E+02,3.300098E-01,4.196439E+03,5.612977E+03,5.687426E-02,1.163110E+03,2.942203E-01,3.613913E+03,5.658714E+03,1.687908E-01,6.467078E+03,5.687426E-02,0.000000E+00,0.000000E+00,3.373854E-02,5.814838E+02,1.981400E-01,2.515885E+03,3.363669E+03,3.373854E-02,6.899717E+02,1.767066E-01,2.168058E+03,3.391913E+03,1.036589E-01,3.938860E+03,3.373854E-02,0.000000E+00,0.000000E+00
11:50:00,7.502560E-02,1.281129E+03,3.483682E-01,4.576895E+03,6.215914E+03,7.502560E-02,1.522378E+03,3.375469E-01,4.214826E+03,6.600586E+03,7.502560E-02,4.244464E+03,7.502560E-02,0.000000E+00,0.000000E+00,5.687426E-02,9.711790E+02,3.291206E-01,4.195564E+03,5.606865E+03,5.687426E-02,1.154061E+03,2.940079E-01,3.620595E+03,5.658207E+03,1.660808E-01,6.388376E+03,5.687426E-02,0.000000E+00,0.000000E+00,3.373854E-02,5.761159E+02,2.632777E-01,3.248514E+03,4.124580E+03,3.373854E-02,6.846038E+02,2.415968E-01,2.897907E+03,4.155647E+03,1.026102E-01,3.908413E+03,3.373854E-02,0.000000E+00,0.000000E+00,5.687426E-02,9.711790E+02,3.321605E-01,4.229500E+03,5.647965E+03,5.687426E-02,1.154061E+03,2.962891E-01,3.646058E+03,5.693509E+03,1.687915E-01,6.467099E+03,5.687426E-02,0.000000E+00,0.000000E+00,3.373854E-02,5.761159E+02,1.995857E-01,2.537393E+03,3.386439E+03,3.373854E-02,6.846038E+02,1.780981E-01,2.188959E+03,3.414551E+03,1.036593E-01,3.938873E+03,3.373854E-02,0.000000E+00,0.000000E+00
12:00:00,7.502560E-02,1.269193E+03,3.485710E-01,4.591096E+03,6.230470E+03,7.502560E-02,1.510441E+03,3.377543E-01,4.229080E+03,6.615224E+03,7.502560E-02,4.244464E+03,7.502560E-02,0.000000E+00,0.000000E+00,5.687426E-02,9.621302E+02,3.316299E-01,4.232628E+03,5.645938E+03,5.687426E-02,1.145012E+03,2.964331E-01,3.656719E+03,5.697067E+03,1.660816E-01,6.388397E+03,5.687426E-02,0.000000E+00,0.000000E+00,3.373854E-02,5.707480E+02,2.597362E-01,3.214341E+03,4.089834E+03,3.373854E-02,6.792359E+02,2.381521E-01,2.864817E+03,4.122131E+03,1.026107E-01,3.908426E+03,3.373854E-02,0.000000E+00,0.000000E+00,5.687426E-02,9.621302E+02,3.341990E-01,4.261307E+03,5.681577E+03,5.687426E-02,1.145012E+03,2.982529E-01,3.677031E+03,5.726974E+03,1.687923E-01,6.467121E+03,5.687426E-02,0.000000E+00,0.000000E+00,3.373854E-02,5.707480E+02,2.009623E-01,2.558130E+03,3.408359E+03,3.373854E-02,6.792359E+02,1.794251E-01,2.209142E+03,3.436367E+03,1.036597E-01,3.938886E+03,3.373854E-02,0.000000E+00,0.000000E+00
12:10:00,7.502560E-02,1.259643E+03,3.487632E-01,4.602792E+03,6.242465E+03,7.502560E-02,1.500892E+03,3.379511E-01,4.240826E+03,6.627290E+03,7.502560E-02,4.244464E+03,7.502560E-02,0.000000E+00,0.000000E+00,5.687426E-02,9.548911E+02,3.340770E-01,4.267187E+03,5.682416E+03,5.687426E-02,1.137773E+03,2.987953E-01,3.690329E+03,5.733289E+03,1.660823E-01,6.388419E+03,5.687426E-02,0.000000E+00,0.000000E+00,3.373854E-02,5.664537E+02,2.567253E-01,3.185019E+03,4.059545E+03,3.373854E-02,6.749416E+02,2.352166E-01,2.836338E+03,4.092838E+03,1.026111E-01,3.908439E+03,3.373854E-02,0.000000E+00,0.000000E+00,5.687426E-02,9.548911E+02,3.361599E-01,4.290439E+03,5.712410E+03,5.687426E-02,1.137773E+03,3.001425E-01,3.705365E+03,5.757665E+03,1.687930E-01,6.467142E+03,5.687426E-02,0.000000E+00,0.000000E+00,3.373854E-02,5.664537E+02,2.022884E-01,2.577229E+03,3.428573E+03,3.373854E-02,6.749416E+02,1.807037E-01,2.227710E+03,3.456482E+03,1.036602E-01,3.938898E+03,3.373854E-02,0.000000E+00,0.000000E+00
12:20:00,7.502560E-02,1.250094E+03,3.489490E-01,4.614415E+03,6.254385E+03,7.502560E-02,1.491342E+03,3.381410E-01,4.252496E+03,6.639281E+03,7.502560E-02,4.244464E+03,7.502560E-02,0.000000E+00,0.000000E+00,5.687426E-02,9.476520E+02,3.364475E-01,4.300892E+03,5.717971E+03,5.687426E-02,1.130534E+03,3.010842E-01,3.723122E+03,5.768593E+03,1.660831E-01,6.388440E+03,5.687426E-02,0.000000E+00,0.000000E+00,3.373854E-02,5.621594E+02,2.543175E-01,3.162430E+03,4.035996E+03,3.373854E-02,6.706473E+02,2.328562E-01,2.814278E+03,4.069967E+03,1.026116E-01,3.908451E+03,3.373854E-02,0.000000E+00,0.000000E+00,5.687426E-02,9.476520E+02,3.380496E-01,4.318775E+03,5.742392E+03,5.687426E-02,1.130534E+03,3.019642E-01,3.732941E+03,5.787519E+03,1.687938E-01,6.467164E+03,5.687426E-02,0.000000E+00,0.000000E+00,3.373854E-02,5.621594E+02,2.035647E-01,2.595772E+03,3.448194E+03,3.373854E-02,6.706473E+02,1.819349E-01,2.245750E+03,3.476011E+03,1.036606E-01,3.938911E+03,3.373854E-02,0.000000E+00,0.000000E+00
12:30:00,7.502560E-02,1.240544E+03,3.491319E-01,4.626008E+03,6.266278E+03,7.502560E-02,1.481793E+03,3.383278E-01,4.264131E+03,6.651239E+03,7.502560E-02,4.244464E+03,7.502560E-02,0.000000E+00,0.000000E+00,5.687426E-02,9.404130E+02,3.387461E-01,4.333793E+03,5.752666E+03,5.687426E-02,1.123295E+03,3.033058E-01,3.755163E+03,5.803053E+03,1.660838E-01,6.388462E+03,5.687426E-02,0.000000E+00,0.000000E+00,3.373854E-02,5.578651E+02,2.525761E-01,3.147280E+03,4.020380E+03,3.373854E-02,6.663530E+02,2.311191E-01,2.799175E+03,4.054572E+03,1.026120E-01,3.908464E+03,3.373854E-02,0.000000E+00,0.000000E+00,5.687426E-02,9.404130E+02,3.398750E-01,4.346394E+03,5.771616E+03,5.687426E-02,1.123295E+03,3.037250E-01,3.759838E+03,5.816621E+03,1.687945E-01,6.467185E+03,5.687426E-02,0.000000E+00,0.000000E+00,3.373854E-02,5.578651E+02,2.047935E-01,2.613785E+03,3.467251E+03,3.373854E-02,6.663530E+02,1.831211E-01,2.263286E+03,3.494981E+03,1.036610E-01,3.938924E+03,3.373854E-02,0.000000E+00,0.000000E+00
12:40:00,7.502560E-02,1.230995E+03,3.493153E-01,4.637605E+03,6.278181E+03,7.502560E-02,1.472243E+03,3.385147E-01,4.275767E+03,6.663204E+03,7.502560E-02,4.244464E+03,7.502560E-02,0.000000E+00,0.000000E+00,5.687426E-02,9.331739E+02,3.409790E-01,4.365962E+03,5.786575E+03,5.687426E-02,1.116056E+03,3.054662E-01,3.786521E+03,5.836754E+03,1.660845E-01,6.388483E+03,5.687426E-02,0.000000E+00,0.000000E+00,3.373854E-02,5.535708E+02,2.514298E-01,3.138774E+03,4.012072E+03,3.373854E-02,6.620586E+02,2.299596E-01,2.790522E+03,4.046384E+03,1.026124E-01,3.908477E+03,3.373854E-02,0.000000E+00,0.000000E+00,5.687426E-02,9.331739E+02,3.416448E-01,4.373392E+03,5.800177E+03,5.687426E-02,1.116056E+03,3.054333E-01,3.786148E+03,5.845072E+03,1.687952E-01,6.467207E+03,5.687426E-02,0.000000E+00,0.000000E+00,3.373854E-02,5.535708E+02,2.059780E-01,2.631304E+03,3.485782E+03,3.373854E-02,6.620586E+02,1.842652E-01,2.280354E+03,3.513432E+03,1.036615E-01,3.938936E+03,3.373854E-02,0.000000E+00,0.000000E+00
12:50:00,7.502560E-02,1.221446E+03,3.495012E-01,4.649230E+03,6.290114E+03,7.502560E-02,1.462694E+03,3.387038E-01,4.287427E+03,6.675196E+03,7.502560E-02,4.244464E+03,7.502560E-02,0.000000E+00,0.000000E+00,5.687426E-02,9.259348E+02,3.431508E-01,4.397449E+03,5.819746E+03,5.687426E-02,1.108817E+03,3.075707E-01,3.817254E+03,5.869756E+03,1.660853E-01,6.388504E+03,5.687426E-02,0.000000E+00,0.000000E+00,3.373854E-02,5.492764E+02,2.503605E-01,3.131128E+03,4.004594E+03,3.373854E-02,6.577643E+02,2.288887E-01,2.782858E+03,4.039143E+03,1.026129E-01,3.908489E+03,3.373854E-02,0.000000E+00,0.000000E+00,5.687426E-02,9.259348E+02,3.433674E-01,4.399862E+03,5.828168E+03,5.687426E-02,1.108817E+03,3.070972E-01,3.811963E+03,5.872973E+03,1.687960E-01,6.467228E+03,5.687426E-02,0.000000E+00,0.000000E+00,3.373854E-02,5.492764E+02,2.071221E-01,2.648372E+03,3.503827E+03,3.373854E-02,6.577643E+02,1.853710E-01,2.296994E+03,3.531411E+03,1.036619E-01,3.938949E+03,3.373854E-02,0.000000E+00,0.000000E+00
13:00:00,7.502560E-02,1.211896E+03,3.496896E-01,4.660882E+03,6.302081E+03,7.502560E-02,1.453144E+03,3.388950E-01,4.299112E+03,6.687218E+03,7.502560E-02,4.244464E+03,7.502560E-02,0.000000E+00,0.000000E+00,5.687426E-02,9.186957E+02,3.452635E-01,4.428274E+03,5.852202E+03,5.687426E-02,1.101578E+03,3.096210E-01,3.847383E+03,5.902083E+03,1.660860E-01,6.388526E+03,5.687426E-02,0.000000E+00,0.000000E+00,3.373854E-02,5.449821E+02,2.493395E-01,3.124020E+03,3.997623E+03,3.373854E-02,6.534700E+02,2.278638E-01,2.775706E+03,4.032353E+03,1.026133E-01,3.908502E+03,3.373854E-02,0.000000E+00,0.000000E+00,5.687426E-02,9.186957E+02,3.450493E-01,4.425879E+03,5.855667E+03,5.687426E-02,1.101578E+03,3.087232E-01,3.837355E+03,5.900398E+03,1.687967E-01,6.467249E+03,5.687426E-02,0.000000E+00,0.000000E+00,3.373854E-02,5.449821E+02,2.082297E-01,2.665032E+03,3.521432E+03,3.373854E-02,6.534700E+02,1.864424E-01,2.313249E+03,3.548964E+03,1.036624E-01,3.938962E+03,3.373854E-02,0.000000E+00,0.000000E+00
13:10:00,7.502560E-02,1.205928E+03,3.498795E-01,4.668971E+03,6.310403E+03,7.502560E-02,1.447176E+03,3.390877E-01,4.307231E+03,6.695587E+03,7.502560E-02,4.244464E+03,7.502560E-02,0.000000E+00,0.000000E+00,5.687426E-02,9.141713E+02,3.473041E-01,4.455581E+03,5.880992E+03,5.687426E-02,1.097053E+03,3.116048E-01,3.874055E+03,5.930784E+03,1.660867E-01,6.388547E+03,5.687426E-02,0.000000E+00,0.000000E+00,3.373854E-02,5.422982E+02,2.483627E-01,3.115797E+03,3.989462E+03,3.373854E-02,6.507861E+02,2.268821E-01,2.767429E+03,4.024340E+03,1.026137E-01,3.908515E+03,3.373854E-02,0.000000E+00,0.000000E+00,5.687426E-02,9.141713E+02,3.466834E-01,4.448647E+03,5.879785E+03,5.687426E-02,1.097053E+03,3.103049E-01,3.859537E+03,5.924464E+03,1.687974E-01,6.467271E+03,5.687426E-02,0.000000E+00,0.000000E+00,3.373854E-02,5.422982E+02,2.092971E-01,2.679632E+03,3.536895E+03,3.373854E-02,6.507861E+02,1.874761E-01,2.327473E+03,3.564389E+03,1.036628E-01,3.938974E+03,3.373854E-02,0.000000E+00,0.000000E+00
13:20:00,7.502560E-02,1.199959E+03,3.500702E-01,4.677069E+03,6.318734E+03,7.502560E-02,1.441208E+03,3.392810E-01,4.315358E+03,6.703965E+03,7.502560E-02,4.244464E+03,7.502560E-02,0.000000E+00,0.000000E+00,5.687426E-02,9.096469E+02,3.492686E-01,4.482038E+03,5.908862E+03,5.687426E-02,1.092529E+03,3.135183E-01,3.899942E+03,5.958596E+03,1.660875E-01,6.388568E+03,5.687426E-02,0.000000E+00,0.000000E+00,3.373854E-02,5.396142E+02,2.474403E-01,3.108182E+03,3.981884E+03,3.373854E-02,6.481021E+02,2.259540E-01,2.759750E+03,4.016877E+03,1.026142E-01,3.908527E+03,3.373854E-02,0.000000E+00,0.000000E+00,5.687426E-02,9.096469E+02,3.482714E-01,4.470901E+03,5.903337E+03,5.687426E-02,1.092529E+03,3.118441E-01,3.881244E+03,5.947974E+03,1.687982E-01,6.467292E+03,5.687426E-02,0.000000E+00,0.000000E+00,3.373854E-02,5.396142E+02,2.103264E-01,2.693809E+03,3.551896E+03,3.373854E-02,6.481021E+02,1.884743E-01,2.341301E+03,3.579361E+03,1.036632E-01,3.938987E+03,3.373854E-02,0.000000E+00,0.000000E+00
13:30:00,7.502560E-02,1.193991E+03,3.502610E-01,4.685168E+03,6.327067E+03,7.502560E-02,1.435239E+03,3.394743E-01,4.323485E+03,6.712343E+03,7.502560E-02,4.244464E+03,7.502560E-02,0.000000E+00,0.000000E+00,5.687426E-02,9.051225E+02,3.511502E-01,4.507569E+03,5.935738E+03,5.687426E-02,1.088004E+03,3.153544E-01,3.924965E+03,5.985433E+03,1.660882E-01,6.388590E+03,5.687426E-02,0.000000E+00,0.000000E+00,3.373854E-02,5.369303E+02,2.465818E-01,3.101280E+03,3.975009E+03,3.373854E-02,6.454182E+02,2.250893E-01,2.752778E+03,4.010083E+03,1.026146E-01,3.908540E+03,3.373854E-02,0.000000E+00,0.000000E+00,5.687426E-02,9.051225E+02,3.498128E-01,4.492634E+03,5.926319E+03,5.687426E-02,1.088004E+03,3.133400E-01,3.902469E+03,5.970917E+03,1.687989E-01,6.467313E+03,5.687426E-02,0.000000E+00,0.000000E+00,3.373854E-02,5.369303E+02,2.113184E-01,2.707567E+03,3.566444E+03,3.373854E-02,6.454182E+02,1.894375E-01,2.354737E+03,3.593882E+03,1.036637E-01,3.939000E+03,3.373854E-02,0.000000E+00,0.000000E+00
13:40:00,7.502560E-02,1.188023E+03,3.504513E-01,4.693261E+03,6.335394E+03,7.502560E-02,1.429271E+03,3.396671E-01,4.331607E+03,6.720715E+03,7.502560E-02,4.244464E+03,7.502560E-02,0.000000E+00,0.000000E+00,5.687426E-02,9.005980E+02,3.529393E-01,4.532069E+03,5.961504E+03,5.687426E-02,1.083480E+03,3.171035E-01,3.949017E+03,6.011182E+03,1.660889E-01,6.388611E+03,5.687426E-02,0.000000E+00,0.000000E+00,3.373854E-02,5.342463E+02,2.457923E-01,3.095149E+03,3.968901E+03,3.373854E-02,6.427342E+02,2.242930E-01,2.746572E+03,4.004036E+03,1.026150E-01,3.908552E+03,3.373854E-02,0.000000E+00,0.000000E+00,5.687426E-02,9.005980E+02,3.513041E-01,4.513808E+03,5.948688E+03,5.687426E-02,1.083480E+03,3.147892E-01,3.923172E+03,5.993251E+03,1.687996E-01,6.467334E+03,5.687426E-02,0.000000E+00,0.000000E+00,3.373854E-02,5.342463E+02,2.122721E-01,2.720898E+03,3.580526E+03,3.373854E-02,6.427342E+02,1.903647E-01,2.367773E+03,3.607942E+03,1.036641E-01,3.939012E+03,3.373854E-02,0.000000E+00,0.000000E+00
13:50:00,7.502560E-02,1.182054E+03,3.506406E-01,4.701343E+03,6.343712E+03,7.502560E-02,1.423303E+03,3.398590E-01,4.339717E+03,6.729075E+03,7.502560E-02,4.244464E+03,7.502560E-02,0.000000E+00,0.000000E+00,5.687426E-02,8.960736E+02,3.546249E-01,4.555412E+03,5.986027E+03,5.687426E-02,1.078956E+03,3.187537E-01,3.971964E+03,6.035702E+03,1.660897E-01,6.388632E+03,5.687426E-02,0.000000E+00,0.000000E+00,3.373854E-02,5.315624E+02,2.450719E-01,3.089789E+03,3.963568E+03,3.373854E-02,6.400503E+02,2.235655E-01,2.741133E+03,3.998749E+03,1.026155E-01,3.908565E+03,3.373854E-02,0.000000E+00,0.000000E+00,5.687426E-02,8.960736E+02,3.527396E-01,4.534358E+03,5.970371E+03,5.687426E-02,1.078956E+03,3.161860E-01,3.943291E+03,6.014910E+03,1.688004E-01,6.467356E+03,5.687426E-02,0.000000E+00,0.000000E+00,3.373854E-02,5.315624E+02,2.132261E-01,2.734234E+03,3.594648E+03,3.373854E-02,6.400503E+02,1.912942E-01,2.380833E+03,3.622065E+03,1.036645E-01,3.939025E+03,3.373854E-02,0.000000E+00,0.000000E+00
14:00:00,7.502560E-02,1.176086E+03,3.508292E-01,4.709417E+03,6.352018E+03,7.502560E-02,1.417334E+03,3.400500E-01,4.347818E+03,6.737427E+03,7.502560E-02,4.244464E+03,7.502560E-02,0.000000E+00,0.000000E+00,5.687426E-02,8.915492E+02,3.561952E-01,4.577469E+03,6.009160E+03,5.687426E-02,1.074431E+03,3.202928E-01,3.993671E+03,6.058851E+03,1.660904E-01,6.388653E+03,5.687426E-02,0.000000E+00,0.000000E+00,3.373854E-02,5.288785E+02,2.444165E-01,3.085155E+03,3.958960E+03,3.373854E-02,6.373663E+02,2.229030E-01,2.736419E+03,3.994184E+03,1.026159E-01,3.908577E+03,3.373854E-02,0.000000E+00,0.000000E+00,5.687426E-02,8.915492E+02,3.541124E-01,4.554210E+03,5.991280E+03,5.687426E-02,1.074431E+03,3.175238E-01,3.962751E+03,6.035814E+03,1.688011E-01,6.467377E+03,5.687426E-02,0.000000E+00,0.000000E+00,3.373854E-02,5.288785E+02,2.147499E-01,2.753929E+03,3.616151E+03,3.373854E-02,6.373663E+02,1.927854E-01,2.400165E+03,3.643753E+03,1.036649E-01,3.939037E+03,3.373854E-02,0.000000E+00,0.000000E+00
14:10:00,7.502560E-02,1.176086E+03,3.510189E-01,4.711535E+03,6.354232E+03,7.502560E-02,1.417334E+03,3.402422E-01,4.349964E+03,6.739673E+03,7.502560E-02,4.244464E+03,7.502560E-02,0.000000E+00,0.000000E+00,5.687426E-02,8.915492E+02,3.576168E-01,4.593340E+03,6.025857E+03,5.687426E-02,1.074431E+03,3.216891E-01,4.009260E+03,6.075583E+03,1.660911E-01,6.388674E+03,5.687426E-02,0.000000E+00,0.000000E+00,3.373854E-02,5.288785E+02,2.438065E-01,3.078344E+03,3.952092E+03,3.373854E-02,6.373663E+02,2.222870E-01,2.729540E+03,3.987361E+03,1.026163E-01,3.908590E+03,3.373854E-02,0.000000E+00,0.000000E+00,5.687426E-02,8.915492E+02,3.553941E-01,4.568519E+03,6.006422E+03,5.687426E-02,1.074431E+03,3.187759E-01,3.976729E+03,6.050973E+03,1.688018E-01,6.467398E+03,5.687426E-02,0.000000E+00,0.000000E+00,3.373854E-02,5.288785E+02,2.169653E-01,2.778662E+03,3.642868E+03,3.373854E-02,6.373663E+02,1.949870E-01,2.424744E+03,3.671094E+03,1.036654E-01,3.939050E+03,3.373854E-02,0.000000E+00,0.000000E+00
14:20:00,7.502560E-02,1.176086E+03,3.512124E-01,4.713695E+03,6.356493E+03,7.502560E-02,1.417334E+03,3.404382E-01,4.352152E+03,6.741967E+03,7.502560E-02,4.244464E+03,7.502560E-02,0.000000E+00,0.000000E+00,5.687426E-02,8.915492E+02,3.588809E-01,4.607453E+03,6.040671E+03,5.687426E-02,1.074431E+03,3.229333E-01,4.023151E+03,6.090426E+03,1.660919E-01,6.388695E+03,5.687426E-02,0.000000E+00,0.000000E+00,3.373854E-02,5.288785E+02,2.432327E-01,3.071937E+03,3.945605E+03,3.373854E-02,6.373663E+02,2.217086E-01,2.723083E+03,3.980906E+03,1.026168E-01,3.908602E+03,3.373854E-02,0.000000E+00,0.000000E+00,5.687426E-02,8.915492E+02,3.565777E-01,4.581734E+03,6.020366E+03,5.687426E-02,1.074431E+03,3.199356E-01,3.989675E+03,6.064939E+03,1.688026E-01,6.467419E+03,5.687426E-02,0.000000E+00,0.000000E+00,3.373854E-02,5.288785E+02,2.199848E-01,2.812371E+03,3.678474E+03,3.373854E-02,6.373663E+02,1.979563E-01,2.457891E+03,3.706873E+03,1.036658E-01,3.939062E+03,3.373854E-02,0.000000E+00,0.000000E+00
14:30:00,7.502560E-02,1.176086E+03,3.514122E-01,4.715926E+03,6.358829E+03,7.502560E-02,1.417334E+03,3.406405E-01,4.354411E+03,6.744338E+03,7.502560E-02,4.244464E+03,7.502560E-02,0.000000E+00,0.000000E+00,5.687426E-02,8.915492E+02,3.600071E-01,4.620027E+03,6.053874E+03,5.687426E-02,1.074431E+03,3.240441E-01,4.035552E+03,6.103647E+03,1.660926E-01,6.388716E+03,5.687426E-02,0.000000E+00,0.000000E+00,3.373854E-02,5.288785E+02,2.426855E-01,3.065827E+03,3.939391E+03,3.373854E-02,6.373663E+02,2.211586E-01,2.716942E+03,3.974705E+03,1.026172E-01,3.908615E+03,3.373854E-02,0.000000E+00,0.000000E+00,5.687426E-02,8.915492E+02,3.576582E-01,4.593796E+03,6.033065E+03,5.687426E-02,1.074431E+03,3.209976E-01,4.001532E+03,6.077655E+03,1.688033E-01,6.467440E+03,5.687426E-02,0.000000E+00,0.000000E+00,3.373854E-02,5.288785E+02,2.238730E-01,2.855779E+03,3.723784E+03,3.373854E-02,6.373663E+02,2.017665E-01,2.500425E+03,3.752071E+03,1.036662E-01,3.939075E+03,3.373854E-02,0.000000E+00,0.000000E+00
14:40:00,7.502560E-02,1.176086E+03,3.516208E-01,4.718255E+03,6.361269E+03,7.502560E-02,1.417334E+03,3.408516E-01,4.356768E+03,6.746811E+03,7.502560E-02,4.244464E+03,7.502560E-02,0.000000E+00,0.000000E+00,5.687426E-02,8.915492E+02,3.610050E-01,4.631168E+03,6.065547E+03,5.687426E-02,1.074431E+03,3.250311E-01,4.046571E+03,6.115335E+03,1.660933E-01,6.388738E+03,5.687426E-02,0.000000E+00,0.000000E+00,3.373854E-02,5.288785E+02,2.421551E-01,3.059906E+03,3.933335E+03,3.373854E-02,6.373663E+02,2.206274E-01,2.711010E+03,3.968651E+03,1.026176E-01,3.908627E+03,3.373854E-02,0.000000E+00,0.000000E+00,5.687426E-02,8.915492E+02,3.586306E-01,4.604653E+03,6.044455E+03,5.687426E-02,1.074431E+03,3.219573E-01,4.012246E+03,6.089066E+03,1.688040E-01,6.467461E+03,5.687426E-02,0.000000E+00,0.000000E+00,3.373854E-02,5.288785E+02,2.286761E-01,2.909400E+03,3.779634E+03,3.373854E-02,6.373663E+02,2.064684E-01,2.552914E+03,3.807637E+03,1.036667E-01,3.939087E+03,3.373854E-02,0.000000E+00,0.000000E+00
14:50:00,7.502560E-02,1.176086E+03,3.518402E-01,4.720704E+03,6.363838E+03,7.502560E-02,1.417334E+03,3.410734E-01,4.359244E+03,6.749412E+03,7.502560E-02,4.244464E+03,7.502560E-02,0.000000E+00,0.000000E+00,5.687426E-02,8.915492E+02,3.618736E-01,4.640867E+03,6.075635E+03,5.687426E-02,1.074431E+03,3.258941E-01,4.056207E+03,6.125452E+03,1.660940E-01,6.388759E+03,5.687426E-02,0.000000E+00,0.000000E+00,3.373854E-02,5.288785E+02,2.416317E-01,3.054062E+03,3.927319E+03,3.373854E-02,6.373663E+02,2.201044E-01,2.705170E+03,3.962628E+03,1.026181E-01,3.908640E+03,3.373854E-02,0.000000E+00,0.000000E+00,5.687426E-02,8.915492E+02,3.594903E-01,4.614252E+03,6.054471E+03,5.687426E-02,1.074431E+03,3.228100E-01,4.021766E+03,6.099118E+03,1.688047E-01,6.467482E+03,5.687426E-02,0.000000E+00,0.000000E+00,3.373854E-02,5.288785E+02,2.343912E-01,2.973202E+03,3.846265E+03,3.373854E-02,6.373663E+02,2.120638E-01,2.615377E+03,3.873875E+03,1.036671E-01,3.939100E+03,3.373854E-02,0.000000E+00,0.000000E+00
15:00:00,7.502560E-02,1.176086E+03,3.520715E-01,4.723287E+03,6.366547E+03,7.502560E-02,1.417334E+03,3.413069E-01,4.361851E+03,6.752152E+03,7.502560E-02,4.244464E+03,7.502560E-02,0.000000E+00,0.000000E+00,5.687426E-02,8.915492E+02,3.626121E-01,4.649113E+03,6.084120E+03,5.687426E-02,1.074431E+03,3.266326E-01,4.064452E+03,6.133991E+03,1.660948E-01,6.388780E+03,5.687426E-02,0.000000E+00,0.000000E+00,3.373854E-02,5.288785E+02,2.411041E-01,3.048171E+03,3.921211E+03,3.373854E-02,6.373663E+02,2.195809E-01,2.699326E+03,3.956543E+03,1.026185E-01,3.908652E+03,3.373854E-02,0.000000E+00,0.000000E+00,5.687426E-02,8.915492E+02,3.602323E-01,4.622536E+03,6.063046E+03,5.687426E-02,1.074431E+03,3.235485E-01,4.030011E+03,6.107725E+03,1.688055E-01,6.467503E+03,5.687426E-02,0.000000E+00,0.000000E+00,3.373854E-02,5.288785E+02,2.404772E-01,3.041145E+03,3.916919E+03,3.373854E-02,6.373663E+02,2.180230E-01,2.681901E+03,3.943927E+03,1.036675E-01,3.939112E+03,3.373854E-02,0.000000E+00,0.000000E+00
15:10:00,7.502560E-02,1.183248E+03,3.523135E-01,4.718827E+03,6.362051E+03,7.502560E-02,1.424496E+03,3.415509E-01,4.357414E+03,6.747672E+03,7.502560E-02,4.244464E+03,7.502560E-02,0.000000E+00,0.000000E+00,5.687426E-02,8.969785E+02,3.632097E-01,4.650355E+03,6.085328E+03,5.687426E-02,1.079860E+03,3.272374E-01,4.065775E+03,6.135290E+03,1.660955E-01,6.388800E+03,5.687426E-02,0.000000E+00,0.000000E+00,3.373854E-02,5.320992E+02,2.405568E-01,3.038840E+03,3.911529E+03,3.373854E-02,6.405871E+02,2.190412E-01,2.690079E+03,3.946899E+03,1.026189E-01,3.908665E+03,3.373854E-02,0.000000E+00,0.000000E+00,5.687426E-02,8.969785E+02,3.608348E-01,4.623833E+03,6.064346E+03,5.687426E-02,1.079860E+03,3.241572E-01,4.031378E+03,6.109126E+03,1.688062E-01,6.467524E+03,5.687426E-02,0.000000E+00,0.000000E+00,3.373854E-02,5.320992E+02,2.468074E-01,3.108594E+03,3.986851E+03,3.373854E-02,6.405871E+02,2.241945E-01,2.747576E+03,4.012685E+03,1.036680E-01,3.939124E+03,3.373854E-02,0.000000E+00,0.000000E+00
15:20:00,7.502560E-02,1.190410E+03,3.525637E-01,4.714458E+03,6.357650E+03,7.502560E-02,1.431658E+03,3.418030E-01,4.353067E+03,6.743284E+03,7.502560E-02,4.244464E+03,7.502560E-02,0.000000E+00,0.000000E+00,5.687426E-02,9.024078E+02,3.636683E-01,4.650047E+03,6.084891E+03,5.687426E-02,1.085290E+03,3.277105E-01,4.065629E+03,6.134960E+03,1.660962E-01,6.388821E+03,5.687426E-02,0.000000E+00,0.000000E+00,3.373854E-02,5.353199E+02,2.399818E-01,3.029199E+03,3.901482E+03,3.373854E-02,6.438078E+02,2.184772E-01,2.680562E+03,3.936884E+03,1.026193E-01,3.908677E+03,3.373854E-02,0.000000E+00,0.000000E+00,5.687426E-02,9.024078E+02,3.612949E-01,4.623541E+03,6.063931E+03,5.687426E-02,1.085290E+03,3.246304E-01,4.031232E+03,6.108811E+03,1.688069E-01,6.467545E+03,5.687426E-02,0.000000E+00,0.000000E+00,3.373854E-02,5.353199E+02,2.532797E-01,3.177631E+03,4.058193E+03,3.373854E-02,6.438078E+02,2.305326E-01,2.815111E+03,4.083006E+03,1.036684E-01,3.939137E+03,3.373854E-02,0.000000E+00,0.000000E+00
15:30:00,7.502560E-02,1.197572E+03,3.528193E-01,4.710150E+03,6.353309E+03,7.502560E-02,1.438820E+03,3.420604E-01,4.348778E+03,6.738956E+03,7.502560E-02,4.244464E+03,7.502560E-02,0.000000E+00,0.000000E+00,5.687426E-02,9.078371E+02,3.639627E-01,4.647905E+03,6.082501E+03,5.687426E-02,1.090719E+03,3.280272E-01,4.063736E+03,6.132683E+03,1.660969E-01,6.388842E+03,5.687426E-02,0.000000E+00,0.000000E+00,3.373854E-02,5.385407E+02,2.393704E-01,3.019153E+03,3.890970E+03,3.373854E-02,6.470286E+02,2.178804E-01,2.670679E+03,3.926393E+03,1.026198E-01,3.908689E+03,3.373854E-02,0.000000E+00,0.000000E+00,5.687426E-02,9.078371E+02,3.616061E-01,4.621588E+03,6.061734E+03,5.687426E-02,1.090719E+03,3.249620E-01,4.029505E+03,6.106710E+03,1.688076E-01,6.467566E+03,5.687426E-02,0.000000E+00,0.000000E+00,3.373854E-02,5.385407E+02,2.598299E-01,3.247538E+03,4.130239E+03,3.373854E-02,6.470286E+02,2.369661E-01,2.883713E+03,4.154094E+03,1.036688E-01,3.939149E+03,3.373854E-02,0.000000E+00,0.000000E+00
15:40:00,7.502560E-02,1.204734E+03,3.530772E-01,4.705867E+03,6.348992E+03,7.502560E-02,1.445982E+03,3.423201E-01,4.344516E+03,6.734653E+03,7.502560E-02,4.244464E+03,7.502560E-02,0.000000E+00,0.000000E+00,5.687426E-02,9.132664E+02,3.640798E-01,4.643784E+03,6.077986E+03,5.687426E-02,1.096148E+03,3.281747E-01,4.059954E+03,6.128298E+03,1.660976E-01,6.388863E+03,5.687426E-02,0.000000E+00,0.000000E+00,3.373854E-02,5.417614E+02,2.387143E-01,3.008607E+03,3.879892E+03,3.373854E-02,6.502493E+02,2.172429E-01,2.660340E+03,3.915336E+03,1.026202E-01,3.908702E+03,3.373854E-02,0.000000E+00,0.000000E+00,5.687426E-02,9.132664E+02,3.617629E-01,4.617910E+03,6.057679E+03,5.687426E-02,1.096148E+03,3.251465E-01,4.026136E+03,6.102760E+03,1.688083E-01,6.467587E+03,5.687426E-02,0.000000E+00,0.000000E+00,3.373854E-02,5.417614E+02,2.664060E-01,3.317736E+03,4.202421E+03,3.373854E-02,6.502493E+02,2.434393E-01,2.952760E+03,4.225364E+03,1.036692E-01,3.939161E+03,3.373854E-02,0.000000E+00,0.000000E+00
15:50:00,7.502560E-02,1.211896E+03,3.533344E-01,4.701577E+03,6.344665E+03,7.502560E-02,1.453144E+03,3.425791E-01,4.340245E+03,6.730337E+03,7.502560E-02,4.244464E+03,7.502560E-02,0.000000E+00,0.000000E+00,5.687426E-02,9.186957E+02,3.640199E-01,4.637687E+03,6.071339E+03,5.687426E-02,1.101578E+03,3.281522E-01,4.054274E+03,6.121803E+03,1.660984E-01,6.388884E+03,5.687426E-02,0.000000E+00,0.000000E+00,3.373854E-02,5.449821E+02,2.380057E-01,2.997475E+03,3.868155E+03,3.373854E-02,6.534700E+02,2.165578E-01,2.649471E+03,3.903647E+03,1.026206E-01,3.908714E+03,3.373854E-02,0.000000E+00,0.000000E+00,5.687426E-02,9.186957E+02,3.617603E-01,4.612452E+03,6.051696E+03,5.687426E-02,1.101578E+03,3.251791E-01,4.021072E+03,6.096907E+03,1.688091E-01,6.467608E+03,5.687426E-02,0.000000E+00,0.000000E+00,3.373854E-02,5.449821E+02,2.729566E-01,3.387649E+03,4.274175E+03,3.373854E-02,6.534700E+02,2.498965E-01,3.021627E+03,4.296215E+03,1.036697E-01,3.939174E+03,3.373854E-02,0.000000E+00,0.000000E+00
16:00:00,7.502560E-02,1.219058E+03,3.535879E-01,4.697245E+03,6.340291E+03,7.502560E-02,1.460307E+03,3.428344E-01,4.335934E+03,6.725975E+03,7.502560E-02,4.244464E+03,7.502560E-02,0.000000E+00,0.000000E+00,5.687426E-02,9.241250E+02,3.637852E-01,4.629638E+03,6.062582E+03,5.687426E-02,1.107007E+03,3.279616E-01,4.046719E+03,6.113227E+03,1.660991E-01,6.388905E+03,5.687426E-02,0.000000E+00,0.000000E+00,3.373854E-02,5.482029E+02,2.372387E-01,2.985692E+03,3.855692E+03,3.373854E-02,6.566908E+02,2.158171E-01,2.637982E+03,3.891236E+03,1.026210E-01,3.908726E+03,3.373854E-02,0.000000E+00,0.000000E+00,5.687426E-02,9.241250E+02,3.615936E-01,4.605163E+03,6.043716E+03,5.687426E-02,1.107007E+03,3.250575E-01,4.014287E+03,6.089128E+03,1.688098E-01,6.467629E+03,5.687426E-02,0.000000E+00,0.000000E+00,3.373854E-02,5.482029E+02,2.792975E-01,3.455223E+03,4.343253E+03,3.373854E-02,6.566908E+02,2.561570E-01,3.088301E+03,4.364422E+03,1.036701E-01,3.939186E+03,3.373854E-02,0.000000E+00,0.000000E+00
16:10:00,7.502560E-02,1.228608E+03,3.538343E-01,4.690447E+03,6.333385E+03,7.502560E-02,1.469856E+03,3.430829E-01,4.329159E+03,6.719081E+03,7.502560E-02,4.244464E+03,7.502560E-02,0.000000E+00,0.000000E+00,5.687426E-02,9.313641E+02,3.634217E-01,4.618342E+03,6.050450E+03,5.687426E-02,1.114246E+03,3.276450E-01,4.035946E+03,6.101277E+03,1.660998E-01,6.388926E+03,5.687426E-02,0.000000E+00,0.000000E+00,3.373854E-02,5.524972E+02,2.364325E-01,2.972397E+03,3.841655E+03,3.373854E-02,6.609851E+02,2.150388E-01,2.624998E+03,3.877253E+03,1.026215E-01,3.908739E+03,3.373854E-02,0.000000E+00,0.000000E+00,5.687426E-02,9.313641E+02,3.613074E-01,4.594730E+03,6.032467E+03,5.687426E-02,1.114246E+03,3.248176E-01,4.004371E+03,6.078055E+03,1.688105E-01,6.467649E+03,5.687426E-02,0.000000E+00,0.000000E+00,3.373854E-02,5.524972E+02,2.852910E-01,3.517844E+03,4.407124E+03,3.373854E-02,6.609851E+02,2.620832E-01,3.150169E+03,4.427480E+03,1.036705E-01,3.939198E+03,3.373854E-02,0.000000E+00,0.000000E+00
16:20:00,7.502560E-02,1.238157E+03,3.540705E-01,4.683534E+03,6.326356E+03,7.502560E-02,1.479405E+03,3.433213E-01,4.322271E+03,6.712063E+03,7.502560E-02,4.244464E+03,7.502560E-02,0.000000E+00,0.000000E+00,5.687426E-02,9.386032E+02,3.629289E-01,4.605602E+03,6.036796E+03,5.687426E-02,1.121485E+03,3.272021E-01,4.023764E+03,6.087802E+03,1.661005E-01,6.388946E+03,5.687426E-02,0.000000E+00,0.000000E+00,3.373854E-02,5.567915E+02,2.355806E-01,2.958592E+03,3.827072E+03,3.373854E-02,6.652794E+02,2.142166E-01,2.611526E+03,3.862722E+03,1.026219E-01,3.908751E+03,3.373854E-02,0.000000E+00,0.000000E+00,5.687426E-02,9.386032E+02,3.608948E-01,4.582885E+03,6.019725E+03,5.687426E-02,1.121485E+03,3.244555E-01,3.993090E+03,6.065498E+03,1.688112E-01,6.467670E+03,5.687426E-02,0.000000E+00,0.000000E+00,3.373854E-02,5.567915E+02,2.908530E-01,3.575650E+03,4.466164E+03,3.373854E-02,6.652794E+02,2.675912E-01,3.207370E+03,4.485807E+03,1.036709E-01,3.939211E+03,3.373854E-02,0.000000E+00,0.000000E+00
16:30:00,7.502560E-02,1.247706E+03,3.542932E-01,4.676471E+03,6.319164E+03,7.502560E-02,1.488955E+03,3.435464E-01,4.315235E+03,6.704884E+03,7.502560E-02,4.244464E+03,7.502560E-02,0.000000E+00,0.000000E+00,5.687426E-02,9.458423E+02,3.623071E-01,4.591422E+03,6.021623E+03,5.687426E-02,1.128724E+03,3.266331E-01,4.010174E+03,6.072803E+03,1.661012E-01,6.388967E+03,5.687426E-02,0.000000E+00,0.000000E+00,3.373854E-02,5.610858E+02,2.346780E-01,2.944221E+03,3.811882E+03,3.373854E-02,6.695737E+02,2.133457E-01,2.597509E+03,3.847583E+03,1.026223E-01,3.908763E+03,3.373854E-02,0.000000E+00,0.000000E+00,5.687426E-02,9.458423E+02,3.603509E-01,4.569574E+03,6.005433E+03,5.687426E-02,1.128724E+03,3.239665E-01,3.980393E+03,6.051400E+03,1.688119E-01,6.467691E+03,5.687426E-02,0.000000E+00,0.000000E+00,3.373854E-02,5.610858E+02,2.959329E-01,3.628072E+03,4.519829E+03,3.373854E-02,6.695737E+02,2.726303E-01,3.259336E+03,4.538888E+03,1.036713E-01,3.939223E+03,3.373854E-02,0.000000E+00,0.000000E+00
16:40:00,7.502560E-02,1.257256E+03,3.544996E-01,4.669226E+03,6.311776E+03,7.502560E-02,1.498504E+03,3.437554E-01,4.308019E+03,6.697511E+03,7.502560E-02,4.244464E+03,7.502560E-02,0.000000E+00,0.000000E+00,5.687426E-02,9.530813E+02,3.615567E-01,4.575806E+03,6.004934E+03,5.687426E-02,1.135963E+03,3.259382E-01,3.995178E+03,6.056285E+03,1.661019E-01,6.388988E+03,5.687426E-02,0.000000E+00,0.000000E+00,3.373854E-02,5.653801E+02,2.337202E-01,2.929233E+03,3.796032E+03,3.373854E-02,6.738680E+02,2.124216E-01,2.582899E+03,3.831786E+03,1.026227E-01,3.908776E+03,3.373854E-02,0.000000E+00,0.000000E+00,5.687426E-02,9.530813E+02,3.596723E-01,4.554761E+03,5.989553E+03,5.687426E-02,1.135963E+03,3.233472E-01,3.966241E+03,6.035726E+03,1.688126E-01,6.467712E+03,5.687426E-02,0.000000E+00,0.000000E+00,3.373854E-02,5.653801E+02,3.004632E-01,3.674360E+03,4.567193E+03,3.373854E-02,6.738680E+02,2.771332E-01,3.305318E+03,4.585785E+03,1.036718E-01,3.939235E+03,3.373854E-02,0.000000E+00,0.000000E+00
16:50:00,7.502560E-02,1.266805E+03,3.546870E-01,4.661769E+03,6.304166E+03,7.502560E-02,1.508054E+03,3.439457E-01,4.300594E+03,6.689917E+03,7.502560E-02,4.244464E+03,7.502560E-02,0.000000E+00,0.000000E+00,5.687426E-02,9.603204E+02,3.606766E-01,4.558742E+03,5.986715E+03,5.687426E-02,1.143202E+03,3.251165E-01,3.978767E+03,6.038238E+03,1.661026E-01,6.389009E+03,5.687426E-02,0.000000E+00,0.000000E+00,3.373854E-02,5.696744E+02,2.327031E-01,2.913584E+03,3.779477E+03,3.373854E-02,6.781623E+02,2.114403E-01,2.567649E+03,3.815287E+03,1.026232E-01,3.908788E+03,3.373854E-02,0.000000E+00,0.000000E+00,5.687426E-02,9.603204E+02,3.588570E-01,4.538419E+03,5.972058E+03,5.687426E-02,1.143202E+03,3.225957E-01,3.950613E+03,6.018458E+03,1.688133E-01,6.467732E+03,5.687426E-02,0.000000E+00,0.000000E+00,3.373854E-02,5.696744E+02,3.043805E-01,3.713804E+03,4.607390E+03,3.373854E-02,6.781623E+02,2.810383E-01,3.344625E+03,4.625634E+03,1.036722E-01,3.939247E+03,3.373854E-02,0.000000E+00,0.000000E+00
17:00:00,7.502560E-02,1.276355E+03,3.548525E-01,4.654068E+03,6.296294E+03,7.502560E-02,1.517603E+03,3.441143E-01,4.292927E+03,6.682065E+03,7.502560E-02,4.244464E+03,7.502560E-02,0.000000E+00,0.000000E+00,5.687426E-02,9.675595E+02,3.595576E-01,4.539011E+03,5.965543E+03,5.687426E-02,1.150441E+03,3.240616E-01,3.959752E+03,6.017237E+03,1.661033E-01,6.389029E+03,5.687426E-02,0.000000E+00,0.000000E+00,3.373854E-02,5.739687E+02,2.315682E-01,2.896620E+03,3.761461E+03,3.373854E-02,6.824566E+02,2.103467E-01,2.551147E+03,3.797360E+03,1.026236E-01,3.908800E+03,3.373854E-02,0.000000E+00,0.000000E+00,5.687426E-02,9.675595E+02,3.578054E-01,4.519441E+03,5.951651E+03,5.687426E-02,1.150441E+03,3.216147E-01,3.932424E+03,5.998286E+03,1.688141E-01,6.467753E+03,5.687426E-02,0.000000E+00,0.000000E+00,3.373854E-02,5.739687E+02,3.075744E-01,3.745172E+03,4.639019E+03,3.373854E-02,6.824566E+02,2.842339E-01,3.376012E+03,4.656990E+03,1.036726E-01,3.939260E+03,3.373854E-02,0.000000E+00,0.000000E+00
17:10:00,7.502560E-02,1.288291E+03,3.549923E-01,4.643693E+03,6.285674E+03,7.502560E-02,1.529540E+03,3.442572E-01,4.282586E+03,6.671456E+03,7.502560E-02,4.244464E+03,7.502560E-02,0.000000E+00,0.000000E+00,5.687426E-02,9.766083E+02,3.582751E-01,4.515644E+03,5.940719E+03,5.687426E-02,1.159490E+03,3.228441E-01,3.937113E+03,5.992572E+03,1.661041E-01,6.389050E+03,5.687426E-02,0.000000E+00,0.000000E+00,3.373854E-02,5.793366E+02,2.303532E-01,2.877687E+03,3.741469E+03,3.373854E-02,6.878245E+02,2.091731E-01,2.532677E+03,3.777440E+03,1.026240E-01,3.908812E+03,3.373854E-02,0.000000E+00,0.000000E+00,5.687426E-02,9.766083E+02,3.565878E-01,4.496800E+03,5.927550E+03,5.687426E-02,1.159490E+03,3.204736E-01,3.910637E+03,5.974465E+03,1.688148E-01,6.467774E+03,5.687426E-02,0.000000E+00,0.000000E+00,3.373854E-02,5.793366E+02,3.102465E-01,3.769641E+03,4.663834E+03,3.373854E-02,6.878245E+02,2.869181E-01,3.400617E+03,4.681678E+03,1.036730E-01,3.939272E+03,3.373854E-02,0.000000E+00,0.000000E+00
17:20:00,7.502560E-02,1.300228E+03,3.551045E-01,4.633008E+03,6.274726E+03,7.502560E-02,1.541477E+03,3.443725E-01,4.271937E+03,6.660522E+03,7.502560E-02,4.244464E+03,7.502560E-02,0.000000E+00,0.000000E+00,5.687426E-02,9.856572E+02,3.568301E-01,4.490465E+03,5.914046E+03,5.687426E-02,1.168539E+03,3.214719E-01,3.912746E+03,5.966129E+03,1.661048E-01,6.389070E+03,5.687426E-02,0.000000E+00,0.000000E+00,3.373854E-02,5.847045E+02,2.290584E-01,2.857864E+03,3.720568E+03,3.373854E-02,6.931924E+02,2.079246E-01,2.513372E+03,3.756656E+03,1.026244E-01,3.908825E+03,3.373854E-02,0.000000E+00,0.000000E+00,5.687426E-02,9.856572E+02,3.552826E-01,4.473180E+03,5.902561E+03,5.687426E-02,1.168539E+03,3.192470E-01,3.887896E+03,5.949781E+03,1.688155E-01,6.467794E+03,5.687426E-02,0.000000E+00,0.000000E+00,3.373854E-02,5.847045E+02,3.123825E-01,3.788125E+03,4.682602E+03,3.373854E-02,6.931924E+02,2.890765E-01,3.419351E+03,4.700433E+03,1.036735E-01,3.939284E+03,3.373854E-02,0.000000E+00,0.000000E+00
17:30:00,7.502560E-02,1.312165E+03,3.551884E-01,4.622009E+03,6.263446E+03,7.502560E-02,1.553413E+03,3.444597E-01,4.260974E+03,6.649256E+03,7.502560E-02,4.244464E+03,7.502560E-02,0.000000E+00,0.000000E+00,5.687426E-02,9.947060E+02,3.552178E-01,4.463416E+03,5.885371E+03,5.687426E-02,1.177588E+03,3.199371E-01,3.886564E+03,5.937691E+03,1.661055E-01,6.389091E+03,5.687426E-02,0.000000E+00,0.000000E+00,3.373854E-02,5.900724E+02,2.276824E-01,2.837135E+03,3.698686E+03,3.373854E-02,6.985603E+02,2.065977E-01,2.493191E+03,3.734897E+03,1.026248E-01,3.908837E+03,3.373854E-02,0.000000E+00,0.000000E+00,5.687426E-02,9.947060E+02,3.540169E-01,4.450002E+03,5.878134E+03,5.687426E-02,1.177588E+03,3.180571E-01,3.865565E+03,5.925652E+03,1.688162E-01,6.467815E+03,5.687426E-02,0.000000E+00,0.000000E+00,3.373854E-02,5.900724E+02,3.139249E-01,3.799981E+03,4.694467E+03,3.373854E-02,6.985603E+02,2.906519E-01,3.431575E+03,4.712360E+03,1.036739E-01,3.939296E+03,3.373854E-02,0.000000E+00,0.000000E+00
17:40:00,7.502560E-02,1.324102E+03,3.552469E-01,4.610725E+03,6.251874E+03,7.502560E-02,1.565350E+03,3.445214E-01,4.249725E+03,6.637695E+03,7.502560E-02,4.244464E+03,7.502560E-02,0.000000E+00,0.000000E+00,5.687426E-02,1.003755E+03,3.534312E-01,4.434423E+03,5.854577E+03,5.687426E-02,1.186637E+03,3.182332E-01,3.858494E+03,5.907140E+03,1.661062E-01,6.389111E+03,5.687426E-02,0.000000E+00,0.000000E+00,3.373854E-02,5.954403E+02,2.262241E-01,2.815486E+03,3.675794E+03,3.373854E-02,7.039282E+02,2.051912E-01,2.472122E+03,3.712131E+03,1.026253E-01,3.908849E+03,3.373854E-02,0.000000E+00,0.000000E+00,5.687426E-02,1.003755E+03,3.530340E-01,4.429980E+03,5.857155E+03,5.687426E-02,1.186637E+03,3.171422E-01,3.846303E+03,5.904980E+03,1.688169E-01,6.467835E+03,5.687426E-02,0.000000E+00,0.000000E+00,3.373854E-02,5.954403E+02,3.148566E-01,3.805019E+03,4.699220E+03,3.373854E-02,7.039282E+02,2.916270E-01,3.437099E+03,4.717244E+03,1.036743E-01,3.939308E+03,3.373854E-02,0.000000E+00,0.000000E+00
17:50:00,7.502560E-02,1.336039E+03,3.552901E-01,4.599271E+03,6.240136E+03,7.502560E-02,1.577287E+03,3.445677E-01,4.238306E+03,6.625966E+03,7.502560E-02,4.244464E+03,7.502560E-02,0.000000E+00,0.000000E+00,5.687426E-02,1.012804E+03,3.514635E-01,4.403406E+03,5.821576E+03,5.687426E-02,1.195686E+03,3.163539E-01,3.828465E+03,5.874399E+03,1.661069E-01,6.389132E+03,5.687426E-02,0.000000E+00,0.000000E+00,3.373854E-02,6.008082E+02,2.246838E-01,2.792922E+03,3.651895E+03,3.373854E-02,7.092961E+02,2.037056E-01,2.450169E+03,3.688364E+03,1.026257E-01,3.908861E+03,3.373854E-02,0.000000E+00,0.000000E+00,5.687426E-02,1.012804E+03,3.523841E-01,4.413676E+03,5.839845E+03,5.687426E-02,1.195686E+03,3.165536E-01,3.830684E+03,5.887962E+03,1.688176E-01,6.467856E+03,5.687426E-02,0.000000E+00,0.000000E+00,3.373854E-02,6.008082E+02,3.151623E-01,3.803066E+03,4.696705E+03,3.373854E-02,7.092961E+02,2.919868E-01,3.435752E+03,4.714934E+03,1.036747E-01,3.939321E+03,3.373854E-02,0.000000E+00,0.000000E+00
18:00:00,7.502560E-02,1.347975E+03,3.553325E-01,4.587807E+03,6.228401E+03,7.502560E-02,1.589224E+03,3.446130E-01,4.226875E+03,6.614239E+03,7.502560E-02,4.244464E+03,7.502560E-02,0.000000E+00,0.000000E+00,5.687426E-02,1.021853E+03,3.494143E-01,4.371481E+03,5.787679E+03,5.687426E-02,1.204734E+03,3.143965E-01,3.797566E+03,5.840802E+03,1.661076E-01,6.389152E+03,5.687426E-02,0.000000E+00,0.000000E+00,3.373854E-02,6.061761E+02,2.231173E-01,2.770065E+03,3.627715E+03,3.373854E-02,7.146640E+02,2.021934E-01,2.427919E+03,3.664311E+03,1.026261E-01,3.908873E+03,3.373854E-02,0.000000E+00,0.000000E+00,5.687426E-02,1.021853E+03,3.521796E-01,4.402343E+03,5.827573E+03,5.687426E-02,1.204734E+03,3.164036E-01,3.819960E+03,5.875977E+03,1.688183E-01,6.467876E+03,5.687426E-02,0.000000E+00,0.000000E+00,3.373854E-02,6.061761E+02,3.149917E-01,3.795798E+03,4.688820E+03,3.373854E-02,7.146640E+02,2.918803E-01,3.429199E+03,4.707369E+03,1.036751E-01,3.939333E+03,3.373854E-02,0.000000E+00,0.000000E+00
18:10:00,7.502560E-02,1.365880E+03,3.553861E-01,4.570501E+03,6.210696E+03,7.502560E-02,1.607129E+03,3.446694E-01,4.209599E+03,6.596530E+03,7.502560E-02,4.244464E+03,7.502560E-02,0.000000E+00,0.000000E+00,5.687426E-02,1.035426E+03,3.471679E-01,4.332828E+03,5.746767E+03,5.687426E-02,1.218308E+03,3.122554E-01,3.760090E+03,5.800303E+03,1.661083E-01,6.389173E+03,5.687426E-02,0.000000E+00,0.000000E+00,3.373854E-02,6.142279E+02,2.214672E-01,2.743592E+03,3.599769E+03,3.373854E-02,7.227158E+02,2.006059E-01,2.402146E+03,3.636570E+03,1.026265E-01,3.908885E+03,3.373854E-02,0.000000E+00,0.000000E+00,5.687426E-02,1.035426E+03,3.522924E-01,4.390030E+03,5.814215E+03,5.687426E-02,1.218308E+03,3.165725E-01,3.808272E+03,5.862944E+03,1.688190E-01,6.467897E+03,5.687426E-02,0.000000E+00,0.000000E+00,3.373854E-02,6.142279E+02,3.141361E-01,3.778197E+03,4.670255E+03,3.373854E-02,7.227158E+02,2.911028E-01,3.412472E+03,4.689234E+03,1.036755E-01,3.939345E+03,3.373854E-02,0.000000E+00,0.000000E+00
18:20:00,7.502560E-02,1.383786E+03,3.554560E-01,4.553376E+03,6.193180E+03,7.502560E-02,1.625034E+03,3.447419E-01,4.192504E+03,6.579010E+03,7.502560E-02,4.244464E+03,7.502560E-02,0.000000E+00,0.000000E+00,5.687426E-02,1.048999E+03,3.447155E-01,4.291876E+03,5.703384E+03,5.687426E-02,1.231881E+03,3.099149E-01,3.720388E+03,5.757327E+03,1.661090E-01,6.389193E+03,5.687426E-02,0.000000E+00,0.000000E+00,3.373854E-02,6.222798E+02,2.197327E-01,2.716176E+03,3.570795E+03,3.373854E-02,7.307676E+02,1.989370E-01,2.375462E+03,3.607789E+03,1.026269E-01,3.908897E+03,3.373854E-02,0.000000E+00,0.000000E+00,5.687426E-02,1.048999E+03,3.525702E-01,4.379557E+03,5.802733E+03,5.687426E-02,1.231881E+03,3.169154E-01,3.798527E+03,5.851849E+03,1.688197E-01,6.467917E+03,5.687426E-02,0.000000E+00,0.000000E+00,3.373854E-02,6.222798E+02,3.125397E-01,3.752325E+03,4.643121E+03,3.373854E-02,7.307676E+02,2.895957E-01,3.387599E+03,4.662568E+03,1.036760E-01,3.939357E+03,3.373854E-02,0.000000E+00,0.000000E+00
18:30:00,7.502560E-02,1.401691E+03,3.555401E-01,4.536409E+03,6.175825E+03,7.502560E-02,1.642939E+03,3.448284E-01,4.175565E+03,6.561650E+03,7.502560E-02,4.244464E+03,7.502560E-02,0.000000E+00,0.000000E+00,5.687426E-02,1.062572E+03,3.420571E-01,4.248624E+03,5.657537E+03,5.687426E-02,1.245454E+03,3.073784E-01,3.678499E+03,5.711919E+03,1.661097E-01,6.389214E+03,5.687426E-02,0.000000E+00,0.000000E+00,3.373854E-02,6.303316E+02,2.179161E-01,2.687843E+03,3.540823E+03,3.373854E-02,7.388195E+02,1.971911E-01,2.347920E+03,3.578020E+03,1.026273E-01,3.908909E+03,3.373854E-02,0.000000E+00,0.000000E+00,5.687426E-02,1.062572E+03,3.527371E-01,4.367847E+03,5.789885E+03,5.687426E-02,1.245454E+03,3.171603E-01,3.787687E+03,5.839405E+03,1.688204E-01,6.467937E+03,5.687426E-02,0.000000E+00,0.000000E+00,3.373854E-02,6.303316E+02,3.101569E-01,3.717673E+03,4.606918E+03,3.373854E-02,7.388195E+02,2.873196E-01,3.354140E+03,4.626950E+03,1.036764E-01,3.939369E+03,3.373854E-02,0.000000E+00,0.000000E+00
18:40:00,7.502560E-02,1.419596E+03,3.556270E-01,4.519475E+03,6.158499E+03,7.502560E-02,1.660844E+03,3.449180E-01,4.158660E+03,6.544321E+03,7.502560E-02,4.244464E+03,7.502560E-02,0.000000E+00,0.000000E+00,5.687426E-02,1.076146E+03,3.391443E-01,4.202532E+03,5.608587E+03,5.687426E-02,1.259027E+03,3.045947E-01,3.633849E+03,5.663382E+03,1.661104E-01,6.389234E+03,5.687426E-02,0.000000E+00,0.000000E+00,3.373854E-02,6.383834E+02,2.159938E-01,2.658331E+03,3.509543E+03,3.373854E-02,7.468713E+02,1.953423E-01,2.319228E+03,3.546915E+03,1.026278E-01,3.908921E+03,3.373854E-02,0.000000E+00,0.000000E+00,5.687426E-02,1.076146E+03,3.521689E-01,4.347930E+03,5.767955E+03,5.687426E-02,1.259027E+03,3.166969E-01,3.768941E+03,5.817874E+03,1.688211E-01,6.467958E+03,5.687426E-02,0.000000E+00,0.000000E+00,3.373854E-02,6.383834E+02,3.065743E-01,3.669627E+03,4.556545E+03,3.373854E-02,7.468713E+02,2.838663E-01,3.307539E+03,4.577237E+03,1.036768E-01,3.939381E+03,3.373854E-02,0.000000E+00,0.000000E+00
18:50:00,7.502560E-02,1.437501E+03,3.556919E-01,4.502294E+03,6.140902E+03,7.502560E-02,1.678749E+03,3.449859E-01,4.141512E+03,6.526724E+03,7.502560E-02,4.244464E+03,7.502560E-02,0.000000E+00,0.000000E+00,5.687426E-02,1.089719E+03,3.360138E-01,4.154010E+03,5.557068E+03,5.687426E-02,1.272601E+03,3.016096E-01,3.586952E+03,5.612425E+03,1.661111E-01,6.389254E+03,5.687426E-02,0.000000E+00,0.000000E+00,3.373854E-02,6.464353E+02,2.139819E-01,2.627818E+03,3.477196E+03,3.373854E-02,7.549231E+02,1.934128E-01,2.289636E+03,3.514831E+03,1.026282E-01,3.908934E+03,3.373854E-02,0.000000E+00,0.000000E+00,5.687426E-02,1.089719E+03,3.508760E-01,4.319924E+03,5.737781E+03,5.687426E-02,1.272601E+03,3.155327E-01,3.742373E+03,5.788204E+03,1.688218E-01,6.467978E+03,5.687426E-02,0.000000E+00,0.000000E+00,3.373854E-02,6.464353E+02,3.020048E-01,3.610563E+03,4.495259E+03,3.373854E-02,7.549231E+02,2.794522E-01,3.250212E+03,4.516907E+03,1.036772E-01,3.939393E+03,3.373854E-02,0.000000E+00,0.000000E+00
19:00:00,7.502560E-02,1.455406E+03,3.557054E-01,4.484540E+03,6.122686E+03,7.502560E-02,1.696655E+03,3.450027E-01,4.123795E+03,6.508510E+03,7.502560E-02,4.244464E+03,7.502560E-02,0.000000E+00,0.000000E+00,5.687426E-02,1.103292E+03,3.326772E-01,4.103186E+03,5.503085E+03,5.687426E-02,1.286174E+03,2.984318E-01,3.537903E+03,5.559109E+03,1.661118E-01,6.389275E+03,5.687426E-02,0.000000E+00,0.000000E+00,3.373854E-02,6.544871E+02,2.118845E-01,2.596350E+03,3.443820E+03,3.373854E-02,7.629750E+02,1.914047E-01,2.259167E+03,3.481770E+03,1.026286E-01,3.908946E+03,3.373854E-02,0.000000E+00,0.000000E+00,5.687426E-02,1.103292E+03,3.487639E-01,4.282772E+03,5.698118E+03,5.687426E-02,1.286174E+03,3.135673E-01,3.706860E+03,5.749075E+03,1.688225E-01,6.467999E+03,5.687426E-02,0.000000E+00,0.000000E+00,3.373854E-02,6.544871E+02,2.964370E-01,3.540352E+03,4.422578E+03,3.373854E-02,7.629750E+02,2.740632E-01,3.182001E+03,4.445390E+03,1.036776E-01,3.939405E+03,3.373854E-02,0.000000E+00,0.000000E+00
19:10:00,7.502560E-02,1.468537E+03,3.556415E-01,4.470696E+03,6.108434E+03,7.502560E-02,1.709785E+03,3.449425E-01,4.109993E+03,6.494270E+03,7.502560E-02,4.244464E+03,7.502560E-02,0.000000E+00,0.000000E+00,5.687426E-02,1.113246E+03,3.296931E-01,4.059919E+03,5.457577E+03,5.687426E-02,1.296128E+03,2.952669E-01,3.492617E+03,5.509862E+03,1.661125E-01,6.389295E+03,5.687426E-02,0.000000E+00,0.000000E+00,3.373854E-02,6.603918E+02,2.100610E-01,2.570087E+03,3.416255E+03,3.373854E-02,7.688797E+02,1.894427E-01,2.231359E+03,3.451587E+03,1.026290E-01,3.908958E+03,3.373854E-02,0.000000E+00,0.000000E+00,5.687426E-02,1.113246E+03,3.463344E-01,4.245697E+03,5.658997E+03,5.687426E-02,1.296128E+03,3.109371E-01,3.667546E+03,5.705857E+03,1.688232E-01,6.468019E+03,5.687426E-02,0.000000E+00,0.000000E+00,3.373854E-02,6.603918E+02,2.902535E-01,3.465416E+03,4.345143E+03,3.373854E-02,7.688797E+02,2.678572E-01,3.106815E+03,4.366506E+03,1.036780E-01,3.939417E+03,3.373854E-02,0.000000E+00,0.000000E+00
19:20:00,7.502560E-02,1.481667E+03,3.554814E-01,4.455778E+03,6.093038E+03,7.502560E-02,1.722915E+03,3.447859E-01,4.095114E+03,6.478876E+03,7.502560E-02,4.244464E+03,7.502560E-02,0.000000E+00,0.000000E+00,5.687426E-02,1.123200E+03,3.265728E-01,4.015129E+03,5.419001E+03,5.687426E-02,1.306081E+03,2.919808E-01,3.445978E+03,5.465880E+03,1.661132E-01,6.389315E+03,5.687426E-02,0.000000E+00,0.000000E+00,3.373854E-02,6.662965E+02,2.081806E-01,2.543190E+03,3.394192E+03,3.373854E-02,7.747843E+02,1.874326E-01,2.203014E+03,3.425718E+03,1.026294E-01,3.908970E+03,3.373854E-02,0.000000E+00,0.000000E+00,5.687426E-02,1.123200E+03,3.428270E-01,4.196588E+03,5.616192E+03,5.687426E-02,1.306081E+03,3.072672E-01,3.616625E+03,5.657143E+03,1.688239E-01,6.468039E+03,5.687426E-02,0.000000E+00,0.000000E+00,3.373854E-02,6.662965E+02,2.828830E-01,3.377226E+03,4.262199E+03,3.373854E-02,7.747843E+02,2.605242E-01,3.019048E+03,4.280904E+03,1.036784E-01,3.939429E+03,3.373854E-02,0.000000E+00,0.000000E+00
19:30:00,7.502560E-02,1.494798E+03,3.552112E-01,4.439631E+03,6.076331E+03,7.502560E-02,1.736046E+03,3.445199E-01,4.079014E+03,6.462181E+03,7.502560E-02,4.244464E+03,7.502560E-02,0.000000E+00,0.000000E+00,5.687426E-02,1.133153E+03,3.233422E-01,3.969107E+03,5.381465E+03,5.687426E-02,1.316035E+03,2.886015E-01,3.398299E+03,5.422624E+03,1.661139E-01,6.389336E+03,5.687426E-02,0.000000E+00,0.000000E+00,3.373854E-02,6.722011E+02,2.062497E-01,2.515726E+03,3.373117E+03,3.373854E-02,7.806890E+02,1.853815E-01,2.174211E+03,3.400614E+03,1.026298E-01,3.908982E+03,3.373854E-02,0.000000E+00,0.000000E+00,5.687426E-02,1.133153E+03,3.383500E-01,4.136653E+03,5.564371E+03,5.687426E-02,1.316035E+03,3.026804E-01,3.555468E+03,5.599330E+03,1.688246E-01,6.468059E+03,5.687426E-02,0.000000E+00,0.000000E+00,3.373854E-02,6.722011E+02,2.745973E-01,3.278817E+03,4.170034E+03,3.373854E-02,7.806890E+02,2.522771E-01,2.921073E+03,4.185636E+03,1.036789E-01,3.939441E+03,3.373854E-02,0.000000E+00,0.000000E+00
19:40:00,7.502560E-02,1.507928E+03,3.548286E-01,4.422229E+03,6.058298E+03,7.502560E-02,1.749176E+03,3.441418E-01,4.061663E+03,6.444158E+03,7.502560E-02,4.244464E+03,7.502560E-02,0.000000E+00,0.000000E+00,5.687426E-02,1.143107E+03,3.201025E-01,3.922981E+03,5.341486E+03,5.687426E-02,1.325989E+03,2.852321E-01,3.350727E+03,5.377663E+03,1.661146E-01,6.389356E+03,5.687426E-02,0.000000E+00,0.000000E+00,3.373854E-02,6.781058E+02,2.043120E-01,2.488187E+03,3.350139E+03,3.373854E-02,7.865937E+02,1.833352E-01,2.145460E+03,3.374118E+03,1.026302E-01,3.908994E+03,3.373854E-02,0.000000E+00,0.000000E+00,5.687426E-02,1.143107E+03,3.335949E-01,4.073612E+03,5.507281E+03,5.687426E-02,1.325989E+03,2.978351E-01,3.491422E+03,5.537083E+03,1.688253E-01,6.468080E+03,5.687426E-02,0.000000E+00,0.000000E+00,3.373854E-02,6.781058E+02,2.663604E-01,3.180951E+03,4.075817E+03,3.373854E-02,7.865937E+02,2.440952E-01,2.823826E+03,4.089310E+03,1.036793E-01,3.939453E+03,3.373854E-02,0.000000E+00,0.000000E+00
19:50:00,7.502560E-02,1.521058E+03,3.543482E-01,4.403736E+03,6.039127E+03,7.502560E-02,1.762307E+03,3.436659E-01,4.043219E+03,6.424991E+03,7.502560E-02,4.244464E+03,7.502560E-02,0.000000E+00,0.000000E+00,5.687426E-02,1.153061E+03,3.168854E-01,3.877106E+03,5.298374E+03,5.687426E-02,1.335943E+03,2.818888E-01,3.303446E+03,5.330258E+03,1.661153E-01,6.389376E+03,5.687426E-02,0.000000E+00,0.000000E+00,3.373854E-02,6.840105E+02,2.023789E-01,2.460697E+03,3.324697E+03,3.373854E-02,7.924984E+02,1.812956E-01,2.116783E+03,3.345635E+03,1.026306E-01,3.909005E+03,3.373854E-02,0.000000E+00,0.000000E+00,5.687426E-02,1.153061E+03,3.287571E-01,4.009645E+03,5.445681E+03,5.687426E-02,1.335943E+03,2.929166E-01,3.426558E+03,5.471219E+03,1.688260E-01,6.468100E+03,5.687426E-02,0.000000E+00,0.000000E+00,3.373854E-02,6.840105E+02,2.583580E-01,3.085700E+03,3.980480E+03,3.373854E-02,7.924984E+02,2.361381E-01,2.729085E+03,3.992400E+03,1.036797E-01,3.939465E+03,3.373854E-02,0.000000E+00,0.000000E+00
20:00:00,7.502560E-02,1.534189E+03,3.537952E-01,4.384432E+03,6.019125E+03,7.502560E-02,1.775437E+03,3.431167E-01,4.023957E+03,6.404982E+03,7.502560E-02,4.244464E+03,7.502560E-02,0.000000E+00,0.000000E+00,5.687426E-02,1.163015E+03,3.137935E-01,3.832628E+03,5.254220E+03,5.687426E-02,1.345896E+03,2.786724E-01,3.257581E+03,5.282288E+03,1.661160E-01,6.389396E+03,5.687426E-02,0.000000E+00,0.000000E+00,3.373854E-02,6.899152E+02,2.004975E-01,2.433784E+03,3.298044E+03,3.373854E-02,7.984031E+02,1.793102E-01,2.088712E+03,3.316268E+03,1.026311E-01,3.909017E+03,3.373854E-02,0.000000E+00,0.000000E+00,5.687426E-02,1.163015E+03,3.240542E-01,3.947182E+03,5.382578E+03,5.687426E-02,1.345896E+03,2.881412E-01,3.363290E+03,5.404493E+03,1.688267E-01,6.468120E+03,5.687426E-02,0.000000E+00,0.000000E+00,3.373854E-02,6.899152E+02,2.508359E-01,2.995810E+03,3.887649E+03,3.373854E-02,7.984031E+02,2.286475E-01,2.639551E+03,3.898129E+03,1.036801E-01,3.939477E+03,3.373854E-02,0.000000E+00,0.000000E+00
20:10:00,7.502560E-02,1.544932E+03,3.531989E-01,4.367030E+03,6.001079E+03,7.502560E-02,1.786180E+03,3.425228E-01,4.006583E+03,6.386919E+03,7.502560E-02,4.244464E+03,7.502560E-02,0.000000E+00,0.000000E+00,5.687426E-02,1.171158E+03,3.103969E-01,3.786557E+03,5.206069E+03,5.687426E-02,1.354040E+03,2.754931E-01,3.213940E+03,5.235028E+03,1.661167E-01,6.389416E+03,5.687426E-02,0.000000E+00,0.000000E+00,3.373854E-02,6.947463E+02,1.983741E-01,2.405242E+03,3.268118E+03,3.373854E-02,8.032342E+02,1.773123E-01,2.061574E+03,3.286747E+03,1.026315E-01,3.909029E+03,3.373854E-02,0.000000E+00,0.000000E+00,5.687426E-02,1.171158E+03,3.191386E-01,3.884153E+03,5.315986E+03,5.687426E-02,1.354040E+03,2.835104E-01,3.303445E+03,5.339226E+03,1.688274E-01,6.468140E+03,5.687426E-02,0.000000E+00,0.000000E+00,3.373854E-02,6.947463E+02,2.436491E-01,2.910736E+03,3.797651E+03,3.373854E-02,8.032342E+02,2.216937E-01,2.557082E+03,3.809347E+03,1.036805E-01,3.939489E+03,3.373854E-02,0.000000E+00,0.000000E+00
20:20:00,7.502560E-02,1.555675E+03,3.525870E-01,4.349456E+03,5.982870E+03,7.502560E-02,1.796923E+03,3.419127E-01,3.989029E+03,6.368686E+03,7.502560E-02,4.244464E+03,7.502560E-02,0.000000E+00,0.000000E+00,5.687426E-02,1.179302E+03,3.072275E-01,3.743024E+03,5.159817E+03,5.687426E-02,1.362184E+03,2.725289E-01,3.172700E+03,5.189649E+03,1.661174E-01,6.389436E+03,5.687426E-02,0.000000E+00,0.000000E+00,3.373854E-02,6.995774E+02,1.963559E-01,2.377875E+03,3.238928E+03,3.373854E-02,8.080653E+02,1.754135E-01,2.035541E+03,3.257943E+03,1.026319E-01,3.909041E+03,3.373854E-02,0.000000E+00,0.000000E+00,5.687426E-02,1.179302E+03,3.148836E-01,3.828500E+03,5.256477E+03,5.687426E-02,1.362184E+03,2.795080E-01,3.250615E+03,5.280925E+03,1.688281E-01,6.468160E+03,5.687426E-02,0.000000E+00,0.000000E+00,3.373854E-02,6.995774E+02,2.375577E-01,2.837892E+03,3.720214E+03,3.373854E-02,8.080653E+02,2.157768E-01,2.486189E+03,3.732566E+03,1.036809E-01,3.939501E+03,3.373854E-02,0.000000E+00,0.000000E+00
20:30:00,7.502560E-02,1.566418E+03,3.519875E-01,4.332020E+03,5.964824E+03,7.502560E-02,1.807667E+03,3.413130E-01,3.971590E+03,6.350595E+03,7.502560E-02,4.244464E+03,7.502560E-02,0.000000E+00,0.000000E+00,5.687426E-02,1.187446E+03,3.042991E-01,3.702182E+03,5.116056E+03,5.687426E-02,1.370328E+03,2.697912E-01,3.133989E+03,5.146673E+03,1.661181E-01,6.389456E+03,5.687426E-02,0.000000E+00,0.000000E+00,3.373854E-02,7.044085E+02,1.944529E-01,2.351796E+03,3.210881E+03,3.373854E-02,8.128964E+02,1.736225E-01,2.010714E+03,3.230230E+03,1.026323E-01,3.909053E+03,3.373854E-02,0.000000E+00,0.000000E+00,5.687426E-02,1.187446E+03,3.113663E-01,3.781082E+03,5.205715E+03,5.687426E-02,1.370328E+03,2.761976E-01,3.205510E+03,5.231056E+03,1.688288E-01,6.468180E+03,5.687426E-02,0.000000E+00,0.000000E+00,3.373854E-02,7.044085E+02,2.324875E-01,2.776449E+03,3.655054E+03,3.373854E-02,8.128964E+02,2.108737E-01,2.426615E+03,3.668185E+03,1.036813E-01,3.939513E+03,3.373854E-02,0.000000E+00,0.000000E+00
20:40:00,7.502560E-02,1.577161E+03,3.514212E-01,4.314955E+03,5.947191E+03,7.502560E-02,1.818410E+03,3.407449E-01,3.954504E+03,6.332900E+03,7.502560E-02,4.244464E+03,7.502560E-02,0.000000E+00,0.000000E+00,5.687426E-02,1.195590E+03,3.015991E-01,3.663890E+03,5.074838E+03,5.687426E-02,1.378472E+03,2.672681E-01,3.097676E+03,5.106137E+03,1.661188E-01,6.389476E+03,5.687426E-02,0.000000E+00,0.000000E+00,3.373854E-02,7.092396E+02,1.926631E-01,2.326981E+03,3.184077E+03,3.373854E-02,8.177275E+02,1.719378E-01,1.987074E+03,3.203706E+03,1.026327E-01,3.909065E+03,3.373854E-02,0.000000E+00,0.000000E+00,5.687426E-02,1.195590E+03,3.083118E-01,3.738832E+03,5.160430E+03,5.687426E-02,1.378472E+03,2.733284E-01,3.165331E+03,5.186532E+03,1.688295E-01,6.468200E+03,5.687426E-02,0.000000E+00,0.000000E+00,3.373854E-02,7.092396E+02,2.280223E-01,2.721763E+03,3.597120E+03,3.373854E-02,8.177275E+02,2.065456E-01,2.373461E+03,3.610738E+03,1.036817E-01,3.939524E+03,3.373854E-02,0.000000E+00,0.000000E+00
20:50:00,7.502560E-02,1.587904E+03,3.508971E-01,4.298359E+03,5.930075E+03,7.502560E-02,1.829153E+03,3.402177E-01,3.937875E+03,6.315711E+03,7.502560E-02,4.244464E+03,7.502560E-02,0.000000E+00,0.000000E+00,5.687426E-02,1.203734E+03,2.990985E-01,3.627828E+03,5.035903E+03,5.687426E-02,1.386616E+03,2.649367E-01,3.063502E+03,5.067839E+03,1.661194E-01,6.389496E+03,5.687426E-02,0.000000E+00,0.000000E+00,3.373854E-02,7.140707E+02,1.909763E-01,2.303316E+03,3.158444E+03,3.373854E-02,8.225586E+02,1.703524E-01,1.964542E+03,3.178333E+03,1.026331E-01,3.909077E+03,3.373854E-02,0.000000E+00,0.000000E+00,5.687426E-02,1.203734E+03,3.054984E-01,3.699276E+03,5.117881E+03,5.687426E-02,1.386616E+03,2.706899E-01,3.127729E+03,5.144656E+03,1.688302E-01,6.468220E+03,5.687426E-02,0.000000E+00,0.000000E+00,3.373854E-02,7.140707E+02,2.238990E-01,2.670894E+03,3.543143E+03,3.373854E-02,8.225586E+02,2.025499E-01,2.324019E+03,3.557158E+03,1.036821E-01,3.939536E+03,3.373854E-02,0.000000E+00,0.000000E+00
21:00:00,7.502560E-02,1.598647E+03,3.504141E-01,4.282224E+03,5.913458E+03,7.502560E-02,1.839896E+03,3.397310E-01,3.921698E+03,6.299016E+03,7.502560E-02,4.244464E+03,7.502560E-02,0.000000E+00,0.000000E+00,5.687426E-02,1.211878E+03,2.967225E-01,3.593157E+03,4.998330E+03,5.687426E-02,1.394760E+03,2.627260E-01,3.030678E+03,5.030874E+03,1.661201E-01,6.389516E+03,5.687426E-02,0.000000E+00,0.000000E+00,3.373854E-02,7.189018E+02,1.893576E-01,2.280414E+03,3.133556E+03,3.373854E-02,8.273897E+02,1.688324E-01,1.942742E+03,3.153683E+03,1.026335E-01,3.909089E+03,3.373854E-02,0.000000E+00,0.000000E+00,5.687426E-02,1.211878E+03,3.028222E-01,3.661253E+03,5.076797E+03,5.687426E-02,1.394760E+03,2.681833E-01,3.091600E+03,5.104182E+03,1.688308E-01,6.468240E+03,5.687426E-02,0.000000E+00,0.000000E+00,3.373854E-02,7.189018E+02,2.200380E-01,2.622956E+03,3.492156E+03,3.373854E-02,8.273897E+02,1.988102E-01,2.277436E+03,3.506505E+03,1.036825E-01,3.939548E+03,3.373854E-02,0.000000E+00,0.000000E+00
21:10:00,7.502560E-02,1.609391E+03,3.499667E-01,4.266485E+03,5.897267E+03,7.502560E-02,1.850639E+03,3.392796E-01,3.905915E+03,6.282747E+03,7.502560E-02,4.244464E+03,7.502560E-02,0.000000E+00,0.000000E+00,5.687426E-02,1.220022E+03,2.944348E-01,3.559471E+03,4.961690E+03,5.687426E-02,1.402904E+03,2.606052E-01,2.998857E+03,4.994870E+03,1.661208E-01,6.389536E+03,5.687426E-02,0.000000E+00,0.000000E+00,3.373854E-02,7.237329E+02,1.877885E-01,2.258064E+03,3.109194E+03,3.373854E-02,8.322208E+02,1.673629E-01,1.921505E+03,3.129574E+03,1.026339E-01,3.909100E+03,3.373854E-02,0.000000E+00,0.000000E+00,5.687426E-02,1.220022E+03,3.002426E-01,3.624308E+03,5.036709E+03,5.687426E-02,1.402904E+03,2.657743E-01,3.056562E+03,5.064714E+03,1.688315E-01,6.468260E+03,5.687426E-02,0.000000E+00,0.000000E+00,3.373854E-02,7.237329E+02,2.164077E-01,2.577594E+03,3.443795E+03,3.373854E-02,8.322208E+02,1.952995E-01,2.233410E+03,3.458467E+03,1.036829E-01,3.939560E+03,3.373854E-02,0.000000E+00,0.000000E+00
21:20:00,7.502560E-02,1.620134E+03,3.495491E-01,4.251079E+03,5.881430E+03,7.502560E-02,1.861382E+03,3.388580E-01,3.890464E+03,6.266833E+03,7.502560E-02,4.244464E+03,7.502560E-02,0.000000E+00,0.000000E+00,5.687426E-02,1.228166E+03,2.922284E-01,3.526695E+03,4.925935E+03,5.687426E-02,1.411048E+03,2.585672E-01,2.967962E+03,4.959773E+03,1.661215E-01,6.389556E+03,5.687426E-02,0.000000E+00,0.000000E+00,3.373854E-02,7.285640E+02,1.862670E-01,2.236247E+03,3.085354E+03,3.373854E-02,8.370519E+02,1.659415E-01,1.900807E+03,3.105998E+03,1.026343E-01,3.909112E+03,3.373854E-02,0.000000E+00,0.000000E+00,5.687426E-02,1.228166E+03,2.977551E-01,3.588392E+03,4.997609E+03,5.687426E-02,1.411048E+03,2.634585E-01,3.022564E+03,5.026241E+03,1.688322E-01,6.468280E+03,5.687426E-02,0.000000E+00,0.000000E+00,3.373854E-02,7.285640E+02,2.129976E-01,2.534690E+03,3.397957E+03,3.373854E-02,8.370519E+02,1.920070E-01,2.191820E+03,3.412944E+03,1.036834E-01,3.939572E+03,3.373854E-02,0.000000E+00,0.000000E+00
21:30:00,7.502560E-02,1.630877E+03,3.491565E-01,4.235953E+03,5.865887E+03,7.502560E-02,1.872125E+03,3.384613E-01,3.875292E+03,6.251213E+03,7.502560E-02,4.244464E+03,7.502560E-02,0.000000E+00,0.000000E+00,5.687426E-02,1.236310E+03,2.900975E-01,3.494760E+03,4.891016E+03,5.687426E-02,1.419192E+03,2.566064E-01,2.937927E+03,4.925536E+03,1.661222E-01,6.389576E+03,5.687426E-02,0.000000E+00,0.000000E+00,3.373854E-02,7.333951E+02,1.847911E-01,2.214938E+03,3.062023E+03,3.373854E-02,8.418830E+02,1.645664E-01,1.880624E+03,3.082942E+03,1.026347E-01,3.909124E+03,3.373854E-02,0.000000E+00,0.000000E+00,5.687426E-02,1.236310E+03,2.953565E-01,3.553470E+03,4.959489E+03,5.687426E-02,1.419192E+03,2.612324E-01,2.989569E+03,4.988757E+03,1.688329E-01,6.468300E+03,5.687426E-02,0.000000E+00,0.000000E+00,3.373854E-02,7.333951E+02,2.097958E-01,2.494113E+03,3.354522E+03,3.373854E-02,8.418830E+02,1.889210E-01,2.152537E+03,3.369819E+03,1.036838E-01,3.939583E+03,3.373854E-02,0.000000E+00,0.000000E+00
21:40:00,7.502560E-02,1.641620E+03,3.487848E-01,4.221060E+03,5.850588E+03,7.502560E-02,1.882868E+03,3.380857E-01,3.860355E+03,6.235839E+03,7.502560E-02,4.244464E+03,7.502560E-02,0.000000E+00,0.000000E+00,5.687426E-02,1.244454E+03,2.880358E-01,3.463599E+03,4.856876E+03,5.687426E-02,1.427336E+03,2.547173E-01,2.908695E+03,4.892113E+03,1.661229E-01,6.389596E+03,5.687426E-02,0.000000E+00,0.000000E+00,3.373854E-02,7.382262E+02,1.833581E-01,2.194109E+03,3.039180E+03,3.373854E-02,8.467141E+02,1.632352E-01,1.860932E+03,3.060389E+03,1.026351E-01,3.909136E+03,3.373854E-02,0.000000E+00,0.000000E+00,5.687426E-02,1.244454E+03,2.930424E-01,3.519491E+03,4.922320E+03,5.687426E-02,1.427336E+03,2.590924E-01,2.957535E+03,4.952245E+03,1.688336E-01,6.468320E+03,5.687426E-02,0.000000E+00,0.000000E+00,3.373854E-02,7.382262E+02,2.067886E-01,2.455708E+03,3.313340E+03,3.373854E-02,8.467141E+02,1.860288E-01,2.115417E+03,3.328952E+03,1.036842E-01,3.939595E+03,3.373854E-02,0.000000E+00,0.000000E+00
21:50:00,7.502560E-02,1.652363E+03,3.484312E-01,4.206369E+03,5.835498E+03,7.502560E-02,1.893611E+03,3.377281E-01,3.845620E+03,6.220675E+03,7.502560E-02,4.244464E+03,7.502560E-02,0.000000E+00,0.000000E+00,5.687426E-02,1.252598E+03,2.860388E-01,3.433160E+03,4.823472E+03,5.687426E-02,1.435480E+03,2.528956E-01,2.880213E+03,4.859461E+03,1.661236E-01,6.389616E+03,5.687426E-02,0.000000E+00,0.000000E+00,3.373854E-02,7.430573E+02,1.819661E-01,2.173738E+03,3.016807E+03,3.373854E-02,8.515452E+02,1.619458E-01,1.841708E+03,3.038320E+03,1.026355E-01,3.909148E+03,3.373854E-02,0.000000E+00,0.000000E+00,5.687426E-02,1.252598E+03,2.908094E-01,3.486417E+03,4.886075E+03,5.687426E-02,1.435480E+03,2.570345E-01,2.926417E+03,4.916673E+03,1.688343E-01,6.468340E+03,5.687426E-02,0.000000E+00,0.000000E+00,3.373854E-02,7.430573E+02,2.039630E-01,2.419330E+03,3.274268E+03,3.373854E-02,8.515452E+02,1.833168E-01,2.080308E+03,3.290195E+03,1.036846E-01,3.939607E+03,3.373854E-02,0.000000E+00,0.000000E+00
22:00:00,7.502560E-02,1.663106E+03,3.480931E-01,4.191850E+03,5.820585E+03,7.502560E-02,1.904354E+03,3.373861E-01,3.831058E+03,6.205689E+03,7.502560E-02,4.244464E+03,7.502560E-02,0.000000E+00,0.000000E+00,5.687426E-02,1.260742E+03,2.841011E-01,3.403385E+03,4.790747E+03,5.687426E-02,1.443624E+03,2.511377E-01,2.852445E+03,4.827550E+03,1.661242E-01,6.389636E+03,5.687426E-02,0.000000E+00,0.000000E+00,3.373854E-02,7.478884E+02,1.806125E-01,2.153795E+03,2.994876E+03,3.373854E-02,8.563763E+02,1.606961E-01,1.822925E+03,3.016712E+03,1.026359E-01,3.909159E+03,3.373854E-02,0.000000E+00,0.000000E+00,5.687426E-02,1.260742E+03,2.886522E-01,3.454190E+03,4.850701E+03,5.687426E-02,1.443624E+03,2.550544E-01,2.896168E+03,4.882001E+03,1.688350E-01,6.468360E+03,5.687426E-02,0.000000E+00,0.000000E+00,3.373854E-02,7.478884E+02,2.013044E-01,2.384817E+03,3.237138E+03,3.373854E-02,8.563763E+02,1.807713E-01,2.047060E+03,3.253390E+03,1.036850E-01,3.939619E+03,3.373854E-02,0.000000E+00,0.000000E+00
22:10:00,7.502560E-02,1.671462E+03,3.477683E-01,4.179869E+03,5.808271E+03,7.502560E-02,1.912710E+03,3.370574E-01,3.819032E+03,6.193306E+03,7.502560E-02,4.244464E+03,7.502560E-02,0.000000E+00,0.000000E+00,5.687426E-02,1.267076E+03,2.822391E-01,3.376262E+03,4.760784E+03,5.687426E-02,1.449958E+03,2.494519E-01,2.827291E+03,4.798362E+03,1.661249E-01,6.389655E+03,5.687426E-02,0.000000E+00,0.000000E+00,3.373854E-02,7.516459E+02,1.793070E-01,2.135463E+03,2.974623E+03,3.373854E-02,8.601338E+02,1.594918E-01,1.805724E+03,2.996754E+03,1.026363E-01,3.909171E+03,3.373854E-02,0.000000E+00,0.000000E+00,5.687426E-02,1.267076E+03,2.865868E-01,3.424798E+03,4.818279E+03,5.687426E-02,1.449958E+03,2.531615E-01,2.868702E+03,4.850233E+03,1.688356E-01,6.468379E+03,5.687426E-02,0.000000E+00,0.000000E+00,3.373854E-02,7.516459E+02,1.988117E-01,2.353231E+03,3.203057E+03,3.373854E-02,8.601338E+02,1.783875E-01,2.016689E+03,3.219597E+03,1.036854E-01,3.939630E+03,3.373854E-02,0.000000E+00,0.000000E+00
22:20:00,7.502560E-02,1.679817E+03,3.474556E-01,4.168021E+03,5.796092E+03,7.502560E-02,1.921066E+03,3.367408E-01,3.807142E+03,6.181061E+03,7.502560E-02,4.244464E+03,7.502560E-02,0.000000E+00,0.000000E+00,5.687426E-02,1.273410E+03,2.804485E-01,3.349938E+03,4.731712E+03,5.687426E-02,1.456292E+03,2.478343E-01,2.802900E+03,4.770067E+03,1.661256E-01,6.389675E+03,5.687426E-02,0.000000E+00,0.000000E+00,3.373854E-02,7.554034E+02,1.780475E-01,2.117645E+03,2.954946E+03,3.373854E-02,8.638913E+02,1.583314E-01,1.789012E+03,2.977379E+03,1.026367E-01,3.909183E+03,3.373854E-02,0.000000E+00,0.000000E+00,5.687426E-02,1.273410E+03,2.846093E-01,3.396387E+03,4.786944E+03,5.687426E-02,1.456292E+03,2.513526E-01,2.842174E+03,4.819554E+03,1.688363E-01,6.468399E+03,5.687426E-02,0.000000E+00,0.000000E+00,3.373854E-02,7.554034E+02,1.964721E-01,2.323353E+03,3.170805E+03,3.373854E-02,8.638913E+02,1.761532E-01,1.987988E+03,3.187637E+03,1.036858E-01,3.939642E+03,3.373854E-02,0.000000E+00,0.000000E+00
22:30:00,7.502560E-02,1.688173E+03,3.471539E-01,4.156297E+03,5.784042E+03,7.502560E-02,1.929422E+03,3.364352E-01,3.795373E+03,6.168941E+03,7.502560E-02,4.244464E+03,7.502560E-02,0.000000E+00,0.000000E+00,5.687426E-02,1.279745E+03,2.787265E-01,3.324379E+03,4.703508E+03,5.687426E-02,1.462626E+03,2.462812E-01,2.779227E+03,4.742649E+03,1.661263E-01,6.389695E+03,5.687426E-02,0.000000E+00,0.000000E+00,3.373854E-02,7.591610E+02,1.768323E-01,2.100321E+03,2.935835E+03,3.373854E-02,8.676488E+02,1.572130E-01,1.772769E+03,2.958584E+03,1.026372E-01,3.909194E+03,3.373854E-02,0.000000E+00,0.000000E+00,5.687426E-02,1.279745E+03,2.827160E-01,3.368916E+03,4.756666E+03,5.687426E-02,1.462626E+03,2.496237E-01,2.816540E+03,4.789944E+03,1.688370E-01,6.468419E+03,5.687426E-02,0.000000E+00,0.000000E+00,3.373854E-02,7.591610E+02,1.942741E-01,2.295056E+03,3.140258E+03,3.373854E-02,8.676488E+02,1.740567E-01,1.960825E+03,3.157391E+03,1.036862E-01,3.939654E+03,3.373854E-02,0.000000E+00,0.000000E+00
22:40:00,7.502560E-02,1.696529E+03,3.468623E-01,4.144685E+03,5.772107E+03,7.502560E-02,1.937777E+03,3.361395E-01,3.783716E+03,6.156937E+03,7.502560E-02,4.244464E+03,7.502560E-02,0.000000E+00,0.000000E+00,5.687426E-02,1.286079E+03,2.770699E-01,3.299551E+03,4.676130E+03,5.687426E-02,1.468961E+03,2.447889E-01,2.756235E+03,4.716056E+03,1.661270E-01,6.389715E+03,5.687426E-02,0.000000E+00,0.000000E+00,3.373854E-02,7.629185E+02,1.756596E-01,2.083471E+03,2.917265E+03,3.373854E-02,8.714064E+02,1.561349E-01,1.756976E+03,2.940341E+03,1.026376E-01,3.909206E+03,3.373854E-02,0.000000E+00,0.000000E+00,5.687426E-02,1.286079E+03,2.809028E-01,3.342340E+03,4.727391E+03,5.687426E-02,1.468961E+03,2.479711E-01,2.791756E+03,4.761347E+03,1.688377E-01,6.468439E+03,5.687426E-02,0.000000E+00,0.000000E+00,3.373854E-02,7.629185E+02,1.922066E-01,2.268217E+03,3.111278E+03,3.373854E-02,8.714064E+02,1.720871E-01,1.935079E+03,3.128715E+03,1.036866E-01,3.939665E+03,3.373854E-02,0.000000E+00,0.000000E+00
22:50:00,7.502560E-02,1.704885E+03,3.465798E-01,4.133175E+03,5.760275E+03,7.502560E-02,1.946133E+03,3.358528E-01,3.772159E+03,6.145033E+03,7.502560E-02,4.244464E+03,7.502560E-02,0.000000E+00,0.000000E+00,5.687426E-02,1.292413E+03,2.754753E-01,3.275415E+03,4.649530E+03,5.687426E-02,1.475295E+03,2.433540E-01,2.733882E+03,4.690223E+03,1.661276E-01,6.389734E+03,5.687426E-02,0.000000E+00,0.000000E+00,3.373854E-02,7.666760E+02,1.745273E-01,2.067073E+03,2.899201E+03,3.373854E-02,8.751639E+02,1.550953E-01,1.741614E+03,2.922610E+03,1.026380E-01,3.909218E+03,3.373854E-02,0.000000E+00,0.000000E+00,5.687426E-02,1.292413E+03,2.791655E-01,3.316610E+03,4.699057E+03,5.687426E-02,1.475295E+03,2.463907E-01,2.767780E+03,4.733693E+03,1.688384E-01,6.468458E+03,5.687426E-02,0.000000E+00,0.000000E+00,3.373854E-02,7.666760E+02,1.902588E-01,2.242712E+03,3.083728E+03,3.373854E-02,8.751639E+02,1.702339E-01,1.910632E+03,3.101465E+03,1.036870E-01,3.939677E+03,3.373854E-02,0.000000E+00,0.000000E+00
23:00:00,7.502560E-02,1.713240E+03,3.463059E-01,4.121761E+03,5.748543E+03,7.502560E-02,1.954489E+03,3.355745E-01,3.760697E+03,6.133228E+03,7.502560E-02,4.244464E+03,7.502560E-02,0.000000E+00,0.000000E+00,5.687426E-02,1.298747E+03,2.739407E-01,3.251949E+03,4.623679E+03,5.687426E-02,1.481629E+03,2.419735E-01,2.712136E+03,4.665099E+03,1.661283E-01,6.389754E+03,5.687426E-02,0.000000E+00,0.000000E+00,3.373854E-02,7.704335E+02,1.734342E-01,2.051112E+03,2.881626E+03,3.373854E-02,8.789214E+02,1.540935E-01,1.726673E+03,2.905368E+03,1.026384E-01,3.909229E+03,3.373854E-02,0.000000E+00,0.000000E+00,5.687426E-02,1.298747E+03,2.775009E-01,3.291692E+03,4.671626E+03,5.687426E-02,1.481629E+03,2.448801E-01,2.744582E+03,4.706935E+03,1.688390E-01,6.468478E+03,5.687426E-02,0.000000E+00,0.000000E+00,3.373854E-02,7.704335E+02,1.884218E-01,2.218447E+03,3.057501E+03,3.373854E-02,8.789214E+02,1.684886E-01,1.887390E+03,3.075525E+03,1.036874E-01,3.939689E+03,3.373854E-02,0.000000E+00,0.000000E+00
23:10:00,7.502560E-02,1.721596E+03,3.460399E-01,4.110436E+03,5.736901E+03,7.502560E-02,1.962844E+03,3.353042E-01,3.749323E+03,6.121512E+03,7.502560E-02,4.244464E+03,7.502560E-02,0.000000E+00,0.000000E+00,5.687426E-02,1.305081E+03,2.724431E-01,3.228895E+03,4.598267E+03,5.687426E-02,1.487963E+03,2.406331E-01,2.690839E+03,4.640474E+03,1.661290E-01,6.389774E+03,5.687426E-02,0.000000E+00,0.000000E+00,3.373854E-02,7.741910E+02,1.723668E-01,2.035438E+03,2.864357E+03,3.373854E-02,8.826789E+02,1.531203E-01,1.712051E+03,2.888483E+03,1.026388E-01,3.909241E+03,3.373854E-02,0.000000E+00,0.000000E+00,5.687426E-02,1.305081E+03,2.758853E-01,3.267321E+03,4.644775E+03,5.687426E-02,1.487963E+03,2.434224E-01,2.721975E+03,4.680830E+03,1.688397E-01,6.468498E+03,5.687426E-02,0.000000E+00,0.000000E+00,3.373854E-02,7.741910E+02,1.866749E-01,2.195186E+03,3.032328E+03,3.373854E-02,8.826789E+02,1.668343E-01,1.865165E+03,3.050671E+03,1.036878E-01,3.939700E+03,3.373854E-02,0.000000E+00,0.000000E+00
23:20:00,7.502560E-02,1.729952E+03,3.457812E-01,4.099191E+03,5.725342E+03,7.502560E-02,1.971200E+03,3.350408E-01,3.738026E+03,6.109877E+03,7.502560E-02,4.244464E+03,7.502560E-02,0.000000E+00,0.000000E+00,5.687426E-02,1.311416E+03,2.709803E-01,3.206230E+03,4.573267E+03,5.687426E-02,1.494297E+03,2.393328E-01,2.669989E+03,4.616345E+03,1.661297E-01,6.389793E+03,5.687426E-02,0.000000E+00,0.000000E+00,3.373854E-02,7.779486E+02,1.713238E-01,2.020037E+03,2.847376E+03,3.373854E-02,8.864365E+02,1.521760E-01,1.697752E+03,2.871955E+03,1.026392E-01,3.909253E+03,3.373854E-02,0.000000E+00,0.000000E+00,5.687426E-02,1.311416E+03,2.743146E-01,3.243453E+03,4.618457E+03,5.687426E-02,1.494297E+03,2.420148E-01,2.699927E+03,4.655339E+03,1.688404E-01,6.468517E+03,5.687426E-02,0.000000E+00,0.000000E+00,3.373854E-02,7.779486E+02,1.850102E-01,2.172843E+03,3.008118E+03,3.373854E-02,8.864365E+02,1.652632E-01,1.843867E+03,3.026804E+03,1.036882E-01,3.939712E+03,3.373854E-02,0.000000E+00,0.000000E+00
23:30:00,7.502560E-02,1.738308E+03,3.455287E-01,4.088017E+03,5.713855E+03,7.502560E-02,1.979556E+03,3.347836E-01,3.726799E+03,6.098312E+03,7.502560E-02,4.244464E+03,7.502560E-02,0.000000E+00,0.000000E+00,5.687426E-02,1.317750E+03,2.695496E-01,3.183924E+03,4.548644E+03,5.687426E-02,1.500632E+03,2.380652E-01,2.649504E+03,4.592802E+03,1.661303E-01,6.389813E+03,5.687426E-02,0.000000E+00,0.000000E+00,3.373854E-02,7.817061E+02,1.703035E-01,2.004888E+03,2.830662E+03,3.373854E-02,8.901940E+02,1.512571E-01,1.683737E+03,2.855874E+03,1.026396E-01,3.909264E+03,3.373854E-02,0.000000E+00,0.000000E+00,5.687426E-02,1.317750E+03,2.727853E-01,3.220045E+03,4.592623E+03,5.687426E-02,1.500632E+03,2.406568E-01,2.678433E+03,4.630662E+03,1.688411E-01,6.468537E+03,5.687426E-02,0.000000E+00,0.000000E+00,3.373854E-02,7.817061E+02,1.834199E-01,2.151331E+03,2.984776E+03,3.373854E-02,8.901940E+02,1.637683E-01,1.823421E+03,3.003996E+03,1.036886E-01,3.939723E+03,3.373854E-02,0.000000E+00,0.000000E+00
23:40:00,7.502560E-02,1.746663E+03,3.452821E-01,4.076908E+03,5.702435E+03,7.502560E-02,1.987912E+03,3.345321E-01,3.715635E+03,6.086812E+03,7.502560E-02,4.244464E+03,7.502560E-02,0.000000E+00,0.000000E+00,5.687426E-02,1.324084E+03,2.681494E-01,3.161958E+03,4.524380E+03,5.687426E-02,1.506966E+03,2.368251E-01,2.629326E+03,4.570280E+03,1.661310E-01,6.389832E+03,5.687426E-02,0.000000E+00,0.000000E+00,3.373854E-02,7.854636E+02,1.693049E-01,1.989982E+03,2.814204E+03,3.373854E-02,8.939515E+02,1.503594E-01,1.669957E+03,2.840542E+03,1.026400E-01,3.909276E+03,3.373854E-02,0.000000E+00,0.000000E+00,5.687426E-02,1.324084E+03,2.712949E-01,3.197071E+03,4.567247E+03,5.687426E-02,1.506966E+03,2.393413E-01,2.657413E+03,4.607226E+03,1.688417E-01,6.468556E+03,5.687426E-02,0.000000E+00,0.000000E+00,3.373854E-02,7.854636E+02,1.818982E-01,2.130585E+03,2.962234E+03,3.373854E-02,8.939515E+02,1.623438E-01,1.803761E+03,2.982568E+03,1.036890E-01,3.939735E+03,3.373854E-02,0.000000E+00,0.000000E+00
23:50:00,7.502560E-02,1.755019E+03,3.450408E-01,4.065858E+03,5.691075E+03,7.502560E-02,1.996267E+03,3.342857E-01,3.704528E+03,6.075372E+03,7.502560E-02,4.244464E+03,7.502560E-02,0.000000E+00,0.000000E+00,5.687426E-02,1.330418E+03,2.667777E-01,3.140310E+03,4.500451E+03,5.687426E-02,1.513300E+03,2.356080E-01,2.609405E+03,4.548858E+03,1.661317E-01,6.389852E+03,5.687426E-02,0.000000E+00,0.000000E+00,3.373854E-02,7.892211E+02,1.683268E-01,1.975306E+03,2.797986E+03,3.373854E-02,8.977090E+02,1.494797E-01,1.656380E+03,2.826013E+03,1.026404E-01,3.909287E+03,3.373854E-02,0.000000E+00,0.000000E+00,5.687426E-02,1.330418E+03,2.698405E-01,3.174500E+03,4.542293E+03,5.687426E-02,1.513300E+03,2.380603E-01,2.636778E+03,4.585064E+03,1.688424E-01,6.468576E+03,5.687426E-02,0.000000E+00,0.000000E+00,3.373854E-02,7.892211E+02,1.804390E-01,2.110537E+03,2.940421E+03,3.373854E-02,8.977090E+02,1.609847E-01,1.784830E+03,2.962542E+03,1.036894E-01,3.939747E+03,3.373854E-02,0.000000E+00,0.000000E+00
24:00:00,7.502560E-02,1.763375E+03,3.448043E-01,4.054861E+03,5.679769E+03,7.502560E-02,2.004623E+03,3.340439E-01,3.693472E+03,6.063982E+03,7.502560E-02,4.244464E+03,7.502560E-02,0.000000E+00,0.000000E+00,5.687426E-02,1.336752E+03,2.654329E-01,3.118962E+03,4.476836E+03,5.687426E-02,1.519634E+03,2.344088E-01,2.589683E+03,4.528339E+03,1.661324E-01,6.389871E+03,5.687426E-02,0.000000E+00,0.000000E+00,3.373854E-02,7.929787E+02,1.673681E-01,1.960845E+03,2.781995E+03,3.373854E-02,9.014666E+02,1.486148E-01,1.642966E+03,2.812141E+03,1.026407E-01,3.909299E+03,3.373854E-02,0.000000E+00,0.000000E+00,5.687426E-02,1.336752E+03,2.684195E-01,3.152302E+03,4.517730E+03,5.687426E-02,1.519634E+03,2.368071E-01,2.616454E+03,4.563955E+03,1.688431E-01,6.468595E+03,5.687426E-02,0.000000E+00,0.000000E+00,3.373854E-02,7.929787E+02,1.790369E-01,2.091125E+03,2.919273E+03,3.373854E-02,9.014666E+02,1.596814E-01,1.766521E+03,2.943667E+03,1.036898E-01,3.939758E+03,3.373854E-02,0.000000E+00,0.000000E+00
Coinc Peak   ,7.502560E-02,3.557054E-01,4.244464E+03,4.723287E+03,1.661324E-01,3.640798E-01,6.389871E+03,4.650355E+03,1.026407E-01,2.869377E-01,3.909299E+03,3.458555E+03,1.688431E-01,3.617629E-01,6.468595E+03,4.623833E+03,1.036898E-01,3.151623E-01,3.939758E+03,3.805019E+03
NonCoinc Peak,7.502560E-02,3.557054E-01,4.244464E+03,4.723287E+03,1.661324E-01,3.640798E-01,6.389871E+03,4.650355E+03,1.026407E-01,2.869377E-01,3.909299E+03,3.458555E+03,1.688431E-01,3.617629E-01,6.468595E+03,4.623833E+03,1.036898E-01,3.151623E-01,3.939758E+03,3.805019E+03
