Time,CORE_ZN ZN:ATLANTA-HARTSFIELD.JACKSON.INTL.AP_GA_USA ANN HTG 99.6% CONDNS DB:Des Heat Load [W],CORE_ZN ZN:ATLANTA-HARTSFIELD.JACKSON.INTL.AP_GA_USA ANN CLG .4% CONDNS DB=>MWB:Des Sens Cool Load [W],CORE_ZN ZN:ATLANTA-HARTSFIELD.JACKSON.INTL.AP_GA_USA ANN HTG 99.6% CONDNS DB:Des Heat Mass Flow [kg/s],CORE_ZN ZN:ATLANTA-HARTSFIELD.JACKSON.INTL.AP_GA_USA ANN CLG .4% CONDNS DB=>MWB:Des Cool Mass Flow [kg/s],CORE_ZN ZN::Des Latent Heat Load [W],CORE_ZN ZN::Des Latent Cool Load [W],CORE_ZN ZN::Des Latent Heat Mass Flow [kg/s],CORE_ZN ZN::Des Latent Cool Mass Flow [kg/s],CORE_ZN ZN::Des Heat Load No DOAS [W],CORE_ZN ZN::Des Sens Cool Load No DOAS [W],CORE_ZN ZN::Des Latent Heat Load No DOAS [W],CORE_ZN ZN::Des Latent Cool Load No DOAS [W],CORE_ZN ZN:ATLANTA-HARTSFIELD.JACKSON.INTL.AP_GA_USA ANN HTG 99.6% CONDNS DB:Heating Zone Temperature [C],CORE_ZN ZN:ATLANTA-HARTSFIELD.JACKSON.INTL.AP_GA_USA ANN HTG 99.6% CONDNS DB:Heating Zone Relative Humidity [%],CORE_ZN ZN:ATLANTA-HARTSFIELD.JACKSON.INTL.AP_GA_USA ANN CLG .4% CONDNS DB=>MWB:Cooling Zone Temperature [C],CORE_ZN ZN:ATLANTA-HARTSFIELD.JACKSON.INTL.AP_GA_USA ANN CLG .4% CONDNS DB=>MWB:Cooling Zone Relative Humidity [%],PERIMETER_ZN_1 ZN:ATLANTA-HARTSFIELD.JACKSON.INTL.AP_GA_USA ANN HTG 99.6% CONDNS DB:Des Heat Load [W],PERIMETER_ZN_1 ZN:ATLANTA-HARTSFIELD.JACKSON.INTL.AP_GA_USA ANN CLG .4% CONDNS DB=>MWB:Des Sens Cool Load [W],PERIMETER_ZN_1 ZN:ATLANTA-HARTSFIELD.JACKSON.INTL.AP_GA_USA ANN HTG 99.6% CONDNS DB:Des Heat Mass Flow [kg/s],PERIMETER_ZN_1 ZN:ATLANTA-HARTSFIELD.JACKSON.INTL.AP_GA_USA ANN CLG .4% CONDNS DB=>MWB:Des Cool Mass Flow [kg/s],PERIMETER_ZN_1 ZN::Des Latent Heat Load [W],PERIMETER_ZN_1 ZN::Des Latent Cool Load [W],PERIMETER_ZN_1 ZN::Des Latent Heat Mass Flow [kg/s],PERIMETER_ZN_1 ZN::Des Latent Cool Mass Flow [kg/s],PERIMETER_ZN_1 ZN::Des Heat Load No DOAS [W],PERIMETER_ZN_1 ZN::Des Sens Cool Load No DOAS [W],PERIMETER_ZN_1 ZN::Des Latent Heat Load No DOAS [W],PERIMETER_ZN_1 ZN::Des Latent Cool Load No DOAS [W],PERIMETER_ZN_1 ZN:ATLANTA-HARTSFIELD.JACKSON.INTL.AP_GA_USA ANN HTG 99.6% CONDNS DB:Heating Zone Temperature [C],PERIMETER_ZN_1 ZN:ATLANTA-HARTSFIELD.JACKSON.INTL.AP_GA_USA ANN HTG 99.6% CONDNS DB:Heating Zone Relative Humidity [%],PERIMETER_ZN_1 ZN:ATLANTA-HARTSFIELD.JACKSON.INTL.AP_GA_USA ANN CLG .4% CONDNS DB=>MWB:Cooling Zone Temperature [C],PERIMETER_ZN_1 ZN:ATLANTA-HARTSFIELD.JACKSON.INTL.AP_GA_USA ANN CLG .4% CONDNS DB=>MWB:Cooling Zone Relative Humidity [%],PERIMETER_ZN_2 ZN:ATLANTA-HARTSFIELD.JACKSON.INTL.AP_GA_USA ANN HTG 99.6% CONDNS DB:Des Heat Load [W],PERIMETER_ZN_2 ZN:ATLANTA-HARTSFIELD.JACKSON.INTL.AP_GA_USA ANN CLG .4% CONDNS DB=>MWB:Des Sens Cool Load [W],PERIMETER_ZN_2 ZN:ATLANTA-HARTSFIELD.JACKSON.INTL.AP_GA_USA ANN HTG 99.6% CONDNS DB:Des Heat Mass Flow [kg/s],PERIMETER_ZN_2 ZN:ATLANTA-HARTSFIELD.JACKSON.INTL.AP_GA_USA ANN CLG .4% CONDNS DB=>MWB:Des Cool Mass Flow [kg/s],PERIMETER_ZN_2 ZN::Des Latent Heat Load [W],PERIMETER_ZN_2 ZN::Des Latent Cool Load [W],PERIMETER_ZN_2 ZN::Des Latent Heat Mass Flow [kg/s],PERIMETER_ZN_2 ZN::Des Latent Cool Mass Flow [kg/s],PERIMETER_ZN_2 ZN::Des Heat Load No DOAS [W],PERIMETER_ZN_2 ZN::Des Sens Cool Load No DOAS [W],PERIMETER_ZN_2 ZN::Des Latent Heat Load No DOAS [W],PERIMETER_ZN_2 ZN::Des Latent Cool Load No DOAS [W],PERIMETER_ZN_2 ZN:ATLANTA-HARTSFIELD.JACKSON.INTL.AP_GA_USA ANN HTG 99.6% CONDNS DB:Heating Zone Temperature [C],PERIMETER_ZN_2 ZN:ATLANTA-HARTSFIELD.JACKSON.INTL.AP_GA_USA ANN HTG 99.6% CONDNS DB:Heating Zone Relative Humidity [%],PERIMETER_ZN_2 ZN:ATLANTA-HARTSFIELD.JACKSON.INTL.AP_GA_USA ANN CLG .4% CONDNS DB=>MWB:Cooling Zone Temperature [C],PERIMETER_ZN_2 ZN:ATLANTA-HARTSFIELD.JACKSON.INTL.AP_GA_USA ANN CLG .4% CONDNS DB=>MWB:Cooling Zone Relative Humidity [%],PERIMETER_ZN_3 ZN:ATLANTA-HARTSFIELD.JACKSON.INTL.AP_GA_USA ANN HTG 99.6% CONDNS DB:Des Heat Load [W],PERIMETER_ZN_3 ZN:ATLANTA-HARTSFIELD.JACKSON.INTL.AP_GA_USA ANN CLG .4% CONDNS DB=>MWB:Des Sens Cool Load [W],PERIMETER_ZN_3 ZN:ATLANTA-HARTSFIELD.JACKSON.INTL.AP_GA_USA ANN HTG 99.6% CONDNS DB:Des Heat Mass Flow [kg/s],PERIMETER_ZN_3 ZN:ATLANTA-HARTSFIELD.JACKSON.INTL.AP_GA_USA ANN CLG .4% CONDNS DB=>MWB:Des Cool Mass Flow [kg/s],PERIMETER_ZN_3 ZN::Des Latent Heat Load [W],PERIMETER_ZN_3 ZN::Des Latent Cool Load [W],PERIMETER_ZN_3 ZN::Des Latent Heat Mass Flow [kg/s],PERIMETER_ZN_3 ZN::Des Latent Cool Mass Flow [kg/s],PERIMETER_ZN_3 ZN::Des Heat Load No DOAS [W],PERIMETER_ZN_3 ZN::Des Sens Cool Load No DOAS [W],PERIMETER_ZN_3 ZN::Des Latent Heat Load No DOAS [W],PERIMETER_ZN_3 ZN::Des Latent Cool Load No DOAS [W],PERIMETER_ZN_3 ZN:ATLANTA-HARTSFIELD.JACKSON.INTL.AP_GA_USA ANN HTG 99.6% CONDNS DB:Heating Zone Temperature [C],PERIMETER_ZN_3 ZN:ATLANTA-HARTSFIELD.JACKSON.INTL.AP_GA_USA ANN HTG 99.6% CONDNS DB:Heating Zone Relative Humidity [%],PERIMETER_ZN_3 ZN:ATLANTA-HARTSFIELD.JACKSON.INTL.AP_GA_USA ANN CLG .4% CONDNS DB=>MWB:Cooling Zone Temperature [C],PERIMETER_ZN_3 ZN:ATLANTA-HARTSFIELD.JACKSON.INTL.AP_GA_USA ANN CLG .4% CONDNS DB=>MWB:Cooling Zone Relative Humidity [%],PERIMETER_ZN_4 ZN:ATLANTA-HARTSFIELD.JACKSON.INTL.AP_GA_USA ANN HTG 99.6% CONDNS DB:Des Heat Load [W],PERIMETER_ZN_4 ZN:ATLANTA-HARTSFIELD.JACKSON.INTL.AP_GA_USA ANN CLG .4% CONDNS DB=>MWB:Des Sens Cool Load [W],PERIMETER_ZN_4 ZN:ATLANTA-HARTSFIELD.JACKSON.INTL.AP_GA_USA ANN HTG 99.6% CONDNS DB:Des Heat Mass Flow [kg/s],PERIMETER_ZN_4 ZN:ATLANTA-HARTSFIELD.JACKSON.INTL.AP_GA_USA ANN CLG .4% CONDNS DB=>MWB:Des Cool Mass Flow [kg/s],PERIMETER_ZN_4 ZN::Des Latent Heat Load [W],PERIMETER_ZN_4 ZN::Des Latent Cool Load [W],PERIMETER_ZN_4 ZN::Des Latent Heat Mass Flow [kg/s],PERIMETER_ZN_4 ZN::Des Latent Cool Mass Flow [kg/s],PERIMETER_ZN_4 ZN::Des Heat Load No DOAS [W],PERIMETER_ZN_4 ZN::Des Sens Cool Load No DOAS [W],PERIMETER_ZN_4 ZN::Des Latent Heat Load No DOAS [W],PERIMETER_ZN_4 ZN::Des Latent Cool Load No DOAS [W],PERIMETER_ZN_4 ZN:ATLANTA-HARTSFIELD.JACKSON.INTL.AP_GA_USA ANN HTG 99.6% CONDNS DB:Heating Zone Temperature [C],PERIMETER_ZN_4 ZN:ATLANTA-HARTSFIELD.JACKSON.INTL.AP_GA_USA ANN HTG 99.6% CONDNS DB:Heating Zone Relative Humidity [%],PERIMETER_ZN_4 ZN:ATLANTA-HARTSFIELD.JACKSON.INTL.AP_GA_USA ANN CLG .4% CONDNS DB=>MWB:Cooling Zone Temperature [C],PERIMETER_ZN_4 ZN:ATLANTA-HARTSFIELD.JACKSON.INTL.AP_GA_USA ANN CLG .4% CONDNS DB=>MWB:Cooling Zone Relative Humidity [%]
00:10:00,8.920117E+02,3.255681E+03,3.027929E-02,2.870909E-01,0.000000E+00,0.000000E+00,0.000000E+00,0.000000E+00,0.000000E+00,0.000000E+00,0.000000E+00,0.000000E+00,2.111000E+01,4.949701E+01,2.388868E+01,4.755729E+01,4.078688E+03,2.495495E+03,1.384294E-01,2.200650E-01,0.000000E+00,0.000000E+00,0.000000E+00,0.000000E+00,0.000000E+00,0.000000E+00,0.000000E+00,0.000000E+00,2.110553E+01,4.098112E+01,2.388826E+01,4.871822E+01,2.519958E+03,1.572516E+03,8.552555E-02,1.386724E-01,0.000000E+00,0.000000E+00,0.000000E+00,0.000000E+00,0.000000E+00,0.000000E+00,0.000000E+00,0.000000E+00,2.110518E+01,4.048114E+01,2.388825E+01,4.860953E+01,4.145269E+03,2.523051E+03,1.406884E-01,2.224954E-01,0.000000E+00,0.000000E+00,0.000000E+00,0.000000E+00,0.000000E+00,0.000000E+00,0.000000E+00,0.000000E+00,2.110536E+01,4.079301E+01,2.388824E+01,4.872501E+01,2.545716E+03,1.678918E+03,8.639974E-02,1.480551E-01,0.000000E+00,0.000000E+00,0.000000E+00,0.000000E+00,0.000000E+00,0.000000E+00,0.000000E+00,0.000000E+00,2.110517E+01,4.054928E+01,2.388827E+01,4.834736E+01
00:20:00,8.914591E+02,3.252930E+03,3.026053E-02,2.868484E-01,0.000000E+00,0.000000E+00,0.000000E+00,0.000000E+00,0.000000E+00,0.000000E+00,0.000000E+00,0.000000E+00,2.111000E+01,4.949701E+01,2.388868E+01,4.755945E+01,4.078270E+03,2.483004E+03,1.384152E-01,2.189634E-01,0.000000E+00,0.000000E+00,0.000000E+00,0.000000E+00,0.000000E+00,0.000000E+00,0.000000E+00,0.000000E+00,2.110553E+01,4.098115E+01,2.388826E+01,4.872730E+01,2.519710E+03,1.563648E+03,8.551715E-02,1.378903E-01,0.000000E+00,0.000000E+00,0.000000E+00,0.000000E+00,0.000000E+00,0.000000E+00,0.000000E+00,0.000000E+00,2.110518E+01,4.048117E+01,2.388825E+01,4.861992E+01,4.144851E+03,2.509950E+03,1.406742E-01,2.213401E-01,0.000000E+00,0.000000E+00,0.000000E+00,0.000000E+00,0.000000E+00,0.000000E+00,0.000000E+00,0.000000E+00,2.110536E+01,4.079305E+01,2.388824E+01,4.873459E+01,2.545469E+03,1.666467E+03,8.639135E-02,1.469571E-01,0.000000E+00,0.000000E+00,0.000000E+00,0.000000E+00,0.000000E+00,0.000000E+00,0.000000E+00,0.000000E+00,2.110517E+01,4.054931E+01,2.388827E+01,4.836422E+01
00:30:00,8.909072E+02,3.250215E+03,3.024180E-02,2.866089E-01,0.000000E+00,0.000000E+00,0.000000E+00,0.000000E+00,0.000000E+00,0.000000E+00,0.000000E+00,0.000000E+00,2.111000E+01,4.949701E+01,2.388868E+01,4.756158E+01,4.077853E+03,2.470813E+03,1.384011E-01,2.178883E-01,0.000000E+00,0.000000E+00,0.000000E+00,0.000000E+00,0.000000E+00,0.000000E+00,0.000000E+00,0.000000E+00,2.110553E+01,4.098119E+01,2.388827E+01,4.873628E+01,2.519463E+03,1.554986E+03,8.550876E-02,1.371264E-01,0.000000E+00,0.000000E+00,0.000000E+00,0.000000E+00,0.000000E+00,0.000000E+00,0.000000E+00,0.000000E+00,2.110518E+01,4.048120E+01,2.388825E+01,4.863023E+01,4.144434E+03,2.497199E+03,1.406600E-01,2.202155E-01,0.000000E+00,0.000000E+00,0.000000E+00,0.000000E+00,0.000000E+00,0.000000E+00,0.000000E+00,0.000000E+00,2.110536E+01,4.079308E+01,2.388825E+01,4.874401E+01,2.545222E+03,1.654482E+03,8.638297E-02,1.459002E-01,0.000000E+00,0.000000E+00,0.000000E+00,0.000000E+00,0.000000E+00,0.000000E+00,0.000000E+00,0.000000E+00,2.110517E+01,4.054934E+01,2.388828E+01,4.838059E+01
00:40:00,8.903561E+02,3.247533E+03,3.022309E-02,2.863725E-01,0.000000E+00,0.000000E+00,0.000000E+00,0.000000E+00,0.000000E+00,0.000000E+00,0.000000E+00,0.000000E+00,2.111000E+01,4.949701E+01,2.388868E+01,4.756367E+01,4.077436E+03,2.458913E+03,1.383869E-01,2.168389E-01,0.000000E+00,0.000000E+00,0.000000E+00,0.000000E+00,0.000000E+00,0.000000E+00,0.000000E+00,0.000000E+00,2.110553E+01,4.098122E+01,2.388827E+01,4.874515E+01,2.519216E+03,1.546525E+03,8.550038E-02,1.363803E-01,0.000000E+00,0.000000E+00,0.000000E+00,0.000000E+00,0.000000E+00,0.000000E+00,0.000000E+00,0.000000E+00,2.110518E+01,4.048123E+01,2.388826E+01,4.864047E+01,4.144017E+03,2.484782E+03,1.406458E-01,2.191205E-01,0.000000E+00,0.000000E+00,0.000000E+00,0.000000E+00,0.000000E+00,0.000000E+00,0.000000E+00,0.000000E+00,2.110536E+01,4.079311E+01,2.388825E+01,4.875326E+01,2.544975E+03,1.642930E+03,8.637459E-02,1.448814E-01,0.000000E+00,0.000000E+00,0.000000E+00,0.000000E+00,0.000000E+00,0.000000E+00,0.000000E+00,0.000000E+00,2.110517E+01,4.054937E+01,2.388828E+01,4.839647E+01
00:50:00,8.898058E+02,3.244884E+03,3.020441E-02,2.861388E-01,0.000000E+00,0.000000E+00,0.000000E+00,0.000000E+00,0.000000E+00,0.000000E+00,0.000000E+00,0.000000E+00,2.111000E+01,4.949701E+01,2.388868E+01,4.756573E+01,4.077020E+03,2.447294E+03,1.383728E-01,2.158142E-01,0.000000E+00,0.000000E+00,0.000000E+00,0.000000E+00,0.000000E+00,0.000000E+00,0.000000E+00,0.000000E+00,2.110553E+01,4.098125E+01,2.388827E+01,4.875387E+01,2.518970E+03,1.538258E+03,8.549202E-02,1.356512E-01,0.000000E+00,0.000000E+00,0.000000E+00,0.000000E+00,0.000000E+00,0.000000E+00,0.000000E+00,0.000000E+00,2.110518E+01,4.048127E+01,2.388826E+01,4.865056E+01,4.143600E+03,2.472686E+03,1.406317E-01,2.180538E-01,0.000000E+00,0.000000E+00,0.000000E+00,0.000000E+00,0.000000E+00,0.000000E+00,0.000000E+00,0.000000E+00,2.110536E+01,4.079314E+01,2.388825E+01,4.876231E+01,2.544729E+03,1.631781E+03,8.636624E-02,1.438982E-01,0.000000E+00,0.000000E+00,0.000000E+00,0.000000E+00,0.000000E+00,0.000000E+00,0.000000E+00,0.000000E+00,2.110517E+01,4.054940E+01,2.388828E+01,4.841185E+01
01:00:00,8.892563E+02,3.242264E+03,3.018575E-02,2.859078E-01,0.000000E+00,0.000000E+00,0.000000E+00,0.000000E+00,0.000000E+00,0.000000E+00,0.000000E+00,0.000000E+00,2.111000E+01,4.949701E+01,2.388868E+01,4.756776E+01,4.076604E+03,2.435949E+03,1.383587E-01,2.148137E-01,0.000000E+00,0.000000E+00,0.000000E+00,0.000000E+00,0.000000E+00,0.000000E+00,0.000000E+00,0.000000E+00,2.110553E+01,4.098128E+01,2.388827E+01,4.876241E+01,2.518724E+03,1.530179E+03,8.548366E-02,1.349387E-01,0.000000E+00,0.000000E+00,0.000000E+00,0.000000E+00,0.000000E+00,0.000000E+00,0.000000E+00,0.000000E+00,2.110518E+01,4.048130E+01,2.388826E+01,4.866047E+01,4.143185E+03,2.460900E+03,1.406176E-01,2.170143E-01,0.000000E+00,0.000000E+00,0.000000E+00,0.000000E+00,0.000000E+00,0.000000E+00,0.000000E+00,0.000000E+00,2.110536E+01,4.079317E+01,2.388826E+01,4.877113E+01,2.544483E+03,1.621008E+03,8.635789E-02,1.429482E-01,0.000000E+00,0.000000E+00,0.000000E+00,0.000000E+00,0.000000E+00,0.000000E+00,0.000000E+00,0.000000E+00,2.110517E+01,4.054943E+01,2.388828E+01,4.842671E+01
01:10:00,8.892826E+02,3.240267E+03,3.018665E-02,2.857317E-01,0.000000E+00,0.000000E+00,0.000000E+00,0.000000E+00,0.000000E+00,0.000000E+00,0.000000E+00,0.000000E+00,2.111000E+01,4.949701E+01,2.388868E+01,4.756977E+01,4.076624E+03,2.425363E+03,1.383594E-01,2.138801E-01,0.000000E+00,0.000000E+00,0.000000E+00,0.000000E+00,0.000000E+00,0.000000E+00,0.000000E+00,0.000000E+00,2.110553E+01,4.098131E+01,2.388828E+01,4.877075E+01,2.518735E+03,1.522574E+03,8.548406E-02,1.342680E-01,0.000000E+00,0.000000E+00,0.000000E+00,0.000000E+00,0.000000E+00,0.000000E+00,0.000000E+00,0.000000E+00,2.110518E+01,4.048133E+01,2.388827E+01,4.867017E+01,4.143204E+03,2.449906E+03,1.406183E-01,2.160448E-01,0.000000E+00,0.000000E+00,0.000000E+00,0.000000E+00,0.000000E+00,0.000000E+00,0.000000E+00,0.000000E+00,2.110536E+01,4.079320E+01,2.388826E+01,4.877970E+01,2.544494E+03,1.610882E+03,8.635829E-02,1.420551E-01,0.000000E+00,0.000000E+00,0.000000E+00,0.000000E+00,0.000000E+00,0.000000E+00,0.000000E+00,0.000000E+00,2.110517E+01,4.054946E+01,2.388829E+01,4.844106E+01
01:20:00,8.893089E+02,3.238297E+03,3.018754E-02,2.855580E-01,0.000000E+00,0.000000E+00,0.000000E+00,0.000000E+00,0.000000E+00,0.000000E+00,0.000000E+00,0.000000E+00,2.111000E+01,4.949701E+01,2.388868E+01,4.757174E+01,4.076644E+03,2.415112E+03,1.383600E-01,2.129761E-01,0.000000E+00,0.000000E+00,0.000000E+00,0.000000E+00,0.000000E+00,0.000000E+00,0.000000E+00,0.000000E+00,2.110553E+01,4.098134E+01,2.388828E+01,4.877917E+01,2.518747E+03,1.515191E+03,8.548446E-02,1.336169E-01,0.000000E+00,0.000000E+00,0.000000E+00,0.000000E+00,0.000000E+00,0.000000E+00,0.000000E+00,0.000000E+00,2.110518E+01,4.048136E+01,2.388827E+01,4.868002E+01,4.143224E+03,2.439281E+03,1.406190E-01,2.151078E-01,0.000000E+00,0.000000E+00,0.000000E+00,0.000000E+00,0.000000E+00,0.000000E+00,0.000000E+00,0.000000E+00,2.110536E+01,4.079324E+01,2.388826E+01,4.878833E+01,2.544506E+03,1.601134E+03,8.635868E-02,1.411955E-01,0.000000E+00,0.000000E+00,0.000000E+00,0.000000E+00,0.000000E+00,0.000000E+00,0.000000E+00,0.000000E+00,2.110517E+01,4.054949E+01,2.388829E+01,4.845530E+01
01:30:00,8.893352E+02,3.236355E+03,3.018843E-02,2.853868E-01,0.000000E+00,0.000000E+00,0.000000E+00,0.000000E+00,0.000000E+00,0.000000E+00,0.000000E+00,0.000000E+00,2.111000E+01,4.949701E+01,2.388868E+01,4.757370E+01,4.076664E+03,2.405193E+03,1.383607E-01,2.121013E-01,0.000000E+00,0.000000E+00,0.000000E+00,0.000000E+00,0.000000E+00,0.000000E+00,0.000000E+00,0.000000E+00,2.110553E+01,4.098138E+01,2.388828E+01,4.878778E+01,2.518759E+03,1.508028E+03,8.548486E-02,1.329852E-01,0.000000E+00,0.000000E+00,0.000000E+00,0.000000E+00,0.000000E+00,0.000000E+00,0.000000E+00,0.000000E+00,2.110518E+01,4.048139E+01,2.388827E+01,4.869014E+01,4.143244E+03,2.429018E+03,1.406196E-01,2.142027E-01,0.000000E+00,0.000000E+00,0.000000E+00,0.000000E+00,0.000000E+00,0.000000E+00,0.000000E+00,0.000000E+00,2.110536E+01,4.079327E+01,2.388826E+01,4.879713E+01,2.544518E+03,1.591747E+03,8.635908E-02,1.403677E-01,0.000000E+00,0.000000E+00,0.000000E+00,0.000000E+00,0.000000E+00,0.000000E+00,0.000000E+00,0.000000E+00,2.110517E+01,4.054953E+01,2.388829E+01,4.846955E+01
01:40:00,8.893614E+02,3.234440E+03,3.018932E-02,2.852179E-01,0.000000E+00,0.000000E+00,0.000000E+00,0.000000E+00,0.000000E+00,0.000000E+00,0.000000E+00,0.000000E+00,2.111000E+01,4.949701E+01,2.388868E+01,4.757562E+01,4.076684E+03,2.395602E+03,1.383614E-01,2.112555E-01,0.000000E+00,0.000000E+00,0.000000E+00,0.000000E+00,0.000000E+00,0.000000E+00,0.000000E+00,0.000000E+00,2.110553E+01,4.098141E+01,2.388828E+01,4.879652E+01,2.518771E+03,1.501081E+03,8.548526E-02,1.323725E-01,0.000000E+00,0.000000E+00,0.000000E+00,0.000000E+00,0.000000E+00,0.000000E+00,0.000000E+00,0.000000E+00,2.110518E+01,4.048142E+01,2.388827E+01,4.870046E+01,4.143264E+03,2.419112E+03,1.406203E-01,2.133291E-01,0.000000E+00,0.000000E+00,0.000000E+00,0.000000E+00,0.000000E+00,0.000000E+00,0.000000E+00,0.000000E+00,2.110536E+01,4.079330E+01,2.388827E+01,4.880603E+01,2.544530E+03,1.582706E+03,8.635948E-02,1.395704E-01,0.000000E+00,0.000000E+00,0.000000E+00,0.000000E+00,0.000000E+00,0.000000E+00,0.000000E+00,0.000000E+00,2.110517E+01,4.054956E+01,2.388829E+01,4.848377E+01
01:50:00,8.893876E+02,3.232552E+03,3.019021E-02,2.850514E-01,0.000000E+00,0.000000E+00,0.000000E+00,0.000000E+00,0.000000E+00,0.000000E+00,0.000000E+00,0.000000E+00,2.111000E+01,4.949701E+01,2.388868E+01,4.757752E+01,4.076704E+03,2.386336E+03,1.383621E-01,2.104384E-01,0.000000E+00,0.000000E+00,0.000000E+00,0.000000E+00,0.000000E+00,0.000000E+00,0.000000E+00,0.000000E+00,2.110553E+01,4.098144E+01,2.388829E+01,4.880529E+01,2.518782E+03,1.494349E+03,8.548566E-02,1.317788E-01,0.000000E+00,0.000000E+00,0.000000E+00,0.000000E+00,0.000000E+00,0.000000E+00,0.000000E+00,0.000000E+00,2.110518E+01,4.048145E+01,2.388828E+01,4.871085E+01,4.143284E+03,2.409558E+03,1.406210E-01,2.124865E-01,0.000000E+00,0.000000E+00,0.000000E+00,0.000000E+00,0.000000E+00,0.000000E+00,0.000000E+00,0.000000E+00,2.110536E+01,4.079333E+01,2.388827E+01,4.881494E+01,2.544541E+03,1.574000E+03,8.635988E-02,1.388026E-01,0.000000E+00,0.000000E+00,0.000000E+00,0.000000E+00,0.000000E+00,0.000000E+00,0.000000E+00,0.000000E+00,2.110517E+01,4.054959E+01,2.388829E+01,4.849785E+01
02:00:00,8.894137E+02,3.230692E+03,3.019110E-02,2.848874E-01,0.000000E+00,0.000000E+00,0.000000E+00,0.000000E+00,0.000000E+00,0.000000E+00,0.000000E+00,0.000000E+00,2.111000E+01,4.949701E+01,2.388868E+01,4.757939E+01,4.076723E+03,2.377394E+03,1.383627E-01,2.096498E-01,0.000000E+00,0.000000E+00,0.000000E+00,0.000000E+00,0.000000E+00,0.000000E+00,0.000000E+00,0.000000E+00,2.110553E+01,4.098147E+01,2.388829E+01,4.881400E+01,2.518794E+03,1.487829E+03,8.548605E-02,1.312039E-01,0.000000E+00,0.000000E+00,0.000000E+00,0.000000E+00,0.000000E+00,0.000000E+00,0.000000E+00,0.000000E+00,2.110518E+01,4.048149E+01,2.388828E+01,4.872121E+01,4.143304E+03,2.400351E+03,1.406216E-01,2.116745E-01,0.000000E+00,0.000000E+00,0.000000E+00,0.000000E+00,0.000000E+00,0.000000E+00,0.000000E+00,0.000000E+00,2.110536E+01,4.079336E+01,2.388827E+01,4.882376E+01,2.544553E+03,1.565615E+03,8.636027E-02,1.380632E-01,0.000000E+00,0.000000E+00,0.000000E+00,0.000000E+00,0.000000E+00,0.000000E+00,0.000000E+00,0.000000E+00,2.110517E+01,4.054962E+01,2.388829E+01,4.851169E+01
02:10:00,8.894398E+02,3.228859E+03,3.019199E-02,2.847258E-01,0.000000E+00,0.000000E+00,0.000000E+00,0.000000E+00,0.000000E+00,0.000000E+00,0.000000E+00,0.000000E+00,2.111000E+01,4.949701E+01,2.388868E+01,4.758124E+01,4.076743E+03,2.368688E+03,1.383634E-01,2.088820E-01,0.000000E+00,0.000000E+00,0.000000E+00,0.000000E+00,0.000000E+00,0.000000E+00,0.000000E+00,0.000000E+00,2.110553E+01,4.098150E+01,2.388829E+01,4.882261E+01,2.518806E+03,1.481471E+03,8.548645E-02,1.306431E-01,0.000000E+00,0.000000E+00,0.000000E+00,0.000000E+00,0.000000E+00,0.000000E+00,0.000000E+00,0.000000E+00,2.110518E+01,4.048152E+01,2.388828E+01,4.873146E+01,4.143323E+03,2.391403E+03,1.406223E-01,2.108854E-01,0.000000E+00,0.000000E+00,0.000000E+00,0.000000E+00,0.000000E+00,0.000000E+00,0.000000E+00,0.000000E+00,2.110536E+01,4.079339E+01,2.388827E+01,4.883246E+01,2.544565E+03,1.557491E+03,8.636067E-02,1.373468E-01,0.000000E+00,0.000000E+00,0.000000E+00,0.000000E+00,0.000000E+00,0.000000E+00,0.000000E+00,0.000000E+00,2.110517E+01,4.054965E+01,2.388830E+01,4.852524E+01
02:20:00,8.894659E+02,3.227054E+03,3.019287E-02,2.845666E-01,0.000000E+00,0.000000E+00,0.000000E+00,0.000000E+00,0.000000E+00,0.000000E+00,0.000000E+00,0.000000E+00,2.111000E+01,4.949701E+01,2.388868E+01,4.758307E+01,4.076763E+03,2.360216E+03,1.383641E-01,2.081348E-01,0.000000E+00,0.000000E+00,0.000000E+00,0.000000E+00,0.000000E+00,0.000000E+00,0.000000E+00,0.000000E+00,2.110553E+01,4.098153E+01,2.388829E+01,4.883123E+01,2.518817E+03,1.475272E+03,8.548685E-02,1.300965E-01,0.000000E+00,0.000000E+00,0.000000E+00,0.000000E+00,0.000000E+00,0.000000E+00,0.000000E+00,0.000000E+00,2.110518E+01,4.048155E+01,2.388828E+01,4.874175E+01,4.143343E+03,2.382708E+03,1.406230E-01,2.101186E-01,0.000000E+00,0.000000E+00,0.000000E+00,0.000000E+00,0.000000E+00,0.000000E+00,0.000000E+00,0.000000E+00,2.110536E+01,4.079342E+01,2.388827E+01,4.884114E+01,2.544576E+03,1.549619E+03,8.636107E-02,1.366526E-01,0.000000E+00,0.000000E+00,0.000000E+00,0.000000E+00,0.000000E+00,0.000000E+00,0.000000E+00,0.000000E+00,2.110517E+01,4.054968E+01,2.388830E+01,4.853866E+01
02:30:00,8.894920E+02,3.225275E+03,3.019375E-02,2.844098E-01,0.000000E+00,0.000000E+00,0.000000E+00,0.000000E+00,0.000000E+00,0.000000E+00,0.000000E+00,0.000000E+00,2.111000E+01,4.949701E+01,2.388868E+01,4.758486E+01,4.076782E+03,2.351974E+03,1.383647E-01,2.074080E-01,0.000000E+00,0.000000E+00,0.000000E+00,0.000000E+00,0.000000E+00,0.000000E+00,0.000000E+00,0.000000E+00,2.110553E+01,4.098156E+01,2.388829E+01,4.883990E+01,2.518829E+03,1.469231E+03,8.548724E-02,1.295637E-01,0.000000E+00,0.000000E+00,0.000000E+00,0.000000E+00,0.000000E+00,0.000000E+00,0.000000E+00,0.000000E+00,2.110518E+01,4.048158E+01,2.388828E+01,4.875212E+01,4.143363E+03,2.374259E+03,1.406236E-01,2.093735E-01,0.000000E+00,0.000000E+00,0.000000E+00,0.000000E+00,0.000000E+00,0.000000E+00,0.000000E+00,0.000000E+00,2.110536E+01,4.079346E+01,2.388828E+01,4.884986E+01,2.544588E+03,1.541989E+03,8.636146E-02,1.359797E-01,0.000000E+00,0.000000E+00,0.000000E+00,0.000000E+00,0.000000E+00,0.000000E+00,0.000000E+00,0.000000E+00,2.110517E+01,4.054971E+01,2.388830E+01,4.855201E+01
02:40:00,8.895180E+02,3.223522E+03,3.019464E-02,2.842552E-01,0.000000E+00,0.000000E+00,0.000000E+00,0.000000E+00,0.000000E+00,0.000000E+00,0.000000E+00,0.000000E+00,2.111000E+01,4.949701E+01,2.388868E+01,4.758664E+01,4.076802E+03,2.343958E+03,1.383654E-01,2.067010E-01,0.000000E+00,0.000000E+00,0.000000E+00,0.000000E+00,0.000000E+00,0.000000E+00,0.000000E+00,0.000000E+00,2.110553E+01,4.098160E+01,2.388829E+01,4.884856E+01,2.518841E+03,1.463344E+03,8.548764E-02,1.290445E-01,0.000000E+00,0.000000E+00,0.000000E+00,0.000000E+00,0.000000E+00,0.000000E+00,0.000000E+00,0.000000E+00,2.110518E+01,4.048161E+01,2.388828E+01,4.876253E+01,4.143382E+03,2.366052E+03,1.406243E-01,2.086497E-01,0.000000E+00,0.000000E+00,0.000000E+00,0.000000E+00,0.000000E+00,0.000000E+00,0.000000E+00,0.000000E+00,2.110536E+01,4.079349E+01,2.388828E+01,4.885857E+01,2.544600E+03,1.534593E+03,8.636186E-02,1.353274E-01,0.000000E+00,0.000000E+00,0.000000E+00,0.000000E+00,0.000000E+00,0.000000E+00,0.000000E+00,0.000000E+00,2.110517E+01,4.054974E+01,2.388830E+01,4.856526E+01
02:50:00,8.895439E+02,3.221794E+03,3.019552E-02,2.841028E-01,0.000000E+00,0.000000E+00,0.000000E+00,0.000000E+00,0.000000E+00,0.000000E+00,0.000000E+00,0.000000E+00,2.111000E+01,4.949701E+01,2.388868E+01,4.758839E+01,4.076822E+03,2.336164E+03,1.383661E-01,2.060138E-01,0.000000E+00,0.000000E+00,0.000000E+00,0.000000E+00,0.000000E+00,0.000000E+00,0.000000E+00,0.000000E+00,2.110553E+01,4.098163E+01,2.388829E+01,4.885718E+01,2.518852E+03,1.457609E+03,8.548803E-02,1.285388E-01,0.000000E+00,0.000000E+00,0.000000E+00,0.000000E+00,0.000000E+00,0.000000E+00,0.000000E+00,0.000000E+00,2.110518E+01,4.048164E+01,2.388829E+01,4.877291E+01,4.143402E+03,2.358082E+03,1.406250E-01,2.079469E-01,0.000000E+00,0.000000E+00,0.000000E+00,0.000000E+00,0.000000E+00,0.000000E+00,0.000000E+00,0.000000E+00,2.110536E+01,4.079352E+01,2.388828E+01,4.886722E+01,2.544611E+03,1.527421E+03,8.636225E-02,1.346950E-01,0.000000E+00,0.000000E+00,0.000000E+00,0.000000E+00,0.000000E+00,0.000000E+00,0.000000E+00,0.000000E+00,2.110517E+01,4.054977E+01,2.388830E+01,4.857833E+01
03:00:00,8.895699E+02,3.220090E+03,3.019640E-02,2.839526E-01,0.000000E+00,0.000000E+00,0.000000E+00,0.000000E+00,0.000000E+00,0.000000E+00,0.000000E+00,0.000000E+00,2.111000E+01,4.949701E+01,2.388868E+01,4.759012E+01,4.076841E+03,2.328590E+03,1.383667E-01,2.053458E-01,0.000000E+00,0.000000E+00,0.000000E+00,0.000000E+00,0.000000E+00,0.000000E+00,0.000000E+00,0.000000E+00,2.110553E+01,4.098166E+01,2.388829E+01,4.886571E+01,2.518864E+03,1.452024E+03,8.548842E-02,1.280463E-01,0.000000E+00,0.000000E+00,0.000000E+00,0.000000E+00,0.000000E+00,0.000000E+00,0.000000E+00,0.000000E+00,2.110518E+01,4.048167E+01,2.388829E+01,4.878319E+01,4.143422E+03,2.350345E+03,1.406256E-01,2.072645E-01,0.000000E+00,0.000000E+00,0.000000E+00,0.000000E+00,0.000000E+00,0.000000E+00,0.000000E+00,0.000000E+00,2.110536E+01,4.079355E+01,2.388828E+01,4.887574E+01,2.544623E+03,1.520467E+03,8.636264E-02,1.340817E-01,0.000000E+00,0.000000E+00,0.000000E+00,0.000000E+00,0.000000E+00,0.000000E+00,0.000000E+00,0.000000E+00,2.110517E+01,4.054980E+01,2.388830E+01,4.859118E+01
03:10:00,8.895958E+02,3.218410E+03,3.019728E-02,2.838044E-01,0.000000E+00,0.000000E+00,0.000000E+00,0.000000E+00,0.000000E+00,0.000000E+00,0.000000E+00,0.000000E+00,2.111000E+01,4.949701E+01,2.388868E+01,4.759182E+01,4.076861E+03,2.321155E+03,1.383674E-01,2.046902E-01,0.000000E+00,0.000000E+00,0.000000E+00,0.000000E+00,0.000000E+00,0.000000E+00,0.000000E+00,0.000000E+00,2.110553E+01,4.098169E+01,2.388830E+01,4.887410E+01,2.518875E+03,1.446541E+03,8.548882E-02,1.275627E-01,0.000000E+00,0.000000E+00,0.000000E+00,0.000000E+00,0.000000E+00,0.000000E+00,0.000000E+00,0.000000E+00,2.110518E+01,4.048170E+01,2.388829E+01,4.879333E+01,4.143441E+03,2.342757E+03,1.406263E-01,2.065954E-01,0.000000E+00,0.000000E+00,0.000000E+00,0.000000E+00,0.000000E+00,0.000000E+00,0.000000E+00,0.000000E+00,2.110536E+01,4.079358E+01,2.388828E+01,4.888413E+01,2.544634E+03,1.513676E+03,8.636304E-02,1.334829E-01,0.000000E+00,0.000000E+00,0.000000E+00,0.000000E+00,0.000000E+00,0.000000E+00,0.000000E+00,0.000000E+00,2.110517E+01,4.054983E+01,2.388830E+01,4.860378E+01
03:20:00,8.896216E+02,3.216753E+03,3.019816E-02,2.836583E-01,0.000000E+00,0.000000E+00,0.000000E+00,0.000000E+00,0.000000E+00,0.000000E+00,0.000000E+00,0.000000E+00,2.111000E+01,4.949701E+01,2.388868E+01,4.759351E+01,4.076880E+03,2.313854E+03,1.383681E-01,2.040463E-01,0.000000E+00,0.000000E+00,0.000000E+00,0.000000E+00,0.000000E+00,0.000000E+00,0.000000E+00,0.000000E+00,2.110553E+01,4.098172E+01,2.388830E+01,4.888234E+01,2.518887E+03,1.441157E+03,8.548921E-02,1.270879E-01,0.000000E+00,0.000000E+00,0.000000E+00,0.000000E+00,0.000000E+00,0.000000E+00,0.000000E+00,0.000000E+00,2.110518E+01,4.048173E+01,2.388829E+01,4.880332E+01,4.143461E+03,2.335312E+03,1.406270E-01,2.059388E-01,0.000000E+00,0.000000E+00,0.000000E+00,0.000000E+00,0.000000E+00,0.000000E+00,0.000000E+00,0.000000E+00,2.110536E+01,4.079361E+01,2.388828E+01,4.889235E+01,2.544646E+03,1.507041E+03,8.636343E-02,1.328977E-01,0.000000E+00,0.000000E+00,0.000000E+00,0.000000E+00,0.000000E+00,0.000000E+00,0.000000E+00,0.000000E+00,2.110517E+01,4.054986E+01,2.388830E+01,4.861611E+01
03:30:00,8.896474E+02,3.215116E+03,3.019903E-02,2.835140E-01,0.000000E+00,0.000000E+00,0.000000E+00,0.000000E+00,0.000000E+00,0.000000E+00,0.000000E+00,0.000000E+00,2.111000E+01,4.949701E+01,2.388868E+01,4.759517E+01,4.076900E+03,2.306682E+03,1.383687E-01,2.034138E-01,0.000000E+00,0.000000E+00,0.000000E+00,0.000000E+00,0.000000E+00,0.000000E+00,0.000000E+00,0.000000E+00,2.110553E+01,4.098175E+01,2.388830E+01,4.889043E+01,2.518899E+03,1.435868E+03,8.548960E-02,1.266215E-01,0.000000E+00,0.000000E+00,0.000000E+00,0.000000E+00,0.000000E+00,0.000000E+00,0.000000E+00,0.000000E+00,2.110518E+01,4.048177E+01,2.388829E+01,4.881314E+01,4.143480E+03,2.328002E+03,1.406276E-01,2.052941E-01,0.000000E+00,0.000000E+00,0.000000E+00,0.000000E+00,0.000000E+00,0.000000E+00,0.000000E+00,0.000000E+00,2.110536E+01,4.079364E+01,2.388828E+01,4.890041E+01,2.544658E+03,1.500554E+03,8.636382E-02,1.323256E-01,0.000000E+00,0.000000E+00,0.000000E+00,0.000000E+00,0.000000E+00,0.000000E+00,0.000000E+00,0.000000E+00,2.110517E+01,4.054989E+01,2.388830E+01,4.862818E+01
03:40:00,8.896732E+02,3.213499E+03,3.019991E-02,2.833714E-01,0.000000E+00,0.000000E+00,0.000000E+00,0.000000E+00,0.000000E+00,0.000000E+00,0.000000E+00,0.000000E+00,2.111000E+01,4.949701E+01,2.388868E+01,4.759681E+01,4.076919E+03,2.299632E+03,1.383694E-01,2.027921E-01,0.000000E+00,0.000000E+00,0.000000E+00,0.000000E+00,0.000000E+00,0.000000E+00,0.000000E+00,0.000000E+00,2.110553E+01,4.098178E+01,2.388830E+01,4.889836E+01,2.518910E+03,1.430670E+03,8.548999E-02,1.261631E-01,0.000000E+00,0.000000E+00,0.000000E+00,0.000000E+00,0.000000E+00,0.000000E+00,0.000000E+00,0.000000E+00,2.110518E+01,4.048180E+01,2.388829E+01,4.882278E+01,4.143500E+03,2.320819E+03,1.406283E-01,2.046607E-01,0.000000E+00,0.000000E+00,0.000000E+00,0.000000E+00,0.000000E+00,0.000000E+00,0.000000E+00,0.000000E+00,2.110536E+01,4.079367E+01,2.388828E+01,4.890829E+01,2.544669E+03,1.494206E+03,8.636421E-02,1.317659E-01,0.000000E+00,0.000000E+00,0.000000E+00,0.000000E+00,0.000000E+00,0.000000E+00,0.000000E+00,0.000000E+00,2.110517E+01,4.054992E+01,2.388830E+01,4.863999E+01
03:50:00,8.896990E+02,3.211900E+03,3.020078E-02,2.832304E-01,0.000000E+00,0.000000E+00,0.000000E+00,0.000000E+00,0.000000E+00,0.000000E+00,0.000000E+00,0.000000E+00,2.111000E+01,4.949701E+01,2.388868E+01,4.759844E+01,4.076939E+03,2.292699E+03,1.383700E-01,2.021807E-01,0.000000E+00,0.000000E+00,0.000000E+00,0.000000E+00,0.000000E+00,0.000000E+00,0.000000E+00,0.000000E+00,2.110553E+01,4.098181E+01,2.388830E+01,4.890613E+01,2.518922E+03,1.425560E+03,8.549038E-02,1.257125E-01,0.000000E+00,0.000000E+00,0.000000E+00,0.000000E+00,0.000000E+00,0.000000E+00,0.000000E+00,0.000000E+00,2.110518E+01,4.048183E+01,2.388829E+01,4.883225E+01,4.143519E+03,2.313759E+03,1.406290E-01,2.040381E-01,0.000000E+00,0.000000E+00,0.000000E+00,0.000000E+00,0.000000E+00,0.000000E+00,0.000000E+00,0.000000E+00,2.110536E+01,4.079370E+01,2.388828E+01,4.891601E+01,2.544681E+03,1.487992E+03,8.636460E-02,1.312179E-01,0.000000E+00,0.000000E+00,0.000000E+00,0.000000E+00,0.000000E+00,0.000000E+00,0.000000E+00,0.000000E+00,2.110517E+01,4.054995E+01,2.388831E+01,4.865154E+01
04:00:00,8.897247E+02,3.210318E+03,3.020166E-02,2.830909E-01,0.000000E+00,0.000000E+00,0.000000E+00,0.000000E+00,0.000000E+00,0.000000E+00,0.000000E+00,0.000000E+00,2.111000E+01,4.949701E+01,2.388868E+01,4.760005E+01,4.076958E+03,2.285879E+03,1.383707E-01,2.015792E-01,0.000000E+00,0.000000E+00,0.000000E+00,0.000000E+00,0.000000E+00,0.000000E+00,0.000000E+00,0.000000E+00,2.110553E+01,4.098184E+01,2.388830E+01,4.891374E+01,2.518933E+03,1.420534E+03,8.549077E-02,1.252692E-01,0.000000E+00,0.000000E+00,0.000000E+00,0.000000E+00,0.000000E+00,0.000000E+00,0.000000E+00,0.000000E+00,2.110518E+01,4.048186E+01,2.388829E+01,4.884155E+01,4.143539E+03,2.306813E+03,1.406296E-01,2.034256E-01,0.000000E+00,0.000000E+00,0.000000E+00,0.000000E+00,0.000000E+00,0.000000E+00,0.000000E+00,0.000000E+00,2.110536E+01,4.079373E+01,2.388829E+01,4.892356E+01,2.544692E+03,1.481903E+03,8.636499E-02,1.306809E-01,0.000000E+00,0.000000E+00,0.000000E+00,0.000000E+00,0.000000E+00,0.000000E+00,0.000000E+00,0.000000E+00,2.110517E+01,4.054998E+01,2.388831E+01,4.866284E+01
04:10:00,8.897504E+02,3.208752E+03,3.020253E-02,2.829528E-01,0.000000E+00,0.000000E+00,0.000000E+00,0.000000E+00,0.000000E+00,0.000000E+00,0.000000E+00,0.000000E+00,2.111000E+01,4.949701E+01,2.388868E+01,4.760164E+01,4.076978E+03,2.279234E+03,1.383714E-01,2.009932E-01,0.000000E+00,0.000000E+00,0.000000E+00,0.000000E+00,0.000000E+00,0.000000E+00,0.000000E+00,0.000000E+00,2.110553E+01,4.098187E+01,2.388830E+01,4.892119E+01,2.518945E+03,1.415628E+03,8.549116E-02,1.248366E-01,0.000000E+00,0.000000E+00,0.000000E+00,0.000000E+00,0.000000E+00,0.000000E+00,0.000000E+00,0.000000E+00,2.110518E+01,4.048189E+01,2.388829E+01,4.885067E+01,4.143558E+03,2.300051E+03,1.406303E-01,2.028292E-01,0.000000E+00,0.000000E+00,0.000000E+00,0.000000E+00,0.000000E+00,0.000000E+00,0.000000E+00,0.000000E+00,2.110536E+01,4.079376E+01,2.388829E+01,4.893095E+01,2.544704E+03,1.475976E+03,8.636538E-02,1.301583E-01,0.000000E+00,0.000000E+00,0.000000E+00,0.000000E+00,0.000000E+00,0.000000E+00,0.000000E+00,0.000000E+00,2.110517E+01,4.055001E+01,2.388831E+01,4.867390E+01
04:20:00,8.897760E+02,3.207202E+03,3.020340E-02,2.828161E-01,0.000000E+00,0.000000E+00,0.000000E+00,0.000000E+00,0.000000E+00,0.000000E+00,0.000000E+00,0.000000E+00,2.111000E+01,4.949701E+01,2.388868E+01,4.760322E+01,4.076997E+03,2.272763E+03,1.383720E-01,2.004226E-01,0.000000E+00,0.000000E+00,0.000000E+00,0.000000E+00,0.000000E+00,0.000000E+00,0.000000E+00,0.000000E+00,2.110553E+01,4.098191E+01,2.388830E+01,4.892865E+01,2.518956E+03,1.410842E+03,8.549155E-02,1.244145E-01,0.000000E+00,0.000000E+00,0.000000E+00,0.000000E+00,0.000000E+00,0.000000E+00,0.000000E+00,0.000000E+00,2.110518E+01,4.048192E+01,2.388830E+01,4.885982E+01,4.143577E+03,2.293462E+03,1.406309E-01,2.022481E-01,0.000000E+00,0.000000E+00,0.000000E+00,0.000000E+00,0.000000E+00,0.000000E+00,0.000000E+00,0.000000E+00,2.110536E+01,4.079380E+01,2.388829E+01,4.893835E+01,2.544715E+03,1.470207E+03,8.636577E-02,1.296495E-01,0.000000E+00,0.000000E+00,0.000000E+00,0.000000E+00,0.000000E+00,0.000000E+00,0.000000E+00,0.000000E+00,2.110517E+01,4.055004E+01,2.388831E+01,4.868492E+01
04:30:00,8.898016E+02,3.205668E+03,3.020427E-02,2.826808E-01,0.000000E+00,0.000000E+00,0.000000E+00,0.000000E+00,0.000000E+00,0.000000E+00,0.000000E+00,0.000000E+00,2.111000E+01,4.949701E+01,2.388868E+01,4.760478E+01,4.077016E+03,2.266465E+03,1.383727E-01,1.998672E-01,0.000000E+00,0.000000E+00,0.000000E+00,0.000000E+00,0.000000E+00,0.000000E+00,0.000000E+00,0.000000E+00,2.110553E+01,4.098194E+01,2.388830E+01,4.893618E+01,2.518968E+03,1.406173E+03,8.549194E-02,1.240028E-01,0.000000E+00,0.000000E+00,0.000000E+00,0.000000E+00,0.000000E+00,0.000000E+00,0.000000E+00,0.000000E+00,2.110518E+01,4.048195E+01,2.388830E+01,4.886907E+01,4.143597E+03,2.287047E+03,1.406316E-01,2.016825E-01,0.000000E+00,0.000000E+00,0.000000E+00,0.000000E+00,0.000000E+00,0.000000E+00,0.000000E+00,0.000000E+00,2.110536E+01,4.079383E+01,2.388829E+01,4.894583E+01,2.544726E+03,1.464591E+03,8.636616E-02,1.291542E-01,0.000000E+00,0.000000E+00,0.000000E+00,0.000000E+00,0.000000E+00,0.000000E+00,0.000000E+00,0.000000E+00,2.110517E+01,4.055007E+01,2.388831E+01,4.869598E+01
04:40:00,8.898272E+02,3.204149E+03,3.020513E-02,2.825469E-01,0.000000E+00,0.000000E+00,0.000000E+00,0.000000E+00,0.000000E+00,0.000000E+00,0.000000E+00,0.000000E+00,2.111000E+01,4.949701E+01,2.388868E+01,4.760633E+01,4.077036E+03,2.260338E+03,1.383733E-01,1.993269E-01,0.000000E+00,0.000000E+00,0.000000E+00,0.000000E+00,0.000000E+00,0.000000E+00,0.000000E+00,0.000000E+00,2.110553E+01,4.098197E+01,2.388830E+01,4.894375E+01,2.518979E+03,1.401619E+03,8.549233E-02,1.236012E-01,0.000000E+00,0.000000E+00,0.000000E+00,0.000000E+00,0.000000E+00,0.000000E+00,0.000000E+00,0.000000E+00,2.110518E+01,4.048198E+01,2.388830E+01,4.887839E+01,4.143616E+03,2.280806E+03,1.406322E-01,2.011321E-01,0.000000E+00,0.000000E+00,0.000000E+00,0.000000E+00,0.000000E+00,0.000000E+00,0.000000E+00,0.000000E+00,2.110536E+01,4.079386E+01,2.388829E+01,4.895336E+01,2.544738E+03,1.459124E+03,8.636655E-02,1.286721E-01,0.000000E+00,0.000000E+00,0.000000E+00,0.000000E+00,0.000000E+00,0.000000E+00,0.000000E+00,0.000000E+00,2.110517E+01,4.055010E+01,2.388831E+01,4.870705E+01
04:50:00,8.898527E+02,3.202649E+03,3.020600E-02,2.824146E-01,0.000000E+00,0.000000E+00,0.000000E+00,0.000000E+00,0.000000E+00,0.000000E+00,0.000000E+00,0.000000E+00,2.111000E+01,4.949701E+01,2.388868E+01,4.760786E+01,4.077055E+03,2.254384E+03,1.383740E-01,1.988018E-01,0.000000E+00,0.000000E+00,0.000000E+00,0.000000E+00,0.000000E+00,0.000000E+00,0.000000E+00,0.000000E+00,2.110553E+01,4.098200E+01,2.388830E+01,4.895131E+01,2.518990E+03,1.397181E+03,8.549272E-02,1.232098E-01,0.000000E+00,0.000000E+00,0.000000E+00,0.000000E+00,0.000000E+00,0.000000E+00,0.000000E+00,0.000000E+00,2.110518E+01,4.048201E+01,2.388830E+01,4.888771E+01,4.143635E+03,2.274740E+03,1.406329E-01,2.005971E-01,0.000000E+00,0.000000E+00,0.000000E+00,0.000000E+00,0.000000E+00,0.000000E+00,0.000000E+00,0.000000E+00,2.110536E+01,4.079389E+01,2.388829E+01,4.896089E+01,2.544749E+03,1.453804E+03,8.636694E-02,1.282030E-01,0.000000E+00,0.000000E+00,0.000000E+00,0.000000E+00,0.000000E+00,0.000000E+00,0.000000E+00,0.000000E+00,2.110517E+01,4.055013E+01,2.388831E+01,4.871807E+01
05:00:00,8.898782E+02,3.201165E+03,3.020687E-02,2.822837E-01,0.000000E+00,0.000000E+00,0.000000E+00,0.000000E+00,0.000000E+00,0.000000E+00,0.000000E+00,0.000000E+00,2.111000E+01,4.949701E+01,2.388868E+01,4.760937E+01,4.077074E+03,2.248596E+03,1.383746E-01,1.982914E-01,0.000000E+00,0.000000E+00,0.000000E+00,0.000000E+00,0.000000E+00,0.000000E+00,0.000000E+00,0.000000E+00,2.110553E+01,4.098203E+01,2.388831E+01,4.895880E+01,2.519002E+03,1.392856E+03,8.549311E-02,1.228284E-01,0.000000E+00,0.000000E+00,0.000000E+00,0.000000E+00,0.000000E+00,0.000000E+00,0.000000E+00,0.000000E+00,2.110518E+01,4.048204E+01,2.388830E+01,4.889698E+01,4.143655E+03,2.268844E+03,1.406336E-01,2.000772E-01,0.000000E+00,0.000000E+00,0.000000E+00,0.000000E+00,0.000000E+00,0.000000E+00,0.000000E+00,0.000000E+00,2.110536E+01,4.079392E+01,2.388829E+01,4.896836E+01,2.544761E+03,1.448628E+03,8.636732E-02,1.277465E-01,0.000000E+00,0.000000E+00,0.000000E+00,0.000000E+00,0.000000E+00,0.000000E+00,0.000000E+00,0.000000E+00,2.110517E+01,4.055016E+01,2.388831E+01,4.872898E+01
05:10:00,8.899037E+02,3.199699E+03,3.020773E-02,2.821545E-01,0.000000E+00,0.000000E+00,0.000000E+00,0.000000E+00,0.000000E+00,0.000000E+00,0.000000E+00,0.000000E+00,2.111000E+01,4.949701E+01,2.388868E+01,4.761087E+01,4.077094E+03,2.243174E+03,1.383753E-01,1.978132E-01,0.000000E+00,0.000000E+00,0.000000E+00,0.000000E+00,0.000000E+00,0.000000E+00,0.000000E+00,0.000000E+00,2.110553E+01,4.098206E+01,2.388831E+01,4.896621E+01,2.519013E+03,1.388765E+03,8.549349E-02,1.224677E-01,0.000000E+00,0.000000E+00,0.000000E+00,0.000000E+00,0.000000E+00,0.000000E+00,0.000000E+00,0.000000E+00,2.110518E+01,4.048207E+01,2.388830E+01,4.890616E+01,4.143674E+03,2.263321E+03,1.406342E-01,1.995901E-01,0.000000E+00,0.000000E+00,0.000000E+00,0.000000E+00,0.000000E+00,0.000000E+00,0.000000E+00,0.000000E+00,2.110536E+01,4.079395E+01,2.388829E+01,4.897575E+01,2.544772E+03,1.443716E+03,8.636771E-02,1.273133E-01,0.000000E+00,0.000000E+00,0.000000E+00,0.000000E+00,0.000000E+00,0.000000E+00,0.000000E+00,0.000000E+00,2.110517E+01,4.055019E+01,2.388831E+01,4.873975E+01
05:20:00,8.899291E+02,3.198256E+03,3.020859E-02,2.820272E-01,0.000000E+00,0.000000E+00,0.000000E+00,0.000000E+00,0.000000E+00,0.000000E+00,0.000000E+00,0.000000E+00,2.111000E+01,4.949701E+01,2.388867E+01,4.761236E+01,4.077113E+03,2.238129E+03,1.383760E-01,1.973683E-01,0.000000E+00,0.000000E+00,0.000000E+00,0.000000E+00,0.000000E+00,0.000000E+00,0.000000E+00,0.000000E+00,2.110553E+01,4.098209E+01,2.388831E+01,4.897416E+01,2.519025E+03,1.384916E+03,8.549388E-02,1.221282E-01,0.000000E+00,0.000000E+00,0.000000E+00,0.000000E+00,0.000000E+00,0.000000E+00,0.000000E+00,0.000000E+00,2.110518E+01,4.048210E+01,2.388830E+01,4.891600E+01,4.143693E+03,2.258212E+03,1.406349E-01,1.991396E-01,0.000000E+00,0.000000E+00,0.000000E+00,0.000000E+00,0.000000E+00,0.000000E+00,0.000000E+00,0.000000E+00,2.110536E+01,4.079398E+01,2.388829E+01,4.898371E+01,2.544783E+03,1.439080E+03,8.636810E-02,1.269045E-01,0.000000E+00,0.000000E+00,0.000000E+00,0.000000E+00,0.000000E+00,0.000000E+00,0.000000E+00,0.000000E+00,2.110517E+01,4.055022E+01,2.388831E+01,4.875115E+01
05:30:00,8.899545E+02,3.196837E+03,3.020946E-02,2.819021E-01,0.000000E+00,0.000000E+00,0.000000E+00,0.000000E+00,0.000000E+00,0.000000E+00,0.000000E+00,0.000000E+00,2.111000E+01,4.949701E+01,2.388867E+01,4.761382E+01,4.077132E+03,2.233470E+03,1.383766E-01,1.969575E-01,0.000000E+00,0.000000E+00,0.000000E+00,0.000000E+00,0.000000E+00,0.000000E+00,0.000000E+00,0.000000E+00,2.110553E+01,4.098212E+01,2.388830E+01,4.898287E+01,2.519036E+03,1.381313E+03,8.549426E-02,1.218105E-01,0.000000E+00,0.000000E+00,0.000000E+00,0.000000E+00,0.000000E+00,0.000000E+00,0.000000E+00,0.000000E+00,2.110518E+01,4.048213E+01,2.388830E+01,4.892676E+01,4.143712E+03,2.253520E+03,1.406355E-01,1.987258E-01,0.000000E+00,0.000000E+00,0.000000E+00,0.000000E+00,0.000000E+00,0.000000E+00,0.000000E+00,0.000000E+00,2.110536E+01,4.079401E+01,2.388829E+01,4.899243E+01,2.544795E+03,1.434722E+03,8.636848E-02,1.265202E-01,0.000000E+00,0.000000E+00,0.000000E+00,0.000000E+00,0.000000E+00,0.000000E+00,0.000000E+00,0.000000E+00,2.110517E+01,4.055025E+01,2.388831E+01,4.876342E+01
05:40:00,8.899799E+02,3.195448E+03,3.021032E-02,2.817797E-01,0.000000E+00,0.000000E+00,0.000000E+00,0.000000E+00,0.000000E+00,0.000000E+00,0.000000E+00,0.000000E+00,2.111000E+01,4.949701E+01,2.388867E+01,4.761526E+01,4.077151E+03,2.229208E+03,1.383773E-01,1.965816E-01,0.000000E+00,0.000000E+00,0.000000E+00,0.000000E+00,0.000000E+00,0.000000E+00,0.000000E+00,0.000000E+00,2.110553E+01,4.098215E+01,2.388830E+01,4.899220E+01,2.519047E+03,1.377962E+03,8.549465E-02,1.215150E-01,0.000000E+00,0.000000E+00,0.000000E+00,0.000000E+00,0.000000E+00,0.000000E+00,0.000000E+00,0.000000E+00,2.110518E+01,4.048216E+01,2.388830E+01,4.893827E+01,4.143731E+03,2.249252E+03,1.406362E-01,1.983494E-01,0.000000E+00,0.000000E+00,0.000000E+00,0.000000E+00,0.000000E+00,0.000000E+00,0.000000E+00,0.000000E+00,2.110536E+01,4.079404E+01,2.388829E+01,4.900176E+01,2.544806E+03,1.430646E+03,8.636887E-02,1.261607E-01,0.000000E+00,0.000000E+00,0.000000E+00,0.000000E+00,0.000000E+00,0.000000E+00,0.000000E+00,0.000000E+00,2.110517E+01,4.055028E+01,2.388831E+01,4.877640E+01
05:50:00,8.900052E+02,3.194098E+03,3.021118E-02,2.816606E-01,0.000000E+00,0.000000E+00,0.000000E+00,0.000000E+00,0.000000E+00,0.000000E+00,0.000000E+00,0.000000E+00,2.111000E+01,4.949701E+01,2.388867E+01,4.761667E+01,4.077170E+03,2.226040E+03,1.383779E-01,1.963022E-01,0.000000E+00,0.000000E+00,0.000000E+00,0.000000E+00,0.000000E+00,0.000000E+00,0.000000E+00,0.000000E+00,2.110553E+01,4.098218E+01,2.388830E+01,4.900192E+01,2.519059E+03,1.375432E+03,8.549503E-02,1.212919E-01,0.000000E+00,0.000000E+00,0.000000E+00,0.000000E+00,0.000000E+00,0.000000E+00,0.000000E+00,0.000000E+00,2.110518E+01,4.048219E+01,2.388830E+01,4.895027E+01,4.143751E+03,2.246235E+03,1.406368E-01,1.980834E-01,0.000000E+00,0.000000E+00,0.000000E+00,0.000000E+00,0.000000E+00,0.000000E+00,0.000000E+00,0.000000E+00,2.110536E+01,4.079407E+01,2.388829E+01,4.901147E+01,2.544818E+03,1.427221E+03,8.636925E-02,1.258587E-01,0.000000E+00,0.000000E+00,0.000000E+00,0.000000E+00,0.000000E+00,0.000000E+00,0.000000E+00,0.000000E+00,2.110517E+01,4.055031E+01,2.388831E+01,4.878979E+01
06:00:00,8.900305E+02,3.192832E+03,3.021204E-02,2.815490E-01,0.000000E+00,0.000000E+00,0.000000E+00,0.000000E+00,0.000000E+00,0.000000E+00,0.000000E+00,0.000000E+00,2.111000E+01,4.949701E+01,2.388867E+01,4.761804E+01,4.077189E+03,2.224427E+03,1.383786E-01,1.961600E-01,0.000000E+00,0.000000E+00,0.000000E+00,0.000000E+00,0.000000E+00,0.000000E+00,0.000000E+00,0.000000E+00,2.110553E+01,4.098221E+01,2.388830E+01,4.901061E+01,2.519070E+03,1.376496E+03,8.549542E-02,1.213857E-01,0.000000E+00,0.000000E+00,0.000000E+00,0.000000E+00,0.000000E+00,0.000000E+00,0.000000E+00,0.000000E+00,2.110518E+01,4.048222E+01,2.388829E+01,4.896086E+01,4.143770E+03,2.246673E+03,1.406375E-01,1.981220E-01,0.000000E+00,0.000000E+00,0.000000E+00,0.000000E+00,0.000000E+00,0.000000E+00,0.000000E+00,0.000000E+00,2.110536E+01,4.079410E+01,2.388828E+01,4.901991E+01,2.544829E+03,1.424677E+03,8.636963E-02,1.256344E-01,0.000000E+00,0.000000E+00,0.000000E+00,0.000000E+00,0.000000E+00,0.000000E+00,0.000000E+00,0.000000E+00,2.110517E+01,4.055034E+01,2.388830E+01,4.880234E+01
06:10:00,8.900558E+02,3.191771E+03,3.021289E-02,2.814554E-01,0.000000E+00,0.000000E+00,0.000000E+00,0.000000E+00,0.000000E+00,0.000000E+00,0.000000E+00,0.000000E+00,2.111000E+01,4.949701E+01,2.388867E+01,4.761933E+01,4.077208E+03,2.224868E+03,1.383792E-01,1.961989E-01,0.000000E+00,0.000000E+00,0.000000E+00,0.000000E+00,0.000000E+00,0.000000E+00,0.000000E+00,0.000000E+00,2.110553E+01,4.098224E+01,2.388830E+01,4.901686E+01,2.519081E+03,1.386437E+03,8.549580E-02,1.222624E-01,0.000000E+00,0.000000E+00,0.000000E+00,0.000000E+00,0.000000E+00,0.000000E+00,0.000000E+00,0.000000E+00,2.110518E+01,4.048225E+01,2.388827E+01,4.896127E+01,4.143789E+03,2.254033E+03,1.406381E-01,1.987711E-01,0.000000E+00,0.000000E+00,0.000000E+00,0.000000E+00,0.000000E+00,0.000000E+00,0.000000E+00,0.000000E+00,2.110536E+01,4.079413E+01,2.388827E+01,4.902257E+01,2.544840E+03,1.423268E+03,8.637002E-02,1.255101E-01,0.000000E+00,0.000000E+00,0.000000E+00,0.000000E+00,0.000000E+00,0.000000E+00,0.000000E+00,0.000000E+00,2.110517E+01,4.055037E+01,2.388830E+01,4.881288E+01
06:20:00,8.900810E+02,3.191113E+03,3.021375E-02,2.813973E-01,0.000000E+00,0.000000E+00,0.000000E+00,0.000000E+00,0.000000E+00,0.000000E+00,0.000000E+00,0.000000E+00,2.111000E+01,4.949701E+01,2.388867E+01,4.762042E+01,4.077228E+03,2.228023E+03,1.383798E-01,1.964772E-01,0.000000E+00,0.000000E+00,0.000000E+00,0.000000E+00,0.000000E+00,0.000000E+00,0.000000E+00,0.000000E+00,2.110553E+01,4.098227E+01,2.388829E+01,4.900996E+01,2.519093E+03,1.408758E+03,8.549618E-02,1.242310E-01,0.000000E+00,0.000000E+00,0.000000E+00,0.000000E+00,0.000000E+00,0.000000E+00,0.000000E+00,0.000000E+00,2.110518E+01,4.048228E+01,2.388822E+01,4.892281E+01,4.143808E+03,2.270120E+03,1.406388E-01,2.001899E-01,0.000000E+00,0.000000E+00,0.000000E+00,0.000000E+00,0.000000E+00,0.000000E+00,0.000000E+00,0.000000E+00,2.110536E+01,4.079416E+01,2.388825E+01,4.900200E+01,2.544851E+03,1.423335E+03,8.637040E-02,1.255161E-01,0.000000E+00,0.000000E+00,0.000000E+00,0.000000E+00,0.000000E+00,0.000000E+00,0.000000E+00,0.000000E+00,2.110517E+01,4.055040E+01,2.388829E+01,4.880981E+01
06:30:00,8.901062E+02,3.191066E+03,3.021460E-02,2.813933E-01,0.000000E+00,0.000000E+00,0.000000E+00,0.000000E+00,0.000000E+00,0.000000E+00,0.000000E+00,0.000000E+00,2.111000E+01,4.949701E+01,2.388867E+01,4.762108E+01,4.077247E+03,2.234158E+03,1.383805E-01,1.970183E-01,0.000000E+00,0.000000E+00,0.000000E+00,0.000000E+00,0.000000E+00,0.000000E+00,0.000000E+00,0.000000E+00,2.110553E+01,4.098230E+01,2.388828E+01,4.899430E+01,2.519104E+03,1.442211E+03,8.549657E-02,1.271813E-01,0.000000E+00,0.000000E+00,0.000000E+00,0.000000E+00,0.000000E+00,0.000000E+00,0.000000E+00,0.000000E+00,2.110518E+01,4.048231E+01,2.388815E+01,4.883857E+01,4.143827E+03,2.293545E+03,1.406394E-01,2.022559E-01,0.000000E+00,0.000000E+00,0.000000E+00,0.000000E+00,0.000000E+00,0.000000E+00,0.000000E+00,0.000000E+00,2.110536E+01,4.079419E+01,2.388822E+01,4.895955E+01,2.544863E+03,1.425006E+03,8.637078E-02,1.256635E-01,0.000000E+00,0.000000E+00,0.000000E+00,0.000000E+00,0.000000E+00,0.000000E+00,0.000000E+00,0.000000E+00,2.110517E+01,4.055043E+01,2.388829E+01,4.879855E+01
06:40:00,8.901313E+02,3.191796E+03,3.021546E-02,2.814576E-01,0.000000E+00,0.000000E+00,0.000000E+00,0.000000E+00,0.000000E+00,0.000000E+00,0.000000E+00,0.000000E+00,2.111000E+01,4.949701E+01,2.388867E+01,4.762110E+01,4.077266E+03,2.243570E+03,1.383811E-01,1.978484E-01,0.000000E+00,0.000000E+00,0.000000E+00,0.000000E+00,0.000000E+00,0.000000E+00,0.000000E+00,0.000000E+00,2.110553E+01,4.098233E+01,2.388828E+01,4.897475E+01,2.519115E+03,1.487568E+03,8.549695E-02,1.311815E-01,0.000000E+00,0.000000E+00,0.000000E+00,0.000000E+00,0.000000E+00,0.000000E+00,0.000000E+00,0.000000E+00,2.110518E+01,4.048234E+01,2.388812E+01,4.872152E+01,4.143846E+03,2.323742E+03,1.406400E-01,2.049190E-01,0.000000E+00,0.000000E+00,0.000000E+00,0.000000E+00,0.000000E+00,0.000000E+00,0.000000E+00,0.000000E+00,2.110536E+01,4.079422E+01,2.388821E+01,4.890454E+01,2.544874E+03,1.428412E+03,8.637116E-02,1.259640E-01,0.000000E+00,0.000000E+00,0.000000E+00,0.000000E+00,0.000000E+00,0.000000E+00,0.000000E+00,0.000000E+00,2.110517E+01,4.055046E+01,2.388828E+01,4.878467E+01
06:50:00,8.901564E+02,3.193412E+03,3.021631E-02,2.816001E-01,0.000000E+00,0.000000E+00,0.000000E+00,0.000000E+00,0.000000E+00,0.000000E+00,0.000000E+00,0.000000E+00,2.111000E+01,4.949701E+01,2.388867E+01,4.762030E+01,4.077285E+03,2.255829E+03,1.383818E-01,1.989295E-01,0.000000E+00,0.000000E+00,0.000000E+00,0.000000E+00,0.000000E+00,0.000000E+00,0.000000E+00,0.000000E+00,2.110553E+01,4.098236E+01,2.388828E+01,4.895331E+01,2.519126E+03,1.544627E+03,8.549733E-02,1.362136E-01,0.000000E+00,0.000000E+00,0.000000E+00,0.000000E+00,0.000000E+00,0.000000E+00,0.000000E+00,0.000000E+00,2.110518E+01,4.048237E+01,2.388810E+01,4.858479E+01,4.143865E+03,2.359412E+03,1.406407E-01,2.080648E-01,0.000000E+00,0.000000E+00,0.000000E+00,0.000000E+00,0.000000E+00,0.000000E+00,0.000000E+00,0.000000E+00,2.110536E+01,4.079425E+01,2.388821E+01,4.884497E+01,2.544885E+03,1.433291E+03,8.637155E-02,1.263942E-01,0.000000E+00,0.000000E+00,0.000000E+00,0.000000E+00,0.000000E+00,0.000000E+00,0.000000E+00,0.000000E+00,2.110517E+01,4.055049E+01,2.388828E+01,4.877035E+01
07:00:00,8.901815E+02,3.195947E+03,3.021716E-02,2.818237E-01,0.000000E+00,0.000000E+00,0.000000E+00,0.000000E+00,0.000000E+00,0.000000E+00,0.000000E+00,0.000000E+00,2.111000E+01,4.949701E+01,2.388867E+01,4.761867E+01,4.077303E+03,2.271187E+03,1.383824E-01,2.002839E-01,0.000000E+00,0.000000E+00,0.000000E+00,0.000000E+00,0.000000E+00,0.000000E+00,0.000000E+00,0.000000E+00,2.110553E+01,4.098239E+01,2.388827E+01,4.893015E+01,2.519138E+03,1.614047E+03,8.549771E-02,1.423359E-01,0.000000E+00,0.000000E+00,0.000000E+00,0.000000E+00,0.000000E+00,0.000000E+00,0.000000E+00,0.000000E+00,2.110518E+01,4.048240E+01,2.388808E+01,4.843783E+01,4.143884E+03,2.399719E+03,1.406413E-01,2.116195E-01,0.000000E+00,0.000000E+00,0.000000E+00,0.000000E+00,0.000000E+00,0.000000E+00,0.000000E+00,0.000000E+00,2.110536E+01,4.079428E+01,2.388821E+01,4.878543E+01,2.544896E+03,1.439744E+03,8.637193E-02,1.269633E-01,0.000000E+00,0.000000E+00,0.000000E+00,0.000000E+00,0.000000E+00,0.000000E+00,0.000000E+00,0.000000E+00,2.110517E+01,4.055052E+01,2.388828E+01,4.875566E+01
07:10:00,8.902065E+02,3.199325E+03,3.021801E-02,2.821216E-01,0.000000E+00,0.000000E+00,0.000000E+00,0.000000E+00,0.000000E+00,0.000000E+00,0.000000E+00,0.000000E+00,2.111000E+01,4.949701E+01,2.388867E+01,4.761625E+01,4.077322E+03,2.289469E+03,1.383831E-01,2.018962E-01,0.000000E+00,0.000000E+00,0.000000E+00,0.000000E+00,0.000000E+00,0.000000E+00,0.000000E+00,0.000000E+00,2.110553E+01,4.098242E+01,2.388827E+01,4.890416E+01,2.519149E+03,1.688223E+03,8.549809E-02,1.488776E-01,0.000000E+00,0.000000E+00,0.000000E+00,0.000000E+00,0.000000E+00,0.000000E+00,0.000000E+00,0.000000E+00,2.110518E+01,4.048243E+01,2.388806E+01,4.827952E+01,4.143903E+03,2.438826E+03,1.406420E-01,2.150683E-01,0.000000E+00,0.000000E+00,0.000000E+00,0.000000E+00,0.000000E+00,0.000000E+00,0.000000E+00,0.000000E+00,2.110536E+01,4.079431E+01,2.388821E+01,4.872519E+01,2.544908E+03,1.447715E+03,8.637231E-02,1.276663E-01,0.000000E+00,0.000000E+00,0.000000E+00,0.000000E+00,0.000000E+00,0.000000E+00,0.000000E+00,0.000000E+00,2.110517E+01,4.055055E+01,2.388828E+01,4.873944E+01
07:20:00,8.902315E+02,3.203333E+03,3.021886E-02,2.824750E-01,0.000000E+00,0.000000E+00,0.000000E+00,0.000000E+00,0.000000E+00,0.000000E+00,0.000000E+00,0.000000E+00,2.111000E+01,4.949701E+01,2.388867E+01,4.761316E+01,4.077341E+03,2.310184E+03,1.383837E-01,2.037230E-01,0.000000E+00,0.000000E+00,0.000000E+00,0.000000E+00,0.000000E+00,0.000000E+00,0.000000E+00,0.000000E+00,2.110553E+01,4.098245E+01,2.388826E+01,4.887510E+01,2.519160E+03,1.763354E+03,8.549847E-02,1.555034E-01,0.000000E+00,0.000000E+00,0.000000E+00,0.000000E+00,0.000000E+00,0.000000E+00,0.000000E+00,0.000000E+00,2.110518E+01,4.048246E+01,2.388807E+01,4.811876E+01,4.143922E+03,2.473492E+03,1.406426E-01,2.181255E-01,0.000000E+00,0.000000E+00,0.000000E+00,0.000000E+00,0.000000E+00,0.000000E+00,0.000000E+00,0.000000E+00,2.110536E+01,4.079434E+01,2.388821E+01,4.866783E+01,2.544919E+03,1.456922E+03,8.637269E-02,1.284783E-01,0.000000E+00,0.000000E+00,0.000000E+00,0.000000E+00,0.000000E+00,0.000000E+00,0.000000E+00,0.000000E+00,2.110517E+01,4.055058E+01,2.388827E+01,4.872135E+01
07:30:00,8.902565E+02,3.207692E+03,3.021971E-02,2.828595E-01,0.000000E+00,0.000000E+00,0.000000E+00,0.000000E+00,0.000000E+00,0.000000E+00,0.000000E+00,0.000000E+00,2.111000E+01,4.949701E+01,2.388867E+01,4.760956E+01,4.077360E+03,2.333225E+03,1.383843E-01,2.057550E-01,0.000000E+00,0.000000E+00,0.000000E+00,0.000000E+00,0.000000E+00,0.000000E+00,0.000000E+00,0.000000E+00,2.110553E+01,4.098248E+01,2.388825E+01,4.884327E+01,2.519171E+03,1.840281E+03,8.549885E-02,1.622875E-01,0.000000E+00,0.000000E+00,0.000000E+00,0.000000E+00,0.000000E+00,0.000000E+00,0.000000E+00,0.000000E+00,2.110518E+01,4.048249E+01,2.388808E+01,4.796394E+01,4.143941E+03,2.504012E+03,1.406433E-01,2.208169E-01,0.000000E+00,0.000000E+00,0.000000E+00,0.000000E+00,0.000000E+00,0.000000E+00,0.000000E+00,0.000000E+00,2.110536E+01,4.079437E+01,2.388822E+01,4.861731E+01,2.544930E+03,1.467313E+03,8.637307E-02,1.293946E-01,0.000000E+00,0.000000E+00,0.000000E+00,0.000000E+00,0.000000E+00,0.000000E+00,0.000000E+00,0.000000E+00,2.110517E+01,4.055061E+01,2.388827E+01,4.870149E+01
07:40:00,8.902815E+02,3.212141E+03,3.022055E-02,2.832518E-01,0.000000E+00,0.000000E+00,0.000000E+00,0.000000E+00,0.000000E+00,0.000000E+00,0.000000E+00,0.000000E+00,2.111000E+01,4.949701E+01,2.388867E+01,4.760567E+01,4.077379E+03,2.358427E+03,1.383850E-01,2.079776E-01,0.000000E+00,0.000000E+00,0.000000E+00,0.000000E+00,0.000000E+00,0.000000E+00,0.000000E+00,0.000000E+00,2.110553E+01,4.098251E+01,2.388825E+01,4.880908E+01,2.519182E+03,1.917779E+03,8.549923E-02,1.691218E-01,0.000000E+00,0.000000E+00,0.000000E+00,0.000000E+00,0.000000E+00,0.000000E+00,0.000000E+00,0.000000E+00,2.110518E+01,4.048252E+01,2.388810E+01,4.781992E+01,4.143959E+03,2.530156E+03,1.406439E-01,2.231224E-01,0.000000E+00,0.000000E+00,0.000000E+00,0.000000E+00,0.000000E+00,0.000000E+00,0.000000E+00,0.000000E+00,2.110536E+01,4.079440E+01,2.388823E+01,4.857585E+01,2.544941E+03,1.478828E+03,8.637344E-02,1.304101E-01,0.000000E+00,0.000000E+00,0.000000E+00,0.000000E+00,0.000000E+00,0.000000E+00,0.000000E+00,0.000000E+00,2.110517E+01,4.055064E+01,2.388826E+01,4.868007E+01
07:50:00,8.903064E+02,3.216433E+03,3.022140E-02,2.836303E-01,0.000000E+00,0.000000E+00,0.000000E+00,0.000000E+00,0.000000E+00,0.000000E+00,0.000000E+00,0.000000E+00,2.111000E+01,4.949701E+01,2.388867E+01,4.760169E+01,4.077398E+03,2.385633E+03,1.383856E-01,2.103767E-01,0.000000E+00,0.000000E+00,0.000000E+00,0.000000E+00,0.000000E+00,0.000000E+00,0.000000E+00,0.000000E+00,2.110553E+01,4.098254E+01,2.388824E+01,4.877295E+01,2.519193E+03,1.994902E+03,8.549961E-02,1.759229E-01,0.000000E+00,0.000000E+00,0.000000E+00,0.000000E+00,0.000000E+00,0.000000E+00,0.000000E+00,0.000000E+00,2.110518E+01,4.048255E+01,2.388812E+01,4.768860E+01,4.143978E+03,2.551935E+03,1.406445E-01,2.250428E-01,0.000000E+00,0.000000E+00,0.000000E+00,0.000000E+00,0.000000E+00,0.000000E+00,0.000000E+00,0.000000E+00,2.110536E+01,4.079443E+01,2.388825E+01,4.854380E+01,2.544952E+03,1.491431E+03,8.637382E-02,1.315215E-01,0.000000E+00,0.000000E+00,0.000000E+00,0.000000E+00,0.000000E+00,0.000000E+00,0.000000E+00,0.000000E+00,2.110517E+01,4.055067E+01,2.388825E+01,4.865722E+01
08:00:00,8.903312E+02,3.220375E+03,3.022224E-02,2.839779E-01,0.000000E+00,0.000000E+00,0.000000E+00,0.000000E+00,0.000000E+00,0.000000E+00,0.000000E+00,0.000000E+00,2.111000E+01,4.949701E+01,2.388867E+01,4.759784E+01,4.077417E+03,2.414234E+03,1.383863E-01,2.128991E-01,0.000000E+00,0.000000E+00,0.000000E+00,0.000000E+00,0.000000E+00,0.000000E+00,0.000000E+00,0.000000E+00,2.110553E+01,4.098257E+01,2.388824E+01,4.873528E+01,2.519205E+03,2.067770E+03,8.549999E-02,1.823487E-01,0.000000E+00,0.000000E+00,0.000000E+00,0.000000E+00,0.000000E+00,0.000000E+00,0.000000E+00,0.000000E+00,2.110518E+01,4.048258E+01,2.388814E+01,4.757036E+01,4.143997E+03,2.567868E+03,1.406452E-01,2.264477E-01,0.000000E+00,0.000000E+00,0.000000E+00,0.000000E+00,0.000000E+00,0.000000E+00,0.000000E+00,0.000000E+00,2.110536E+01,4.079446E+01,2.388826E+01,4.852018E+01,2.544963E+03,1.504863E+03,8.637420E-02,1.327061E-01,0.000000E+00,0.000000E+00,0.000000E+00,0.000000E+00,0.000000E+00,0.000000E+00,0.000000E+00,0.000000E+00,2.110517E+01,4.055070E+01,2.388825E+01,4.863309E+01
08:10:00,8.903561E+02,3.223867E+03,3.022309E-02,2.842858E-01,0.000000E+00,0.000000E+00,0.000000E+00,0.000000E+00,0.000000E+00,0.000000E+00,0.000000E+00,0.000000E+00,2.111000E+01,4.949701E+01,2.388867E+01,4.759428E+01,4.077435E+03,2.443865E+03,1.383869E-01,2.155121E-01,0.000000E+00,0.000000E+00,0.000000E+00,0.000000E+00,0.000000E+00,0.000000E+00,0.000000E+00,0.000000E+00,2.110553E+01,4.098260E+01,2.388823E+01,4.869640E+01,2.519216E+03,2.138279E+03,8.550036E-02,1.885664E-01,0.000000E+00,0.000000E+00,0.000000E+00,0.000000E+00,0.000000E+00,0.000000E+00,0.000000E+00,0.000000E+00,2.110518E+01,4.048261E+01,2.388816E+01,4.746456E+01,4.144016E+03,2.582119E+03,1.406458E-01,2.277042E-01,0.000000E+00,0.000000E+00,0.000000E+00,0.000000E+00,0.000000E+00,0.000000E+00,0.000000E+00,0.000000E+00,2.110536E+01,4.079449E+01,2.388826E+01,4.850319E+01,2.544974E+03,1.518926E+03,8.637458E-02,1.339463E-01,0.000000E+00,0.000000E+00,0.000000E+00,0.000000E+00,0.000000E+00,0.000000E+00,0.000000E+00,0.000000E+00,2.110517E+01,4.055073E+01,2.388824E+01,4.860776E+01
08:20:00,8.903809E+02,3.226955E+03,3.022393E-02,2.845582E-01,0.000000E+00,0.000000E+00,0.000000E+00,0.000000E+00,0.000000E+00,0.000000E+00,0.000000E+00,0.000000E+00,2.111000E+01,4.949701E+01,2.388867E+01,4.759108E+01,4.077454E+03,2.474399E+03,1.383875E-01,2.182049E-01,0.000000E+00,0.000000E+00,0.000000E+00,0.000000E+00,0.000000E+00,0.000000E+00,0.000000E+00,0.000000E+00,2.110553E+01,4.098263E+01,2.388823E+01,4.865661E+01,2.519227E+03,2.206244E+03,8.550074E-02,1.945596E-01,0.000000E+00,0.000000E+00,0.000000E+00,0.000000E+00,0.000000E+00,0.000000E+00,0.000000E+00,0.000000E+00,2.110518E+01,4.048264E+01,2.388818E+01,4.736999E+01,4.144035E+03,2.596876E+03,1.406465E-01,2.290054E-01,0.000000E+00,0.000000E+00,0.000000E+00,0.000000E+00,0.000000E+00,0.000000E+00,0.000000E+00,0.000000E+00,2.110536E+01,4.079452E+01,2.388826E+01,4.848799E+01,2.544986E+03,1.533621E+03,8.637495E-02,1.352423E-01,0.000000E+00,0.000000E+00,0.000000E+00,0.000000E+00,0.000000E+00,0.000000E+00,0.000000E+00,0.000000E+00,2.110517E+01,4.055076E+01,2.388824E+01,4.858128E+01
08:30:00,8.904056E+02,3.229763E+03,3.022477E-02,2.848057E-01,0.000000E+00,0.000000E+00,0.000000E+00,0.000000E+00,0.000000E+00,0.000000E+00,0.000000E+00,0.000000E+00,2.111000E+01,4.949701E+01,2.388867E+01,4.758815E+01,4.077473E+03,2.505707E+03,1.383882E-01,2.209659E-01,0.000000E+00,0.000000E+00,0.000000E+00,0.000000E+00,0.000000E+00,0.000000E+00,0.000000E+00,0.000000E+00,2.110553E+01,4.098266E+01,2.388823E+01,4.861617E+01,2.519238E+03,2.271453E+03,8.550112E-02,2.003097E-01,0.000000E+00,0.000000E+00,0.000000E+00,0.000000E+00,0.000000E+00,0.000000E+00,0.000000E+00,0.000000E+00,2.110518E+01,4.048267E+01,2.388819E+01,4.728546E+01,4.144053E+03,2.613846E+03,1.406471E-01,2.305018E-01,0.000000E+00,0.000000E+00,0.000000E+00,0.000000E+00,0.000000E+00,0.000000E+00,0.000000E+00,0.000000E+00,2.110536E+01,4.079455E+01,2.388825E+01,4.847079E+01,2.544997E+03,1.548939E+03,8.637533E-02,1.365931E-01,0.000000E+00,0.000000E+00,0.000000E+00,0.000000E+00,0.000000E+00,0.000000E+00,0.000000E+00,0.000000E+00,2.110517E+01,4.055078E+01,2.388823E+01,4.855372E+01
08:40:00,8.904304E+02,3.232444E+03,3.022561E-02,2.850421E-01,0.000000E+00,0.000000E+00,0.000000E+00,0.000000E+00,0.000000E+00,0.000000E+00,0.000000E+00,0.000000E+00,2.111000E+01,4.949701E+01,2.388867E+01,4.758534E+01,4.077492E+03,2.538531E+03,1.383888E-01,2.238606E-01,0.000000E+00,0.000000E+00,0.000000E+00,0.000000E+00,0.000000E+00,0.000000E+00,0.000000E+00,0.000000E+00,2.110553E+01,4.098269E+01,2.388822E+01,4.857540E+01,2.519249E+03,2.335427E+03,8.550149E-02,2.059510E-01,0.000000E+00,0.000000E+00,0.000000E+00,0.000000E+00,0.000000E+00,0.000000E+00,0.000000E+00,0.000000E+00,2.110518E+01,4.048270E+01,2.388821E+01,4.721016E+01,4.144072E+03,2.634805E+03,1.406477E-01,2.323501E-01,0.000000E+00,0.000000E+00,0.000000E+00,0.000000E+00,0.000000E+00,0.000000E+00,0.000000E+00,0.000000E+00,2.110536E+01,4.079458E+01,2.388824E+01,4.844976E+01,2.545008E+03,1.565294E+03,8.637571E-02,1.380355E-01,0.000000E+00,0.000000E+00,0.000000E+00,0.000000E+00,0.000000E+00,0.000000E+00,0.000000E+00,0.000000E+00,2.110517E+01,4.055081E+01,2.388823E+01,4.852516E+01
08:50:00,8.904551E+02,3.235184E+03,3.022645E-02,2.852837E-01,0.000000E+00,0.000000E+00,0.000000E+00,0.000000E+00,0.000000E+00,0.000000E+00,0.000000E+00,0.000000E+00,2.111000E+01,4.949701E+01,2.388867E+01,4.758252E+01,4.077510E+03,2.571977E+03,1.383894E-01,2.268101E-01,0.000000E+00,0.000000E+00,0.000000E+00,0.000000E+00,0.000000E+00,0.000000E+00,0.000000E+00,0.000000E+00,2.110553E+01,4.098272E+01,2.388822E+01,4.853325E+01,2.519260E+03,2.396565E+03,8.550187E-02,2.113422E-01,0.000000E+00,0.000000E+00,0.000000E+00,0.000000E+00,0.000000E+00,0.000000E+00,0.000000E+00,0.000000E+00,2.110518E+01,4.048273E+01,2.388822E+01,4.714078E+01,4.144091E+03,2.659561E+03,1.406484E-01,2.345333E-01,0.000000E+00,0.000000E+00,0.000000E+00,0.000000E+00,0.000000E+00,0.000000E+00,0.000000E+00,0.000000E+00,2.110536E+01,4.079461E+01,2.388823E+01,4.842377E+01,2.545019E+03,1.582292E+03,8.637608E-02,1.395345E-01,0.000000E+00,0.000000E+00,0.000000E+00,0.000000E+00,0.000000E+00,0.000000E+00,0.000000E+00,0.000000E+00,2.110517E+01,4.055084E+01,2.388822E+01,4.849463E+01
09:00:00,8.904797E+02,3.238133E+03,3.022728E-02,2.855438E-01,0.000000E+00,0.000000E+00,0.000000E+00,0.000000E+00,0.000000E+00,0.000000E+00,0.000000E+00,0.000000E+00,2.111000E+01,4.949701E+01,2.388867E+01,4.757957E+01,4.077529E+03,2.605841E+03,1.383901E-01,2.297965E-01,0.000000E+00,0.000000E+00,0.000000E+00,0.000000E+00,0.000000E+00,0.000000E+00,0.000000E+00,0.000000E+00,2.110553E+01,4.098275E+01,2.388822E+01,4.849072E+01,2.519271E+03,2.454413E+03,8.550224E-02,2.164433E-01,0.000000E+00,0.000000E+00,0.000000E+00,0.000000E+00,0.000000E+00,0.000000E+00,0.000000E+00,0.000000E+00,2.110518E+01,4.048276E+01,2.388823E+01,4.707848E+01,4.144109E+03,2.688094E+03,1.406490E-01,2.370495E-01,0.000000E+00,0.000000E+00,0.000000E+00,0.000000E+00,0.000000E+00,0.000000E+00,0.000000E+00,0.000000E+00,2.110536E+01,4.079464E+01,2.388822E+01,4.839437E+01,2.545030E+03,1.599857E+03,8.637645E-02,1.410835E-01,0.000000E+00,0.000000E+00,0.000000E+00,0.000000E+00,0.000000E+00,0.000000E+00,0.000000E+00,0.000000E+00,2.110517E+01,4.055087E+01,2.388822E+01,4.846283E+01
09:10:00,8.905044E+02,3.241360E+03,3.022812E-02,2.858283E-01,0.000000E+00,0.000000E+00,0.000000E+00,0.000000E+00,0.000000E+00,0.000000E+00,0.000000E+00,0.000000E+00,2.111000E+01,4.949701E+01,2.388867E+01,4.757644E+01,4.077548E+03,2.639668E+03,1.383907E-01,2.327796E-01,0.000000E+00,0.000000E+00,0.000000E+00,0.000000E+00,0.000000E+00,0.000000E+00,0.000000E+00,0.000000E+00,2.110553E+01,4.098278E+01,2.388821E+01,4.844884E+01,2.519282E+03,2.508289E+03,8.550262E-02,2.211941E-01,0.000000E+00,0.000000E+00,0.000000E+00,0.000000E+00,0.000000E+00,0.000000E+00,0.000000E+00,0.000000E+00,2.110518E+01,4.048279E+01,2.388824E+01,4.702446E+01,4.144128E+03,2.718103E+03,1.406496E-01,2.396961E-01,0.000000E+00,0.000000E+00,0.000000E+00,0.000000E+00,0.000000E+00,0.000000E+00,0.000000E+00,0.000000E+00,2.110536E+01,4.079467E+01,2.388822E+01,4.836345E+01,2.545041E+03,1.617732E+03,8.637683E-02,1.426599E-01,0.000000E+00,0.000000E+00,0.000000E+00,0.000000E+00,0.000000E+00,0.000000E+00,0.000000E+00,0.000000E+00,2.110517E+01,4.055090E+01,2.388821E+01,4.843060E+01
09:20:00,8.905290E+02,3.244835E+03,3.022896E-02,2.861348E-01,0.000000E+00,0.000000E+00,0.000000E+00,0.000000E+00,0.000000E+00,0.000000E+00,0.000000E+00,0.000000E+00,2.111000E+01,4.949701E+01,2.388867E+01,4.757314E+01,4.077566E+03,2.673338E+03,1.383913E-01,2.357489E-01,0.000000E+00,0.000000E+00,0.000000E+00,0.000000E+00,0.000000E+00,0.000000E+00,0.000000E+00,0.000000E+00,2.110553E+01,4.098281E+01,2.388821E+01,4.840824E+01,2.519293E+03,2.557861E+03,8.550299E-02,2.255653E-01,0.000000E+00,0.000000E+00,0.000000E+00,0.000000E+00,0.000000E+00,0.000000E+00,0.000000E+00,0.000000E+00,2.110518E+01,4.048282E+01,2.388826E+01,4.697866E+01,4.144147E+03,2.748740E+03,1.406503E-01,2.423979E-01,0.000000E+00,0.000000E+00,0.000000E+00,0.000000E+00,0.000000E+00,0.000000E+00,0.000000E+00,0.000000E+00,2.110536E+01,4.079470E+01,2.388821E+01,4.833227E+01,2.545052E+03,1.635851E+03,8.637720E-02,1.442578E-01,0.000000E+00,0.000000E+00,0.000000E+00,0.000000E+00,0.000000E+00,0.000000E+00,0.000000E+00,0.000000E+00,2.110517E+01,4.055093E+01,2.388821E+01,4.839846E+01
09:30:00,8.905535E+02,3.248496E+03,3.022979E-02,2.864576E-01,0.000000E+00,0.000000E+00,0.000000E+00,0.000000E+00,0.000000E+00,0.000000E+00,0.000000E+00,0.000000E+00,2.111000E+01,4.949701E+01,2.388867E+01,4.756970E+01,4.077585E+03,2.706763E+03,1.383920E-01,2.386965E-01,0.000000E+00,0.000000E+00,0.000000E+00,0.000000E+00,0.000000E+00,0.000000E+00,0.000000E+00,0.000000E+00,2.110553E+01,4.098284E+01,2.388821E+01,4.836907E+01,2.519304E+03,2.602931E+03,8.550336E-02,2.295396E-01,0.000000E+00,0.000000E+00,0.000000E+00,0.000000E+00,0.000000E+00,0.000000E+00,0.000000E+00,0.000000E+00,2.110518E+01,4.048285E+01,2.388827E+01,4.694028E+01,4.144165E+03,2.779333E+03,1.406509E-01,2.450960E-01,0.000000E+00,0.000000E+00,0.000000E+00,0.000000E+00,0.000000E+00,0.000000E+00,0.000000E+00,0.000000E+00,2.110536E+01,4.079473E+01,2.388821E+01,4.830142E+01,2.545063E+03,1.654145E+03,8.637758E-02,1.458712E-01,0.000000E+00,0.000000E+00,0.000000E+00,0.000000E+00,0.000000E+00,0.000000E+00,0.000000E+00,0.000000E+00,2.110517E+01,4.055096E+01,2.388821E+01,4.836658E+01
09:40:00,8.905780E+02,3.252270E+03,3.023062E-02,2.867904E-01,0.000000E+00,0.000000E+00,0.000000E+00,0.000000E+00,0.000000E+00,0.000000E+00,0.000000E+00,0.000000E+00,2.111000E+01,4.949701E+01,2.388867E+01,4.756615E+01,4.077603E+03,2.738997E+03,1.383926E-01,2.415391E-01,0.000000E+00,0.000000E+00,0.000000E+00,0.000000E+00,0.000000E+00,0.000000E+00,0.000000E+00,0.000000E+00,2.110553E+01,4.098287E+01,2.388821E+01,4.833127E+01,2.519315E+03,2.640196E+03,8.550374E-02,2.328256E-01,0.000000E+00,0.000000E+00,0.000000E+00,0.000000E+00,0.000000E+00,0.000000E+00,0.000000E+00,0.000000E+00,2.110518E+01,4.048288E+01,2.388828E+01,4.690842E+01,4.144184E+03,2.808837E+03,1.406515E-01,2.476978E-01,0.000000E+00,0.000000E+00,0.000000E+00,0.000000E+00,0.000000E+00,0.000000E+00,0.000000E+00,0.000000E+00,2.110536E+01,4.079476E+01,2.388821E+01,4.827112E+01,2.545074E+03,1.672109E+03,8.637795E-02,1.474553E-01,0.000000E+00,0.000000E+00,0.000000E+00,0.000000E+00,0.000000E+00,0.000000E+00,0.000000E+00,0.000000E+00,2.110517E+01,4.055099E+01,2.388821E+01,4.833503E+01
09:50:00,8.906025E+02,3.256081E+03,3.023145E-02,2.871264E-01,0.000000E+00,0.000000E+00,0.000000E+00,0.000000E+00,0.000000E+00,0.000000E+00,0.000000E+00,0.000000E+00,2.111000E+01,4.949701E+01,2.388867E+01,4.756255E+01,4.077622E+03,2.770811E+03,1.383932E-01,2.443446E-01,0.000000E+00,0.000000E+00,0.000000E+00,0.000000E+00,0.000000E+00,0.000000E+00,0.000000E+00,0.000000E+00,2.110553E+01,4.098290E+01,2.388821E+01,4.829476E+01,2.519326E+03,2.669914E+03,8.550411E-02,2.354460E-01,0.000000E+00,0.000000E+00,0.000000E+00,0.000000E+00,0.000000E+00,0.000000E+00,0.000000E+00,0.000000E+00,2.110518E+01,4.048291E+01,2.388829E+01,4.688432E+01,4.144202E+03,2.837837E+03,1.406521E-01,2.502553E-01,0.000000E+00,0.000000E+00,0.000000E+00,0.000000E+00,0.000000E+00,0.000000E+00,0.000000E+00,0.000000E+00,2.110536E+01,4.079479E+01,2.388821E+01,4.824147E+01,2.545085E+03,1.690049E+03,8.637832E-02,1.490374E-01,0.000000E+00,0.000000E+00,0.000000E+00,0.000000E+00,0.000000E+00,0.000000E+00,0.000000E+00,0.000000E+00,2.110517E+01,4.055102E+01,2.388820E+01,4.830386E+01
10:00:00,8.906270E+02,3.259865E+03,3.023228E-02,2.874602E-01,0.000000E+00,0.000000E+00,0.000000E+00,0.000000E+00,0.000000E+00,0.000000E+00,0.000000E+00,0.000000E+00,2.111000E+01,4.949701E+01,2.388867E+01,4.755892E+01,4.077640E+03,2.802208E+03,1.383939E-01,2.471134E-01,0.000000E+00,0.000000E+00,0.000000E+00,0.000000E+00,0.000000E+00,0.000000E+00,0.000000E+00,0.000000E+00,2.110553E+01,4.098293E+01,2.388821E+01,4.825940E+01,2.519337E+03,2.691853E+03,8.550448E-02,2.373804E-01,0.000000E+00,0.000000E+00,0.000000E+00,0.000000E+00,0.000000E+00,0.000000E+00,0.000000E+00,0.000000E+00,2.110518E+01,4.048294E+01,2.388830E+01,4.686938E+01,4.144221E+03,2.866403E+03,1.406528E-01,2.527744E-01,0.000000E+00,0.000000E+00,0.000000E+00,0.000000E+00,0.000000E+00,0.000000E+00,0.000000E+00,0.000000E+00,2.110536E+01,4.079482E+01,2.388821E+01,4.821253E+01,2.545096E+03,1.707946E+03,8.637869E-02,1.506157E-01,0.000000E+00,0.000000E+00,0.000000E+00,0.000000E+00,0.000000E+00,0.000000E+00,0.000000E+00,0.000000E+00,2.110517E+01,4.055104E+01,2.388820E+01,4.827313E+01
10:10:00,8.906514E+02,3.263580E+03,3.023311E-02,2.877877E-01,0.000000E+00,0.000000E+00,0.000000E+00,0.000000E+00,0.000000E+00,0.000000E+00,0.000000E+00,0.000000E+00,2.111000E+01,4.949701E+01,2.388867E+01,4.755532E+01,4.077659E+03,2.833157E+03,1.383945E-01,2.498426E-01,0.000000E+00,0.000000E+00,0.000000E+00,0.000000E+00,0.000000E+00,0.000000E+00,0.000000E+00,0.000000E+00,2.110553E+01,4.098296E+01,2.388821E+01,4.822517E+01,2.519348E+03,2.705788E+03,8.550485E-02,2.386091E-01,0.000000E+00,0.000000E+00,0.000000E+00,0.000000E+00,0.000000E+00,0.000000E+00,0.000000E+00,0.000000E+00,2.110518E+01,4.048297E+01,2.388831E+01,4.686330E+01,4.144239E+03,2.894492E+03,1.406534E-01,2.552516E-01,0.000000E+00,0.000000E+00,0.000000E+00,0.000000E+00,0.000000E+00,0.000000E+00,0.000000E+00,0.000000E+00,2.110536E+01,4.079485E+01,2.388821E+01,4.818437E+01,2.545107E+03,1.725740E+03,8.637906E-02,1.521849E-01,0.000000E+00,0.000000E+00,0.000000E+00,0.000000E+00,0.000000E+00,0.000000E+00,0.000000E+00,0.000000E+00,2.110517E+01,4.055107E+01,2.388820E+01,4.824292E+01
10:20:00,8.906758E+02,3.267189E+03,3.023394E-02,2.881060E-01,0.000000E+00,0.000000E+00,0.000000E+00,0.000000E+00,0.000000E+00,0.000000E+00,0.000000E+00,0.000000E+00,2.111000E+01,4.949701E+01,2.388867E+01,4.755178E+01,4.077677E+03,2.863646E+03,1.383951E-01,2.525313E-01,0.000000E+00,0.000000E+00,0.000000E+00,0.000000E+00,0.000000E+00,0.000000E+00,0.000000E+00,0.000000E+00,2.110553E+01,4.098299E+01,2.388821E+01,4.819217E+01,2.519359E+03,2.711526E+03,8.550522E-02,2.391148E-01,0.000000E+00,0.000000E+00,0.000000E+00,0.000000E+00,0.000000E+00,0.000000E+00,0.000000E+00,0.000000E+00,2.110518E+01,4.048299E+01,2.388832E+01,4.686484E+01,4.144258E+03,2.922079E+03,1.406540E-01,2.576843E-01,0.000000E+00,0.000000E+00,0.000000E+00,0.000000E+00,0.000000E+00,0.000000E+00,0.000000E+00,0.000000E+00,2.110536E+01,4.079488E+01,2.388820E+01,4.815711E+01,2.545118E+03,1.743383E+03,8.637943E-02,1.537408E-01,0.000000E+00,0.000000E+00,0.000000E+00,0.000000E+00,0.000000E+00,0.000000E+00,0.000000E+00,0.000000E+00,2.110517E+01,4.055110E+01,2.388820E+01,4.821338E+01
10:30:00,8.907002E+02,3.270662E+03,3.023477E-02,2.884122E-01,0.000000E+00,0.000000E+00,0.000000E+00,0.000000E+00,0.000000E+00,0.000000E+00,0.000000E+00,0.000000E+00,2.111000E+01,4.949701E+01,2.388867E+01,4.754833E+01,4.077696E+03,2.893650E+03,1.383957E-01,2.551772E-01,0.000000E+00,0.000000E+00,0.000000E+00,0.000000E+00,0.000000E+00,0.000000E+00,0.000000E+00,0.000000E+00,2.110553E+01,4.098302E+01,2.388821E+01,4.816042E+01,2.519370E+03,2.708901E+03,8.550559E-02,2.388831E-01,0.000000E+00,0.000000E+00,0.000000E+00,0.000000E+00,0.000000E+00,0.000000E+00,0.000000E+00,0.000000E+00,2.110518E+01,4.048302E+01,2.388833E+01,4.687287E+01,4.144276E+03,2.949133E+03,1.406546E-01,2.600701E-01,0.000000E+00,0.000000E+00,0.000000E+00,0.000000E+00,0.000000E+00,0.000000E+00,0.000000E+00,0.000000E+00,2.110536E+01,4.079490E+01,2.388820E+01,4.813083E+01,2.545128E+03,1.760829E+03,8.637980E-02,1.552792E-01,0.000000E+00,0.000000E+00,0.000000E+00,0.000000E+00,0.000000E+00,0.000000E+00,0.000000E+00,0.000000E+00,2.110517E+01,4.055113E+01,2.388820E+01,4.818462E+01
10:40:00,8.907245E+02,3.273977E+03,3.023559E-02,2.887046E-01,0.000000E+00,0.000000E+00,0.000000E+00,0.000000E+00,0.000000E+00,0.000000E+00,0.000000E+00,0.000000E+00,2.111000E+01,4.949701E+01,2.388867E+01,4.754500E+01,4.077714E+03,2.923130E+03,1.383964E-01,2.577769E-01,0.000000E+00,0.000000E+00,0.000000E+00,0.000000E+00,0.000000E+00,0.000000E+00,0.000000E+00,0.000000E+00,2.110553E+01,4.098304E+01,2.388821E+01,4.812989E+01,2.519381E+03,2.699203E+03,8.550596E-02,2.380276E-01,0.000000E+00,0.000000E+00,0.000000E+00,0.000000E+00,0.000000E+00,0.000000E+00,0.000000E+00,0.000000E+00,2.110518E+01,4.048305E+01,2.388834E+01,4.688672E+01,4.144295E+03,2.975630E+03,1.406553E-01,2.624068E-01,0.000000E+00,0.000000E+00,0.000000E+00,0.000000E+00,0.000000E+00,0.000000E+00,0.000000E+00,0.000000E+00,2.110536E+01,4.079493E+01,2.388820E+01,4.810554E+01,2.545139E+03,1.778034E+03,8.638017E-02,1.567965E-01,0.000000E+00,0.000000E+00,0.000000E+00,0.000000E+00,0.000000E+00,0.000000E+00,0.000000E+00,0.000000E+00,2.110517E+01,4.055116E+01,2.388820E+01,4.815670E+01
10:50:00,8.907488E+02,3.277121E+03,3.023642E-02,2.889817E-01,0.000000E+00,0.000000E+00,0.000000E+00,0.000000E+00,0.000000E+00,0.000000E+00,0.000000E+00,0.000000E+00,2.111000E+01,4.949701E+01,2.388867E+01,4.754180E+01,4.077732E+03,2.951998E+03,1.383970E-01,2.603227E-01,0.000000E+00,0.000000E+00,0.000000E+00,0.000000E+00,0.000000E+00,0.000000E+00,0.000000E+00,0.000000E+00,2.110553E+01,4.098307E+01,2.388821E+01,4.810052E+01,2.519392E+03,2.683471E+03,8.550633E-02,2.366401E-01,0.000000E+00,0.000000E+00,0.000000E+00,0.000000E+00,0.000000E+00,0.000000E+00,0.000000E+00,0.000000E+00,2.110518E+01,4.048308E+01,2.388834E+01,4.690609E+01,4.144313E+03,3.001551E+03,1.406559E-01,2.646927E-01,0.000000E+00,0.000000E+00,0.000000E+00,0.000000E+00,0.000000E+00,0.000000E+00,0.000000E+00,0.000000E+00,2.110536E+01,4.079496E+01,2.388820E+01,4.808119E+01,2.545150E+03,1.794960E+03,8.638054E-02,1.582892E-01,0.000000E+00,0.000000E+00,0.000000E+00,0.000000E+00,0.000000E+00,0.000000E+00,0.000000E+00,0.000000E+00,2.110517E+01,4.055119E+01,2.388820E+01,4.812964E+01
11:00:00,8.907730E+02,3.280084E+03,3.023724E-02,2.892430E-01,0.000000E+00,0.000000E+00,0.000000E+00,0.000000E+00,0.000000E+00,0.000000E+00,0.000000E+00,0.000000E+00,2.111000E+01,4.949701E+01,2.388867E+01,4.753876E+01,4.077751E+03,2.980243E+03,1.383976E-01,2.628135E-01,0.000000E+00,0.000000E+00,0.000000E+00,0.000000E+00,0.000000E+00,0.000000E+00,0.000000E+00,0.000000E+00,2.110553E+01,4.098310E+01,2.388821E+01,4.807230E+01,2.519402E+03,2.662018E+03,8.550670E-02,2.347481E-01,0.000000E+00,0.000000E+00,0.000000E+00,0.000000E+00,0.000000E+00,0.000000E+00,0.000000E+00,0.000000E+00,2.110518E+01,4.048311E+01,2.388835E+01,4.693085E+01,4.144331E+03,3.026881E+03,1.406565E-01,2.669264E-01,0.000000E+00,0.000000E+00,0.000000E+00,0.000000E+00,0.000000E+00,0.000000E+00,0.000000E+00,0.000000E+00,2.110536E+01,4.079499E+01,2.388820E+01,4.805776E+01,2.545161E+03,1.811572E+03,8.638091E-02,1.597541E-01,0.000000E+00,0.000000E+00,0.000000E+00,0.000000E+00,0.000000E+00,0.000000E+00,0.000000E+00,0.000000E+00,2.110517E+01,4.055122E+01,2.388819E+01,4.810348E+01
11:10:00,8.907973E+02,3.282864E+03,3.023806E-02,2.894882E-01,0.000000E+00,0.000000E+00,0.000000E+00,0.000000E+00,0.000000E+00,0.000000E+00,0.000000E+00,0.000000E+00,2.111000E+01,4.949701E+01,2.388867E+01,4.753588E+01,4.077769E+03,3.007668E+03,1.383982E-01,2.652320E-01,0.000000E+00,0.000000E+00,0.000000E+00,0.000000E+00,0.000000E+00,0.000000E+00,0.000000E+00,0.000000E+00,2.110553E+01,4.098313E+01,2.388821E+01,4.804522E+01,2.519413E+03,2.634972E+03,8.550707E-02,2.323630E-01,0.000000E+00,0.000000E+00,0.000000E+00,0.000000E+00,0.000000E+00,0.000000E+00,0.000000E+00,0.000000E+00,2.110518E+01,4.048314E+01,2.388835E+01,4.696094E+01,4.144350E+03,3.051281E+03,1.406571E-01,2.690782E-01,0.000000E+00,0.000000E+00,0.000000E+00,0.000000E+00,0.000000E+00,0.000000E+00,0.000000E+00,0.000000E+00,2.110536E+01,4.079502E+01,2.388820E+01,4.803522E+01,2.545172E+03,1.827649E+03,8.638128E-02,1.611719E-01,0.000000E+00,0.000000E+00,0.000000E+00,0.000000E+00,0.000000E+00,0.000000E+00,0.000000E+00,0.000000E+00,2.110517E+01,4.055125E+01,2.388819E+01,4.807824E+01
11:20:00,8.908215E+02,3.285459E+03,3.023888E-02,2.897170E-01,0.000000E+00,0.000000E+00,0.000000E+00,0.000000E+00,0.000000E+00,0.000000E+00,0.000000E+00,0.000000E+00,2.111000E+01,4.949701E+01,2.388867E+01,4.753316E+01,4.077787E+03,3.034404E+03,1.383988E-01,2.675896E-01,0.000000E+00,0.000000E+00,0.000000E+00,0.000000E+00,0.000000E+00,0.000000E+00,0.000000E+00,0.000000E+00,2.110553E+01,4.098316E+01,2.388821E+01,4.801929E+01,2.519424E+03,2.602698E+03,8.550744E-02,2.295168E-01,0.000000E+00,0.000000E+00,0.000000E+00,0.000000E+00,0.000000E+00,0.000000E+00,0.000000E+00,0.000000E+00,2.110518E+01,4.048317E+01,2.388836E+01,4.699626E+01,4.144368E+03,3.074712E+03,1.406578E-01,2.711445E-01,0.000000E+00,0.000000E+00,0.000000E+00,0.000000E+00,0.000000E+00,0.000000E+00,0.000000E+00,0.000000E+00,2.110536E+01,4.079505E+01,2.388820E+01,4.801376E+01,2.545183E+03,1.843162E+03,8.638165E-02,1.625399E-01,0.000000E+00,0.000000E+00,0.000000E+00,0.000000E+00,0.000000E+00,0.000000E+00,0.000000E+00,0.000000E+00,2.110517E+01,4.055127E+01,2.388819E+01,4.805410E+01
11:30:00,8.908456E+02,3.287868E+03,3.023970E-02,2.899294E-01,0.000000E+00,0.000000E+00,0.000000E+00,0.000000E+00,0.000000E+00,0.000000E+00,0.000000E+00,0.000000E+00,2.111000E+01,4.949701E+01,2.388867E+01,4.753061E+01,4.077806E+03,3.060411E+03,1.383995E-01,2.698831E-01,0.000000E+00,0.000000E+00,0.000000E+00,0.000000E+00,0.000000E+00,0.000000E+00,0.000000E+00,0.000000E+00,2.110553E+01,4.098319E+01,2.388821E+01,4.799428E+01,2.519435E+03,2.565615E+03,8.550780E-02,2.262466E-01,0.000000E+00,0.000000E+00,0.000000E+00,0.000000E+00,0.000000E+00,0.000000E+00,0.000000E+00,0.000000E+00,2.110518E+01,4.048320E+01,2.388836E+01,4.703669E+01,4.144386E+03,3.097139E+03,1.406584E-01,2.731222E-01,0.000000E+00,0.000000E+00,0.000000E+00,0.000000E+00,0.000000E+00,0.000000E+00,0.000000E+00,0.000000E+00,2.110536E+01,4.079508E+01,2.388820E+01,4.799346E+01,2.545194E+03,1.858081E+03,8.638201E-02,1.638556E-01,0.000000E+00,0.000000E+00,0.000000E+00,0.000000E+00,0.000000E+00,0.000000E+00,0.000000E+00,0.000000E+00,2.110517E+01,4.055130E+01,2.388819E+01,4.803113E+01
11:40:00,8.908697E+02,3.290093E+03,3.024052E-02,2.901256E-01,0.000000E+00,0.000000E+00,0.000000E+00,0.000000E+00,0.000000E+00,0.000000E+00,0.000000E+00,0.000000E+00,2.111000E+01,4.949701E+01,2.388867E+01,4.752824E+01,4.077824E+03,3.085656E+03,1.384001E-01,2.721093E-01,0.000000E+00,0.000000E+00,0.000000E+00,0.000000E+00,0.000000E+00,0.000000E+00,0.000000E+00,0.000000E+00,2.110553E+01,4.098322E+01,2.388821E+01,4.797008E+01,2.519446E+03,2.525406E+03,8.550817E-02,2.227007E-01,0.000000E+00,0.000000E+00,0.000000E+00,0.000000E+00,0.000000E+00,0.000000E+00,0.000000E+00,0.000000E+00,2.110518E+01,4.048323E+01,2.388836E+01,4.708214E+01,4.144404E+03,3.118525E+03,1.406590E-01,2.750082E-01,0.000000E+00,0.000000E+00,0.000000E+00,0.000000E+00,0.000000E+00,0.000000E+00,0.000000E+00,0.000000E+00,2.110536E+01,4.079511E+01,2.388820E+01,4.797429E+01,2.545204E+03,1.872381E+03,8.638238E-02,1.651167E-01,0.000000E+00,0.000000E+00,0.000000E+00,0.000000E+00,0.000000E+00,0.000000E+00,0.000000E+00,0.000000E+00,2.110517E+01,4.055133E+01,2.388819E+01,4.800931E+01
11:50:00,8.908938E+02,3.292148E+03,3.024134E-02,2.903068E-01,0.000000E+00,0.000000E+00,0.000000E+00,0.000000E+00,0.000000E+00,0.000000E+00,0.000000E+00,0.000000E+00,2.111000E+01,4.949701E+01,2.388868E+01,4.752604E+01,4.077842E+03,3.110125E+03,1.384007E-01,2.742672E-01,0.000000E+00,0.000000E+00,0.000000E+00,0.000000E+00,0.000000E+00,0.000000E+00,0.000000E+00,0.000000E+00,2.110553E+01,4.098325E+01,2.388821E+01,4.794673E+01,2.519457E+03,2.487956E+03,8.550854E-02,2.193981E-01,0.000000E+00,0.000000E+00,0.000000E+00,0.000000E+00,0.000000E+00,0.000000E+00,0.000000E+00,0.000000E+00,2.110518E+01,4.048326E+01,2.388836E+01,4.713062E+01,4.144423E+03,3.138849E+03,1.406596E-01,2.768004E-01,0.000000E+00,0.000000E+00,0.000000E+00,0.000000E+00,0.000000E+00,0.000000E+00,0.000000E+00,0.000000E+00,2.110536E+01,4.079514E+01,2.388820E+01,4.795618E+01,2.545215E+03,1.886043E+03,8.638274E-02,1.663214E-01,0.000000E+00,0.000000E+00,0.000000E+00,0.000000E+00,0.000000E+00,0.000000E+00,0.000000E+00,0.000000E+00,2.110517E+01,4.055136E+01,2.388819E+01,4.798858E+01
12:00:00,8.909179E+02,3.294065E+03,3.024216E-02,2.904758E-01,0.000000E+00,0.000000E+00,0.000000E+00,0.000000E+00,0.000000E+00,0.000000E+00,0.000000E+00,0.000000E+00,2.111000E+01,4.949701E+01,2.388868E+01,4.752401E+01,4.077860E+03,3.133838E+03,1.384013E-01,2.763582E-01,0.000000E+00,0.000000E+00,0.000000E+00,0.000000E+00,0.000000E+00,0.000000E+00,0.000000E+00,0.000000E+00,2.110553E+01,4.098328E+01,2.388821E+01,4.792431E+01,2.519467E+03,2.454488E+03,8.550890E-02,2.164468E-01,0.000000E+00,0.000000E+00,0.000000E+00,0.000000E+00,0.000000E+00,0.000000E+00,0.000000E+00,0.000000E+00,2.110518E+01,4.048328E+01,2.388834E+01,4.717291E+01,4.144441E+03,3.158112E+03,1.406602E-01,2.784991E-01,0.000000E+00,0.000000E+00,0.000000E+00,0.000000E+00,0.000000E+00,0.000000E+00,0.000000E+00,0.000000E+00,2.110536E+01,4.079517E+01,2.388820E+01,4.793903E+01,2.545226E+03,1.899052E+03,8.638311E-02,1.674686E-01,0.000000E+00,0.000000E+00,0.000000E+00,0.000000E+00,0.000000E+00,0.000000E+00,0.000000E+00,0.000000E+00,2.110517E+01,4.055139E+01,2.388820E+01,4.796888E+01
12:10:00,8.909419E+02,3.295882E+03,3.024297E-02,2.906360E-01,0.000000E+00,0.000000E+00,0.000000E+00,0.000000E+00,0.000000E+00,0.000000E+00,0.000000E+00,0.000000E+00,2.111000E+01,4.949701E+01,2.388868E+01,4.752210E+01,4.077878E+03,3.156962E+03,1.384019E-01,2.783975E-01,0.000000E+00,0.000000E+00,0.000000E+00,0.000000E+00,0.000000E+00,0.000000E+00,0.000000E+00,0.000000E+00,2.110553E+01,4.098331E+01,2.388821E+01,4.790279E+01,2.519478E+03,2.426034E+03,8.550927E-02,2.139377E-01,0.000000E+00,0.000000E+00,0.000000E+00,0.000000E+00,0.000000E+00,0.000000E+00,0.000000E+00,0.000000E+00,2.110518E+01,4.048331E+01,2.388832E+01,4.720564E+01,4.144459E+03,3.176643E+03,1.406609E-01,2.801333E-01,0.000000E+00,0.000000E+00,0.000000E+00,0.000000E+00,0.000000E+00,0.000000E+00,0.000000E+00,0.000000E+00,2.110536E+01,4.079519E+01,2.388820E+01,4.792276E+01,2.545237E+03,1.911582E+03,8.638347E-02,1.685736E-01,0.000000E+00,0.000000E+00,0.000000E+00,0.000000E+00,0.000000E+00,0.000000E+00,0.000000E+00,0.000000E+00,2.110517E+01,4.055142E+01,2.388820E+01,4.795017E+01
12:20:00,8.909659E+02,3.297637E+03,3.024379E-02,2.907908E-01,0.000000E+00,0.000000E+00,0.000000E+00,0.000000E+00,0.000000E+00,0.000000E+00,0.000000E+00,0.000000E+00,2.111000E+01,4.949701E+01,2.388868E+01,4.752028E+01,4.077897E+03,3.179363E+03,1.384026E-01,2.803729E-01,0.000000E+00,0.000000E+00,0.000000E+00,0.000000E+00,0.000000E+00,0.000000E+00,0.000000E+00,0.000000E+00,2.110553E+01,4.098333E+01,2.388821E+01,4.788223E+01,2.519489E+03,2.403279E+03,8.550963E-02,2.119313E-01,0.000000E+00,0.000000E+00,0.000000E+00,0.000000E+00,0.000000E+00,0.000000E+00,0.000000E+00,0.000000E+00,2.110518E+01,4.048334E+01,2.388831E+01,4.723055E+01,4.144477E+03,3.194499E+03,1.406615E-01,2.817080E-01,0.000000E+00,0.000000E+00,0.000000E+00,0.000000E+00,0.000000E+00,0.000000E+00,0.000000E+00,0.000000E+00,2.110536E+01,4.079522E+01,2.388820E+01,4.790731E+01,2.545247E+03,1.923643E+03,8.638384E-02,1.696372E-01,0.000000E+00,0.000000E+00,0.000000E+00,0.000000E+00,0.000000E+00,0.000000E+00,0.000000E+00,0.000000E+00,2.110517E+01,4.055144E+01,2.388820E+01,4.793244E+01
12:30:00,8.909898E+02,3.299366E+03,3.024460E-02,2.909433E-01,0.000000E+00,0.000000E+00,0.000000E+00,0.000000E+00,0.000000E+00,0.000000E+00,0.000000E+00,0.000000E+00,2.111000E+01,4.949701E+01,2.388868E+01,4.751851E+01,4.077915E+03,3.201085E+03,1.384032E-01,2.822884E-01,0.000000E+00,0.000000E+00,0.000000E+00,0.000000E+00,0.000000E+00,0.000000E+00,0.000000E+00,0.000000E+00,2.110553E+01,4.098336E+01,2.388822E+01,4.786257E+01,2.519500E+03,2.386821E+03,8.551000E-02,2.104800E-01,0.000000E+00,0.000000E+00,0.000000E+00,0.000000E+00,0.000000E+00,0.000000E+00,0.000000E+00,0.000000E+00,2.110518E+01,4.048337E+01,2.388830E+01,4.725078E+01,4.144495E+03,3.211749E+03,1.406621E-01,2.832292E-01,0.000000E+00,0.000000E+00,0.000000E+00,0.000000E+00,0.000000E+00,0.000000E+00,0.000000E+00,0.000000E+00,2.110536E+01,4.079525E+01,2.388820E+01,4.789263E+01,2.545258E+03,1.935255E+03,8.638420E-02,1.706612E-01,0.000000E+00,0.000000E+00,0.000000E+00,0.000000E+00,0.000000E+00,0.000000E+00,0.000000E+00,0.000000E+00,2.110517E+01,4.055147E+01,2.388820E+01,4.791564E+01
12:40:00,8.910138E+02,3.301099E+03,3.024541E-02,2.910961E-01,0.000000E+00,0.000000E+00,0.000000E+00,0.000000E+00,0.000000E+00,0.000000E+00,0.000000E+00,0.000000E+00,2.111000E+01,4.949701E+01,2.388868E+01,4.751677E+01,4.077933E+03,3.222186E+03,1.384038E-01,2.841492E-01,0.000000E+00,0.000000E+00,0.000000E+00,0.000000E+00,0.000000E+00,0.000000E+00,0.000000E+00,0.000000E+00,2.110553E+01,4.098339E+01,2.388822E+01,4.784372E+01,2.519510E+03,2.375986E+03,8.551036E-02,2.095248E-01,0.000000E+00,0.000000E+00,0.000000E+00,0.000000E+00,0.000000E+00,0.000000E+00,0.000000E+00,0.000000E+00,2.110518E+01,4.048340E+01,2.388829E+01,4.726862E+01,4.144513E+03,3.228474E+03,1.406627E-01,2.847040E-01,0.000000E+00,0.000000E+00,0.000000E+00,0.000000E+00,0.000000E+00,0.000000E+00,0.000000E+00,0.000000E+00,2.110536E+01,4.079528E+01,2.388820E+01,4.787860E+01,2.545269E+03,1.946449E+03,8.638457E-02,1.716483E-01,0.000000E+00,0.000000E+00,0.000000E+00,0.000000E+00,0.000000E+00,0.000000E+00,0.000000E+00,0.000000E+00,2.110517E+01,4.055150E+01,2.388820E+01,4.789970E+01
12:50:00,8.910377E+02,3.302856E+03,3.024622E-02,2.912510E-01,0.000000E+00,0.000000E+00,0.000000E+00,0.000000E+00,0.000000E+00,0.000000E+00,0.000000E+00,0.000000E+00,2.111000E+01,4.949701E+01,2.388868E+01,4.751504E+01,4.077951E+03,3.242709E+03,1.384044E-01,2.859590E-01,0.000000E+00,0.000000E+00,0.000000E+00,0.000000E+00,0.000000E+00,0.000000E+00,0.000000E+00,0.000000E+00,2.110553E+01,4.098342E+01,2.388822E+01,4.782560E+01,2.519521E+03,2.365879E+03,8.551072E-02,2.086338E-01,0.000000E+00,0.000000E+00,0.000000E+00,0.000000E+00,0.000000E+00,0.000000E+00,0.000000E+00,0.000000E+00,2.110518E+01,4.048343E+01,2.388829E+01,4.728524E+01,4.144531E+03,3.244751E+03,1.406633E-01,2.861395E-01,0.000000E+00,0.000000E+00,0.000000E+00,0.000000E+00,0.000000E+00,0.000000E+00,0.000000E+00,0.000000E+00,2.110536E+01,4.079531E+01,2.388820E+01,4.786509E+01,2.545280E+03,1.957261E+03,8.638493E-02,1.726018E-01,0.000000E+00,0.000000E+00,0.000000E+00,0.000000E+00,0.000000E+00,0.000000E+00,0.000000E+00,0.000000E+00,2.110517E+01,4.055153E+01,2.388820E+01,4.788449E+01
13:00:00,8.910615E+02,3.304636E+03,3.024703E-02,2.914080E-01,0.000000E+00,0.000000E+00,0.000000E+00,0.000000E+00,0.000000E+00,0.000000E+00,0.000000E+00,0.000000E+00,2.111000E+01,4.949701E+01,2.388868E+01,4.751331E+01,4.077969E+03,3.262674E+03,1.384050E-01,2.877196E-01,0.000000E+00,0.000000E+00,0.000000E+00,0.000000E+00,0.000000E+00,0.000000E+00,0.000000E+00,0.000000E+00,2.110553E+01,4.098345E+01,2.388822E+01,4.780813E+01,2.519532E+03,2.356228E+03,8.551109E-02,2.077829E-01,0.000000E+00,0.000000E+00,0.000000E+00,0.000000E+00,0.000000E+00,0.000000E+00,0.000000E+00,0.000000E+00,2.110518E+01,4.048346E+01,2.388828E+01,4.730097E+01,4.144550E+03,3.260646E+03,1.406639E-01,2.875411E-01,0.000000E+00,0.000000E+00,0.000000E+00,0.000000E+00,0.000000E+00,0.000000E+00,0.000000E+00,0.000000E+00,2.110536E+01,4.079534E+01,2.388820E+01,4.785199E+01,2.545290E+03,1.967727E+03,8.638529E-02,1.735247E-01,0.000000E+00,0.000000E+00,0.000000E+00,0.000000E+00,0.000000E+00,0.000000E+00,0.000000E+00,0.000000E+00,2.110517E+01,4.055156E+01,2.388820E+01,4.786990E+01
13:10:00,8.910853E+02,3.306431E+03,3.024784E-02,2.915663E-01,0.000000E+00,0.000000E+00,0.000000E+00,0.000000E+00,0.000000E+00,0.000000E+00,0.000000E+00,0.000000E+00,2.111000E+01,4.949701E+01,2.388868E+01,4.751159E+01,4.077987E+03,3.281957E+03,1.384056E-01,2.894201E-01,0.000000E+00,0.000000E+00,0.000000E+00,0.000000E+00,0.000000E+00,0.000000E+00,0.000000E+00,0.000000E+00,2.110553E+01,4.098348E+01,2.388822E+01,4.779127E+01,2.519542E+03,2.346996E+03,8.551145E-02,2.069689E-01,0.000000E+00,0.000000E+00,0.000000E+00,0.000000E+00,0.000000E+00,0.000000E+00,0.000000E+00,0.000000E+00,2.110518E+01,4.048348E+01,2.388828E+01,4.731583E+01,4.144568E+03,3.276087E+03,1.406645E-01,2.889028E-01,0.000000E+00,0.000000E+00,0.000000E+00,0.000000E+00,0.000000E+00,0.000000E+00,0.000000E+00,0.000000E+00,2.110536E+01,4.079537E+01,2.388820E+01,4.783920E+01,2.545301E+03,1.977814E+03,8.638565E-02,1.744142E-01,0.000000E+00,0.000000E+00,0.000000E+00,0.000000E+00,0.000000E+00,0.000000E+00,0.000000E+00,0.000000E+00,2.110517E+01,4.055158E+01,2.388820E+01,4.785584E+01
13:20:00,8.911091E+02,3.308233E+03,3.024865E-02,2.917252E-01,0.000000E+00,0.000000E+00,0.000000E+00,0.000000E+00,0.000000E+00,0.000000E+00,0.000000E+00,0.000000E+00,2.111000E+01,4.949701E+01,2.388868E+01,4.750987E+01,4.078005E+03,3.300521E+03,1.384062E-01,2.910571E-01,0.000000E+00,0.000000E+00,0.000000E+00,0.000000E+00,0.000000E+00,0.000000E+00,0.000000E+00,0.000000E+00,2.110553E+01,4.098351E+01,2.388822E+01,4.777512E+01,2.519553E+03,2.338278E+03,8.551181E-02,2.062002E-01,0.000000E+00,0.000000E+00,0.000000E+00,0.000000E+00,0.000000E+00,0.000000E+00,0.000000E+00,0.000000E+00,2.110518E+01,4.048351E+01,2.388828E+01,4.732976E+01,4.144586E+03,3.291094E+03,1.406651E-01,2.902262E-01,0.000000E+00,0.000000E+00,0.000000E+00,0.000000E+00,0.000000E+00,0.000000E+00,0.000000E+00,0.000000E+00,2.110536E+01,4.079540E+01,2.388820E+01,4.782678E+01,2.545311E+03,1.987541E+03,8.638602E-02,1.752720E-01,0.000000E+00,0.000000E+00,0.000000E+00,0.000000E+00,0.000000E+00,0.000000E+00,0.000000E+00,0.000000E+00,2.110517E+01,4.055161E+01,2.388820E+01,4.784234E+01
13:30:00,8.911329E+02,3.310036E+03,3.024946E-02,2.918842E-01,0.000000E+00,0.000000E+00,0.000000E+00,0.000000E+00,0.000000E+00,0.000000E+00,0.000000E+00,0.000000E+00,2.111000E+01,4.949701E+01,2.388868E+01,4.750816E+01,4.078023E+03,3.318302E+03,1.384068E-01,2.926251E-01,0.000000E+00,0.000000E+00,0.000000E+00,0.000000E+00,0.000000E+00,0.000000E+00,0.000000E+00,0.000000E+00,2.110553E+01,4.098354E+01,2.388822E+01,4.775977E+01,2.519564E+03,2.330164E+03,8.551217E-02,2.054848E-01,0.000000E+00,0.000000E+00,0.000000E+00,0.000000E+00,0.000000E+00,0.000000E+00,0.000000E+00,0.000000E+00,2.110518E+01,4.048354E+01,2.388827E+01,4.734270E+01,4.144604E+03,3.305660E+03,1.406658E-01,2.915107E-01,0.000000E+00,0.000000E+00,0.000000E+00,0.000000E+00,0.000000E+00,0.000000E+00,0.000000E+00,0.000000E+00,2.110536E+01,4.079542E+01,2.388820E+01,4.781476E+01,2.545322E+03,1.996915E+03,8.638638E-02,1.760987E-01,0.000000E+00,0.000000E+00,0.000000E+00,0.000000E+00,0.000000E+00,0.000000E+00,0.000000E+00,0.000000E+00,2.110517E+01,4.055164E+01,2.388820E+01,4.782939E+01
13:40:00,8.911566E+02,3.311835E+03,3.025026E-02,2.920428E-01,0.000000E+00,0.000000E+00,0.000000E+00,0.000000E+00,0.000000E+00,0.000000E+00,0.000000E+00,0.000000E+00,2.111000E+01,4.949701E+01,2.388868E+01,4.750645E+01,4.078041E+03,3.335210E+03,1.384075E-01,2.941161E-01,0.000000E+00,0.000000E+00,0.000000E+00,0.000000E+00,0.000000E+00,0.000000E+00,0.000000E+00,0.000000E+00,2.110553E+01,4.098356E+01,2.388822E+01,4.774523E+01,2.519574E+03,2.322703E+03,8.551253E-02,2.048269E-01,0.000000E+00,0.000000E+00,0.000000E+00,0.000000E+00,0.000000E+00,0.000000E+00,0.000000E+00,0.000000E+00,2.110518E+01,4.048357E+01,2.388827E+01,4.735464E+01,4.144621E+03,3.319752E+03,1.406664E-01,2.927534E-01,0.000000E+00,0.000000E+00,0.000000E+00,0.000000E+00,0.000000E+00,0.000000E+00,0.000000E+00,0.000000E+00,2.110536E+01,4.079545E+01,2.388820E+01,4.780314E+01,2.545333E+03,2.005927E+03,8.638674E-02,1.768934E-01,0.000000E+00,0.000000E+00,0.000000E+00,0.000000E+00,0.000000E+00,0.000000E+00,0.000000E+00,0.000000E+00,2.110517E+01,4.055167E+01,2.388820E+01,4.781696E+01
13:50:00,8.911803E+02,3.313624E+03,3.025106E-02,2.922005E-01,0.000000E+00,0.000000E+00,0.000000E+00,0.000000E+00,0.000000E+00,0.000000E+00,0.000000E+00,0.000000E+00,2.111000E+01,4.949701E+01,2.388868E+01,4.750475E+01,4.078059E+03,3.351138E+03,1.384081E-01,2.955208E-01,0.000000E+00,0.000000E+00,0.000000E+00,0.000000E+00,0.000000E+00,0.000000E+00,0.000000E+00,0.000000E+00,2.110553E+01,4.098359E+01,2.388822E+01,4.773155E+01,2.519585E+03,2.315894E+03,8.551289E-02,2.042266E-01,0.000000E+00,0.000000E+00,0.000000E+00,0.000000E+00,0.000000E+00,0.000000E+00,0.000000E+00,0.000000E+00,2.110518E+01,4.048360E+01,2.388827E+01,4.736560E+01,4.144639E+03,3.333317E+03,1.406670E-01,2.939496E-01,0.000000E+00,0.000000E+00,0.000000E+00,0.000000E+00,0.000000E+00,0.000000E+00,0.000000E+00,0.000000E+00,2.110536E+01,4.079548E+01,2.388820E+01,4.779191E+01,2.545343E+03,2.014942E+03,8.638710E-02,1.776884E-01,0.000000E+00,0.000000E+00,0.000000E+00,0.000000E+00,0.000000E+00,0.000000E+00,0.000000E+00,0.000000E+00,2.110517E+01,4.055170E+01,2.388820E+01,4.780504E+01
14:00:00,8.912039E+02,3.315406E+03,3.025187E-02,2.923577E-01,0.000000E+00,0.000000E+00,0.000000E+00,0.000000E+00,0.000000E+00,0.000000E+00,0.000000E+00,0.000000E+00,2.111000E+01,4.949701E+01,2.388868E+01,4.750307E+01,4.078077E+03,3.365978E+03,1.384087E-01,2.968294E-01,0.000000E+00,0.000000E+00,0.000000E+00,0.000000E+00,0.000000E+00,0.000000E+00,0.000000E+00,0.000000E+00,2.110553E+01,4.098362E+01,2.388822E+01,4.771877E+01,2.519595E+03,2.309701E+03,8.551325E-02,2.036804E-01,0.000000E+00,0.000000E+00,0.000000E+00,0.000000E+00,0.000000E+00,0.000000E+00,0.000000E+00,0.000000E+00,2.110518E+01,4.048363E+01,2.388826E+01,4.737562E+01,4.144657E+03,3.346290E+03,1.406676E-01,2.950937E-01,0.000000E+00,0.000000E+00,0.000000E+00,0.000000E+00,0.000000E+00,0.000000E+00,0.000000E+00,0.000000E+00,2.110536E+01,4.079551E+01,2.388820E+01,4.778107E+01,2.545354E+03,2.029341E+03,8.638746E-02,1.789582E-01,0.000000E+00,0.000000E+00,0.000000E+00,0.000000E+00,0.000000E+00,0.000000E+00,0.000000E+00,0.000000E+00,2.110517E+01,4.055172E+01,2.388820E+01,4.779285E+01
14:10:00,8.912276E+02,3.317199E+03,3.025267E-02,2.925158E-01,0.000000E+00,0.000000E+00,0.000000E+00,0.000000E+00,0.000000E+00,0.000000E+00,0.000000E+00,0.000000E+00,2.111000E+01,4.949701E+01,2.388868E+01,4.750139E+01,4.078095E+03,3.379411E+03,1.384093E-01,2.980140E-01,0.000000E+00,0.000000E+00,0.000000E+00,0.000000E+00,0.000000E+00,0.000000E+00,0.000000E+00,0.000000E+00,2.110553E+01,4.098365E+01,2.388822E+01,4.770694E+01,2.519606E+03,2.303935E+03,8.551361E-02,2.031721E-01,0.000000E+00,0.000000E+00,0.000000E+00,0.000000E+00,0.000000E+00,0.000000E+00,0.000000E+00,0.000000E+00,2.110518E+01,4.048365E+01,2.388826E+01,4.738477E+01,4.144675E+03,3.358402E+03,1.406682E-01,2.961618E-01,0.000000E+00,0.000000E+00,0.000000E+00,0.000000E+00,0.000000E+00,0.000000E+00,0.000000E+00,0.000000E+00,2.110536E+01,4.079554E+01,2.388820E+01,4.777066E+01,2.545365E+03,2.050276E+03,8.638782E-02,1.808044E-01,0.000000E+00,0.000000E+00,0.000000E+00,0.000000E+00,0.000000E+00,0.000000E+00,0.000000E+00,0.000000E+00,2.110517E+01,4.055175E+01,2.388817E+01,4.776944E+01
14:20:00,8.912512E+02,3.319027E+03,3.025347E-02,2.926770E-01,0.000000E+00,0.000000E+00,0.000000E+00,0.000000E+00,0.000000E+00,0.000000E+00,0.000000E+00,0.000000E+00,2.111000E+01,4.949701E+01,2.388868E+01,4.749971E+01,4.078112E+03,3.391358E+03,1.384099E-01,2.990674E-01,0.000000E+00,0.000000E+00,0.000000E+00,0.000000E+00,0.000000E+00,0.000000E+00,0.000000E+00,0.000000E+00,2.110553E+01,4.098368E+01,2.388823E+01,4.769628E+01,2.519617E+03,2.298512E+03,8.551397E-02,2.026939E-01,0.000000E+00,0.000000E+00,0.000000E+00,0.000000E+00,0.000000E+00,0.000000E+00,0.000000E+00,0.000000E+00,2.110518E+01,4.048368E+01,2.388826E+01,4.739316E+01,4.144693E+03,3.369587E+03,1.406688E-01,2.971481E-01,0.000000E+00,0.000000E+00,0.000000E+00,0.000000E+00,0.000000E+00,0.000000E+00,0.000000E+00,0.000000E+00,2.110536E+01,4.079557E+01,2.388820E+01,4.776085E+01,2.545375E+03,2.078808E+03,8.638817E-02,1.833206E-01,0.000000E+00,0.000000E+00,0.000000E+00,0.000000E+00,0.000000E+00,0.000000E+00,0.000000E+00,0.000000E+00,2.110517E+01,4.055178E+01,2.388814E+01,4.772968E+01
14:30:00,8.912747E+02,3.320916E+03,3.025427E-02,2.928435E-01,0.000000E+00,0.000000E+00,0.000000E+00,0.000000E+00,0.000000E+00,0.000000E+00,0.000000E+00,0.000000E+00,2.111000E+01,4.949701E+01,2.388868E+01,4.749798E+01,4.078130E+03,3.402000E+03,1.384105E-01,3.000059E-01,0.000000E+00,0.000000E+00,0.000000E+00,0.000000E+00,0.000000E+00,0.000000E+00,0.000000E+00,0.000000E+00,2.110553E+01,4.098371E+01,2.388823E+01,4.768690E+01,2.519627E+03,2.293341E+03,8.551433E-02,2.022379E-01,0.000000E+00,0.000000E+00,0.000000E+00,0.000000E+00,0.000000E+00,0.000000E+00,0.000000E+00,0.000000E+00,2.110518E+01,4.048371E+01,2.388826E+01,4.740093E+01,4.144711E+03,3.379797E+03,1.406694E-01,2.980485E-01,0.000000E+00,0.000000E+00,0.000000E+00,0.000000E+00,0.000000E+00,0.000000E+00,0.000000E+00,0.000000E+00,2.110536E+01,4.079559E+01,2.388821E+01,4.775177E+01,2.545386E+03,2.115549E+03,8.638853E-02,1.865609E-01,0.000000E+00,0.000000E+00,0.000000E+00,0.000000E+00,0.000000E+00,0.000000E+00,0.000000E+00,0.000000E+00,2.110517E+01,4.055181E+01,2.388812E+01,4.767455E+01
14:40:00,8.912983E+02,3.322887E+03,3.025507E-02,2.930173E-01,0.000000E+00,0.000000E+00,0.000000E+00,0.000000E+00,0.000000E+00,0.000000E+00,0.000000E+00,0.000000E+00,2.111000E+01,4.949701E+01,2.388868E+01,4.749619E+01,4.078148E+03,3.411430E+03,1.384111E-01,3.008375E-01,0.000000E+00,0.000000E+00,0.000000E+00,0.000000E+00,0.000000E+00,0.000000E+00,0.000000E+00,0.000000E+00,2.110553E+01,4.098373E+01,2.388823E+01,4.767846E+01,2.519638E+03,2.288328E+03,8.551469E-02,2.017959E-01,0.000000E+00,0.000000E+00,0.000000E+00,0.000000E+00,0.000000E+00,0.000000E+00,0.000000E+00,0.000000E+00,2.110518E+01,4.048374E+01,2.388825E+01,4.740817E+01,4.144729E+03,3.388986E+03,1.406700E-01,2.988588E-01,0.000000E+00,0.000000E+00,0.000000E+00,0.000000E+00,0.000000E+00,0.000000E+00,0.000000E+00,0.000000E+00,2.110536E+01,4.079562E+01,2.388821E+01,4.774338E+01,2.545396E+03,2.160934E+03,8.638889E-02,1.905634E-01,0.000000E+00,0.000000E+00,0.000000E+00,0.000000E+00,0.000000E+00,0.000000E+00,0.000000E+00,0.000000E+00,2.110517E+01,4.055184E+01,2.388811E+01,4.760822E+01
14:50:00,8.913217E+02,3.324960E+03,3.025587E-02,2.932002E-01,0.000000E+00,0.000000E+00,0.000000E+00,0.000000E+00,0.000000E+00,0.000000E+00,0.000000E+00,0.000000E+00,2.111000E+01,4.949701E+01,2.388868E+01,4.749432E+01,4.078166E+03,3.419640E+03,1.384117E-01,3.015614E-01,0.000000E+00,0.000000E+00,0.000000E+00,0.000000E+00,0.000000E+00,0.000000E+00,0.000000E+00,0.000000E+00,2.110553E+01,4.098376E+01,2.388823E+01,4.767068E+01,2.519648E+03,2.283382E+03,8.551504E-02,2.013598E-01,0.000000E+00,0.000000E+00,0.000000E+00,0.000000E+00,0.000000E+00,0.000000E+00,0.000000E+00,0.000000E+00,2.110518E+01,4.048377E+01,2.388825E+01,4.741498E+01,4.144746E+03,3.397111E+03,1.406706E-01,2.995752E-01,0.000000E+00,0.000000E+00,0.000000E+00,0.000000E+00,0.000000E+00,0.000000E+00,0.000000E+00,0.000000E+00,2.110536E+01,4.079565E+01,2.388821E+01,4.773566E+01,2.545407E+03,2.214937E+03,8.638925E-02,1.953260E-01,0.000000E+00,0.000000E+00,0.000000E+00,0.000000E+00,0.000000E+00,0.000000E+00,0.000000E+00,0.000000E+00,2.110517E+01,4.055186E+01,2.388810E+01,4.753516E+01
15:00:00,8.913452E+02,3.327146E+03,3.025666E-02,2.933929E-01,0.000000E+00,0.000000E+00,0.000000E+00,0.000000E+00,0.000000E+00,0.000000E+00,0.000000E+00,0.000000E+00,2.111000E+01,4.949701E+01,2.388868E+01,4.749237E+01,4.078184E+03,3.426619E+03,1.384123E-01,3.021768E-01,0.000000E+00,0.000000E+00,0.000000E+00,0.000000E+00,0.000000E+00,0.000000E+00,0.000000E+00,0.000000E+00,2.110553E+01,4.098379E+01,2.388823E+01,4.766350E+01,2.519659E+03,2.278396E+03,8.551540E-02,2.009201E-01,0.000000E+00,0.000000E+00,0.000000E+00,0.000000E+00,0.000000E+00,0.000000E+00,0.000000E+00,0.000000E+00,2.110518E+01,4.048380E+01,2.388825E+01,4.742145E+01,4.144764E+03,3.404123E+03,1.406712E-01,3.001936E-01,0.000000E+00,0.000000E+00,0.000000E+00,0.000000E+00,0.000000E+00,0.000000E+00,0.000000E+00,0.000000E+00,2.110536E+01,4.079568E+01,2.388821E+01,4.772856E+01,2.545417E+03,2.272444E+03,8.638960E-02,2.003976E-01,0.000000E+00,0.000000E+00,0.000000E+00,0.000000E+00,0.000000E+00,0.000000E+00,0.000000E+00,0.000000E+00,2.110517E+01,4.055189E+01,2.388810E+01,4.745883E+01
15:10:00,8.913686E+02,3.329433E+03,3.025746E-02,2.935946E-01,0.000000E+00,0.000000E+00,0.000000E+00,0.000000E+00,0.000000E+00,0.000000E+00,0.000000E+00,0.000000E+00,2.111000E+01,4.949701E+01,2.388868E+01,4.749033E+01,4.078201E+03,3.432266E+03,1.384129E-01,3.026747E-01,0.000000E+00,0.000000E+00,0.000000E+00,0.000000E+00,0.000000E+00,0.000000E+00,0.000000E+00,0.000000E+00,2.110553E+01,4.098382E+01,2.388824E+01,4.765704E+01,2.519669E+03,2.273223E+03,8.551576E-02,2.004640E-01,0.000000E+00,0.000000E+00,0.000000E+00,0.000000E+00,0.000000E+00,0.000000E+00,0.000000E+00,0.000000E+00,2.110518E+01,4.048382E+01,2.388825E+01,4.742769E+01,4.144782E+03,3.409817E+03,1.406718E-01,3.006956E-01,0.000000E+00,0.000000E+00,0.000000E+00,0.000000E+00,0.000000E+00,0.000000E+00,0.000000E+00,0.000000E+00,2.110536E+01,4.079571E+01,2.388821E+01,4.772210E+01,2.545428E+03,2.332261E+03,8.638996E-02,2.056728E-01,0.000000E+00,0.000000E+00,0.000000E+00,0.000000E+00,0.000000E+00,0.000000E+00,0.000000E+00,0.000000E+00,2.110517E+01,4.055192E+01,2.388810E+01,4.738154E+01
15:20:00,8.913920E+02,3.331798E+03,3.025825E-02,2.938031E-01,0.000000E+00,0.000000E+00,0.000000E+00,0.000000E+00,0.000000E+00,0.000000E+00,0.000000E+00,0.000000E+00,2.111000E+01,4.949701E+01,2.388868E+01,4.748822E+01,4.078219E+03,3.436601E+03,1.384135E-01,3.030569E-01,0.000000E+00,0.000000E+00,0.000000E+00,0.000000E+00,0.000000E+00,0.000000E+00,0.000000E+00,0.000000E+00,2.110553E+01,4.098385E+01,2.388824E+01,4.765161E+01,2.519680E+03,2.267790E+03,8.551611E-02,1.999849E-01,0.000000E+00,0.000000E+00,0.000000E+00,0.000000E+00,0.000000E+00,0.000000E+00,0.000000E+00,0.000000E+00,2.110518E+01,4.048385E+01,2.388825E+01,4.743388E+01,4.144800E+03,3.414165E+03,1.406724E-01,3.010791E-01,0.000000E+00,0.000000E+00,0.000000E+00,0.000000E+00,0.000000E+00,0.000000E+00,0.000000E+00,0.000000E+00,2.110536E+01,4.079573E+01,2.388821E+01,4.771655E+01,2.545438E+03,2.393421E+03,8.639031E-02,2.110664E-01,0.000000E+00,0.000000E+00,0.000000E+00,0.000000E+00,0.000000E+00,0.000000E+00,0.000000E+00,0.000000E+00,2.110517E+01,4.055195E+01,2.388811E+01,4.730493E+01
15:30:00,8.914154E+02,3.334213E+03,3.025905E-02,2.940161E-01,0.000000E+00,0.000000E+00,0.000000E+00,0.000000E+00,0.000000E+00,0.000000E+00,0.000000E+00,0.000000E+00,2.111000E+01,4.949701E+01,2.388868E+01,4.748605E+01,4.078237E+03,3.439384E+03,1.384141E-01,3.033023E-01,0.000000E+00,0.000000E+00,0.000000E+00,0.000000E+00,0.000000E+00,0.000000E+00,0.000000E+00,0.000000E+00,2.110553E+01,4.098387E+01,2.388824E+01,4.764733E+01,2.519690E+03,2.262012E+03,8.551647E-02,1.994754E-01,0.000000E+00,0.000000E+00,0.000000E+00,0.000000E+00,0.000000E+00,0.000000E+00,0.000000E+00,0.000000E+00,2.110518E+01,4.048388E+01,2.388825E+01,4.744011E+01,4.144817E+03,3.417107E+03,1.406730E-01,3.013384E-01,0.000000E+00,0.000000E+00,0.000000E+00,0.000000E+00,0.000000E+00,0.000000E+00,0.000000E+00,0.000000E+00,2.110536E+01,4.079576E+01,2.388822E+01,4.771201E+01,2.545449E+03,2.455318E+03,8.639067E-02,2.165249E-01,0.000000E+00,0.000000E+00,0.000000E+00,0.000000E+00,0.000000E+00,0.000000E+00,0.000000E+00,0.000000E+00,2.110517E+01,4.055197E+01,2.388812E+01,4.723010E+01
15:40:00,8.914387E+02,3.336650E+03,3.025984E-02,2.942310E-01,0.000000E+00,0.000000E+00,0.000000E+00,0.000000E+00,0.000000E+00,0.000000E+00,0.000000E+00,0.000000E+00,2.111000E+01,4.949701E+01,2.388868E+01,4.748384E+01,4.078254E+03,3.440491E+03,1.384147E-01,3.033999E-01,0.000000E+00,0.000000E+00,0.000000E+00,0.000000E+00,0.000000E+00,0.000000E+00,0.000000E+00,0.000000E+00,2.110553E+01,4.098390E+01,2.388825E+01,4.764418E+01,2.519701E+03,2.255812E+03,8.551682E-02,1.989286E-01,0.000000E+00,0.000000E+00,0.000000E+00,0.000000E+00,0.000000E+00,0.000000E+00,0.000000E+00,0.000000E+00,2.110518E+01,4.048391E+01,2.388826E+01,4.744647E+01,4.144835E+03,3.418589E+03,1.406736E-01,3.014691E-01,0.000000E+00,0.000000E+00,0.000000E+00,0.000000E+00,0.000000E+00,0.000000E+00,0.000000E+00,0.000000E+00,2.110536E+01,4.079579E+01,2.388822E+01,4.770845E+01,2.545459E+03,2.517461E+03,8.639102E-02,2.220050E-01,0.000000E+00,0.000000E+00,0.000000E+00,0.000000E+00,0.000000E+00,0.000000E+00,0.000000E+00,0.000000E+00,2.110517E+01,4.055200E+01,2.388813E+01,4.715778E+01
15:50:00,8.914620E+02,3.339081E+03,3.026063E-02,2.944453E-01,0.000000E+00,0.000000E+00,0.000000E+00,0.000000E+00,0.000000E+00,0.000000E+00,0.000000E+00,0.000000E+00,2.111000E+01,4.949701E+01,2.388868E+01,4.748162E+01,4.078272E+03,3.439926E+03,1.384153E-01,3.033499E-01,0.000000E+00,0.000000E+00,0.000000E+00,0.000000E+00,0.000000E+00,0.000000E+00,0.000000E+00,0.000000E+00,2.110553E+01,4.098393E+01,2.388825E+01,4.764208E+01,2.519711E+03,2.249115E+03,8.551718E-02,1.983381E-01,0.000000E+00,0.000000E+00,0.000000E+00,0.000000E+00,0.000000E+00,0.000000E+00,0.000000E+00,0.000000E+00,2.110518E+01,4.048393E+01,2.388826E+01,4.745303E+01,4.144853E+03,3.418566E+03,1.406742E-01,3.014669E-01,0.000000E+00,0.000000E+00,0.000000E+00,0.000000E+00,0.000000E+00,0.000000E+00,0.000000E+00,0.000000E+00,2.110536E+01,4.079582E+01,2.388822E+01,4.770582E+01,2.545470E+03,2.579364E+03,8.639138E-02,2.274638E-01,0.000000E+00,0.000000E+00,0.000000E+00,0.000000E+00,0.000000E+00,0.000000E+00,0.000000E+00,0.000000E+00,2.110517E+01,4.055203E+01,2.388814E+01,4.708853E+01
16:00:00,8.914853E+02,3.341476E+03,3.026142E-02,2.946565E-01,0.000000E+00,0.000000E+00,0.000000E+00,0.000000E+00,0.000000E+00,0.000000E+00,0.000000E+00,0.000000E+00,2.111000E+01,4.949701E+01,2.388868E+01,4.747941E+01,4.078290E+03,3.437709E+03,1.384159E-01,3.031543E-01,0.000000E+00,0.000000E+00,0.000000E+00,0.000000E+00,0.000000E+00,0.000000E+00,0.000000E+00,0.000000E+00,2.110553E+01,4.098396E+01,2.388825E+01,4.764099E+01,2.519722E+03,2.241868E+03,8.551753E-02,1.976989E-01,0.000000E+00,0.000000E+00,0.000000E+00,0.000000E+00,0.000000E+00,0.000000E+00,0.000000E+00,0.000000E+00,2.110518E+01,4.048396E+01,2.388826E+01,4.745986E+01,4.144870E+03,3.416992E+03,1.406748E-01,3.013280E-01,0.000000E+00,0.000000E+00,0.000000E+00,0.000000E+00,0.000000E+00,0.000000E+00,0.000000E+00,0.000000E+00,2.110536E+01,4.079585E+01,2.388823E+01,4.770407E+01,2.545480E+03,2.639286E+03,8.639173E-02,2.327479E-01,0.000000E+00,0.000000E+00,0.000000E+00,0.000000E+00,0.000000E+00,0.000000E+00,0.000000E+00,0.000000E+00,2.110517E+01,4.055206E+01,2.388815E+01,4.702273E+01
16:10:00,8.915085E+02,3.343805E+03,3.026221E-02,2.948619E-01,0.000000E+00,0.000000E+00,0.000000E+00,0.000000E+00,0.000000E+00,0.000000E+00,0.000000E+00,0.000000E+00,2.111000E+01,4.949701E+01,2.388868E+01,4.747723E+01,4.078307E+03,3.434275E+03,1.384165E-01,3.028514E-01,0.000000E+00,0.000000E+00,0.000000E+00,0.000000E+00,0.000000E+00,0.000000E+00,0.000000E+00,0.000000E+00,2.110553E+01,4.098399E+01,2.388826E+01,4.764085E+01,2.519732E+03,2.234250E+03,8.551788E-02,1.970271E-01,0.000000E+00,0.000000E+00,0.000000E+00,0.000000E+00,0.000000E+00,0.000000E+00,0.000000E+00,0.000000E+00,2.110518E+01,4.048399E+01,2.388826E+01,4.746706E+01,4.144888E+03,3.414288E+03,1.406754E-01,3.010895E-01,0.000000E+00,0.000000E+00,0.000000E+00,0.000000E+00,0.000000E+00,0.000000E+00,0.000000E+00,0.000000E+00,2.110536E+01,4.079587E+01,2.388823E+01,4.770321E+01,2.545490E+03,2.695925E+03,8.639208E-02,2.377425E-01,0.000000E+00,0.000000E+00,0.000000E+00,0.000000E+00,0.000000E+00,0.000000E+00,0.000000E+00,0.000000E+00,2.110517E+01,4.055208E+01,2.388816E+01,4.696242E+01
16:20:00,8.915317E+02,3.346037E+03,3.026299E-02,2.950587E-01,0.000000E+00,0.000000E+00,0.000000E+00,0.000000E+00,0.000000E+00,0.000000E+00,0.000000E+00,0.000000E+00,2.111000E+01,4.949701E+01,2.388868E+01,4.747510E+01,4.078325E+03,3.429619E+03,1.384171E-01,3.024408E-01,0.000000E+00,0.000000E+00,0.000000E+00,0.000000E+00,0.000000E+00,0.000000E+00,0.000000E+00,0.000000E+00,2.110553E+01,4.098401E+01,2.388826E+01,4.764170E+01,2.519742E+03,2.226200E+03,8.551824E-02,1.963172E-01,0.000000E+00,0.000000E+00,0.000000E+00,0.000000E+00,0.000000E+00,0.000000E+00,0.000000E+00,0.000000E+00,2.110518E+01,4.048402E+01,2.388826E+01,4.747470E+01,4.144905E+03,3.410390E+03,1.406760E-01,3.007457E-01,0.000000E+00,0.000000E+00,0.000000E+00,0.000000E+00,0.000000E+00,0.000000E+00,0.000000E+00,0.000000E+00,2.110536E+01,4.079590E+01,2.388823E+01,4.770331E+01,2.545501E+03,2.748488E+03,8.639244E-02,2.423775E-01,0.000000E+00,0.000000E+00,0.000000E+00,0.000000E+00,0.000000E+00,0.000000E+00,0.000000E+00,0.000000E+00,2.110517E+01,4.055211E+01,2.388818E+01,4.690956E+01
16:30:00,8.915549E+02,3.348142E+03,3.026378E-02,2.952443E-01,0.000000E+00,0.000000E+00,0.000000E+00,0.000000E+00,0.000000E+00,0.000000E+00,0.000000E+00,0.000000E+00,2.111000E+01,4.949701E+01,2.388868E+01,4.747306E+01,4.078342E+03,3.423744E+03,1.384177E-01,3.019226E-01,0.000000E+00,0.000000E+00,0.000000E+00,0.000000E+00,0.000000E+00,0.000000E+00,0.000000E+00,0.000000E+00,2.110553E+01,4.098404E+01,2.388826E+01,4.764356E+01,2.519753E+03,2.217671E+03,8.551859E-02,1.955650E-01,0.000000E+00,0.000000E+00,0.000000E+00,0.000000E+00,0.000000E+00,0.000000E+00,0.000000E+00,0.000000E+00,2.110518E+01,4.048405E+01,2.388826E+01,4.748288E+01,4.144923E+03,3.405251E+03,1.406766E-01,3.002924E-01,0.000000E+00,0.000000E+00,0.000000E+00,0.000000E+00,0.000000E+00,0.000000E+00,0.000000E+00,0.000000E+00,2.110536E+01,4.079593E+01,2.388824E+01,4.770445E+01,2.545511E+03,2.796495E+03,8.639279E-02,2.466107E-01,0.000000E+00,0.000000E+00,0.000000E+00,0.000000E+00,0.000000E+00,0.000000E+00,0.000000E+00,0.000000E+00,2.110517E+01,4.055214E+01,2.388820E+01,4.686420E+01
16:40:00,8.915780E+02,3.350092E+03,3.026457E-02,2.954163E-01,0.000000E+00,0.000000E+00,0.000000E+00,0.000000E+00,0.000000E+00,0.000000E+00,0.000000E+00,0.000000E+00,2.111000E+01,4.949701E+01,2.388868E+01,4.747114E+01,4.078360E+03,3.416654E+03,1.384183E-01,3.012972E-01,0.000000E+00,0.000000E+00,0.000000E+00,0.000000E+00,0.000000E+00,0.000000E+00,0.000000E+00,0.000000E+00,2.110553E+01,4.098407E+01,2.388827E+01,4.764643E+01,2.519763E+03,2.208620E+03,8.551894E-02,1.947668E-01,0.000000E+00,0.000000E+00,0.000000E+00,0.000000E+00,0.000000E+00,0.000000E+00,0.000000E+00,0.000000E+00,2.110518E+01,4.048407E+01,2.388827E+01,4.749165E+01,4.144940E+03,3.398840E+03,1.406772E-01,2.997270E-01,0.000000E+00,0.000000E+00,0.000000E+00,0.000000E+00,0.000000E+00,0.000000E+00,0.000000E+00,0.000000E+00,2.110536E+01,4.079596E+01,2.388824E+01,4.770666E+01,2.545521E+03,2.839309E+03,8.639314E-02,2.503860E-01,0.000000E+00,0.000000E+00,0.000000E+00,0.000000E+00,0.000000E+00,0.000000E+00,0.000000E+00,0.000000E+00,2.110517E+01,4.055216E+01,2.388822E+01,4.682504E+01
16:50:00,8.916011E+02,3.351863E+03,3.026535E-02,2.955725E-01,0.000000E+00,0.000000E+00,0.000000E+00,0.000000E+00,0.000000E+00,0.000000E+00,0.000000E+00,0.000000E+00,2.111000E+01,4.949701E+01,2.388868E+01,4.746935E+01,4.078377E+03,3.408339E+03,1.384189E-01,3.005639E-01,0.000000E+00,0.000000E+00,0.000000E+00,0.000000E+00,0.000000E+00,0.000000E+00,0.000000E+00,0.000000E+00,2.110553E+01,4.098410E+01,2.388827E+01,4.765028E+01,2.519773E+03,2.199009E+03,8.551929E-02,1.939193E-01,0.000000E+00,0.000000E+00,0.000000E+00,0.000000E+00,0.000000E+00,0.000000E+00,0.000000E+00,0.000000E+00,2.110518E+01,4.048410E+01,2.388827E+01,4.750106E+01,4.144958E+03,3.391136E+03,1.406778E-01,2.990475E-01,0.000000E+00,0.000000E+00,0.000000E+00,0.000000E+00,0.000000E+00,0.000000E+00,0.000000E+00,0.000000E+00,2.110536E+01,4.079599E+01,2.388825E+01,4.770995E+01,2.545532E+03,2.876331E+03,8.639349E-02,2.536504E-01,0.000000E+00,0.000000E+00,0.000000E+00,0.000000E+00,0.000000E+00,0.000000E+00,0.000000E+00,0.000000E+00,2.110517E+01,4.055219E+01,2.388823E+01,4.679098E+01
17:00:00,8.916242E+02,3.353428E+03,3.026613E-02,2.957104E-01,0.000000E+00,0.000000E+00,0.000000E+00,0.000000E+00,0.000000E+00,0.000000E+00,0.000000E+00,0.000000E+00,2.111000E+01,4.949701E+01,2.388868E+01,4.746772E+01,4.078395E+03,3.397765E+03,1.384195E-01,2.996313E-01,0.000000E+00,0.000000E+00,0.000000E+00,0.000000E+00,0.000000E+00,0.000000E+00,0.000000E+00,0.000000E+00,2.110553E+01,4.098413E+01,2.388827E+01,4.765512E+01,2.519784E+03,2.188285E+03,8.551964E-02,1.929735E-01,0.000000E+00,0.000000E+00,0.000000E+00,0.000000E+00,0.000000E+00,0.000000E+00,0.000000E+00,0.000000E+00,2.110518E+01,4.048413E+01,2.388827E+01,4.751119E+01,4.144975E+03,3.381199E+03,1.406784E-01,2.981711E-01,0.000000E+00,0.000000E+00,0.000000E+00,0.000000E+00,0.000000E+00,0.000000E+00,0.000000E+00,0.000000E+00,2.110536E+01,4.079601E+01,2.388825E+01,4.771429E+01,2.545542E+03,2.906517E+03,8.639384E-02,2.563120E-01,0.000000E+00,0.000000E+00,0.000000E+00,0.000000E+00,0.000000E+00,0.000000E+00,0.000000E+00,0.000000E+00,2.110517E+01,4.055222E+01,2.388824E+01,4.676147E+01
17:10:00,8.916473E+02,3.354749E+03,3.026692E-02,2.958269E-01,0.000000E+00,0.000000E+00,0.000000E+00,0.000000E+00,0.000000E+00,0.000000E+00,0.000000E+00,0.000000E+00,2.111000E+01,4.949701E+01,2.388868E+01,4.746627E+01,4.078412E+03,3.385646E+03,1.384200E-01,2.985625E-01,0.000000E+00,0.000000E+00,0.000000E+00,0.000000E+00,0.000000E+00,0.000000E+00,0.000000E+00,0.000000E+00,2.110553E+01,4.098415E+01,2.388828E+01,4.766212E+01,2.519794E+03,2.176803E+03,8.551999E-02,1.919610E-01,0.000000E+00,0.000000E+00,0.000000E+00,0.000000E+00,0.000000E+00,0.000000E+00,0.000000E+00,0.000000E+00,2.110518E+01,4.048416E+01,2.388828E+01,4.752301E+01,4.144993E+03,3.369695E+03,1.406790E-01,2.971565E-01,0.000000E+00,0.000000E+00,0.000000E+00,0.000000E+00,0.000000E+00,0.000000E+00,0.000000E+00,0.000000E+00,2.110536E+01,4.079604E+01,2.388825E+01,4.772076E+01,2.545552E+03,2.931772E+03,8.639419E-02,2.585388E-01,0.000000E+00,0.000000E+00,0.000000E+00,0.000000E+00,0.000000E+00,0.000000E+00,0.000000E+00,0.000000E+00,2.110517E+01,4.055225E+01,2.388826E+01,4.673849E+01
17:20:00,8.916703E+02,3.355809E+03,3.026770E-02,2.959204E-01,0.000000E+00,0.000000E+00,0.000000E+00,0.000000E+00,0.000000E+00,0.000000E+00,0.000000E+00,0.000000E+00,2.111000E+01,4.949701E+01,2.388868E+01,4.746502E+01,4.078429E+03,3.371993E+03,1.384206E-01,2.973584E-01,0.000000E+00,0.000000E+00,0.000000E+00,0.000000E+00,0.000000E+00,0.000000E+00,0.000000E+00,0.000000E+00,2.110553E+01,4.098418E+01,2.388828E+01,4.767089E+01,2.519804E+03,2.164569E+03,8.552034E-02,1.908820E-01,0.000000E+00,0.000000E+00,0.000000E+00,0.000000E+00,0.000000E+00,0.000000E+00,0.000000E+00,0.000000E+00,2.110518E+01,4.048418E+01,2.388828E+01,4.753619E+01,4.145010E+03,3.357362E+03,1.406796E-01,2.960688E-01,0.000000E+00,0.000000E+00,0.000000E+00,0.000000E+00,0.000000E+00,0.000000E+00,0.000000E+00,0.000000E+00,2.110536E+01,4.079607E+01,2.388826E+01,4.772899E+01,2.545563E+03,2.951961E+03,8.639454E-02,2.603188E-01,0.000000E+00,0.000000E+00,0.000000E+00,0.000000E+00,0.000000E+00,0.000000E+00,0.000000E+00,0.000000E+00,2.110517E+01,4.055227E+01,2.388827E+01,4.672068E+01
17:30:00,8.916933E+02,3.356603E+03,3.026848E-02,2.959904E-01,0.000000E+00,0.000000E+00,0.000000E+00,0.000000E+00,0.000000E+00,0.000000E+00,0.000000E+00,0.000000E+00,2.111000E+01,4.949701E+01,2.388868E+01,4.746401E+01,4.078447E+03,3.356758E+03,1.384212E-01,2.960148E-01,0.000000E+00,0.000000E+00,0.000000E+00,0.000000E+00,0.000000E+00,0.000000E+00,0.000000E+00,0.000000E+00,2.110553E+01,4.098421E+01,2.388829E+01,4.768091E+01,2.519815E+03,2.151566E+03,8.552069E-02,1.897353E-01,0.000000E+00,0.000000E+00,0.000000E+00,0.000000E+00,0.000000E+00,0.000000E+00,0.000000E+00,0.000000E+00,2.110518E+01,4.048421E+01,2.388828E+01,4.755027E+01,4.145028E+03,3.345403E+03,1.406802E-01,2.950141E-01,0.000000E+00,0.000000E+00,0.000000E+00,0.000000E+00,0.000000E+00,0.000000E+00,0.000000E+00,0.000000E+00,2.110536E+01,4.079610E+01,2.388826E+01,4.773763E+01,2.545573E+03,2.966540E+03,8.639489E-02,2.616041E-01,0.000000E+00,0.000000E+00,0.000000E+00,0.000000E+00,0.000000E+00,0.000000E+00,0.000000E+00,0.000000E+00,2.110517E+01,4.055230E+01,2.388828E+01,4.670680E+01
17:40:00,8.917162E+02,3.357155E+03,3.026926E-02,2.960391E-01,0.000000E+00,0.000000E+00,0.000000E+00,0.000000E+00,0.000000E+00,0.000000E+00,0.000000E+00,0.000000E+00,2.111000E+01,4.949701E+01,2.388868E+01,4.746324E+01,4.078464E+03,3.339877E+03,1.384218E-01,2.945260E-01,0.000000E+00,0.000000E+00,0.000000E+00,0.000000E+00,0.000000E+00,0.000000E+00,0.000000E+00,0.000000E+00,2.110553E+01,4.098424E+01,2.388829E+01,4.769198E+01,2.519825E+03,2.137786E+03,8.552104E-02,1.885201E-01,0.000000E+00,0.000000E+00,0.000000E+00,0.000000E+00,0.000000E+00,0.000000E+00,0.000000E+00,0.000000E+00,2.110518E+01,4.048424E+01,2.388828E+01,4.756510E+01,4.145045E+03,3.336115E+03,1.406807E-01,2.941950E-01,0.000000E+00,0.000000E+00,0.000000E+00,0.000000E+00,0.000000E+00,0.000000E+00,0.000000E+00,0.000000E+00,2.110536E+01,4.079612E+01,2.388826E+01,4.774479E+01,2.545583E+03,2.975348E+03,8.639524E-02,2.623805E-01,0.000000E+00,0.000000E+00,0.000000E+00,0.000000E+00,0.000000E+00,0.000000E+00,0.000000E+00,0.000000E+00,2.110517E+01,4.055233E+01,2.388829E+01,4.669674E+01
17:50:00,8.917391E+02,3.357564E+03,3.027003E-02,2.960751E-01,0.000000E+00,0.000000E+00,0.000000E+00,0.000000E+00,0.000000E+00,0.000000E+00,0.000000E+00,0.000000E+00,2.111000E+01,4.949701E+01,2.388868E+01,4.746268E+01,4.078482E+03,3.321282E+03,1.384224E-01,2.928862E-01,0.000000E+00,0.000000E+00,0.000000E+00,0.000000E+00,0.000000E+00,0.000000E+00,0.000000E+00,0.000000E+00,2.110553E+01,4.098426E+01,2.388829E+01,4.770418E+01,2.519835E+03,2.123231E+03,8.552139E-02,1.872365E-01,0.000000E+00,0.000000E+00,0.000000E+00,0.000000E+00,0.000000E+00,0.000000E+00,0.000000E+00,0.000000E+00,2.110518E+01,4.048427E+01,2.388829E+01,4.758071E+01,4.145062E+03,3.329974E+03,1.406813E-01,2.936534E-01,0.000000E+00,0.000000E+00,0.000000E+00,0.000000E+00,0.000000E+00,0.000000E+00,0.000000E+00,0.000000E+00,2.110536E+01,4.079615E+01,2.388825E+01,4.774752E+01,2.545594E+03,2.978239E+03,8.639559E-02,2.626352E-01,0.000000E+00,0.000000E+00,0.000000E+00,0.000000E+00,0.000000E+00,0.000000E+00,0.000000E+00,0.000000E+00,2.110517E+01,4.055235E+01,2.388831E+01,4.669063E+01
18:00:00,8.917620E+02,3.357964E+03,3.027081E-02,2.961104E-01,0.000000E+00,0.000000E+00,0.000000E+00,0.000000E+00,0.000000E+00,0.000000E+00,0.000000E+00,0.000000E+00,2.111000E+01,4.949701E+01,2.388868E+01,4.746223E+01,4.078499E+03,3.301920E+03,1.384230E-01,2.911786E-01,0.000000E+00,0.000000E+00,0.000000E+00,0.000000E+00,0.000000E+00,0.000000E+00,0.000000E+00,0.000000E+00,2.110553E+01,4.098429E+01,2.388830E+01,4.771766E+01,2.519846E+03,2.108428E+03,8.552174E-02,1.859310E-01,0.000000E+00,0.000000E+00,0.000000E+00,0.000000E+00,0.000000E+00,0.000000E+00,0.000000E+00,0.000000E+00,2.110518E+01,4.048429E+01,2.388829E+01,4.759718E+01,4.145080E+03,3.328041E+03,1.406819E-01,2.934830E-01,0.000000E+00,0.000000E+00,0.000000E+00,0.000000E+00,0.000000E+00,0.000000E+00,0.000000E+00,0.000000E+00,2.110536E+01,4.079618E+01,2.388825E+01,4.774510E+01,2.545604E+03,2.976631E+03,8.639594E-02,2.624931E-01,0.000000E+00,0.000000E+00,0.000000E+00,0.000000E+00,0.000000E+00,0.000000E+00,0.000000E+00,0.000000E+00,2.110517E+01,4.055238E+01,2.388832E+01,4.668863E+01
18:10:00,8.917848E+02,3.358472E+03,3.027159E-02,2.961551E-01,0.000000E+00,0.000000E+00,0.000000E+00,0.000000E+00,0.000000E+00,0.000000E+00,0.000000E+00,0.000000E+00,2.111000E+01,4.949701E+01,2.388868E+01,4.746174E+01,4.078516E+03,3.280692E+03,1.384236E-01,2.893066E-01,0.000000E+00,0.000000E+00,0.000000E+00,0.000000E+00,0.000000E+00,0.000000E+00,0.000000E+00,0.000000E+00,2.110553E+01,4.098432E+01,2.388830E+01,4.773256E+01,2.519856E+03,2.092836E+03,8.552209E-02,1.845560E-01,0.000000E+00,0.000000E+00,0.000000E+00,0.000000E+00,0.000000E+00,0.000000E+00,0.000000E+00,0.000000E+00,2.110518E+01,4.048432E+01,2.388829E+01,4.761458E+01,4.145097E+03,3.329107E+03,1.406825E-01,2.935770E-01,0.000000E+00,0.000000E+00,0.000000E+00,0.000000E+00,0.000000E+00,0.000000E+00,0.000000E+00,0.000000E+00,2.110536E+01,4.079621E+01,2.388824E+01,4.773871E+01,2.545614E+03,2.968549E+03,8.639629E-02,2.617801E-01,0.000000E+00,0.000000E+00,0.000000E+00,0.000000E+00,0.000000E+00,0.000000E+00,0.000000E+00,0.000000E+00,2.110517E+01,4.055241E+01,2.388833E+01,4.669105E+01
18:20:00,8.918077E+02,3.359132E+03,3.027236E-02,2.962134E-01,0.000000E+00,0.000000E+00,0.000000E+00,0.000000E+00,0.000000E+00,0.000000E+00,0.000000E+00,0.000000E+00,2.111000E+01,4.949701E+01,2.388868E+01,4.746111E+01,4.078533E+03,3.257519E+03,1.384242E-01,2.872629E-01,0.000000E+00,0.000000E+00,0.000000E+00,0.000000E+00,0.000000E+00,0.000000E+00,0.000000E+00,0.000000E+00,2.110553E+01,4.098435E+01,2.388831E+01,4.774915E+01,2.519866E+03,2.076445E+03,8.552243E-02,1.831106E-01,0.000000E+00,0.000000E+00,0.000000E+00,0.000000E+00,0.000000E+00,0.000000E+00,0.000000E+00,0.000000E+00,2.110518E+01,4.048435E+01,2.388830E+01,4.763301E+01,4.145114E+03,3.331732E+03,1.406831E-01,2.938085E-01,0.000000E+00,0.000000E+00,0.000000E+00,0.000000E+00,0.000000E+00,0.000000E+00,0.000000E+00,0.000000E+00,2.110536E+01,4.079623E+01,2.388825E+01,4.773049E+01,2.545624E+03,2.953465E+03,8.639663E-02,2.604497E-01,0.000000E+00,0.000000E+00,0.000000E+00,0.000000E+00,0.000000E+00,0.000000E+00,0.000000E+00,0.000000E+00,2.110517E+01,4.055244E+01,2.388834E+01,4.669837E+01
18:30:00,8.918305E+02,3.359926E+03,3.027314E-02,2.962834E-01,0.000000E+00,0.000000E+00,0.000000E+00,0.000000E+00,0.000000E+00,0.000000E+00,0.000000E+00,0.000000E+00,2.111000E+01,4.949701E+01,2.388868E+01,4.746033E+01,4.078551E+03,3.232398E+03,1.384248E-01,2.850476E-01,0.000000E+00,0.000000E+00,0.000000E+00,0.000000E+00,0.000000E+00,0.000000E+00,0.000000E+00,0.000000E+00,2.110553E+01,4.098437E+01,2.388831E+01,4.776755E+01,2.519876E+03,2.059279E+03,8.552278E-02,1.815967E-01,0.000000E+00,0.000000E+00,0.000000E+00,0.000000E+00,0.000000E+00,0.000000E+00,0.000000E+00,0.000000E+00,2.110518E+01,4.048438E+01,2.388830E+01,4.765250E+01,4.145132E+03,3.333308E+03,1.406837E-01,2.939476E-01,0.000000E+00,0.000000E+00,0.000000E+00,0.000000E+00,0.000000E+00,0.000000E+00,0.000000E+00,0.000000E+00,2.110536E+01,4.079626E+01,2.388825E+01,4.772277E+01,2.545635E+03,2.930951E+03,8.639698E-02,2.584641E-01,0.000000E+00,0.000000E+00,0.000000E+00,0.000000E+00,0.000000E+00,0.000000E+00,0.000000E+00,0.000000E+00,2.110517E+01,4.055246E+01,2.388835E+01,4.671126E+01
18:40:00,8.918532E+02,3.360748E+03,3.027391E-02,2.963558E-01,0.000000E+00,0.000000E+00,0.000000E+00,0.000000E+00,0.000000E+00,0.000000E+00,0.000000E+00,0.000000E+00,2.111000E+01,4.949701E+01,2.388868E+01,4.745948E+01,4.078568E+03,3.204874E+03,1.384253E-01,2.826202E-01,0.000000E+00,0.000000E+00,0.000000E+00,0.000000E+00,0.000000E+00,0.000000E+00,0.000000E+00,0.000000E+00,2.110553E+01,4.098440E+01,2.388832E+01,4.778779E+01,2.519886E+03,2.041115E+03,8.552313E-02,1.799949E-01,0.000000E+00,0.000000E+00,0.000000E+00,0.000000E+00,0.000000E+00,0.000000E+00,0.000000E+00,0.000000E+00,2.110518E+01,4.048440E+01,2.388831E+01,4.767304E+01,4.145149E+03,3.327939E+03,1.406843E-01,2.934741E-01,0.000000E+00,0.000000E+00,0.000000E+00,0.000000E+00,0.000000E+00,0.000000E+00,0.000000E+00,0.000000E+00,2.110536E+01,4.079629E+01,2.388826E+01,4.771821E+01,2.545645E+03,2.897099E+03,8.639732E-02,2.554786E-01,0.000000E+00,0.000000E+00,0.000000E+00,0.000000E+00,0.000000E+00,0.000000E+00,0.000000E+00,0.000000E+00,2.110517E+01,4.055249E+01,2.388837E+01,4.673043E+01
18:50:00,8.918759E+02,3.361361E+03,3.027468E-02,2.964099E-01,0.000000E+00,0.000000E+00,0.000000E+00,0.000000E+00,0.000000E+00,0.000000E+00,0.000000E+00,0.000000E+00,2.111000E+01,4.949701E+01,2.388868E+01,4.745872E+01,4.078585E+03,3.175293E+03,1.384259E-01,2.800115E-01,0.000000E+00,0.000000E+00,0.000000E+00,0.000000E+00,0.000000E+00,0.000000E+00,0.000000E+00,0.000000E+00,2.110553E+01,4.098443E+01,2.388832E+01,4.781038E+01,2.519897E+03,2.022103E+03,8.552347E-02,1.783183E-01,0.000000E+00,0.000000E+00,0.000000E+00,0.000000E+00,0.000000E+00,0.000000E+00,0.000000E+00,0.000000E+00,2.110518E+01,4.048443E+01,2.388831E+01,4.769511E+01,4.145166E+03,3.315723E+03,1.406848E-01,2.923967E-01,0.000000E+00,0.000000E+00,0.000000E+00,0.000000E+00,0.000000E+00,0.000000E+00,0.000000E+00,0.000000E+00,2.110536E+01,4.079632E+01,2.388828E+01,4.772160E+01,2.545655E+03,2.853922E+03,8.639767E-02,2.516707E-01,0.000000E+00,0.000000E+00,0.000000E+00,0.000000E+00,0.000000E+00,0.000000E+00,0.000000E+00,0.000000E+00,2.110517E+01,4.055252E+01,2.388839E+01,4.676089E+01
19:00:00,8.918986E+02,3.361488E+03,3.027545E-02,2.964211E-01,0.000000E+00,0.000000E+00,0.000000E+00,0.000000E+00,0.000000E+00,0.000000E+00,0.000000E+00,0.000000E+00,2.111000E+01,4.949701E+01,2.388868E+01,4.745827E+01,4.078602E+03,3.143763E+03,1.384265E-01,2.772310E-01,0.000000E+00,0.000000E+00,0.000000E+00,0.000000E+00,0.000000E+00,0.000000E+00,0.000000E+00,0.000000E+00,2.110553E+01,4.098446E+01,2.388833E+01,4.783515E+01,2.519907E+03,2.002284E+03,8.552382E-02,1.765704E-01,0.000000E+00,0.000000E+00,0.000000E+00,0.000000E+00,0.000000E+00,0.000000E+00,0.000000E+00,0.000000E+00,2.110518E+01,4.048446E+01,2.388832E+01,4.771860E+01,4.145183E+03,3.295766E+03,1.406854E-01,2.906366E-01,0.000000E+00,0.000000E+00,0.000000E+00,0.000000E+00,0.000000E+00,0.000000E+00,0.000000E+00,0.000000E+00,2.110536E+01,4.079634E+01,2.388830E+01,4.773299E+01,2.545665E+03,2.801310E+03,8.639802E-02,2.470308E-01,0.000000E+00,0.000000E+00,0.000000E+00,0.000000E+00,0.000000E+00,0.000000E+00,0.000000E+00,0.000000E+00,2.110517E+01,4.055254E+01,2.388841E+01,4.680098E+01
19:10:00,8.919213E+02,3.360885E+03,3.027622E-02,2.963679E-01,0.000000E+00,0.000000E+00,0.000000E+00,0.000000E+00,0.000000E+00,0.000000E+00,0.000000E+00,0.000000E+00,2.111000E+01,4.949701E+01,2.388868E+01,4.745833E+01,4.078619E+03,3.115566E+03,1.384271E-01,2.747443E-01,0.000000E+00,0.000000E+00,0.000000E+00,0.000000E+00,0.000000E+00,0.000000E+00,0.000000E+00,0.000000E+00,2.110553E+01,4.098448E+01,2.388833E+01,4.786176E+01,2.519917E+03,1.985052E+03,8.552416E-02,1.750508E-01,0.000000E+00,0.000000E+00,0.000000E+00,0.000000E+00,0.000000E+00,0.000000E+00,0.000000E+00,0.000000E+00,2.110518E+01,4.048448E+01,2.388832E+01,4.774328E+01,4.145200E+03,3.272811E+03,1.406860E-01,2.886120E-01,0.000000E+00,0.000000E+00,0.000000E+00,0.000000E+00,0.000000E+00,0.000000E+00,0.000000E+00,0.000000E+00,2.110536E+01,4.079637E+01,2.388831E+01,4.775127E+01,2.545675E+03,2.742880E+03,8.639836E-02,2.418779E-01,0.000000E+00,0.000000E+00,0.000000E+00,0.000000E+00,0.000000E+00,0.000000E+00,0.000000E+00,0.000000E+00,2.110517E+01,4.055257E+01,2.388842E+01,4.684895E+01
19:20:00,8.919439E+02,3.359372E+03,3.027699E-02,2.962345E-01,0.000000E+00,0.000000E+00,0.000000E+00,0.000000E+00,0.000000E+00,0.000000E+00,0.000000E+00,0.000000E+00,2.111000E+01,4.949701E+01,2.388868E+01,4.745905E+01,4.078637E+03,3.086080E+03,1.384277E-01,2.721440E-01,0.000000E+00,0.000000E+00,0.000000E+00,0.000000E+00,0.000000E+00,0.000000E+00,0.000000E+00,0.000000E+00,2.110553E+01,4.098451E+01,2.388833E+01,4.795419E+01,2.519927E+03,1.967284E+03,8.552451E-02,1.734839E-01,0.000000E+00,0.000000E+00,0.000000E+00,0.000000E+00,0.000000E+00,0.000000E+00,0.000000E+00,0.000000E+00,2.110518E+01,4.048451E+01,2.388831E+01,4.784071E+01,4.145217E+03,3.239669E+03,1.406866E-01,2.856892E-01,0.000000E+00,0.000000E+00,0.000000E+00,0.000000E+00,0.000000E+00,0.000000E+00,0.000000E+00,0.000000E+00,2.110536E+01,4.079640E+01,2.388831E+01,4.784288E+01,2.545685E+03,2.673232E+03,8.639870E-02,2.357358E-01,0.000000E+00,0.000000E+00,0.000000E+00,0.000000E+00,0.000000E+00,0.000000E+00,0.000000E+00,0.000000E+00,2.110517E+01,4.055260E+01,2.388842E+01,4.697574E+01
19:30:00,8.919665E+02,3.356819E+03,3.027775E-02,2.960093E-01,0.000000E+00,0.000000E+00,0.000000E+00,0.000000E+00,0.000000E+00,0.000000E+00,0.000000E+00,0.000000E+00,2.111000E+01,4.949701E+01,2.388869E+01,4.746055E+01,4.078654E+03,3.055551E+03,1.384283E-01,2.694519E-01,0.000000E+00,0.000000E+00,0.000000E+00,0.000000E+00,0.000000E+00,0.000000E+00,0.000000E+00,0.000000E+00,2.110553E+01,4.098454E+01,2.388830E+01,4.806770E+01,2.519937E+03,1.949036E+03,8.552485E-02,1.718747E-01,0.000000E+00,0.000000E+00,0.000000E+00,0.000000E+00,0.000000E+00,0.000000E+00,0.000000E+00,0.000000E+00,2.110518E+01,4.048454E+01,2.388828E+01,4.795965E+01,4.145235E+03,3.197364E+03,1.406872E-01,2.819583E-01,0.000000E+00,0.000000E+00,0.000000E+00,0.000000E+00,0.000000E+00,0.000000E+00,0.000000E+00,0.000000E+00,2.110536E+01,4.079642E+01,2.388830E+01,4.796321E+01,2.545695E+03,2.594935E+03,8.639905E-02,2.288311E-01,0.000000E+00,0.000000E+00,0.000000E+00,0.000000E+00,0.000000E+00,0.000000E+00,0.000000E+00,0.000000E+00,2.110517E+01,4.055262E+01,2.388841E+01,4.713035E+01
19:40:00,8.919891E+02,3.353203E+03,3.027852E-02,2.956905E-01,0.000000E+00,0.000000E+00,0.000000E+00,0.000000E+00,0.000000E+00,0.000000E+00,0.000000E+00,0.000000E+00,2.111000E+01,4.949701E+01,2.388869E+01,4.746289E+01,4.078671E+03,3.024934E+03,1.384288E-01,2.667521E-01,0.000000E+00,0.000000E+00,0.000000E+00,0.000000E+00,0.000000E+00,0.000000E+00,0.000000E+00,0.000000E+00,2.110553E+01,4.098456E+01,2.388827E+01,4.816623E+01,2.519947E+03,1.930723E+03,8.552519E-02,1.702600E-01,0.000000E+00,0.000000E+00,0.000000E+00,0.000000E+00,0.000000E+00,0.000000E+00,0.000000E+00,0.000000E+00,2.110518E+01,4.048457E+01,2.388824E+01,4.805984E+01,4.145252E+03,3.152430E+03,1.406878E-01,2.779958E-01,0.000000E+00,0.000000E+00,0.000000E+00,0.000000E+00,0.000000E+00,0.000000E+00,0.000000E+00,0.000000E+00,2.110536E+01,4.079645E+01,2.388827E+01,4.807573E+01,2.545706E+03,2.517097E+03,8.639939E-02,2.219670E-01,0.000000E+00,0.000000E+00,0.000000E+00,0.000000E+00,0.000000E+00,0.000000E+00,0.000000E+00,0.000000E+00,2.110517E+01,4.055265E+01,2.388837E+01,4.727281E+01
19:50:00,8.920116E+02,3.348664E+03,3.027929E-02,2.952902E-01,0.000000E+00,0.000000E+00,0.000000E+00,0.000000E+00,0.000000E+00,0.000000E+00,0.000000E+00,0.000000E+00,2.111000E+01,4.949701E+01,2.388869E+01,4.746611E+01,4.078688E+03,2.994529E+03,1.384294E-01,2.640712E-01,0.000000E+00,0.000000E+00,0.000000E+00,0.000000E+00,0.000000E+00,0.000000E+00,0.000000E+00,0.000000E+00,2.110553E+01,4.098459E+01,2.388824E+01,4.824058E+01,2.519957E+03,1.912453E+03,8.552554E-02,1.686491E-01,0.000000E+00,0.000000E+00,0.000000E+00,0.000000E+00,0.000000E+00,0.000000E+00,0.000000E+00,0.000000E+00,2.110518E+01,4.048459E+01,2.388821E+01,4.813214E+01,4.145269E+03,3.106712E+03,1.406883E-01,2.739642E-01,0.000000E+00,0.000000E+00,0.000000E+00,0.000000E+00,0.000000E+00,0.000000E+00,0.000000E+00,0.000000E+00,2.110536E+01,4.079648E+01,2.388824E+01,4.816687E+01,2.545716E+03,2.441473E+03,8.639973E-02,2.152983E-01,0.000000E+00,0.000000E+00,0.000000E+00,0.000000E+00,0.000000E+00,0.000000E+00,0.000000E+00,0.000000E+00,2.110517E+01,4.055268E+01,2.388833E+01,4.738860E+01
20:00:00,8.920341E+02,3.343439E+03,3.028005E-02,2.948294E-01,0.000000E+00,0.000000E+00,0.000000E+00,0.000000E+00,0.000000E+00,0.000000E+00,0.000000E+00,0.000000E+00,2.111000E+01,4.949701E+01,2.388869E+01,4.747008E+01,4.078705E+03,2.965306E+03,1.384300E-01,2.614946E-01,0.000000E+00,0.000000E+00,0.000000E+00,0.000000E+00,0.000000E+00,0.000000E+00,0.000000E+00,0.000000E+00,2.110553E+01,4.098462E+01,2.388822E+01,4.829552E+01,2.519968E+03,1.894670E+03,8.552588E-02,1.670813E-01,0.000000E+00,0.000000E+00,0.000000E+00,0.000000E+00,0.000000E+00,0.000000E+00,0.000000E+00,0.000000E+00,2.110518E+01,4.048462E+01,2.388819E+01,4.818314E+01,4.145286E+03,3.062267E+03,1.406889E-01,2.700452E-01,0.000000E+00,0.000000E+00,0.000000E+00,0.000000E+00,0.000000E+00,0.000000E+00,0.000000E+00,0.000000E+00,2.110536E+01,4.079651E+01,2.388822E+01,4.823646E+01,2.545726E+03,2.370385E+03,8.640008E-02,2.090299E-01,0.000000E+00,0.000000E+00,0.000000E+00,0.000000E+00,0.000000E+00,0.000000E+00,0.000000E+00,0.000000E+00,2.110517E+01,4.055270E+01,2.388829E+01,4.747868E+01
20:10:00,8.920566E+02,3.337803E+03,3.028081E-02,2.943324E-01,0.000000E+00,0.000000E+00,0.000000E+00,0.000000E+00,0.000000E+00,0.000000E+00,0.000000E+00,0.000000E+00,2.111000E+01,4.949701E+01,2.388869E+01,4.747459E+01,4.078722E+03,2.933203E+03,1.384306E-01,2.586641E-01,0.000000E+00,0.000000E+00,0.000000E+00,0.000000E+00,0.000000E+00,0.000000E+00,0.000000E+00,0.000000E+00,2.110553E+01,4.098465E+01,2.388821E+01,4.833749E+01,2.519978E+03,1.874600E+03,8.552622E-02,1.653117E-01,0.000000E+00,0.000000E+00,0.000000E+00,0.000000E+00,0.000000E+00,0.000000E+00,0.000000E+00,0.000000E+00,2.110518E+01,4.048465E+01,2.388818E+01,4.822101E+01,4.145303E+03,3.015810E+03,1.406895E-01,2.659488E-01,0.000000E+00,0.000000E+00,0.000000E+00,0.000000E+00,0.000000E+00,0.000000E+00,0.000000E+00,0.000000E+00,2.110536E+01,4.079653E+01,2.388820E+01,4.828916E+01,2.545736E+03,2.302465E+03,8.640042E-02,2.030409E-01,0.000000E+00,0.000000E+00,0.000000E+00,0.000000E+00,0.000000E+00,0.000000E+00,0.000000E+00,0.000000E+00,2.110517E+01,4.055273E+01,2.388827E+01,4.755023E+01
20:20:00,8.920791E+02,3.332021E+03,3.028157E-02,2.938225E-01,0.000000E+00,0.000000E+00,0.000000E+00,0.000000E+00,0.000000E+00,0.000000E+00,0.000000E+00,0.000000E+00,2.111000E+01,4.949701E+01,2.388869E+01,4.747937E+01,4.078739E+03,2.903247E+03,1.384311E-01,2.560229E-01,0.000000E+00,0.000000E+00,0.000000E+00,0.000000E+00,0.000000E+00,0.000000E+00,0.000000E+00,0.000000E+00,2.110553E+01,4.098467E+01,2.388820E+01,4.837150E+01,2.519988E+03,1.855525E+03,8.552656E-02,1.636299E-01,0.000000E+00,0.000000E+00,0.000000E+00,0.000000E+00,0.000000E+00,0.000000E+00,0.000000E+00,0.000000E+00,2.110518E+01,4.048467E+01,2.388817E+01,4.825166E+01,4.145320E+03,2.975596E+03,1.406901E-01,2.624030E-01,0.000000E+00,0.000000E+00,0.000000E+00,0.000000E+00,0.000000E+00,0.000000E+00,0.000000E+00,0.000000E+00,2.110536E+01,4.079656E+01,2.388819E+01,4.833056E+01,2.545746E+03,2.244896E+03,8.640076E-02,1.979647E-01,0.000000E+00,0.000000E+00,0.000000E+00,0.000000E+00,0.000000E+00,0.000000E+00,0.000000E+00,0.000000E+00,2.110517E+01,4.055275E+01,2.388826E+01,4.761082E+01
20:30:00,8.921015E+02,3.326356E+03,3.028233E-02,2.933229E-01,0.000000E+00,0.000000E+00,0.000000E+00,0.000000E+00,0.000000E+00,0.000000E+00,0.000000E+00,0.000000E+00,2.111000E+01,4.949701E+01,2.388869E+01,4.748422E+01,4.078756E+03,2.875570E+03,1.384317E-01,2.535826E-01,0.000000E+00,0.000000E+00,0.000000E+00,0.000000E+00,0.000000E+00,0.000000E+00,0.000000E+00,0.000000E+00,2.110553E+01,4.098470E+01,2.388820E+01,4.840049E+01,2.519998E+03,1.837539E+03,8.552690E-02,1.620441E-01,0.000000E+00,0.000000E+00,0.000000E+00,0.000000E+00,0.000000E+00,0.000000E+00,0.000000E+00,0.000000E+00,2.110518E+01,4.048470E+01,2.388817E+01,4.827821E+01,4.145337E+03,2.942352E+03,1.406906E-01,2.594719E-01,0.000000E+00,0.000000E+00,0.000000E+00,0.000000E+00,0.000000E+00,0.000000E+00,0.000000E+00,0.000000E+00,2.110536E+01,4.079659E+01,2.388819E+01,4.836484E+01,2.545756E+03,2.196978E+03,8.640110E-02,1.937396E-01,0.000000E+00,0.000000E+00,0.000000E+00,0.000000E+00,0.000000E+00,0.000000E+00,0.000000E+00,0.000000E+00,2.110517E+01,4.055278E+01,2.388825E+01,4.766531E+01
20:40:00,8.921239E+02,3.321004E+03,3.028309E-02,2.928510E-01,0.000000E+00,0.000000E+00,0.000000E+00,0.000000E+00,0.000000E+00,0.000000E+00,0.000000E+00,0.000000E+00,2.111000E+01,4.949701E+01,2.388869E+01,4.748898E+01,4.078773E+03,2.850052E+03,1.384323E-01,2.513325E-01,0.000000E+00,0.000000E+00,0.000000E+00,0.000000E+00,0.000000E+00,0.000000E+00,0.000000E+00,0.000000E+00,2.110553E+01,4.098473E+01,2.388820E+01,4.842602E+01,2.520008E+03,1.820624E+03,8.552724E-02,1.605526E-01,0.000000E+00,0.000000E+00,0.000000E+00,0.000000E+00,0.000000E+00,0.000000E+00,0.000000E+00,0.000000E+00,2.110518E+01,4.048473E+01,2.388817E+01,4.830209E+01,4.145354E+03,2.913484E+03,1.406912E-01,2.569265E-01,0.000000E+00,0.000000E+00,0.000000E+00,0.000000E+00,0.000000E+00,0.000000E+00,0.000000E+00,0.000000E+00,2.110536E+01,4.079661E+01,2.388818E+01,4.839452E+01,2.545766E+03,2.154779E+03,8.640144E-02,1.900186E-01,0.000000E+00,0.000000E+00,0.000000E+00,0.000000E+00,0.000000E+00,0.000000E+00,0.000000E+00,0.000000E+00,2.110517E+01,4.055281E+01,2.388825E+01,4.771606E+01
20:50:00,8.921462E+02,3.316051E+03,3.028385E-02,2.924142E-01,0.000000E+00,0.000000E+00,0.000000E+00,0.000000E+00,0.000000E+00,0.000000E+00,0.000000E+00,0.000000E+00,2.111000E+01,4.949701E+01,2.388869E+01,4.749356E+01,4.078790E+03,2.826420E+03,1.384329E-01,2.492488E-01,0.000000E+00,0.000000E+00,0.000000E+00,0.000000E+00,0.000000E+00,0.000000E+00,0.000000E+00,0.000000E+00,2.110553E+01,4.098475E+01,2.388820E+01,4.844894E+01,2.520018E+03,1.804683E+03,8.552758E-02,1.591469E-01,0.000000E+00,0.000000E+00,0.000000E+00,0.000000E+00,0.000000E+00,0.000000E+00,0.000000E+00,0.000000E+00,2.110518E+01,4.048475E+01,2.388817E+01,4.832397E+01,4.145371E+03,2.886895E+03,1.406918E-01,2.545820E-01,0.000000E+00,0.000000E+00,0.000000E+00,0.000000E+00,0.000000E+00,0.000000E+00,0.000000E+00,0.000000E+00,2.110536E+01,4.079664E+01,2.388818E+01,4.842102E+01,2.545776E+03,2.115811E+03,8.640178E-02,1.865825E-01,0.000000E+00,0.000000E+00,0.000000E+00,0.000000E+00,0.000000E+00,0.000000E+00,0.000000E+00,0.000000E+00,2.110517E+01,4.055283E+01,2.388825E+01,4.776396E+01
21:00:00,8.921685E+02,3.311487E+03,3.028461E-02,2.920118E-01,0.000000E+00,0.000000E+00,0.000000E+00,0.000000E+00,0.000000E+00,0.000000E+00,0.000000E+00,0.000000E+00,2.111000E+01,4.949701E+01,2.388869E+01,4.749795E+01,4.078807E+03,2.803967E+03,1.384334E-01,2.472688E-01,0.000000E+00,0.000000E+00,0.000000E+00,0.000000E+00,0.000000E+00,0.000000E+00,0.000000E+00,0.000000E+00,2.110553E+01,4.098478E+01,2.388820E+01,4.846978E+01,2.520028E+03,1.789387E+03,8.552792E-02,1.577980E-01,0.000000E+00,0.000000E+00,0.000000E+00,0.000000E+00,0.000000E+00,0.000000E+00,0.000000E+00,0.000000E+00,2.110518E+01,4.048478E+01,2.388818E+01,4.834422E+01,4.145388E+03,2.861605E+03,1.406924E-01,2.523519E-01,0.000000E+00,0.000000E+00,0.000000E+00,0.000000E+00,0.000000E+00,0.000000E+00,0.000000E+00,0.000000E+00,2.110536E+01,4.079667E+01,2.388818E+01,4.844512E+01,2.545786E+03,2.079324E+03,8.640212E-02,1.833650E-01,0.000000E+00,0.000000E+00,0.000000E+00,0.000000E+00,0.000000E+00,0.000000E+00,0.000000E+00,0.000000E+00,2.110517E+01,4.055286E+01,2.388825E+01,4.780934E+01
21:10:00,8.921908E+02,3.307258E+03,3.028537E-02,2.916389E-01,0.000000E+00,0.000000E+00,0.000000E+00,0.000000E+00,0.000000E+00,0.000000E+00,0.000000E+00,0.000000E+00,2.111000E+01,4.949701E+01,2.388869E+01,4.750211E+01,4.078823E+03,2.782348E+03,1.384340E-01,2.453623E-01,0.000000E+00,0.000000E+00,0.000000E+00,0.000000E+00,0.000000E+00,0.000000E+00,0.000000E+00,0.000000E+00,2.110553E+01,4.098481E+01,2.388820E+01,4.848895E+01,2.520038E+03,1.774559E+03,8.552826E-02,1.564904E-01,0.000000E+00,0.000000E+00,0.000000E+00,0.000000E+00,0.000000E+00,0.000000E+00,0.000000E+00,0.000000E+00,2.110518E+01,4.048481E+01,2.388818E+01,4.836315E+01,4.145404E+03,2.837227E+03,1.406929E-01,2.502021E-01,0.000000E+00,0.000000E+00,0.000000E+00,0.000000E+00,0.000000E+00,0.000000E+00,0.000000E+00,0.000000E+00,2.110536E+01,4.079669E+01,2.388819E+01,4.846731E+01,2.545796E+03,2.045018E+03,8.640246E-02,1.803398E-01,0.000000E+00,0.000000E+00,0.000000E+00,0.000000E+00,0.000000E+00,0.000000E+00,0.000000E+00,0.000000E+00,2.110517E+01,4.055289E+01,2.388825E+01,4.785234E+01
21:20:00,8.922131E+02,3.303312E+03,3.028612E-02,2.912909E-01,0.000000E+00,0.000000E+00,0.000000E+00,0.000000E+00,0.000000E+00,0.000000E+00,0.000000E+00,0.000000E+00,2.111000E+01,4.949701E+01,2.388869E+01,4.750607E+01,4.078840E+03,2.761498E+03,1.384346E-01,2.435237E-01,0.000000E+00,0.000000E+00,0.000000E+00,0.000000E+00,0.000000E+00,0.000000E+00,0.000000E+00,0.000000E+00,2.110553E+01,4.098483E+01,2.388820E+01,4.850673E+01,2.520048E+03,1.760182E+03,8.552860E-02,1.552225E-01,0.000000E+00,0.000000E+00,0.000000E+00,0.000000E+00,0.000000E+00,0.000000E+00,0.000000E+00,0.000000E+00,2.110518E+01,4.048483E+01,2.388818E+01,4.838098E+01,4.145421E+03,2.813720E+03,1.406935E-01,2.481292E-01,0.000000E+00,0.000000E+00,0.000000E+00,0.000000E+00,0.000000E+00,0.000000E+00,0.000000E+00,0.000000E+00,2.110536E+01,4.079672E+01,2.388819E+01,4.848792E+01,2.545806E+03,2.012792E+03,8.640280E-02,1.774980E-01,0.000000E+00,0.000000E+00,0.000000E+00,0.000000E+00,0.000000E+00,0.000000E+00,0.000000E+00,0.000000E+00,2.110517E+01,4.055291E+01,2.388825E+01,4.789308E+01
21:30:00,8.922353E+02,3.299602E+03,3.028688E-02,2.909638E-01,0.000000E+00,0.000000E+00,0.000000E+00,0.000000E+00,0.000000E+00,0.000000E+00,0.000000E+00,0.000000E+00,2.111000E+01,4.949701E+01,2.388869E+01,4.750984E+01,4.078857E+03,2.741362E+03,1.384352E-01,2.417479E-01,0.000000E+00,0.000000E+00,0.000000E+00,0.000000E+00,0.000000E+00,0.000000E+00,0.000000E+00,0.000000E+00,2.110553E+01,4.098486E+01,2.388821E+01,4.852335E+01,2.520058E+03,1.746235E+03,8.552894E-02,1.539926E-01,0.000000E+00,0.000000E+00,0.000000E+00,0.000000E+00,0.000000E+00,0.000000E+00,0.000000E+00,0.000000E+00,2.110518E+01,4.048486E+01,2.388819E+01,4.839787E+01,4.145438E+03,2.791054E+03,1.406941E-01,2.461304E-01,0.000000E+00,0.000000E+00,0.000000E+00,0.000000E+00,0.000000E+00,0.000000E+00,0.000000E+00,0.000000E+00,2.110536E+01,4.079675E+01,2.388819E+01,4.850720E+01,2.545816E+03,1.982536E+03,8.640313E-02,1.748299E-01,0.000000E+00,0.000000E+00,0.000000E+00,0.000000E+00,0.000000E+00,0.000000E+00,0.000000E+00,0.000000E+00,2.110517E+01,4.055294E+01,2.388825E+01,4.793168E+01
21:40:00,8.922575E+02,3.296089E+03,3.028763E-02,2.906540E-01,0.000000E+00,0.000000E+00,0.000000E+00,0.000000E+00,0.000000E+00,0.000000E+00,0.000000E+00,0.000000E+00,2.111000E+01,4.949701E+01,2.388868E+01,4.751342E+01,4.078874E+03,2.721880E+03,1.384357E-01,2.400298E-01,0.000000E+00,0.000000E+00,0.000000E+00,0.000000E+00,0.000000E+00,0.000000E+00,0.000000E+00,0.000000E+00,2.110553E+01,4.098489E+01,2.388821E+01,4.853898E+01,2.520068E+03,1.732693E+03,8.552928E-02,1.527984E-01,0.000000E+00,0.000000E+00,0.000000E+00,0.000000E+00,0.000000E+00,0.000000E+00,0.000000E+00,0.000000E+00,2.110518E+01,4.048489E+01,2.388819E+01,4.841394E+01,4.145455E+03,2.769187E+03,1.406947E-01,2.442020E-01,0.000000E+00,0.000000E+00,0.000000E+00,0.000000E+00,0.000000E+00,0.000000E+00,0.000000E+00,0.000000E+00,2.110536E+01,4.079677E+01,2.388819E+01,4.852532E+01,2.545826E+03,1.954118E+03,8.640347E-02,1.723239E-01,0.000000E+00,0.000000E+00,0.000000E+00,0.000000E+00,0.000000E+00,0.000000E+00,0.000000E+00,0.000000E+00,2.110517E+01,4.055297E+01,2.388825E+01,4.796822E+01
21:50:00,8.922797E+02,3.292748E+03,3.028838E-02,2.903594E-01,0.000000E+00,0.000000E+00,0.000000E+00,0.000000E+00,0.000000E+00,0.000000E+00,0.000000E+00,0.000000E+00,2.111000E+01,4.949701E+01,2.388868E+01,4.751684E+01,4.078891E+03,2.703009E+03,1.384363E-01,2.383656E-01,0.000000E+00,0.000000E+00,0.000000E+00,0.000000E+00,0.000000E+00,0.000000E+00,0.000000E+00,0.000000E+00,2.110553E+01,4.098491E+01,2.388821E+01,4.855374E+01,2.520078E+03,1.719540E+03,8.552961E-02,1.516384E-01,0.000000E+00,0.000000E+00,0.000000E+00,0.000000E+00,0.000000E+00,0.000000E+00,0.000000E+00,0.000000E+00,2.110518E+01,4.048491E+01,2.388820E+01,4.842929E+01,4.145472E+03,2.748086E+03,1.406952E-01,2.423411E-01,0.000000E+00,0.000000E+00,0.000000E+00,0.000000E+00,0.000000E+00,0.000000E+00,0.000000E+00,0.000000E+00,2.110536E+01,4.079680E+01,2.388820E+01,4.854240E+01,2.545836E+03,1.927416E+03,8.640381E-02,1.699692E-01,0.000000E+00,0.000000E+00,0.000000E+00,0.000000E+00,0.000000E+00,0.000000E+00,0.000000E+00,0.000000E+00,2.110517E+01,4.055299E+01,2.388825E+01,4.800280E+01
22:00:00,8.923018E+02,3.289552E+03,3.028913E-02,2.900776E-01,0.000000E+00,0.000000E+00,0.000000E+00,0.000000E+00,0.000000E+00,0.000000E+00,0.000000E+00,0.000000E+00,2.111000E+01,4.949701E+01,2.388868E+01,4.752010E+01,4.078907E+03,2.684700E+03,1.384369E-01,2.367510E-01,0.000000E+00,0.000000E+00,0.000000E+00,0.000000E+00,0.000000E+00,0.000000E+00,0.000000E+00,0.000000E+00,2.110553E+01,4.098494E+01,2.388822E+01,4.856772E+01,2.520088E+03,1.706749E+03,8.552995E-02,1.505104E-01,0.000000E+00,0.000000E+00,0.000000E+00,0.000000E+00,0.000000E+00,0.000000E+00,0.000000E+00,0.000000E+00,2.110518E+01,4.048494E+01,2.388820E+01,4.844396E+01,4.145488E+03,2.727702E+03,1.406958E-01,2.405435E-01,0.000000E+00,0.000000E+00,0.000000E+00,0.000000E+00,0.000000E+00,0.000000E+00,0.000000E+00,0.000000E+00,2.110536E+01,4.079683E+01,2.388820E+01,4.855856E+01,2.545846E+03,1.902293E+03,8.640415E-02,1.677537E-01,0.000000E+00,0.000000E+00,0.000000E+00,0.000000E+00,0.000000E+00,0.000000E+00,0.000000E+00,0.000000E+00,2.110517E+01,4.055302E+01,2.388825E+01,4.803550E+01
22:10:00,8.923239E+02,3.286482E+03,3.028989E-02,2.898069E-01,0.000000E+00,0.000000E+00,0.000000E+00,0.000000E+00,0.000000E+00,0.000000E+00,0.000000E+00,0.000000E+00,2.111000E+01,4.949701E+01,2.388868E+01,4.752324E+01,4.078924E+03,2.667104E+03,1.384374E-01,2.351992E-01,0.000000E+00,0.000000E+00,0.000000E+00,0.000000E+00,0.000000E+00,0.000000E+00,0.000000E+00,0.000000E+00,2.110553E+01,4.098497E+01,2.388822E+01,4.858101E+01,2.520097E+03,1.694413E+03,8.553029E-02,1.494225E-01,0.000000E+00,0.000000E+00,0.000000E+00,0.000000E+00,0.000000E+00,0.000000E+00,0.000000E+00,0.000000E+00,2.110518E+01,4.048497E+01,2.388820E+01,4.845801E+01,4.145505E+03,2.708185E+03,1.406964E-01,2.388223E-01,0.000000E+00,0.000000E+00,0.000000E+00,0.000000E+00,0.000000E+00,0.000000E+00,0.000000E+00,0.000000E+00,2.110536E+01,4.079685E+01,2.388820E+01,4.857385E+01,2.545856E+03,1.878738E+03,8.640448E-02,1.656764E-01,0.000000E+00,0.000000E+00,0.000000E+00,0.000000E+00,0.000000E+00,0.000000E+00,0.000000E+00,0.000000E+00,2.110517E+01,4.055304E+01,2.388825E+01,4.806639E+01
22:20:00,8.923460E+02,3.283527E+03,3.029063E-02,2.895463E-01,0.000000E+00,0.000000E+00,0.000000E+00,0.000000E+00,0.000000E+00,0.000000E+00,0.000000E+00,0.000000E+00,2.111000E+01,4.949701E+01,2.388868E+01,4.752625E+01,4.078941E+03,2.650184E+03,1.384380E-01,2.337071E-01,0.000000E+00,0.000000E+00,0.000000E+00,0.000000E+00,0.000000E+00,0.000000E+00,0.000000E+00,0.000000E+00,2.110553E+01,4.098499E+01,2.388822E+01,4.859390E+01,2.520107E+03,1.682512E+03,8.553062E-02,1.483729E-01,0.000000E+00,0.000000E+00,0.000000E+00,0.000000E+00,0.000000E+00,0.000000E+00,0.000000E+00,0.000000E+00,2.110518E+01,4.048499E+01,2.388821E+01,4.847180E+01,4.145522E+03,2.689499E+03,1.406969E-01,2.371744E-01,0.000000E+00,0.000000E+00,0.000000E+00,0.000000E+00,0.000000E+00,0.000000E+00,0.000000E+00,0.000000E+00,2.110536E+01,4.079688E+01,2.388821E+01,4.858861E+01,2.545865E+03,1.856629E+03,8.640482E-02,1.637268E-01,0.000000E+00,0.000000E+00,0.000000E+00,0.000000E+00,0.000000E+00,0.000000E+00,0.000000E+00,0.000000E+00,2.110517E+01,4.055307E+01,2.388825E+01,4.809591E+01
22:30:00,8.923680E+02,3.280676E+03,3.029138E-02,2.892949E-01,0.000000E+00,0.000000E+00,0.000000E+00,0.000000E+00,0.000000E+00,0.000000E+00,0.000000E+00,0.000000E+00,2.111000E+01,4.949701E+01,2.388868E+01,4.752916E+01,4.078958E+03,2.633912E+03,1.384386E-01,2.322721E-01,0.000000E+00,0.000000E+00,0.000000E+00,0.000000E+00,0.000000E+00,0.000000E+00,0.000000E+00,0.000000E+00,2.110553E+01,4.098502E+01,2.388823E+01,4.860652E+01,2.520117E+03,1.671029E+03,8.553096E-02,1.473602E-01,0.000000E+00,0.000000E+00,0.000000E+00,0.000000E+00,0.000000E+00,0.000000E+00,0.000000E+00,0.000000E+00,2.110518E+01,4.048502E+01,2.388821E+01,4.848546E+01,4.145539E+03,2.671608E+03,1.406975E-01,2.355966E-01,0.000000E+00,0.000000E+00,0.000000E+00,0.000000E+00,0.000000E+00,0.000000E+00,0.000000E+00,0.000000E+00,2.110536E+01,4.079691E+01,2.388821E+01,4.860298E+01,2.545875E+03,1.835859E+03,8.640515E-02,1.618951E-01,0.000000E+00,0.000000E+00,0.000000E+00,0.000000E+00,0.000000E+00,0.000000E+00,0.000000E+00,0.000000E+00,2.110517E+01,4.055310E+01,2.388825E+01,4.812424E+01
22:40:00,8.923900E+02,3.277920E+03,3.029213E-02,2.890519E-01,0.000000E+00,0.000000E+00,0.000000E+00,0.000000E+00,0.000000E+00,0.000000E+00,0.000000E+00,0.000000E+00,2.111000E+01,4.949701E+01,2.388868E+01,4.753196E+01,4.078974E+03,2.618259E+03,1.384391E-01,2.308916E-01,0.000000E+00,0.000000E+00,0.000000E+00,0.000000E+00,0.000000E+00,0.000000E+00,0.000000E+00,0.000000E+00,2.110553E+01,4.098505E+01,2.388823E+01,4.861887E+01,2.520127E+03,1.659948E+03,8.553129E-02,1.463830E-01,0.000000E+00,0.000000E+00,0.000000E+00,0.000000E+00,0.000000E+00,0.000000E+00,0.000000E+00,0.000000E+00,2.110518E+01,4.048505E+01,2.388822E+01,4.849896E+01,4.145555E+03,2.654475E+03,1.406981E-01,2.340857E-01,0.000000E+00,0.000000E+00,0.000000E+00,0.000000E+00,0.000000E+00,0.000000E+00,0.000000E+00,0.000000E+00,2.110536E+01,4.079693E+01,2.388821E+01,4.861693E+01,2.545885E+03,1.816322E+03,8.640549E-02,1.601722E-01,0.000000E+00,0.000000E+00,0.000000E+00,0.000000E+00,0.000000E+00,0.000000E+00,0.000000E+00,0.000000E+00,2.110517E+01,4.055312E+01,2.388825E+01,4.815139E+01
22:50:00,8.924120E+02,3.275250E+03,3.029288E-02,2.888165E-01,0.000000E+00,0.000000E+00,0.000000E+00,0.000000E+00,0.000000E+00,0.000000E+00,0.000000E+00,0.000000E+00,2.111000E+01,4.949701E+01,2.388868E+01,4.753467E+01,4.078991E+03,2.603191E+03,1.384397E-01,2.295628E-01,0.000000E+00,0.000000E+00,0.000000E+00,0.000000E+00,0.000000E+00,0.000000E+00,0.000000E+00,0.000000E+00,2.110553E+01,4.098507E+01,2.388823E+01,4.863089E+01,2.520137E+03,1.649248E+03,8.553163E-02,1.454394E-01,0.000000E+00,0.000000E+00,0.000000E+00,0.000000E+00,0.000000E+00,0.000000E+00,0.000000E+00,0.000000E+00,2.110518E+01,4.048507E+01,2.388822E+01,4.851221E+01,4.145572E+03,2.638058E+03,1.406986E-01,2.326379E-01,0.000000E+00,0.000000E+00,0.000000E+00,0.000000E+00,0.000000E+00,0.000000E+00,0.000000E+00,0.000000E+00,2.110536E+01,4.079696E+01,2.388822E+01,4.863041E+01,2.545895E+03,1.797915E+03,8.640582E-02,1.585490E-01,0.000000E+00,0.000000E+00,0.000000E+00,0.000000E+00,0.000000E+00,0.000000E+00,0.000000E+00,0.000000E+00,2.110517E+01,4.055315E+01,2.388826E+01,4.817730E+01
23:00:00,8.924340E+02,3.272662E+03,3.029362E-02,2.885882E-01,0.000000E+00,0.000000E+00,0.000000E+00,0.000000E+00,0.000000E+00,0.000000E+00,0.000000E+00,0.000000E+00,2.111000E+01,4.949701E+01,2.388868E+01,4.753729E+01,4.079008E+03,2.588690E+03,1.384403E-01,2.282839E-01,0.000000E+00,0.000000E+00,0.000000E+00,0.000000E+00,0.000000E+00,0.000000E+00,0.000000E+00,0.000000E+00,2.110553E+01,4.098510E+01,2.388824E+01,4.864255E+01,2.520147E+03,1.638920E+03,8.553196E-02,1.445285E-01,0.000000E+00,0.000000E+00,0.000000E+00,0.000000E+00,0.000000E+00,0.000000E+00,0.000000E+00,0.000000E+00,2.110518E+01,4.048510E+01,2.388822E+01,4.852514E+01,4.145589E+03,2.622329E+03,1.406992E-01,2.312508E-01,0.000000E+00,0.000000E+00,0.000000E+00,0.000000E+00,0.000000E+00,0.000000E+00,0.000000E+00,0.000000E+00,2.110536E+01,4.079699E+01,2.388822E+01,4.864340E+01,2.545905E+03,1.780556E+03,8.640616E-02,1.570182E-01,0.000000E+00,0.000000E+00,0.000000E+00,0.000000E+00,0.000000E+00,0.000000E+00,0.000000E+00,0.000000E+00,2.110517E+01,4.055317E+01,2.388826E+01,4.820198E+01
23:10:00,8.924559E+02,3.270148E+03,3.029437E-02,2.883666E-01,0.000000E+00,0.000000E+00,0.000000E+00,0.000000E+00,0.000000E+00,0.000000E+00,0.000000E+00,0.000000E+00,2.111000E+01,4.949701E+01,2.388868E+01,4.753984E+01,4.079024E+03,2.574539E+03,1.384408E-01,2.270359E-01,0.000000E+00,0.000000E+00,0.000000E+00,0.000000E+00,0.000000E+00,0.000000E+00,0.000000E+00,0.000000E+00,2.110553E+01,4.098513E+01,2.388824E+01,4.865384E+01,2.520157E+03,1.628833E+03,8.553230E-02,1.436390E-01,0.000000E+00,0.000000E+00,0.000000E+00,0.000000E+00,0.000000E+00,0.000000E+00,0.000000E+00,0.000000E+00,2.110518E+01,4.048512E+01,2.388823E+01,4.853772E+01,4.145605E+03,2.607063E+03,1.406998E-01,2.299044E-01,0.000000E+00,0.000000E+00,0.000000E+00,0.000000E+00,0.000000E+00,0.000000E+00,0.000000E+00,0.000000E+00,2.110536E+01,4.079701E+01,2.388822E+01,4.865587E+01,2.545915E+03,1.764048E+03,8.640649E-02,1.555624E-01,0.000000E+00,0.000000E+00,0.000000E+00,0.000000E+00,0.000000E+00,0.000000E+00,0.000000E+00,0.000000E+00,2.110517E+01,4.055320E+01,2.388826E+01,4.822545E+01
23:20:00,8.924778E+02,3.267703E+03,3.029511E-02,2.881510E-01,0.000000E+00,0.000000E+00,0.000000E+00,0.000000E+00,0.000000E+00,0.000000E+00,0.000000E+00,0.000000E+00,2.111000E+01,4.949701E+01,2.388868E+01,4.754231E+01,4.079041E+03,2.560716E+03,1.384414E-01,2.258169E-01,0.000000E+00,0.000000E+00,0.000000E+00,0.000000E+00,0.000000E+00,0.000000E+00,0.000000E+00,0.000000E+00,2.110553E+01,4.098515E+01,2.388824E+01,4.866475E+01,2.520166E+03,1.618978E+03,8.553263E-02,1.427698E-01,0.000000E+00,0.000000E+00,0.000000E+00,0.000000E+00,0.000000E+00,0.000000E+00,0.000000E+00,0.000000E+00,2.110518E+01,4.048515E+01,2.388823E+01,4.854994E+01,4.145622E+03,2.592221E+03,1.407003E-01,2.285955E-01,0.000000E+00,0.000000E+00,0.000000E+00,0.000000E+00,0.000000E+00,0.000000E+00,0.000000E+00,0.000000E+00,2.110536E+01,4.079704E+01,2.388823E+01,4.866785E+01,2.545925E+03,1.748317E+03,8.640682E-02,1.541751E-01,0.000000E+00,0.000000E+00,0.000000E+00,0.000000E+00,0.000000E+00,0.000000E+00,0.000000E+00,0.000000E+00,2.110517E+01,4.055322E+01,2.388826E+01,4.824775E+01
23:30:00,8.924997E+02,3.265317E+03,3.029585E-02,2.879406E-01,0.000000E+00,0.000000E+00,0.000000E+00,0.000000E+00,0.000000E+00,0.000000E+00,0.000000E+00,0.000000E+00,2.111000E+01,4.949701E+01,2.388868E+01,4.754472E+01,4.079057E+03,2.547197E+03,1.384419E-01,2.246247E-01,0.000000E+00,0.000000E+00,0.000000E+00,0.000000E+00,0.000000E+00,0.000000E+00,0.000000E+00,0.000000E+00,2.110553E+01,4.098518E+01,2.388825E+01,4.867530E+01,2.520176E+03,1.609336E+03,8.553296E-02,1.419196E-01,0.000000E+00,0.000000E+00,0.000000E+00,0.000000E+00,0.000000E+00,0.000000E+00,0.000000E+00,0.000000E+00,2.110518E+01,4.048518E+01,2.388823E+01,4.856179E+01,4.145638E+03,2.577770E+03,1.407009E-01,2.273211E-01,0.000000E+00,0.000000E+00,0.000000E+00,0.000000E+00,0.000000E+00,0.000000E+00,0.000000E+00,0.000000E+00,2.110536E+01,4.079706E+01,2.388823E+01,4.867934E+01,2.545934E+03,1.733290E+03,8.640715E-02,1.528500E-01,0.000000E+00,0.000000E+00,0.000000E+00,0.000000E+00,0.000000E+00,0.000000E+00,0.000000E+00,0.000000E+00,2.110517E+01,4.055325E+01,2.388826E+01,4.826896E+01
23:40:00,8.925215E+02,3.262986E+03,3.029659E-02,2.877351E-01,0.000000E+00,0.000000E+00,0.000000E+00,0.000000E+00,0.000000E+00,0.000000E+00,0.000000E+00,0.000000E+00,2.111000E+01,4.949701E+01,2.388868E+01,4.754707E+01,4.079074E+03,2.533966E+03,1.384425E-01,2.234578E-01,0.000000E+00,0.000000E+00,0.000000E+00,0.000000E+00,0.000000E+00,0.000000E+00,0.000000E+00,0.000000E+00,2.110553E+01,4.098520E+01,2.388825E+01,4.868549E+01,2.520186E+03,1.599900E+03,8.553329E-02,1.410874E-01,0.000000E+00,0.000000E+00,0.000000E+00,0.000000E+00,0.000000E+00,0.000000E+00,0.000000E+00,0.000000E+00,2.110518E+01,4.048520E+01,2.388824E+01,4.857329E+01,4.145655E+03,2.563686E+03,1.407014E-01,2.260791E-01,0.000000E+00,0.000000E+00,0.000000E+00,0.000000E+00,0.000000E+00,0.000000E+00,0.000000E+00,0.000000E+00,2.110536E+01,4.079709E+01,2.388823E+01,4.869037E+01,2.545944E+03,1.718910E+03,8.640749E-02,1.515819E-01,0.000000E+00,0.000000E+00,0.000000E+00,0.000000E+00,0.000000E+00,0.000000E+00,0.000000E+00,0.000000E+00,2.110517E+01,4.055328E+01,2.388826E+01,4.828913E+01
23:50:00,8.925433E+02,3.260706E+03,3.029733E-02,2.875340E-01,0.000000E+00,0.000000E+00,0.000000E+00,0.000000E+00,0.000000E+00,0.000000E+00,0.000000E+00,0.000000E+00,2.111000E+01,4.949701E+01,2.388868E+01,4.754936E+01,4.079090E+03,2.521005E+03,1.384431E-01,2.223148E-01,0.000000E+00,0.000000E+00,0.000000E+00,0.000000E+00,0.000000E+00,0.000000E+00,0.000000E+00,0.000000E+00,2.110553E+01,4.098523E+01,2.388825E+01,4.869534E+01,2.520196E+03,1.590658E+03,8.553363E-02,1.402723E-01,0.000000E+00,0.000000E+00,0.000000E+00,0.000000E+00,0.000000E+00,0.000000E+00,0.000000E+00,0.000000E+00,2.110518E+01,4.048523E+01,2.388824E+01,4.858445E+01,4.145671E+03,2.549943E+03,1.407020E-01,2.248670E-01,0.000000E+00,0.000000E+00,0.000000E+00,0.000000E+00,0.000000E+00,0.000000E+00,0.000000E+00,0.000000E+00,2.110536E+01,4.079712E+01,2.388824E+01,4.870096E+01,2.545954E+03,1.705121E+03,8.640782E-02,1.503659E-01,0.000000E+00,0.000000E+00,0.000000E+00,0.000000E+00,0.000000E+00,0.000000E+00,0.000000E+00,0.000000E+00,2.110517E+01,4.055330E+01,2.388827E+01,4.830833E+01
24:00:00,8.925651E+02,3.258470E+03,3.029807E-02,2.873369E-01,0.000000E+00,0.000000E+00,0.000000E+00,0.000000E+00,0.000000E+00,0.000000E+00,0.000000E+00,0.000000E+00,2.111000E+01,4.949701E+01,2.388868E+01,4.755161E+01,4.079107E+03,2.508297E+03,1.384436E-01,2.211941E-01,0.000000E+00,0.000000E+00,0.000000E+00,0.000000E+00,0.000000E+00,0.000000E+00,0.000000E+00,0.000000E+00,2.110553E+01,4.098526E+01,2.388826E+01,4.870487E+01,2.520206E+03,1.581599E+03,8.553396E-02,1.394734E-01,0.000000E+00,0.000000E+00,0.000000E+00,0.000000E+00,0.000000E+00,0.000000E+00,0.000000E+00,0.000000E+00,2.110518E+01,4.048525E+01,2.388824E+01,4.859527E+01,4.145688E+03,2.536516E+03,1.407026E-01,2.236829E-01,0.000000E+00,0.000000E+00,0.000000E+00,0.000000E+00,0.000000E+00,0.000000E+00,0.000000E+00,0.000000E+00,2.110536E+01,4.079714E+01,2.388824E+01,4.871114E+01,2.545964E+03,1.691871E+03,8.640815E-02,1.491974E-01,0.000000E+00,0.000000E+00,0.000000E+00,0.000000E+00,0.000000E+00,0.000000E+00,0.000000E+00,0.000000E+00,2.110517E+01,4.055333E+01,2.388827E+01,4.832661E+01
Peak,8.925651E+02,3.361488E+03,3.029807E-02,2.964211E-01,0.000000E+00,0.000000E+00,0.000000E+00,0.000000E+00,0.000000E+00,0.000000E+00,0.000000E+00,0.000000E+00,,,,,4.079107E+03,3.440491E+03,1.384436E-01,3.033999E-01,0.000000E+00,0.000000E+00,0.000000E+00,0.000000E+00,0.000000E+00,0.000000E+00,0.000000E+00,0.000000E+00,,,,,2.520206E+03,2.711526E+03,8.553396E-02,2.391148E-01,0.000000E+00,0.000000E+00,0.000000E+00,0.000000E+00,0.000000E+00,0.000000E+00,0.000000E+00,0.000000E+00,,,,,4.145688E+03,3.418589E+03,1.407026E-01,3.014691E-01,0.000000E+00,0.000000E+00,0.000000E+00,0.000000E+00,0.000000E+00,0.000000E+00,0.000000E+00,0.000000E+00,,,,,2.545964E+03,2.978239E+03,8.640815E-02,2.626352E-01,0.000000E+00,0.000000E+00,0.000000E+00,0.000000E+00,0.000000E+00,0.000000E+00,0.000000E+00,0.000000E+00,,,,

Peak Vol Flow (m3/s),,,2.609675E-02,2.553175E-01,,,0.000000E+00,0.000000E+00,,,,,,,,,,,1.192461E-01,2.613285E-01,,,0.000000E+00,0.000000E+00,,,,,,,,,,,7.367327E-02,2.059576E-01,,,0.000000E+00,0.000000E+00,,,,,,,,,,,1.211918E-01,2.596655E-01,,,0.000000E+00,0.000000E+00,,,,,,,,,,,7.442624E-02,2.262165E-01,,,0.000000E+00,0.000000E+00,,,,,,,,
