Time,CORE_ZN ZN:ATLANTA-HARTSFIELD.JACKSON.INTL.AP_GA_USA ANN HTG 99.6% CONDNS DB:Des Heat Load [W],CORE_ZN ZN:ATLANTA-HARTSFIELD.JACKSON.INTL.AP_GA_USA ANN CLG .4% CONDNS DB=>MWB:Des Sens Cool Load [W],CORE_ZN ZN:ATLANTA-HARTSFIELD.JACKSON.INTL.AP_GA_USA ANN HTG 99.6% CONDNS DB:Des Heat Mass Flow [kg/s],CORE_ZN ZN:ATLANTA-HARTSFIELD.JACKSON.INTL.AP_GA_USA ANN CLG .4% CONDNS DB=>MWB:Des Cool Mass Flow [kg/s],CORE_ZN ZN::Des Latent Heat Load [W],CORE_ZN ZN::Des Latent Cool Load [W],CORE_ZN ZN::Des Latent Heat Mass Flow [kg/s],CORE_ZN ZN::Des Latent Cool Mass Flow [kg/s],CORE_ZN ZN::Des Heat Load No DOAS [W],CORE_ZN ZN::Des Sens Cool Load No DOAS [W],CORE_ZN ZN::Des Latent Heat Load No DOAS [W],CORE_ZN ZN::Des Latent Cool Load No DOAS [W],CORE_ZN ZN:ATLANTA-HARTSFIELD.JACKSON.INTL.AP_GA_USA ANN HTG 99.6% CONDNS DB:Heating Zone Temperature [C],CORE_ZN ZN:ATLANTA-HARTSFIELD.JACKSON.INTL.AP_GA_USA ANN HTG 99.6% CONDNS DB:Heating Zone Relative Humidity [%],CORE_ZN ZN:ATLANTA-HARTSFIELD.JACKSON.INTL.AP_GA_USA ANN CLG .4% CONDNS DB=>MWB:Cooling Zone Temperature [C],CORE_ZN ZN:ATLANTA-HARTSFIELD.JACKSON.INTL.AP_GA_USA ANN CLG .4% CONDNS DB=>MWB:Cooling Zone Relative Humidity [%],PERIMETER_ZN_1 ZN:ATLANTA-HARTSFIELD.JACKSON.INTL.AP_GA_USA ANN HTG 99.6% CONDNS DB:Des Heat Load [W],PERIMETER_ZN_1 ZN:ATLANTA-HARTSFIELD.JACKSON.INTL.AP_GA_USA ANN CLG .4% CONDNS DB=>MWB:Des Sens Cool Load [W],PERIMETER_ZN_1 ZN:ATLANTA-HARTSFIELD.JACKSON.INTL.AP_GA_USA ANN HTG 99.6% CONDNS DB:Des Heat Mass Flow [kg/s],PERIMETER_ZN_1 ZN:ATLANTA-HARTSFIELD.JACKSON.INTL.AP_GA_USA ANN CLG .4% CONDNS DB=>MWB:Des Cool Mass Flow [kg/s],PERIMETER_ZN_1 ZN::Des Latent Heat Load [W],PERIMETER_ZN_1 ZN::Des Latent Cool Load [W],PERIMETER_ZN_1 ZN::Des Latent Heat Mass Flow [kg/s],PERIMETER_ZN_1 ZN::Des Latent Cool Mass Flow [kg/s],PERIMETER_ZN_1 ZN::Des Heat Load No DOAS [W],PERIMETER_ZN_1 ZN::Des Sens Cool Load No DOAS [W],PERIMETER_ZN_1 ZN::Des Latent Heat Load No DOAS [W],PERIMETER_ZN_1 ZN::Des Latent Cool Load No DOAS [W],PERIMETER_ZN_1 ZN:ATLANTA-HARTSFIELD.JACKSON.INTL.AP_GA_USA ANN HTG 99.6% CONDNS DB:Heating Zone Temperature [C],PERIMETER_ZN_1 ZN:ATLANTA-HARTSFIELD.JACKSON.INTL.AP_GA_USA ANN HTG 99.6% CONDNS DB:Heating Zone Relative Humidity [%],PERIMETER_ZN_1 ZN:ATLANTA-HARTSFIELD.JACKSON.INTL.AP_GA_USA ANN CLG .4% CONDNS DB=>MWB:Cooling Zone Temperature [C],PERIMETER_ZN_1 ZN:ATLANTA-HARTSFIELD.JACKSON.INTL.AP_GA_USA ANN CLG .4% CONDNS DB=>MWB:Cooling Zone Relative Humidity [%],PERIMETER_ZN_2 ZN:ATLANTA-HARTSFIELD.JACKSON.INTL.AP_GA_USA ANN HTG 99.6% CONDNS DB:Des Heat Load [W],PERIMETER_ZN_2 ZN:ATLANTA-HARTSFIELD.JACKSON.INTL.AP_GA_USA ANN CLG .4% CONDNS DB=>MWB:Des Sens Cool Load [W],PERIMETER_ZN_2 ZN:ATLANTA-HARTSFIELD.JACKSON.INTL.AP_GA_USA ANN HTG 99.6% CONDNS DB:Des Heat Mass Flow [kg/s],PERIMETER_ZN_2 ZN:ATLANTA-HARTSFIELD.JACKSON.INTL.AP_GA_USA ANN CLG .4% CONDNS DB=>MWB:Des Cool Mass Flow [kg/s],PERIMETER_ZN_2 ZN::Des Latent Heat Load [W],PERIMETER_ZN_2 ZN::Des Latent Cool Load [W],PERIMETER_ZN_2 ZN::Des Latent Heat Mass Flow [kg/s],PERIMETER_ZN_2 ZN::Des Latent Cool Mass Flow [kg/s],PERIMETER_ZN_2 ZN::Des Heat Load No DOAS [W],PERIMETER_ZN_2 ZN::Des Sens Cool Load No DOAS [W],PERIMETER_ZN_2 ZN::Des Latent Heat Load No DOAS [W],PERIMETER_ZN_2 ZN::Des Latent Cool Load No DOAS [W],PERIMETER_ZN_2 ZN:ATLANTA-HARTSFIELD.JACKSON.INTL.AP_GA_USA ANN HTG 99.6% CONDNS DB:Heating Zone Temperature [C],PERIMETER_ZN_2 ZN:ATLANTA-HARTSFIELD.JACKSON.INTL.AP_GA_USA ANN HTG 99.6% CONDNS DB:Heating Zone Relative Humidity [%],PERIMETER_ZN_2 ZN:ATLANTA-HARTSFIELD.JACKSON.INTL.AP_GA_USA ANN CLG .4% CONDNS DB=>MWB:Cooling Zone Temperature [C],PERIMETER_ZN_2 ZN:ATLANTA-HARTSFIELD.JACKSON.INTL.AP_GA_USA ANN CLG .4% CONDNS DB=>MWB:Cooling Zone Relative Humidity [%],PERIMETER_ZN_3 ZN:ATLANTA-HARTSFIELD.JACKSON.INTL.AP_GA_USA ANN HTG 99.6% CONDNS DB:Des Heat Load [W],PERIMETER_ZN_3 ZN:ATLANTA-HARTSFIELD.JACKSON.INTL.AP_GA_USA ANN CLG .4% CONDNS DB=>MWB:Des Sens Cool Load [W],PERIMETER_ZN_3 ZN:ATLANTA-HARTSFIELD.JACKSON.INTL.AP_GA_USA ANN HTG 99.6% CONDNS DB:Des Heat Mass Flow [kg/s],PERIMETER_ZN_3 ZN:ATLANTA-HARTSFIELD.JACKSON.INTL.AP_GA_USA ANN CLG .4% CONDNS DB=>MWB:Des Cool Mass Flow [kg/s],PERIMETER_ZN_3 ZN::Des Latent Heat Load [W],PERIMETER_ZN_3 ZN::Des Latent Cool Load [W],PERIMETER_ZN_3 ZN::Des Latent Heat Mass Flow [kg/s],PERIMETER_ZN_3 ZN::Des Latent Cool Mass Flow [kg/s],PERIMETER_ZN_3 ZN::Des Heat Load No DOAS [W],PERIMETER_ZN_3 ZN::Des Sens Cool Load No DOAS [W],PERIMETER_ZN_3 ZN::Des Latent Heat Load No DOAS [W],PERIMETER_ZN_3 ZN::Des Latent Cool Load No DOAS [W],PERIMETER_ZN_3 ZN:ATLANTA-HARTSFIELD.JACKSON.INTL.AP_GA_USA ANN HTG 99.6% CONDNS DB:Heating Zone Temperature [C],PERIMETER_ZN_3 ZN:ATLANTA-HARTSFIELD.JACKSON.INTL.AP_GA_USA ANN HTG 99.6% CONDNS DB:Heating Zone Relative Humidity [%],PERIMETER_ZN_3 ZN:ATLANTA-HARTSFIELD.JACKSON.INTL.AP_GA_USA ANN CLG .4% CONDNS DB=>MWB:Cooling Zone Temperature [C],PERIMETER_ZN_3 ZN:ATLANTA-HARTSFIELD.JACKSON.INTL.AP_GA_USA ANN CLG .4% CONDNS DB=>MWB:Cooling Zone Relative Humidity [%],PERIMETER_ZN_4 ZN:ATLANTA-HARTSFIELD.JACKSON.INTL.AP_GA_USA ANN HTG 99.6% CONDNS DB:Des Heat Load [W],PERIMETER_ZN_4 ZN:ATLANTA-HARTSFIELD.JACKSON.INTL.AP_GA_USA ANN CLG .4% CONDNS DB=>MWB:Des Sens Cool Load [W],PERIMETER_ZN_4 ZN:ATLANTA-HARTSFIELD.JACKSON.INTL.AP_GA_USA ANN HTG 99.6% CONDNS DB:Des Heat Mass Flow [kg/s],PERIMETER_ZN_4 ZN:ATLANTA-HARTSFIELD.JACKSON.INTL.AP_GA_USA ANN CLG .4% CONDNS DB=>MWB:Des Cool Mass Flow [kg/s],PERIMETER_ZN_4 ZN::Des Latent Heat Load [W],PERIMETER_ZN_4 ZN::Des Latent Cool Load [W],PERIMETER_ZN_4 ZN::Des Latent Heat Mass Flow [kg/s],PERIMETER_ZN_4 ZN::Des Latent Cool Mass Flow [kg/s],PERIMETER_ZN_4 ZN::Des Heat Load No DOAS [W],PERIMETER_ZN_4 ZN::Des Sens Cool Load No DOAS [W],PERIMETER_ZN_4 ZN::Des Latent Heat Load No DOAS [W],PERIMETER_ZN_4 ZN::Des Latent Cool Load No DOAS [W],PERIMETER_ZN_4 ZN:ATLANTA-HARTSFIELD.JACKSON.INTL.AP_GA_USA ANN HTG 99.6% CONDNS DB:Heating Zone Temperature [C],PERIMETER_ZN_4 ZN:ATLANTA-HARTSFIELD.JACKSON.INTL.AP_GA_USA ANN HTG 99.6% CONDNS DB:Heating Zone Relative Humidity [%],PERIMETER_ZN_4 ZN:ATLANTA-HARTSFIELD.JACKSON.INTL.AP_GA_USA ANN CLG .4% CONDNS DB=>MWB:Cooling Zone Temperature [C],PERIMETER_ZN_4 ZN:ATLANTA-HARTSFIELD.JACKSON.INTL.AP_GA_USA ANN CLG .4% CONDNS DB=>MWB:Cooling Zone Relative Humidity [%]
00:10:00,9.546143E+02,3.449239E+03,3.240433E-02,3.041587E-01,0.000000E+00,0.000000E+00,0.000000E+00,0.000000E+00,0.000000E+00,0.000000E+00,0.000000E+00,0.000000E+00,2.111000E+01,4.949701E+01,2.388870E+01,4.737413E+01,3.064084E+03,2.693076E+03,1.040012E-01,2.374832E-01,0.000000E+00,0.000000E+00,0.000000E+00,0.000000E+00,0.000000E+00,0.000000E+00,0.000000E+00,0.000000E+00,2.110751E+01,4.332746E+01,2.388851E+01,4.785474E+01,1.834929E+03,1.757020E+03,6.228078E-02,1.549389E-01,0.000000E+00,0.000000E+00,0.000000E+00,0.000000E+00,0.000000E+00,0.000000E+00,0.000000E+00,0.000000E+00,2.110731E+01,4.276292E+01,2.388853E+01,4.761110E+01,3.071405E+03,2.726355E+03,1.042494E-01,2.404180E-01,0.000000E+00,0.000000E+00,0.000000E+00,0.000000E+00,0.000000E+00,0.000000E+00,0.000000E+00,0.000000E+00,2.110742E+01,4.310685E+01,2.388851E+01,4.783874E+01,1.840474E+03,1.917824E+03,6.246899E-02,1.691185E-01,0.000000E+00,0.000000E+00,0.000000E+00,0.000000E+00,0.000000E+00,0.000000E+00,0.000000E+00,0.000000E+00,2.110731E+01,4.277936E+01,2.388856E+01,4.734416E+01
00:20:00,9.537981E+02,3.443981E+03,3.237662E-02,3.036950E-01,0.000000E+00,0.000000E+00,0.000000E+00,0.000000E+00,0.000000E+00,0.000000E+00,0.000000E+00,0.000000E+00,2.111000E+01,4.949701E+01,2.388870E+01,4.737868E+01,3.063804E+03,2.679147E+03,1.039917E-01,2.362548E-01,0.000000E+00,0.000000E+00,0.000000E+00,0.000000E+00,0.000000E+00,0.000000E+00,0.000000E+00,0.000000E+00,2.110751E+01,4.332749E+01,2.388852E+01,4.786695E+01,1.834780E+03,1.746523E+03,6.227570E-02,1.540132E-01,0.000000E+00,0.000000E+00,0.000000E+00,0.000000E+00,0.000000E+00,0.000000E+00,0.000000E+00,0.000000E+00,2.110731E+01,4.276296E+01,2.388853E+01,4.762434E+01,3.071124E+03,2.711756E+03,1.042398E-01,2.391305E-01,0.000000E+00,0.000000E+00,0.000000E+00,0.000000E+00,0.000000E+00,0.000000E+00,0.000000E+00,0.000000E+00,2.110742E+01,4.310689E+01,2.388851E+01,4.785135E+01,1.840325E+03,1.902777E+03,6.246391E-02,1.677916E-01,0.000000E+00,0.000000E+00,0.000000E+00,0.000000E+00,0.000000E+00,0.000000E+00,0.000000E+00,0.000000E+00,2.110731E+01,4.277940E+01,2.388856E+01,4.736189E+01
00:30:00,9.529877E+02,3.438806E+03,3.234911E-02,3.032387E-01,0.000000E+00,0.000000E+00,0.000000E+00,0.000000E+00,0.000000E+00,0.000000E+00,0.000000E+00,0.000000E+00,2.111000E+01,4.949701E+01,2.388869E+01,4.738317E+01,3.063526E+03,2.665536E+03,1.039823E-01,2.350545E-01,0.000000E+00,0.000000E+00,0.000000E+00,0.000000E+00,0.000000E+00,0.000000E+00,0.000000E+00,0.000000E+00,2.110751E+01,4.332753E+01,2.388852E+01,4.787902E+01,1.834631E+03,1.736254E+03,6.227065E-02,1.531076E-01,0.000000E+00,0.000000E+00,0.000000E+00,0.000000E+00,0.000000E+00,0.000000E+00,0.000000E+00,0.000000E+00,2.110731E+01,4.276299E+01,2.388853E+01,4.763751E+01,3.070845E+03,2.697529E+03,1.042304E-01,2.378759E-01,0.000000E+00,0.000000E+00,0.000000E+00,0.000000E+00,0.000000E+00,0.000000E+00,0.000000E+00,0.000000E+00,2.110742E+01,4.310692E+01,2.388851E+01,4.786378E+01,1.840177E+03,1.888259E+03,6.245888E-02,1.665114E-01,0.000000E+00,0.000000E+00,0.000000E+00,0.000000E+00,0.000000E+00,0.000000E+00,0.000000E+00,0.000000E+00,2.110731E+01,4.277943E+01,2.388856E+01,4.737926E+01
00:40:00,9.521828E+02,3.433706E+03,3.232179E-02,3.027890E-01,0.000000E+00,0.000000E+00,0.000000E+00,0.000000E+00,0.000000E+00,0.000000E+00,0.000000E+00,0.000000E+00,2.111000E+01,4.949701E+01,2.388869E+01,4.738759E+01,3.063250E+03,2.652228E+03,1.039729E-01,2.338810E-01,0.000000E+00,0.000000E+00,0.000000E+00,0.000000E+00,0.000000E+00,0.000000E+00,0.000000E+00,0.000000E+00,2.110751E+01,4.332756E+01,2.388852E+01,4.789097E+01,1.834484E+03,1.726203E+03,6.226565E-02,1.522212E-01,0.000000E+00,0.000000E+00,0.000000E+00,0.000000E+00,0.000000E+00,0.000000E+00,0.000000E+00,0.000000E+00,2.110731E+01,4.276302E+01,2.388853E+01,4.765059E+01,3.070568E+03,2.683652E+03,1.042210E-01,2.366522E-01,0.000000E+00,0.000000E+00,0.000000E+00,0.000000E+00,0.000000E+00,0.000000E+00,0.000000E+00,0.000000E+00,2.110742E+01,4.310696E+01,2.388851E+01,4.787603E+01,1.840029E+03,1.874228E+03,6.245388E-02,1.652742E-01,0.000000E+00,0.000000E+00,0.000000E+00,0.000000E+00,0.000000E+00,0.000000E+00,0.000000E+00,0.000000E+00,2.110731E+01,4.277946E+01,2.388856E+01,4.739626E+01
00:50:00,9.513836E+02,3.428675E+03,3.229466E-02,3.023454E-01,0.000000E+00,0.000000E+00,0.000000E+00,0.000000E+00,0.000000E+00,0.000000E+00,0.000000E+00,0.000000E+00,2.111000E+01,4.949701E+01,2.388869E+01,4.739196E+01,3.062976E+03,2.639210E+03,1.039636E-01,2.327330E-01,0.000000E+00,0.000000E+00,0.000000E+00,0.000000E+00,0.000000E+00,0.000000E+00,0.000000E+00,0.000000E+00,2.110751E+01,4.332760E+01,2.388852E+01,4.790277E+01,1.834337E+03,1.716360E+03,6.226068E-02,1.513532E-01,0.000000E+00,0.000000E+00,0.000000E+00,0.000000E+00,0.000000E+00,0.000000E+00,0.000000E+00,0.000000E+00,2.110731E+01,4.276306E+01,2.388854E+01,4.766355E+01,3.070294E+03,2.670109E+03,1.042116E-01,2.354580E-01,0.000000E+00,0.000000E+00,0.000000E+00,0.000000E+00,0.000000E+00,0.000000E+00,0.000000E+00,0.000000E+00,2.110742E+01,4.310699E+01,2.388851E+01,4.788810E+01,1.839883E+03,1.860648E+03,6.244893E-02,1.640766E-01,0.000000E+00,0.000000E+00,0.000000E+00,0.000000E+00,0.000000E+00,0.000000E+00,0.000000E+00,0.000000E+00,2.110731E+01,4.277950E+01,2.388856E+01,4.741290E+01
01:00:00,9.505898E+02,3.423709E+03,3.226772E-02,3.019075E-01,0.000000E+00,0.000000E+00,0.000000E+00,0.000000E+00,0.000000E+00,0.000000E+00,0.000000E+00,0.000000E+00,2.111000E+01,4.949701E+01,2.388869E+01,4.739627E+01,3.062705E+03,2.626470E+03,1.039544E-01,2.316095E-01,0.000000E+00,0.000000E+00,0.000000E+00,0.000000E+00,0.000000E+00,0.000000E+00,0.000000E+00,0.000000E+00,2.110751E+01,4.332763E+01,2.388852E+01,4.791442E+01,1.834192E+03,1.706717E+03,6.225576E-02,1.505029E-01,0.000000E+00,0.000000E+00,0.000000E+00,0.000000E+00,0.000000E+00,0.000000E+00,0.000000E+00,0.000000E+00,2.110731E+01,4.276309E+01,2.388854E+01,4.767637E+01,3.070022E+03,2.656883E+03,1.042024E-01,2.342916E-01,0.000000E+00,0.000000E+00,0.000000E+00,0.000000E+00,0.000000E+00,0.000000E+00,0.000000E+00,0.000000E+00,2.110742E+01,4.310703E+01,2.388851E+01,4.789997E+01,1.839739E+03,1.847487E+03,6.244401E-02,1.629160E-01,0.000000E+00,0.000000E+00,0.000000E+00,0.000000E+00,0.000000E+00,0.000000E+00,0.000000E+00,0.000000E+00,2.110731E+01,4.277953E+01,2.388856E+01,4.742919E+01
01:10:00,9.506443E+02,3.418925E+03,3.226957E-02,3.014857E-01,0.000000E+00,0.000000E+00,0.000000E+00,0.000000E+00,0.000000E+00,0.000000E+00,0.000000E+00,0.000000E+00,2.111000E+01,4.949701E+01,2.388869E+01,4.740054E+01,3.062725E+03,2.614097E+03,1.039551E-01,2.305185E-01,0.000000E+00,0.000000E+00,0.000000E+00,0.000000E+00,0.000000E+00,0.000000E+00,0.000000E+00,0.000000E+00,2.110751E+01,4.332766E+01,2.388852E+01,4.792591E+01,1.834203E+03,1.697318E+03,6.225612E-02,1.496740E-01,0.000000E+00,0.000000E+00,0.000000E+00,0.000000E+00,0.000000E+00,0.000000E+00,0.000000E+00,0.000000E+00,2.110731E+01,4.276312E+01,2.388854E+01,4.768906E+01,3.070041E+03,2.644057E+03,1.042031E-01,2.331605E-01,0.000000E+00,0.000000E+00,0.000000E+00,0.000000E+00,0.000000E+00,0.000000E+00,0.000000E+00,0.000000E+00,2.110742E+01,4.310706E+01,2.388851E+01,4.791165E+01,1.839749E+03,1.834767E+03,6.244437E-02,1.617943E-01,0.000000E+00,0.000000E+00,0.000000E+00,0.000000E+00,0.000000E+00,0.000000E+00,0.000000E+00,0.000000E+00,2.110731E+01,4.277956E+01,2.388856E+01,4.744513E+01
01:20:00,9.506984E+02,3.414197E+03,3.227140E-02,3.010687E-01,0.000000E+00,0.000000E+00,0.000000E+00,0.000000E+00,0.000000E+00,0.000000E+00,0.000000E+00,0.000000E+00,2.111000E+01,4.949701E+01,2.388869E+01,4.740477E+01,3.062744E+03,2.602032E+03,1.039557E-01,2.294545E-01,0.000000E+00,0.000000E+00,0.000000E+00,0.000000E+00,0.000000E+00,0.000000E+00,0.000000E+00,0.000000E+00,2.110751E+01,4.332770E+01,2.388852E+01,4.793739E+01,1.834213E+03,1.688131E+03,6.225647E-02,1.488639E-01,0.000000E+00,0.000000E+00,0.000000E+00,0.000000E+00,0.000000E+00,0.000000E+00,0.000000E+00,0.000000E+00,2.110731E+01,4.276315E+01,2.388854E+01,4.770180E+01,3.070061E+03,2.631571E+03,1.042037E-01,2.320595E-01,0.000000E+00,0.000000E+00,0.000000E+00,0.000000E+00,0.000000E+00,0.000000E+00,0.000000E+00,0.000000E+00,2.110742E+01,4.310710E+01,2.388851E+01,4.792331E+01,1.839760E+03,1.822439E+03,6.244472E-02,1.607072E-01,0.000000E+00,0.000000E+00,0.000000E+00,0.000000E+00,0.000000E+00,0.000000E+00,0.000000E+00,0.000000E+00,2.110731E+01,4.277959E+01,2.388856E+01,4.746096E+01
01:30:00,9.507521E+02,3.409521E+03,3.227323E-02,3.006564E-01,0.000000E+00,0.000000E+00,0.000000E+00,0.000000E+00,0.000000E+00,0.000000E+00,0.000000E+00,0.000000E+00,2.111000E+01,4.949701E+01,2.388869E+01,4.740896E+01,3.062763E+03,2.590268E+03,1.039564E-01,2.284171E-01,0.000000E+00,0.000000E+00,0.000000E+00,0.000000E+00,0.000000E+00,0.000000E+00,0.000000E+00,0.000000E+00,2.110751E+01,4.332773E+01,2.388852E+01,4.794893E+01,1.834224E+03,1.679153E+03,6.225682E-02,1.480722E-01,0.000000E+00,0.000000E+00,0.000000E+00,0.000000E+00,0.000000E+00,0.000000E+00,0.000000E+00,0.000000E+00,2.110731E+01,4.276318E+01,2.388854E+01,4.771466E+01,3.070080E+03,2.619417E+03,1.042044E-01,2.309877E-01,0.000000E+00,0.000000E+00,0.000000E+00,0.000000E+00,0.000000E+00,0.000000E+00,0.000000E+00,0.000000E+00,2.110742E+01,4.310713E+01,2.388851E+01,4.793499E+01,1.839770E+03,1.810482E+03,6.244508E-02,1.596528E-01,0.000000E+00,0.000000E+00,0.000000E+00,0.000000E+00,0.000000E+00,0.000000E+00,0.000000E+00,0.000000E+00,2.110731E+01,4.277962E+01,2.388856E+01,4.747675E+01
01:40:00,9.508054E+02,3.404895E+03,3.227504E-02,3.002485E-01,0.000000E+00,0.000000E+00,0.000000E+00,0.000000E+00,0.000000E+00,0.000000E+00,0.000000E+00,0.000000E+00,2.111000E+01,4.949701E+01,2.388869E+01,4.741311E+01,3.062783E+03,2.578801E+03,1.039570E-01,2.274059E-01,0.000000E+00,0.000000E+00,0.000000E+00,0.000000E+00,0.000000E+00,0.000000E+00,0.000000E+00,0.000000E+00,2.110751E+01,4.332776E+01,2.388852E+01,4.796048E+01,1.834234E+03,1.670379E+03,6.225718E-02,1.472984E-01,0.000000E+00,0.000000E+00,0.000000E+00,0.000000E+00,0.000000E+00,0.000000E+00,0.000000E+00,0.000000E+00,2.110731E+01,4.276322E+01,2.388854E+01,4.772760E+01,3.070099E+03,2.607586E+03,1.042050E-01,2.299444E-01,0.000000E+00,0.000000E+00,0.000000E+00,0.000000E+00,0.000000E+00,0.000000E+00,0.000000E+00,0.000000E+00,2.110742E+01,4.310716E+01,2.388851E+01,4.794668E+01,1.839780E+03,1.798878E+03,6.244543E-02,1.586295E-01,0.000000E+00,0.000000E+00,0.000000E+00,0.000000E+00,0.000000E+00,0.000000E+00,0.000000E+00,0.000000E+00,2.110731E+01,4.277966E+01,2.388856E+01,4.749247E+01
01:50:00,9.508584E+02,3.400318E+03,3.227683E-02,2.998449E-01,0.000000E+00,0.000000E+00,0.000000E+00,0.000000E+00,0.000000E+00,0.000000E+00,0.000000E+00,0.000000E+00,2.111000E+01,4.949701E+01,2.388869E+01,4.741723E+01,3.062802E+03,2.567625E+03,1.039577E-01,2.264204E-01,0.000000E+00,0.000000E+00,0.000000E+00,0.000000E+00,0.000000E+00,0.000000E+00,0.000000E+00,0.000000E+00,2.110751E+01,4.332780E+01,2.388852E+01,4.797199E+01,1.834244E+03,1.661805E+03,6.225752E-02,1.465424E-01,0.000000E+00,0.000000E+00,0.000000E+00,0.000000E+00,0.000000E+00,0.000000E+00,0.000000E+00,0.000000E+00,2.110731E+01,4.276325E+01,2.388854E+01,4.774055E+01,3.070119E+03,2.596072E+03,1.042057E-01,2.289291E-01,0.000000E+00,0.000000E+00,0.000000E+00,0.000000E+00,0.000000E+00,0.000000E+00,0.000000E+00,0.000000E+00,2.110742E+01,4.310720E+01,2.388851E+01,4.795831E+01,1.839790E+03,1.787611E+03,6.244577E-02,1.576360E-01,0.000000E+00,0.000000E+00,0.000000E+00,0.000000E+00,0.000000E+00,0.000000E+00,0.000000E+00,0.000000E+00,2.110731E+01,4.277969E+01,2.388856E+01,4.750806E+01
02:00:00,9.509110E+02,3.395789E+03,3.227862E-02,2.994455E-01,0.000000E+00,0.000000E+00,0.000000E+00,0.000000E+00,0.000000E+00,0.000000E+00,0.000000E+00,0.000000E+00,2.111000E+01,4.949701E+01,2.388869E+01,4.742131E+01,3.062821E+03,2.556738E+03,1.039583E-01,2.254603E-01,0.000000E+00,0.000000E+00,0.000000E+00,0.000000E+00,0.000000E+00,0.000000E+00,0.000000E+00,0.000000E+00,2.110751E+01,4.332783E+01,2.388852E+01,4.798343E+01,1.834254E+03,1.653430E+03,6.225787E-02,1.458038E-01,0.000000E+00,0.000000E+00,0.000000E+00,0.000000E+00,0.000000E+00,0.000000E+00,0.000000E+00,0.000000E+00,2.110731E+01,4.276328E+01,2.388854E+01,4.775344E+01,3.070137E+03,2.584870E+03,1.042063E-01,2.279412E-01,0.000000E+00,0.000000E+00,0.000000E+00,0.000000E+00,0.000000E+00,0.000000E+00,0.000000E+00,0.000000E+00,2.110742E+01,4.310723E+01,2.388852E+01,4.796984E+01,1.839801E+03,1.776669E+03,6.244612E-02,1.566711E-01,0.000000E+00,0.000000E+00,0.000000E+00,0.000000E+00,0.000000E+00,0.000000E+00,0.000000E+00,0.000000E+00,2.110731E+01,4.277972E+01,2.388856E+01,4.752346E+01
02:10:00,9.509632E+02,3.391306E+03,3.228039E-02,2.990503E-01,0.000000E+00,0.000000E+00,0.000000E+00,0.000000E+00,0.000000E+00,0.000000E+00,0.000000E+00,0.000000E+00,2.111000E+01,4.949701E+01,2.388869E+01,4.742536E+01,3.062839E+03,2.546084E+03,1.039590E-01,2.245208E-01,0.000000E+00,0.000000E+00,0.000000E+00,0.000000E+00,0.000000E+00,0.000000E+00,0.000000E+00,0.000000E+00,2.110751E+01,4.332786E+01,2.388852E+01,4.799476E+01,1.834264E+03,1.645223E+03,6.225821E-02,1.450801E-01,0.000000E+00,0.000000E+00,0.000000E+00,0.000000E+00,0.000000E+00,0.000000E+00,0.000000E+00,0.000000E+00,2.110731E+01,4.276331E+01,2.388854E+01,4.776625E+01,3.070156E+03,2.573924E+03,1.042070E-01,2.269759E-01,0.000000E+00,0.000000E+00,0.000000E+00,0.000000E+00,0.000000E+00,0.000000E+00,0.000000E+00,0.000000E+00,2.110742E+01,4.310726E+01,2.388852E+01,4.798124E+01,1.839811E+03,1.766010E+03,6.244646E-02,1.557311E-01,0.000000E+00,0.000000E+00,0.000000E+00,0.000000E+00,0.000000E+00,0.000000E+00,0.000000E+00,0.000000E+00,2.110731E+01,4.277975E+01,2.388856E+01,4.753866E+01
02:20:00,9.510150E+02,3.386870E+03,3.228215E-02,2.986591E-01,0.000000E+00,0.000000E+00,0.000000E+00,0.000000E+00,0.000000E+00,0.000000E+00,0.000000E+00,0.000000E+00,2.111000E+01,4.949701E+01,2.388869E+01,4.742937E+01,3.062858E+03,2.535658E+03,1.039596E-01,2.236014E-01,0.000000E+00,0.000000E+00,0.000000E+00,0.000000E+00,0.000000E+00,0.000000E+00,0.000000E+00,0.000000E+00,2.110751E+01,4.332789E+01,2.388852E+01,4.800605E+01,1.834274E+03,1.637180E+03,6.225855E-02,1.443708E-01,0.000000E+00,0.000000E+00,0.000000E+00,0.000000E+00,0.000000E+00,0.000000E+00,0.000000E+00,0.000000E+00,2.110731E+01,4.276334E+01,2.388854E+01,4.777905E+01,3.070175E+03,2.563225E+03,1.042076E-01,2.260325E-01,0.000000E+00,0.000000E+00,0.000000E+00,0.000000E+00,0.000000E+00,0.000000E+00,0.000000E+00,0.000000E+00,2.110742E+01,4.310730E+01,2.388852E+01,4.799260E+01,1.839821E+03,1.755622E+03,6.244680E-02,1.548151E-01,0.000000E+00,0.000000E+00,0.000000E+00,0.000000E+00,0.000000E+00,0.000000E+00,0.000000E+00,0.000000E+00,2.110731E+01,4.277978E+01,2.388856E+01,4.755375E+01
02:30:00,9.510665E+02,3.382479E+03,3.228390E-02,2.982719E-01,0.000000E+00,0.000000E+00,0.000000E+00,0.000000E+00,0.000000E+00,0.000000E+00,0.000000E+00,0.000000E+00,2.111000E+01,4.949701E+01,2.388869E+01,4.743336E+01,3.062876E+03,2.525457E+03,1.039602E-01,2.227018E-01,0.000000E+00,0.000000E+00,0.000000E+00,0.000000E+00,0.000000E+00,0.000000E+00,0.000000E+00,0.000000E+00,2.110751E+01,4.332792E+01,2.388852E+01,4.801732E+01,1.834284E+03,1.629299E+03,6.225889E-02,1.436759E-01,0.000000E+00,0.000000E+00,0.000000E+00,0.000000E+00,0.000000E+00,0.000000E+00,0.000000E+00,0.000000E+00,2.110731E+01,4.276337E+01,2.388854E+01,4.779186E+01,3.070193E+03,2.552767E+03,1.042082E-01,2.251103E-01,0.000000E+00,0.000000E+00,0.000000E+00,0.000000E+00,0.000000E+00,0.000000E+00,0.000000E+00,0.000000E+00,2.110742E+01,4.310733E+01,2.388852E+01,4.800392E+01,1.839831E+03,1.745496E+03,6.244713E-02,1.539222E-01,0.000000E+00,0.000000E+00,0.000000E+00,0.000000E+00,0.000000E+00,0.000000E+00,0.000000E+00,0.000000E+00,2.110731E+01,4.277981E+01,2.388856E+01,4.756875E+01
02:40:00,9.511177E+02,3.378132E+03,3.228564E-02,2.978885E-01,0.000000E+00,0.000000E+00,0.000000E+00,0.000000E+00,0.000000E+00,0.000000E+00,0.000000E+00,0.000000E+00,2.111000E+01,4.949701E+01,2.388869E+01,4.743732E+01,3.062895E+03,2.515477E+03,1.039608E-01,2.218217E-01,0.000000E+00,0.000000E+00,0.000000E+00,0.000000E+00,0.000000E+00,0.000000E+00,0.000000E+00,0.000000E+00,2.110751E+01,4.332796E+01,2.388852E+01,4.802855E+01,1.834294E+03,1.621577E+03,6.225922E-02,1.429949E-01,0.000000E+00,0.000000E+00,0.000000E+00,0.000000E+00,0.000000E+00,0.000000E+00,0.000000E+00,0.000000E+00,2.110731E+01,4.276340E+01,2.388854E+01,4.780467E+01,3.070212E+03,2.542546E+03,1.042089E-01,2.242089E-01,0.000000E+00,0.000000E+00,0.000000E+00,0.000000E+00,0.000000E+00,0.000000E+00,0.000000E+00,0.000000E+00,2.110742E+01,4.310736E+01,2.388852E+01,4.801518E+01,1.839840E+03,1.735621E+03,6.244747E-02,1.530514E-01,0.000000E+00,0.000000E+00,0.000000E+00,0.000000E+00,0.000000E+00,0.000000E+00,0.000000E+00,0.000000E+00,2.110731E+01,4.277984E+01,2.388856E+01,4.758366E+01
02:50:00,9.511685E+02,3.373828E+03,3.228736E-02,2.975090E-01,0.000000E+00,0.000000E+00,0.000000E+00,0.000000E+00,0.000000E+00,0.000000E+00,0.000000E+00,0.000000E+00,2.111000E+01,4.949701E+01,2.388869E+01,4.744124E+01,3.062913E+03,2.505713E+03,1.039615E-01,2.209607E-01,0.000000E+00,0.000000E+00,0.000000E+00,0.000000E+00,0.000000E+00,0.000000E+00,0.000000E+00,0.000000E+00,2.110751E+01,4.332799E+01,2.388852E+01,4.803970E+01,1.834304E+03,1.614011E+03,6.225955E-02,1.423277E-01,0.000000E+00,0.000000E+00,0.000000E+00,0.000000E+00,0.000000E+00,0.000000E+00,0.000000E+00,0.000000E+00,2.110731E+01,4.276343E+01,2.388854E+01,4.781743E+01,3.070230E+03,2.532555E+03,1.042095E-01,2.233279E-01,0.000000E+00,0.000000E+00,0.000000E+00,0.000000E+00,0.000000E+00,0.000000E+00,0.000000E+00,0.000000E+00,2.110742E+01,4.310739E+01,2.388852E+01,4.802636E+01,1.839850E+03,1.725989E+03,6.244780E-02,1.522020E-01,0.000000E+00,0.000000E+00,0.000000E+00,0.000000E+00,0.000000E+00,0.000000E+00,0.000000E+00,0.000000E+00,2.110731E+01,4.277987E+01,2.388856E+01,4.759843E+01
03:00:00,9.512189E+02,3.369566E+03,3.228907E-02,2.971332E-01,0.000000E+00,0.000000E+00,0.000000E+00,0.000000E+00,0.000000E+00,0.000000E+00,0.000000E+00,0.000000E+00,2.111000E+01,4.949701E+01,2.388869E+01,4.744514E+01,3.062931E+03,2.496162E+03,1.039621E-01,2.201185E-01,0.000000E+00,0.000000E+00,0.000000E+00,0.000000E+00,0.000000E+00,0.000000E+00,0.000000E+00,0.000000E+00,2.110751E+01,4.332802E+01,2.388852E+01,4.805075E+01,1.834314E+03,1.606598E+03,6.225988E-02,1.416741E-01,0.000000E+00,0.000000E+00,0.000000E+00,0.000000E+00,0.000000E+00,0.000000E+00,0.000000E+00,0.000000E+00,2.110731E+01,4.276346E+01,2.388854E+01,4.783010E+01,3.070248E+03,2.522790E+03,1.042101E-01,2.224668E-01,0.000000E+00,0.000000E+00,0.000000E+00,0.000000E+00,0.000000E+00,0.000000E+00,0.000000E+00,0.000000E+00,2.110742E+01,4.310742E+01,2.388852E+01,4.803743E+01,1.839860E+03,1.716590E+03,6.244812E-02,1.513732E-01,0.000000E+00,0.000000E+00,0.000000E+00,0.000000E+00,0.000000E+00,0.000000E+00,0.000000E+00,0.000000E+00,2.110731E+01,4.277990E+01,2.388856E+01,4.761303E+01
03:10:00,9.512690E+02,3.365346E+03,3.229077E-02,2.967611E-01,0.000000E+00,0.000000E+00,0.000000E+00,0.000000E+00,0.000000E+00,0.000000E+00,0.000000E+00,0.000000E+00,2.111000E+01,4.949701E+01,2.388869E+01,4.744901E+01,3.062949E+03,2.486772E+03,1.039627E-01,2.192904E-01,0.000000E+00,0.000000E+00,0.000000E+00,0.000000E+00,0.000000E+00,0.000000E+00,0.000000E+00,0.000000E+00,2.110751E+01,4.332805E+01,2.388852E+01,4.806169E+01,1.834323E+03,1.599311E+03,6.226020E-02,1.410315E-01,0.000000E+00,0.000000E+00,0.000000E+00,0.000000E+00,0.000000E+00,0.000000E+00,0.000000E+00,0.000000E+00,2.110731E+01,4.276349E+01,2.388854E+01,4.784266E+01,3.070266E+03,2.513201E+03,1.042107E-01,2.216211E-01,0.000000E+00,0.000000E+00,0.000000E+00,0.000000E+00,0.000000E+00,0.000000E+00,0.000000E+00,0.000000E+00,2.110742E+01,4.310746E+01,2.388852E+01,4.804837E+01,1.839869E+03,1.707390E+03,6.244845E-02,1.505619E-01,0.000000E+00,0.000000E+00,0.000000E+00,0.000000E+00,0.000000E+00,0.000000E+00,0.000000E+00,0.000000E+00,2.110731E+01,4.277993E+01,2.388856E+01,4.762746E+01
03:20:00,9.513188E+02,3.361167E+03,3.229246E-02,2.963926E-01,0.000000E+00,0.000000E+00,0.000000E+00,0.000000E+00,0.000000E+00,0.000000E+00,0.000000E+00,0.000000E+00,2.111000E+01,4.949701E+01,2.388869E+01,4.745284E+01,3.062966E+03,2.477537E+03,1.039633E-01,2.184761E-01,0.000000E+00,0.000000E+00,0.000000E+00,0.000000E+00,0.000000E+00,0.000000E+00,0.000000E+00,0.000000E+00,2.110751E+01,4.332808E+01,2.388852E+01,4.807251E+01,1.834333E+03,1.592145E+03,6.226053E-02,1.403995E-01,0.000000E+00,0.000000E+00,0.000000E+00,0.000000E+00,0.000000E+00,0.000000E+00,0.000000E+00,0.000000E+00,2.110731E+01,4.276352E+01,2.388854E+01,4.785511E+01,3.070284E+03,2.503775E+03,1.042113E-01,2.207900E-01,0.000000E+00,0.000000E+00,0.000000E+00,0.000000E+00,0.000000E+00,0.000000E+00,0.000000E+00,0.000000E+00,2.110742E+01,4.310749E+01,2.388852E+01,4.805918E+01,1.839879E+03,1.698381E+03,6.244877E-02,1.497675E-01,0.000000E+00,0.000000E+00,0.000000E+00,0.000000E+00,0.000000E+00,0.000000E+00,0.000000E+00,0.000000E+00,2.110731E+01,4.277996E+01,2.388856E+01,4.764171E+01
03:30:00,9.513682E+02,3.357026E+03,3.229414E-02,2.960274E-01,0.000000E+00,0.000000E+00,0.000000E+00,0.000000E+00,0.000000E+00,0.000000E+00,0.000000E+00,0.000000E+00,2.111000E+01,4.949701E+01,2.388869E+01,4.745666E+01,3.062984E+03,2.468451E+03,1.039639E-01,2.176749E-01,0.000000E+00,0.000000E+00,0.000000E+00,0.000000E+00,0.000000E+00,0.000000E+00,0.000000E+00,0.000000E+00,2.110751E+01,4.332811E+01,2.388852E+01,4.808320E+01,1.834342E+03,1.585095E+03,6.226085E-02,1.397778E-01,0.000000E+00,0.000000E+00,0.000000E+00,0.000000E+00,0.000000E+00,0.000000E+00,0.000000E+00,0.000000E+00,2.110731E+01,4.276355E+01,2.388854E+01,4.786743E+01,3.070301E+03,2.494508E+03,1.042119E-01,2.199728E-01,0.000000E+00,0.000000E+00,0.000000E+00,0.000000E+00,0.000000E+00,0.000000E+00,0.000000E+00,0.000000E+00,2.110742E+01,4.310752E+01,2.388852E+01,4.806985E+01,1.839888E+03,1.689553E+03,6.244909E-02,1.489890E-01,0.000000E+00,0.000000E+00,0.000000E+00,0.000000E+00,0.000000E+00,0.000000E+00,0.000000E+00,0.000000E+00,2.110731E+01,4.277998E+01,2.388856E+01,4.765577E+01
03:40:00,9.514172E+02,3.352923E+03,3.229580E-02,2.956656E-01,0.000000E+00,0.000000E+00,0.000000E+00,0.000000E+00,0.000000E+00,0.000000E+00,0.000000E+00,0.000000E+00,2.111000E+01,4.949701E+01,2.388869E+01,4.746044E+01,3.063001E+03,2.459509E+03,1.039645E-01,2.168864E-01,0.000000E+00,0.000000E+00,0.000000E+00,0.000000E+00,0.000000E+00,0.000000E+00,0.000000E+00,0.000000E+00,2.110751E+01,4.332814E+01,2.388852E+01,4.809377E+01,1.834352E+03,1.578158E+03,6.226117E-02,1.391662E-01,0.000000E+00,0.000000E+00,0.000000E+00,0.000000E+00,0.000000E+00,0.000000E+00,0.000000E+00,0.000000E+00,2.110731E+01,4.276358E+01,2.388854E+01,4.787963E+01,3.070319E+03,2.485391E+03,1.042125E-01,2.191688E-01,0.000000E+00,0.000000E+00,0.000000E+00,0.000000E+00,0.000000E+00,0.000000E+00,0.000000E+00,0.000000E+00,2.110742E+01,4.310755E+01,2.388852E+01,4.808040E+01,1.839898E+03,1.680898E+03,6.244941E-02,1.482258E-01,0.000000E+00,0.000000E+00,0.000000E+00,0.000000E+00,0.000000E+00,0.000000E+00,0.000000E+00,0.000000E+00,2.110731E+01,4.278001E+01,2.388856E+01,4.766966E+01
03:50:00,9.514659E+02,3.348856E+03,3.229746E-02,2.953070E-01,0.000000E+00,0.000000E+00,0.000000E+00,0.000000E+00,0.000000E+00,0.000000E+00,0.000000E+00,0.000000E+00,2.111000E+01,4.949701E+01,2.388869E+01,4.746421E+01,3.063019E+03,2.450705E+03,1.039651E-01,2.161100E-01,0.000000E+00,0.000000E+00,0.000000E+00,0.000000E+00,0.000000E+00,0.000000E+00,0.000000E+00,0.000000E+00,2.110751E+01,4.332817E+01,2.388852E+01,4.810422E+01,1.834361E+03,1.571331E+03,6.226148E-02,1.385641E-01,0.000000E+00,0.000000E+00,0.000000E+00,0.000000E+00,0.000000E+00,0.000000E+00,0.000000E+00,0.000000E+00,2.110731E+01,4.276360E+01,2.388854E+01,4.789171E+01,3.070336E+03,2.476419E+03,1.042131E-01,2.183777E-01,0.000000E+00,0.000000E+00,0.000000E+00,0.000000E+00,0.000000E+00,0.000000E+00,0.000000E+00,0.000000E+00,2.110742E+01,4.310758E+01,2.388852E+01,4.809081E+01,1.839907E+03,1.672410E+03,6.244973E-02,1.474773E-01,0.000000E+00,0.000000E+00,0.000000E+00,0.000000E+00,0.000000E+00,0.000000E+00,0.000000E+00,0.000000E+00,2.110731E+01,4.278004E+01,2.388856E+01,4.768337E+01
04:00:00,9.515143E+02,3.344823E+03,3.229910E-02,2.949514E-01,0.000000E+00,0.000000E+00,0.000000E+00,0.000000E+00,0.000000E+00,0.000000E+00,0.000000E+00,0.000000E+00,2.111000E+01,4.949701E+01,2.388869E+01,4.746794E+01,3.063036E+03,2.442034E+03,1.039656E-01,2.153453E-01,0.000000E+00,0.000000E+00,0.000000E+00,0.000000E+00,0.000000E+00,0.000000E+00,0.000000E+00,0.000000E+00,2.110751E+01,4.332820E+01,2.388852E+01,4.811455E+01,1.834370E+03,1.564609E+03,6.226180E-02,1.379713E-01,0.000000E+00,0.000000E+00,0.000000E+00,0.000000E+00,0.000000E+00,0.000000E+00,0.000000E+00,0.000000E+00,2.110731E+01,4.276363E+01,2.388854E+01,4.790367E+01,3.070353E+03,2.467585E+03,1.042137E-01,2.175986E-01,0.000000E+00,0.000000E+00,0.000000E+00,0.000000E+00,0.000000E+00,0.000000E+00,0.000000E+00,0.000000E+00,2.110742E+01,4.310761E+01,2.388852E+01,4.810110E+01,1.839916E+03,1.664079E+03,6.245004E-02,1.467427E-01,0.000000E+00,0.000000E+00,0.000000E+00,0.000000E+00,0.000000E+00,0.000000E+00,0.000000E+00,0.000000E+00,2.110731E+01,4.278007E+01,2.388856E+01,4.769692E+01
04:10:00,9.515624E+02,3.340824E+03,3.230073E-02,2.945988E-01,0.000000E+00,0.000000E+00,0.000000E+00,0.000000E+00,0.000000E+00,0.000000E+00,0.000000E+00,0.000000E+00,2.111000E+01,4.949701E+01,2.388869E+01,4.747166E+01,3.063053E+03,2.433532E+03,1.039662E-01,2.145956E-01,0.000000E+00,0.000000E+00,0.000000E+00,0.000000E+00,0.000000E+00,0.000000E+00,0.000000E+00,0.000000E+00,2.110751E+01,4.332823E+01,2.388852E+01,4.812476E+01,1.834379E+03,1.558012E+03,6.226211E-02,1.373896E-01,0.000000E+00,0.000000E+00,0.000000E+00,0.000000E+00,0.000000E+00,0.000000E+00,0.000000E+00,0.000000E+00,2.110731E+01,4.276366E+01,2.388854E+01,4.791551E+01,3.070371E+03,2.458929E+03,1.042142E-01,2.168353E-01,0.000000E+00,0.000000E+00,0.000000E+00,0.000000E+00,0.000000E+00,0.000000E+00,0.000000E+00,0.000000E+00,2.110742E+01,4.310764E+01,2.388852E+01,4.811127E+01,1.839925E+03,1.655926E+03,6.245035E-02,1.460237E-01,0.000000E+00,0.000000E+00,0.000000E+00,0.000000E+00,0.000000E+00,0.000000E+00,0.000000E+00,0.000000E+00,2.110731E+01,4.278010E+01,2.388856E+01,4.771030E+01
04:20:00,9.516101E+02,3.336858E+03,3.230235E-02,2.942490E-01,0.000000E+00,0.000000E+00,0.000000E+00,0.000000E+00,0.000000E+00,0.000000E+00,0.000000E+00,0.000000E+00,2.111000E+01,4.949701E+01,2.388869E+01,4.747535E+01,3.063070E+03,2.425197E+03,1.039668E-01,2.138606E-01,0.000000E+00,0.000000E+00,0.000000E+00,0.000000E+00,0.000000E+00,0.000000E+00,0.000000E+00,0.000000E+00,2.110751E+01,4.332826E+01,2.388852E+01,4.813494E+01,1.834388E+03,1.551538E+03,6.226241E-02,1.368187E-01,0.000000E+00,0.000000E+00,0.000000E+00,0.000000E+00,0.000000E+00,0.000000E+00,0.000000E+00,0.000000E+00,2.110731E+01,4.276369E+01,2.388854E+01,4.792734E+01,3.070387E+03,2.450447E+03,1.042148E-01,2.160874E-01,0.000000E+00,0.000000E+00,0.000000E+00,0.000000E+00,0.000000E+00,0.000000E+00,0.000000E+00,0.000000E+00,2.110742E+01,4.310767E+01,2.388852E+01,4.812140E+01,1.839934E+03,1.647944E+03,6.245066E-02,1.453198E-01,0.000000E+00,0.000000E+00,0.000000E+00,0.000000E+00,0.000000E+00,0.000000E+00,0.000000E+00,0.000000E+00,2.110731E+01,4.278012E+01,2.388856E+01,4.772364E+01
04:30:00,9.516575E+02,3.332924E+03,3.230396E-02,2.939021E-01,0.000000E+00,0.000000E+00,0.000000E+00,0.000000E+00,0.000000E+00,0.000000E+00,0.000000E+00,0.000000E+00,2.111000E+01,4.949701E+01,2.388869E+01,4.747902E+01,3.063087E+03,2.417028E+03,1.039674E-01,2.131402E-01,0.000000E+00,0.000000E+00,0.000000E+00,0.000000E+00,0.000000E+00,0.000000E+00,0.000000E+00,0.000000E+00,2.110751E+01,4.332828E+01,2.388852E+01,4.814512E+01,1.834397E+03,1.545186E+03,6.226272E-02,1.362586E-01,0.000000E+00,0.000000E+00,0.000000E+00,0.000000E+00,0.000000E+00,0.000000E+00,0.000000E+00,0.000000E+00,2.110731E+01,4.276372E+01,2.388854E+01,4.793919E+01,3.070404E+03,2.442137E+03,1.042154E-01,2.153546E-01,0.000000E+00,0.000000E+00,0.000000E+00,0.000000E+00,0.000000E+00,0.000000E+00,0.000000E+00,0.000000E+00,2.110742E+01,4.310770E+01,2.388852E+01,4.813153E+01,1.839943E+03,1.640126E+03,6.245096E-02,1.446304E-01,0.000000E+00,0.000000E+00,0.000000E+00,0.000000E+00,0.000000E+00,0.000000E+00,0.000000E+00,0.000000E+00,2.110731E+01,4.278015E+01,2.388856E+01,4.773696E+01
04:40:00,9.517045E+02,3.329022E+03,3.230556E-02,2.935581E-01,0.000000E+00,0.000000E+00,0.000000E+00,0.000000E+00,0.000000E+00,0.000000E+00,0.000000E+00,0.000000E+00,2.111000E+01,4.949701E+01,2.388869E+01,4.748267E+01,3.063103E+03,2.409023E+03,1.039679E-01,2.124343E-01,0.000000E+00,0.000000E+00,0.000000E+00,0.000000E+00,0.000000E+00,0.000000E+00,0.000000E+00,0.000000E+00,2.110751E+01,4.332831E+01,2.388852E+01,4.815528E+01,1.834406E+03,1.538953E+03,6.226302E-02,1.357089E-01,0.000000E+00,0.000000E+00,0.000000E+00,0.000000E+00,0.000000E+00,0.000000E+00,0.000000E+00,0.000000E+00,2.110731E+01,4.276374E+01,2.388854E+01,4.795105E+01,3.070421E+03,2.433996E+03,1.042160E-01,2.146366E-01,0.000000E+00,0.000000E+00,0.000000E+00,0.000000E+00,0.000000E+00,0.000000E+00,0.000000E+00,0.000000E+00,2.110742E+01,4.310773E+01,2.388852E+01,4.814164E+01,1.839952E+03,1.632470E+03,6.245126E-02,1.439553E-01,0.000000E+00,0.000000E+00,0.000000E+00,0.000000E+00,0.000000E+00,0.000000E+00,0.000000E+00,0.000000E+00,2.110731E+01,4.278018E+01,2.388856E+01,4.775026E+01
04:50:00,9.517512E+02,3.325152E+03,3.230714E-02,2.932168E-01,0.000000E+00,0.000000E+00,0.000000E+00,0.000000E+00,0.000000E+00,0.000000E+00,0.000000E+00,0.000000E+00,2.111000E+01,4.949701E+01,2.388869E+01,4.748630E+01,3.063120E+03,2.401181E+03,1.039685E-01,2.117428E-01,0.000000E+00,0.000000E+00,0.000000E+00,0.000000E+00,0.000000E+00,0.000000E+00,0.000000E+00,0.000000E+00,2.110751E+01,4.332834E+01,2.388852E+01,4.816539E+01,1.834415E+03,1.532836E+03,6.226332E-02,1.351695E-01,0.000000E+00,0.000000E+00,0.000000E+00,0.000000E+00,0.000000E+00,0.000000E+00,0.000000E+00,0.000000E+00,2.110731E+01,4.276377E+01,2.388854E+01,4.796288E+01,3.070438E+03,2.426022E+03,1.042165E-01,2.139335E-01,0.000000E+00,0.000000E+00,0.000000E+00,0.000000E+00,0.000000E+00,0.000000E+00,0.000000E+00,0.000000E+00,2.110742E+01,4.310776E+01,2.388852E+01,4.815170E+01,1.839961E+03,1.624970E+03,6.245156E-02,1.432940E-01,0.000000E+00,0.000000E+00,0.000000E+00,0.000000E+00,0.000000E+00,0.000000E+00,0.000000E+00,0.000000E+00,2.110731E+01,4.278021E+01,2.388856E+01,4.776350E+01
05:00:00,9.517977E+02,3.321315E+03,3.230872E-02,2.928784E-01,0.000000E+00,0.000000E+00,0.000000E+00,0.000000E+00,0.000000E+00,0.000000E+00,0.000000E+00,0.000000E+00,2.111000E+01,4.949701E+01,2.388869E+01,4.748990E+01,3.063136E+03,2.393500E+03,1.039690E-01,2.110655E-01,0.000000E+00,0.000000E+00,0.000000E+00,0.000000E+00,0.000000E+00,0.000000E+00,0.000000E+00,0.000000E+00,2.110751E+01,4.332837E+01,2.388852E+01,4.817543E+01,1.834424E+03,1.526836E+03,6.226362E-02,1.346404E-01,0.000000E+00,0.000000E+00,0.000000E+00,0.000000E+00,0.000000E+00,0.000000E+00,0.000000E+00,0.000000E+00,2.110731E+01,4.276380E+01,2.388854E+01,4.797465E+01,3.070454E+03,2.418213E+03,1.042171E-01,2.132448E-01,0.000000E+00,0.000000E+00,0.000000E+00,0.000000E+00,0.000000E+00,0.000000E+00,0.000000E+00,0.000000E+00,2.110742E+01,4.310779E+01,2.388852E+01,4.816170E+01,1.839970E+03,1.617625E+03,6.245186E-02,1.426462E-01,0.000000E+00,0.000000E+00,0.000000E+00,0.000000E+00,0.000000E+00,0.000000E+00,0.000000E+00,0.000000E+00,2.110731E+01,4.278023E+01,2.388856E+01,4.777664E+01
05:10:00,9.518437E+02,3.317510E+03,3.231028E-02,2.925429E-01,0.000000E+00,0.000000E+00,0.000000E+00,0.000000E+00,0.000000E+00,0.000000E+00,0.000000E+00,0.000000E+00,2.111000E+01,4.949701E+01,2.388869E+01,4.749349E+01,3.063153E+03,2.386108E+03,1.039696E-01,2.104136E-01,0.000000E+00,0.000000E+00,0.000000E+00,0.000000E+00,0.000000E+00,0.000000E+00,0.000000E+00,0.000000E+00,2.110751E+01,4.332840E+01,2.388852E+01,4.818539E+01,1.834433E+03,1.521022E+03,6.226392E-02,1.341277E-01,0.000000E+00,0.000000E+00,0.000000E+00,0.000000E+00,0.000000E+00,0.000000E+00,0.000000E+00,0.000000E+00,2.110731E+01,4.276382E+01,2.388854E+01,4.798634E+01,3.070470E+03,2.410687E+03,1.042176E-01,2.125812E-01,0.000000E+00,0.000000E+00,0.000000E+00,0.000000E+00,0.000000E+00,0.000000E+00,0.000000E+00,0.000000E+00,2.110742E+01,4.310782E+01,2.388852E+01,4.817162E+01,1.839979E+03,1.610496E+03,6.245216E-02,1.420176E-01,0.000000E+00,0.000000E+00,0.000000E+00,0.000000E+00,0.000000E+00,0.000000E+00,0.000000E+00,0.000000E+00,2.110731E+01,4.278026E+01,2.388856E+01,4.778969E+01
05:20:00,9.518895E+02,3.313740E+03,3.231184E-02,2.922105E-01,0.000000E+00,0.000000E+00,0.000000E+00,0.000000E+00,0.000000E+00,0.000000E+00,0.000000E+00,0.000000E+00,2.111000E+01,4.949701E+01,2.388869E+01,4.749705E+01,3.063169E+03,2.379018E+03,1.039701E-01,2.097884E-01,0.000000E+00,0.000000E+00,0.000000E+00,0.000000E+00,0.000000E+00,0.000000E+00,0.000000E+00,0.000000E+00,2.110751E+01,4.332843E+01,2.388852E+01,4.819558E+01,1.834441E+03,1.515400E+03,6.226421E-02,1.336319E-01,0.000000E+00,0.000000E+00,0.000000E+00,0.000000E+00,0.000000E+00,0.000000E+00,0.000000E+00,0.000000E+00,2.110731E+01,4.276385E+01,2.388854E+01,4.799836E+01,3.070487E+03,2.403473E+03,1.042182E-01,2.119451E-01,0.000000E+00,0.000000E+00,0.000000E+00,0.000000E+00,0.000000E+00,0.000000E+00,0.000000E+00,0.000000E+00,2.110742E+01,4.310784E+01,2.388852E+01,4.818180E+01,1.839987E+03,1.603598E+03,6.245245E-02,1.414093E-01,0.000000E+00,0.000000E+00,0.000000E+00,0.000000E+00,0.000000E+00,0.000000E+00,0.000000E+00,0.000000E+00,2.110731E+01,4.278029E+01,2.388856E+01,4.780305E+01
05:30:00,9.519349E+02,3.310008E+03,3.231338E-02,2.918814E-01,0.000000E+00,0.000000E+00,0.000000E+00,0.000000E+00,0.000000E+00,0.000000E+00,0.000000E+00,0.000000E+00,2.111000E+01,4.949701E+01,2.388869E+01,4.750059E+01,3.063185E+03,2.372236E+03,1.039707E-01,2.091904E-01,0.000000E+00,0.000000E+00,0.000000E+00,0.000000E+00,0.000000E+00,0.000000E+00,0.000000E+00,0.000000E+00,2.110751E+01,4.332845E+01,2.388852E+01,4.820609E+01,1.834450E+03,1.509973E+03,6.226450E-02,1.331534E-01,0.000000E+00,0.000000E+00,0.000000E+00,0.000000E+00,0.000000E+00,0.000000E+00,0.000000E+00,0.000000E+00,2.110731E+01,4.276388E+01,2.388854E+01,4.801084E+01,3.070503E+03,2.396580E+03,1.042187E-01,2.113372E-01,0.000000E+00,0.000000E+00,0.000000E+00,0.000000E+00,0.000000E+00,0.000000E+00,0.000000E+00,0.000000E+00,2.110742E+01,4.310787E+01,2.388852E+01,4.819233E+01,1.839996E+03,1.596931E+03,6.245274E-02,1.408214E-01,0.000000E+00,0.000000E+00,0.000000E+00,0.000000E+00,0.000000E+00,0.000000E+00,0.000000E+00,0.000000E+00,2.110731E+01,4.278031E+01,2.388855E+01,4.781685E+01
05:40:00,9.519801E+02,3.306317E+03,3.231491E-02,2.915559E-01,0.000000E+00,0.000000E+00,0.000000E+00,0.000000E+00,0.000000E+00,0.000000E+00,0.000000E+00,0.000000E+00,2.111000E+01,4.949701E+01,2.388869E+01,4.750409E+01,3.063201E+03,2.365771E+03,1.039712E-01,2.086203E-01,0.000000E+00,0.000000E+00,0.000000E+00,0.000000E+00,0.000000E+00,0.000000E+00,0.000000E+00,0.000000E+00,2.110751E+01,4.332848E+01,2.388852E+01,4.821685E+01,1.834458E+03,1.504747E+03,6.226479E-02,1.326925E-01,0.000000E+00,0.000000E+00,0.000000E+00,0.000000E+00,0.000000E+00,0.000000E+00,0.000000E+00,0.000000E+00,2.110731E+01,4.276390E+01,2.388854E+01,4.802368E+01,3.070518E+03,2.390016E+03,1.042193E-01,2.107583E-01,0.000000E+00,0.000000E+00,0.000000E+00,0.000000E+00,0.000000E+00,0.000000E+00,0.000000E+00,0.000000E+00,2.110742E+01,4.310790E+01,2.388851E+01,4.820312E+01,1.840004E+03,1.590500E+03,6.245303E-02,1.402543E-01,0.000000E+00,0.000000E+00,0.000000E+00,0.000000E+00,0.000000E+00,0.000000E+00,0.000000E+00,0.000000E+00,2.110731E+01,4.278034E+01,2.388855E+01,4.783098E+01
05:50:00,9.520249E+02,3.302684E+03,3.231643E-02,2.912356E-01,0.000000E+00,0.000000E+00,0.000000E+00,0.000000E+00,0.000000E+00,0.000000E+00,0.000000E+00,0.000000E+00,2.111000E+01,4.949701E+01,2.388868E+01,4.750757E+01,3.063216E+03,2.360657E+03,1.039718E-01,2.081693E-01,0.000000E+00,0.000000E+00,0.000000E+00,0.000000E+00,0.000000E+00,0.000000E+00,0.000000E+00,0.000000E+00,2.110751E+01,4.332851E+01,2.388852E+01,4.822772E+01,1.834467E+03,1.500642E+03,6.226508E-02,1.323306E-01,0.000000E+00,0.000000E+00,0.000000E+00,0.000000E+00,0.000000E+00,0.000000E+00,0.000000E+00,0.000000E+00,2.110731E+01,4.276393E+01,2.388854E+01,4.803672E+01,3.070534E+03,2.384995E+03,1.042198E-01,2.103156E-01,0.000000E+00,0.000000E+00,0.000000E+00,0.000000E+00,0.000000E+00,0.000000E+00,0.000000E+00,0.000000E+00,2.110742E+01,4.310793E+01,2.388851E+01,4.821402E+01,1.840013E+03,1.584894E+03,6.245332E-02,1.397599E-01,0.000000E+00,0.000000E+00,0.000000E+00,0.000000E+00,0.000000E+00,0.000000E+00,0.000000E+00,0.000000E+00,2.110731E+01,4.278036E+01,2.388855E+01,4.784528E+01
06:00:00,9.520694E+02,3.299200E+03,3.231794E-02,2.909284E-01,0.000000E+00,0.000000E+00,0.000000E+00,0.000000E+00,0.000000E+00,0.000000E+00,0.000000E+00,0.000000E+00,2.111000E+01,4.949701E+01,2.388868E+01,4.751100E+01,3.063232E+03,2.357589E+03,1.039723E-01,2.078988E-01,0.000000E+00,0.000000E+00,0.000000E+00,0.000000E+00,0.000000E+00,0.000000E+00,0.000000E+00,0.000000E+00,2.110751E+01,4.332853E+01,2.388852E+01,4.823713E+01,1.834475E+03,1.501918E+03,6.226537E-02,1.324432E-01,0.000000E+00,0.000000E+00,0.000000E+00,0.000000E+00,0.000000E+00,0.000000E+00,0.000000E+00,0.000000E+00,2.110731E+01,4.276395E+01,2.388853E+01,4.804772E+01,3.070550E+03,2.384687E+03,1.042203E-01,2.102885E-01,0.000000E+00,0.000000E+00,0.000000E+00,0.000000E+00,0.000000E+00,0.000000E+00,0.000000E+00,0.000000E+00,2.110742E+01,4.310796E+01,2.388851E+01,4.822321E+01,1.840021E+03,1.580507E+03,6.245360E-02,1.393731E-01,0.000000E+00,0.000000E+00,0.000000E+00,0.000000E+00,0.000000E+00,0.000000E+00,0.000000E+00,0.000000E+00,2.110731E+01,4.278039E+01,2.388855E+01,4.785834E+01
06:10:00,9.521136E+02,3.296110E+03,3.231944E-02,2.906559E-01,0.000000E+00,0.000000E+00,0.000000E+00,0.000000E+00,0.000000E+00,0.000000E+00,0.000000E+00,0.000000E+00,2.111000E+01,4.949701E+01,2.388868E+01,4.751431E+01,3.063247E+03,2.357404E+03,1.039728E-01,2.078825E-01,0.000000E+00,0.000000E+00,0.000000E+00,0.000000E+00,0.000000E+00,0.000000E+00,0.000000E+00,0.000000E+00,2.110751E+01,4.332856E+01,2.388851E+01,4.824342E+01,1.834484E+03,1.516588E+03,6.226565E-02,1.337368E-01,0.000000E+00,0.000000E+00,0.000000E+00,0.000000E+00,0.000000E+00,0.000000E+00,0.000000E+00,0.000000E+00,2.110731E+01,4.276398E+01,2.388851E+01,4.804607E+01,3.070566E+03,2.394056E+03,1.042209E-01,2.111148E-01,0.000000E+00,0.000000E+00,0.000000E+00,0.000000E+00,0.000000E+00,0.000000E+00,0.000000E+00,0.000000E+00,2.110742E+01,4.310798E+01,2.388849E+01,4.822538E+01,1.840029E+03,1.577804E+03,6.245388E-02,1.391348E-01,0.000000E+00,0.000000E+00,0.000000E+00,0.000000E+00,0.000000E+00,0.000000E+00,0.000000E+00,0.000000E+00,2.110731E+01,4.278041E+01,2.388854E+01,4.786877E+01
06:20:00,9.521575E+02,3.293815E+03,3.232093E-02,2.904535E-01,0.000000E+00,0.000000E+00,0.000000E+00,0.000000E+00,0.000000E+00,0.000000E+00,0.000000E+00,0.000000E+00,2.111000E+01,4.949701E+01,2.388868E+01,4.751723E+01,3.063263E+03,2.361016E+03,1.039733E-01,2.082011E-01,0.000000E+00,0.000000E+00,0.000000E+00,0.000000E+00,0.000000E+00,0.000000E+00,0.000000E+00,0.000000E+00,2.110751E+01,4.332859E+01,2.388850E+01,4.824022E+01,1.834492E+03,1.549868E+03,6.226593E-02,1.366717E-01,0.000000E+00,0.000000E+00,0.000000E+00,0.000000E+00,0.000000E+00,0.000000E+00,0.000000E+00,0.000000E+00,2.110731E+01,4.276400E+01,2.388844E+01,4.800500E+01,3.070581E+03,2.415496E+03,1.042214E-01,2.130055E-01,0.000000E+00,0.000000E+00,0.000000E+00,0.000000E+00,0.000000E+00,0.000000E+00,0.000000E+00,0.000000E+00,2.110742E+01,4.310801E+01,2.388847E+01,4.820679E+01,1.840038E+03,1.577298E+03,6.245416E-02,1.390902E-01,0.000000E+00,0.000000E+00,0.000000E+00,0.000000E+00,0.000000E+00,0.000000E+00,0.000000E+00,0.000000E+00,2.110731E+01,4.278044E+01,2.388853E+01,4.786997E+01
06:30:00,9.522011E+02,3.292749E+03,3.232241E-02,2.903595E-01,0.000000E+00,0.000000E+00,0.000000E+00,0.000000E+00,0.000000E+00,0.000000E+00,0.000000E+00,0.000000E+00,2.111000E+01,4.949701E+01,2.388868E+01,4.751936E+01,3.063278E+03,2.368903E+03,1.039739E-01,2.088967E-01,0.000000E+00,0.000000E+00,0.000000E+00,0.000000E+00,0.000000E+00,0.000000E+00,0.000000E+00,0.000000E+00,2.110751E+01,4.332861E+01,2.388849E+01,4.822917E+01,1.834500E+03,1.600921E+03,6.226621E-02,1.411742E-01,0.000000E+00,0.000000E+00,0.000000E+00,0.000000E+00,0.000000E+00,0.000000E+00,0.000000E+00,0.000000E+00,2.110731E+01,4.276403E+01,2.388837E+01,4.791333E+01,3.070596E+03,2.447013E+03,1.042219E-01,2.157851E-01,0.000000E+00,0.000000E+00,0.000000E+00,0.000000E+00,0.000000E+00,0.000000E+00,0.000000E+00,0.000000E+00,2.110742E+01,4.310804E+01,2.388844E+01,4.816574E+01,1.840046E+03,1.579218E+03,6.245444E-02,1.392596E-01,0.000000E+00,0.000000E+00,0.000000E+00,0.000000E+00,0.000000E+00,0.000000E+00,0.000000E+00,0.000000E+00,2.110731E+01,4.278046E+01,2.388853E+01,4.786431E+01
06:40:00,9.522444E+02,3.293264E+03,3.232388E-02,2.904050E-01,0.000000E+00,0.000000E+00,0.000000E+00,0.000000E+00,0.000000E+00,0.000000E+00,0.000000E+00,0.000000E+00,2.111000E+01,4.949701E+01,2.388868E+01,4.752023E+01,3.063293E+03,2.381576E+03,1.039744E-01,2.100143E-01,0.000000E+00,0.000000E+00,0.000000E+00,0.000000E+00,0.000000E+00,0.000000E+00,0.000000E+00,0.000000E+00,2.110751E+01,4.332864E+01,2.388849E+01,4.821264E+01,1.834508E+03,1.670987E+03,6.226648E-02,1.473533E-01,0.000000E+00,0.000000E+00,0.000000E+00,0.000000E+00,0.000000E+00,0.000000E+00,0.000000E+00,0.000000E+00,2.110731E+01,4.276405E+01,2.388832E+01,4.778228E+01,3.070611E+03,2.487672E+03,1.042224E-01,2.193708E-01,0.000000E+00,0.000000E+00,0.000000E+00,0.000000E+00,0.000000E+00,0.000000E+00,0.000000E+00,0.000000E+00,2.110742E+01,4.310806E+01,2.388842E+01,4.811011E+01,1.840054E+03,1.583766E+03,6.245471E-02,1.396607E-01,0.000000E+00,0.000000E+00,0.000000E+00,0.000000E+00,0.000000E+00,0.000000E+00,0.000000E+00,0.000000E+00,2.110731E+01,4.278049E+01,2.388852E+01,4.785468E+01
06:50:00,9.522873E+02,3.295616E+03,3.232534E-02,2.906124E-01,0.000000E+00,0.000000E+00,0.000000E+00,0.000000E+00,0.000000E+00,0.000000E+00,0.000000E+00,0.000000E+00,2.111000E+01,4.949701E+01,2.388868E+01,4.751954E+01,3.063308E+03,2.398445E+03,1.039749E-01,2.115020E-01,0.000000E+00,0.000000E+00,0.000000E+00,0.000000E+00,0.000000E+00,0.000000E+00,0.000000E+00,0.000000E+00,2.110751E+01,4.332866E+01,2.388848E+01,4.819175E+01,1.834516E+03,1.759745E+03,6.226675E-02,1.551809E-01,0.000000E+00,0.000000E+00,0.000000E+00,0.000000E+00,0.000000E+00,0.000000E+00,0.000000E+00,0.000000E+00,2.110731E+01,4.276408E+01,2.388830E+01,4.762716E+01,3.070627E+03,2.535687E+03,1.042229E-01,2.236053E-01,0.000000E+00,0.000000E+00,0.000000E+00,0.000000E+00,0.000000E+00,0.000000E+00,0.000000E+00,0.000000E+00,2.110742E+01,4.310809E+01,2.388842E+01,4.804836E+01,1.840062E+03,1.590503E+03,6.245499E-02,1.402549E-01,0.000000E+00,0.000000E+00,0.000000E+00,0.000000E+00,0.000000E+00,0.000000E+00,0.000000E+00,0.000000E+00,2.110731E+01,4.278051E+01,2.388852E+01,4.784243E+01
07:00:00,9.523300E+02,3.299894E+03,3.232679E-02,2.909897E-01,0.000000E+00,0.000000E+00,0.000000E+00,0.000000E+00,0.000000E+00,0.000000E+00,0.000000E+00,0.000000E+00,2.111000E+01,4.949701E+01,2.388867E+01,4.751719E+01,3.063323E+03,2.419840E+03,1.039754E-01,2.133889E-01,0.000000E+00,0.000000E+00,0.000000E+00,0.000000E+00,0.000000E+00,0.000000E+00,0.000000E+00,0.000000E+00,2.110751E+01,4.332869E+01,2.388848E+01,4.816685E+01,1.834524E+03,1.867665E+03,6.226703E-02,1.646982E-01,0.000000E+00,0.000000E+00,0.000000E+00,0.000000E+00,0.000000E+00,0.000000E+00,0.000000E+00,0.000000E+00,2.110731E+01,4.276410E+01,2.388829E+01,4.746123E+01,3.070642E+03,2.589793E+03,1.042234E-01,2.283768E-01,0.000000E+00,0.000000E+00,0.000000E+00,0.000000E+00,0.000000E+00,0.000000E+00,0.000000E+00,0.000000E+00,2.110742E+01,4.310812E+01,2.388842E+01,4.798593E+01,1.840070E+03,1.599508E+03,6.245526E-02,1.410490E-01,0.000000E+00,0.000000E+00,0.000000E+00,0.000000E+00,0.000000E+00,0.000000E+00,0.000000E+00,0.000000E+00,2.110731E+01,4.278054E+01,2.388852E+01,4.782795E+01
07:10:00,9.523724E+02,3.305796E+03,3.232823E-02,2.915092E-01,0.000000E+00,0.000000E+00,0.000000E+00,0.000000E+00,0.000000E+00,0.000000E+00,0.000000E+00,0.000000E+00,2.111000E+01,4.949701E+01,2.388890E+01,4.751135E+01,3.063338E+03,2.444941E+03,1.039759E-01,2.156016E-01,0.000000E+00,0.000000E+00,0.000000E+00,0.000000E+00,0.000000E+00,0.000000E+00,0.000000E+00,0.000000E+00,2.110751E+01,4.332872E+01,2.388872E+01,4.812752E+01,1.834532E+03,1.983259E+03,6.226730E-02,1.748915E-01,0.000000E+00,0.000000E+00,0.000000E+00,0.000000E+00,0.000000E+00,0.000000E+00,0.000000E+00,0.000000E+00,2.110731E+01,4.276413E+01,2.388855E+01,4.723833E+01,3.070656E+03,2.641540E+03,1.042239E-01,2.329393E-01,0.000000E+00,0.000000E+00,0.000000E+00,0.000000E+00,0.000000E+00,0.000000E+00,0.000000E+00,0.000000E+00,2.110742E+01,4.310814E+01,2.388869E+01,4.790522E+01,1.840078E+03,1.610261E+03,6.245553E-02,1.419968E-01,0.000000E+00,0.000000E+00,0.000000E+00,0.000000E+00,0.000000E+00,0.000000E+00,0.000000E+00,0.000000E+00,2.110731E+01,4.278056E+01,2.388875E+01,4.780472E+01
07:20:00,9.524145E+02,3.313065E+03,3.232966E-02,2.921481E-01,0.000000E+00,0.000000E+00,0.000000E+00,0.000000E+00,0.000000E+00,0.000000E+00,0.000000E+00,0.000000E+00,2.111000E+01,4.949701E+01,2.388915E+01,4.750553E+01,3.063353E+03,2.473186E+03,1.039764E-01,2.180906E-01,0.000000E+00,0.000000E+00,0.000000E+00,0.000000E+00,0.000000E+00,0.000000E+00,0.000000E+00,0.000000E+00,2.110751E+01,4.332874E+01,2.388901E+01,4.809389E+01,1.834540E+03,2.100341E+03,6.226756E-02,1.852147E-01,0.000000E+00,0.000000E+00,0.000000E+00,0.000000E+00,0.000000E+00,0.000000E+00,0.000000E+00,0.000000E+00,2.110731E+01,4.276415E+01,2.388891E+01,4.707947E+01,3.070671E+03,2.686716E+03,1.042244E-01,2.369211E-01,0.000000E+00,0.000000E+00,0.000000E+00,0.000000E+00,0.000000E+00,0.000000E+00,0.000000E+00,0.000000E+00,2.110742E+01,4.310817E+01,2.388899E+01,4.785066E+01,1.840086E+03,1.622393E+03,6.245579E-02,1.430655E-01,0.000000E+00,0.000000E+00,0.000000E+00,0.000000E+00,0.000000E+00,0.000000E+00,0.000000E+00,0.000000E+00,2.110731E+01,4.278059E+01,2.388902E+01,4.778490E+01
07:30:00,9.524563E+02,3.321135E+03,3.233108E-02,2.928576E-01,0.000000E+00,0.000000E+00,0.000000E+00,0.000000E+00,0.000000E+00,0.000000E+00,0.000000E+00,0.000000E+00,2.111000E+01,4.949701E+01,2.388916E+01,4.749888E+01,3.063367E+03,2.504292E+03,1.039769E-01,2.208318E-01,0.000000E+00,0.000000E+00,0.000000E+00,0.000000E+00,0.000000E+00,0.000000E+00,0.000000E+00,0.000000E+00,2.110751E+01,4.332877E+01,2.388902E+01,4.805374E+01,1.834548E+03,2.218787E+03,6.226783E-02,1.956578E-01,0.000000E+00,0.000000E+00,0.000000E+00,0.000000E+00,0.000000E+00,0.000000E+00,0.000000E+00,0.000000E+00,2.110731E+01,4.276418E+01,2.388896E+01,4.691801E+01,3.070686E+03,2.725951E+03,1.042249E-01,2.403788E-01,0.000000E+00,0.000000E+00,0.000000E+00,0.000000E+00,0.000000E+00,0.000000E+00,0.000000E+00,0.000000E+00,2.110742E+01,4.310819E+01,2.388901E+01,4.779817E+01,1.840094E+03,1.635757E+03,6.245606E-02,1.442429E-01,0.000000E+00,0.000000E+00,0.000000E+00,0.000000E+00,0.000000E+00,0.000000E+00,0.000000E+00,0.000000E+00,2.110731E+01,4.278061E+01,2.388903E+01,4.776176E+01
07:40:00,9.524978E+02,3.329418E+03,3.233249E-02,2.935859E-01,0.000000E+00,0.000000E+00,0.000000E+00,0.000000E+00,0.000000E+00,0.000000E+00,0.000000E+00,0.000000E+00,2.111000E+01,4.949701E+01,2.388916E+01,4.749190E+01,3.063382E+03,2.537873E+03,1.039774E-01,2.237912E-01,0.000000E+00,0.000000E+00,0.000000E+00,0.000000E+00,0.000000E+00,0.000000E+00,0.000000E+00,0.000000E+00,2.110751E+01,4.332879E+01,2.388902E+01,4.801178E+01,1.834556E+03,2.336191E+03,6.226809E-02,2.060087E-01,0.000000E+00,0.000000E+00,0.000000E+00,0.000000E+00,0.000000E+00,0.000000E+00,0.000000E+00,0.000000E+00,2.110731E+01,4.276420E+01,2.388898E+01,4.677972E+01,3.070700E+03,2.759194E+03,1.042254E-01,2.433081E-01,0.000000E+00,0.000000E+00,0.000000E+00,0.000000E+00,0.000000E+00,0.000000E+00,0.000000E+00,0.000000E+00,2.110742E+01,4.310822E+01,2.388902E+01,4.775658E+01,1.840101E+03,1.650218E+03,6.245632E-02,1.455170E-01,0.000000E+00,0.000000E+00,0.000000E+00,0.000000E+00,0.000000E+00,0.000000E+00,0.000000E+00,0.000000E+00,2.110731E+01,4.278063E+01,2.388903E+01,4.773766E+01
07:50:00,9.525391E+02,3.337378E+03,3.233388E-02,2.942857E-01,0.000000E+00,0.000000E+00,0.000000E+00,0.000000E+00,0.000000E+00,0.000000E+00,0.000000E+00,0.000000E+00,2.111000E+01,4.949701E+01,2.388916E+01,4.748500E+01,3.063396E+03,2.573610E+03,1.039779E-01,2.269408E-01,0.000000E+00,0.000000E+00,0.000000E+00,0.000000E+00,0.000000E+00,0.000000E+00,0.000000E+00,0.000000E+00,2.110751E+01,4.332881E+01,2.388902E+01,4.796846E+01,1.834563E+03,2.450664E+03,6.226835E-02,2.161010E-01,0.000000E+00,0.000000E+00,0.000000E+00,0.000000E+00,0.000000E+00,0.000000E+00,0.000000E+00,0.000000E+00,2.110731E+01,4.276422E+01,2.388900E+01,4.666208E+01,3.070715E+03,2.786433E+03,1.042259E-01,2.457079E-01,0.000000E+00,0.000000E+00,0.000000E+00,0.000000E+00,0.000000E+00,0.000000E+00,0.000000E+00,0.000000E+00,2.110742E+01,4.310824E+01,2.388903E+01,4.772466E+01,1.840109E+03,1.665716E+03,6.245658E-02,1.468824E-01,0.000000E+00,0.000000E+00,0.000000E+00,0.000000E+00,0.000000E+00,0.000000E+00,0.000000E+00,0.000000E+00,2.110731E+01,4.278066E+01,2.388903E+01,4.771263E+01
08:00:00,9.525800E+02,3.344592E+03,3.233527E-02,2.949197E-01,0.000000E+00,0.000000E+00,0.000000E+00,0.000000E+00,0.000000E+00,0.000000E+00,0.000000E+00,0.000000E+00,2.111000E+01,4.949701E+01,2.388916E+01,4.747854E+01,3.063410E+03,2.610558E+03,1.039783E-01,2.301970E-01,0.000000E+00,0.000000E+00,0.000000E+00,0.000000E+00,0.000000E+00,0.000000E+00,0.000000E+00,0.000000E+00,2.110751E+01,4.332884E+01,2.388901E+01,4.792418E+01,1.834571E+03,2.556557E+03,6.226861E-02,2.254365E-01,0.000000E+00,0.000000E+00,0.000000E+00,0.000000E+00,0.000000E+00,0.000000E+00,0.000000E+00,0.000000E+00,2.110731E+01,4.276425E+01,2.388901E+01,4.656247E+01,3.070729E+03,2.805508E+03,1.042264E-01,2.473877E-01,0.000000E+00,0.000000E+00,0.000000E+00,0.000000E+00,0.000000E+00,0.000000E+00,0.000000E+00,0.000000E+00,2.110742E+01,4.310827E+01,2.388903E+01,4.770073E+01,1.840117E+03,1.681864E+03,6.245684E-02,1.483053E-01,0.000000E+00,0.000000E+00,0.000000E+00,0.000000E+00,0.000000E+00,0.000000E+00,0.000000E+00,0.000000E+00,2.110731E+01,4.278068E+01,2.388903E+01,4.768671E+01
08:10:00,9.526206E+02,3.351048E+03,3.233665E-02,2.954878E-01,0.000000E+00,0.000000E+00,0.000000E+00,0.000000E+00,0.000000E+00,0.000000E+00,0.000000E+00,0.000000E+00,2.111000E+01,4.949701E+01,2.388916E+01,4.747275E+01,3.063424E+03,2.648677E+03,1.039788E-01,2.335574E-01,0.000000E+00,0.000000E+00,0.000000E+00,0.000000E+00,0.000000E+00,0.000000E+00,0.000000E+00,0.000000E+00,2.110751E+01,4.332886E+01,2.388901E+01,4.787936E+01,1.834578E+03,2.656756E+03,6.226887E-02,2.342704E-01,0.000000E+00,0.000000E+00,0.000000E+00,0.000000E+00,0.000000E+00,0.000000E+00,0.000000E+00,0.000000E+00,2.110731E+01,4.276427E+01,2.388902E+01,4.647786E+01,3.070743E+03,2.822300E+03,1.042269E-01,2.488671E-01,0.000000E+00,0.000000E+00,0.000000E+00,0.000000E+00,0.000000E+00,0.000000E+00,0.000000E+00,0.000000E+00,2.110742E+01,4.310829E+01,2.388903E+01,4.768205E+01,1.840124E+03,1.698771E+03,6.245709E-02,1.497956E-01,0.000000E+00,0.000000E+00,0.000000E+00,0.000000E+00,0.000000E+00,0.000000E+00,0.000000E+00,0.000000E+00,2.110731E+01,4.278070E+01,2.388903E+01,4.765995E+01
08:20:00,9.526610E+02,3.356639E+03,3.233803E-02,2.959801E-01,0.000000E+00,0.000000E+00,0.000000E+00,0.000000E+00,0.000000E+00,0.000000E+00,0.000000E+00,0.000000E+00,2.111000E+01,4.949701E+01,2.388931E+01,4.746724E+01,3.063438E+03,2.687524E+03,1.039793E-01,2.369823E-01,0.000000E+00,0.000000E+00,0.000000E+00,0.000000E+00,0.000000E+00,0.000000E+00,0.000000E+00,0.000000E+00,2.110751E+01,4.332889E+01,2.388918E+01,4.783408E+01,1.834586E+03,2.751393E+03,6.226912E-02,2.426145E-01,0.000000E+00,0.000000E+00,0.000000E+00,0.000000E+00,0.000000E+00,0.000000E+00,0.000000E+00,0.000000E+00,2.110731E+01,4.276429E+01,2.388917E+01,4.640339E+01,3.070757E+03,2.839484E+03,1.042274E-01,2.503816E-01,0.000000E+00,0.000000E+00,0.000000E+00,0.000000E+00,0.000000E+00,0.000000E+00,0.000000E+00,0.000000E+00,2.110742E+01,4.310832E+01,2.388919E+01,4.766287E+01,1.840132E+03,1.716335E+03,6.245735E-02,1.513439E-01,0.000000E+00,0.000000E+00,0.000000E+00,0.000000E+00,0.000000E+00,0.000000E+00,0.000000E+00,0.000000E+00,2.110731E+01,4.278072E+01,2.388919E+01,4.763193E+01
08:30:00,9.527011E+02,3.361770E+03,3.233939E-02,2.964316E-01,0.000000E+00,0.000000E+00,0.000000E+00,0.000000E+00,0.000000E+00,0.000000E+00,0.000000E+00,0.000000E+00,2.111000E+01,4.949701E+01,2.388939E+01,4.746239E+01,3.063452E+03,2.726927E+03,1.039798E-01,2.404558E-01,0.000000E+00,0.000000E+00,0.000000E+00,0.000000E+00,0.000000E+00,0.000000E+00,0.000000E+00,0.000000E+00,2.110751E+01,4.332891E+01,2.388927E+01,4.779041E+01,1.834593E+03,2.840470E+03,6.226937E-02,2.504680E-01,0.000000E+00,0.000000E+00,0.000000E+00,0.000000E+00,0.000000E+00,0.000000E+00,0.000000E+00,0.000000E+00,2.110731E+01,4.276431E+01,2.388927E+01,4.634099E+01,3.070771E+03,2.859131E+03,1.042278E-01,2.521130E-01,0.000000E+00,0.000000E+00,0.000000E+00,0.000000E+00,0.000000E+00,0.000000E+00,0.000000E+00,0.000000E+00,2.110742E+01,4.310834E+01,2.388928E+01,4.764118E+01,1.840139E+03,1.734586E+03,6.245760E-02,1.529527E-01,0.000000E+00,0.000000E+00,0.000000E+00,0.000000E+00,0.000000E+00,0.000000E+00,0.000000E+00,0.000000E+00,2.110731E+01,4.278075E+01,2.388927E+01,4.760396E+01
08:40:00,9.527409E+02,3.366824E+03,3.234074E-02,2.968761E-01,0.000000E+00,0.000000E+00,0.000000E+00,0.000000E+00,0.000000E+00,0.000000E+00,0.000000E+00,0.000000E+00,2.111000E+01,4.949701E+01,2.388939E+01,4.745718E+01,3.063466E+03,2.767851E+03,1.039802E-01,2.440635E-01,0.000000E+00,0.000000E+00,0.000000E+00,0.000000E+00,0.000000E+00,0.000000E+00,0.000000E+00,0.000000E+00,2.110751E+01,4.332893E+01,2.388927E+01,4.774287E+01,1.834601E+03,2.926491E+03,6.226962E-02,2.580520E-01,0.000000E+00,0.000000E+00,0.000000E+00,0.000000E+00,0.000000E+00,0.000000E+00,0.000000E+00,0.000000E+00,2.110731E+01,4.276434E+01,2.388928E+01,4.628165E+01,3.070785E+03,2.883490E+03,1.042283E-01,2.542601E-01,0.000000E+00,0.000000E+00,0.000000E+00,0.000000E+00,0.000000E+00,0.000000E+00,0.000000E+00,0.000000E+00,2.110742E+01,4.310837E+01,2.388928E+01,4.761432E+01,1.840146E+03,1.754143E+03,6.245785E-02,1.546767E-01,0.000000E+00,0.000000E+00,0.000000E+00,0.000000E+00,0.000000E+00,0.000000E+00,0.000000E+00,0.000000E+00,2.110731E+01,4.278077E+01,2.388927E+01,4.757256E+01
08:50:00,9.527805E+02,3.372221E+03,3.234208E-02,2.973511E-01,0.000000E+00,0.000000E+00,0.000000E+00,0.000000E+00,0.000000E+00,0.000000E+00,0.000000E+00,0.000000E+00,2.111000E+01,4.949701E+01,2.388939E+01,4.745170E+01,3.063480E+03,2.809102E+03,1.039807E-01,2.477000E-01,0.000000E+00,0.000000E+00,0.000000E+00,0.000000E+00,0.000000E+00,0.000000E+00,0.000000E+00,0.000000E+00,2.110751E+01,4.332896E+01,2.388927E+01,4.769578E+01,1.834608E+03,3.007772E+03,6.226987E-02,2.652181E-01,0.000000E+00,0.000000E+00,0.000000E+00,0.000000E+00,0.000000E+00,0.000000E+00,0.000000E+00,0.000000E+00,2.110731E+01,4.276436E+01,2.388928E+01,4.622992E+01,3.070799E+03,2.912324E+03,1.042288E-01,2.568016E-01,0.000000E+00,0.000000E+00,0.000000E+00,0.000000E+00,0.000000E+00,0.000000E+00,0.000000E+00,0.000000E+00,2.110742E+01,4.310839E+01,2.388927E+01,4.758415E+01,1.840154E+03,1.774470E+03,6.245810E-02,1.564684E-01,0.000000E+00,0.000000E+00,0.000000E+00,0.000000E+00,0.000000E+00,0.000000E+00,0.000000E+00,0.000000E+00,2.110731E+01,4.278079E+01,2.388927E+01,4.754005E+01
09:00:00,9.528197E+02,3.378315E+03,3.234341E-02,2.978874E-01,0.000000E+00,0.000000E+00,0.000000E+00,0.000000E+00,0.000000E+00,0.000000E+00,0.000000E+00,0.000000E+00,2.111000E+01,4.949701E+01,2.388939E+01,4.744577E+01,3.063493E+03,2.850334E+03,1.039812E-01,2.513348E-01,0.000000E+00,0.000000E+00,0.000000E+00,0.000000E+00,0.000000E+00,0.000000E+00,0.000000E+00,0.000000E+00,2.110751E+01,4.332898E+01,2.388927E+01,4.765055E+01,1.834615E+03,3.083672E+03,6.227012E-02,2.719097E-01,0.000000E+00,0.000000E+00,0.000000E+00,0.000000E+00,0.000000E+00,0.000000E+00,0.000000E+00,0.000000E+00,2.110731E+01,4.276438E+01,2.388929E+01,4.618657E+01,3.070812E+03,2.945652E+03,1.042292E-01,2.597395E-01,0.000000E+00,0.000000E+00,0.000000E+00,0.000000E+00,0.000000E+00,0.000000E+00,0.000000E+00,0.000000E+00,2.110742E+01,4.310842E+01,2.388927E+01,4.755270E+01,1.840161E+03,1.795426E+03,6.245834E-02,1.583157E-01,0.000000E+00,0.000000E+00,0.000000E+00,0.000000E+00,0.000000E+00,0.000000E+00,0.000000E+00,0.000000E+00,2.110731E+01,4.278081E+01,2.388927E+01,4.750759E+01
09:10:00,9.528587E+02,3.385246E+03,3.234474E-02,2.984975E-01,0.000000E+00,0.000000E+00,0.000000E+00,0.000000E+00,0.000000E+00,0.000000E+00,0.000000E+00,0.000000E+00,2.111000E+01,4.949701E+01,2.388939E+01,4.743936E+01,3.063507E+03,2.891127E+03,1.039816E-01,2.549308E-01,0.000000E+00,0.000000E+00,0.000000E+00,0.000000E+00,0.000000E+00,0.000000E+00,0.000000E+00,0.000000E+00,2.110751E+01,4.332900E+01,2.388927E+01,4.760777E+01,1.834622E+03,3.153356E+03,6.227036E-02,2.780532E-01,0.000000E+00,0.000000E+00,0.000000E+00,0.000000E+00,0.000000E+00,0.000000E+00,0.000000E+00,0.000000E+00,2.110731E+01,4.276440E+01,2.388929E+01,4.615110E+01,3.070826E+03,2.980718E+03,1.042297E-01,2.628306E-01,0.000000E+00,0.000000E+00,0.000000E+00,0.000000E+00,0.000000E+00,0.000000E+00,0.000000E+00,0.000000E+00,2.110742E+01,4.310844E+01,2.388927E+01,4.752128E+01,1.840168E+03,1.816806E+03,6.245859E-02,1.602004E-01,0.000000E+00,0.000000E+00,0.000000E+00,0.000000E+00,0.000000E+00,0.000000E+00,0.000000E+00,0.000000E+00,2.110731E+01,4.278084E+01,2.388927E+01,4.747572E+01
09:20:00,9.528975E+02,3.393017E+03,3.234605E-02,2.991824E-01,0.000000E+00,0.000000E+00,0.000000E+00,0.000000E+00,0.000000E+00,0.000000E+00,0.000000E+00,0.000000E+00,2.111000E+01,4.949701E+01,2.388939E+01,4.743249E+01,3.063520E+03,2.931411E+03,1.039821E-01,2.584826E-01,0.000000E+00,0.000000E+00,0.000000E+00,0.000000E+00,0.000000E+00,0.000000E+00,0.000000E+00,0.000000E+00,2.110751E+01,4.332903E+01,2.388927E+01,4.756736E+01,1.834630E+03,3.216444E+03,6.227061E-02,2.836155E-01,0.000000E+00,0.000000E+00,0.000000E+00,0.000000E+00,0.000000E+00,0.000000E+00,0.000000E+00,0.000000E+00,2.110731E+01,4.276443E+01,2.388929E+01,4.612210E+01,3.070839E+03,3.016544E+03,1.042301E-01,2.659892E-01,0.000000E+00,0.000000E+00,0.000000E+00,0.000000E+00,0.000000E+00,0.000000E+00,0.000000E+00,0.000000E+00,2.110742E+01,4.310846E+01,2.388927E+01,4.749032E+01,1.840175E+03,1.838543E+03,6.245883E-02,1.621169E-01,0.000000E+00,0.000000E+00,0.000000E+00,0.000000E+00,0.000000E+00,0.000000E+00,0.000000E+00,0.000000E+00,2.110731E+01,4.278086E+01,2.388927E+01,4.744448E+01
09:30:00,9.529359E+02,3.401381E+03,3.234736E-02,2.999199E-01,0.000000E+00,0.000000E+00,0.000000E+00,0.000000E+00,0.000000E+00,0.000000E+00,0.000000E+00,0.000000E+00,2.111000E+01,4.949701E+01,2.388939E+01,4.742524E+01,3.063533E+03,2.971037E+03,1.039825E-01,2.619767E-01,0.000000E+00,0.000000E+00,0.000000E+00,0.000000E+00,0.000000E+00,0.000000E+00,0.000000E+00,0.000000E+00,2.110751E+01,4.332905E+01,2.388927E+01,4.752912E+01,1.834637E+03,3.272688E+03,6.227085E-02,2.885748E-01,0.000000E+00,0.000000E+00,0.000000E+00,0.000000E+00,0.000000E+00,0.000000E+00,0.000000E+00,0.000000E+00,2.110731E+01,4.276445E+01,2.388930E+01,4.609853E+01,3.070852E+03,3.052321E+03,1.042306E-01,2.691439E-01,0.000000E+00,0.000000E+00,0.000000E+00,0.000000E+00,0.000000E+00,0.000000E+00,0.000000E+00,0.000000E+00,2.110742E+01,4.310849E+01,2.388927E+01,4.746007E+01,1.840182E+03,1.860497E+03,6.245907E-02,1.640527E-01,0.000000E+00,0.000000E+00,0.000000E+00,0.000000E+00,0.000000E+00,0.000000E+00,0.000000E+00,0.000000E+00,2.110731E+01,4.278088E+01,2.388927E+01,4.741385E+01
09:40:00,9.529741E+02,3.410204E+03,3.234865E-02,3.006979E-01,0.000000E+00,0.000000E+00,0.000000E+00,0.000000E+00,0.000000E+00,0.000000E+00,0.000000E+00,0.000000E+00,2.111000E+01,4.949701E+01,2.388939E+01,4.741767E+01,3.063547E+03,3.008806E+03,1.039830E-01,2.653070E-01,0.000000E+00,0.000000E+00,0.000000E+00,0.000000E+00,0.000000E+00,0.000000E+00,0.000000E+00,0.000000E+00,2.110751E+01,4.332907E+01,2.388927E+01,4.749284E+01,1.834644E+03,3.317629E+03,6.227109E-02,2.925375E-01,0.000000E+00,0.000000E+00,0.000000E+00,0.000000E+00,0.000000E+00,0.000000E+00,0.000000E+00,0.000000E+00,2.110731E+01,4.276447E+01,2.388930E+01,4.608052E+01,3.070866E+03,3.086685E+03,1.042310E-01,2.721741E-01,0.000000E+00,0.000000E+00,0.000000E+00,0.000000E+00,0.000000E+00,0.000000E+00,0.000000E+00,0.000000E+00,2.110742E+01,4.310851E+01,2.388927E+01,4.743063E+01,1.840189E+03,1.881944E+03,6.245931E-02,1.659439E-01,0.000000E+00,0.000000E+00,0.000000E+00,0.000000E+00,0.000000E+00,0.000000E+00,0.000000E+00,0.000000E+00,2.110731E+01,4.278090E+01,2.388927E+01,4.738389E+01
09:50:00,9.530120E+02,3.419322E+03,3.234994E-02,3.015019E-01,0.000000E+00,0.000000E+00,0.000000E+00,0.000000E+00,0.000000E+00,0.000000E+00,0.000000E+00,0.000000E+00,2.111000E+01,4.949701E+01,2.388939E+01,4.740987E+01,3.063560E+03,3.045689E+03,1.039834E-01,2.685593E-01,0.000000E+00,0.000000E+00,0.000000E+00,0.000000E+00,0.000000E+00,0.000000E+00,0.000000E+00,0.000000E+00,2.110751E+01,4.332909E+01,2.388927E+01,4.745830E+01,1.834651E+03,3.351359E+03,6.227132E-02,2.955116E-01,0.000000E+00,0.000000E+00,0.000000E+00,0.000000E+00,0.000000E+00,0.000000E+00,0.000000E+00,0.000000E+00,2.110731E+01,4.276449E+01,2.388930E+01,4.606968E+01,3.070879E+03,3.120353E+03,1.042315E-01,2.751428E-01,0.000000E+00,0.000000E+00,0.000000E+00,0.000000E+00,0.000000E+00,0.000000E+00,0.000000E+00,0.000000E+00,2.110742E+01,4.310853E+01,2.388927E+01,4.740210E+01,1.840196E+03,1.903288E+03,6.245955E-02,1.678260E-01,0.000000E+00,0.000000E+00,0.000000E+00,0.000000E+00,0.000000E+00,0.000000E+00,0.000000E+00,0.000000E+00,2.110731E+01,4.278092E+01,2.388927E+01,4.735462E+01
10:00:00,9.530497E+02,3.428602E+03,3.235122E-02,3.023202E-01,0.000000E+00,0.000000E+00,0.000000E+00,0.000000E+00,0.000000E+00,0.000000E+00,0.000000E+00,0.000000E+00,2.111000E+01,4.949701E+01,2.388939E+01,4.740192E+01,3.063573E+03,3.081858E+03,1.039839E-01,2.717485E-01,0.000000E+00,0.000000E+00,0.000000E+00,0.000000E+00,0.000000E+00,0.000000E+00,0.000000E+00,0.000000E+00,2.110751E+01,4.332912E+01,2.388927E+01,4.742532E+01,1.834658E+03,3.373652E+03,6.227156E-02,2.974772E-01,0.000000E+00,0.000000E+00,0.000000E+00,0.000000E+00,0.000000E+00,0.000000E+00,0.000000E+00,0.000000E+00,2.110731E+01,4.276451E+01,2.388931E+01,4.606636E+01,3.070892E+03,3.153438E+03,1.042319E-01,2.780602E-01,0.000000E+00,0.000000E+00,0.000000E+00,0.000000E+00,0.000000E+00,0.000000E+00,0.000000E+00,0.000000E+00,2.110742E+01,4.310855E+01,2.388927E+01,4.737453E+01,1.840203E+03,1.924527E+03,6.245978E-02,1.696987E-01,0.000000E+00,0.000000E+00,0.000000E+00,0.000000E+00,0.000000E+00,0.000000E+00,0.000000E+00,0.000000E+00,2.110731E+01,4.278094E+01,2.388927E+01,4.732611E+01
10:10:00,9.530871E+02,3.437945E+03,3.235249E-02,3.031440E-01,0.000000E+00,0.000000E+00,0.000000E+00,0.000000E+00,0.000000E+00,0.000000E+00,0.000000E+00,0.000000E+00,2.111000E+01,4.949701E+01,2.388939E+01,4.739390E+01,3.063585E+03,3.117378E+03,1.039843E-01,2.748805E-01,0.000000E+00,0.000000E+00,0.000000E+00,0.000000E+00,0.000000E+00,0.000000E+00,0.000000E+00,0.000000E+00,2.110751E+01,4.332914E+01,2.388927E+01,4.739378E+01,1.834665E+03,3.384193E+03,6.227179E-02,2.984066E-01,0.000000E+00,0.000000E+00,0.000000E+00,0.000000E+00,0.000000E+00,0.000000E+00,0.000000E+00,0.000000E+00,2.110731E+01,4.276453E+01,2.388931E+01,4.606946E+01,3.070904E+03,3.185894E+03,1.042324E-01,2.809221E-01,0.000000E+00,0.000000E+00,0.000000E+00,0.000000E+00,0.000000E+00,0.000000E+00,0.000000E+00,0.000000E+00,2.110742E+01,4.310858E+01,2.388927E+01,4.734798E+01,1.840210E+03,1.945595E+03,6.246001E-02,1.715564E-01,0.000000E+00,0.000000E+00,0.000000E+00,0.000000E+00,0.000000E+00,0.000000E+00,0.000000E+00,0.000000E+00,2.110731E+01,4.278096E+01,2.388927E+01,4.729842E+01
10:20:00,9.531242E+02,3.447342E+03,3.235375E-02,3.039731E-01,0.000000E+00,0.000000E+00,0.000000E+00,0.000000E+00,0.000000E+00,0.000000E+00,0.000000E+00,0.000000E+00,2.111000E+01,4.949701E+01,2.388928E+01,4.738843E+01,3.063598E+03,3.152382E+03,1.039847E-01,2.779676E-01,0.000000E+00,0.000000E+00,0.000000E+00,0.000000E+00,0.000000E+00,0.000000E+00,0.000000E+00,0.000000E+00,2.110751E+01,4.332916E+01,2.388915E+01,4.737224E+01,1.834671E+03,3.382747E+03,6.227202E-02,2.982794E-01,0.000000E+00,0.000000E+00,0.000000E+00,0.000000E+00,0.000000E+00,0.000000E+00,0.000000E+00,0.000000E+00,2.110731E+01,4.276455E+01,2.388921E+01,4.607534E+01,3.070917E+03,3.217755E+03,1.042328E-01,2.837320E-01,0.000000E+00,0.000000E+00,0.000000E+00,0.000000E+00,0.000000E+00,0.000000E+00,0.000000E+00,0.000000E+00,2.110742E+01,4.310860E+01,2.388915E+01,4.732985E+01,1.840217E+03,1.966470E+03,6.246024E-02,1.733975E-01,0.000000E+00,0.000000E+00,0.000000E+00,0.000000E+00,0.000000E+00,0.000000E+00,0.000000E+00,0.000000E+00,2.110731E+01,4.278098E+01,2.388915E+01,4.727933E+01
10:30:00,9.531611E+02,3.456644E+03,3.235500E-02,3.047943E-01,0.000000E+00,0.000000E+00,0.000000E+00,0.000000E+00,0.000000E+00,0.000000E+00,0.000000E+00,0.000000E+00,2.111000E+01,4.949701E+01,2.388917E+01,4.738123E+01,3.063611E+03,3.186812E+03,1.039851E-01,2.810045E-01,0.000000E+00,0.000000E+00,0.000000E+00,0.000000E+00,0.000000E+00,0.000000E+00,0.000000E+00,0.000000E+00,2.110751E+01,4.332918E+01,2.388902E+01,4.734489E+01,1.834678E+03,3.369041E+03,6.227225E-02,2.970718E-01,0.000000E+00,0.000000E+00,0.000000E+00,0.000000E+00,0.000000E+00,0.000000E+00,0.000000E+00,0.000000E+00,2.110731E+01,4.276457E+01,2.388910E+01,4.608779E+01,3.070930E+03,3.248915E+03,1.042332E-01,2.864806E-01,0.000000E+00,0.000000E+00,0.000000E+00,0.000000E+00,0.000000E+00,0.000000E+00,0.000000E+00,0.000000E+00,2.110742E+01,4.310862E+01,2.388902E+01,4.730682E+01,1.840224E+03,1.987051E+03,6.246047E-02,1.752129E-01,0.000000E+00,0.000000E+00,0.000000E+00,0.000000E+00,0.000000E+00,0.000000E+00,0.000000E+00,0.000000E+00,2.110731E+01,4.278100E+01,2.388902E+01,4.725486E+01
10:40:00,9.531977E+02,3.465790E+03,3.235624E-02,3.056018E-01,0.000000E+00,0.000000E+00,0.000000E+00,0.000000E+00,0.000000E+00,0.000000E+00,0.000000E+00,0.000000E+00,2.111000E+01,4.949701E+01,2.388916E+01,4.737286E+01,3.063623E+03,3.220642E+03,1.039856E-01,2.839887E-01,0.000000E+00,0.000000E+00,0.000000E+00,0.000000E+00,0.000000E+00,0.000000E+00,0.000000E+00,0.000000E+00,2.110751E+01,4.332920E+01,2.388902E+01,4.731508E+01,1.834685E+03,3.344883E+03,6.227248E-02,2.949425E-01,0.000000E+00,0.000000E+00,0.000000E+00,0.000000E+00,0.000000E+00,0.000000E+00,0.000000E+00,0.000000E+00,2.110731E+01,4.276459E+01,2.388909E+01,4.610579E+01,3.070943E+03,3.279340E+03,1.042337E-01,2.891646E-01,0.000000E+00,0.000000E+00,0.000000E+00,0.000000E+00,0.000000E+00,0.000000E+00,0.000000E+00,0.000000E+00,2.110742E+01,4.310864E+01,2.388902E+01,4.728172E+01,1.840230E+03,2.007278E+03,6.246070E-02,1.769971E-01,0.000000E+00,0.000000E+00,0.000000E+00,0.000000E+00,0.000000E+00,0.000000E+00,0.000000E+00,0.000000E+00,2.110731E+01,4.278103E+01,2.388902E+01,4.722809E+01
10:50:00,9.532341E+02,3.474751E+03,3.235748E-02,3.063930E-01,0.000000E+00,0.000000E+00,0.000000E+00,0.000000E+00,0.000000E+00,0.000000E+00,0.000000E+00,0.000000E+00,2.111000E+01,4.949701E+01,2.388916E+01,4.736479E+01,3.063636E+03,3.253838E+03,1.039860E-01,2.869169E-01,0.000000E+00,0.000000E+00,0.000000E+00,0.000000E+00,0.000000E+00,0.000000E+00,0.000000E+00,0.000000E+00,2.110751E+01,4.332923E+01,2.388902E+01,4.728710E+01,1.834691E+03,3.311973E+03,6.227270E-02,2.920416E-01,0.000000E+00,0.000000E+00,0.000000E+00,0.000000E+00,0.000000E+00,0.000000E+00,0.000000E+00,0.000000E+00,2.110731E+01,4.276461E+01,2.388909E+01,4.612797E+01,3.070955E+03,3.309033E+03,1.042341E-01,2.917840E-01,0.000000E+00,0.000000E+00,0.000000E+00,0.000000E+00,0.000000E+00,0.000000E+00,0.000000E+00,0.000000E+00,2.110742E+01,4.310867E+01,2.388902E+01,4.725820E+01,1.840237E+03,2.027106E+03,6.246093E-02,1.787462E-01,0.000000E+00,0.000000E+00,0.000000E+00,0.000000E+00,0.000000E+00,0.000000E+00,0.000000E+00,0.000000E+00,2.110731E+01,4.278105E+01,2.388902E+01,4.720296E+01
11:00:00,9.532702E+02,3.483505E+03,3.235870E-02,3.071659E-01,0.000000E+00,0.000000E+00,0.000000E+00,0.000000E+00,0.000000E+00,0.000000E+00,0.000000E+00,0.000000E+00,2.111000E+01,4.949701E+01,2.388916E+01,4.735700E+01,3.063648E+03,3.286347E+03,1.039864E-01,2.897846E-01,0.000000E+00,0.000000E+00,0.000000E+00,0.000000E+00,0.000000E+00,0.000000E+00,0.000000E+00,0.000000E+00,2.110751E+01,4.332925E+01,2.388902E+01,4.726066E+01,1.834698E+03,3.271062E+03,6.227293E-02,2.884351E-01,0.000000E+00,0.000000E+00,0.000000E+00,0.000000E+00,0.000000E+00,0.000000E+00,0.000000E+00,0.000000E+00,2.110731E+01,4.276464E+01,2.388909E+01,4.615442E+01,3.070967E+03,3.337995E+03,1.042345E-01,2.943389E-01,0.000000E+00,0.000000E+00,0.000000E+00,0.000000E+00,0.000000E+00,0.000000E+00,0.000000E+00,0.000000E+00,2.110742E+01,4.310869E+01,2.388902E+01,4.723600E+01,1.840244E+03,2.046492E+03,6.246115E-02,1.804563E-01,0.000000E+00,0.000000E+00,0.000000E+00,0.000000E+00,0.000000E+00,0.000000E+00,0.000000E+00,0.000000E+00,2.110731E+01,4.278107E+01,2.388902E+01,4.717923E+01
11:10:00,9.533061E+02,3.492035E+03,3.235992E-02,3.079191E-01,0.000000E+00,0.000000E+00,0.000000E+00,0.000000E+00,0.000000E+00,0.000000E+00,0.000000E+00,0.000000E+00,2.111000E+01,4.949701E+01,2.388916E+01,4.734947E+01,3.063660E+03,3.318072E+03,1.039868E-01,2.925832E-01,0.000000E+00,0.000000E+00,0.000000E+00,0.000000E+00,0.000000E+00,0.000000E+00,0.000000E+00,0.000000E+00,2.110751E+01,4.332927E+01,2.388902E+01,4.723560E+01,1.834705E+03,3.222755E+03,6.227315E-02,2.841764E-01,0.000000E+00,0.000000E+00,0.000000E+00,0.000000E+00,0.000000E+00,0.000000E+00,0.000000E+00,0.000000E+00,2.110731E+01,4.276466E+01,2.388909E+01,4.618514E+01,3.070980E+03,3.366030E+03,1.042349E-01,2.968120E-01,0.000000E+00,0.000000E+00,0.000000E+00,0.000000E+00,0.000000E+00,0.000000E+00,0.000000E+00,0.000000E+00,2.110742E+01,4.310871E+01,2.388902E+01,4.721494E+01,1.840250E+03,2.065294E+03,6.246137E-02,1.821148E-01,0.000000E+00,0.000000E+00,0.000000E+00,0.000000E+00,0.000000E+00,0.000000E+00,0.000000E+00,0.000000E+00,2.110731E+01,4.278109E+01,2.388902E+01,4.715673E+01
11:20:00,9.533417E+02,3.500259E+03,3.236113E-02,3.086448E-01,0.000000E+00,0.000000E+00,0.000000E+00,0.000000E+00,0.000000E+00,0.000000E+00,0.000000E+00,0.000000E+00,2.111000E+01,4.949701E+01,2.388916E+01,4.734220E+01,3.063673E+03,3.349031E+03,1.039872E-01,2.953137E-01,0.000000E+00,0.000000E+00,0.000000E+00,0.000000E+00,0.000000E+00,0.000000E+00,0.000000E+00,0.000000E+00,2.110751E+01,4.332929E+01,2.388902E+01,4.721168E+01,1.834711E+03,3.167859E+03,6.227337E-02,2.793364E-01,0.000000E+00,0.000000E+00,0.000000E+00,0.000000E+00,0.000000E+00,0.000000E+00,0.000000E+00,0.000000E+00,2.110731E+01,4.276468E+01,2.388909E+01,4.621993E+01,3.070992E+03,3.393025E+03,1.042353E-01,2.991931E-01,0.000000E+00,0.000000E+00,0.000000E+00,0.000000E+00,0.000000E+00,0.000000E+00,0.000000E+00,0.000000E+00,2.110742E+01,4.310873E+01,2.388902E+01,4.719502E+01,1.840257E+03,2.083429E+03,6.246159E-02,1.837144E-01,0.000000E+00,0.000000E+00,0.000000E+00,0.000000E+00,0.000000E+00,0.000000E+00,0.000000E+00,0.000000E+00,2.110731E+01,4.278110E+01,2.388902E+01,4.713542E+01
11:30:00,9.533771E+02,3.508251E+03,3.236233E-02,3.093495E-01,0.000000E+00,0.000000E+00,0.000000E+00,0.000000E+00,0.000000E+00,0.000000E+00,0.000000E+00,0.000000E+00,2.111000E+01,4.949701E+01,2.388916E+01,4.733517E+01,3.063685E+03,3.379238E+03,1.039877E-01,2.979772E-01,0.000000E+00,0.000000E+00,0.000000E+00,0.000000E+00,0.000000E+00,0.000000E+00,0.000000E+00,0.000000E+00,2.110751E+01,4.332931E+01,2.388902E+01,4.718868E+01,1.834718E+03,3.107477E+03,6.227359E-02,2.740119E-01,0.000000E+00,0.000000E+00,0.000000E+00,0.000000E+00,0.000000E+00,0.000000E+00,0.000000E+00,0.000000E+00,2.110731E+01,4.276469E+01,2.388909E+01,4.625856E+01,3.071004E+03,3.419015E+03,1.042357E-01,3.014849E-01,0.000000E+00,0.000000E+00,0.000000E+00,0.000000E+00,0.000000E+00,0.000000E+00,0.000000E+00,0.000000E+00,2.110742E+01,4.310875E+01,2.388902E+01,4.717620E+01,1.840263E+03,2.100911E+03,6.246181E-02,1.852559E-01,0.000000E+00,0.000000E+00,0.000000E+00,0.000000E+00,0.000000E+00,0.000000E+00,0.000000E+00,0.000000E+00,2.110731E+01,4.278112E+01,2.388902E+01,4.711525E+01
11:40:00,9.534122E+02,3.516014E+03,3.236352E-02,3.100340E-01,0.000000E+00,0.000000E+00,0.000000E+00,0.000000E+00,0.000000E+00,0.000000E+00,0.000000E+00,0.000000E+00,2.111000E+01,4.949701E+01,2.388916E+01,4.732840E+01,3.063697E+03,3.408642E+03,1.039881E-01,3.005701E-01,0.000000E+00,0.000000E+00,0.000000E+00,0.000000E+00,0.000000E+00,0.000000E+00,0.000000E+00,0.000000E+00,2.110751E+01,4.332933E+01,2.388902E+01,4.716658E+01,1.834724E+03,3.043798E+03,6.227381E-02,2.683968E-01,0.000000E+00,0.000000E+00,0.000000E+00,0.000000E+00,0.000000E+00,0.000000E+00,0.000000E+00,0.000000E+00,2.110731E+01,4.276471E+01,2.388909E+01,4.630038E+01,3.071016E+03,3.443965E+03,1.042362E-01,3.036849E-01,0.000000E+00,0.000000E+00,0.000000E+00,0.000000E+00,0.000000E+00,0.000000E+00,0.000000E+00,0.000000E+00,2.110742E+01,4.310877E+01,2.388902E+01,4.715841E+01,1.840269E+03,2.117716E+03,6.246203E-02,1.867378E-01,0.000000E+00,0.000000E+00,0.000000E+00,0.000000E+00,0.000000E+00,0.000000E+00,0.000000E+00,0.000000E+00,2.110731E+01,4.278114E+01,2.388902E+01,4.709616E+01
11:50:00,9.534471E+02,3.523552E+03,3.236471E-02,3.106987E-01,0.000000E+00,0.000000E+00,0.000000E+00,0.000000E+00,0.000000E+00,0.000000E+00,0.000000E+00,0.000000E+00,2.111000E+01,4.949701E+01,2.388916E+01,4.732186E+01,3.063708E+03,3.437217E+03,1.039885E-01,3.030898E-01,0.000000E+00,0.000000E+00,0.000000E+00,0.000000E+00,0.000000E+00,0.000000E+00,0.000000E+00,0.000000E+00,2.110751E+01,4.332935E+01,2.388902E+01,4.714544E+01,1.834730E+03,2.984351E+03,6.227402E-02,2.631549E-01,0.000000E+00,0.000000E+00,0.000000E+00,0.000000E+00,0.000000E+00,0.000000E+00,0.000000E+00,0.000000E+00,2.110731E+01,4.276473E+01,2.388909E+01,4.634190E+01,3.071028E+03,3.467838E+03,1.042366E-01,3.057900E-01,0.000000E+00,0.000000E+00,0.000000E+00,0.000000E+00,0.000000E+00,0.000000E+00,0.000000E+00,0.000000E+00,2.110742E+01,4.310879E+01,2.388902E+01,4.714162E+01,1.840276E+03,2.133819E+03,6.246224E-02,1.881577E-01,0.000000E+00,0.000000E+00,0.000000E+00,0.000000E+00,0.000000E+00,0.000000E+00,0.000000E+00,0.000000E+00,2.110731E+01,4.278116E+01,2.388902E+01,4.707812E+01
12:00:00,9.534817E+02,3.530908E+03,3.236588E-02,3.113473E-01,0.000000E+00,0.000000E+00,0.000000E+00,0.000000E+00,0.000000E+00,0.000000E+00,0.000000E+00,0.000000E+00,2.111000E+01,4.949701E+01,2.388917E+01,4.731553E+01,3.063720E+03,3.464991E+03,1.039889E-01,3.055388E-01,0.000000E+00,0.000000E+00,0.000000E+00,0.000000E+00,0.000000E+00,0.000000E+00,0.000000E+00,0.000000E+00,2.110751E+01,4.332937E+01,2.388902E+01,4.712527E+01,1.834737E+03,2.931272E+03,6.227424E-02,2.584746E-01,0.000000E+00,0.000000E+00,0.000000E+00,0.000000E+00,0.000000E+00,0.000000E+00,0.000000E+00,0.000000E+00,2.110731E+01,4.276475E+01,2.388908E+01,4.637571E+01,3.071040E+03,3.490642E+03,1.042370E-01,3.078007E-01,0.000000E+00,0.000000E+00,0.000000E+00,0.000000E+00,0.000000E+00,0.000000E+00,0.000000E+00,0.000000E+00,2.110742E+01,4.310881E+01,2.388902E+01,4.712572E+01,1.840282E+03,2.149209E+03,6.246245E-02,1.895148E-01,0.000000E+00,0.000000E+00,0.000000E+00,0.000000E+00,0.000000E+00,0.000000E+00,0.000000E+00,0.000000E+00,2.110731E+01,4.278118E+01,2.388902E+01,4.706108E+01
12:10:00,9.535161E+02,3.538132E+03,3.236705E-02,3.119842E-01,0.000000E+00,0.000000E+00,0.000000E+00,0.000000E+00,0.000000E+00,0.000000E+00,0.000000E+00,0.000000E+00,2.111000E+01,4.949701E+01,2.388917E+01,4.730936E+01,3.063732E+03,3.492035E+03,1.039893E-01,3.079235E-01,0.000000E+00,0.000000E+00,0.000000E+00,0.000000E+00,0.000000E+00,0.000000E+00,0.000000E+00,0.000000E+00,2.110751E+01,4.332939E+01,2.388902E+01,4.710602E+01,1.834743E+03,2.885932E+03,6.227445E-02,2.544766E-01,0.000000E+00,0.000000E+00,0.000000E+00,0.000000E+00,0.000000E+00,0.000000E+00,0.000000E+00,0.000000E+00,2.110731E+01,4.276477E+01,2.388907E+01,4.640117E+01,3.071051E+03,3.512594E+03,1.042374E-01,3.097364E-01,0.000000E+00,0.000000E+00,0.000000E+00,0.000000E+00,0.000000E+00,0.000000E+00,0.000000E+00,0.000000E+00,2.110742E+01,4.310884E+01,2.388902E+01,4.711063E+01,1.840288E+03,2.163987E+03,6.246267E-02,1.908178E-01,0.000000E+00,0.000000E+00,0.000000E+00,0.000000E+00,0.000000E+00,0.000000E+00,0.000000E+00,0.000000E+00,2.110731E+01,4.278120E+01,2.388902E+01,4.704499E+01
12:20:00,9.535503E+02,3.545272E+03,3.236821E-02,3.126138E-01,0.000000E+00,0.000000E+00,0.000000E+00,0.000000E+00,0.000000E+00,0.000000E+00,0.000000E+00,0.000000E+00,2.111000E+01,4.949701E+01,2.388917E+01,4.730329E+01,3.063744E+03,3.518241E+03,1.039897E-01,3.102343E-01,0.000000E+00,0.000000E+00,0.000000E+00,0.000000E+00,0.000000E+00,0.000000E+00,0.000000E+00,0.000000E+00,2.110751E+01,4.332941E+01,2.388902E+01,4.708763E+01,1.834749E+03,2.849238E+03,6.227466E-02,2.512411E-01,0.000000E+00,0.000000E+00,0.000000E+00,0.000000E+00,0.000000E+00,0.000000E+00,0.000000E+00,0.000000E+00,2.110731E+01,4.276479E+01,2.388907E+01,4.642141E+01,3.071063E+03,3.533778E+03,1.042378E-01,3.116044E-01,0.000000E+00,0.000000E+00,0.000000E+00,0.000000E+00,0.000000E+00,0.000000E+00,0.000000E+00,0.000000E+00,2.110742E+01,4.310886E+01,2.388902E+01,4.709628E+01,1.840294E+03,2.178173E+03,6.246288E-02,1.920687E-01,0.000000E+00,0.000000E+00,0.000000E+00,0.000000E+00,0.000000E+00,0.000000E+00,0.000000E+00,0.000000E+00,2.110731E+01,4.278122E+01,2.388902E+01,4.702978E+01
12:30:00,9.535842E+02,3.552370E+03,3.236936E-02,3.132397E-01,0.000000E+00,0.000000E+00,0.000000E+00,0.000000E+00,0.000000E+00,0.000000E+00,0.000000E+00,0.000000E+00,2.111000E+01,4.949701E+01,2.388917E+01,4.729729E+01,3.063755E+03,3.543675E+03,1.039900E-01,3.124770E-01,0.000000E+00,0.000000E+00,0.000000E+00,0.000000E+00,0.000000E+00,0.000000E+00,0.000000E+00,0.000000E+00,2.110751E+01,4.332943E+01,2.388902E+01,4.707003E+01,1.834755E+03,2.821783E+03,6.227487E-02,2.488202E-01,0.000000E+00,0.000000E+00,0.000000E+00,0.000000E+00,0.000000E+00,0.000000E+00,0.000000E+00,0.000000E+00,2.110731E+01,4.276481E+01,2.388906E+01,4.643853E+01,3.071075E+03,3.554287E+03,1.042381E-01,3.134129E-01,0.000000E+00,0.000000E+00,0.000000E+00,0.000000E+00,0.000000E+00,0.000000E+00,0.000000E+00,0.000000E+00,2.110742E+01,4.310888E+01,2.388902E+01,4.708256E+01,1.840301E+03,2.191801E+03,6.246308E-02,1.932705E-01,0.000000E+00,0.000000E+00,0.000000E+00,0.000000E+00,0.000000E+00,0.000000E+00,0.000000E+00,0.000000E+00,2.110731E+01,4.278124E+01,2.388902E+01,4.701539E+01
12:40:00,9.536179E+02,3.559461E+03,3.237051E-02,3.138650E-01,0.000000E+00,0.000000E+00,0.000000E+00,0.000000E+00,0.000000E+00,0.000000E+00,0.000000E+00,0.000000E+00,2.111000E+01,4.949701E+01,2.388917E+01,4.729134E+01,3.063767E+03,3.568426E+03,1.039904E-01,3.146595E-01,0.000000E+00,0.000000E+00,0.000000E+00,0.000000E+00,0.000000E+00,0.000000E+00,0.000000E+00,0.000000E+00,2.110751E+01,4.332945E+01,2.388903E+01,4.705313E+01,1.834761E+03,2.802906E+03,6.227507E-02,2.471558E-01,0.000000E+00,0.000000E+00,0.000000E+00,0.000000E+00,0.000000E+00,0.000000E+00,0.000000E+00,0.000000E+00,2.110731E+01,4.276483E+01,2.388906E+01,4.645362E+01,3.071086E+03,3.574233E+03,1.042385E-01,3.151717E-01,0.000000E+00,0.000000E+00,0.000000E+00,0.000000E+00,0.000000E+00,0.000000E+00,0.000000E+00,0.000000E+00,2.110742E+01,4.310890E+01,2.388902E+01,4.706937E+01,1.840307E+03,2.204922E+03,6.246329E-02,1.944274E-01,0.000000E+00,0.000000E+00,0.000000E+00,0.000000E+00,0.000000E+00,0.000000E+00,0.000000E+00,0.000000E+00,2.110731E+01,4.278126E+01,2.388902E+01,4.700172E+01
12:50:00,9.536513E+02,3.566560E+03,3.237164E-02,3.144910E-01,0.000000E+00,0.000000E+00,0.000000E+00,0.000000E+00,0.000000E+00,0.000000E+00,0.000000E+00,0.000000E+00,2.111000E+01,4.949701E+01,2.388917E+01,4.728544E+01,3.063778E+03,3.592570E+03,1.039908E-01,3.167885E-01,0.000000E+00,0.000000E+00,0.000000E+00,0.000000E+00,0.000000E+00,0.000000E+00,0.000000E+00,0.000000E+00,2.110751E+01,4.332947E+01,2.388903E+01,4.703686E+01,1.834767E+03,2.786488E+03,6.227528E-02,2.457082E-01,0.000000E+00,0.000000E+00,0.000000E+00,0.000000E+00,0.000000E+00,0.000000E+00,0.000000E+00,0.000000E+00,2.110731E+01,4.276485E+01,2.388906E+01,4.646721E+01,3.071097E+03,3.593726E+03,1.042389E-01,3.168905E-01,0.000000E+00,0.000000E+00,0.000000E+00,0.000000E+00,0.000000E+00,0.000000E+00,0.000000E+00,0.000000E+00,2.110742E+01,4.310892E+01,2.388902E+01,4.705661E+01,1.840313E+03,2.217593E+03,6.246349E-02,1.955447E-01,0.000000E+00,0.000000E+00,0.000000E+00,0.000000E+00,0.000000E+00,0.000000E+00,0.000000E+00,0.000000E+00,2.110731E+01,4.278128E+01,2.388902E+01,4.698868E+01
13:00:00,9.536846E+02,3.573655E+03,3.237277E-02,3.151166E-01,0.000000E+00,0.000000E+00,0.000000E+00,0.000000E+00,0.000000E+00,0.000000E+00,0.000000E+00,0.000000E+00,2.111000E+01,4.949701E+01,2.388917E+01,4.727960E+01,3.063789E+03,3.616150E+03,1.039912E-01,3.188677E-01,0.000000E+00,0.000000E+00,0.000000E+00,0.000000E+00,0.000000E+00,0.000000E+00,0.000000E+00,0.000000E+00,2.110751E+01,4.332949E+01,2.388903E+01,4.702116E+01,1.834773E+03,2.771666E+03,6.227548E-02,2.444013E-01,0.000000E+00,0.000000E+00,0.000000E+00,0.000000E+00,0.000000E+00,0.000000E+00,0.000000E+00,0.000000E+00,2.110731E+01,4.276487E+01,2.388906E+01,4.647956E+01,3.071109E+03,3.612850E+03,1.042393E-01,3.185769E-01,0.000000E+00,0.000000E+00,0.000000E+00,0.000000E+00,0.000000E+00,0.000000E+00,0.000000E+00,0.000000E+00,2.110742E+01,4.310894E+01,2.388902E+01,4.704420E+01,1.840319E+03,2.229874E+03,6.246370E-02,1.966277E-01,0.000000E+00,0.000000E+00,0.000000E+00,0.000000E+00,0.000000E+00,0.000000E+00,0.000000E+00,0.000000E+00,2.110731E+01,4.278129E+01,2.388902E+01,4.697616E+01
13:10:00,9.537176E+02,3.580721E+03,3.237389E-02,3.157396E-01,0.000000E+00,0.000000E+00,0.000000E+00,0.000000E+00,0.000000E+00,0.000000E+00,0.000000E+00,0.000000E+00,2.111000E+01,4.949701E+01,2.388917E+01,4.727381E+01,3.063800E+03,3.639105E+03,1.039916E-01,3.208919E-01,0.000000E+00,0.000000E+00,0.000000E+00,0.000000E+00,0.000000E+00,0.000000E+00,0.000000E+00,0.000000E+00,2.110751E+01,4.332951E+01,2.388903E+01,4.700600E+01,1.834779E+03,2.758230E+03,6.227569E-02,2.432166E-01,0.000000E+00,0.000000E+00,0.000000E+00,0.000000E+00,0.000000E+00,0.000000E+00,0.000000E+00,0.000000E+00,2.110731E+01,4.276488E+01,2.388906E+01,4.649078E+01,3.071120E+03,3.631602E+03,1.042397E-01,3.202304E-01,0.000000E+00,0.000000E+00,0.000000E+00,0.000000E+00,0.000000E+00,0.000000E+00,0.000000E+00,0.000000E+00,2.110742E+01,4.310896E+01,2.388902E+01,4.703207E+01,1.840325E+03,2.241782E+03,6.246390E-02,1.976777E-01,0.000000E+00,0.000000E+00,0.000000E+00,0.000000E+00,0.000000E+00,0.000000E+00,0.000000E+00,0.000000E+00,2.110731E+01,4.278131E+01,2.388902E+01,4.696409E+01
13:20:00,9.537503E+02,3.587958E+03,3.237500E-02,3.163777E-01,0.000000E+00,0.000000E+00,0.000000E+00,0.000000E+00,0.000000E+00,0.000000E+00,0.000000E+00,0.000000E+00,2.111000E+01,4.949701E+01,2.388917E+01,4.726885E+01,3.063811E+03,3.661599E+03,1.039920E-01,3.228753E-01,0.000000E+00,0.000000E+00,0.000000E+00,0.000000E+00,0.000000E+00,0.000000E+00,0.000000E+00,0.000000E+00,2.110751E+01,4.332953E+01,2.388903E+01,4.699334E+01,1.834785E+03,2.746228E+03,6.227589E-02,2.421583E-01,0.000000E+00,0.000000E+00,0.000000E+00,0.000000E+00,0.000000E+00,0.000000E+00,0.000000E+00,0.000000E+00,2.110731E+01,4.276490E+01,2.388906E+01,4.649965E+01,3.071131E+03,3.650202E+03,1.042401E-01,3.218705E-01,0.000000E+00,0.000000E+00,0.000000E+00,0.000000E+00,0.000000E+00,0.000000E+00,0.000000E+00,0.000000E+00,2.110742E+01,4.310897E+01,2.388902E+01,4.702181E+01,1.840330E+03,2.253468E+03,6.246410E-02,1.987081E-01,0.000000E+00,0.000000E+00,0.000000E+00,0.000000E+00,0.000000E+00,0.000000E+00,0.000000E+00,0.000000E+00,2.110731E+01,4.278133E+01,2.388902E+01,4.695399E+01
13:30:00,9.537829E+02,3.594950E+03,3.237611E-02,3.169964E-01,0.000000E+00,0.000000E+00,0.000000E+00,0.000000E+00,0.000000E+00,0.000000E+00,0.000000E+00,0.000000E+00,2.111000E+01,4.949701E+01,2.388874E+01,4.726561E+01,3.063822E+03,3.683236E+03,1.039923E-01,3.247855E-01,0.000000E+00,0.000000E+00,0.000000E+00,0.000000E+00,0.000000E+00,0.000000E+00,0.000000E+00,0.000000E+00,2.110751E+01,4.332954E+01,2.388857E+01,4.698374E+01,1.834791E+03,2.735434E+03,6.227608E-02,2.412080E-01,0.000000E+00,0.000000E+00,0.000000E+00,0.000000E+00,0.000000E+00,0.000000E+00,0.000000E+00,0.000000E+00,2.110731E+01,4.276492E+01,2.388865E+01,4.650771E+01,3.071142E+03,3.668307E+03,1.042404E-01,3.234692E-01,0.000000E+00,0.000000E+00,0.000000E+00,0.000000E+00,0.000000E+00,0.000000E+00,0.000000E+00,0.000000E+00,2.110742E+01,4.310899E+01,2.388856E+01,4.701412E+01,1.840336E+03,2.264748E+03,6.246430E-02,1.997041E-01,0.000000E+00,0.000000E+00,0.000000E+00,0.000000E+00,0.000000E+00,0.000000E+00,0.000000E+00,0.000000E+00,2.110731E+01,4.278135E+01,2.388858E+01,4.694645E+01
13:40:00,9.538152E+02,3.601916E+03,3.237720E-02,3.176129E-01,0.000000E+00,0.000000E+00,0.000000E+00,0.000000E+00,0.000000E+00,0.000000E+00,0.000000E+00,0.000000E+00,2.111000E+01,4.949701E+01,2.388869E+01,4.726000E+01,3.063833E+03,3.704097E+03,1.039927E-01,3.266276E-01,0.000000E+00,0.000000E+00,0.000000E+00,0.000000E+00,0.000000E+00,0.000000E+00,0.000000E+00,0.000000E+00,2.110751E+01,4.332956E+01,2.388851E+01,4.697020E+01,1.834797E+03,2.725876E+03,6.227628E-02,2.403669E-01,0.000000E+00,0.000000E+00,0.000000E+00,0.000000E+00,0.000000E+00,0.000000E+00,0.000000E+00,0.000000E+00,2.110731E+01,4.276494E+01,2.388859E+01,4.651626E+01,3.071153E+03,3.686053E+03,1.042408E-01,3.250366E-01,0.000000E+00,0.000000E+00,0.000000E+00,0.000000E+00,0.000000E+00,0.000000E+00,0.000000E+00,0.000000E+00,2.110742E+01,4.310901E+01,2.388850E+01,4.700278E+01,1.840342E+03,2.275716E+03,6.246450E-02,2.006728E-01,0.000000E+00,0.000000E+00,0.000000E+00,0.000000E+00,0.000000E+00,0.000000E+00,0.000000E+00,0.000000E+00,2.110731E+01,4.278137E+01,2.388852E+01,4.693544E+01
13:50:00,9.538473E+02,3.608749E+03,3.237829E-02,3.182177E-01,0.000000E+00,0.000000E+00,0.000000E+00,0.000000E+00,0.000000E+00,0.000000E+00,0.000000E+00,0.000000E+00,2.111000E+01,4.949701E+01,2.388869E+01,4.725439E+01,3.063844E+03,3.723982E+03,1.039931E-01,3.283836E-01,0.000000E+00,0.000000E+00,0.000000E+00,0.000000E+00,0.000000E+00,0.000000E+00,0.000000E+00,0.000000E+00,2.110751E+01,4.332958E+01,2.388851E+01,4.695723E+01,1.834803E+03,2.717419E+03,6.227648E-02,2.396228E-01,0.000000E+00,0.000000E+00,0.000000E+00,0.000000E+00,0.000000E+00,0.000000E+00,0.000000E+00,0.000000E+00,2.110731E+01,4.276495E+01,2.388858E+01,4.652378E+01,3.071164E+03,3.703294E+03,1.042412E-01,3.265595E-01,0.000000E+00,0.000000E+00,0.000000E+00,0.000000E+00,0.000000E+00,0.000000E+00,0.000000E+00,0.000000E+00,2.110742E+01,4.310903E+01,2.388850E+01,4.699167E+01,1.840348E+03,2.286806E+03,6.246469E-02,2.016523E-01,0.000000E+00,0.000000E+00,0.000000E+00,0.000000E+00,0.000000E+00,0.000000E+00,0.000000E+00,0.000000E+00,2.110731E+01,4.278138E+01,2.388851E+01,4.692472E+01
14:00:00,9.538791E+02,3.615455E+03,3.237937E-02,3.188113E-01,0.000000E+00,0.000000E+00,0.000000E+00,0.000000E+00,0.000000E+00,0.000000E+00,0.000000E+00,0.000000E+00,2.111000E+01,4.949701E+01,2.388869E+01,4.724892E+01,3.063855E+03,3.742754E+03,1.039934E-01,3.300415E-01,0.000000E+00,0.000000E+00,0.000000E+00,0.000000E+00,0.000000E+00,0.000000E+00,0.000000E+00,0.000000E+00,2.110751E+01,4.332960E+01,2.388851E+01,4.694506E+01,1.834808E+03,2.709933E+03,6.227667E-02,2.389645E-01,0.000000E+00,0.000000E+00,0.000000E+00,0.000000E+00,0.000000E+00,0.000000E+00,0.000000E+00,0.000000E+00,2.110731E+01,4.276497E+01,2.388858E+01,4.653054E+01,3.071175E+03,3.719943E+03,1.042415E-01,3.280302E-01,0.000000E+00,0.000000E+00,0.000000E+00,0.000000E+00,0.000000E+00,0.000000E+00,0.000000E+00,0.000000E+00,2.110742E+01,4.310905E+01,2.388850E+01,4.698098E+01,1.840354E+03,2.305078E+03,6.246488E-02,2.032651E-01,0.000000E+00,0.000000E+00,0.000000E+00,0.000000E+00,0.000000E+00,0.000000E+00,0.000000E+00,0.000000E+00,2.110731E+01,4.278140E+01,2.388851E+01,4.691375E+01
14:10:00,9.539108E+02,3.622053E+03,3.238045E-02,3.193954E-01,0.000000E+00,0.000000E+00,0.000000E+00,0.000000E+00,0.000000E+00,0.000000E+00,0.000000E+00,0.000000E+00,2.111000E+01,4.949701E+01,2.388869E+01,4.724361E+01,3.063865E+03,3.760156E+03,1.039938E-01,3.315785E-01,0.000000E+00,0.000000E+00,0.000000E+00,0.000000E+00,0.000000E+00,0.000000E+00,0.000000E+00,0.000000E+00,2.110751E+01,4.332962E+01,2.388851E+01,4.693376E+01,1.834814E+03,2.703203E+03,6.227686E-02,2.383728E-01,0.000000E+00,0.000000E+00,0.000000E+00,0.000000E+00,0.000000E+00,0.000000E+00,0.000000E+00,0.000000E+00,2.110731E+01,4.276499E+01,2.388857E+01,4.653663E+01,3.071185E+03,3.735792E+03,1.042419E-01,3.294303E-01,0.000000E+00,0.000000E+00,0.000000E+00,0.000000E+00,0.000000E+00,0.000000E+00,0.000000E+00,0.000000E+00,2.110742E+01,4.310907E+01,2.388850E+01,4.697075E+01,1.840359E+03,2.332359E+03,6.246508E-02,2.056724E-01,0.000000E+00,0.000000E+00,0.000000E+00,0.000000E+00,0.000000E+00,0.000000E+00,0.000000E+00,0.000000E+00,2.110731E+01,4.278142E+01,2.388849E+01,4.689220E+01
14:20:00,9.539422E+02,3.628354E+03,3.238151E-02,3.199533E-01,0.000000E+00,0.000000E+00,0.000000E+00,0.000000E+00,0.000000E+00,0.000000E+00,0.000000E+00,0.000000E+00,2.111000E+01,4.949701E+01,2.388869E+01,4.723842E+01,3.063876E+03,3.775882E+03,1.039941E-01,3.329679E-01,0.000000E+00,0.000000E+00,0.000000E+00,0.000000E+00,0.000000E+00,0.000000E+00,0.000000E+00,0.000000E+00,2.110751E+01,4.332964E+01,2.388851E+01,4.692342E+01,1.834820E+03,2.696954E+03,6.227706E-02,2.378234E-01,0.000000E+00,0.000000E+00,0.000000E+00,0.000000E+00,0.000000E+00,0.000000E+00,0.000000E+00,0.000000E+00,2.110731E+01,4.276501E+01,2.388857E+01,4.654212E+01,3.071196E+03,3.750554E+03,1.042423E-01,3.307347E-01,0.000000E+00,0.000000E+00,0.000000E+00,0.000000E+00,0.000000E+00,0.000000E+00,0.000000E+00,0.000000E+00,2.110742E+01,4.310909E+01,2.388850E+01,4.696106E+01,1.840365E+03,2.370016E+03,6.246527E-02,2.089948E-01,0.000000E+00,0.000000E+00,0.000000E+00,0.000000E+00,0.000000E+00,0.000000E+00,0.000000E+00,0.000000E+00,2.110731E+01,4.278143E+01,2.388846E+01,4.685510E+01
14:30:00,9.539734E+02,3.634782E+03,3.238257E-02,3.205203E-01,0.000000E+00,0.000000E+00,0.000000E+00,0.000000E+00,0.000000E+00,0.000000E+00,0.000000E+00,0.000000E+00,2.111000E+01,4.949701E+01,2.388869E+01,4.723330E+01,3.063886E+03,3.790427E+03,1.039945E-01,3.342508E-01,0.000000E+00,0.000000E+00,0.000000E+00,0.000000E+00,0.000000E+00,0.000000E+00,0.000000E+00,0.000000E+00,2.110751E+01,4.332965E+01,2.388851E+01,4.691408E+01,1.834825E+03,2.691210E+03,6.227725E-02,2.373172E-01,0.000000E+00,0.000000E+00,0.000000E+00,0.000000E+00,0.000000E+00,0.000000E+00,0.000000E+00,0.000000E+00,2.110731E+01,4.276502E+01,2.388857E+01,4.654711E+01,3.071206E+03,3.764492E+03,1.042426E-01,3.319640E-01,0.000000E+00,0.000000E+00,0.000000E+00,0.000000E+00,0.000000E+00,0.000000E+00,0.000000E+00,0.000000E+00,2.110742E+01,4.310911E+01,2.388850E+01,4.695195E+01,1.840370E+03,2.419478E+03,6.246546E-02,2.133569E-01,0.000000E+00,0.000000E+00,0.000000E+00,0.000000E+00,0.000000E+00,0.000000E+00,0.000000E+00,0.000000E+00,2.110731E+01,4.278145E+01,2.388845E+01,4.680373E+01
14:40:00,9.540044E+02,3.641128E+03,3.238363E-02,3.210800E-01,0.000000E+00,0.000000E+00,0.000000E+00,0.000000E+00,0.000000E+00,0.000000E+00,0.000000E+00,0.000000E+00,2.111000E+01,4.949701E+01,2.388869E+01,4.722823E+01,3.063897E+03,3.803675E+03,1.039949E-01,3.354190E-01,0.000000E+00,0.000000E+00,0.000000E+00,0.000000E+00,0.000000E+00,0.000000E+00,0.000000E+00,0.000000E+00,2.110751E+01,4.332967E+01,2.388852E+01,4.690550E+01,1.834831E+03,2.685721E+03,6.227743E-02,2.368332E-01,0.000000E+00,0.000000E+00,0.000000E+00,0.000000E+00,0.000000E+00,0.000000E+00,0.000000E+00,0.000000E+00,2.110731E+01,4.276504E+01,2.388857E+01,4.655174E+01,3.071217E+03,3.777341E+03,1.042430E-01,3.330971E-01,0.000000E+00,0.000000E+00,0.000000E+00,0.000000E+00,0.000000E+00,0.000000E+00,0.000000E+00,0.000000E+00,2.110742E+01,4.310913E+01,2.388850E+01,4.694342E+01,1.840376E+03,2.481666E+03,6.246564E-02,2.188412E-01,0.000000E+00,0.000000E+00,0.000000E+00,0.000000E+00,0.000000E+00,0.000000E+00,0.000000E+00,0.000000E+00,2.110731E+01,4.278147E+01,2.388843E+01,4.674202E+01
14:50:00,9.540351E+02,3.647506E+03,3.238467E-02,3.216424E-01,0.000000E+00,0.000000E+00,0.000000E+00,0.000000E+00,0.000000E+00,0.000000E+00,0.000000E+00,0.000000E+00,2.111000E+01,4.949701E+01,2.388869E+01,4.722317E+01,3.063907E+03,3.815667E+03,1.039952E-01,3.364765E-01,0.000000E+00,0.000000E+00,0.000000E+00,0.000000E+00,0.000000E+00,0.000000E+00,0.000000E+00,0.000000E+00,2.110751E+01,4.332969E+01,2.388852E+01,4.689751E+01,1.834836E+03,2.680378E+03,6.227762E-02,2.363622E-01,0.000000E+00,0.000000E+00,0.000000E+00,0.000000E+00,0.000000E+00,0.000000E+00,0.000000E+00,0.000000E+00,2.110731E+01,4.276506E+01,2.388857E+01,4.655613E+01,3.071227E+03,3.789109E+03,1.042433E-01,3.341348E-01,0.000000E+00,0.000000E+00,0.000000E+00,0.000000E+00,0.000000E+00,0.000000E+00,0.000000E+00,0.000000E+00,2.110742E+01,4.310914E+01,2.388850E+01,4.693549E+01,1.840381E+03,2.556941E+03,6.246583E-02,2.254794E-01,0.000000E+00,0.000000E+00,0.000000E+00,0.000000E+00,0.000000E+00,0.000000E+00,0.000000E+00,0.000000E+00,2.110731E+01,4.278148E+01,2.388843E+01,4.667396E+01
15:00:00,9.540657E+02,3.653909E+03,3.238571E-02,3.222070E-01,0.000000E+00,0.000000E+00,0.000000E+00,0.000000E+00,0.000000E+00,0.000000E+00,0.000000E+00,0.000000E+00,2.111000E+01,4.949701E+01,2.388869E+01,4.721812E+01,3.063917E+03,3.826375E+03,1.039956E-01,3.374207E-01,0.000000E+00,0.000000E+00,0.000000E+00,0.000000E+00,0.000000E+00,0.000000E+00,0.000000E+00,0.000000E+00,2.110751E+01,4.332971E+01,2.388852E+01,4.689011E+01,1.834842E+03,2.675039E+03,6.227781E-02,2.358914E-01,0.000000E+00,0.000000E+00,0.000000E+00,0.000000E+00,0.000000E+00,0.000000E+00,0.000000E+00,0.000000E+00,2.110731E+01,4.276507E+01,2.388857E+01,4.656040E+01,3.071237E+03,3.799715E+03,1.042437E-01,3.350701E-01,0.000000E+00,0.000000E+00,0.000000E+00,0.000000E+00,0.000000E+00,0.000000E+00,0.000000E+00,0.000000E+00,2.110742E+01,4.310916E+01,2.388851E+01,4.692818E+01,1.840387E+03,2.638842E+03,6.246602E-02,2.327020E-01,0.000000E+00,0.000000E+00,0.000000E+00,0.000000E+00,0.000000E+00,0.000000E+00,0.000000E+00,0.000000E+00,2.110731E+01,4.278150E+01,2.388843E+01,4.660270E+01
15:10:00,9.540961E+02,3.660310E+03,3.238674E-02,3.227715E-01,0.000000E+00,0.000000E+00,0.000000E+00,0.000000E+00,0.000000E+00,0.000000E+00,0.000000E+00,0.000000E+00,2.111000E+01,4.949701E+01,2.388869E+01,4.721310E+01,3.063928E+03,3.835705E+03,1.039959E-01,3.382433E-01,0.000000E+00,0.000000E+00,0.000000E+00,0.000000E+00,0.000000E+00,0.000000E+00,0.000000E+00,0.000000E+00,2.110751E+01,4.332972E+01,2.388852E+01,4.688340E+01,1.834847E+03,2.669541E+03,6.227799E-02,2.354065E-01,0.000000E+00,0.000000E+00,0.000000E+00,0.000000E+00,0.000000E+00,0.000000E+00,0.000000E+00,0.000000E+00,2.110731E+01,4.276509E+01,2.388857E+01,4.656462E+01,3.071248E+03,3.809014E+03,1.042440E-01,3.358900E-01,0.000000E+00,0.000000E+00,0.000000E+00,0.000000E+00,0.000000E+00,0.000000E+00,0.000000E+00,0.000000E+00,2.110742E+01,4.310918E+01,2.388851E+01,4.692152E+01,1.840392E+03,2.725823E+03,6.246620E-02,2.403725E-01,0.000000E+00,0.000000E+00,0.000000E+00,0.000000E+00,0.000000E+00,0.000000E+00,0.000000E+00,0.000000E+00,2.110731E+01,4.278152E+01,2.388843E+01,4.653055E+01
15:20:00,9.541262E+02,3.666663E+03,3.238776E-02,3.233317E-01,0.000000E+00,0.000000E+00,0.000000E+00,0.000000E+00,0.000000E+00,0.000000E+00,0.000000E+00,0.000000E+00,2.111000E+01,4.949701E+01,2.388869E+01,4.720812E+01,3.063938E+03,3.843625E+03,1.039962E-01,3.389417E-01,0.000000E+00,0.000000E+00,0.000000E+00,0.000000E+00,0.000000E+00,0.000000E+00,0.000000E+00,0.000000E+00,2.110751E+01,4.332974E+01,2.388852E+01,4.687755E+01,1.834853E+03,2.663760E+03,6.227817E-02,2.348968E-01,0.000000E+00,0.000000E+00,0.000000E+00,0.000000E+00,0.000000E+00,0.000000E+00,0.000000E+00,0.000000E+00,2.110731E+01,4.276511E+01,2.388857E+01,4.656887E+01,3.071258E+03,3.816911E+03,1.042444E-01,3.365863E-01,0.000000E+00,0.000000E+00,0.000000E+00,0.000000E+00,0.000000E+00,0.000000E+00,0.000000E+00,0.000000E+00,2.110742E+01,4.310920E+01,2.388851E+01,4.691559E+01,1.840398E+03,2.816640E+03,6.246638E-02,2.483812E-01,0.000000E+00,0.000000E+00,0.000000E+00,0.000000E+00,0.000000E+00,0.000000E+00,0.000000E+00,0.000000E+00,2.110731E+01,4.278153E+01,2.388844E+01,4.645917E+01
15:30:00,9.541561E+02,3.672917E+03,3.238878E-02,3.238831E-01,0.000000E+00,0.000000E+00,0.000000E+00,0.000000E+00,0.000000E+00,0.000000E+00,0.000000E+00,0.000000E+00,2.111000E+01,4.949701E+01,2.388869E+01,4.720321E+01,3.063948E+03,3.849859E+03,1.039966E-01,3.394913E-01,0.000000E+00,0.000000E+00,0.000000E+00,0.000000E+00,0.000000E+00,0.000000E+00,0.000000E+00,0.000000E+00,2.110751E+01,4.332976E+01,2.388853E+01,4.687266E+01,1.834858E+03,2.657583E+03,6.227835E-02,2.343521E-01,0.000000E+00,0.000000E+00,0.000000E+00,0.000000E+00,0.000000E+00,0.000000E+00,0.000000E+00,0.000000E+00,2.110731E+01,4.276512E+01,2.388857E+01,4.657323E+01,3.071268E+03,3.823328E+03,1.042447E-01,3.371522E-01,0.000000E+00,0.000000E+00,0.000000E+00,0.000000E+00,0.000000E+00,0.000000E+00,0.000000E+00,0.000000E+00,2.110742E+01,4.310921E+01,2.388851E+01,4.691046E+01,1.840403E+03,2.910143E+03,6.246656E-02,2.566266E-01,0.000000E+00,0.000000E+00,0.000000E+00,0.000000E+00,0.000000E+00,0.000000E+00,0.000000E+00,0.000000E+00,2.110731E+01,4.278155E+01,2.388845E+01,4.638983E+01
15:40:00,9.541858E+02,3.679016E+03,3.238978E-02,3.244209E-01,0.000000E+00,0.000000E+00,0.000000E+00,0.000000E+00,0.000000E+00,0.000000E+00,0.000000E+00,0.000000E+00,2.111000E+01,4.949701E+01,2.388869E+01,4.719842E+01,3.063958E+03,3.854254E+03,1.039969E-01,3.398789E-01,0.000000E+00,0.000000E+00,0.000000E+00,0.000000E+00,0.000000E+00,0.000000E+00,0.000000E+00,0.000000E+00,2.110751E+01,4.332978E+01,2.388853E+01,4.686877E+01,1.834863E+03,2.650906E+03,6.227853E-02,2.337633E-01,0.000000E+00,0.000000E+00,0.000000E+00,0.000000E+00,0.000000E+00,0.000000E+00,0.000000E+00,0.000000E+00,2.110731E+01,4.276514E+01,2.388857E+01,4.657781E+01,3.071278E+03,3.828211E+03,1.042450E-01,3.375827E-01,0.000000E+00,0.000000E+00,0.000000E+00,0.000000E+00,0.000000E+00,0.000000E+00,0.000000E+00,0.000000E+00,2.110742E+01,4.310923E+01,2.388852E+01,4.690618E+01,1.840408E+03,3.005298E+03,6.246674E-02,2.650176E-01,0.000000E+00,0.000000E+00,0.000000E+00,0.000000E+00,0.000000E+00,0.000000E+00,0.000000E+00,0.000000E+00,2.110731E+01,4.278157E+01,2.388846E+01,4.632346E+01
15:50:00,9.542153E+02,3.684907E+03,3.239079E-02,3.249404E-01,0.000000E+00,0.000000E+00,0.000000E+00,0.000000E+00,0.000000E+00,0.000000E+00,0.000000E+00,0.000000E+00,2.111000E+01,4.949701E+01,2.388869E+01,4.719377E+01,3.063967E+03,3.856790E+03,1.039973E-01,3.401024E-01,0.000000E+00,0.000000E+00,0.000000E+00,0.000000E+00,0.000000E+00,0.000000E+00,0.000000E+00,0.000000E+00,2.110751E+01,4.332979E+01,2.388853E+01,4.686585E+01,1.834868E+03,2.643625E+03,6.227871E-02,2.331213E-01,0.000000E+00,0.000000E+00,0.000000E+00,0.000000E+00,0.000000E+00,0.000000E+00,0.000000E+00,0.000000E+00,2.110731E+01,4.276516E+01,2.388857E+01,4.658272E+01,3.071288E+03,3.831497E+03,1.042454E-01,3.378724E-01,0.000000E+00,0.000000E+00,0.000000E+00,0.000000E+00,0.000000E+00,0.000000E+00,0.000000E+00,0.000000E+00,2.110742E+01,4.310925E+01,2.388852E+01,4.690272E+01,1.840413E+03,3.101178E+03,6.246692E-02,2.734724E-01,0.000000E+00,0.000000E+00,0.000000E+00,0.000000E+00,0.000000E+00,0.000000E+00,0.000000E+00,0.000000E+00,2.110731E+01,4.278158E+01,2.388847E+01,4.626065E+01
16:00:00,9.542447E+02,3.690534E+03,3.239178E-02,3.254366E-01,0.000000E+00,0.000000E+00,0.000000E+00,0.000000E+00,0.000000E+00,0.000000E+00,0.000000E+00,0.000000E+00,2.111000E+01,4.949701E+01,2.388869E+01,4.718929E+01,3.063977E+03,3.857466E+03,1.039976E-01,3.401619E-01,0.000000E+00,0.000000E+00,0.000000E+00,0.000000E+00,0.000000E+00,0.000000E+00,0.000000E+00,0.000000E+00,2.110751E+01,4.332981E+01,2.388853E+01,4.686390E+01,1.834874E+03,2.635642E+03,6.227889E-02,2.324172E-01,0.000000E+00,0.000000E+00,0.000000E+00,0.000000E+00,0.000000E+00,0.000000E+00,0.000000E+00,0.000000E+00,2.110731E+01,4.276517E+01,2.388857E+01,4.658804E+01,3.071297E+03,3.833131E+03,1.042457E-01,3.380164E-01,0.000000E+00,0.000000E+00,0.000000E+00,0.000000E+00,0.000000E+00,0.000000E+00,0.000000E+00,0.000000E+00,2.110742E+01,4.310927E+01,2.388852E+01,4.690009E+01,1.840419E+03,3.195245E+03,6.246709E-02,2.817674E-01,0.000000E+00,0.000000E+00,0.000000E+00,0.000000E+00,0.000000E+00,0.000000E+00,0.000000E+00,0.000000E+00,2.110731E+01,4.278160E+01,2.388848E+01,4.620170E+01
16:10:00,9.542738E+02,3.695838E+03,3.239277E-02,3.259043E-01,0.000000E+00,0.000000E+00,0.000000E+00,0.000000E+00,0.000000E+00,0.000000E+00,0.000000E+00,0.000000E+00,2.111000E+01,4.949701E+01,2.388869E+01,4.718504E+01,3.063987E+03,3.856580E+03,1.039979E-01,3.400838E-01,0.000000E+00,0.000000E+00,0.000000E+00,0.000000E+00,0.000000E+00,0.000000E+00,0.000000E+00,0.000000E+00,2.110751E+01,4.332983E+01,2.388854E+01,4.686288E+01,1.834879E+03,2.627005E+03,6.227906E-02,2.316556E-01,0.000000E+00,0.000000E+00,0.000000E+00,0.000000E+00,0.000000E+00,0.000000E+00,0.000000E+00,0.000000E+00,2.110731E+01,4.276519E+01,2.388857E+01,4.659386E+01,3.071307E+03,3.833304E+03,1.042460E-01,3.380316E-01,0.000000E+00,0.000000E+00,0.000000E+00,0.000000E+00,0.000000E+00,0.000000E+00,0.000000E+00,0.000000E+00,2.110742E+01,4.310928E+01,2.388852E+01,4.689831E+01,1.840424E+03,3.285197E+03,6.246727E-02,2.896993E-01,0.000000E+00,0.000000E+00,0.000000E+00,0.000000E+00,0.000000E+00,0.000000E+00,0.000000E+00,0.000000E+00,2.110731E+01,4.278161E+01,2.388850E+01,4.614830E+01
16:20:00,9.543027E+02,3.700756E+03,3.239375E-02,3.263379E-01,0.000000E+00,0.000000E+00,0.000000E+00,0.000000E+00,0.000000E+00,0.000000E+00,0.000000E+00,0.000000E+00,2.111000E+01,4.949701E+01,2.388870E+01,4.718104E+01,3.063996E+03,3.854161E+03,1.039982E-01,3.398703E-01,0.000000E+00,0.000000E+00,0.000000E+00,0.000000E+00,0.000000E+00,0.000000E+00,0.000000E+00,0.000000E+00,2.110751E+01,4.332984E+01,2.388854E+01,4.686275E+01,1.834884E+03,2.617650E+03,6.227923E-02,2.308307E-01,0.000000E+00,0.000000E+00,0.000000E+00,0.000000E+00,0.000000E+00,0.000000E+00,0.000000E+00,0.000000E+00,2.110731E+01,4.276520E+01,2.388857E+01,4.660024E+01,3.071317E+03,3.831971E+03,1.042464E-01,3.379140E-01,0.000000E+00,0.000000E+00,0.000000E+00,0.000000E+00,0.000000E+00,0.000000E+00,0.000000E+00,0.000000E+00,2.110742E+01,4.310930E+01,2.388853E+01,4.689741E+01,1.840429E+03,3.369785E+03,6.246744E-02,2.971582E-01,0.000000E+00,0.000000E+00,0.000000E+00,0.000000E+00,0.000000E+00,0.000000E+00,0.000000E+00,0.000000E+00,2.110731E+01,4.278163E+01,2.388851E+01,4.610202E+01
16:30:00,9.543314E+02,3.705228E+03,3.239472E-02,3.267323E-01,0.000000E+00,0.000000E+00,0.000000E+00,0.000000E+00,0.000000E+00,0.000000E+00,0.000000E+00,0.000000E+00,2.111000E+01,4.949701E+01,2.388870E+01,4.717734E+01,3.064006E+03,3.850232E+03,1.039986E-01,3.395238E-01,0.000000E+00,0.000000E+00,0.000000E+00,0.000000E+00,0.000000E+00,0.000000E+00,0.000000E+00,0.000000E+00,2.110751E+01,4.332986E+01,2.388854E+01,4.686350E+01,1.834889E+03,2.607519E+03,6.227941E-02,2.299373E-01,0.000000E+00,0.000000E+00,0.000000E+00,0.000000E+00,0.000000E+00,0.000000E+00,0.000000E+00,0.000000E+00,2.110731E+01,4.276522E+01,2.388858E+01,4.660722E+01,3.071326E+03,3.829047E+03,1.042467E-01,3.376561E-01,0.000000E+00,0.000000E+00,0.000000E+00,0.000000E+00,0.000000E+00,0.000000E+00,0.000000E+00,0.000000E+00,2.110742E+01,4.310932E+01,2.388853E+01,4.689745E+01,1.840434E+03,3.448015E+03,6.246761E-02,3.040564E-01,0.000000E+00,0.000000E+00,0.000000E+00,0.000000E+00,0.000000E+00,0.000000E+00,0.000000E+00,0.000000E+00,2.110731E+01,4.278164E+01,2.388853E+01,4.606263E+01
16:40:00,9.543599E+02,3.709044E+03,3.239569E-02,3.270676E-01,0.000000E+00,0.000000E+00,0.000000E+00,0.000000E+00,0.000000E+00,0.000000E+00,0.000000E+00,0.000000E+00,2.111000E+01,4.949701E+01,2.388892E+01,4.717261E+01,3.064015E+03,3.844677E+03,1.039989E-01,3.390327E-01,0.000000E+00,0.000000E+00,0.000000E+00,0.000000E+00,0.000000E+00,0.000000E+00,0.000000E+00,0.000000E+00,2.110751E+01,4.332987E+01,2.388877E+01,4.686523E+01,1.834894E+03,2.596470E+03,6.227958E-02,2.289622E-01,0.000000E+00,0.000000E+00,0.000000E+00,0.000000E+00,0.000000E+00,0.000000E+00,0.000000E+00,0.000000E+00,2.110731E+01,4.276523E+01,2.388879E+01,4.661669E+01,3.071336E+03,3.824323E+03,1.042470E-01,3.372382E-01,0.000000E+00,0.000000E+00,0.000000E+00,0.000000E+00,0.000000E+00,0.000000E+00,0.000000E+00,0.000000E+00,2.110742E+01,4.310933E+01,2.388876E+01,4.689847E+01,1.840439E+03,3.518860E+03,6.246779E-02,3.103023E-01,0.000000E+00,0.000000E+00,0.000000E+00,0.000000E+00,0.000000E+00,0.000000E+00,0.000000E+00,0.000000E+00,2.110731E+01,4.278166E+01,2.388876E+01,4.601950E+01
16:50:00,9.543882E+02,3.712330E+03,3.239665E-02,3.273551E-01,0.000000E+00,0.000000E+00,0.000000E+00,0.000000E+00,0.000000E+00,0.000000E+00,0.000000E+00,0.000000E+00,2.111000E+01,4.949701E+01,2.388916E+01,4.716946E+01,3.064025E+03,3.837664E+03,1.039992E-01,3.384117E-01,0.000000E+00,0.000000E+00,0.000000E+00,0.000000E+00,0.000000E+00,0.000000E+00,0.000000E+00,0.000000E+00,2.110751E+01,4.332989E+01,2.388904E+01,4.686738E+01,1.834899E+03,2.584548E+03,6.227975E-02,2.279092E-01,0.000000E+00,0.000000E+00,0.000000E+00,0.000000E+00,0.000000E+00,0.000000E+00,0.000000E+00,0.000000E+00,2.110731E+01,4.276525E+01,2.388904E+01,4.662449E+01,3.071345E+03,3.817910E+03,1.042473E-01,3.366702E-01,0.000000E+00,0.000000E+00,0.000000E+00,0.000000E+00,0.000000E+00,0.000000E+00,0.000000E+00,0.000000E+00,2.110742E+01,4.310935E+01,2.388903E+01,4.690030E+01,1.840444E+03,3.581461E+03,6.246795E-02,3.158199E-01,0.000000E+00,0.000000E+00,0.000000E+00,0.000000E+00,0.000000E+00,0.000000E+00,0.000000E+00,0.000000E+00,2.110731E+01,4.278168E+01,2.388902E+01,4.599165E+01
17:00:00,9.544163E+02,3.715036E+03,3.239761E-02,3.275914E-01,0.000000E+00,0.000000E+00,0.000000E+00,0.000000E+00,0.000000E+00,0.000000E+00,0.000000E+00,0.000000E+00,2.111000E+01,4.949701E+01,2.388917E+01,4.716705E+01,3.064034E+03,3.827803E+03,1.039995E-01,3.375395E-01,0.000000E+00,0.000000E+00,0.000000E+00,0.000000E+00,0.000000E+00,0.000000E+00,0.000000E+00,0.000000E+00,2.110751E+01,4.332991E+01,2.388905E+01,4.687173E+01,1.834904E+03,2.570963E+03,6.227992E-02,2.267097E-01,0.000000E+00,0.000000E+00,0.000000E+00,0.000000E+00,0.000000E+00,0.000000E+00,0.000000E+00,0.000000E+00,2.110731E+01,4.276526E+01,2.388906E+01,4.663488E+01,3.071355E+03,3.808496E+03,1.042476E-01,3.358374E-01,0.000000E+00,0.000000E+00,0.000000E+00,0.000000E+00,0.000000E+00,0.000000E+00,0.000000E+00,0.000000E+00,2.110742E+01,4.310937E+01,2.388904E+01,4.690444E+01,1.840449E+03,3.634026E+03,6.246812E-02,3.204524E-01,0.000000E+00,0.000000E+00,0.000000E+00,0.000000E+00,0.000000E+00,0.000000E+00,0.000000E+00,0.000000E+00,2.110731E+01,4.278169E+01,2.388905E+01,4.596666E+01
17:10:00,9.544442E+02,3.717071E+03,3.239855E-02,3.277685E-01,0.000000E+00,0.000000E+00,0.000000E+00,0.000000E+00,0.000000E+00,0.000000E+00,0.000000E+00,0.000000E+00,2.111000E+01,4.949701E+01,2.388917E+01,4.716515E+01,3.064043E+03,3.815863E+03,1.039998E-01,3.364840E-01,0.000000E+00,0.000000E+00,0.000000E+00,0.000000E+00,0.000000E+00,0.000000E+00,0.000000E+00,0.000000E+00,2.110751E+01,4.332992E+01,2.388905E+01,4.687821E+01,1.834909E+03,2.556151E+03,6.228008E-02,2.254019E-01,0.000000E+00,0.000000E+00,0.000000E+00,0.000000E+00,0.000000E+00,0.000000E+00,0.000000E+00,0.000000E+00,2.110731E+01,4.276528E+01,2.388906E+01,4.664689E+01,3.071364E+03,3.796855E+03,1.042480E-01,3.348083E-01,0.000000E+00,0.000000E+00,0.000000E+00,0.000000E+00,0.000000E+00,0.000000E+00,0.000000E+00,0.000000E+00,2.110742E+01,4.310938E+01,2.388904E+01,4.691077E+01,1.840454E+03,3.678982E+03,6.246829E-02,3.244139E-01,0.000000E+00,0.000000E+00,0.000000E+00,0.000000E+00,0.000000E+00,0.000000E+00,0.000000E+00,0.000000E+00,2.110731E+01,4.278171E+01,2.388906E+01,4.594858E+01
17:20:00,9.544719E+02,3.718402E+03,3.239950E-02,3.278835E-01,0.000000E+00,0.000000E+00,0.000000E+00,0.000000E+00,0.000000E+00,0.000000E+00,0.000000E+00,0.000000E+00,2.111000E+01,4.949701E+01,2.388917E+01,4.716375E+01,3.064053E+03,3.801867E+03,1.040001E-01,3.352473E-01,0.000000E+00,0.000000E+00,0.000000E+00,0.000000E+00,0.000000E+00,0.000000E+00,0.000000E+00,0.000000E+00,2.110751E+01,4.332994E+01,2.388905E+01,4.688612E+01,1.834914E+03,2.540160E+03,6.228025E-02,2.239902E-01,0.000000E+00,0.000000E+00,0.000000E+00,0.000000E+00,0.000000E+00,0.000000E+00,0.000000E+00,0.000000E+00,2.110731E+01,4.276529E+01,2.388906E+01,4.665998E+01,3.071373E+03,3.783791E+03,1.042483E-01,3.336537E-01,0.000000E+00,0.000000E+00,0.000000E+00,0.000000E+00,0.000000E+00,0.000000E+00,0.000000E+00,0.000000E+00,2.110742E+01,4.310940E+01,2.388905E+01,4.691840E+01,1.840459E+03,3.716111E+03,6.246845E-02,3.276853E-01,0.000000E+00,0.000000E+00,0.000000E+00,0.000000E+00,0.000000E+00,0.000000E+00,0.000000E+00,0.000000E+00,2.110731E+01,4.278172E+01,2.388907E+01,4.593471E+01
17:30:00,9.544994E+02,3.719021E+03,3.240043E-02,3.279357E-01,0.000000E+00,0.000000E+00,0.000000E+00,0.000000E+00,0.000000E+00,0.000000E+00,0.000000E+00,0.000000E+00,2.111000E+01,4.949701E+01,2.388917E+01,4.716288E+01,3.064062E+03,3.785691E+03,1.040005E-01,3.338183E-01,0.000000E+00,0.000000E+00,0.000000E+00,0.000000E+00,0.000000E+00,0.000000E+00,0.000000E+00,0.000000E+00,2.110751E+01,4.332995E+01,2.388905E+01,4.689496E+01,1.834919E+03,2.522975E+03,6.228041E-02,2.224732E-01,0.000000E+00,0.000000E+00,0.000000E+00,0.000000E+00,0.000000E+00,0.000000E+00,0.000000E+00,0.000000E+00,2.110731E+01,4.276531E+01,2.388906E+01,4.667370E+01,3.071382E+03,3.770648E+03,1.042486E-01,3.324921E-01,0.000000E+00,0.000000E+00,0.000000E+00,0.000000E+00,0.000000E+00,0.000000E+00,0.000000E+00,0.000000E+00,2.110742E+01,4.310942E+01,2.388904E+01,4.692582E+01,1.840464E+03,3.744685E+03,6.246862E-02,3.302023E-01,0.000000E+00,0.000000E+00,0.000000E+00,0.000000E+00,0.000000E+00,0.000000E+00,0.000000E+00,0.000000E+00,2.110731E+01,4.278173E+01,2.388907E+01,4.592393E+01
17:40:00,9.545268E+02,3.719144E+03,3.240136E-02,3.279453E-01,0.000000E+00,0.000000E+00,0.000000E+00,0.000000E+00,0.000000E+00,0.000000E+00,0.000000E+00,0.000000E+00,2.111000E+01,4.949701E+01,2.388917E+01,4.716253E+01,3.064071E+03,3.767314E+03,1.040008E-01,3.321964E-01,0.000000E+00,0.000000E+00,0.000000E+00,0.000000E+00,0.000000E+00,0.000000E+00,0.000000E+00,0.000000E+00,2.110751E+01,4.332997E+01,2.388906E+01,4.690487E+01,1.834923E+03,2.504679E+03,6.228058E-02,2.208590E-01,0.000000E+00,0.000000E+00,0.000000E+00,0.000000E+00,0.000000E+00,0.000000E+00,0.000000E+00,0.000000E+00,2.110731E+01,4.276532E+01,2.388906E+01,4.668818E+01,3.071391E+03,3.760529E+03,1.042489E-01,3.315985E-01,0.000000E+00,0.000000E+00,0.000000E+00,0.000000E+00,0.000000E+00,0.000000E+00,0.000000E+00,0.000000E+00,2.110742E+01,4.310943E+01,2.388904E+01,4.693122E+01,1.840468E+03,3.764586E+03,6.246878E-02,3.319557E-01,0.000000E+00,0.000000E+00,0.000000E+00,0.000000E+00,0.000000E+00,0.000000E+00,0.000000E+00,0.000000E+00,2.110731E+01,4.278175E+01,2.388907E+01,4.591662E+01
17:50:00,9.545539E+02,3.718832E+03,3.240228E-02,3.279177E-01,0.000000E+00,0.000000E+00,0.000000E+00,0.000000E+00,0.000000E+00,0.000000E+00,0.000000E+00,0.000000E+00,2.111000E+01,4.949701E+01,2.388917E+01,4.716257E+01,3.064080E+03,3.746396E+03,1.040011E-01,3.303518E-01,0.000000E+00,0.000000E+00,0.000000E+00,0.000000E+00,0.000000E+00,0.000000E+00,0.000000E+00,0.000000E+00,2.110751E+01,4.332998E+01,2.388906E+01,4.691611E+01,1.834928E+03,2.485191E+03,6.228074E-02,2.191404E-01,0.000000E+00,0.000000E+00,0.000000E+00,0.000000E+00,0.000000E+00,0.000000E+00,0.000000E+00,0.000000E+00,2.110731E+01,4.276534E+01,2.388906E+01,4.670357E+01,3.071400E+03,3.754041E+03,1.042492E-01,3.310263E-01,0.000000E+00,0.000000E+00,0.000000E+00,0.000000E+00,0.000000E+00,0.000000E+00,0.000000E+00,0.000000E+00,2.110742E+01,4.310945E+01,2.388904E+01,4.693228E+01,1.840473E+03,3.775618E+03,6.246894E-02,3.329282E-01,0.000000E+00,0.000000E+00,0.000000E+00,0.000000E+00,0.000000E+00,0.000000E+00,0.000000E+00,0.000000E+00,2.110731E+01,4.278176E+01,2.388908E+01,4.591267E+01
18:00:00,9.545809E+02,3.718402E+03,3.240319E-02,3.278798E-01,0.000000E+00,0.000000E+00,0.000000E+00,0.000000E+00,0.000000E+00,0.000000E+00,0.000000E+00,0.000000E+00,2.111000E+01,4.949701E+01,2.388917E+01,4.716274E+01,3.064089E+03,3.724129E+03,1.040014E-01,3.283883E-01,0.000000E+00,0.000000E+00,0.000000E+00,0.000000E+00,0.000000E+00,0.000000E+00,0.000000E+00,0.000000E+00,2.110751E+01,4.333000E+01,2.388906E+01,4.692887E+01,1.834933E+03,2.465290E+03,6.228090E-02,2.173856E-01,0.000000E+00,0.000000E+00,0.000000E+00,0.000000E+00,0.000000E+00,0.000000E+00,0.000000E+00,0.000000E+00,2.110731E+01,4.276535E+01,2.388906E+01,4.671991E+01,3.071409E+03,3.752762E+03,1.042495E-01,3.309135E-01,0.000000E+00,0.000000E+00,0.000000E+00,0.000000E+00,0.000000E+00,0.000000E+00,0.000000E+00,0.000000E+00,2.110742E+01,4.310946E+01,2.388904E+01,4.692911E+01,1.840478E+03,3.779839E+03,6.246910E-02,3.333002E-01,0.000000E+00,0.000000E+00,0.000000E+00,0.000000E+00,0.000000E+00,0.000000E+00,0.000000E+00,0.000000E+00,2.110731E+01,4.278178E+01,2.388908E+01,4.591193E+01
18:10:00,9.546076E+02,3.718147E+03,3.240410E-02,3.278573E-01,0.000000E+00,0.000000E+00,0.000000E+00,0.000000E+00,0.000000E+00,0.000000E+00,0.000000E+00,0.000000E+00,2.111000E+01,4.949701E+01,2.388917E+01,4.716276E+01,3.064097E+03,3.699326E+03,1.040017E-01,3.262012E-01,0.000000E+00,0.000000E+00,0.000000E+00,0.000000E+00,0.000000E+00,0.000000E+00,0.000000E+00,0.000000E+00,2.110751E+01,4.333002E+01,2.388906E+01,4.694332E+01,1.834938E+03,2.444448E+03,6.228106E-02,2.155478E-01,0.000000E+00,0.000000E+00,0.000000E+00,0.000000E+00,0.000000E+00,0.000000E+00,0.000000E+00,0.000000E+00,2.110731E+01,4.276537E+01,2.388906E+01,4.673723E+01,3.071418E+03,3.755498E+03,1.042498E-01,3.311548E-01,0.000000E+00,0.000000E+00,0.000000E+00,0.000000E+00,0.000000E+00,0.000000E+00,0.000000E+00,0.000000E+00,2.110742E+01,4.310948E+01,2.388904E+01,4.692334E+01,1.840483E+03,3.774670E+03,6.246926E-02,3.328443E-01,0.000000E+00,0.000000E+00,0.000000E+00,0.000000E+00,0.000000E+00,0.000000E+00,0.000000E+00,0.000000E+00,2.110731E+01,4.278179E+01,2.388909E+01,4.591481E+01
18:20:00,9.546342E+02,3.718175E+03,3.240501E-02,3.278598E-01,0.000000E+00,0.000000E+00,0.000000E+00,0.000000E+00,0.000000E+00,0.000000E+00,0.000000E+00,0.000000E+00,2.111000E+01,4.949701E+01,2.388917E+01,4.716249E+01,3.064106E+03,3.671763E+03,1.040020E-01,3.237707E-01,0.000000E+00,0.000000E+00,0.000000E+00,0.000000E+00,0.000000E+00,0.000000E+00,0.000000E+00,0.000000E+00,2.110751E+01,4.333003E+01,2.388906E+01,4.695963E+01,1.834942E+03,2.422623E+03,6.228122E-02,2.136232E-01,0.000000E+00,0.000000E+00,0.000000E+00,0.000000E+00,0.000000E+00,0.000000E+00,0.000000E+00,0.000000E+00,2.110731E+01,4.276538E+01,2.388906E+01,4.675553E+01,3.071427E+03,3.760736E+03,1.042501E-01,3.316167E-01,0.000000E+00,0.000000E+00,0.000000E+00,0.000000E+00,0.000000E+00,0.000000E+00,0.000000E+00,0.000000E+00,2.110742E+01,4.310949E+01,2.388904E+01,4.691681E+01,1.840487E+03,3.758985E+03,6.246942E-02,3.314611E-01,0.000000E+00,0.000000E+00,0.000000E+00,0.000000E+00,0.000000E+00,0.000000E+00,0.000000E+00,0.000000E+00,2.110731E+01,4.278181E+01,2.388909E+01,4.592206E+01
18:30:00,9.546606E+02,3.718446E+03,3.240590E-02,3.278837E-01,0.000000E+00,0.000000E+00,0.000000E+00,0.000000E+00,0.000000E+00,0.000000E+00,0.000000E+00,0.000000E+00,2.111000E+01,4.949701E+01,2.388917E+01,4.716204E+01,3.064115E+03,3.641414E+03,1.040023E-01,3.210944E-01,0.000000E+00,0.000000E+00,0.000000E+00,0.000000E+00,0.000000E+00,0.000000E+00,0.000000E+00,0.000000E+00,2.110751E+01,4.333005E+01,2.388907E+01,4.697791E+01,1.834947E+03,2.399867E+03,6.228137E-02,2.116166E-01,0.000000E+00,0.000000E+00,0.000000E+00,0.000000E+00,0.000000E+00,0.000000E+00,0.000000E+00,0.000000E+00,2.110731E+01,4.276540E+01,2.388907E+01,4.677482E+01,3.071435E+03,3.765470E+03,1.042504E-01,3.320341E-01,0.000000E+00,0.000000E+00,0.000000E+00,0.000000E+00,0.000000E+00,0.000000E+00,0.000000E+00,0.000000E+00,2.110742E+01,4.310951E+01,2.388904E+01,4.691148E+01,1.840492E+03,3.731997E+03,6.246958E-02,3.290812E-01,0.000000E+00,0.000000E+00,0.000000E+00,0.000000E+00,0.000000E+00,0.000000E+00,0.000000E+00,0.000000E+00,2.110731E+01,4.278182E+01,2.388909E+01,4.593455E+01
18:40:00,9.546868E+02,3.718728E+03,3.240679E-02,3.279086E-01,0.000000E+00,0.000000E+00,0.000000E+00,0.000000E+00,0.000000E+00,0.000000E+00,0.000000E+00,0.000000E+00,2.111000E+01,4.949701E+01,2.388917E+01,4.716164E+01,3.064123E+03,3.607575E+03,1.040025E-01,3.181106E-01,0.000000E+00,0.000000E+00,0.000000E+00,0.000000E+00,0.000000E+00,0.000000E+00,0.000000E+00,0.000000E+00,2.110751E+01,4.333006E+01,2.388907E+01,4.699838E+01,1.834951E+03,2.375823E+03,6.228153E-02,2.094964E-01,0.000000E+00,0.000000E+00,0.000000E+00,0.000000E+00,0.000000E+00,0.000000E+00,0.000000E+00,0.000000E+00,2.110731E+01,4.276541E+01,2.388907E+01,4.679528E+01,3.071444E+03,3.761991E+03,1.042507E-01,3.317273E-01,0.000000E+00,0.000000E+00,0.000000E+00,0.000000E+00,0.000000E+00,0.000000E+00,0.000000E+00,0.000000E+00,2.110742E+01,4.310952E+01,2.388905E+01,4.691036E+01,1.840496E+03,3.687430E+03,6.246973E-02,3.251513E-01,0.000000E+00,0.000000E+00,0.000000E+00,0.000000E+00,0.000000E+00,0.000000E+00,0.000000E+00,0.000000E+00,2.110731E+01,4.278183E+01,2.388910E+01,4.595420E+01
18:50:00,9.547129E+02,3.718498E+03,3.240767E-02,3.278882E-01,0.000000E+00,0.000000E+00,0.000000E+00,0.000000E+00,0.000000E+00,0.000000E+00,0.000000E+00,0.000000E+00,2.111000E+01,4.949701E+01,2.388917E+01,4.716167E+01,3.064132E+03,3.570793E+03,1.040028E-01,3.148671E-01,0.000000E+00,0.000000E+00,0.000000E+00,0.000000E+00,0.000000E+00,0.000000E+00,0.000000E+00,0.000000E+00,2.110751E+01,4.333007E+01,2.388907E+01,4.702157E+01,1.834956E+03,2.350786E+03,6.228168E-02,2.072887E-01,0.000000E+00,0.000000E+00,0.000000E+00,0.000000E+00,0.000000E+00,0.000000E+00,0.000000E+00,0.000000E+00,2.110731E+01,4.276542E+01,2.388907E+01,4.681739E+01,3.071453E+03,3.750030E+03,1.042510E-01,3.306725E-01,0.000000E+00,0.000000E+00,0.000000E+00,0.000000E+00,0.000000E+00,0.000000E+00,0.000000E+00,0.000000E+00,2.110742E+01,4.310954E+01,2.388906E+01,4.691733E+01,1.840501E+03,3.627313E+03,6.246989E-02,3.198501E-01,0.000000E+00,0.000000E+00,0.000000E+00,0.000000E+00,0.000000E+00,0.000000E+00,0.000000E+00,0.000000E+00,2.110731E+01,4.278185E+01,2.388911E+01,4.598469E+01
19:00:00,9.547387E+02,3.717126E+03,3.240855E-02,3.277672E-01,0.000000E+00,0.000000E+00,0.000000E+00,0.000000E+00,0.000000E+00,0.000000E+00,0.000000E+00,0.000000E+00,2.111000E+01,4.949701E+01,2.388918E+01,4.716250E+01,3.064140E+03,3.531204E+03,1.040031E-01,3.113762E-01,0.000000E+00,0.000000E+00,0.000000E+00,0.000000E+00,0.000000E+00,0.000000E+00,0.000000E+00,0.000000E+00,2.110751E+01,4.333009E+01,2.388907E+01,4.704709E+01,1.834960E+03,2.324809E+03,6.228184E-02,2.049981E-01,0.000000E+00,0.000000E+00,0.000000E+00,0.000000E+00,0.000000E+00,0.000000E+00,0.000000E+00,0.000000E+00,2.110731E+01,4.276544E+01,2.388907E+01,4.684079E+01,3.071461E+03,3.728337E+03,1.042513E-01,3.287596E-01,0.000000E+00,0.000000E+00,0.000000E+00,0.000000E+00,0.000000E+00,0.000000E+00,0.000000E+00,0.000000E+00,2.110742E+01,4.310955E+01,2.388906E+01,4.693138E+01,1.840505E+03,3.551244E+03,6.247004E-02,3.131423E-01,0.000000E+00,0.000000E+00,0.000000E+00,0.000000E+00,0.000000E+00,0.000000E+00,0.000000E+00,0.000000E+00,2.110731E+01,4.278186E+01,2.388911E+01,4.602346E+01
19:10:00,9.547644E+02,3.714055E+03,3.240942E-02,3.274964E-01,0.000000E+00,0.000000E+00,0.000000E+00,0.000000E+00,0.000000E+00,0.000000E+00,0.000000E+00,0.000000E+00,2.111000E+01,4.949701E+01,2.388918E+01,4.716450E+01,3.064149E+03,3.491591E+03,1.040034E-01,3.078831E-01,0.000000E+00,0.000000E+00,0.000000E+00,0.000000E+00,0.000000E+00,0.000000E+00,0.000000E+00,0.000000E+00,2.110751E+01,4.333010E+01,2.388907E+01,4.708386E+01,1.834965E+03,2.299604E+03,6.228199E-02,2.027755E-01,0.000000E+00,0.000000E+00,0.000000E+00,0.000000E+00,0.000000E+00,0.000000E+00,0.000000E+00,0.000000E+00,2.110731E+01,4.276545E+01,2.388906E+01,4.687568E+01,3.071470E+03,3.698388E+03,1.042516E-01,3.261187E-01,0.000000E+00,0.000000E+00,0.000000E+00,0.000000E+00,0.000000E+00,0.000000E+00,0.000000E+00,0.000000E+00,2.110742E+01,4.310957E+01,2.388906E+01,4.696097E+01,1.840510E+03,3.461128E+03,6.247019E-02,3.051960E-01,0.000000E+00,0.000000E+00,0.000000E+00,0.000000E+00,0.000000E+00,0.000000E+00,0.000000E+00,0.000000E+00,2.110731E+01,4.278188E+01,2.388911E+01,4.607970E+01
19:20:00,9.547899E+02,3.708890E+03,3.241029E-02,3.270410E-01,0.000000E+00,0.000000E+00,0.000000E+00,0.000000E+00,0.000000E+00,0.000000E+00,0.000000E+00,0.000000E+00,2.111000E+01,4.949701E+01,2.388918E+01,4.716789E+01,3.064157E+03,3.449619E+03,1.040037E-01,3.041821E-01,0.000000E+00,0.000000E+00,0.000000E+00,0.000000E+00,0.000000E+00,0.000000E+00,0.000000E+00,0.000000E+00,2.110751E+01,4.333012E+01,2.388906E+01,4.715540E+01,1.834969E+03,2.273521E+03,6.228214E-02,2.004756E-01,0.000000E+00,0.000000E+00,0.000000E+00,0.000000E+00,0.000000E+00,0.000000E+00,0.000000E+00,0.000000E+00,2.110731E+01,4.276546E+01,2.388905E+01,4.694784E+01,3.071478E+03,3.654229E+03,1.042518E-01,3.222247E-01,0.000000E+00,0.000000E+00,0.000000E+00,0.000000E+00,0.000000E+00,0.000000E+00,0.000000E+00,0.000000E+00,2.110742E+01,4.310958E+01,2.388905E+01,4.703156E+01,1.840514E+03,3.352316E+03,6.247034E-02,2.956010E-01,0.000000E+00,0.000000E+00,0.000000E+00,0.000000E+00,0.000000E+00,0.000000E+00,0.000000E+00,0.000000E+00,2.110731E+01,4.278189E+01,2.388910E+01,4.617849E+01
19:30:00,9.548152E+02,3.701377E+03,3.241115E-02,3.263785E-01,0.000000E+00,0.000000E+00,0.000000E+00,0.000000E+00,0.000000E+00,0.000000E+00,0.000000E+00,0.000000E+00,2.111000E+01,4.949701E+01,2.388918E+01,4.717286E+01,3.064165E+03,3.405603E+03,1.040040E-01,3.003010E-01,0.000000E+00,0.000000E+00,0.000000E+00,0.000000E+00,0.000000E+00,0.000000E+00,0.000000E+00,0.000000E+00,2.110751E+01,4.333013E+01,2.388904E+01,4.722893E+01,1.834974E+03,2.246580E+03,6.228229E-02,1.981001E-01,0.000000E+00,0.000000E+00,0.000000E+00,0.000000E+00,0.000000E+00,0.000000E+00,0.000000E+00,0.000000E+00,2.110731E+01,4.276548E+01,2.388903E+01,4.701969E+01,3.071486E+03,3.596423E+03,1.042521E-01,3.171274E-01,0.000000E+00,0.000000E+00,0.000000E+00,0.000000E+00,0.000000E+00,0.000000E+00,0.000000E+00,0.000000E+00,2.110742E+01,4.310960E+01,2.388905E+01,4.711169E+01,1.840519E+03,3.227595E+03,6.247049E-02,2.846034E-01,0.000000E+00,0.000000E+00,0.000000E+00,0.000000E+00,0.000000E+00,0.000000E+00,0.000000E+00,0.000000E+00,2.110731E+01,4.278190E+01,2.388909E+01,4.628467E+01
19:40:00,9.548403E+02,3.691498E+03,3.241200E-02,3.255074E-01,0.000000E+00,0.000000E+00,0.000000E+00,0.000000E+00,0.000000E+00,0.000000E+00,0.000000E+00,0.000000E+00,2.111000E+01,4.949701E+01,2.388918E+01,4.717945E+01,3.064174E+03,3.360971E+03,1.040043E-01,2.963655E-01,0.000000E+00,0.000000E+00,0.000000E+00,0.000000E+00,0.000000E+00,0.000000E+00,0.000000E+00,0.000000E+00,2.110751E+01,4.333015E+01,2.388904E+01,4.728756E+01,1.834978E+03,2.219401E+03,6.228244E-02,1.957036E-01,0.000000E+00,0.000000E+00,0.000000E+00,0.000000E+00,0.000000E+00,0.000000E+00,0.000000E+00,0.000000E+00,2.110731E+01,4.276549E+01,2.388903E+01,4.707338E+01,3.071495E+03,3.533336E+03,1.042524E-01,3.115645E-01,0.000000E+00,0.000000E+00,0.000000E+00,0.000000E+00,0.000000E+00,0.000000E+00,0.000000E+00,0.000000E+00,2.110742E+01,4.310961E+01,2.388904E+01,4.718381E+01,1.840523E+03,3.101511E+03,6.247064E-02,2.734856E-01,0.000000E+00,0.000000E+00,0.000000E+00,0.000000E+00,0.000000E+00,0.000000E+00,0.000000E+00,0.000000E+00,2.110731E+01,4.278192E+01,2.388908E+01,4.638140E+01
19:50:00,9.548653E+02,3.679576E+03,3.241285E-02,3.244561E-01,0.000000E+00,0.000000E+00,0.000000E+00,0.000000E+00,0.000000E+00,0.000000E+00,0.000000E+00,0.000000E+00,2.111000E+01,4.949701E+01,2.388918E+01,4.718761E+01,3.064182E+03,3.316162E+03,1.040045E-01,2.924145E-01,0.000000E+00,0.000000E+00,0.000000E+00,0.000000E+00,0.000000E+00,0.000000E+00,0.000000E+00,0.000000E+00,2.110751E+01,4.333016E+01,2.388903E+01,4.733651E+01,1.834983E+03,2.192075E+03,6.228258E-02,1.932942E-01,0.000000E+00,0.000000E+00,0.000000E+00,0.000000E+00,0.000000E+00,0.000000E+00,0.000000E+00,0.000000E+00,2.110731E+01,4.276550E+01,2.388902E+01,4.711617E+01,3.071503E+03,3.467858E+03,1.042527E-01,3.057909E-01,0.000000E+00,0.000000E+00,0.000000E+00,0.000000E+00,0.000000E+00,0.000000E+00,0.000000E+00,0.000000E+00,2.110742E+01,4.310963E+01,2.388904E+01,4.724803E+01,1.840527E+03,2.978101E+03,6.247078E-02,2.626037E-01,0.000000E+00,0.000000E+00,0.000000E+00,0.000000E+00,0.000000E+00,0.000000E+00,0.000000E+00,0.000000E+00,2.110731E+01,4.278193E+01,2.388907E+01,4.646759E+01
20:00:00,9.548901E+02,3.666148E+03,3.241369E-02,3.232720E-01,0.000000E+00,0.000000E+00,0.000000E+00,0.000000E+00,0.000000E+00,0.000000E+00,0.000000E+00,0.000000E+00,2.111000E+01,4.949701E+01,2.388918E+01,4.719699E+01,3.064190E+03,3.272690E+03,1.040048E-01,2.885813E-01,0.000000E+00,0.000000E+00,0.000000E+00,0.000000E+00,0.000000E+00,0.000000E+00,0.000000E+00,0.000000E+00,2.110751E+01,4.333017E+01,2.388903E+01,4.737929E+01,1.834987E+03,2.165301E+03,6.228273E-02,1.909334E-01,0.000000E+00,0.000000E+00,0.000000E+00,0.000000E+00,0.000000E+00,0.000000E+00,0.000000E+00,0.000000E+00,2.110731E+01,4.276552E+01,2.388902E+01,4.715281E+01,3.071511E+03,3.402993E+03,1.042530E-01,3.000713E-01,0.000000E+00,0.000000E+00,0.000000E+00,0.000000E+00,0.000000E+00,0.000000E+00,0.000000E+00,0.000000E+00,2.110742E+01,4.310964E+01,2.388903E+01,4.730331E+01,1.840532E+03,2.861841E+03,6.247093E-02,2.523522E-01,0.000000E+00,0.000000E+00,0.000000E+00,0.000000E+00,0.000000E+00,0.000000E+00,0.000000E+00,0.000000E+00,2.110731E+01,4.278194E+01,2.388906E+01,4.654154E+01
20:10:00,9.549147E+02,3.651835E+03,3.241453E-02,3.220100E-01,0.000000E+00,0.000000E+00,0.000000E+00,0.000000E+00,0.000000E+00,0.000000E+00,0.000000E+00,0.000000E+00,2.111000E+01,4.949701E+01,2.388918E+01,4.720713E+01,3.064198E+03,3.229121E+03,1.040051E-01,2.847397E-01,0.000000E+00,0.000000E+00,0.000000E+00,0.000000E+00,0.000000E+00,0.000000E+00,0.000000E+00,0.000000E+00,2.110751E+01,4.333019E+01,2.388903E+01,4.741672E+01,1.834991E+03,2.137969E+03,6.228287E-02,1.885234E-01,0.000000E+00,0.000000E+00,0.000000E+00,0.000000E+00,0.000000E+00,0.000000E+00,0.000000E+00,0.000000E+00,2.110731E+01,4.276553E+01,2.388902E+01,4.718473E+01,3.071519E+03,3.338817E+03,1.042532E-01,2.944125E-01,0.000000E+00,0.000000E+00,0.000000E+00,0.000000E+00,0.000000E+00,0.000000E+00,0.000000E+00,0.000000E+00,2.110742E+01,4.310966E+01,2.388903E+01,4.734988E+01,1.840536E+03,2.754412E+03,6.247107E-02,2.428796E-01,0.000000E+00,0.000000E+00,0.000000E+00,0.000000E+00,0.000000E+00,0.000000E+00,0.000000E+00,0.000000E+00,2.110731E+01,4.278195E+01,2.388906E+01,4.660501E+01
20:20:00,9.549392E+02,3.637238E+03,3.241536E-02,3.207228E-01,0.000000E+00,0.000000E+00,0.000000E+00,0.000000E+00,0.000000E+00,0.000000E+00,0.000000E+00,0.000000E+00,2.111000E+01,4.949701E+01,2.388918E+01,4.721757E+01,3.064206E+03,3.188564E+03,1.040054E-01,2.811635E-01,0.000000E+00,0.000000E+00,0.000000E+00,0.000000E+00,0.000000E+00,0.000000E+00,0.000000E+00,0.000000E+00,2.110751E+01,4.333020E+01,2.388903E+01,4.744980E+01,1.834995E+03,2.112026E+03,6.228302E-02,1.862359E-01,0.000000E+00,0.000000E+00,0.000000E+00,0.000000E+00,0.000000E+00,0.000000E+00,0.000000E+00,0.000000E+00,2.110731E+01,4.276554E+01,2.388902E+01,4.721318E+01,3.071527E+03,3.282693E+03,1.042535E-01,2.894637E-01,0.000000E+00,0.000000E+00,0.000000E+00,0.000000E+00,0.000000E+00,0.000000E+00,0.000000E+00,0.000000E+00,2.110742E+01,4.310967E+01,2.388902E+01,4.738979E+01,1.840540E+03,2.663797E+03,6.247122E-02,2.348894E-01,0.000000E+00,0.000000E+00,0.000000E+00,0.000000E+00,0.000000E+00,0.000000E+00,0.000000E+00,0.000000E+00,2.110731E+01,4.278197E+01,2.388905E+01,4.666133E+01
20:30:00,9.549634E+02,3.622928E+03,3.241618E-02,3.194609E-01,0.000000E+00,0.000000E+00,0.000000E+00,0.000000E+00,0.000000E+00,0.000000E+00,0.000000E+00,0.000000E+00,2.111000E+01,4.949701E+01,2.388918E+01,4.722797E+01,3.064214E+03,3.151389E+03,1.040056E-01,2.778856E-01,0.000000E+00,0.000000E+00,0.000000E+00,0.000000E+00,0.000000E+00,0.000000E+00,0.000000E+00,0.000000E+00,2.110751E+01,4.333021E+01,2.388903E+01,4.747964E+01,1.835000E+03,2.087717E+03,6.228316E-02,1.840924E-01,0.000000E+00,0.000000E+00,0.000000E+00,0.000000E+00,0.000000E+00,0.000000E+00,0.000000E+00,0.000000E+00,2.110731E+01,4.276556E+01,2.388902E+01,4.723923E+01,3.071535E+03,3.236367E+03,1.042538E-01,2.853788E-01,0.000000E+00,0.000000E+00,0.000000E+00,0.000000E+00,0.000000E+00,0.000000E+00,0.000000E+00,0.000000E+00,2.110742E+01,4.310968E+01,2.388902E+01,4.742498E+01,1.840544E+03,2.590495E+03,6.247136E-02,2.284259E-01,0.000000E+00,0.000000E+00,0.000000E+00,0.000000E+00,0.000000E+00,0.000000E+00,0.000000E+00,0.000000E+00,2.110731E+01,4.278198E+01,2.388905E+01,4.671279E+01
20:40:00,9.549876E+02,3.609343E+03,3.241700E-02,3.182630E-01,0.000000E+00,0.000000E+00,0.000000E+00,0.000000E+00,0.000000E+00,0.000000E+00,0.000000E+00,0.000000E+00,2.111000E+01,4.949701E+01,2.388918E+01,4.723811E+01,3.064222E+03,3.117527E+03,1.040059E-01,2.748997E-01,0.000000E+00,0.000000E+00,0.000000E+00,0.000000E+00,0.000000E+00,0.000000E+00,0.000000E+00,0.000000E+00,2.110751E+01,4.333023E+01,2.388903E+01,4.750696E+01,1.835004E+03,2.065079E+03,6.228330E-02,1.820962E-01,0.000000E+00,0.000000E+00,0.000000E+00,0.000000E+00,0.000000E+00,0.000000E+00,0.000000E+00,0.000000E+00,2.110731E+01,4.276557E+01,2.388902E+01,4.726351E+01,3.071543E+03,3.196815E+03,1.042540E-01,2.818913E-01,0.000000E+00,0.000000E+00,0.000000E+00,0.000000E+00,0.000000E+00,0.000000E+00,0.000000E+00,0.000000E+00,2.110742E+01,4.310970E+01,2.388902E+01,4.745671E+01,1.840549E+03,2.528165E+03,6.247150E-02,2.229299E-01,0.000000E+00,0.000000E+00,0.000000E+00,0.000000E+00,0.000000E+00,0.000000E+00,0.000000E+00,0.000000E+00,2.110731E+01,4.278199E+01,2.388905E+01,4.676055E+01
20:50:00,9.550115E+02,3.596902E+03,3.241781E-02,3.171660E-01,0.000000E+00,0.000000E+00,0.000000E+00,0.000000E+00,0.000000E+00,0.000000E+00,0.000000E+00,0.000000E+00,2.111000E+01,4.949701E+01,2.388918E+01,4.724664E+01,3.064230E+03,3.086842E+03,1.040061E-01,2.721940E-01,0.000000E+00,0.000000E+00,0.000000E+00,0.000000E+00,0.000000E+00,0.000000E+00,0.000000E+00,0.000000E+00,2.110751E+01,4.333024E+01,2.388903E+01,4.752912E+01,1.835008E+03,2.044120E+03,6.228344E-02,1.802481E-01,0.000000E+00,0.000000E+00,0.000000E+00,0.000000E+00,0.000000E+00,0.000000E+00,0.000000E+00,0.000000E+00,2.110731E+01,4.276558E+01,2.388902E+01,4.728345E+01,3.071551E+03,3.161408E+03,1.042543E-01,2.787692E-01,0.000000E+00,0.000000E+00,0.000000E+00,0.000000E+00,0.000000E+00,0.000000E+00,0.000000E+00,0.000000E+00,2.110742E+01,4.310971E+01,2.388902E+01,4.748219E+01,1.840553E+03,2.472723E+03,6.247164E-02,2.180412E-01,0.000000E+00,0.000000E+00,0.000000E+00,0.000000E+00,0.000000E+00,0.000000E+00,0.000000E+00,0.000000E+00,2.110731E+01,4.278201E+01,2.388905E+01,4.679948E+01
21:00:00,9.550353E+02,3.585222E+03,3.241862E-02,3.161381E-01,0.000000E+00,0.000000E+00,0.000000E+00,0.000000E+00,0.000000E+00,0.000000E+00,0.000000E+00,0.000000E+00,2.111000E+01,4.949701E+01,2.388876E+01,4.725481E+01,3.064237E+03,3.057995E+03,1.040064E-01,2.696521E-01,0.000000E+00,0.000000E+00,0.000000E+00,0.000000E+00,0.000000E+00,0.000000E+00,0.000000E+00,0.000000E+00,2.110751E+01,4.333025E+01,2.388856E+01,4.754833E+01,1.835012E+03,2.024152E+03,6.228358E-02,1.784885E-01,0.000000E+00,0.000000E+00,0.000000E+00,0.000000E+00,0.000000E+00,0.000000E+00,0.000000E+00,0.000000E+00,2.110731E+01,4.276559E+01,2.388857E+01,4.730115E+01,3.071558E+03,3.128290E+03,1.042546E-01,2.758508E-01,0.000000E+00,0.000000E+00,0.000000E+00,0.000000E+00,0.000000E+00,0.000000E+00,0.000000E+00,0.000000E+00,2.110742E+01,4.310972E+01,2.388856E+01,4.750396E+01,1.840557E+03,2.422184E+03,6.247178E-02,2.135860E-01,0.000000E+00,0.000000E+00,0.000000E+00,0.000000E+00,0.000000E+00,0.000000E+00,0.000000E+00,0.000000E+00,2.110731E+01,4.278202E+01,2.388864E+01,4.683280E+01
21:10:00,9.550589E+02,3.574454E+03,3.241942E-02,3.151908E-01,0.000000E+00,0.000000E+00,0.000000E+00,0.000000E+00,0.000000E+00,0.000000E+00,0.000000E+00,0.000000E+00,2.111000E+01,4.949701E+01,2.388871E+01,4.726386E+01,3.064245E+03,3.030767E+03,1.040067E-01,2.672532E-01,0.000000E+00,0.000000E+00,0.000000E+00,0.000000E+00,0.000000E+00,0.000000E+00,0.000000E+00,0.000000E+00,2.110751E+01,4.333027E+01,2.388851E+01,4.757098E+01,1.835016E+03,2.005089E+03,6.228372E-02,1.768089E-01,0.000000E+00,0.000000E+00,0.000000E+00,0.000000E+00,0.000000E+00,0.000000E+00,0.000000E+00,0.000000E+00,2.110731E+01,4.276561E+01,2.388852E+01,4.732222E+01,3.071566E+03,3.097129E+03,1.042548E-01,2.731051E-01,0.000000E+00,0.000000E+00,0.000000E+00,0.000000E+00,0.000000E+00,0.000000E+00,0.000000E+00,0.000000E+00,2.110742E+01,4.310974E+01,2.388851E+01,4.752971E+01,1.840561E+03,2.375875E+03,6.247192E-02,2.095039E-01,0.000000E+00,0.000000E+00,0.000000E+00,0.000000E+00,0.000000E+00,0.000000E+00,0.000000E+00,0.000000E+00,2.110731E+01,4.278203E+01,2.388859E+01,4.687337E+01
21:20:00,9.550823E+02,3.564411E+03,3.242022E-02,3.143075E-01,0.000000E+00,0.000000E+00,0.000000E+00,0.000000E+00,0.000000E+00,0.000000E+00,0.000000E+00,0.000000E+00,2.111000E+01,4.949701E+01,2.388871E+01,4.727236E+01,3.064253E+03,3.004920E+03,1.040069E-01,2.649761E-01,0.000000E+00,0.000000E+00,0.000000E+00,0.000000E+00,0.000000E+00,0.000000E+00,0.000000E+00,0.000000E+00,2.110751E+01,4.333028E+01,2.388850E+01,4.759224E+01,1.835020E+03,1.986824E+03,6.228386E-02,1.751995E-01,0.000000E+00,0.000000E+00,0.000000E+00,0.000000E+00,0.000000E+00,0.000000E+00,0.000000E+00,0.000000E+00,2.110731E+01,4.276562E+01,2.388852E+01,4.734227E+01,3.071574E+03,3.067657E+03,1.042551E-01,2.705084E-01,0.000000E+00,0.000000E+00,0.000000E+00,0.000000E+00,0.000000E+00,0.000000E+00,0.000000E+00,0.000000E+00,2.110742E+01,4.310975E+01,2.388850E+01,4.755377E+01,1.840565E+03,2.333277E+03,6.247205E-02,2.057491E-01,0.000000E+00,0.000000E+00,0.000000E+00,0.000000E+00,0.000000E+00,0.000000E+00,0.000000E+00,0.000000E+00,2.110731E+01,4.278204E+01,2.388858E+01,4.691156E+01
21:30:00,9.551056E+02,3.555015E+03,3.242101E-02,3.134811E-01,0.000000E+00,0.000000E+00,0.000000E+00,0.000000E+00,0.000000E+00,0.000000E+00,0.000000E+00,0.000000E+00,2.111000E+01,4.949701E+01,2.388871E+01,4.728043E+01,3.064260E+03,2.980320E+03,1.040072E-01,2.628089E-01,0.000000E+00,0.000000E+00,0.000000E+00,0.000000E+00,0.000000E+00,0.000000E+00,0.000000E+00,0.000000E+00,2.110751E+01,4.333029E+01,2.388850E+01,4.761239E+01,1.835024E+03,1.969298E+03,6.228399E-02,1.736554E-01,0.000000E+00,0.000000E+00,0.000000E+00,0.000000E+00,0.000000E+00,0.000000E+00,0.000000E+00,0.000000E+00,2.110731E+01,4.276563E+01,2.388852E+01,4.736155E+01,3.071581E+03,3.039729E+03,1.042553E-01,2.680478E-01,0.000000E+00,0.000000E+00,0.000000E+00,0.000000E+00,0.000000E+00,0.000000E+00,0.000000E+00,0.000000E+00,2.110742E+01,4.310976E+01,2.388850E+01,4.757648E+01,1.840569E+03,2.293988E+03,6.247219E-02,2.022860E-01,0.000000E+00,0.000000E+00,0.000000E+00,0.000000E+00,0.000000E+00,0.000000E+00,0.000000E+00,0.000000E+00,2.110731E+01,4.278205E+01,2.388857E+01,4.694765E+01
21:40:00,9.551287E+02,3.546187E+03,3.242179E-02,3.127049E-01,0.000000E+00,0.000000E+00,0.000000E+00,0.000000E+00,0.000000E+00,0.000000E+00,0.000000E+00,0.000000E+00,2.111000E+01,4.949701E+01,2.388871E+01,4.728812E+01,3.064268E+03,2.956845E+03,1.040074E-01,2.607409E-01,0.000000E+00,0.000000E+00,0.000000E+00,0.000000E+00,0.000000E+00,0.000000E+00,0.000000E+00,0.000000E+00,2.110751E+01,4.333031E+01,2.388850E+01,4.763157E+01,1.835028E+03,1.952457E+03,6.228413E-02,1.721716E-01,0.000000E+00,0.000000E+00,0.000000E+00,0.000000E+00,0.000000E+00,0.000000E+00,0.000000E+00,0.000000E+00,2.110731E+01,4.276564E+01,2.388852E+01,4.738013E+01,3.071589E+03,3.013209E+03,1.042556E-01,2.657113E-01,0.000000E+00,0.000000E+00,0.000000E+00,0.000000E+00,0.000000E+00,0.000000E+00,0.000000E+00,0.000000E+00,2.110742E+01,4.310978E+01,2.388850E+01,4.759800E+01,1.840573E+03,2.257649E+03,6.247232E-02,1.990831E-01,0.000000E+00,0.000000E+00,0.000000E+00,0.000000E+00,0.000000E+00,0.000000E+00,0.000000E+00,0.000000E+00,2.110731E+01,4.278207E+01,2.388857E+01,4.698181E+01
21:50:00,9.551517E+02,3.537640E+03,3.242257E-02,3.119535E-01,0.000000E+00,0.000000E+00,0.000000E+00,0.000000E+00,0.000000E+00,0.000000E+00,0.000000E+00,0.000000E+00,2.111000E+01,4.949701E+01,2.388871E+01,4.729545E+01,3.064275E+03,2.934187E+03,1.040077E-01,2.587449E-01,0.000000E+00,0.000000E+00,0.000000E+00,0.000000E+00,0.000000E+00,0.000000E+00,0.000000E+00,0.000000E+00,2.110751E+01,4.333032E+01,2.388850E+01,4.764989E+01,1.835032E+03,1.936127E+03,6.228426E-02,1.707330E-01,0.000000E+00,0.000000E+00,0.000000E+00,0.000000E+00,0.000000E+00,0.000000E+00,0.000000E+00,0.000000E+00,2.110731E+01,4.276566E+01,2.388852E+01,4.739806E+01,3.071596E+03,2.987771E+03,1.042558E-01,2.634702E-01,0.000000E+00,0.000000E+00,0.000000E+00,0.000000E+00,0.000000E+00,0.000000E+00,0.000000E+00,0.000000E+00,2.110742E+01,4.310979E+01,2.388850E+01,4.761846E+01,1.840577E+03,2.223826E+03,6.247246E-02,1.961020E-01,0.000000E+00,0.000000E+00,0.000000E+00,0.000000E+00,0.000000E+00,0.000000E+00,0.000000E+00,0.000000E+00,2.110731E+01,4.278208E+01,2.388857E+01,4.701416E+01
22:00:00,9.551745E+02,3.529699E+03,3.242335E-02,3.112535E-01,0.000000E+00,0.000000E+00,0.000000E+00,0.000000E+00,0.000000E+00,0.000000E+00,0.000000E+00,0.000000E+00,2.111000E+01,4.949701E+01,2.388870E+01,4.730244E+01,3.064282E+03,2.912582E+03,1.040079E-01,2.568399E-01,0.000000E+00,0.000000E+00,0.000000E+00,0.000000E+00,0.000000E+00,0.000000E+00,0.000000E+00,0.000000E+00,2.110751E+01,4.333033E+01,2.388851E+01,4.766742E+01,1.835036E+03,1.920456E+03,6.228439E-02,1.693512E-01,0.000000E+00,0.000000E+00,0.000000E+00,0.000000E+00,0.000000E+00,0.000000E+00,0.000000E+00,0.000000E+00,2.110731E+01,4.276567E+01,2.388852E+01,4.741539E+01,3.071604E+03,2.963635E+03,1.042561E-01,2.613421E-01,0.000000E+00,0.000000E+00,0.000000E+00,0.000000E+00,0.000000E+00,0.000000E+00,0.000000E+00,0.000000E+00,2.110742E+01,4.310980E+01,2.388850E+01,4.763794E+01,1.840581E+03,2.192419E+03,6.247259E-02,1.933327E-01,0.000000E+00,0.000000E+00,0.000000E+00,0.000000E+00,0.000000E+00,0.000000E+00,0.000000E+00,0.000000E+00,2.110731E+01,4.278209E+01,2.388857E+01,4.704480E+01
22:10:00,9.551972E+02,3.522074E+03,3.242411E-02,3.105812E-01,0.000000E+00,0.000000E+00,0.000000E+00,0.000000E+00,0.000000E+00,0.000000E+00,0.000000E+00,0.000000E+00,2.111000E+01,4.949701E+01,2.388870E+01,4.730913E+01,3.064290E+03,2.891861E+03,1.040082E-01,2.550128E-01,0.000000E+00,0.000000E+00,0.000000E+00,0.000000E+00,0.000000E+00,0.000000E+00,0.000000E+00,0.000000E+00,2.110751E+01,4.333034E+01,2.388851E+01,4.768422E+01,1.835040E+03,1.905347E+03,6.228453E-02,1.680188E-01,0.000000E+00,0.000000E+00,0.000000E+00,0.000000E+00,0.000000E+00,0.000000E+00,0.000000E+00,0.000000E+00,2.110731E+01,4.276568E+01,2.388852E+01,4.743215E+01,3.071611E+03,2.940611E+03,1.042563E-01,2.593118E-01,0.000000E+00,0.000000E+00,0.000000E+00,0.000000E+00,0.000000E+00,0.000000E+00,0.000000E+00,0.000000E+00,2.110742E+01,4.310982E+01,2.388850E+01,4.765652E+01,1.840584E+03,2.163138E+03,6.247272E-02,1.907507E-01,0.000000E+00,0.000000E+00,0.000000E+00,0.000000E+00,0.000000E+00,0.000000E+00,0.000000E+00,0.000000E+00,2.110731E+01,4.278210E+01,2.388857E+01,4.707386E+01
22:20:00,9.552196E+02,3.514808E+03,3.242488E-02,3.099404E-01,0.000000E+00,0.000000E+00,0.000000E+00,0.000000E+00,0.000000E+00,0.000000E+00,0.000000E+00,0.000000E+00,2.111000E+01,4.949701E+01,2.388870E+01,4.731552E+01,3.064297E+03,2.872023E+03,1.040084E-01,2.532634E-01,0.000000E+00,0.000000E+00,0.000000E+00,0.000000E+00,0.000000E+00,0.000000E+00,0.000000E+00,0.000000E+00,2.110751E+01,4.333036E+01,2.388851E+01,4.770050E+01,1.835044E+03,1.890799E+03,6.228466E-02,1.667360E-01,0.000000E+00,0.000000E+00,0.000000E+00,0.000000E+00,0.000000E+00,0.000000E+00,0.000000E+00,0.000000E+00,2.110731E+01,4.276569E+01,2.388852E+01,4.744858E+01,3.071618E+03,2.918682E+03,1.042566E-01,2.573781E-01,0.000000E+00,0.000000E+00,0.000000E+00,0.000000E+00,0.000000E+00,0.000000E+00,0.000000E+00,0.000000E+00,2.110742E+01,4.310983E+01,2.388850E+01,4.767443E+01,1.840588E+03,2.135796E+03,6.247285E-02,1.883397E-01,0.000000E+00,0.000000E+00,0.000000E+00,0.000000E+00,0.000000E+00,0.000000E+00,0.000000E+00,0.000000E+00,2.110731E+01,4.278211E+01,2.388856E+01,4.710166E+01
22:30:00,9.552420E+02,3.507849E+03,3.242564E-02,3.093268E-01,0.000000E+00,0.000000E+00,0.000000E+00,0.000000E+00,0.000000E+00,0.000000E+00,0.000000E+00,0.000000E+00,2.111000E+01,4.949701E+01,2.388870E+01,4.732167E+01,3.064304E+03,2.852989E+03,1.040087E-01,2.515849E-01,0.000000E+00,0.000000E+00,0.000000E+00,0.000000E+00,0.000000E+00,0.000000E+00,0.000000E+00,0.000000E+00,2.110751E+01,4.333037E+01,2.388851E+01,4.771636E+01,1.835047E+03,1.876770E+03,6.228479E-02,1.654989E-01,0.000000E+00,0.000000E+00,0.000000E+00,0.000000E+00,0.000000E+00,0.000000E+00,0.000000E+00,0.000000E+00,2.110731E+01,4.276570E+01,2.388852E+01,4.746478E+01,3.071625E+03,2.897754E+03,1.042568E-01,2.555325E-01,0.000000E+00,0.000000E+00,0.000000E+00,0.000000E+00,0.000000E+00,0.000000E+00,0.000000E+00,0.000000E+00,2.110742E+01,4.310984E+01,2.388850E+01,4.769178E+01,1.840592E+03,2.110191E+03,6.247298E-02,1.860817E-01,0.000000E+00,0.000000E+00,0.000000E+00,0.000000E+00,0.000000E+00,0.000000E+00,0.000000E+00,0.000000E+00,2.110731E+01,4.278213E+01,2.388856E+01,4.712835E+01
22:40:00,9.552641E+02,3.501162E+03,3.242639E-02,3.087372E-01,0.000000E+00,0.000000E+00,0.000000E+00,0.000000E+00,0.000000E+00,0.000000E+00,0.000000E+00,0.000000E+00,2.111000E+01,4.949701E+01,2.388870E+01,4.732758E+01,3.064311E+03,2.834699E+03,1.040089E-01,2.499720E-01,0.000000E+00,0.000000E+00,0.000000E+00,0.000000E+00,0.000000E+00,0.000000E+00,0.000000E+00,0.000000E+00,2.110751E+01,4.333038E+01,2.388851E+01,4.773182E+01,1.835051E+03,1.863224E+03,6.228491E-02,1.643043E-01,0.000000E+00,0.000000E+00,0.000000E+00,0.000000E+00,0.000000E+00,0.000000E+00,0.000000E+00,0.000000E+00,2.110731E+01,4.276571E+01,2.388852E+01,4.748073E+01,3.071633E+03,2.877747E+03,1.042571E-01,2.537682E-01,0.000000E+00,0.000000E+00,0.000000E+00,0.000000E+00,0.000000E+00,0.000000E+00,0.000000E+00,0.000000E+00,2.110742E+01,4.310985E+01,2.388850E+01,4.770860E+01,1.840596E+03,2.086146E+03,6.247311E-02,1.839615E-01,0.000000E+00,0.000000E+00,0.000000E+00,0.000000E+00,0.000000E+00,0.000000E+00,0.000000E+00,0.000000E+00,2.110731E+01,4.278214E+01,2.388856E+01,4.715398E+01
22:50:00,9.552862E+02,3.494719E+03,3.242714E-02,3.081691E-01,0.000000E+00,0.000000E+00,0.000000E+00,0.000000E+00,0.000000E+00,0.000000E+00,0.000000E+00,0.000000E+00,2.111000E+01,4.949701E+01,2.388870E+01,4.733328E+01,3.064318E+03,2.817100E+03,1.040092E-01,2.484200E-01,0.000000E+00,0.000000E+00,0.000000E+00,0.000000E+00,0.000000E+00,0.000000E+00,0.000000E+00,0.000000E+00,2.110751E+01,4.333039E+01,2.388851E+01,4.774687E+01,1.835055E+03,1.850130E+03,6.228504E-02,1.631496E-01,0.000000E+00,0.000000E+00,0.000000E+00,0.000000E+00,0.000000E+00,0.000000E+00,0.000000E+00,0.000000E+00,2.110731E+01,4.276573E+01,2.388852E+01,4.749638E+01,3.071640E+03,2.858593E+03,1.042573E-01,2.520792E-01,0.000000E+00,0.000000E+00,0.000000E+00,0.000000E+00,0.000000E+00,0.000000E+00,0.000000E+00,0.000000E+00,2.110742E+01,4.310987E+01,2.388850E+01,4.772487E+01,1.840600E+03,2.063509E+03,6.247324E-02,1.819653E-01,0.000000E+00,0.000000E+00,0.000000E+00,0.000000E+00,0.000000E+00,0.000000E+00,0.000000E+00,0.000000E+00,2.110731E+01,4.278215E+01,2.388856E+01,4.717857E+01
23:00:00,9.553080E+02,3.488494E+03,3.242788E-02,3.076201E-01,0.000000E+00,0.000000E+00,0.000000E+00,0.000000E+00,0.000000E+00,0.000000E+00,0.000000E+00,0.000000E+00,2.111000E+01,4.949701E+01,2.388870E+01,4.733879E+01,3.064325E+03,2.800144E+03,1.040094E-01,2.469248E-01,0.000000E+00,0.000000E+00,0.000000E+00,0.000000E+00,0.000000E+00,0.000000E+00,0.000000E+00,0.000000E+00,2.110751E+01,4.333041E+01,2.388851E+01,4.776151E+01,1.835059E+03,1.837460E+03,6.228517E-02,1.620324E-01,0.000000E+00,0.000000E+00,0.000000E+00,0.000000E+00,0.000000E+00,0.000000E+00,0.000000E+00,0.000000E+00,2.110731E+01,4.276574E+01,2.388852E+01,4.751172E+01,3.071647E+03,2.840230E+03,1.042576E-01,2.504599E-01,0.000000E+00,0.000000E+00,0.000000E+00,0.000000E+00,0.000000E+00,0.000000E+00,0.000000E+00,0.000000E+00,2.110742E+01,4.310988E+01,2.388850E+01,4.774062E+01,1.840603E+03,2.042144E+03,6.247336E-02,1.800813E-01,0.000000E+00,0.000000E+00,0.000000E+00,0.000000E+00,0.000000E+00,0.000000E+00,0.000000E+00,0.000000E+00,2.110731E+01,4.278216E+01,2.388856E+01,4.720215E+01
23:10:00,9.553298E+02,3.482463E+03,3.242862E-02,3.070884E-01,0.000000E+00,0.000000E+00,0.000000E+00,0.000000E+00,0.000000E+00,0.000000E+00,0.000000E+00,0.000000E+00,2.111000E+01,4.949701E+01,2.388870E+01,4.734413E+01,3.064332E+03,2.783674E+03,1.040096E-01,2.454725E-01,0.000000E+00,0.000000E+00,0.000000E+00,0.000000E+00,0.000000E+00,0.000000E+00,0.000000E+00,0.000000E+00,2.110751E+01,4.333042E+01,2.388851E+01,4.777576E+01,1.835062E+03,1.825127E+03,6.228529E-02,1.609448E-01,0.000000E+00,0.000000E+00,0.000000E+00,0.000000E+00,0.000000E+00,0.000000E+00,0.000000E+00,0.000000E+00,2.110731E+01,4.276575E+01,2.388853E+01,4.752674E+01,3.071654E+03,2.822491E+03,1.042578E-01,2.488956E-01,0.000000E+00,0.000000E+00,0.000000E+00,0.000000E+00,0.000000E+00,0.000000E+00,0.000000E+00,0.000000E+00,2.110742E+01,4.310989E+01,2.388850E+01,4.775586E+01,1.840607E+03,2.021867E+03,6.247349E-02,1.782933E-01,0.000000E+00,0.000000E+00,0.000000E+00,0.000000E+00,0.000000E+00,0.000000E+00,0.000000E+00,0.000000E+00,2.110731E+01,4.278217E+01,2.388856E+01,4.722477E+01
23:20:00,9.553513E+02,3.476608E+03,3.242935E-02,3.065720E-01,0.000000E+00,0.000000E+00,0.000000E+00,0.000000E+00,0.000000E+00,0.000000E+00,0.000000E+00,0.000000E+00,2.111000E+01,4.949701E+01,2.388870E+01,4.734932E+01,3.064339E+03,2.767649E+03,1.040099E-01,2.440593E-01,0.000000E+00,0.000000E+00,0.000000E+00,0.000000E+00,0.000000E+00,0.000000E+00,0.000000E+00,0.000000E+00,2.110751E+01,4.333043E+01,2.388851E+01,4.778965E+01,1.835066E+03,1.813108E+03,6.228542E-02,1.598849E-01,0.000000E+00,0.000000E+00,0.000000E+00,0.000000E+00,0.000000E+00,0.000000E+00,0.000000E+00,0.000000E+00,2.110731E+01,4.276576E+01,2.388853E+01,4.754145E+01,3.071661E+03,2.805315E+03,1.042580E-01,2.473810E-01,0.000000E+00,0.000000E+00,0.000000E+00,0.000000E+00,0.000000E+00,0.000000E+00,0.000000E+00,0.000000E+00,2.110742E+01,4.310990E+01,2.388850E+01,4.777062E+01,1.840611E+03,2.002572E+03,6.247361E-02,1.765917E-01,0.000000E+00,0.000000E+00,0.000000E+00,0.000000E+00,0.000000E+00,0.000000E+00,0.000000E+00,0.000000E+00,2.110731E+01,4.278218E+01,2.388856E+01,4.724649E+01
23:30:00,9.553727E+02,3.470908E+03,3.243007E-02,3.060694E-01,0.000000E+00,0.000000E+00,0.000000E+00,0.000000E+00,0.000000E+00,0.000000E+00,0.000000E+00,0.000000E+00,2.111000E+01,4.949701E+01,2.388870E+01,4.735437E+01,3.064346E+03,2.752034E+03,1.040101E-01,2.426823E-01,0.000000E+00,0.000000E+00,0.000000E+00,0.000000E+00,0.000000E+00,0.000000E+00,0.000000E+00,0.000000E+00,2.110751E+01,4.333044E+01,2.388851E+01,4.780319E+01,1.835070E+03,1.801379E+03,6.228554E-02,1.588506E-01,0.000000E+00,0.000000E+00,0.000000E+00,0.000000E+00,0.000000E+00,0.000000E+00,0.000000E+00,0.000000E+00,2.110731E+01,4.276577E+01,2.388853E+01,4.755586E+01,3.071668E+03,2.788655E+03,1.042583E-01,2.459118E-01,0.000000E+00,0.000000E+00,0.000000E+00,0.000000E+00,0.000000E+00,0.000000E+00,0.000000E+00,0.000000E+00,2.110742E+01,4.310992E+01,2.388850E+01,4.778493E+01,1.840614E+03,1.984162E+03,6.247374E-02,1.749683E-01,0.000000E+00,0.000000E+00,0.000000E+00,0.000000E+00,0.000000E+00,0.000000E+00,0.000000E+00,0.000000E+00,2.110731E+01,4.278219E+01,2.388856E+01,4.726740E+01
23:40:00,9.553940E+02,3.465348E+03,3.243080E-02,3.055791E-01,0.000000E+00,0.000000E+00,0.000000E+00,0.000000E+00,0.000000E+00,0.000000E+00,0.000000E+00,0.000000E+00,2.111000E+01,4.949701E+01,2.388870E+01,4.735929E+01,3.064353E+03,2.736796E+03,1.040103E-01,2.413385E-01,0.000000E+00,0.000000E+00,0.000000E+00,0.000000E+00,0.000000E+00,0.000000E+00,0.000000E+00,0.000000E+00,2.110751E+01,4.333045E+01,2.388851E+01,4.781640E+01,1.835073E+03,1.789923E+03,6.228566E-02,1.578403E-01,0.000000E+00,0.000000E+00,0.000000E+00,0.000000E+00,0.000000E+00,0.000000E+00,0.000000E+00,0.000000E+00,2.110731E+01,4.276578E+01,2.388853E+01,4.756999E+01,3.071674E+03,2.772465E+03,1.042585E-01,2.444841E-01,0.000000E+00,0.000000E+00,0.000000E+00,0.000000E+00,0.000000E+00,0.000000E+00,0.000000E+00,0.000000E+00,2.110742E+01,4.310993E+01,2.388850E+01,4.779883E+01,1.840618E+03,1.966553E+03,6.247386E-02,1.734156E-01,0.000000E+00,0.000000E+00,0.000000E+00,0.000000E+00,0.000000E+00,0.000000E+00,0.000000E+00,0.000000E+00,2.110731E+01,4.278220E+01,2.388856E+01,4.728753E+01
23:50:00,9.554151E+02,3.459912E+03,3.243151E-02,3.050998E-01,0.000000E+00,0.000000E+00,0.000000E+00,0.000000E+00,0.000000E+00,0.000000E+00,0.000000E+00,0.000000E+00,2.111000E+01,4.949701E+01,2.388870E+01,4.736411E+01,3.064360E+03,2.721907E+03,1.040106E-01,2.400256E-01,0.000000E+00,0.000000E+00,0.000000E+00,0.000000E+00,0.000000E+00,0.000000E+00,0.000000E+00,0.000000E+00,2.110751E+01,4.333046E+01,2.388851E+01,4.782932E+01,1.835077E+03,1.778721E+03,6.228579E-02,1.568525E-01,0.000000E+00,0.000000E+00,0.000000E+00,0.000000E+00,0.000000E+00,0.000000E+00,0.000000E+00,0.000000E+00,2.110731E+01,4.276579E+01,2.388853E+01,4.758385E+01,3.071681E+03,2.756709E+03,1.042587E-01,2.430947E-01,0.000000E+00,0.000000E+00,0.000000E+00,0.000000E+00,0.000000E+00,0.000000E+00,0.000000E+00,0.000000E+00,2.110742E+01,4.310994E+01,2.388851E+01,4.781234E+01,1.840622E+03,1.949671E+03,6.247398E-02,1.719268E-01,0.000000E+00,0.000000E+00,0.000000E+00,0.000000E+00,0.000000E+00,0.000000E+00,0.000000E+00,0.000000E+00,2.110731E+01,4.278222E+01,2.388856E+01,4.730696E+01
24:00:00,9.554361E+02,3.454587E+03,3.243222E-02,3.046303E-01,0.000000E+00,0.000000E+00,0.000000E+00,0.000000E+00,0.000000E+00,0.000000E+00,0.000000E+00,0.000000E+00,2.111000E+01,4.949701E+01,2.388870E+01,4.736883E+01,3.064366E+03,2.707341E+03,1.040108E-01,2.387411E-01,0.000000E+00,0.000000E+00,0.000000E+00,0.000000E+00,0.000000E+00,0.000000E+00,0.000000E+00,0.000000E+00,2.110751E+01,4.333048E+01,2.388851E+01,4.784195E+01,1.835080E+03,1.767757E+03,6.228591E-02,1.558857E-01,0.000000E+00,0.000000E+00,0.000000E+00,0.000000E+00,0.000000E+00,0.000000E+00,0.000000E+00,0.000000E+00,2.110731E+01,4.276580E+01,2.388853E+01,4.759746E+01,3.071688E+03,2.741350E+03,1.042590E-01,2.417403E-01,0.000000E+00,0.000000E+00,0.000000E+00,0.000000E+00,0.000000E+00,0.000000E+00,0.000000E+00,0.000000E+00,2.110742E+01,4.310995E+01,2.388851E+01,4.782550E+01,1.840625E+03,1.933447E+03,6.247410E-02,1.704962E-01,0.000000E+00,0.000000E+00,0.000000E+00,0.000000E+00,0.000000E+00,0.000000E+00,0.000000E+00,0.000000E+00,2.110731E+01,4.278223E+01,2.388856E+01,4.732573E+01
Peak,9.554361E+02,3.719144E+03,3.243222E-02,3.279453E-01,0.000000E+00,0.000000E+00,0.000000E+00,0.000000E+00,0.000000E+00,0.000000E+00,0.000000E+00,0.000000E+00,,,,,3.064366E+03,3.857466E+03,1.040108E-01,3.401619E-01,0.000000E+00,0.000000E+00,0.000000E+00,0.000000E+00,0.000000E+00,0.000000E+00,0.000000E+00,0.000000E+00,,,,,1.835080E+03,3.384193E+03,6.228591E-02,2.984066E-01,0.000000E+00,0.000000E+00,0.000000E+00,0.000000E+00,0.000000E+00,0.000000E+00,0.000000E+00,0.000000E+00,,,,,3.071688E+03,3.833304E+03,1.042590E-01,3.380316E-01,0.000000E+00,0.000000E+00,0.000000E+00,0.000000E+00,0.000000E+00,0.000000E+00,0.000000E+00,0.000000E+00,,,,,1.840625E+03,3.779839E+03,6.247410E-02,3.333002E-01,0.000000E+00,0.000000E+00,0.000000E+00,0.000000E+00,0.000000E+00,0.000000E+00,0.000000E+00,0.000000E+00,,,,

Peak Vol Flow (m3/s),,,2.793496E-02,2.824703E-01,,,0.000000E+00,0.000000E+00,,,,,,,,,,,8.958799E-02,2.929929E-01,,,0.000000E+00,0.000000E+00,,,,,,,,,,,5.364894E-02,2.570276E-01,,,0.000000E+00,0.000000E+00,,,,,,,,,,,8.980174E-02,2.911580E-01,,,0.000000E+00,0.000000E+00,,,,,,,,,,,5.381104E-02,2.870826E-01,,,0.000000E+00,0.000000E+00,,,,,,,,
