Time,CORE_ZN ZN PSZ-AC-1:DesPer 1:Des Heat Mass Flow [kg/s],CORE_ZN ZN PSZ-AC-1:DesPer 1:Des Heat Cap [W],CORE_ZN ZN PSZ-AC-1:DesPer 1:Des Cool Mass Flow [kg/s],CORE_ZN ZN PSZ-AC-1:DesPer 1:Des Sens Cool Cap [W],CORE_ZN ZN PSZ-AC-1:DesPer 1:Des Tot Cool Cap [W],CORE_ZN ZN PSZ-AC-1:DesPer 2:Des Heat Mass Flow [kg/s],CORE_ZN ZN PSZ-AC-1:DesPer 2:Des Heat Cap [W],CORE_ZN ZN PSZ-AC-1:DesPer 2:Des Cool Mass Flow [kg/s],CORE_ZN ZN PSZ-AC-1:DesPer 2:Des Sens Cool Cap [W],CORE_ZN ZN PSZ-AC-1:DesPer 2:Des Tot Cool Cap [W],CORE_ZN ZN PSZ-AC-1:DesPer 3:Des Heat Mass Flow [kg/s],CORE_ZN ZN PSZ-AC-1:DesPer 3:Des Heat Cap [W],CORE_ZN ZN PSZ-AC-1:DesPer 3:Des Cool Mass Flow [kg/s],CORE_ZN ZN PSZ-AC-1:DesPer 3:Des Sens Cool Cap [W],CORE_ZN ZN PSZ-AC-1:DesPer 3:Des Tot Cool Cap [W],PERIMETER_ZN_1 ZN PSZ-AC-2:DesPer 1:Des Heat Mass Flow [kg/s],PERIMETER_ZN_1 ZN PSZ-AC-2:DesPer 1:Des Heat Cap [W],PERIMETER_ZN_1 ZN PSZ-AC-2:DesPer 1:Des Cool Mass Flow [kg/s],PERIMETER_ZN_1 ZN PSZ-AC-2:DesPer 1:Des Sens Cool Cap [W],PERIMETER_ZN_1 ZN PSZ-AC-2:DesPer 1:Des Tot Cool Cap [W],PERIMETER_ZN_1 ZN PSZ-AC-2:DesPer 2:Des Heat Mass Flow [kg/s],PERIMETER_ZN_1 ZN PSZ-AC-2:DesPer 2:Des Heat Cap [W],PERIMETER_ZN_1 ZN PSZ-AC-2:DesPer 2:Des Cool Mass Flow [kg/s],PERIMETER_ZN_1 ZN PSZ-AC-2:DesPer 2:Des Sens Cool Cap [W],PERIMETER_ZN_1 ZN PSZ-AC-2:DesPer 2:Des Tot Cool Cap [W],PERIMETER_ZN_1 ZN PSZ-AC-2:DesPer 3:Des Heat Mass Flow [kg/s],PERIMETER_ZN_1 ZN PSZ-AC-2:DesPer 3:Des Heat Cap [W],PERIMETER_ZN_1 ZN PSZ-AC-2:DesPer 3:Des Cool Mass Flow [kg/s],PERIMETER_ZN_1 ZN PSZ-AC-2:DesPer 3:Des Sens Cool Cap [W],PERIMETER_ZN_1 ZN PSZ-AC-2:DesPer 3:Des Tot Cool Cap [W],PERIMETER_ZN_2 ZN PSZ-AC-3:DesPer 1:Des Heat Mass Flow [kg/s],PERIMETER_ZN_2 ZN PSZ-AC-3:DesPer 1:Des Heat Cap [W],PERIMETER_ZN_2 ZN PSZ-AC-3:DesPer 1:Des Cool Mass Flow [kg/s],PERIMETER_ZN_2 ZN PSZ-AC-3:DesPer 1:Des Sens Cool Cap [W],PERIMETER_ZN_2 ZN PSZ-AC-3:DesPer 1:Des Tot Cool Cap [W],PERIMETER_ZN_2 ZN PSZ-AC-3:DesPer 2:Des Heat Mass Flow [kg/s],PERIMETER_ZN_2 ZN PSZ-AC-3:DesPer 2:Des Heat Cap [W],PERIMETER_ZN_2 ZN PSZ-AC-3:DesPer 2:Des Cool Mass Flow [kg/s],PERIMETER_ZN_2 ZN PSZ-AC-3:DesPer 2:Des Sens Cool Cap [W],PERIMETER_ZN_2 ZN PSZ-AC-3:DesPer 2:Des Tot Cool Cap [W],PERIMETER_ZN_2 ZN PSZ-AC-3:DesPer 3:Des Heat Mass Flow [kg/s],PERIMETER_ZN_2 ZN PSZ-AC-3:DesPer 3:Des Heat Cap [W],PERIMETER_ZN_2 ZN PSZ-AC-3:DesPer 3:Des Cool Mass Flow [kg/s],PERIMETER_ZN_2 ZN PSZ-AC-3:DesPer 3:Des Sens Cool Cap [W],PERIMETER_ZN_2 ZN PSZ-AC-3:DesPer 3:Des Tot Cool Cap [W],PERIMETER_ZN_3 ZN PSZ-AC-4:DesPer 1:Des Heat Mass Flow [kg/s],PERIMETER_ZN_3 ZN PSZ-AC-4:DesPer 1:Des Heat Cap [W],PERIMETER_ZN_3 ZN PSZ-AC-4:DesPer 1:Des Cool Mass Flow [kg/s],PERIMETER_ZN_3 ZN PSZ-AC-4:DesPer 1:Des Sens Cool Cap [W],PERIMETER_ZN_3 ZN PSZ-AC-4:DesPer 1:Des Tot Cool Cap [W],PERIMETER_ZN_3 ZN PSZ-AC-4:DesPer 2:Des Heat Mass Flow [kg/s],PERIMETER_ZN_3 ZN PSZ-AC-4:DesPer 2:Des Heat Cap [W],PERIMETER_ZN_3 ZN PSZ-AC-4:DesPer 2:Des Cool Mass Flow [kg/s],PERIMETER_ZN_3 ZN PSZ-AC-4:DesPer 2:Des Sens Cool Cap [W],PERIMETER_ZN_3 ZN PSZ-AC-4:DesPer 2:Des Tot Cool Cap [W],PERIMETER_ZN_3 ZN PSZ-AC-4:DesPer 3:Des Heat Mass Flow [kg/s],PERIMETER_ZN_3 ZN PSZ-AC-4:DesPer 3:Des Heat Cap [W],PERIMETER_ZN_3 ZN PSZ-AC-4:DesPer 3:Des Cool Mass Flow [kg/s],PERIMETER_ZN_3 ZN PSZ-AC-4:DesPer 3:Des Sens Cool Cap [W],PERIMETER_ZN_3 ZN PSZ-AC-4:DesPer 3:Des Tot Cool Cap [W],PERIMETER_ZN_4 ZN PSZ-AC-5:DesPer 1:Des Heat Mass Flow [kg/s],PERIMETER_ZN_4 ZN PSZ-AC-5:DesPer 1:Des Heat Cap [W],PERIMETER_ZN_4 ZN PSZ-AC-5:DesPer 1:Des Cool Mass Flow [kg/s],PERIMETER_ZN_4 ZN PSZ-AC-5:DesPer 1:Des Sens Cool Cap [W],PERIMETER_ZN_4 ZN PSZ-AC-5:DesPer 1:Des Tot Cool Cap [W],PERIMETER_ZN_4 ZN PSZ-AC-5:DesPer 2:Des Heat Mass Flow [kg/s],PERIMETER_ZN_4 ZN PSZ-AC-5:DesPer 2:Des Heat Cap [W],PERIMETER_ZN_4 ZN PSZ-AC-5:DesPer 2:Des Cool Mass Flow [kg/s],PERIMETER_ZN_4 ZN PSZ-AC-5:DesPer 2:Des Sens Cool Cap [W],PERIMETER_ZN_4 ZN PSZ-AC-5:DesPer 2:Des Tot Cool Cap [W],PERIMETER_ZN_4 ZN PSZ-AC-5:DesPer 3:Des Heat Mass Flow [kg/s],PERIMETER_ZN_4 ZN PSZ-AC-5:DesPer 3:Des Heat Cap [W],PERIMETER_ZN_4 ZN PSZ-AC-5:DesPer 3:Des Cool Mass Flow [kg/s],PERIMETER_ZN_4 ZN PSZ-AC-5:DesPer 3:Des Sens Cool Cap [W],PERIMETER_ZN_4 ZN PSZ-AC-5:DesPer 3:Des Tot Cool Cap [W]
00:10:00,7.502560E-02,1.770537E+03,3.649904E-01,4.273080E+03,5.907475E+03,7.502560E-02,2.011785E+03,3.557564E-01,3.928734E+03,6.309915E+03,7.502560E-02,4.244464E+03,7.502560E-02,0.000000E+00,0.000000E+00,5.687426E-02,1.342182E+03,2.849798E-01,3.331824E+03,4.638747E+03,5.687426E-02,1.525063E+03,2.600025E-01,2.870061E+03,4.750921E+03,1.248015E-01,5.189699E+03,5.687426E-02,0.000000E+00,0.000000E+00,3.373854E-02,7.961994E+02,1.859266E-01,2.164865E+03,2.953687E+03,3.373854E-02,9.046873E+02,1.711893E-01,1.891827E+03,3.023893E+03,7.473694E-02,3.099018E+03,3.373854E-02,0.000000E+00,0.000000E+00,5.687426E-02,1.342182E+03,2.885016E-01,3.371142E+03,4.682885E+03,5.687426E-02,1.525063E+03,2.633258E-01,2.907161E+03,4.793821E+03,1.250992E-01,5.198351E+03,5.687426E-02,0.000000E+00,0.000000E+00,3.373854E-02,7.961994E+02,2.029422E-01,2.354845E+03,3.151426E+03,3.373854E-02,9.046873E+02,1.878208E-01,2.077517E+03,3.218215E+03,7.496278E-02,3.105575E+03,3.373854E-02,0.000000E+00,0.000000E+00
00:20:00,7.502560E-02,1.777699E+03,3.644341E-01,4.259706E+03,5.893666E+03,7.502560E-02,2.018947E+03,3.551983E-01,3.915340E+03,6.296062E+03,7.502560E-02,4.244464E+03,7.502560E-02,0.000000E+00,0.000000E+00,5.687426E-02,1.347611E+03,2.835058E-01,3.309938E+03,4.615317E+03,5.687426E-02,1.530493E+03,2.585909E-01,2.848872E+03,4.729420E+03,1.247900E-01,5.189368E+03,5.687426E-02,0.000000E+00,0.000000E+00,3.373854E-02,7.994201E+02,1.848158E-01,2.149242E+03,2.937014E+03,3.373854E-02,9.079080E+02,1.701148E-01,1.876610E+03,3.008529E+03,7.473084E-02,3.098841E+03,3.373854E-02,0.000000E+00,0.000000E+00,5.687426E-02,1.347611E+03,2.869567E-01,3.348464E+03,4.658608E+03,5.687426E-02,1.530493E+03,2.618575E-01,2.885339E+03,4.771717E+03,1.250878E-01,5.198018E+03,5.687426E-02,0.000000E+00,0.000000E+00,3.373854E-02,7.994201E+02,2.013500E-01,2.333847E+03,3.129217E+03,3.373854E-02,9.079080E+02,1.862647E-01,2.056922E+03,3.197373E+03,7.495669E-02,3.105398E+03,3.373854E-02,0.000000E+00,0.000000E+00
00:30:00,7.502560E-02,1.784861E+03,3.638864E-01,4.246430E+03,5.879957E+03,7.502560E-02,2.026109E+03,3.546490E-01,3.902044E+03,6.282311E+03,7.502560E-02,4.244464E+03,7.502560E-02,0.000000E+00,0.000000E+00,5.687426E-02,1.353040E+03,2.820654E-01,3.288428E+03,4.592295E+03,5.687426E-02,1.535922E+03,2.572085E-01,2.828007E+03,4.708331E+03,1.247787E-01,5.189039E+03,5.687426E-02,0.000000E+00,0.000000E+00,3.373854E-02,8.026409E+02,1.837291E-01,2.133889E+03,2.920634E+03,3.373854E-02,9.111288E+02,1.690620E-01,1.861635E+03,2.993454E+03,7.472478E-02,3.098665E+03,3.373854E-02,0.000000E+00,0.000000E+00,5.687426E-02,1.353040E+03,2.854511E-01,3.326226E+03,4.634807E+03,5.687426E-02,1.535922E+03,2.604238E-01,2.863903E+03,4.750091E+03,1.250764E-01,5.197689E+03,5.687426E-02,0.000000E+00,0.000000E+00,3.373854E-02,8.026409E+02,1.998137E-01,2.313474E+03,3.107668E+03,3.373854E-02,9.111288E+02,1.847625E-01,2.036929E+03,3.177182E+03,7.495065E-02,3.105223E+03,3.373854E-02,0.000000E+00,0.000000E+00
00:40:00,7.502560E-02,1.792023E+03,3.633468E-01,4.233243E+03,5.866339E+03,7.502560E-02,2.033271E+03,3.541076E-01,3.888838E+03,6.268649E+03,7.502560E-02,4.244464E+03,7.502560E-02,0.000000E+00,0.000000E+00,5.687426E-02,1.358470E+03,2.806572E-01,3.267276E+03,4.569661E+03,5.687426E-02,1.541351E+03,2.558537E-01,2.807452E+03,4.687603E+03,1.247675E-01,5.188713E+03,5.687426E-02,0.000000E+00,0.000000E+00,3.373854E-02,8.058616E+02,1.826655E-01,2.118793E+03,2.904531E+03,3.373854E-02,9.143495E+02,1.680298E-01,1.846889E+03,2.978638E+03,7.471878E-02,3.098491E+03,3.373854E-02,0.000000E+00,0.000000E+00,5.687426E-02,1.358470E+03,2.839827E-01,3.304403E+03,4.611452E+03,5.687426E-02,1.541351E+03,2.590222E-01,2.842825E+03,4.728876E+03,1.250652E-01,5.197361E+03,5.687426E-02,0.000000E+00,0.000000E+00,3.373854E-02,8.058616E+02,1.983290E-01,2.293677E+03,3.086724E+03,3.373854E-02,9.143495E+02,1.833099E-01,2.017490E+03,3.157572E+03,7.494466E-02,3.105049E+03,3.373854E-02,0.000000E+00,0.000000E+00
00:50:00,7.502560E-02,1.799185E+03,3.628145E-01,4.220137E+03,5.852805E+03,7.502560E-02,2.040433E+03,3.535735E-01,3.875712E+03,6.244716E+03,7.502560E-02,4.244464E+03,7.502560E-02,0.000000E+00,0.000000E+00,5.687426E-02,1.363899E+03,2.792796E-01,3.246467E+03,4.547395E+03,5.687426E-02,1.546781E+03,2.545250E-01,2.787187E+03,4.659358E+03,1.247563E-01,5.188389E+03,5.687426E-02,0.000000E+00,0.000000E+00,3.373854E-02,8.090823E+02,1.816239E-01,2.103944E+03,2.888692E+03,3.373854E-02,9.175702E+02,1.670172E-01,1.832363E+03,2.959404E+03,7.471282E-02,3.098318E+03,3.373854E-02,0.000000E+00,0.000000E+00,5.687426E-02,1.363899E+03,2.825495E-01,3.282973E+03,4.588519E+03,5.687426E-02,1.546781E+03,2.576497E-01,2.822071E+03,4.700177E+03,1.250540E-01,5.197037E+03,5.687426E-02,0.000000E+00,0.000000E+00,3.373854E-02,8.090823E+02,1.968920E-01,2.274412E+03,3.066339E+03,3.373854E-02,9.175702E+02,1.819030E-01,1.998562E+03,3.133839E+03,7.493871E-02,3.104876E+03,3.373854E-02,0.000000E+00,0.000000E+00
01:00:00,7.502560E-02,1.806347E+03,3.622890E-01,4.207107E+03,5.839347E+03,7.502560E-02,2.047596E+03,3.530461E-01,3.862662E+03,6.210537E+03,7.502560E-02,4.244464E+03,7.502560E-02,0.000000E+00,0.000000E+00,5.687426E-02,1.369328E+03,2.779314E-01,3.225985E+03,4.525480E+03,5.687426E-02,1.552210E+03,2.532209E-01,2.767198E+03,4.623517E+03,1.247453E-01,5.188068E+03,5.687426E-02,0.000000E+00,0.000000E+00,3.373854E-02,8.123031E+02,1.806035E-01,2.089331E+03,2.873105E+03,3.373854E-02,9.207910E+02,1.660233E-01,1.818045E+03,2.935695E+03,7.470691E-02,3.098146E+03,3.373854E-02,0.000000E+00,0.000000E+00,5.687426E-02,1.369328E+03,2.811499E-01,3.261917E+03,4.565985E+03,5.687426E-02,1.552210E+03,2.563032E-01,2.801607E+03,4.663892E+03,1.250429E-01,5.196715E+03,5.687426E-02,0.000000E+00,0.000000E+00,3.373854E-02,8.123031E+02,1.954992E-01,2.255641E+03,3.046469E+03,3.373854E-02,9.207910E+02,1.805384E-01,1.980104E+03,3.105893E+03,7.493281E-02,3.104705E+03,3.373854E-02,0.000000E+00,0.000000E+00
01:10:00,7.502560E-02,1.811122E+03,3.617828E-01,4.196682E+03,5.828573E+03,7.502560E-02,2.052370E+03,3.525383E-01,3.852218E+03,6.186004E+03,7.502560E-02,4.244464E+03,7.502560E-02,0.000000E+00,0.000000E+00,5.687426E-02,1.372948E+03,2.766222E-01,3.207748E+03,4.505895E+03,5.687426E-02,1.555830E+03,2.519511E-01,2.749401E+03,4.595052E+03,1.247461E-01,5.188091E+03,5.687426E-02,0.000000E+00,0.000000E+00,3.373854E-02,8.144502E+02,1.796089E-01,2.076079E+03,2.858926E+03,3.373854E-02,9.229381E+02,1.650525E-01,1.805059E+03,2.916360E+03,7.470734E-02,3.098159E+03,3.373854E-02,0.000000E+00,0.000000E+00,5.687426E-02,1.372948E+03,2.797927E-01,3.243145E+03,4.545821E+03,5.687426E-02,1.555830E+03,2.549934E-01,2.783364E+03,4.634998E+03,1.250437E-01,5.196738E+03,5.687426E-02,0.000000E+00,0.000000E+00,3.373854E-02,8.144502E+02,1.941532E-01,2.238466E+03,3.028250E+03,3.373854E-02,9.229381E+02,1.792185E-01,1.963220E+03,3.082553E+03,7.493324E-02,3.104717E+03,3.373854E-02,0.000000E+00,0.000000E+00
01:20:00,7.502560E-02,1.815897E+03,3.612825E-01,4.186320E+03,5.817866E+03,7.502560E-02,2.057145E+03,3.520362E-01,3.841837E+03,6.161585E+03,7.502560E-02,4.244464E+03,7.502560E-02,0.000000E+00,0.000000E+00,5.687426E-02,1.376567E+03,2.753454E-01,3.189875E+03,4.486720E+03,5.687426E-02,1.559449E+03,2.507094E-01,2.731917E+03,4.566758E+03,1.247469E-01,5.188115E+03,5.687426E-02,0.000000E+00,0.000000E+00,3.373854E-02,8.165974E+02,1.786367E-01,2.063078E+03,2.845031E+03,3.373854E-02,9.250853E+02,1.641018E-01,1.792296E+03,2.897135E+03,7.470777E-02,3.098171E+03,3.373854E-02,0.000000E+00,0.000000E+00,5.687426E-02,1.376567E+03,2.784714E-01,3.224774E+03,4.526110E+03,5.687426E-02,1.559449E+03,2.537141E-01,2.765460E+03,4.606291E+03,1.250445E-01,5.196761E+03,5.687426E-02,0.000000E+00,0.000000E+00,3.373854E-02,8.165974E+02,1.928487E-01,2.221754E+03,3.010533E+03,3.373854E-02,9.250853E+02,1.779380E-01,1.946776E+03,3.059533E+03,7.493367E-02,3.104730E+03,3.373854E-02,0.000000E+00,0.000000E+00
01:30:00,7.502560E-02,1.820671E+03,3.607877E-01,4.176021E+03,5.807222E+03,7.502560E-02,2.061920E+03,3.515395E-01,3.831517E+03,6.137277E+03,7.502560E-02,4.244464E+03,7.502560E-02,0.000000E+00,0.000000E+00,5.687426E-02,1.380187E+03,2.741006E-01,3.172357E+03,4.467954E+03,5.687426E-02,1.563069E+03,2.494952E-01,2.714741E+03,4.538661E+03,1.247477E-01,5.188137E+03,5.687426E-02,0.000000E+00,0.000000E+00,3.373854E-02,8.187445E+02,1.776866E-01,2.050324E+03,2.831419E+03,3.373854E-02,9.272324E+02,1.631707E-01,1.779753E+03,2.878044E+03,7.470819E-02,3.098183E+03,3.373854E-02,0.000000E+00,0.000000E+00,5.687426E-02,1.380187E+03,2.771852E-01,3.206795E+03,4.506845E+03,5.687426E-02,1.563069E+03,2.524646E-01,2.747890E+03,4.577798E+03,1.250453E-01,5.196784E+03,5.687426E-02,0.000000E+00,0.000000E+00,3.373854E-02,8.187445E+02,1.915834E-01,2.205481E+03,2.993298E+03,3.373854E-02,9.272324E+02,1.766947E-01,1.930747E+03,3.036842E+03,7.493409E-02,3.104742E+03,3.373854E-02,0.000000E+00,0.000000E+00
01:40:00,7.502560E-02,1.825446E+03,3.602982E-01,4.165781E+03,5.796638E+03,7.502560E-02,2.066694E+03,3.510481E-01,3.821255E+03,6.113078E+03,7.502560E-02,4.244464E+03,7.502560E-02,0.000000E+00,0.000000E+00,5.687426E-02,1.383806E+03,2.728870E-01,3.155189E+03,4.449585E+03,5.687426E-02,1.566688E+03,2.483083E-01,2.697869E+03,4.510803E+03,1.247484E-01,5.188160E+03,5.687426E-02,0.000000E+00,0.000000E+00,3.373854E-02,8.208917E+02,1.767581E-01,2.037810E+03,2.818080E+03,3.373854E-02,9.293796E+02,1.622590E-01,1.767427E+03,2.859119E+03,7.470861E-02,3.098195E+03,3.373854E-02,0.000000E+00,0.000000E+00,5.687426E-02,1.383806E+03,2.759333E-01,3.189198E+03,4.488014E+03,5.687426E-02,1.566688E+03,2.512445E-01,2.730648E+03,4.549564E+03,1.250461E-01,5.196807E+03,5.687426E-02,0.000000E+00,0.000000E+00,3.373854E-02,8.208917E+02,1.903554E-01,2.189624E+03,2.976518E+03,3.373854E-02,9.293796E+02,1.754866E-01,1.915111E+03,3.014498E+03,7.493451E-02,3.104754E+03,3.373854E-02,0.000000E+00,0.000000E+00
01:50:00,7.502560E-02,1.830221E+03,3.598138E-01,4.155599E+03,5.786115E+03,7.502560E-02,2.071469E+03,3.505616E-01,3.811049E+03,6.088985E+03,7.502560E-02,4.244464E+03,7.502560E-02,0.000000E+00,0.000000E+00,5.687426E-02,1.387426E+03,2.717044E-01,3.138366E+03,4.431604E+03,5.687426E-02,1.570308E+03,2.471487E-01,2.681302E+03,4.483227E+03,1.247492E-01,5.188183E+03,5.687426E-02,0.000000E+00,0.000000E+00,3.373854E-02,8.230389E+02,1.758509E-01,2.025534E+03,2.805007E+03,3.373854E-02,9.315267E+02,1.613666E-01,1.755315E+03,2.840390E+03,7.470903E-02,3.098208E+03,3.373854E-02,0.000000E+00,0.000000E+00,5.687426E-02,1.387426E+03,2.747149E-01,3.171975E+03,4.469602E+03,5.687426E-02,1.570308E+03,2.500536E-01,2.713732E+03,4.521628E+03,1.250468E-01,5.196830E+03,5.687426E-02,0.000000E+00,0.000000E+00,3.373854E-02,8.230389E+02,1.891632E-01,2.174166E+03,2.960170E+03,3.373854E-02,9.315267E+02,1.743124E-01,1.899853E+03,2.992517E+03,7.493493E-02,3.104766E+03,3.373854E-02,0.000000E+00,0.000000E+00
02:00:00,7.502560E-02,1.834995E+03,3.593346E-01,4.145473E+03,5.775649E+03,7.502560E-02,2.076244E+03,3.500800E-01,3.800897E+03,6.064997E+03,7.502560E-02,4.244464E+03,7.502560E-02,0.000000E+00,0.000000E+00,5.687426E-02,1.391045E+03,2.705523E-01,3.121884E+03,4.414002E+03,5.687426E-02,1.573927E+03,2.460168E-01,2.665044E+03,4.455963E+03,1.247500E-01,5.188205E+03,5.687426E-02,0.000000E+00,0.000000E+00,3.373854E-02,8.251860E+02,1.749646E-01,2.013492E+03,2.792191E+03,3.373854E-02,9.336739E+02,1.604934E-01,1.743419E+03,2.821874E+03,7.470944E-02,3.098220E+03,3.373854E-02,0.000000E+00,0.000000E+00,5.687426E-02,1.391045E+03,2.735294E-01,3.155120E+03,4.451597E+03,5.687426E-02,1.573927E+03,2.488921E-01,2.697144E+03,4.494022E+03,1.250476E-01,5.196852E+03,5.687426E-02,0.000000E+00,0.000000E+00,3.373854E-02,8.251860E+02,1.880053E-01,2.159091E+03,2.944230E+03,3.373854E-02,9.336739E+02,1.731706E-01,1.884958E+03,2.970904E+03,7.493534E-02,3.104778E+03,3.373854E-02,0.000000E+00,0.000000E+00
02:10:00,7.502560E-02,1.838576E+03,3.588603E-01,4.136597E+03,5.766463E+03,7.502560E-02,2.079825E+03,3.496032E-01,3.791992E+03,6.045690E+03,7.502560E-02,4.244464E+03,7.502560E-02,0.000000E+00,0.000000E+00,5.687426E-02,1.393760E+03,2.694249E-01,3.106582E+03,4.397626E+03,5.687426E-02,1.576642E+03,2.449076E-01,2.649946E+03,4.432433E+03,1.247508E-01,5.188227E+03,5.687426E-02,0.000000E+00,0.000000E+00,3.373854E-02,8.267964E+02,1.740961E-01,2.002185E+03,2.780138E+03,3.373854E-02,9.352843E+02,1.596368E-01,1.732245E+03,2.805607E+03,7.470985E-02,3.098231E+03,3.373854E-02,0.000000E+00,0.000000E+00,5.687426E-02,1.393760E+03,2.723711E-01,3.139474E+03,4.434847E+03,5.687426E-02,1.576642E+03,2.477554E-01,2.681737E+03,4.470173E+03,1.250484E-01,5.196874E+03,5.687426E-02,0.000000E+00,0.000000E+00,3.373854E-02,8.267964E+02,1.868773E-01,2.144887E+03,2.929194E+03,3.373854E-02,9.352843E+02,1.720576E-01,1.870921E+03,2.951680E+03,7.493575E-02,3.104790E+03,3.373854E-02,0.000000E+00,0.000000E+00
02:20:00,7.502560E-02,1.842157E+03,3.583909E-01,4.127775E+03,5.757332E+03,7.502560E-02,2.083406E+03,3.491311E-01,3.783140E+03,6.026463E+03,7.502560E-02,4.244464E+03,7.502560E-02,0.000000E+00,0.000000E+00,5.687426E-02,1.396475E+03,2.683217E-01,3.091550E+03,4.381550E+03,5.687426E-02,1.579357E+03,2.438209E-01,2.635098E+03,4.409156E+03,1.247515E-01,5.188249E+03,5.687426E-02,0.000000E+00,0.000000E+00,3.373854E-02,8.284067E+02,1.732450E-01,1.991072E+03,2.768300E+03,3.373854E-02,9.368946E+02,1.587966E-01,1.721254E+03,2.789524E+03,7.471026E-02,3.098243E+03,3.373854E-02,0.000000E+00,0.000000E+00,5.687426E-02,1.396475E+03,2.712389E-01,3.124119E+03,4.418422E+03,5.687426E-02,1.579357E+03,2.466426E-01,2.666599E+03,4.446593E+03,1.250491E-01,5.196896E+03,5.687426E-02,0.000000E+00,0.000000E+00,3.373854E-02,8.284067E+02,1.857782E-01,2.131005E+03,2.914503E+03,3.373854E-02,9.368946E+02,1.709721E-01,1.857191E+03,2.932769E+03,7.493616E-02,3.104802E+03,3.373854E-02,0.000000E+00,0.000000E+00
02:30:00,7.502560E-02,1.845739E+03,3.579262E-01,4.119006E+03,5.748257E+03,7.502560E-02,2.086987E+03,3.486635E-01,3.774338E+03,6.007316E+03,7.502560E-02,4.244464E+03,7.502560E-02,0.000000E+00,0.000000E+00,5.687426E-02,1.399189E+03,2.672422E-01,3.076783E+03,4.365772E+03,5.687426E-02,1.582071E+03,2.427561E-01,2.620495E+03,4.386132E+03,1.247523E-01,5.188271E+03,5.687426E-02,0.000000E+00,0.000000E+00,3.373854E-02,8.300171E+02,1.724110E-01,1.980151E+03,2.756676E+03,3.373854E-02,9.385050E+02,1.579725E-01,1.710442E+03,2.773626E+03,7.471066E-02,3.098255E+03,3.373854E-02,0.000000E+00,0.000000E+00,5.687426E-02,1.399189E+03,2.701323E-01,3.109049E+03,4.402316E+03,5.687426E-02,1.582071E+03,2.455534E-01,2.651723E+03,4.423284E+03,1.250499E-01,5.196918E+03,5.687426E-02,0.000000E+00,0.000000E+00,3.373854E-02,8.300171E+02,1.847066E-01,2.117431E+03,2.900147E+03,3.373854E-02,9.385050E+02,1.699129E-01,1.843755E+03,2.914161E+03,7.493656E-02,3.104814E+03,3.373854E-02,0.000000E+00,0.000000E+00
02:40:00,7.502560E-02,1.849320E+03,3.574663E-01,4.110289E+03,5.739235E+03,7.502560E-02,2.090568E+03,3.482004E-01,3.765586E+03,5.988247E+03,7.502560E-02,4.244464E+03,7.502560E-02,0.000000E+00,0.000000E+00,5.687426E-02,1.401904E+03,2.661861E-01,3.062277E+03,4.350283E+03,5.687426E-02,1.584786E+03,2.417131E-01,2.606135E+03,4.363365E+03,1.247530E-01,5.188293E+03,5.687426E-02,0.000000E+00,0.000000E+00,3.373854E-02,8.316275E+02,1.715939E-01,1.969417E+03,2.745259E+03,3.373854E-02,9.401154E+02,1.571642E-01,1.699808E+03,2.757914E+03,7.471106E-02,3.098267E+03,3.373854E-02,0.000000E+00,0.000000E+00,5.687426E-02,1.401904E+03,2.690507E-01,3.094258E+03,4.386520E+03,5.687426E-02,1.584786E+03,2.444872E-01,2.637104E+03,4.400247E+03,1.250506E-01,5.196940E+03,5.687426E-02,0.000000E+00,0.000000E+00,3.373854E-02,8.316275E+02,1.836617E-01,2.104154E+03,2.886111E+03,3.373854E-02,9.401154E+02,1.688791E-01,1.830603E+03,2.895850E+03,7.493696E-02,3.104825E+03,3.373854E-02,0.000000E+00,0.000000E+00
02:50:00,7.502560E-02,1.852901E+03,3.570108E-01,4.101623E+03,5.730266E+03,7.502560E-02,2.094149E+03,3.477416E-01,3.756883E+03,5.969256E+03,7.502560E-02,4.244464E+03,7.502560E-02,0.000000E+00,0.000000E+00,5.687426E-02,1.404619E+03,2.651528E-01,3.048027E+03,4.335076E+03,5.687426E-02,1.587501E+03,2.406915E-01,2.592014E+03,4.340857E+03,1.247537E-01,5.188314E+03,5.687426E-02,0.000000E+00,0.000000E+00,3.373854E-02,8.332378E+02,1.707933E-01,1.958868E+03,2.734044E+03,3.373854E-02,9.417257E+02,1.563716E-01,1.689348E+03,2.742389E+03,7.471146E-02,3.098278E+03,3.373854E-02,0.000000E+00,0.000000E+00,5.687426E-02,1.404619E+03,2.679934E-01,3.079740E+03,4.371023E+03,5.687426E-02,1.587501E+03,2.434437E-01,2.622739E+03,4.377483E+03,1.250514E-01,5.196961E+03,5.687426E-02,0.000000E+00,0.000000E+00,3.373854E-02,8.332378E+02,1.826424E-01,2.091164E+03,2.872382E+03,3.373854E-02,9.417257E+02,1.678699E-01,1.817724E+03,2.877829E+03,7.493736E-02,3.104837E+03,3.373854E-02,0.000000E+00,0.000000E+00
03:00:00,7.502560E-02,1.856482E+03,3.565599E-01,4.093007E+03,5.721350E+03,7.502560E-02,2.097730E+03,3.472871E-01,3.748228E+03,5.950341E+03,7.502560E-02,4.244464E+03,7.502560E-02,0.000000E+00,0.000000E+00,5.687426E-02,1.407333E+03,2.641422E-01,3.034028E+03,4.320145E+03,5.687426E-02,1.590215E+03,2.396910E-01,2.578129E+03,4.318610E+03,1.247545E-01,5.188335E+03,5.687426E-02,0.000000E+00,0.000000E+00,3.373854E-02,8.348482E+02,1.700089E-01,1.948501E+03,2.723025E+03,3.373854E-02,9.433361E+02,1.555944E-01,1.679059E+03,2.727050E+03,7.471185E-02,3.098290E+03,3.373854E-02,0.000000E+00,0.000000E+00,5.687426E-02,1.407333E+03,2.669602E-01,3.065489E+03,4.355819E+03,5.687426E-02,1.590215E+03,2.424224E-01,2.608622E+03,4.354992E+03,1.250521E-01,5.196983E+03,5.687426E-02,0.000000E+00,0.000000E+00,3.373854E-02,8.348482E+02,1.816478E-01,2.078449E+03,2.858945E+03,3.373854E-02,9.433361E+02,1.668843E-01,1.805109E+03,2.860089E+03,7.493775E-02,3.104848E+03,3.373854E-02,0.000000E+00,0.000000E+00
03:10:00,7.502560E-02,1.860063E+03,3.561133E-01,4.084440E+03,5.712483E+03,7.502560E-02,2.101311E+03,3.468369E-01,3.739620E+03,5.931503E+03,7.502560E-02,4.244464E+03,7.502560E-02,0.000000E+00,0.000000E+00,5.687426E-02,1.410048E+03,2.631485E-01,3.020220E+03,4.305415E+03,5.687426E-02,1.592930E+03,2.387068E-01,2.564426E+03,4.296561E+03,1.247552E-01,5.188356E+03,5.687426E-02,0.000000E+00,0.000000E+00,3.373854E-02,8.364586E+02,1.692378E-01,1.938281E+03,2.712162E+03,3.373854E-02,9.449465E+02,1.548299E-01,1.668914E+03,2.711865E+03,7.471225E-02,3.098301E+03,3.373854E-02,0.000000E+00,0.000000E+00,5.687426E-02,1.410048E+03,2.659454E-01,3.051445E+03,4.340833E+03,5.687426E-02,1.592930E+03,2.414187E-01,2.594701E+03,4.332714E+03,1.250528E-01,5.197004E+03,5.687426E-02,0.000000E+00,0.000000E+00,3.373854E-02,8.364586E+02,1.806743E-01,2.065970E+03,2.845754E+03,3.373854E-02,9.449465E+02,1.659191E-01,1.792723E+03,2.842591E+03,7.493814E-02,3.104859E+03,3.373854E-02,0.000000E+00,0.000000E+00
03:20:00,7.502560E-02,1.863644E+03,3.556711E-01,4.075921E+03,5.703666E+03,7.502560E-02,2.104892E+03,3.463908E-01,3.731058E+03,5.912738E+03,7.502560E-02,4.244464E+03,7.502560E-02,0.000000E+00,0.000000E+00,5.687426E-02,1.412763E+03,2.621713E-01,3.006595E+03,4.290878E+03,5.687426E-02,1.595644E+03,2.377382E-01,2.550897E+03,4.274703E+03,1.247559E-01,5.188377E+03,5.687426E-02,0.000000E+00,0.000000E+00,3.373854E-02,8.380689E+02,1.684794E-01,1.928204E+03,2.701448E+03,3.373854E-02,9.465568E+02,1.540778E-01,1.658906E+03,2.696829E+03,7.471263E-02,3.098312E+03,3.373854E-02,0.000000E+00,0.000000E+00,5.687426E-02,1.412763E+03,2.649480E-01,3.037595E+03,4.326051E+03,5.687426E-02,1.595644E+03,2.404315E-01,2.580964E+03,4.310638E+03,1.250536E-01,5.197025E+03,5.687426E-02,0.000000E+00,0.000000E+00,3.373854E-02,8.380689E+02,1.797209E-01,2.053715E+03,2.832796E+03,3.373854E-02,9.465568E+02,1.649733E-01,1.780553E+03,2.825324E+03,7.493853E-02,3.104871E+03,3.373854E-02,0.000000E+00,0.000000E+00
03:30:00,7.502560E-02,1.867225E+03,3.552329E-01,4.067448E+03,5.694896E+03,7.502560E-02,2.108473E+03,3.459486E-01,3.722540E+03,5.894046E+03,7.502560E-02,4.244464E+03,7.502560E-02,0.000000E+00,0.000000E+00,5.687426E-02,1.415477E+03,2.612099E-01,2.993146E+03,4.276526E+03,5.687426E-02,1.598359E+03,2.367846E-01,2.537537E+03,4.253034E+03,1.247566E-01,5.188398E+03,5.687426E-02,0.000000E+00,0.000000E+00,3.373854E-02,8.396793E+02,1.677334E-01,1.918265E+03,2.690878E+03,3.373854E-02,9.481672E+02,1.533376E-01,1.649032E+03,2.681938E+03,7.471302E-02,3.098323E+03,3.373854E-02,0.000000E+00,0.000000E+00,5.687426E-02,1.415477E+03,2.639673E-01,3.023931E+03,4.311465E+03,5.687426E-02,1.598359E+03,2.394601E-01,2.567404E+03,4.288758E+03,1.250543E-01,5.197046E+03,5.687426E-02,0.000000E+00,0.000000E+00,3.373854E-02,8.396793E+02,1.787868E-01,2.041675E+03,2.820060E+03,3.373854E-02,9.481672E+02,1.640462E-01,1.768592E+03,2.808279E+03,7.493891E-02,3.104882E+03,3.373854E-02,0.000000E+00,0.000000E+00
03:40:00,7.502560E-02,1.870806E+03,3.547987E-01,4.059019E+03,5.686172E+03,7.502560E-02,2.112054E+03,3.455103E-01,3.714066E+03,5.875425E+03,7.502560E-02,4.244464E+03,7.502560E-02,0.000000E+00,0.000000E+00,5.687426E-02,1.418192E+03,2.602636E-01,2.979867E+03,4.262351E+03,5.687426E-02,1.601074E+03,2.358456E-01,2.524338E+03,4.231546E+03,1.247574E-01,5.188419E+03,5.687426E-02,0.000000E+00,0.000000E+00,3.373854E-02,8.412897E+02,1.669994E-01,1.908459E+03,2.680448E+03,3.373854E-02,9.497776E+02,1.526090E-01,1.639287E+03,2.667189E+03,7.471340E-02,3.098335E+03,3.373854E-02,0.000000E+00,0.000000E+00,5.687426E-02,1.418192E+03,2.630026E-01,3.010446E+03,4.297065E+03,5.687426E-02,1.601074E+03,2.385039E-01,2.554014E+03,4.267067E+03,1.250550E-01,5.197066E+03,5.687426E-02,0.000000E+00,0.000000E+00,3.373854E-02,8.412897E+02,1.778710E-01,2.029840E+03,2.807537E+03,3.373854E-02,9.497776E+02,1.631369E-01,1.756829E+03,2.791448E+03,7.493929E-02,3.104893E+03,3.373854E-02,0.000000E+00,0.000000E+00
03:50:00,7.502560E-02,1.874387E+03,3.543684E-01,4.050633E+03,5.677492E+03,7.502560E-02,2.115635E+03,3.450757E-01,3.705632E+03,5.856874E+03,7.502560E-02,4.244464E+03,7.502560E-02,0.000000E+00,0.000000E+00,5.687426E-02,1.420907E+03,2.593320E-01,2.966751E+03,4.248346E+03,5.687426E-02,1.603788E+03,2.349206E-01,2.511295E+03,4.210234E+03,1.247581E-01,5.188439E+03,5.687426E-02,0.000000E+00,0.000000E+00,3.373854E-02,8.429000E+02,1.662769E-01,1.898782E+03,2.670151E+03,3.373854E-02,9.513879E+02,1.518916E-01,1.629667E+03,2.652578E+03,7.471378E-02,3.098346E+03,3.373854E-02,0.000000E+00,0.000000E+00,5.687426E-02,1.420907E+03,2.620532E-01,2.997131E+03,4.282843E+03,5.687426E-02,1.603788E+03,2.375622E-01,2.540786E+03,4.245559E+03,1.250557E-01,5.197087E+03,5.687426E-02,0.000000E+00,0.000000E+00,3.373854E-02,8.429000E+02,1.769727E-01,2.018201E+03,2.795216E+03,3.373854E-02,9.513879E+02,1.622446E-01,1.745256E+03,2.774821E+03,7.493967E-02,3.104904E+03,3.373854E-02,0.000000E+00,0.000000E+00
04:00:00,7.502560E-02,1.877968E+03,3.539417E-01,4.042288E+03,5.668855E+03,7.502560E-02,2.119216E+03,3.446446E-01,3.697238E+03,5.838389E+03,7.502560E-02,4.244464E+03,7.502560E-02,0.000000E+00,0.000000E+00,5.687426E-02,1.423621E+03,2.584144E-01,2.953791E+03,4.234504E+03,5.687426E-02,1.606503E+03,2.340089E-01,2.498402E+03,4.189092E+03,1.247588E-01,5.188460E+03,5.687426E-02,0.000000E+00,0.000000E+00,3.373854E-02,8.445104E+02,1.655656E-01,1.889230E+03,2.659983E+03,3.373854E-02,9.529983E+02,1.511851E-01,1.620169E+03,2.638101E+03,7.471416E-02,3.098356E+03,3.373854E-02,0.000000E+00,0.000000E+00,5.687426E-02,1.423621E+03,2.611184E-01,2.983979E+03,4.268791E+03,5.687426E-02,1.606503E+03,2.366345E-01,2.527714E+03,4.224226E+03,1.250564E-01,5.197107E+03,5.687426E-02,0.000000E+00,0.000000E+00,3.373854E-02,8.445104E+02,1.760912E-01,2.006748E+03,2.783089E+03,3.373854E-02,9.529983E+02,1.613686E-01,1.733866E+03,2.758390E+03,7.494005E-02,3.104915E+03,3.373854E-02,0.000000E+00,0.000000E+00
04:10:00,7.502560E-02,1.880355E+03,3.535185E-01,4.035177E+03,5.661479E+03,7.502560E-02,2.121604E+03,3.442169E-01,3.690076E+03,5.824443E+03,7.502560E-02,4.244464E+03,7.502560E-02,0.000000E+00,0.000000E+00,5.687426E-02,1.425431E+03,2.575147E-01,2.941937E+03,4.221804E+03,5.687426E-02,1.608313E+03,2.331146E-01,2.486608E+03,4.171564E+03,1.247595E-01,5.188480E+03,5.687426E-02,0.000000E+00,0.000000E+00,3.373854E-02,8.455840E+02,1.648675E-01,1.880363E+03,2.650522E+03,3.373854E-02,9.540719E+02,1.504914E-01,1.611350E+03,2.625795E+03,7.471453E-02,3.098367E+03,3.373854E-02,0.000000E+00,0.000000E+00,5.687426E-02,1.425431E+03,2.602024E-01,2.971943E+03,4.255891E+03,5.687426E-02,1.608313E+03,2.357245E-01,2.515743E+03,4.206512E+03,1.250571E-01,5.197128E+03,5.687426E-02,0.000000E+00,0.000000E+00,3.373854E-02,8.455840E+02,1.752285E-01,1.996043E+03,2.771732E+03,3.373854E-02,9.540719E+02,1.605106E-01,1.723213E+03,2.744192E+03,7.494042E-02,3.104926E+03,3.373854E-02,0.000000E+00,0.000000E+00
04:20:00,7.502560E-02,1.882743E+03,3.530989E-01,4.028103E+03,5.654144E+03,7.502560E-02,2.123991E+03,3.437926E-01,3.682951E+03,5.810548E+03,7.502560E-02,4.244464E+03,7.502560E-02,0.000000E+00,0.000000E+00,5.687426E-02,1.427241E+03,2.566327E-01,2.930280E+03,4.209326E+03,5.687426E-02,1.610123E+03,2.322375E-01,2.475006E+03,4.154250E+03,1.247601E-01,5.188500E+03,5.687426E-02,0.000000E+00,0.000000E+00,3.373854E-02,8.466576E+02,1.641825E-01,1.871641E+03,2.641223E+03,3.373854E-02,9.551455E+02,1.498103E-01,1.602672E+03,2.613643E+03,7.471490E-02,3.098378E+03,3.373854E-02,0.000000E+00,0.000000E+00,5.687426E-02,1.427241E+03,2.593048E-01,2.960112E+03,4.243222E+03,5.687426E-02,1.610123E+03,2.348321E-01,2.503971E+03,4.189016E+03,1.250578E-01,5.197148E+03,5.687426E-02,0.000000E+00,0.000000E+00,3.373854E-02,8.466576E+02,1.743838E-01,1.985538E+03,2.760593E+03,3.373854E-02,9.551455E+02,1.596703E-01,1.712757E+03,2.730203E+03,7.494079E-02,3.104936E+03,3.373854E-02,0.000000E+00,0.000000E+00
04:30:00,7.502560E-02,1.885130E+03,3.526826E-01,4.021068E+03,5.646849E+03,7.502560E-02,2.126378E+03,3.433717E-01,3.675863E+03,5.796702E+03,7.502560E-02,4.244464E+03,7.502560E-02,0.000000E+00,0.000000E+00,5.687426E-02,1.429050E+03,2.557683E-01,2.918819E+03,4.197070E+03,5.687426E-02,1.611932E+03,2.313775E-01,2.463594E+03,4.137147E+03,1.247608E-01,5.188520E+03,5.687426E-02,0.000000E+00,0.000000E+00,3.373854E-02,8.477311E+02,1.635103E-01,1.863062E+03,2.632086E+03,3.373854E-02,9.562190E+02,1.491416E-01,1.594133E+03,2.601643E+03,7.471526E-02,3.098389E+03,3.373854E-02,0.000000E+00,0.000000E+00,5.687426E-02,1.429050E+03,2.584255E-01,2.948485E+03,4.230784E+03,5.687426E-02,1.611932E+03,2.339574E-01,2.492395E+03,4.171738E+03,1.250585E-01,5.197168E+03,5.687426E-02,0.000000E+00,0.000000E+00,3.373854E-02,8.477311E+02,1.735565E-01,1.975229E+03,2.749671E+03,3.373854E-02,9.562190E+02,1.588471E-01,1.702492E+03,2.716420E+03,7.494115E-02,3.104947E+03,3.373854E-02,0.000000E+00,0.000000E+00
04:40:00,7.502560E-02,1.887517E+03,3.522697E-01,4.014071E+03,5.639593E+03,7.502560E-02,2.128766E+03,3.429540E-01,3.668813E+03,5.782907E+03,7.502560E-02,4.244464E+03,7.502560E-02,0.000000E+00,0.000000E+00,5.687426E-02,1.430860E+03,2.549212E-01,2.907552E+03,4.185033E+03,5.687426E-02,1.613742E+03,2.305345E-01,2.452372E+03,4.120255E+03,1.247615E-01,5.188539E+03,5.687426E-02,0.000000E+00,0.000000E+00,3.373854E-02,8.488047E+02,1.628507E-01,1.854624E+03,2.623106E+03,3.373854E-02,9.572926E+02,1.484853E-01,1.585731E+03,2.589794E+03,7.471563E-02,3.098399E+03,3.373854E-02,0.000000E+00,0.000000E+00,5.687426E-02,1.430860E+03,2.575640E-01,2.937057E+03,4.218571E+03,5.687426E-02,1.613742E+03,2.331000E-01,2.481012E+03,4.154674E+03,1.250592E-01,5.197187E+03,5.687426E-02,0.000000E+00,0.000000E+00,3.373854E-02,8.488047E+02,1.727463E-01,1.965109E+03,2.738957E+03,3.373854E-02,9.572926E+02,1.580405E-01,1.692414E+03,2.702838E+03,7.494152E-02,3.104957E+03,3.373854E-02,0.000000E+00,0.000000E+00
04:50:00,7.502560E-02,1.889905E+03,3.518602E-01,4.007112E+03,5.632375E+03,7.502560E-02,2.131153E+03,3.425397E-01,3.661799E+03,5.769162E+03,7.502560E-02,4.244464E+03,7.502560E-02,0.000000E+00,0.000000E+00,5.687426E-02,1.432670E+03,2.540913E-01,2.896477E+03,4.173210E+03,5.687426E-02,1.615552E+03,2.297085E-01,2.441340E+03,4.103575E+03,1.247622E-01,5.188559E+03,5.687426E-02,0.000000E+00,0.000000E+00,3.373854E-02,8.498783E+02,1.622035E-01,1.846325E+03,2.614279E+03,3.373854E-02,9.583662E+02,1.478411E-01,1.577466E+03,2.578094E+03,7.471599E-02,3.098410E+03,3.373854E-02,0.000000E+00,0.000000E+00,5.687426E-02,1.432670E+03,2.567201E-01,2.925826E+03,4.206577E+03,5.687426E-02,1.615552E+03,2.322598E-01,2.469822E+03,4.137825E+03,1.250598E-01,5.197207E+03,5.687426E-02,0.000000E+00,0.000000E+00,3.373854E-02,8.498783E+02,1.719528E-01,1.955176E+03,2.728444E+03,3.373854E-02,9.583662E+02,1.572503E-01,1.682518E+03,2.689452E+03,7.494188E-02,3.104968E+03,3.373854E-02,0.000000E+00,0.000000E+00
05:00:00,7.502560E-02,1.892292E+03,3.514541E-01,4.000190E+03,5.625197E+03,7.502560E-02,2.133540E+03,3.421287E-01,3.654823E+03,5.755467E+03,7.502560E-02,4.244464E+03,7.502560E-02,0.000000E+00,0.000000E+00,5.687426E-02,1.434480E+03,2.532786E-01,2.885593E+03,4.161598E+03,5.687426E-02,1.617362E+03,2.288995E-01,2.430498E+03,4.087108E+03,1.247628E-01,5.188578E+03,5.687426E-02,0.000000E+00,0.000000E+00,3.373854E-02,8.509519E+02,1.615685E-01,1.838162E+03,2.605601E+03,3.373854E-02,9.594398E+02,1.472091E-01,1.569336E+03,2.566542E+03,7.471635E-02,3.098420E+03,3.373854E-02,0.000000E+00,0.000000E+00,5.687426E-02,1.434480E+03,2.558938E-01,2.914790E+03,4.194800E+03,5.687426E-02,1.617362E+03,2.314367E-01,2.458823E+03,4.121191E+03,1.250605E-01,5.197226E+03,5.687426E-02,0.000000E+00,0.000000E+00,3.373854E-02,8.509519E+02,1.711754E-01,1.945423E+03,2.718127E+03,3.373854E-02,9.594398E+02,1.564761E-01,1.672801E+03,2.676259E+03,7.494223E-02,3.104978E+03,3.373854E-02,0.000000E+00,0.000000E+00
05:10:00,7.502560E-02,1.889905E+03,3.510515E-01,3.998083E+03,5.622946E+03,7.502560E-02,2.131153E+03,3.417212E-01,3.652660E+03,5.759602E+03,7.502560E-02,4.244464E+03,7.502560E-02,0.000000E+00,0.000000E+00,5.687426E-02,1.432670E+03,2.524964E-01,2.878670E+03,4.154079E+03,5.687426E-02,1.615552E+03,2.281198E-01,2.423603E+03,4.084502E+03,1.247635E-01,5.188598E+03,5.687426E-02,0.000000E+00,0.000000E+00,3.373854E-02,8.498783E+02,1.609533E-01,1.832367E+03,2.599368E+03,3.373854E-02,9.583662E+02,1.465956E-01,1.563560E+03,2.563222E+03,7.471670E-02,3.098430E+03,3.373854E-02,0.000000E+00,0.000000E+00,5.687426E-02,1.432670E+03,2.550974E-01,2.907708E+03,4.187108E+03,5.687426E-02,1.615552E+03,2.306429E-01,2.451770E+03,4.118415E+03,1.250612E-01,5.197246E+03,5.687426E-02,0.000000E+00,0.000000E+00,3.373854E-02,8.498783E+02,1.704211E-01,1.938075E+03,2.710289E+03,3.373854E-02,9.583662E+02,1.557247E-01,1.665485E+03,2.671346E+03,7.494259E-02,3.104989E+03,3.373854E-02,0.000000E+00,0.000000E+00
05:20:00,7.502560E-02,1.887517E+03,3.506526E-01,3.996016E+03,5.620739E+03,7.502560E-02,2.128766E+03,3.413173E-01,3.650538E+03,5.763790E+03,7.502560E-02,4.244464E+03,7.502560E-02,0.000000E+00,0.000000E+00,5.687426E-02,1.430860E+03,2.517461E-01,2.872103E+03,4.146997E+03,5.687426E-02,1.613742E+03,2.273710E-01,2.417051E+03,4.082299E+03,1.247642E-01,5.188617E+03,5.687426E-02,0.000000E+00,0.000000E+00,3.373854E-02,8.488047E+02,1.603583E-01,1.826798E+03,2.593414E+03,3.373854E-02,9.572926E+02,1.460014E-01,1.557999E+03,2.560153E+03,7.471706E-02,3.098441E+03,3.373854E-02,0.000000E+00,0.000000E+00,5.687426E-02,1.430860E+03,2.543341E-01,2.900996E+03,4.179871E+03,5.687426E-02,1.613742E+03,2.298806E-01,2.445069E+03,4.116054E+03,1.250618E-01,5.197265E+03,5.687426E-02,0.000000E+00,0.000000E+00,3.373854E-02,8.488047E+02,1.696912E-01,1.930999E+03,2.702781E+03,3.373854E-02,9.572926E+02,1.549968E-01,1.658431E+03,2.666732E+03,7.494294E-02,3.104999E+03,3.373854E-02,0.000000E+00,0.000000E+00
05:30:00,7.502560E-02,1.885130E+03,3.502577E-01,3.993994E+03,5.618578E+03,7.502560E-02,2.126378E+03,3.409173E-01,3.648460E+03,5.768037E+03,7.502560E-02,4.244464E+03,7.502560E-02,0.000000E+00,0.000000E+00,5.687426E-02,1.429050E+03,2.510285E-01,2.865900E+03,4.140370E+03,5.687426E-02,1.611932E+03,2.266536E-01,2.410852E+03,4.080508E+03,1.247648E-01,5.188636E+03,5.687426E-02,0.000000E+00,0.000000E+00,3.373854E-02,8.477311E+02,1.597841E-01,1.821460E+03,2.587754E+03,3.373854E-02,9.562190E+02,1.454268E-01,1.552658E+03,2.557341E+03,7.471741E-02,3.098451E+03,3.373854E-02,0.000000E+00,0.000000E+00,5.687426E-02,1.429050E+03,2.536046E-01,2.894661E+03,4.173108E+03,5.687426E-02,1.611932E+03,2.291509E-01,2.438731E+03,4.114119E+03,1.250625E-01,5.197284E+03,5.687426E-02,0.000000E+00,0.000000E+00,3.373854E-02,8.477311E+02,1.689857E-01,1.924196E+03,2.695611E+03,3.373854E-02,9.562190E+02,1.542926E-01,1.651643E+03,2.662421E+03,7.494329E-02,3.105009E+03,3.373854E-02,0.000000E+00,0.000000E+00
05:40:00,7.502560E-02,1.882743E+03,3.498671E-01,3.992021E+03,5.616468E+03,7.502560E-02,2.123991E+03,3.405217E-01,3.646431E+03,5.772346E+03,7.502560E-02,4.244464E+03,7.502560E-02,0.000000E+00,0.000000E+00,5.687426E-02,1.427241E+03,2.503443E-01,2.860072E+03,4.134203E+03,5.687426E-02,1.610123E+03,2.259687E-01,2.405015E+03,4.079140E+03,1.247655E-01,5.188654E+03,5.687426E-02,0.000000E+00,0.000000E+00,3.373854E-02,8.466576E+02,1.592310E-01,1.816359E+03,2.582388E+03,3.373854E-02,9.551455E+02,1.448724E-01,1.547541E+03,2.554792E+03,7.471775E-02,3.098461E+03,3.373854E-02,0.000000E+00,0.000000E+00,5.687426E-02,1.427241E+03,2.529100E-01,2.888716E+03,4.166823E+03,5.687426E-02,1.610123E+03,2.284546E-01,2.432767E+03,4.112620E+03,1.250631E-01,5.197303E+03,5.687426E-02,0.000000E+00,0.000000E+00,3.373854E-02,8.466576E+02,1.683052E-01,1.917672E+03,2.688779E+03,3.373854E-02,9.551455E+02,1.536126E-01,1.645124E+03,2.658419E+03,7.494364E-02,3.105019E+03,3.373854E-02,0.000000E+00,0.000000E+00
05:50:00,7.502560E-02,1.880355E+03,3.494827E-01,3.990117E+03,5.614431E+03,7.502560E-02,2.121604E+03,3.401323E-01,3.644470E+03,5.776742E+03,7.502560E-02,4.244464E+03,7.502560E-02,0.000000E+00,0.000000E+00,5.687426E-02,1.425431E+03,2.498032E-01,2.855840E+03,4.129932E+03,5.687426E-02,1.608313E+03,2.254156E-01,2.400649E+03,4.079550E+03,1.247661E-01,5.188673E+03,5.687426E-02,0.000000E+00,0.000000E+00,3.373854E-02,8.455840E+02,1.587967E-01,1.812584E+03,2.578587E+03,3.373854E-02,9.540719E+02,1.444211E-01,1.543577E+03,2.553625E+03,7.471810E-02,3.098471E+03,3.373854E-02,0.000000E+00,0.000000E+00,5.687426E-02,1.425431E+03,2.523787E-01,2.884594E+03,4.162703E+03,5.687426E-02,1.608313E+03,2.279052E-01,2.428443E+03,4.113104E+03,1.250638E-01,5.197321E+03,5.687426E-02,0.000000E+00,0.000000E+00,3.373854E-02,8.455840E+02,1.677119E-01,1.912122E+03,2.683087E+03,3.373854E-02,9.540719E+02,1.530102E-01,1.639473E+03,2.655440E+03,7.494398E-02,3.105029E+03,3.373854E-02,0.000000E+00,0.000000E+00
06:00:00,7.502560E-02,1.877968E+03,3.491141E-01,3.988388E+03,5.612591E+03,7.502560E-02,2.119216E+03,3.397587E-01,3.642687E+03,5.781346E+03,7.502560E-02,4.244464E+03,7.502560E-02,0.000000E+00,0.000000E+00,5.687426E-02,1.423621E+03,2.494785E-01,2.854025E+03,4.128384E+03,5.687426E-02,1.606503E+03,2.250672E-01,2.398569E+03,4.082596E+03,1.247667E-01,5.188691E+03,5.687426E-02,0.000000E+00,0.000000E+00,3.373854E-02,8.445104E+02,1.589318E-01,1.815165E+03,2.582143E+03,3.373854E-02,9.529983E+02,1.444969E-01,1.545496E+03,2.559458E+03,7.471844E-02,3.098481E+03,3.373854E-02,0.000000E+00,0.000000E+00,5.687426E-02,1.423621E+03,2.523461E-01,2.886039E+03,4.165014E+03,5.687426E-02,1.606503E+03,2.278175E-01,2.429273E+03,4.119705E+03,1.250644E-01,5.197340E+03,5.687426E-02,0.000000E+00,0.000000E+00,3.373854E-02,8.445104E+02,1.672477E-01,1.908012E+03,2.678991E+03,3.373854E-02,9.529983E+02,1.525285E-01,1.635167E+03,2.653982E+03,7.494432E-02,3.105039E+03,3.373854E-02,0.000000E+00,0.000000E+00
06:10:00,7.502560E-02,1.869612E+03,3.487870E-01,3.993092E+03,5.617376E+03,7.502560E-02,2.110860E+03,3.394270E-01,3.647338E+03,5.808948E+03,7.502560E-02,4.244464E+03,7.502560E-02,0.000000E+00,0.000000E+00,5.687426E-02,1.417287E+03,2.494590E-01,2.860140E+03,4.135207E+03,5.687426E-02,1.600169E+03,2.250326E-01,2.404517E+03,4.106645E+03,1.247674E-01,5.188710E+03,5.687426E-02,0.000000E+00,0.000000E+00,3.373854E-02,8.407529E+02,1.604842E-01,1.836254E+03,2.606296E+03,3.373854E-02,9.492408E+02,1.459839E-01,1.565855E+03,2.593700E+03,7.471878E-02,3.098491E+03,3.373854E-02,0.000000E+00,0.000000E+00,5.687426E-02,1.417287E+03,2.533377E-01,2.903444E+03,4.184832E+03,5.687426E-02,1.600169E+03,2.286864E-01,2.445308E+03,4.155705E+03,1.250650E-01,5.197358E+03,5.687426E-02,0.000000E+00,0.000000E+00,3.373854E-02,8.407529E+02,1.669617E-01,1.908577E+03,2.679789E+03,3.373854E-02,9.492408E+02,1.522304E-01,1.635597E+03,2.664904E+03,7.494466E-02,3.105049E+03,3.373854E-02,0.000000E+00,0.000000E+00
06:20:00,7.502560E-02,1.861256E+03,3.485442E-01,3.998737E+03,5.623196E+03,7.502560E-02,2.102505E+03,3.391797E-01,3.652933E+03,5.837736E+03,7.502560E-02,4.244464E+03,7.502560E-02,0.000000E+00,0.000000E+00,5.687426E-02,1.410953E+03,2.498414E-01,2.870743E+03,4.146450E+03,5.687426E-02,1.593835E+03,2.253817E-01,2.414748E+03,4.134411E+03,1.247680E-01,5.188728E+03,5.687426E-02,0.000000E+00,0.000000E+00,3.373854E-02,8.369954E+02,1.640061E-01,1.879331E+03,2.653793E+03,3.373854E-02,9.454833E+02,1.493450E-01,1.607136E+03,2.650112E+03,7.471911E-02,3.098500E+03,3.373854E-02,0.000000E+00,0.000000E+00,5.687426E-02,1.410953E+03,2.556066E-01,2.935108E+03,4.219515E+03,5.687426E-02,1.593835E+03,2.307614E-01,2.474806E+03,4.205479E+03,1.250657E-01,5.197376E+03,5.687426E-02,0.000000E+00,0.000000E+00,3.373854E-02,8.369954E+02,1.669082E-01,1.911736E+03,2.683013E+03,3.373854E-02,9.454833E+02,1.521544E-01,1.638505E+03,2.677693E+03,7.494499E-02,3.105058E+03,3.373854E-02,0.000000E+00,0.000000E+00
06:30:00,7.502560E-02,1.852901E+03,3.484315E-01,4.005833E+03,5.630581E+03,7.502560E-02,2.094149E+03,3.390625E-01,3.659980E+03,5.868244E+03,7.502560E-02,4.244464E+03,7.502560E-02,0.000000E+00,0.000000E+00,5.687426E-02,1.404619E+03,2.506760E-01,2.886395E+03,4.162927E+03,5.687426E-02,1.587501E+03,2.261635E-01,2.429810E+03,4.167182E+03,1.247686E-01,5.188746E+03,5.687426E-02,0.000000E+00,0.000000E+00,3.373854E-02,8.332378E+02,1.694090E-01,1.943406E+03,2.722400E+03,3.373854E-02,9.417257E+02,1.545509E-01,1.669011E+03,2.727474E+03,7.471945E-02,3.098510E+03,3.373854E-02,0.000000E+00,0.000000E+00,5.687426E-02,1.404619E+03,2.589421E-01,2.978679E+03,4.266007E+03,5.687426E-02,1.587501E+03,2.338468E-01,2.515585E+03,4.266516E+03,1.250663E-01,5.197395E+03,5.687426E-02,0.000000E+00,0.000000E+00,3.373854E-02,8.332378E+02,1.671115E-01,1.917762E+03,2.689138E+03,3.373854E-02,9.417257E+02,1.523268E-01,1.644187E+03,2.693248E+03,7.494533E-02,3.105068E+03,3.373854E-02,0.000000E+00,0.000000E+00
06:40:00,7.502560E-02,1.844545E+03,3.484860E-01,4.014797E+03,5.639954E+03,7.502560E-02,2.085793E+03,3.391125E-01,3.668894E+03,5.900890E+03,7.502560E-02,4.244464E+03,7.502560E-02,0.000000E+00,0.000000E+00,5.687426E-02,1.398284E+03,2.520172E-01,2.907701E+03,4.185569E+03,5.687426E-02,1.581166E+03,2.274263E-01,2.450242E+03,4.206221E+03,1.247692E-01,5.188764E+03,5.687426E-02,0.000000E+00,0.000000E+00,3.373854E-02,8.294803E+02,1.768240E-01,2.029944E+03,2.813965E+03,3.373854E-02,9.379682E+02,1.617312E-01,1.752927E+03,2.827785E+03,7.471978E-02,3.098520E+03,3.373854E-02,0.000000E+00,0.000000E+00,5.687426E-02,1.398284E+03,2.632450E-01,3.033050E+03,4.323636E+03,5.687426E-02,1.581166E+03,2.378671E-01,2.566801E+03,4.338783E+03,1.250669E-01,5.197412E+03,5.687426E-02,0.000000E+00,0.000000E+00,3.373854E-02,8.294803E+02,1.675929E-01,1.926894E+03,2.698631E+03,3.373854E-02,9.379682E+02,1.527702E-01,1.652895E+03,2.712367E+03,7.494566E-02,3.105078E+03,3.373854E-02,0.000000E+00,0.000000E+00
06:50:00,7.502560E-02,1.836189E+03,3.487349E-01,4.025932E+03,5.651620E+03,7.502560E-02,2.077437E+03,3.393568E-01,3.679977E+03,5.935984E+03,7.502560E-02,4.244464E+03,7.502560E-02,0.000000E+00,0.000000E+00,5.687426E-02,1.391950E+03,2.538025E-01,2.933966E+03,4.213638E+03,5.687426E-02,1.574832E+03,2.291191E-01,2.475475E+03,4.251039E+03,1.247699E-01,5.188782E+03,5.687426E-02,0.000000E+00,0.000000E+00,3.373854E-02,8.257228E+02,1.862170E-01,2.138566E+03,2.928379E+03,3.373854E-02,9.342107E+02,1.708693E-01,1.858701E+03,2.951114E+03,7.472011E-02,3.098529E+03,3.373854E-02,0.000000E+00,0.000000E+00,5.687426E-02,1.391950E+03,2.683263E-01,3.096113E+03,4.390629E+03,5.687426E-02,1.574832E+03,2.426546E-01,2.626583E+03,4.420803E+03,1.250675E-01,5.197430E+03,5.687426E-02,0.000000E+00,0.000000E+00,3.373854E-02,8.257228E+02,1.683058E-01,1.938611E+03,2.710967E+03,3.373854E-02,9.342107E+02,1.534478E-01,1.664217E+03,2.734723E+03,7.494598E-02,3.105087E+03,3.373854E-02,0.000000E+00,0.000000E+00
07:00:00,7.502560E-02,1.827833E+03,3.491876E-01,4.039342E+03,5.665687E+03,7.502560E-02,2.069082E+03,3.398049E-01,3.693335E+03,5.973636E+03,7.502560E-02,4.244464E+03,7.502560E-02,0.000000E+00,0.000000E+00,5.687426E-02,1.385616E+03,2.560666E-01,2.965578E+03,4.247599E+03,5.687426E-02,1.568498E+03,2.312804E-01,2.505937E+03,4.302121E+03,1.247705E-01,5.188799E+03,5.687426E-02,0.000000E+00,0.000000E+00,3.373854E-02,8.219653E+02,1.976378E-01,2.269826E+03,3.066563E+03,3.373854E-02,9.304532E+02,1.820375E-01,1.987137E+03,3.098581E+03,7.472043E-02,3.098539E+03,3.373854E-02,0.000000E+00,0.000000E+00,5.687426E-02,1.385616E+03,2.740521E-01,3.166370E+03,4.465694E+03,5.687426E-02,1.568498E+03,2.480909E-01,2.693608E+03,4.511396E+03,1.250681E-01,5.197448E+03,5.687426E-02,0.000000E+00,0.000000E+00,3.373854E-02,8.219653E+02,1.692588E-01,1.953007E+03,2.726275E+03,3.373854E-02,9.304532E+02,1.543670E-01,1.678236E+03,2.760391E+03,7.494631E-02,3.105097E+03,3.373854E-02,0.000000E+00,0.000000E+00
07:10:00,7.502560E-02,1.807541E+03,3.498111E-01,4.066605E+03,5.693794E+03,7.502560E-02,2.048789E+03,3.404237E-01,3.720546E+03,6.059690E+03,7.502560E-02,4.244464E+03,7.502560E-02,0.000000E+00,0.000000E+00,5.687426E-02,1.370233E+03,2.587220E-01,3.010614E+03,4.294571E+03,5.687426E-02,1.553115E+03,2.337992E-01,2.549449E+03,4.392092E+03,1.247711E-01,5.188817E+03,5.687426E-02,0.000000E+00,0.000000E+00,3.373854E-02,8.128399E+02,2.098699E-01,2.415518E+03,3.213835E+03,3.373854E-02,9.213277E+02,1.939896E-01,2.129702E+03,3.269497E+03,7.472075E-02,3.098548E+03,3.373854E-02,0.000000E+00,0.000000E+00,5.687426E-02,1.370233E+03,2.795272E-01,3.242888E+03,4.544464E+03,5.687426E-02,1.553115E+03,2.533273E-01,2.767459E+03,4.632252E+03,1.250687E-01,5.197466E+03,5.687426E-02,0.000000E+00,0.000000E+00,3.373854E-02,8.128399E+02,1.703961E-01,1.974835E+03,2.748927E+03,3.373854E-02,9.213277E+02,1.554552E-01,1.699516E+03,2.808837E+03,7.494663E-02,3.105106E+03,3.373854E-02,0.000000E+00,0.000000E+00
07:20:00,7.502560E-02,1.787248E+03,3.505777E-01,4.095479E+03,5.723770E+03,7.502560E-02,2.028497E+03,3.411858E-01,3.749368E+03,6.124152E+03,7.502560E-02,4.244464E+03,7.502560E-02,0.000000E+00,0.000000E+00,5.687426E-02,1.354850E+03,2.617088E-01,3.059362E+03,4.346405E+03,5.687426E-02,1.537732E+03,2.366437E-01,2.596607E+03,4.469354E+03,1.247717E-01,5.188834E+03,5.687426E-02,0.000000E+00,0.000000E+00,3.373854E-02,8.037144E+02,2.222577E-01,2.562963E+03,3.366400E+03,3.373854E-02,9.122023E+02,2.061654E-01,2.274777E+03,3.436377E+03,7.472107E-02,3.098557E+03,3.373854E-02,0.000000E+00,0.000000E+00,5.687426E-02,1.354850E+03,2.843054E-01,3.311637E+03,4.616682E+03,5.687426E-02,1.537732E+03,2.579295E-01,2.834243E+03,4.729655E+03,1.250693E-01,5.197483E+03,5.687426E-02,0.000000E+00,0.000000E+00,3.373854E-02,8.037144E+02,1.716786E-01,1.998291E+03,2.773689E+03,3.373854E-02,9.122023E+02,1.566895E-01,1.722433E+03,2.849024E+03,7.494695E-02,3.105115E+03,3.373854E-02,0.000000E+00,0.000000E+00
07:30:00,7.502560E-02,1.766956E+03,3.514292E-01,4.125300E+03,5.754626E+03,7.502560E-02,2.008204E+03,3.420333E-01,3.779145E+03,6.155035E+03,7.502560E-02,4.244464E+03,7.502560E-02,0.000000E+00,0.000000E+00,5.687426E-02,1.339467E+03,2.649982E-01,3.111489E+03,4.401370E+03,5.687426E-02,1.522349E+03,2.397848E-01,2.647078E+03,4.523514E+03,1.247723E-01,5.188851E+03,5.687426E-02,0.000000E+00,0.000000E+00,3.373854E-02,7.945890E+02,2.347893E-01,2.712020E+03,3.518504E+03,3.373854E-02,9.030769E+02,2.184956E-01,2.421583E+03,3.586752E+03,7.472139E-02,3.098567E+03,3.373854E-02,0.000000E+00,0.000000E+00,5.687426E-02,1.339467E+03,2.884546E-01,3.373368E+03,4.680600E+03,5.687426E-02,1.522349E+03,2.619547E-01,2.894589E+03,4.792893E+03,1.250699E-01,5.197500E+03,5.687426E-02,0.000000E+00,0.000000E+00,3.373854E-02,7.945890E+02,1.730915E-01,2.023202E+03,2.799842E+03,3.373854E-02,9.030769E+02,1.580518E-01,1.746780E+03,2.875037E+03,7.494727E-02,3.105124E+03,3.373854E-02,0.000000E+00,0.000000E+00
07:40:00,7.502560E-02,1.746663E+03,3.523031E-01,4.155372E+03,5.785716E+03,7.502560E-02,1.987912E+03,3.429043E-01,3.809183E+03,6.186162E+03,7.502560E-02,4.244464E+03,7.502560E-02,0.000000E+00,0.000000E+00,5.687426E-02,1.324084E+03,2.685495E-01,3.166541E+03,4.459452E+03,5.687426E-02,1.506966E+03,2.431867E-01,2.700461E+03,4.580405E+03,1.247728E-01,5.188869E+03,5.687426E-02,0.000000E+00,0.000000E+00,3.373854E-02,7.854636E+02,2.472105E-01,2.859848E+03,3.669669E+03,3.373854E-02,8.939515E+02,2.307300E-01,2.567326E+03,3.735728E+03,7.472171E-02,3.098576E+03,3.373854E-02,0.000000E+00,0.000000E+00,5.687426E-02,1.324084E+03,2.919698E-01,3.428021E+03,4.737322E+03,5.687426E-02,1.506966E+03,2.653775E-01,2.948209E+03,4.848677E+03,1.250705E-01,5.197517E+03,5.687426E-02,0.000000E+00,0.000000E+00,3.373854E-02,7.854636E+02,1.746204E-01,2.049410E+03,2.827403E+03,3.373854E-02,8.939515E+02,1.595255E-01,1.772371E+03,2.902110E+03,7.494758E-02,3.105134E+03,3.373854E-02,0.000000E+00,0.000000E+00
07:50:00,7.502560E-02,1.726371E+03,3.531428E-01,4.185063E+03,5.816370E+03,7.502560E-02,1.967619E+03,3.437419E-01,3.838850E+03,6.216859E+03,7.502560E-02,4.244464E+03,7.502560E-02,0.000000E+00,0.000000E+00,5.687426E-02,1.308701E+03,2.723290E-01,3.224141E+03,4.520232E+03,5.687426E-02,1.491583E+03,2.468134E-01,2.756353E+03,4.639539E+03,1.247734E-01,5.188886E+03,5.687426E-02,0.000000E+00,0.000000E+00,3.373854E-02,7.763382E+02,2.593212E-01,3.004215E+03,3.817575E+03,3.373854E-02,8.848261E+02,2.426685E-01,2.709769E+03,3.881073E+03,7.472202E-02,3.098585E+03,3.373854E-02,0.000000E+00,0.000000E+00,5.687426E-02,1.308701E+03,2.948495E-01,3.475581E+03,4.786788E+03,5.687426E-02,1.491583E+03,2.681929E-01,2.995050E+03,4.896928E+03,1.250711E-01,5.197534E+03,5.687426E-02,0.000000E+00,0.000000E+00,3.373854E-02,7.763382E+02,1.762589E-01,2.076842E+03,2.856285E+03,3.373854E-02,8.848261E+02,1.611025E-01,1.799116E+03,2.930128E+03,7.494790E-02,3.105143E+03,3.373854E-02,0.000000E+00,0.000000E+00
08:00:00,7.502560E-02,1.706078E+03,3.539036E-01,4.213872E+03,5.846064E+03,7.502560E-02,1.947327E+03,3.445017E-01,3.867648E+03,6.246602E+03,7.502560E-02,4.244464E+03,7.502560E-02,0.000000E+00,0.000000E+00,5.687426E-02,1.293318E+03,2.762364E-01,3.283171E+03,4.582420E+03,5.687426E-02,1.476200E+03,2.505618E-01,2.813607E+03,4.699749E+03,1.247740E-01,5.188902E+03,5.687426E-02,0.000000E+00,0.000000E+00,3.373854E-02,7.672128E+02,2.705238E-01,3.138445E+03,3.954918E+03,3.373854E-02,8.757007E+02,2.537200E-01,2.842312E+03,4.015809E+03,7.472233E-02,3.098594E+03,3.373854E-02,0.000000E+00,0.000000E+00,5.687426E-02,1.293318E+03,2.968652E-01,3.513494E+03,4.825898E+03,5.687426E-02,1.476200E+03,2.701798E-01,3.032642E+03,4.934840E+03,1.250717E-01,5.197551E+03,5.687426E-02,0.000000E+00,0.000000E+00,3.373854E-02,7.672128E+02,1.779664E-01,2.105044E+03,2.885956E+03,3.373854E-02,8.757007E+02,1.627414E-01,1.826552E+03,2.958694E+03,7.494821E-02,3.105152E+03,3.373854E-02,0.000000E+00,0.000000E+00
08:10:00,7.502560E-02,1.683398E+03,3.545853E-01,4.244176E+03,5.877262E+03,7.502560E-02,1.924647E+03,3.451829E-01,3.897945E+03,6.277853E+03,7.502560E-02,4.244464E+03,7.502560E-02,0.000000E+00,0.000000E+00,5.687426E-02,1.276125E+03,2.802689E-01,3.345397E+03,4.647854E+03,5.687426E-02,1.459007E+03,2.544322E-01,2.874024E+03,4.763301E+03,1.247746E-01,5.188919E+03,5.687426E-02,0.000000E+00,0.000000E+00,3.373854E-02,7.570138E+02,2.811245E-01,3.267022E+03,4.086639E+03,3.373854E-02,8.655017E+02,2.641870E-01,2.969396E+03,4.145406E+03,7.472264E-02,3.098603E+03,3.373854E-02,0.000000E+00,0.000000E+00,5.687426E-02,1.276125E+03,2.986405E-01,3.550522E+03,4.864314E+03,5.687426E-02,1.459007E+03,2.719341E-01,3.069436E+03,4.972356E+03,1.250723E-01,5.197568E+03,5.687426E-02,0.000000E+00,0.000000E+00,3.373854E-02,7.570138E+02,1.797547E-01,2.135216E+03,2.917663E+03,3.373854E-02,8.655017E+02,1.644570E-01,1.855913E+03,2.989378E+03,7.494851E-02,3.105161E+03,3.373854E-02,0.000000E+00,0.000000E+00
08:20:00,7.502560E-02,1.660719E+03,3.551761E-01,4.273459E+03,5.907377E+03,7.502560E-02,1.901967E+03,3.457734E-01,3.927225E+03,6.308020E+03,7.502560E-02,4.244464E+03,7.502560E-02,0.000000E+00,0.000000E+00,5.687426E-02,1.258932E+03,2.843787E-01,3.408484E+03,4.714114E+03,5.687426E-02,1.441814E+03,2.583769E-01,2.935266E+03,4.827894E+03,1.247752E-01,5.188936E+03,5.687426E-02,0.000000E+00,0.000000E+00,3.373854E-02,7.468148E+02,2.911374E-01,3.389028E+03,4.211557E+03,3.373854E-02,8.553027E+02,2.740792E-01,3.090055E+03,4.268731E+03,7.472294E-02,3.098612E+03,3.373854E-02,0.000000E+00,0.000000E+00,5.687426E-02,1.258932E+03,3.004579E-01,3.588015E+03,4.903229E+03,5.687426E-02,1.441814E+03,2.737219E-01,3.106597E+03,5.010654E+03,1.250728E-01,5.197585E+03,5.687426E-02,0.000000E+00,0.000000E+00,3.373854E-02,7.468148E+02,1.816127E-01,2.166164E+03,2.950165E+03,3.373854E-02,8.553027E+02,1.662371E-01,1.885991E+03,3.021003E+03,7.494882E-02,3.105169E+03,3.373854E-02,0.000000E+00,0.000000E+00
08:30:00,7.502560E-02,1.638039E+03,3.557179E-01,4.302199E+03,5.936927E+03,7.502560E-02,1.879287E+03,3.463155E-01,3.955969E+03,6.337630E+03,7.502560E-02,4.244464E+03,7.502560E-02,0.000000E+00,0.000000E+00,5.687426E-02,1.241739E+03,2.885470E-01,3.472226E+03,4.781116E+03,5.687426E-02,1.424621E+03,2.623843E-01,2.997211E+03,4.893510E+03,1.247757E-01,5.188952E+03,5.687426E-02,0.000000E+00,0.000000E+00,3.373854E-02,7.366158E+02,3.005616E-01,3.504464E+03,4.330074E+03,3.373854E-02,8.451037E+02,2.833968E-01,3.204302E+03,4.386144E+03,7.472325E-02,3.098620E+03,3.373854E-02,0.000000E+00,0.000000E+00,5.687426E-02,1.241739E+03,3.025356E-01,3.628417E+03,4.945155E+03,5.687426E-02,1.424621E+03,2.757573E-01,3.146526E+03,5.052184E+03,1.250734E-01,5.197601E+03,5.687426E-02,0.000000E+00,0.000000E+00,3.373854E-02,7.366158E+02,1.835433E-01,2.197925E+03,2.983543E+03,3.373854E-02,8.451037E+02,1.680889E-01,1.916871E+03,3.053675E+03,7.494912E-02,3.105178E+03,3.373854E-02,0.000000E+00,0.000000E+00
08:40:00,7.502560E-02,1.615359E+03,3.562514E-01,4.330846E+03,5.966286E+03,7.502560E-02,1.856607E+03,3.468496E-01,3.984622E+03,6.367050E+03,7.502560E-02,4.244464E+03,7.502560E-02,0.000000E+00,0.000000E+00,5.687426E-02,1.224547E+03,2.928761E-01,3.537765E+03,4.849547E+03,5.687426E-02,1.407429E+03,2.665515E-01,3.060943E+03,4.960582E+03,1.247763E-01,5.188968E+03,5.687426E-02,0.000000E+00,0.000000E+00,3.373854E-02,7.264168E+02,3.096624E-01,3.616290E+03,4.444427E+03,3.373854E-02,8.349047E+02,2.924025E-01,3.315066E+03,4.499539E+03,7.472355E-02,3.098629E+03,3.373854E-02,0.000000E+00,0.000000E+00,5.687426E-02,1.224547E+03,3.051121E-01,3.674386E+03,4.992822E+03,5.687426E-02,1.407429E+03,2.782700E-01,3.191785E+03,5.099396E+03,1.250740E-01,5.197617E+03,5.687426E-02,0.000000E+00,0.000000E+00,3.373854E-02,7.264168E+02,1.856120E-01,2.231228E+03,3.018376E+03,3.373854E-02,8.349047E+02,1.700764E-01,1.949268E+03,3.087840E+03,7.494942E-02,3.105187E+03,3.373854E-02,0.000000E+00,0.000000E+00
08:50:00,7.502560E-02,1.592679E+03,3.568213E-01,4.359900E+03,5.996074E+03,7.502560E-02,1.833927E+03,3.474201E-01,4.013682E+03,6.396898E+03,7.502560E-02,4.244464E+03,7.502560E-02,0.000000E+00,0.000000E+00,5.687426E-02,1.207354E+03,2.972399E-01,3.603691E+03,4.918279E+03,5.687426E-02,1.390236E+03,2.707614E-01,3.125149E+03,5.028117E+03,1.247768E-01,5.188985E+03,5.687426E-02,0.000000E+00,0.000000E+00,3.373854E-02,7.162178E+02,3.182617E-01,3.722517E+03,4.553173E+03,3.373854E-02,8.247057E+02,3.009184E-01,3.420362E+03,4.607556E+03,7.472385E-02,3.098638E+03,3.373854E-02,0.000000E+00,0.000000E+00,5.687426E-02,1.207354E+03,3.081619E-01,3.725642E+03,5.046126E+03,5.687426E-02,1.390236E+03,2.812363E-01,3.242108E+03,5.152207E+03,1.250745E-01,5.197634E+03,5.687426E-02,0.000000E+00,0.000000E+00,3.373854E-02,7.162178E+02,1.877621E-01,2.265440E+03,3.054111E+03,3.373854E-02,8.247057E+02,1.721475E-01,1.982597E+03,3.122998E+03,7.494972E-02,3.105196E+03,3.373854E-02,0.000000E+00,0.000000E+00
09:00:00,7.502560E-02,1.569999E+03,3.574649E-01,4.389777E+03,6.026743E+03,7.502560E-02,1.811248E+03,3.480640E-01,4.043562E+03,6.427627E+03,7.502560E-02,4.244464E+03,7.502560E-02,0.000000E+00,0.000000E+00,5.687426E-02,1.190161E+03,3.016017E-01,3.669596E+03,4.987003E+03,5.687426E-02,1.373043E+03,2.749773E-01,3.189424E+03,5.095781E+03,1.247774E-01,5.189001E+03,5.687426E-02,0.000000E+00,0.000000E+00,3.373854E-02,7.060188E+02,3.262916E-01,3.822386E+03,4.655729E+03,3.373854E-02,8.145067E+02,3.088766E-01,3.519431E+03,4.709596E+03,7.472414E-02,3.098646E+03,3.373854E-02,0.000000E+00,0.000000E+00,5.687426E-02,1.190161E+03,3.116873E-01,3.782208E+03,5.105315E+03,5.687426E-02,1.373043E+03,2.846570E-01,3.297505E+03,5.210810E+03,1.250751E-01,5.197650E+03,5.687426E-02,0.000000E+00,0.000000E+00,3.373854E-02,7.060188E+02,1.899789E-01,2.300396E+03,3.090637E+03,3.373854E-02,8.145067E+02,1.742872E-01,2.016693E+03,3.159016E+03,7.495001E-02,3.105204E+03,3.373854E-02,0.000000E+00,0.000000E+00
09:10:00,7.502560E-02,1.549707E+03,3.581970E-01,4.418255E+03,6.056034E+03,7.502560E-02,1.790955E+03,3.487964E-01,4.072043E+03,6.456977E+03,7.502560E-02,4.244464E+03,7.502560E-02,0.000000E+00,0.000000E+00,5.687426E-02,1.174778E+03,3.059170E-01,3.733171E+03,5.053382E+03,5.687426E-02,1.357660E+03,2.791578E-01,3.251495E+03,5.161251E+03,1.247779E-01,5.189016E+03,5.687426E-02,0.000000E+00,0.000000E+00,3.373854E-02,6.968934E+02,3.336638E-01,3.913839E+03,4.749981E+03,3.373854E-02,8.053813E+02,3.161892E-01,3.610218E+03,4.803527E+03,7.472444E-02,3.098655E+03,3.373854E-02,0.000000E+00,0.000000E+00,5.687426E-02,1.174778E+03,3.153967E-01,3.839018E+03,5.164916E+03,5.687426E-02,1.357660E+03,2.882551E-01,3.353071E+03,5.269810E+03,1.250756E-01,5.197666E+03,5.687426E-02,0.000000E+00,0.000000E+00,3.373854E-02,6.968934E+02,1.922404E-01,2.334779E+03,3.126617E+03,3.373854E-02,8.053813E+02,1.764753E-01,2.050256E+03,3.194558E+03,7.495031E-02,3.105213E+03,3.373854E-02,0.000000E+00,0.000000E+00
09:20:00,7.502560E-02,1.529414E+03,3.590189E-01,4.447728E+03,6.086403E+03,7.502560E-02,1.770663E+03,3.496186E-01,4.101519E+03,6.487408E+03,7.502560E-02,4.244464E+03,7.502560E-02,0.000000E+00,0.000000E+00,5.687426E-02,1.159395E+03,3.101791E-01,3.796146E+03,5.119182E+03,5.687426E-02,1.342277E+03,2.832956E-01,3.313082E+03,5.226274E+03,1.247785E-01,5.189032E+03,5.687426E-02,0.000000E+00,0.000000E+00,3.373854E-02,6.877680E+02,3.403386E-01,3.997498E+03,4.836443E+03,3.373854E-02,7.962559E+02,3.228163E-01,3.693345E+03,4.889831E+03,7.472473E-02,3.098663E+03,3.373854E-02,0.000000E+00,0.000000E+00,5.687426E-02,1.159395E+03,3.191871E-01,3.896726E+03,5.225501E+03,5.687426E-02,1.342277E+03,2.919364E-01,3.409561E+03,5.329848E+03,1.250762E-01,5.197682E+03,5.687426E-02,0.000000E+00,0.000000E+00,3.373854E-02,6.877680E+02,1.945403E-01,2.369586E+03,3.163064E+03,3.373854E-02,7.962559E+02,1.787065E-01,2.084296E+03,3.230640E+03,7.495060E-02,3.105221E+03,3.373854E-02,0.000000E+00,0.000000E+00
09:30:00,7.502560E-02,1.509122E+03,3.599039E-01,4.477902E+03,6.117517E+03,7.502560E-02,1.750370E+03,3.505034E-01,4.131691E+03,6.518580E+03,7.502560E-02,4.244464E+03,7.502560E-02,0.000000E+00,0.000000E+00,5.687426E-02,1.144012E+03,3.143721E-01,3.858346E+03,5.184193E+03,5.687426E-02,1.326894E+03,2.873696E-01,3.373953E+03,5.290569E+03,1.247790E-01,5.189048E+03,5.687426E-02,0.000000E+00,0.000000E+00,3.373854E-02,6.786426E+02,3.462898E-01,4.073073E+03,4.914730E+03,3.373854E-02,7.871305E+02,3.287301E-01,3.768502E+03,4.968092E+03,7.472502E-02,3.098672E+03,3.373854E-02,0.000000E+00,0.000000E+00,5.687426E-02,1.144012E+03,3.229727E-01,3.954378E+03,5.285994E+03,5.687426E-02,1.326894E+03,2.956154E-01,3.466021E+03,5.389826E+03,1.250767E-01,5.197697E+03,5.687426E-02,0.000000E+00,0.000000E+00,3.373854E-02,6.786426E+02,1.968633E-01,2.404649E+03,3.199783E+03,3.373854E-02,7.871305E+02,1.809627E-01,2.118613E+03,3.267025E+03,7.495088E-02,3.105229E+03,3.373854E-02,0.000000E+00,0.000000E+00
09:40:00,7.502560E-02,1.488829E+03,3.608375E-01,4.508619E+03,6.149204E+03,7.502560E-02,1.730078E+03,3.514364E-01,4.162401E+03,6.550322E+03,7.502560E-02,4.244464E+03,7.502560E-02,0.000000E+00,0.000000E+00,5.687426E-02,1.128629E+03,3.183684E-01,3.918351E+03,5.246765E+03,5.687426E-02,1.311511E+03,2.912592E-01,3.432766E+03,5.352542E+03,1.247796E-01,5.189064E+03,5.687426E-02,0.000000E+00,0.000000E+00,3.373854E-02,6.695172E+02,3.510450E-01,4.135293E+03,4.979188E+03,3.373854E-02,7.780051E+02,3.334612E-01,3.830453E+03,5.032639E+03,7.472530E-02,3.098680E+03,3.373854E-02,0.000000E+00,0.000000E+00,5.687426E-02,1.128629E+03,3.266090E-01,4.010361E+03,5.344564E+03,5.687426E-02,1.311511E+03,2.991531E-01,3.520905E+03,5.447943E+03,1.250773E-01,5.197713E+03,5.687426E-02,0.000000E+00,0.000000E+00,3.373854E-02,6.695172E+02,1.991327E-01,2.439113E+03,3.235798E+03,3.373854E-02,7.780051E+02,1.831703E-01,2.152386E+03,3.302751E+03,7.495117E-02,3.105238E+03,3.373854E-02,0.000000E+00,0.000000E+00
09:50:00,7.502560E-02,1.468537E+03,3.618023E-01,4.539683E+03,6.181251E+03,7.502560E-02,1.709785E+03,3.524004E-01,4.193457E+03,6.582420E+03,7.502560E-02,4.244464E+03,7.502560E-02,0.000000E+00,0.000000E+00,5.687426E-02,1.113246E+03,3.222711E-01,3.977309E+03,5.308217E+03,5.687426E-02,1.296128E+03,2.950603E-01,3.490589E+03,5.413443E+03,1.247801E-01,5.189079E+03,5.687426E-02,0.000000E+00,0.000000E+00,3.373854E-02,6.603918E+02,3.546139E-01,4.184269E+03,5.030263E+03,3.373854E-02,7.688797E+02,3.370192E-01,3.879306E+03,5.083950E+03,7.472559E-02,3.098688E+03,3.373854E-02,0.000000E+00,0.000000E+00,5.687426E-02,1.113246E+03,3.301713E-01,4.065519E+03,5.402202E+03,5.687426E-02,1.296128E+03,3.026217E-01,3.575016E+03,5.505167E+03,1.250778E-01,5.197728E+03,5.687426E-02,0.000000E+00,0.000000E+00,3.373854E-02,6.603918E+02,2.013911E-01,2.473455E+03,3.271664E+03,3.373854E-02,7.688797E+02,1.853683E-01,2.186054E+03,3.338340E+03,7.495145E-02,3.105246E+03,3.373854E-02,0.000000E+00,0.000000E+00
10:00:00,7.502560E-02,1.448244E+03,3.627842E-01,4.570939E+03,6.213489E+03,7.502560E-02,1.689493E+03,3.533815E-01,4.224704E+03,6.614708E+03,7.502560E-02,4.244464E+03,7.502560E-02,0.000000E+00,0.000000E+00,5.687426E-02,1.097863E+03,3.260982E-01,4.035423E+03,5.368772E+03,5.687426E-02,1.280745E+03,2.987915E-01,3.547633E+03,5.473512E+03,1.247806E-01,5.189094E+03,5.687426E-02,0.000000E+00,0.000000E+00,3.373854E-02,6.512664E+02,3.569727E-01,4.219732E+03,5.067777E+03,3.373854E-02,7.597542E+02,3.393794E-01,3.914785E+03,5.121853E+03,7.472587E-02,3.098697E+03,3.373854E-02,0.000000E+00,0.000000E+00,5.687426E-02,1.097863E+03,3.336722E-01,4.119991E+03,5.459082E+03,5.687426E-02,1.280745E+03,3.060328E-01,3.628485E+03,5.561668E+03,1.250783E-01,5.197744E+03,5.687426E-02,0.000000E+00,0.000000E+00,3.373854E-02,6.512664E+02,2.036385E-01,2.507673E+03,3.307384E+03,3.373854E-02,7.597542E+02,1.875576E-01,2.219623E+03,3.373808E+03,7.495174E-02,3.105254E+03,3.373854E-02,0.000000E+00,0.000000E+00
10:10:00,7.502560E-02,1.430339E+03,3.637728E-01,4.599883E+03,6.243351E+03,7.502560E-02,1.671587E+03,3.543693E-01,4.253639E+03,6.644615E+03,7.502560E-02,4.244464E+03,7.502560E-02,0.000000E+00,0.000000E+00,5.687426E-02,1.084290E+03,3.298566E-01,4.090962E+03,5.426665E+03,5.687426E-02,1.267171E+03,3.024589E-01,3.602154E+03,5.530962E+03,1.247811E-01,5.189109E+03,5.687426E-02,0.000000E+00,0.000000E+00,3.373854E-02,6.432145E+02,3.580880E-01,4.240237E+03,5.090080E+03,3.373854E-02,7.517024E+02,3.405084E-01,3.935444E+03,5.144678E+03,7.472615E-02,3.098705E+03,3.373854E-02,0.000000E+00,0.000000E+00,5.687426E-02,1.084290E+03,3.371065E-01,4.171910E+03,5.513305E+03,5.687426E-02,1.267171E+03,3.093811E-01,3.679443E+03,5.615537E+03,1.250788E-01,5.197759E+03,5.687426E-02,0.000000E+00,0.000000E+00,3.373854E-02,6.432145E+02,2.058677E-01,2.540615E+03,3.341781E+03,3.373854E-02,7.517024E+02,1.897312E-01,2.251944E+03,3.407972E+03,7.495202E-02,3.105262E+03,3.373854E-02,0.000000E+00,0.000000E+00
10:20:00,7.502560E-02,1.412434E+03,3.647677E-01,4.628892E+03,6.273606E+03,7.502560E-02,1.653682E+03,3.553636E-01,4.282640E+03,6.674920E+03,7.502560E-02,4.244464E+03,7.502560E-02,0.000000E+00,0.000000E+00,5.687426E-02,1.070716E+03,3.335611E-01,4.145892E+03,5.485067E+03,5.687426E-02,1.253598E+03,3.060786E-01,3.656137E+03,5.589080E+03,1.247817E-01,5.189125E+03,5.687426E-02,0.000000E+00,0.000000E+00,3.373854E-02,6.351627E+02,3.579353E-01,4.246581E+03,5.097346E+03,3.373854E-02,7.436506E+02,3.403822E-01,3.942081E+03,5.152475E+03,7.472643E-02,3.098713E+03,3.373854E-02,0.000000E+00,0.000000E+00,5.687426E-02,1.070716E+03,3.404784E-01,4.223126E+03,5.567768E+03,5.687426E-02,1.253598E+03,3.126715E-01,3.729749E+03,5.669744E+03,1.250794E-01,5.197774E+03,5.687426E-02,0.000000E+00,0.000000E+00,3.373854E-02,6.351627E+02,2.080770E-01,2.573331E+03,3.376573E+03,3.373854E-02,7.436506E+02,1.918877E-01,2.284070E+03,3.442595E+03,7.495229E-02,3.105270E+03,3.373854E-02,0.000000E+00,0.000000E+00
10:30:00,7.502560E-02,1.394529E+03,3.657532E-01,4.657789E+03,6.303471E+03,7.502560E-02,1.635777E+03,3.563485E-01,4.311533E+03,6.704837E+03,7.502560E-02,4.244464E+03,7.502560E-02,0.000000E+00,0.000000E+00,5.687426E-02,1.057143E+03,3.372055E-01,4.200144E+03,5.541799E+03,5.687426E-02,1.240025E+03,3.096438E-01,3.709505E+03,5.645520E+03,1.247822E-01,5.189139E+03,5.687426E-02,0.000000E+00,0.000000E+00,3.373854E-02,6.271109E+02,3.564862E-01,4.238441E+03,5.089855E+03,3.373854E-02,7.355987E+02,3.389717E-01,3.934373E+03,5.145669E+03,7.472670E-02,3.098721E+03,3.373854E-02,0.000000E+00,0.000000E+00,5.687426E-02,1.057143E+03,3.437768E-01,4.273515E+03,5.620520E+03,5.687426E-02,1.240025E+03,3.158920E-01,3.779268E+03,5.722225E+03,1.250799E-01,5.197789E+03,5.687426E-02,0.000000E+00,0.000000E+00,3.373854E-02,6.271109E+02,2.102554E-01,2.605699E+03,3.410451E+03,3.373854E-02,7.355987E+02,1.940158E-01,2.315876E+03,3.476297E+03,7.495257E-02,3.105278E+03,3.373854E-02,0.000000E+00,0.000000E+00
10:40:00,7.502560E-02,1.376624E+03,3.667221E-01,4.686502E+03,6.332997E+03,7.502560E-02,1.617872E+03,3.573172E-01,4.340243E+03,6.734410E+03,7.502560E-02,4.244464E+03,7.502560E-02,0.000000E+00,0.000000E+00,5.687426E-02,1.043570E+03,3.407864E-01,4.253688E+03,5.597325E+03,5.687426E-02,1.226452E+03,3.131506E-01,3.762221E+03,5.700753E+03,1.247827E-01,5.189154E+03,5.687426E-02,0.000000E+00,0.000000E+00,3.373854E-02,6.190590E+02,3.539311E-01,4.217953E+03,5.069792E+03,3.373854E-02,7.275469E+02,3.364657E-01,3.914433E+03,5.126419E+03,7.472697E-02,3.098729E+03,3.373854E-02,0.000000E+00,0.000000E+00,5.687426E-02,1.043570E+03,3.469976E-01,4.323037E+03,5.671958E+03,5.687426E-02,1.226452E+03,3.190386E-01,3.827961E+03,5.773382E+03,1.250804E-01,5.197804E+03,5.687426E-02,0.000000E+00,0.000000E+00,3.373854E-02,6.190590E+02,2.123965E-01,2.637649E+03,3.443628E+03,3.373854E-02,7.275469E+02,1.961090E-01,2.347291E+03,3.509291E+03,7.495284E-02,3.105286E+03,3.373854E-02,0.000000E+00,0.000000E+00
10:50:00,7.502560E-02,1.358718E+03,3.676716E-01,4.714998E+03,6.362309E+03,7.502560E-02,1.599967E+03,3.582665E-01,4.368737E+03,6.763769E+03,7.502560E-02,4.244464E+03,7.502560E-02,0.000000E+00,0.000000E+00,5.687426E-02,1.029997E+03,3.443003E-01,4.306483E+03,5.652151E+03,5.687426E-02,1.212878E+03,3.165955E-01,3.814245E+03,5.755332E+03,1.247832E-01,5.189169E+03,5.687426E-02,0.000000E+00,0.000000E+00,3.373854E-02,6.110072E+02,3.504499E-01,4.187124E+03,5.039047E+03,3.373854E-02,7.194951E+02,3.330429E-01,3.884256E+03,5.096559E+03,7.472725E-02,3.098736E+03,3.373854E-02,0.000000E+00,0.000000E+00,5.687426E-02,1.029997E+03,3.501408E-01,4.371694E+03,5.722560E+03,5.687426E-02,1.212878E+03,3.221113E-01,3.875829E+03,5.823728E+03,1.250809E-01,5.197819E+03,5.687426E-02,0.000000E+00,0.000000E+00,3.373854E-02,6.110072E+02,2.144955E-01,2.669129E+03,3.476358E+03,3.373854E-02,7.194951E+02,1.981625E-01,2.378263E+03,3.541857E+03,7.495311E-02,3.105294E+03,3.373854E-02,0.000000E+00,0.000000E+00
11:00:00,7.502560E-02,1.340813E+03,3.685990E-01,4.743247E+03,6.391371E+03,7.502560E-02,1.582062E+03,3.591942E-01,4.396989E+03,6.792881E+03,7.502560E-02,4.244464E+03,7.502560E-02,0.000000E+00,0.000000E+00,5.687426E-02,1.016423E+03,3.477415E-01,4.358467E+03,5.706175E+03,5.687426E-02,1.199305E+03,3.199717E-01,3.865502E+03,5.809146E+03,1.247837E-01,5.189184E+03,5.687426E-02,0.000000E+00,0.000000E+00,3.373854E-02,6.029553E+02,3.461221E-01,4.146843E+03,4.998545E+03,3.373854E-02,7.114432E+02,3.287823E-01,3.844725E+03,5.057016E+03,7.472751E-02,3.098744E+03,3.373854E-02,0.000000E+00,0.000000E+00,5.687426E-02,1.016423E+03,3.532067E-01,4.419486E+03,5.772294E+03,5.687426E-02,1.199305E+03,3.251102E-01,3.922873E+03,5.873237E+03,1.250814E-01,5.197833E+03,5.687426E-02,0.000000E+00,0.000000E+00,3.373854E-02,6.029553E+02,2.165476E-01,2.700086E+03,3.508567E+03,3.373854E-02,7.114432E+02,2.001716E-01,2.408739E+03,3.573921E+03,7.495338E-02,3.105302E+03,3.373854E-02,0.000000E+00,0.000000E+00
11:10:00,7.502560E-02,1.328876E+03,3.695029E-01,4.765265E+03,6.414054E+03,7.502560E-02,1.570125E+03,3.600984E-01,4.419011E+03,6.815602E+03,7.502560E-02,4.244464E+03,7.502560E-02,0.000000E+00,0.000000E+00,5.687426E-02,1.007374E+03,3.510998E-01,4.404999E+03,5.754620E+03,5.687426E-02,1.190256E+03,3.232682E-01,3.911344E+03,5.857397E+03,1.247842E-01,5.189198E+03,5.687426E-02,0.000000E+00,0.000000E+00,3.373854E-02,5.975875E+02,3.410117E-01,4.095140E+03,4.946265E+03,3.373854E-02,7.060753E+02,3.237487E-01,3.793879E+03,5.005765E+03,7.472778E-02,3.098752E+03,3.373854E-02,0.000000E+00,0.000000E+00,5.687426E-02,1.007374E+03,3.561745E-01,4.461658E+03,5.816251E+03,5.687426E-02,1.190256E+03,3.280157E-01,3.964349E+03,5.916996E+03,1.250819E-01,5.197848E+03,5.687426E-02,0.000000E+00,0.000000E+00,3.373854E-02,5.975875E+02,2.185378E-01,2.727667E+03,3.537308E+03,3.373854E-02,7.060753E+02,2.021221E-01,2.435876E+03,3.602538E+03,7.495364E-02,3.105310E+03,3.373854E-02,0.000000E+00,0.000000E+00
11:20:00,7.502560E-02,1.316940E+03,3.703737E-01,4.786920E+03,6.436349E+03,7.502560E-02,1.558188E+03,3.609698E-01,4.440672E+03,6.837940E+03,7.502560E-02,4.244464E+03,7.502560E-02,0.000000E+00,0.000000E+00,5.687426E-02,9.983256E+02,3.543764E-01,4.450625E+03,5.802117E+03,5.687426E-02,1.181207E+03,3.264852E-01,3.956305E+03,5.904695E+03,1.247847E-01,5.189213E+03,5.687426E-02,0.000000E+00,0.000000E+00,3.373854E-02,5.922196E+02,3.352036E-01,4.035653E+03,4.885901E+03,3.373854E-02,7.007075E+02,3.180271E-01,3.735358E+03,4.946485E+03,7.472805E-02,3.098760E+03,3.373854E-02,0.000000E+00,0.000000E+00,5.687426E-02,9.983256E+02,3.590317E-01,4.502602E+03,5.858914E+03,5.687426E-02,1.181207E+03,3.308147E-01,4.004643E+03,5.959472E+03,1.250824E-01,5.197862E+03,5.687426E-02,0.000000E+00,0.000000E+00,3.373854E-02,5.922196E+02,2.204573E-01,2.754462E+03,3.565219E+03,3.373854E-02,7.007075E+02,2.040044E-01,2.462256E+03,3.630332E+03,7.495391E-02,3.105317E+03,3.373854E-02,0.000000E+00,0.000000E+00
11:30:00,7.502560E-02,1.305003E+03,3.712194E-01,4.808298E+03,6.458359E+03,7.502560E-02,1.546251E+03,3.618161E-01,4.462059E+03,6.859991E+03,7.502560E-02,4.244464E+03,7.502560E-02,0.000000E+00,0.000000E+00,5.687426E-02,9.892767E+02,3.575727E-01,4.495362E+03,5.848657E+03,5.687426E-02,1.172159E+03,3.296238E-01,4.000397E+03,5.951025E+03,1.247852E-01,5.189227E+03,5.687426E-02,0.000000E+00,0.000000E+00,3.373854E-02,5.868517E+02,3.288143E-01,3.969682E+03,4.818777E+03,3.373854E-02,6.953396E+02,3.117351E-01,3.670474E+03,4.880515E+03,7.472831E-02,3.098767E+03,3.373854E-02,0.000000E+00,0.000000E+00,5.687426E-02,9.892767E+02,3.617818E-01,4.542357E+03,5.900332E+03,5.687426E-02,1.172159E+03,3.335115E-01,4.043801E+03,6.000720E+03,1.250829E-01,5.197877E+03,5.687426E-02,0.000000E+00,0.000000E+00,3.373854E-02,5.868517E+02,2.223071E-01,2.780484E+03,3.592316E+03,3.373854E-02,6.953396E+02,2.058202E-01,2.487898E+03,3.657321E+03,7.495417E-02,3.105325E+03,3.373854E-02,0.000000E+00,0.000000E+00
11:40:00,7.502560E-02,1.293066E+03,3.720408E-01,4.829407E+03,6.480091E+03,7.502560E-02,1.534315E+03,3.626385E-01,4.483177E+03,6.881765E+03,7.502560E-02,4.244464E+03,7.502560E-02,0.000000E+00,0.000000E+00,5.687426E-02,9.802279E+02,3.606841E-01,4.539150E+03,5.894182E+03,5.687426E-02,1.163110E+03,3.326796E-01,4.043564E+03,5.996337E+03,1.247857E-01,5.189241E+03,5.687426E-02,0.000000E+00,0.000000E+00,3.373854E-02,5.814838E+02,3.220762E-01,3.899817E+03,4.747579E+03,3.373854E-02,6.899717E+02,3.051050E-01,3.601815E+03,4.810564E+03,7.472857E-02,3.098775E+03,3.373854E-02,0.000000E+00,0.000000E+00,5.687426E-02,9.802279E+02,3.644219E-01,4.580882E+03,5.940460E+03,5.687426E-02,1.163110E+03,3.361029E-01,4.081784E+03,6.040705E+03,1.250834E-01,5.197891E+03,5.687426E-02,0.000000E+00,0.000000E+00,3.373854E-02,5.814838E+02,2.240853E-01,2.805706E+03,3.618572E+03,3.373854E-02,6.899717E+02,2.075675E-01,2.512774E+03,3.683487E+03,7.495443E-02,3.105332E+03,3.373854E-02,0.000000E+00,0.000000E+00
11:50:00,7.502560E-02,1.281129E+03,3.728385E-01,4.850250E+03,6.501547E+03,7.502560E-02,1.522378E+03,3.634372E-01,4.504032E+03,6.903264E+03,7.502560E-02,4.244464E+03,7.502560E-02,0.000000E+00,0.000000E+00,5.687426E-02,9.711790E+02,3.637077E-01,4.581959E+03,5.938669E+03,5.687426E-02,1.154061E+03,3.356497E-01,4.085775E+03,6.040616E+03,1.247862E-01,5.189255E+03,5.687426E-02,0.000000E+00,0.000000E+00,3.373854E-02,5.761159E+02,3.157859E-01,3.834952E+03,4.681569E+03,3.373854E-02,6.846038E+02,2.989186E-01,3.538111E+03,4.745787E+03,7.472883E-02,3.098782E+03,3.373854E-02,0.000000E+00,0.000000E+00,5.687426E-02,9.711790E+02,3.669480E-01,4.618136E+03,5.979243E+03,5.687426E-02,1.154061E+03,3.385851E-01,4.118546E+03,6.079380E+03,1.250839E-01,5.197905E+03,5.687426E-02,0.000000E+00,0.000000E+00,3.373854E-02,5.761159E+02,2.257892E-01,2.830099E+03,3.643951E+03,3.373854E-02,6.846038E+02,2.092434E-01,2.536853E+03,3.708797E+03,7.495469E-02,3.105340E+03,3.373854E-02,0.000000E+00,0.000000E+00
12:00:00,7.502560E-02,1.269193E+03,3.736167E-01,4.870876E+03,6.522780E+03,7.502560E-02,1.510441E+03,3.642166E-01,4.524671E+03,6.924543E+03,7.502560E-02,4.244464E+03,7.502560E-02,0.000000E+00,0.000000E+00,5.687426E-02,9.621302E+02,3.666466E-01,4.623821E+03,5.982165E+03,5.687426E-02,1.145012E+03,3.385377E-01,4.127068E+03,6.083922E+03,1.247866E-01,5.189269E+03,5.687426E-02,0.000000E+00,0.000000E+00,3.373854E-02,5.707480E+02,3.101695E-01,3.777611E+03,4.622554E+03,3.373854E-02,6.792359E+02,2.933959E-01,3.481816E+03,4.687857E+03,7.472908E-02,3.098790E+03,3.373854E-02,0.000000E+00,0.000000E+00,5.687426E-02,9.621302E+02,3.693609E-01,4.654125E+03,6.016687E+03,5.687426E-02,1.145012E+03,3.409585E-01,4.154095E+03,6.116752E+03,1.250844E-01,5.197919E+03,5.687426E-02,0.000000E+00,0.000000E+00,3.373854E-02,5.707480E+02,2.274177E-01,2.853649E+03,3.668441E+03,3.373854E-02,6.792359E+02,2.108467E-01,2.560123E+03,3.733241E+03,7.495494E-02,3.105347E+03,3.373854E-02,0.000000E+00,0.000000E+00
12:10:00,7.502560E-02,1.259643E+03,3.743811E-01,4.888960E+03,6.541412E+03,7.502560E-02,1.500892E+03,3.649821E-01,4.542768E+03,6.943214E+03,7.502560E-02,4.244464E+03,7.502560E-02,0.000000E+00,0.000000E+00,5.687426E-02,9.548911E+02,3.695082E-01,4.663011E+03,6.022915E+03,5.687426E-02,1.137773E+03,3.413508E-01,4.165716E+03,6.124491E+03,1.247871E-01,5.189283E+03,5.687426E-02,0.000000E+00,0.000000E+00,3.373854E-02,5.664537E+02,3.053720E-01,3.728338E+03,4.571239E+03,3.373854E-02,6.749416E+02,2.886785E-01,3.433438E+03,4.637443E+03,7.472934E-02,3.098797E+03,3.373854E-02,0.000000E+00,0.000000E+00,5.687426E-02,9.548911E+02,3.716837E-01,4.687300E+03,6.051227E+03,5.687426E-02,1.137773E+03,3.432451E-01,4.186864E+03,6.151237E+03,1.250848E-01,5.197933E+03,5.687426E-02,0.000000E+00,0.000000E+00,3.373854E-02,5.664537E+02,2.289814E-01,2.875402E+03,3.691077E+03,3.373854E-02,6.749416E+02,2.123873E-01,2.581618E+03,3.755843E+03,7.495520E-02,3.105355E+03,3.373854E-02,0.000000E+00,0.000000E+00
12:20:00,7.502560E-02,1.250094E+03,3.751366E-01,4.906945E+03,6.559939E+03,7.502560E-02,1.491342E+03,3.657388E-01,4.560766E+03,6.961783E+03,7.502560E-02,4.244464E+03,7.502560E-02,0.000000E+00,0.000000E+00,5.687426E-02,9.476520E+02,3.722812E-01,4.701211E+03,6.062618E+03,5.687426E-02,1.130534E+03,3.440780E-01,4.203404E+03,6.164028E+03,1.247876E-01,5.189296E+03,5.687426E-02,0.000000E+00,0.000000E+00,3.373854E-02,5.621594E+02,3.014893E-01,3.689281E+03,4.530408E+03,3.373854E-02,6.706473E+02,2.848601E-01,3.395098E+03,4.597345E+03,7.472959E-02,3.098805E+03,3.373854E-02,0.000000E+00,0.000000E+00,5.687426E-02,9.476520E+02,3.739253E-01,4.719567E+03,6.084813E+03,5.687426E-02,1.130534E+03,3.454531E-01,4.218755E+03,6.184785E+03,1.250853E-01,5.197947E+03,5.687426E-02,0.000000E+00,0.000000E+00,3.373854E-02,5.621594E+02,2.304825E-01,2.896456E+03,3.712982E+03,3.373854E-02,6.706473E+02,2.138671E-01,2.602434E+03,3.777723E+03,7.495545E-02,3.105362E+03,3.373854E-02,0.000000E+00,0.000000E+00
12:30:00,7.502560E-02,1.240544E+03,3.758877E-01,4.924881E+03,6.578418E+03,7.502560E-02,1.481793E+03,3.664911E-01,4.578715E+03,6.980301E+03,7.502560E-02,4.244464E+03,7.502560E-02,0.000000E+00,0.000000E+00,5.687426E-02,9.404130E+02,3.749724E-01,4.738498E+03,6.101362E+03,5.687426E-02,1.123295E+03,3.467276E-01,4.240227E+03,6.202634E+03,1.247881E-01,5.189310E+03,5.687426E-02,0.000000E+00,0.000000E+00,3.373854E-02,5.578651E+02,2.985843E-01,3.661138E+03,4.501173E+03,3.373854E-02,6.663530E+02,2.820005E-01,3.367463E+03,4.568684E+03,7.472984E-02,3.098812E+03,3.373854E-02,0.000000E+00,0.000000E+00,5.687426E-02,9.404130E+02,3.760955E-01,4.751037E+03,6.117566E+03,5.687426E-02,1.123295E+03,3.475921E-01,4.249878E+03,6.217509E+03,1.250858E-01,5.197960E+03,5.687426E-02,0.000000E+00,0.000000E+00,3.373854E-02,5.578651E+02,2.319246E-01,2.916852E+03,3.734200E+03,3.373854E-02,6.663530E+02,2.152896E-01,2.622611E+03,3.798923E+03,7.495570E-02,3.105369E+03,3.373854E-02,0.000000E+00,0.000000E+00
12:40:00,7.502560E-02,1.230995E+03,3.766380E-01,4.942808E+03,6.596890E+03,7.502560E-02,1.472243E+03,3.672425E-01,4.596654E+03,6.998813E+03,7.502560E-02,4.244464E+03,7.502560E-02,0.000000E+00,0.000000E+00,5.687426E-02,9.331739E+02,3.775914E-01,4.774979E+03,6.139256E+03,5.687426E-02,1.116056E+03,3.493093E-01,4.276291E+03,6.240428E+03,1.247885E-01,5.189324E+03,5.687426E-02,0.000000E+00,0.000000E+00,3.373854E-02,5.535708E+02,2.965870E-01,3.643130E+03,4.482847E+03,3.373854E-02,6.620586E+02,2.800283E-01,3.349736E+03,4.550773E+03,7.473009E-02,3.098819E+03,3.373854E-02,0.000000E+00,0.000000E+00,5.687426E-02,9.331739E+02,3.782061E-01,4.781841E+03,6.149619E+03,5.687426E-02,1.116056E+03,3.496736E-01,4.280357E+03,6.249547E+03,1.250862E-01,5.197974E+03,5.687426E-02,0.000000E+00,0.000000E+00,3.373854E-02,5.535708E+02,2.333129E-01,2.936648E+03,3.754790E+03,3.373854E-02,6.620586E+02,2.166599E-01,2.642205E+03,3.819505E+03,7.495595E-02,3.105376E+03,3.373854E-02,0.000000E+00,0.000000E+00
12:50:00,7.502560E-02,1.221446E+03,3.773892E-01,4.960745E+03,6.615374E+03,7.502560E-02,1.462694E+03,3.679947E-01,4.614603E+03,7.017338E+03,7.502560E-02,4.244464E+03,7.502560E-02,0.000000E+00,0.000000E+00,5.687426E-02,9.259348E+02,3.801462E-01,4.810743E+03,6.176393E+03,5.687426E-02,1.108817E+03,3.518312E-01,4.311688E+03,6.277509E+03,1.247890E-01,5.189337E+03,5.687426E-02,0.000000E+00,0.000000E+00,3.373854E-02,5.492764E+02,2.948499E-01,3.628028E+03,4.467516E+03,3.373854E-02,6.577643E+02,2.783086E-01,3.334828E+03,4.535765E+03,7.473034E-02,3.098826E+03,3.373854E-02,0.000000E+00,0.000000E+00,5.687426E-02,9.259348E+02,3.802686E-01,4.812109E+03,6.181104E+03,5.687426E-02,1.108817E+03,3.517088E-01,4.310319E+03,6.281030E+03,1.250867E-01,5.197987E+03,5.687426E-02,0.000000E+00,0.000000E+00,3.373854E-02,5.492764E+02,2.346537E-01,2.955912E+03,3.774821E+03,3.373854E-02,6.577643E+02,2.179839E-01,2.661282E+03,3.839538E+03,7.495619E-02,3.105384E+03,3.373854E-02,0.000000E+00,0.000000E+00
13:00:00,7.502560E-02,1.211896E+03,3.781399E-01,4.978676E+03,6.633857E+03,7.502560E-02,1.453144E+03,3.687465E-01,4.632546E+03,7.035859E+03,7.502560E-02,4.244464E+03,7.502560E-02,0.000000E+00,0.000000E+00,5.687426E-02,9.186957E+02,3.826413E-01,4.845840E+03,6.212827E+03,5.687426E-02,1.101578E+03,3.542970E-01,4.346458E+03,6.313918E+03,1.247894E-01,5.189350E+03,5.687426E-02,0.000000E+00,0.000000E+00,3.373854E-02,5.449821E+02,2.932816E-01,3.614812E+03,4.454094E+03,3.373854E-02,6.534700E+02,2.767544E-01,3.321768E+03,4.522617E+03,7.473058E-02,3.098833E+03,3.373854E-02,0.000000E+00,0.000000E+00,5.687426E-02,9.186957E+02,3.822923E-01,4.841943E+03,6.212127E+03,5.687426E-02,1.101578E+03,3.537064E-01,4.339861E+03,6.312061E+03,1.250872E-01,5.198001E+03,5.687426E-02,0.000000E+00,0.000000E+00,3.373854E-02,5.449821E+02,2.359532E-01,2.974716E+03,3.794368E+03,3.373854E-02,6.534700E+02,2.192677E-01,2.679910E+03,3.859094E+03,7.495644E-02,3.105391E+03,3.373854E-02,0.000000E+00,0.000000E+00
13:10:00,7.502560E-02,1.205928E+03,3.788875E-01,4.992992E+03,6.648640E+03,7.502560E-02,1.447176E+03,3.694952E-01,4.646874E+03,7.050675E+03,7.502560E-02,4.244464E+03,7.502560E-02,0.000000E+00,0.000000E+00,5.687426E-02,9.141713E+02,3.850703E-01,4.877485E+03,6.245699E+03,5.687426E-02,1.097053E+03,3.567011E-01,4.377825E+03,6.346802E+03,1.247899E-01,5.189363E+03,5.687426E-02,0.000000E+00,0.000000E+00,3.373854E-02,5.422982E+02,2.918599E-01,3.601621E+03,4.440675E+03,3.373854E-02,6.507861E+02,2.753439E-01,3.308702E+03,4.509432E+03,7.473082E-02,3.098840E+03,3.373854E-02,0.000000E+00,0.000000E+00,5.687426E-02,9.141713E+02,3.842764E-01,4.868621E+03,6.239894E+03,5.687426E-02,1.097053E+03,3.556660E-01,4.366264E+03,6.339840E+03,1.250876E-01,5.198014E+03,5.687426E-02,0.000000E+00,0.000000E+00,3.373854E-02,5.422982E+02,2.372132E-01,2.991468E+03,3.811798E+03,3.373854E-02,6.507861E+02,2.205132E-01,2.696500E+03,3.876539E+03,7.495668E-02,3.105398E+03,3.373854E-02,0.000000E+00,0.000000E+00
13:20:00,7.502560E-02,1.199959E+03,3.796533E-01,5.007510E+03,6.663775E+03,7.502560E-02,1.441208E+03,3.702621E-01,4.661406E+03,7.065848E+03,7.502560E-02,4.244464E+03,7.502560E-02,0.000000E+00,0.000000E+00,5.687426E-02,9.096469E+02,3.874504E-01,4.908585E+03,6.278325E+03,5.687426E-02,1.092529E+03,3.590635E-01,4.408725E+03,6.379546E+03,1.247903E-01,5.189377E+03,5.687426E-02,0.000000E+00,0.000000E+00,3.373854E-02,5.396142E+02,2.905899E-01,3.590125E+03,4.428823E+03,3.373854E-02,6.481021E+02,2.740839E-01,3.297318E+03,4.497752E+03,7.473106E-02,3.098847E+03,3.373854E-02,0.000000E+00,0.000000E+00,5.687426E-02,9.096469E+02,3.862446E-01,4.895120E+03,6.267741E+03,5.687426E-02,1.092529E+03,3.576132E-01,4.392530E+03,6.367755E+03,1.250881E-01,5.198027E+03,5.687426E-02,0.000000E+00,0.000000E+00,3.373854E-02,5.396142E+02,2.384498E-01,3.007959E+03,3.829116E+03,3.373854E-02,6.481021E+02,2.217376E-01,2.712855E+03,3.893907E+03,7.495692E-02,3.105405E+03,3.373854E-02,0.000000E+00,0.000000E+00
13:30:00,7.502560E-02,1.193991E+03,3.803957E-01,5.021746E+03,6.678660E+03,7.502560E-02,1.435239E+03,3.710056E-01,4.675654E+03,7.080772E+03,7.502560E-02,4.244464E+03,7.502560E-02,0.000000E+00,0.000000E+00,5.687426E-02,9.051225E+02,3.897426E-01,4.938677E+03,6.310081E+03,5.687426E-02,1.088004E+03,3.613390E-01,4.438630E+03,6.411427E+03,1.247908E-01,5.189390E+03,5.687426E-02,0.000000E+00,0.000000E+00,3.373854E-02,5.369303E+02,2.894496E-01,3.580059E+03,4.418303E+03,3.373854E-02,6.454182E+02,2.729504E-01,3.287327E+03,4.487323E+03,7.473130E-02,3.098854E+03,3.373854E-02,0.000000E+00,0.000000E+00,5.687426E-02,9.051225E+02,3.881631E-01,4.921039E+03,6.295121E+03,5.687426E-02,1.088004E+03,3.595102E-01,4.418207E+03,6.395188E+03,1.250885E-01,5.198040E+03,5.687426E-02,0.000000E+00,0.000000E+00,3.373854E-02,5.369303E+02,2.396450E-01,3.023972E+03,3.846019E+03,3.373854E-02,6.454182E+02,2.229206E-01,2.728731E+03,3.910852E+03,7.495716E-02,3.105412E+03,3.373854E-02,0.000000E+00,0.000000E+00
13:40:00,7.502560E-02,1.188023E+03,3.811355E-01,5.035950E+03,6.693314E+03,7.502560E-02,1.429271E+03,3.717467E-01,4.689873E+03,7.095461E+03,7.502560E-02,4.244464E+03,7.502560E-02,0.000000E+00,0.000000E+00,5.687426E-02,9.005980E+02,3.919531E-01,4.967853E+03,6.340306E+03,5.687426E-02,1.083480E+03,3.635363E-01,4.467658E+03,6.441735E+03,1.247912E-01,5.189402E+03,5.687426E-02,0.000000E+00,0.000000E+00,3.373854E-02,5.342463E+02,2.884403E-01,3.571454E+03,4.409578E+03,3.373854E-02,6.427342E+02,2.719464E-01,3.278781E+03,4.478739E+03,7.473154E-02,3.098861E+03,3.373854E-02,0.000000E+00,0.000000E+00,5.687426E-02,9.005980E+02,3.900439E-01,4.946535E+03,6.321592E+03,5.687426E-02,1.083480E+03,3.613718E-01,4.443488E+03,6.421679E+03,1.250890E-01,5.198053E+03,5.687426E-02,0.000000E+00,0.000000E+00,3.373854E-02,5.342463E+02,2.408074E-01,3.039617E+03,3.862252E+03,3.373854E-02,6.427342E+02,2.240723E-01,2.744255E+03,3.927105E+03,7.495739E-02,3.105418E+03,3.373854E-02,0.000000E+00,0.000000E+00
13:50:00,7.502560E-02,1.182054E+03,3.818613E-01,5.049997E+03,6.707803E+03,7.502560E-02,1.423303E+03,3.724737E-01,4.703935E+03,7.109983E+03,7.502560E-02,4.244464E+03,7.502560E-02,0.000000E+00,0.000000E+00,5.687426E-02,8.960736E+02,3.940603E-01,4.995875E+03,6.369321E+03,5.687426E-02,1.078956E+03,3.656327E-01,4.495558E+03,6.470840E+03,1.247917E-01,5.189415E+03,5.687426E-02,0.000000E+00,0.000000E+00,3.373854E-02,5.315624E+02,2.875474E-01,3.564148E+03,4.402179E+03,3.373854E-02,6.400503E+02,2.710573E-01,3.271516E+03,4.471457E+03,7.473177E-02,3.098868E+03,3.373854E-02,0.000000E+00,0.000000E+00,5.687426E-02,8.960736E+02,3.918714E-01,4.971434E+03,6.347429E+03,5.687426E-02,1.078956E+03,3.631815E-01,4.468187E+03,6.447535E+03,1.250894E-01,5.198066E+03,5.687426E-02,0.000000E+00,0.000000E+00,3.373854E-02,5.315624E+02,2.419828E-01,3.055407E+03,3.878682E+03,3.373854E-02,6.400503E+02,2.252359E-01,2.759912E+03,3.943543E+03,7.495763E-02,3.105425E+03,3.373854E-02,0.000000E+00,0.000000E+00
14:00:00,7.502560E-02,1.176086E+03,3.825735E-01,5.063894E+03,6.722137E+03,7.502560E-02,1.417334E+03,3.731873E-01,4.717847E+03,7.124353E+03,7.502560E-02,4.244464E+03,7.502560E-02,0.000000E+00,0.000000E+00,5.687426E-02,8.915492E+02,3.960498E-01,5.022583E+03,6.396962E+03,5.687426E-02,1.074431E+03,3.676136E-01,4.522168E+03,6.498583E+03,1.247921E-01,5.189428E+03,5.687426E-02,0.000000E+00,0.000000E+00,3.373854E-02,5.288785E+02,2.867574E-01,3.557991E+03,4.395954E+03,3.373854E-02,6.373663E+02,2.702698E-01,3.265386E+03,4.465336E+03,7.473201E-02,3.098875E+03,3.373854E-02,0.000000E+00,0.000000E+00,5.687426E-02,8.915492E+02,3.936362E-01,4.995633E+03,6.372527E+03,5.687426E-02,1.074431E+03,3.649304E-01,4.492207E+03,6.472664E+03,1.250898E-01,5.198078E+03,5.687426E-02,0.000000E+00,0.000000E+00,3.373854E-02,5.288785E+02,2.439181E-01,3.079680E+03,3.904639E+03,3.373854E-02,6.373663E+02,2.271352E-01,2.783783E+03,3.969379E+03,7.495786E-02,3.105432E+03,3.373854E-02,0.000000E+00,0.000000E+00
14:10:00,7.502560E-02,1.176086E+03,3.832745E-01,5.071696E+03,6.730240E+03,7.502560E-02,1.417334E+03,3.738897E-01,4.725664E+03,7.132480E+03,7.502560E-02,4.244464E+03,7.502560E-02,0.000000E+00,0.000000E+00,5.687426E-02,8.915492E+02,3.978943E-01,5.043146E+03,6.418271E+03,5.687426E-02,1.074431E+03,3.694525E-01,4.542668E+03,6.520007E+03,1.247925E-01,5.189441E+03,5.687426E-02,0.000000E+00,0.000000E+00,3.373854E-02,5.288785E+02,2.860474E-01,3.550043E+03,4.387889E+03,3.373854E-02,6.373663E+02,2.695620E-01,3.257462E+03,4.457367E+03,7.473224E-02,3.098881E+03,3.373854E-02,0.000000E+00,0.000000E+00,5.687426E-02,8.915492E+02,3.953164E-01,5.014362E+03,6.391989E+03,5.687426E-02,1.074431E+03,3.665974E-01,4.510788E+03,6.492170E+03,1.250903E-01,5.198091E+03,5.687426E-02,0.000000E+00,0.000000E+00,3.373854E-02,5.288785E+02,2.468069E-01,3.111915E+03,3.938704E+03,3.373854E-02,6.373663E+02,2.299731E-01,2.815448E+03,4.003259E+03,7.495809E-02,3.105439E+03,3.373854E-02,0.000000E+00,0.000000E+00
14:20:00,7.502560E-02,1.176086E+03,3.839440E-01,5.079146E+03,6.737956E+03,7.502560E-02,1.417334E+03,3.745604E-01,4.733129E+03,7.140218E+03,7.502560E-02,4.244464E+03,7.502560E-02,0.000000E+00,0.000000E+00,5.687426E-02,8.915492E+02,3.995615E-01,5.061731E+03,6.437490E+03,5.687426E-02,1.074431E+03,3.711138E-01,4.561187E+03,6.539295E+03,1.247930E-01,5.189453E+03,5.687426E-02,0.000000E+00,0.000000E+00,3.373854E-02,5.288785E+02,2.853881E-01,3.542663E+03,4.380376E+03,3.373854E-02,6.373663E+02,2.689037E-01,3.250091E+03,4.449913E+03,7.473247E-02,3.098888E+03,3.373854E-02,0.000000E+00,0.000000E+00,5.687426E-02,8.915492E+02,3.968816E-01,5.031808E+03,6.410075E+03,5.687426E-02,1.074431E+03,3.681502E-01,4.528095E+03,6.510269E+03,1.250907E-01,5.198104E+03,5.687426E-02,0.000000E+00,0.000000E+00,3.373854E-02,5.288785E+02,2.507938E-01,3.156407E+03,3.984833E+03,3.373854E-02,6.373663E+02,2.338894E-01,2.859151E+03,4.049002E+03,7.495832E-02,3.105445E+03,3.373854E-02,0.000000E+00,0.000000E+00
14:30:00,7.502560E-02,1.176086E+03,3.846244E-01,5.086740E+03,6.745842E+03,7.502560E-02,1.417334E+03,3.752423E-01,4.740740E+03,7.148130E+03,7.502560E-02,4.244464E+03,7.502560E-02,0.000000E+00,0.000000E+00,5.687426E-02,8.915492E+02,4.011009E-01,5.078915E+03,6.455281E+03,5.687426E-02,1.074431E+03,3.726520E-01,4.578356E+03,6.557178E+03,1.247934E-01,5.189465E+03,5.687426E-02,0.000000E+00,0.000000E+00,3.373854E-02,5.288785E+02,2.847806E-01,3.535877E+03,4.373457E+03,3.373854E-02,6.373663E+02,2.682987E-01,3.243333E+03,4.443049E+03,7.473269E-02,3.098895E+03,3.373854E-02,0.000000E+00,0.000000E+00,5.687426E-02,8.915492E+02,3.983568E-01,5.048275E+03,6.427135E+03,5.687426E-02,1.074431E+03,3.696182E-01,4.544481E+03,6.527368E+03,1.250911E-01,5.198116E+03,5.687426E-02,0.000000E+00,0.000000E+00,3.373854E-02,5.288785E+02,2.560283E-01,3.214844E+03,4.044908E+03,3.373854E-02,6.373663E+02,2.390364E-01,2.916609E+03,4.108498E+03,7.495855E-02,3.105452E+03,3.373854E-02,0.000000E+00,0.000000E+00
14:40:00,7.502560E-02,1.176086E+03,3.852960E-01,5.094238E+03,6.753621E+03,7.502560E-02,1.417334E+03,3.759152E-01,4.748253E+03,7.155932E+03,7.502560E-02,4.244464E+03,7.502560E-02,0.000000E+00,0.000000E+00,5.687426E-02,8.915492E+02,4.025028E-01,5.094567E+03,6.471462E+03,5.687426E-02,1.074431E+03,3.740538E-01,4.594008E+03,6.573434E+03,1.247938E-01,5.189478E+03,5.687426E-02,0.000000E+00,0.000000E+00,3.373854E-02,5.288785E+02,2.841999E-01,3.529392E+03,4.366824E+03,3.373854E-02,6.373663E+02,2.677208E-01,3.236879E+03,4.436456E+03,7.473292E-02,3.098901E+03,3.373854E-02,0.000000E+00,0.000000E+00,5.687426E-02,8.915492E+02,3.997165E-01,5.063455E+03,6.442829E+03,5.687426E-02,1.074431E+03,3.709745E-01,4.559623E+03,6.543110E+03,1.250916E-01,5.198128E+03,5.687426E-02,0.000000E+00,0.000000E+00,3.373854E-02,5.288785E+02,2.626094E-01,3.288316E+03,4.120393E+03,3.373854E-02,6.373663E+02,2.455116E-01,2.988898E+03,4.183200E+03,7.495877E-02,3.105458E+03,3.373854E-02,0.000000E+00,0.000000E+00
14:50:00,7.502560E-02,1.176086E+03,3.859709E-01,5.101773E+03,6.761441E+03,7.502560E-02,1.417334E+03,3.765915E-01,4.755803E+03,7.163775E+03,7.502560E-02,4.244464E+03,7.502560E-02,0.000000E+00,0.000000E+00,5.687426E-02,8.915492E+02,4.037717E-01,5.108735E+03,6.486059E+03,5.687426E-02,1.074431E+03,3.753261E-01,4.608212E+03,6.588121E+03,1.247942E-01,5.189490E+03,5.687426E-02,0.000000E+00,0.000000E+00,3.373854E-02,5.288785E+02,2.836346E-01,3.523080E+03,4.360352E+03,3.373854E-02,6.373663E+02,2.671596E-01,3.230614E+03,4.430027E+03,7.473314E-02,3.098908E+03,3.373854E-02,0.000000E+00,0.000000E+00,5.687426E-02,8.915492E+02,4.009618E-01,5.077358E+03,6.457173E+03,5.687426E-02,1.074431E+03,3.722192E-01,4.573520E+03,6.557508E+03,1.250920E-01,5.198141E+03,5.687426E-02,0.000000E+00,0.000000E+00,3.373854E-02,5.288785E+02,2.705753E-01,3.377250E+03,4.212007E+03,3.373854E-02,6.373663E+02,2.533563E-01,3.076476E+03,4.273883E+03,7.495900E-02,3.105465E+03,3.373854E-02,0.000000E+00,0.000000E+00
15:00:00,7.502560E-02,1.176086E+03,3.866484E-01,5.109338E+03,6.769294E+03,7.502560E-02,1.417334E+03,3.772704E-01,4.763384E+03,7.171653E+03,7.502560E-02,4.244464E+03,7.502560E-02,0.000000E+00,0.000000E+00,5.687426E-02,8.915492E+02,4.049048E-01,5.121386E+03,6.499038E+03,5.687426E-02,1.074431E+03,3.764657E-01,4.620936E+03,6.601209E+03,1.247947E-01,5.189502E+03,5.687426E-02,0.000000E+00,0.000000E+00,3.373854E-02,5.288785E+02,2.830697E-01,3.516773E+03,4.353865E+03,3.373854E-02,6.373663E+02,2.666004E-01,3.224370E+03,4.423595E+03,7.473337E-02,3.098914E+03,3.373854E-02,0.000000E+00,0.000000E+00,5.687426E-02,8.915492E+02,4.020841E-01,5.089889E+03,6.470064E+03,5.687426E-02,1.074431E+03,3.733453E-01,4.586092E+03,6.570486E+03,1.250924E-01,5.198153E+03,5.687426E-02,0.000000E+00,0.000000E+00,3.373854E-02,5.288785E+02,2.792424E-01,3.474012E+03,4.311418E+03,3.373854E-02,6.373663E+02,2.619104E-01,3.171974E+03,4.372388E+03,7.495922E-02,3.105471E+03,3.373854E-02,0.000000E+00,0.000000E+00
15:10:00,7.502560E-02,1.183248E+03,3.873258E-01,5.109739E+03,6.769815E+03,7.502560E-02,1.424496E+03,3.779492E-01,4.763800E+03,7.172186E+03,7.502560E-02,4.244464E+03,7.502560E-02,0.000000E+00,0.000000E+00,5.687426E-02,8.969785E+02,4.058920E-01,5.126979E+03,6.504743E+03,5.687426E-02,1.079860E+03,3.774636E-01,4.626649E+03,6.607045E+03,1.247951E-01,5.189514E+03,5.687426E-02,0.000000E+00,0.000000E+00,3.373854E-02,5.320992E+02,2.824878E-01,3.507056E+03,4.343870E+03,3.373854E-02,6.405871E+02,2.660260E-01,3.214736E+03,4.413664E+03,7.473359E-02,3.098921E+03,3.373854E-02,0.000000E+00,0.000000E+00,5.687426E-02,8.969785E+02,4.030680E-01,5.095446E+03,6.475764E+03,5.687426E-02,1.079860E+03,3.743373E-01,4.591739E+03,6.576297E+03,1.250928E-01,5.198165E+03,5.687426E-02,0.000000E+00,0.000000E+00,3.373854E-02,5.320992E+02,2.884470E-01,3.573555E+03,4.413480E+03,3.373854E-02,6.405871E+02,2.710030E-01,3.270264E+03,4.473471E+03,7.495944E-02,3.105478E+03,3.373854E-02,0.000000E+00,0.000000E+00
15:20:00,7.502560E-02,1.190410E+03,3.879980E-01,5.110082E+03,6.770275E+03,7.502560E-02,1.431658E+03,3.786230E-01,4.764161E+03,7.172659E+03,7.502560E-02,4.244464E+03,7.502560E-02,0.000000E+00,0.000000E+00,5.687426E-02,9.024078E+02,4.067300E-01,5.130906E+03,6.508715E+03,5.687426E-02,1.085290E+03,3.783170E-01,4.630748E+03,6.611166E+03,1.247955E-01,5.189526E+03,5.687426E-02,0.000000E+00,0.000000E+00,3.373854E-02,5.353199E+02,2.818761E-01,3.497005E+03,4.333504E+03,3.373854E-02,6.438078E+02,2.654240E-01,3.204794E+03,4.403361E+03,7.473381E-02,3.098927E+03,3.373854E-02,0.000000E+00,0.000000E+00,5.687426E-02,9.024078E+02,4.039036E-01,5.099346E+03,6.479714E+03,5.687426E-02,1.085290E+03,3.751859E-01,4.595785E+03,6.580375E+03,1.250932E-01,5.198177E+03,5.687426E-02,0.000000E+00,0.000000E+00,3.373854E-02,5.353199E+02,2.980574E-01,3.677629E+03,4.520008E+03,3.373854E-02,6.438078E+02,2.805062E-01,3.373139E+03,4.578989E+03,7.495966E-02,3.105484E+03,3.373854E-02,0.000000E+00,0.000000E+00
15:30:00,7.502560E-02,1.197572E+03,3.886597E-01,5.110308E+03,6.770609E+03,7.502560E-02,1.438820E+03,3.792864E-01,4.764406E+03,7.173008E+03,7.502560E-02,4.244464E+03,7.502560E-02,0.000000E+00,0.000000E+00,5.687426E-02,9.078371E+02,4.073896E-01,5.132842E+03,6.510607E+03,5.687426E-02,1.090719E+03,3.789974E-01,4.632916E+03,6.613222E+03,1.247959E-01,5.189538E+03,5.687426E-02,0.000000E+00,0.000000E+00,3.373854E-02,5.385407E+02,2.812225E-01,3.486487E+03,4.322629E+03,3.373854E-02,6.470286E+02,2.647824E-01,3.194410E+03,4.392545E+03,7.473402E-02,3.098933E+03,3.373854E-02,0.000000E+00,0.000000E+00,5.687426E-02,9.078371E+02,4.045826E-01,5.101498E+03,6.481829E+03,5.687426E-02,1.090719E+03,3.758831E-01,4.598140E+03,6.582627E+03,1.250936E-01,5.198189E+03,5.687426E-02,0.000000E+00,0.000000E+00,3.373854E-02,5.385407E+02,3.079519E-01,3.784877E+03,4.629640E+03,3.373854E-02,6.470286E+02,2.902995E-01,3.479255E+03,4.687597E+03,7.495987E-02,3.105490E+03,3.373854E-02,0.000000E+00,0.000000E+00
15:40:00,7.502560E-02,1.204734E+03,3.893051E-01,5.110352E+03,6.770749E+03,7.502560E-02,1.445982E+03,3.799337E-01,4.764471E+03,7.173164E+03,7.502560E-02,4.244464E+03,7.502560E-02,0.000000E+00,0.000000E+00,5.687426E-02,9.132664E+02,4.078547E-01,5.132606E+03,6.510224E+03,5.687426E-02,1.096148E+03,3.794892E-01,4.632978E+03,6.613030E+03,1.247963E-01,5.189549E+03,5.687426E-02,0.000000E+00,0.000000E+00,3.373854E-02,5.417614E+02,2.805160E-01,3.475378E+03,4.311120E+03,3.373854E-02,6.502493E+02,2.640907E-01,3.183467E+03,4.381103E+03,7.473424E-02,3.098939E+03,3.373854E-02,0.000000E+00,0.000000E+00,5.687426E-02,9.132664E+02,4.050992E-01,5.101837E+03,6.482041E+03,5.687426E-02,1.096148E+03,3.764224E-01,4.598733E+03,6.582987E+03,1.250940E-01,5.198200E+03,5.687426E-02,0.000000E+00,0.000000E+00,3.373854E-02,5.417614E+02,3.180211E-01,3.894076E+03,4.741163E+03,3.373854E-02,6.502493E+02,3.002745E-01,3.587401E+03,4.798110E+03,7.496009E-02,3.105497E+03,3.373854E-02,0.000000E+00,0.000000E+00
15:50:00,7.502560E-02,1.211896E+03,3.899284E-01,5.110150E+03,6.770628E+03,7.502560E-02,1.453144E+03,3.805592E-01,4.764293E+03,7.173062E+03,7.502560E-02,4.244464E+03,7.502560E-02,0.000000E+00,0.000000E+00,5.687426E-02,9.186957E+02,4.081229E-01,5.130173E+03,6.507538E+03,5.687426E-02,1.101578E+03,3.797903E-01,4.630911E+03,6.610576E+03,1.247967E-01,5.189561E+03,5.687426E-02,0.000000E+00,0.000000E+00,3.373854E-02,5.449821E+02,2.797455E-01,3.463555E+03,4.298854E+03,3.373854E-02,6.534700E+02,2.633379E-01,3.171841E+03,4.368920E+03,7.473445E-02,3.098946E+03,3.373854E-02,0.000000E+00,0.000000E+00,5.687426E-02,9.186957E+02,4.054469E-01,5.100290E+03,6.480269E+03,5.687426E-02,1.101578E+03,3.767997E-01,4.597517E+03,6.581413E+03,1.250944E-01,5.198212E+03,5.687426E-02,0.000000E+00,0.000000E+00,3.373854E-02,5.449821E+02,3.281669E-01,4.004132E+03,4.853485E+03,3.373854E-02,6.534700E+02,3.103338E-01,3.696489E+03,4.909468E+03,7.496030E-02,3.105503E+03,3.373854E-02,0.000000E+00,0.000000E+00
16:00:00,7.502560E-02,1.219058E+03,3.905239E-01,5.109636E+03,6.770178E+03,7.502560E-02,1.460307E+03,3.811571E-01,4.763807E+03,7.172633E+03,7.502560E-02,4.244464E+03,7.502560E-02,0.000000E+00,0.000000E+00,5.687426E-02,9.241250E+02,4.081943E-01,5.125541E+03,6.502545E+03,5.687426E-02,1.107007E+03,3.799019E-01,4.626729E+03,6.605878E+03,1.247971E-01,5.189573E+03,5.687426E-02,0.000000E+00,0.000000E+00,3.373854E-02,5.482029E+02,2.789007E-01,3.450902E+03,4.285711E+03,3.373854E-02,6.566908E+02,2.625145E-01,3.159427E+03,4.355891E+03,7.473466E-02,3.098952E+03,3.373854E-02,0.000000E+00,0.000000E+00,5.687426E-02,9.241250E+02,4.056197E-01,5.096792E+03,6.476440E+03,5.687426E-02,1.107007E+03,3.770088E-01,4.594422E+03,6.577836E+03,1.250948E-01,5.198224E+03,5.687426E-02,0.000000E+00,0.000000E+00,3.373854E-02,5.482029E+02,3.381209E-01,4.112046E+03,4.963416E+03,3.373854E-02,6.566908E+02,3.202109E-01,3.803543E+03,5.018487E+03,7.496051E-02,3.105509E+03,3.373854E-02,0.000000E+00,0.000000E+00
16:10:00,7.502560E-02,1.228608E+03,3.910852E-01,5.106353E+03,6.766880E+03,7.502560E-02,1.469856E+03,3.817211E-01,4.760555E+03,7.169357E+03,7.502560E-02,4.244464E+03,7.502560E-02,0.000000E+00,0.000000E+00,5.687426E-02,9.313641E+02,4.081005E-01,5.117256E+03,6.493787E+03,5.687426E-02,1.114246E+03,3.798522E-01,4.618937E+03,6.597443E+03,1.247975E-01,5.189584E+03,5.687426E-02,0.000000E+00,0.000000E+00,3.373854E-02,5.524972E+02,2.779867E-01,3.436403E+03,4.270665E+03,3.373854E-02,6.609851E+02,2.616253E-01,3.145207E+03,4.340993E+03,7.473487E-02,3.098958E+03,3.373854E-02,0.000000E+00,0.000000E+00,5.687426E-02,9.313641E+02,4.056380E-01,5.089757E+03,6.468959E+03,5.687426E-02,1.114246E+03,3.770683E-01,4.587849E+03,6.570649E+03,1.250952E-01,5.198235E+03,5.687426E-02,0.000000E+00,0.000000E+00,3.373854E-02,5.524972E+02,3.476392E-01,4.214024E+03,5.067215E+03,3.373854E-02,6.609851E+02,3.296641E-01,3.904794E+03,5.121473E+03,7.496072E-02,3.105515E+03,3.373854E-02,0.000000E+00,0.000000E+00
16:20:00,7.502560E-02,1.238157E+03,3.916055E-01,5.102614E+03,6.763103E+03,7.502560E-02,1.479405E+03,3.822447E-01,4.756851E+03,7.165603E+03,7.502560E-02,4.244464E+03,7.502560E-02,0.000000E+00,0.000000E+00,5.687426E-02,9.386032E+02,4.078444E-01,5.107158E+03,6.483147E+03,5.687426E-02,1.121485E+03,3.796435E-01,4.609368E+03,6.587141E+03,1.247979E-01,5.189595E+03,5.687426E-02,0.000000E+00,0.000000E+00,3.373854E-02,5.567915E+02,2.769968E-01,3.421057E+03,4.254739E+03,3.373854E-02,6.652794E+02,2.606630E-01,3.130169E+03,4.325230E+03,7.473508E-02,3.098964E+03,3.373854E-02,0.000000E+00,0.000000E+00,5.687426E-02,9.386032E+02,4.054968E-01,5.080943E+03,6.459627E+03,5.687426E-02,1.121485E+03,3.769721E-01,4.579537E+03,6.561626E+03,1.250956E-01,5.198246E+03,5.687426E-02,0.000000E+00,0.000000E+00,3.373854E-02,5.567915E+02,3.565899E-01,4.309666E+03,5.164739E+03,3.373854E-02,6.652794E+02,3.385616E-01,3.999841E+03,5.218310E+03,7.496093E-02,3.105521E+03,3.373854E-02,0.000000E+00,0.000000E+00
16:30:00,7.502560E-02,1.247706E+03,3.920787E-01,5.098348E+03,6.758769E+03,7.502560E-02,1.488955E+03,3.827215E-01,4.752626E+03,7.161297E+03,7.502560E-02,4.244464E+03,7.502560E-02,0.000000E+00,0.000000E+00,5.687426E-02,9.458423E+02,4.074285E-01,5.095277E+03,6.470652E+03,5.687426E-02,1.128724E+03,3.792779E-01,4.598048E+03,6.574997E+03,1.247983E-01,5.189607E+03,5.687426E-02,0.000000E+00,0.000000E+00,3.373854E-02,5.610858E+02,2.759247E-01,3.404794E+03,4.237857E+03,3.373854E-02,6.695737E+02,2.596206E-01,3.114237E+03,4.308522E+03,7.473529E-02,3.098970E+03,3.373854E-02,0.000000E+00,0.000000E+00,5.687426E-02,9.458423E+02,4.051873E-01,5.070249E+03,6.448339E+03,5.687426E-02,1.128724E+03,3.767113E-01,4.569387E+03,6.550669E+03,1.250960E-01,5.198258E+03,5.687426E-02,0.000000E+00,0.000000E+00,3.373854E-02,5.610858E+02,3.648677E-01,4.397795E+03,5.254797E+03,3.373854E-02,6.695737E+02,3.467985E-01,4.087512E+03,5.307824E+03,7.496114E-02,3.105527E+03,3.373854E-02,0.000000E+00,0.000000E+00
16:40:00,7.502560E-02,1.257256E+03,3.924812E-01,5.093304E+03,6.753482E+03,7.502560E-02,1.498504E+03,3.831281E-01,4.747627E+03,7.156037E+03,7.502560E-02,4.244464E+03,7.502560E-02,0.000000E+00,0.000000E+00,5.687426E-02,9.530813E+02,4.068392E-01,5.081472E+03,6.456271E+03,5.687426E-02,1.135963E+03,3.787397E-01,4.584816E+03,6.560916E+03,1.247987E-01,5.189618E+03,5.687426E-02,0.000000E+00,0.000000E+00,3.373854E-02,5.653801E+02,2.747546E-01,3.387445E+03,4.220125E+03,3.373854E-02,6.738680E+02,2.584810E-01,3.097229E+03,4.290966E+03,7.473549E-02,3.098976E+03,3.373854E-02,0.000000E+00,0.000000E+00,5.687426E-02,9.530813E+02,4.046858E-01,5.057426E+03,6.434932E+03,5.687426E-02,1.135963E+03,3.762604E-01,4.557129E+03,6.537541E+03,1.250964E-01,5.198269E+03,5.687426E-02,0.000000E+00,0.000000E+00,3.373854E-02,5.653801E+02,3.723627E-01,4.477198E+03,5.334504E+03,3.373854E-02,6.738680E+02,3.542638E-01,4.166583E+03,5.386839E+03,7.496134E-02,3.105533E+03,3.373854E-02,0.000000E+00,0.000000E+00
16:50:00,7.502560E-02,1.266805E+03,3.928262E-01,5.087631E+03,6.747736E+03,7.502560E-02,1.508054E+03,3.834776E-01,4.742004E+03,7.150327E+03,7.502560E-02,4.244464E+03,7.502560E-02,0.000000E+00,0.000000E+00,5.687426E-02,9.603204E+02,4.060941E-01,5.065944E+03,6.440037E+03,5.687426E-02,1.143202E+03,3.780474E-01,4.569878E+03,6.545046E+03,1.247990E-01,5.189629E+03,5.687426E-02,0.000000E+00,0.000000E+00,3.373854E-02,5.696744E+02,2.734911E-01,3.369062E+03,4.201042E+03,3.373854E-02,6.781623E+02,2.572498E-01,3.079209E+03,4.272068E+03,7.473570E-02,3.098982E+03,3.373854E-02,0.000000E+00,0.000000E+00,5.687426E-02,9.603204E+02,4.040042E-01,5.042607E+03,6.419427E+03,5.687426E-02,1.143202E+03,3.756322E-01,4.542907E+03,6.522400E+03,1.250968E-01,5.198280E+03,5.687426E-02,0.000000E+00,0.000000E+00,3.373854E-02,5.696744E+02,3.789838E-01,4.546859E+03,5.405948E+03,3.373854E-02,6.781623E+02,3.608681E-01,4.236058E+03,5.458064E+03,7.496155E-02,3.105539E+03,3.373854E-02,0.000000E+00,0.000000E+00
17:00:00,7.502560E-02,1.276355E+03,3.931097E-01,5.081272E+03,6.741219E+03,7.502560E-02,1.517603E+03,3.837660E-01,4.735700E+03,7.143849E+03,7.502560E-02,4.244464E+03,7.502560E-02,0.000000E+00,0.000000E+00,5.687426E-02,9.675595E+02,4.050475E-01,5.047049E+03,6.420268E+03,5.687426E-02,1.150441E+03,3.770544E-01,4.551583E+03,6.525598E+03,1.247994E-01,5.189640E+03,5.687426E-02,0.000000E+00,0.000000E+00,3.373854E-02,5.739687E+02,2.720516E-01,3.348716E+03,4.179985E+03,3.373854E-02,6.824566E+02,2.558455E-01,3.059256E+03,4.251217E+03,7.473590E-02,3.098988E+03,3.373854E-02,0.000000E+00,0.000000E+00,5.687426E-02,9.675595E+02,4.030048E-01,5.024240E+03,6.400195E+03,5.687426E-02,1.150441E+03,3.746918E-01,4.525200E+03,6.503543E+03,1.250972E-01,5.198291E+03,5.687426E-02,0.000000E+00,0.000000E+00,3.373854E-02,5.739687E+02,3.845429E-01,4.604665E+03,5.464726E+03,3.373854E-02,6.824566E+02,3.664243E-01,4.293833E+03,5.516656E+03,7.496175E-02,3.105545E+03,3.373854E-02,0.000000E+00,0.000000E+00
17:10:00,7.502560E-02,1.288291E+03,3.933222E-01,5.071734E+03,6.731434E+03,7.502560E-02,1.529540E+03,3.839840E-01,4.726222E+03,7.134102E+03,7.502560E-02,4.244464E+03,7.502560E-02,0.000000E+00,0.000000E+00,5.687426E-02,9.766083E+02,4.037809E-01,5.023889E+03,6.396240E+03,5.687426E-02,1.159490E+03,3.758393E-01,4.528999E+03,6.501859E+03,1.247998E-01,5.189651E+03,5.687426E-02,0.000000E+00,0.000000E+00,3.373854E-02,5.793366E+02,2.704823E-01,3.325846E+03,4.156384E+03,3.373854E-02,6.878245E+02,2.543109E-01,3.036774E+03,4.227810E+03,7.473610E-02,3.098994E+03,3.373854E-02,0.000000E+00,0.000000E+00,5.687426E-02,9.766083E+02,4.017699E-01,5.001433E+03,6.376514E+03,5.687426E-02,1.159490E+03,3.735180E-01,4.503077E+03,6.480249E+03,1.250976E-01,5.198302E+03,5.687426E-02,0.000000E+00,0.000000E+00,3.373854E-02,5.793366E+02,3.892967E-01,4.652406E+03,5.513724E+03,3.373854E-02,6.878245E+02,3.711852E-01,4.341656E+03,5.565633E+03,7.496195E-02,3.105551E+03,3.373854E-02,0.000000E+00,0.000000E+00
17:20:00,7.502560E-02,1.300228E+03,3.934602E-01,5.061363E+03,6.720780E+03,7.502560E-02,1.541477E+03,3.841280E-01,4.715918E+03,7.123493E+03,7.502560E-02,4.244464E+03,7.502560E-02,0.000000E+00,0.000000E+00,5.687426E-02,9.856572E+02,4.022968E-01,4.998300E+03,6.369714E+03,5.687426E-02,1.168539E+03,3.744078E-01,4.503998E+03,6.475622E+03,1.248002E-01,5.189662E+03,5.687426E-02,0.000000E+00,0.000000E+00,3.373854E-02,5.847045E+02,2.687883E-01,3.301583E+03,4.131334E+03,3.373854E-02,6.931924E+02,2.526515E-01,3.012900E+03,4.202943E+03,7.473630E-02,3.098999E+03,3.373854E-02,0.000000E+00,0.000000E+00,5.687426E-02,9.856572E+02,4.003844E-01,4.976945E+03,6.351148E+03,5.687426E-02,1.168539E+03,3.721937E-01,4.479273E+03,6.455267E+03,1.250979E-01,5.198313E+03,5.687426E-02,0.000000E+00,0.000000E+00,3.373854E-02,5.847045E+02,3.932224E-01,4.690902E+03,5.553360E+03,3.373854E-02,6.931924E+02,3.751267E-01,4.380331E+03,5.605354E+03,7.496215E-02,3.105556E+03,3.373854E-02,0.000000E+00,0.000000E+00
17:30:00,7.502560E-02,1.312165E+03,3.935228E-01,5.050152E+03,6.709250E+03,7.502560E-02,1.553413E+03,3.841971E-01,4.704778E+03,7.112012E+03,7.502560E-02,4.244464E+03,7.502560E-02,0.000000E+00,0.000000E+00,5.687426E-02,9.947060E+02,4.005820E-01,4.970135E+03,6.340428E+03,5.687426E-02,1.177588E+03,3.727450E-01,4.476415E+03,6.446592E+03,1.248005E-01,5.189673E+03,5.687426E-02,0.000000E+00,0.000000E+00,3.373854E-02,5.900724E+02,2.669678E-01,3.275909E+03,4.104759E+03,3.373854E-02,6.985603E+02,2.508654E-01,2.987609E+03,4.176528E+03,7.473650E-02,3.099005E+03,3.373854E-02,0.000000E+00,0.000000E+00,5.687426E-02,9.947060E+02,3.989905E-01,4.952363E+03,6.325629E+03,5.687426E-02,1.177588E+03,3.708552E-01,4.455311E+03,6.430067E+03,1.250983E-01,5.198324E+03,5.687426E-02,0.000000E+00,0.000000E+00,3.373854E-02,5.900724E+02,3.962428E-01,4.719290E+03,5.582542E+03,3.373854E-02,6.985603E+02,3.781735E-01,4.409016E+03,5.634719E+03,7.496234E-02,3.105562E+03,3.373854E-02,0.000000E+00,0.000000E+00
17:40:00,7.502560E-02,1.324102E+03,3.935344E-01,5.038358E+03,6.697141E+03,7.502560E-02,1.565350E+03,3.842152E-01,4.693056E+03,7.099952E+03,7.502560E-02,4.244464E+03,7.502560E-02,0.000000E+00,0.000000E+00,5.687426E-02,1.003755E+03,3.986357E-01,4.939371E+03,6.308384E+03,5.687426E-02,1.186637E+03,3.708498E-01,4.446222E+03,6.414763E+03,1.248009E-01,5.189683E+03,5.687426E-02,0.000000E+00,0.000000E+00,3.373854E-02,5.954403E+02,2.650308E-01,3.248923E+03,4.076783E+03,3.373854E-02,7.039282E+02,2.489619E-01,2.961000E+03,4.148690E+03,7.473669E-02,3.099011E+03,3.373854E-02,0.000000E+00,0.000000E+00,5.687426E-02,1.003755E+03,3.979182E-01,4.931357E+03,6.303796E+03,5.687426E-02,1.186637E+03,3.698323E-01,4.434858E+03,6.408532E+03,1.250987E-01,5.198335E+03,5.687426E-02,0.000000E+00,0.000000E+00,3.373854E-02,5.954403E+02,3.983468E-01,4.737433E+03,5.601222E+03,3.373854E-02,7.039282E+02,3.803144E-01,4.427573E+03,5.653682E+03,7.496254E-02,3.105568E+03,3.373854E-02,0.000000E+00,0.000000E+00
17:50:00,7.502560E-02,1.336039E+03,3.935012E-01,5.026051E+03,6.684513E+03,7.502560E-02,1.577287E+03,3.841884E-01,4.680820E+03,7.087368E+03,7.502560E-02,4.244464E+03,7.502560E-02,0.000000E+00,0.000000E+00,5.687426E-02,1.012804E+03,3.964222E-01,4.905609E+03,6.273165E+03,5.687426E-02,1.195686E+03,3.686863E-01,4.413019E+03,6.379717E+03,1.248013E-01,5.189694E+03,5.687426E-02,0.000000E+00,0.000000E+00,3.373854E-02,6.008082E+02,2.629685E-01,3.220531E+03,4.047307E+03,3.373854E-02,7.092961E+02,2.469311E-01,2.932959E+03,4.119313E+03,7.473689E-02,3.099016E+03,3.373854E-02,0.000000E+00,0.000000E+00,5.687426E-02,1.012804E+03,3.972316E-01,4.914643E+03,6.286069E+03,5.687426E-02,1.195686E+03,3.691778E-01,4.418502E+03,6.390907E+03,1.250990E-01,5.198345E+03,5.687426E-02,0.000000E+00,0.000000E+00,3.373854E-02,6.008082E+02,3.995138E-01,4.745099E+03,5.609147E+03,3.373854E-02,7.092961E+02,3.815272E-01,4.435749E+03,5.661969E+03,7.496273E-02,3.105573E+03,3.373854E-02,0.000000E+00,0.000000E+00
18:00:00,7.502560E-02,1.347975E+03,3.934558E-01,5.013607E+03,6.671749E+03,7.502560E-02,1.589224E+03,3.841487E-01,4.668441E+03,7.074646E+03,7.502560E-02,4.244464E+03,7.502560E-02,0.000000E+00,0.000000E+00,5.687426E-02,1.021853E+03,3.940660E-01,4.870254E+03,6.236376E+03,5.687426E-02,1.204734E+03,3.663807E-01,4.378229E+03,6.343109E+03,1.248016E-01,5.189704E+03,5.687426E-02,0.000000E+00,0.000000E+00,3.373854E-02,6.061761E+02,2.608628E-01,3.191652E+03,4.017364E+03,3.373854E-02,7.146640E+02,2.448549E-01,2.904410E+03,4.089449E+03,7.473708E-02,3.099022E+03,3.373854E-02,0.000000E+00,0.000000E+00,5.687426E-02,1.021853E+03,3.970961E-01,4.904082E+03,6.274574E+03,5.687426E-02,1.204734E+03,3.690505E-01,4.408032E+03,6.379265E+03,1.250994E-01,5.198356E+03,5.687426E-02,0.000000E+00,0.000000E+00,3.373854E-02,6.061761E+02,3.999602E-01,4.744717E+03,5.608931E+03,3.373854E-02,7.146640E+02,3.820259E-01,4.435952E+03,5.662196E+03,7.496292E-02,3.105579E+03,3.373854E-02,0.000000E+00,0.000000E+00
18:10:00,7.502560E-02,1.365880E+03,3.934288E-01,4.995400E+03,6.653087E+03,7.502560E-02,1.607129E+03,3.841268E-01,4.650291E+03,7.056007E+03,7.502560E-02,4.244464E+03,7.502560E-02,0.000000E+00,0.000000E+00,5.687426E-02,1.035426E+03,3.914414E-01,4.827377E+03,6.191826E+03,5.687426E-02,1.218308E+03,3.638148E-01,4.336008E+03,6.298799E+03,1.248020E-01,5.189715E+03,5.687426E-02,0.000000E+00,0.000000E+00,3.373854E-02,6.142279E+02,2.586573E-01,3.158976E+03,3.983506E+03,3.373854E-02,7.227158E+02,2.426812E-01,2.872088E+03,4.055676E+03,7.473727E-02,3.099028E+03,3.373854E-02,0.000000E+00,0.000000E+00,5.687426E-02,1.035426E+03,3.973857E-01,4.893742E+03,6.263368E+03,5.687426E-02,1.218308E+03,3.693359E-01,4.397644E+03,6.367788E+03,1.250998E-01,5.198366E+03,5.687426E-02,0.000000E+00,0.000000E+00,3.373854E-02,6.142279E+02,3.994132E-01,4.730558E+03,5.594612E+03,3.373854E-02,7.227158E+02,3.815404E-01,4.422481E+03,5.648396E+03,7.496311E-02,3.105585E+03,3.373854E-02,0.000000E+00,0.000000E+00
18:20:00,7.502560E-02,1.383786E+03,3.934318E-01,4.977529E+03,6.634761E+03,7.502560E-02,1.625034E+03,3.841338E-01,4.632465E+03,7.037696E+03,7.502560E-02,4.244464E+03,7.502560E-02,0.000000E+00,0.000000E+00,5.687426E-02,1.048999E+03,3.885248E-01,4.781239E+03,6.143862E+03,5.687426E-02,1.231881E+03,3.609631E-01,4.290595E+03,6.251090E+03,1.248024E-01,5.189725E+03,5.687426E-02,0.000000E+00,0.000000E+00,3.373854E-02,6.222798E+02,2.563479E-01,3.125139E+03,3.948415E+03,3.373854E-02,7.307676E+02,2.404059E-01,2.838633E+03,4.020668E+03,7.473746E-02,3.099033E+03,3.373854E-02,0.000000E+00,0.000000E+00,5.687426E-02,1.048999E+03,3.979400E-01,4.886357E+03,6.255364E+03,5.687426E-02,1.231881E+03,3.698806E-01,4.390153E+03,6.359435E+03,1.251001E-01,5.198377E+03,5.687426E-02,0.000000E+00,0.000000E+00,3.373854E-02,6.222798E+02,3.977533E-01,4.703975E+03,5.567615E+03,3.373854E-02,7.307676E+02,3.799537E-01,4.396714E+03,5.622006E+03,7.496330E-02,3.105590E+03,3.373854E-02,0.000000E+00,0.000000E+00
18:30:00,7.502560E-02,1.401691E+03,3.934605E-01,4.959944E+03,6.616732E+03,7.502560E-02,1.642939E+03,3.841659E-01,4.614917E+03,7.019673E+03,7.502560E-02,4.244464E+03,7.502560E-02,0.000000E+00,0.000000E+00,5.687426E-02,1.062572E+03,3.853133E-01,4.731810E+03,6.092450E+03,5.687426E-02,1.245454E+03,3.578247E-01,4.241982E+03,6.199974E+03,1.248027E-01,5.189735E+03,5.687426E-02,0.000000E+00,0.000000E+00,3.373854E-02,6.303316E+02,2.539399E-01,3.090202E+03,3.912158E+03,3.373854E-02,7.388195E+02,2.380354E-01,2.804115E+03,3.984501E+03,7.473765E-02,3.099038E+03,3.373854E-02,0.000000E+00,0.000000E+00,5.687426E-02,1.062572E+03,3.984409E-01,4.878376E+03,6.246890E+03,5.687426E-02,1.245454E+03,3.703780E-01,4.382134E+03,6.350632E+03,1.251005E-01,5.198387E+03,5.687426E-02,0.000000E+00,0.000000E+00,3.373854E-02,6.303316E+02,3.948975E-01,4.664038E+03,5.527065E+03,3.373854E-02,7.388195E+02,3.771813E-01,4.357711E+03,5.582146E+03,7.496349E-02,3.105595E+03,3.373854E-02,0.000000E+00,0.000000E+00
18:40:00,7.502560E-02,1.419596E+03,3.934903E-01,4.942371E+03,6.598729E+03,7.502560E-02,1.660844E+03,3.841987E-01,4.597379E+03,7.001671E+03,7.502560E-02,4.244464E+03,7.502560E-02,0.000000E+00,0.000000E+00,5.687426E-02,1.076146E+03,3.817327E-01,4.678258E+03,6.036670E+03,5.687426E-02,1.259027E+03,3.543298E-01,4.189389E+03,6.144583E+03,1.248031E-01,5.189746E+03,5.687426E-02,0.000000E+00,0.000000E+00,3.373854E-02,6.383834E+02,2.513957E-01,3.053743E+03,3.874273E+03,3.373854E-02,7.468713E+02,2.355343E-01,2.768138E+03,3.946746E+03,7.473783E-02,3.099044E+03,3.373854E-02,0.000000E+00,0.000000E+00,5.687426E-02,1.076146E+03,3.980728E-01,4.860693E+03,6.228190E+03,5.687426E-02,1.259027E+03,3.700283E-01,4.364656E+03,6.331702E+03,1.251008E-01,5.198397E+03,5.687426E-02,0.000000E+00,0.000000E+00,3.373854E-02,6.383834E+02,3.901816E-01,4.603333E+03,5.465214E+03,3.373854E-02,7.468713E+02,3.725674E-01,4.298145E+03,5.521134E+03,7.496368E-02,3.105601E+03,3.373854E-02,0.000000E+00,0.000000E+00
18:50:00,7.502560E-02,1.437501E+03,3.934659E-01,4.924194E+03,6.580101E+03,7.502560E-02,1.678749E+03,3.841775E-01,4.579237E+03,6.983047E+03,7.502560E-02,4.244464E+03,7.502560E-02,0.000000E+00,0.000000E+00,5.687426E-02,1.089719E+03,3.778406E-01,4.621229E+03,5.977311E+03,5.687426E-02,1.272601E+03,3.505342E-01,4.133438E+03,6.085711E+03,1.248034E-01,5.189756E+03,5.687426E-02,0.000000E+00,0.000000E+00,3.373854E-02,6.464353E+02,2.487464E-01,3.016111E+03,3.835193E+03,3.373854E-02,7.549231E+02,2.329340E-01,2.731054E+03,3.907855E+03,7.473802E-02,3.099049E+03,3.373854E-02,0.000000E+00,0.000000E+00,5.687426E-02,1.089719E+03,3.968070E-01,4.832988E+03,6.199551E+03,5.687426E-02,1.272601E+03,3.688138E-01,4.337524E+03,6.303147E+03,1.251012E-01,5.198407E+03,5.687426E-02,0.000000E+00,0.000000E+00,3.373854E-02,6.464353E+02,3.838201E-01,4.524256E+03,5.385196E+03,3.373854E-02,7.549231E+02,3.663249E-01,4.220397E+03,5.442175E+03,7.496386E-02,3.105606E+03,3.373854E-02,0.000000E+00,0.000000E+00
19:00:00,7.502560E-02,1.455406E+03,3.933207E-01,4.904668E+03,6.560066E+03,7.502560E-02,1.696655E+03,3.840360E-01,4.559752E+03,6.963016E+03,7.502560E-02,4.244464E+03,7.502560E-02,0.000000E+00,0.000000E+00,5.687426E-02,1.103292E+03,3.736514E-01,4.560883E+03,5.914467E+03,5.687426E-02,1.286174E+03,3.464511E-01,4.074276E+03,6.023432E+03,1.248038E-01,5.189766E+03,5.687426E-02,0.000000E+00,0.000000E+00,3.373854E-02,6.544871E+02,2.459977E-01,2.977369E+03,3.794943E+03,3.373854E-02,7.629750E+02,2.302382E-01,2.692903E+03,3.867828E+03,7.473820E-02,3.099055E+03,3.373854E-02,0.000000E+00,0.000000E+00,5.687426E-02,1.103292E+03,3.945115E-01,4.793786E+03,6.159117E+03,5.687426E-02,1.286174E+03,3.666107E-01,4.299355E+03,6.263201E+03,1.251015E-01,5.198417E+03,5.687426E-02,0.000000E+00,0.000000E+00,3.373854E-02,6.544871E+02,3.757708E-01,4.426333E+03,5.285883E+03,3.373854E-02,7.629750E+02,3.584114E-01,4.123992E+03,5.344087E+03,7.496405E-02,3.105612E+03,3.373854E-02,0.000000E+00,0.000000E+00
19:10:00,7.502560E-02,1.468537E+03,3.929957E-01,4.887909E+03,6.542814E+03,7.502560E-02,1.709785E+03,3.837157E-01,4.543045E+03,6.945782E+03,7.502560E-02,4.244464E+03,7.502560E-02,0.000000E+00,0.000000E+00,5.687426E-02,1.113246E+03,3.694597E-01,4.504128E+03,5.856927E+03,5.687426E-02,1.296128E+03,3.422006E-01,4.016866E+03,5.964079E+03,1.248041E-01,5.189776E+03,5.687426E-02,0.000000E+00,0.000000E+00,3.373854E-02,6.603918E+02,2.433306E-01,2.941686E+03,3.759041E+03,3.373854E-02,7.688797E+02,2.275127E-01,2.656569E+03,3.830546E+03,7.473838E-02,3.099060E+03,3.373854E-02,0.000000E+00,0.000000E+00,5.687426E-02,1.113246E+03,3.913424E-01,4.748449E+03,6.113912E+03,5.687426E-02,1.296128E+03,3.634075E-01,4.253638E+03,6.216453E+03,1.251019E-01,5.198427E+03,5.687426E-02,0.000000E+00,0.000000E+00,3.373854E-02,6.603918E+02,3.662352E-01,4.313961E+03,5.173236E+03,3.373854E-02,7.688797E+02,3.489173E-01,4.012086E+03,5.231125E+03,7.496423E-02,3.105617E+03,3.373854E-02,0.000000E+00,0.000000E+00
19:20:00,7.502560E-02,1.481667E+03,3.924492E-01,4.868677E+03,6.522966E+03,7.502560E-02,1.722915E+03,3.831748E-01,4.523875E+03,6.925957E+03,7.502560E-02,4.244464E+03,7.502560E-02,0.000000E+00,0.000000E+00,5.687426E-02,1.123200E+03,3.650186E-01,4.444588E+03,5.801371E+03,5.687426E-02,1.306081E+03,3.377111E-01,3.956787E+03,5.905857E+03,1.248044E-01,5.189786E+03,5.687426E-02,0.000000E+00,0.000000E+00,3.373854E-02,6.662965E+02,2.405708E-01,2.904967E+03,3.725694E+03,3.373854E-02,7.747843E+02,2.246998E-01,2.619257E+03,3.795188E+03,7.473857E-02,3.099065E+03,3.373854E-02,0.000000E+00,0.000000E+00,5.687426E-02,1.123200E+03,3.866696E-01,4.686323E+03,6.056318E+03,5.687426E-02,1.306081E+03,3.587343E-01,4.191509E+03,6.156460E+03,1.251022E-01,5.198437E+03,5.687426E-02,0.000000E+00,0.000000E+00,3.373854E-02,6.662965E+02,3.547213E-01,4.179501E+03,5.042669E+03,3.373854E-02,7.747843E+02,3.374786E-01,3.878467E+03,5.099569E+03,7.496441E-02,3.105622E+03,3.373854E-02,0.000000E+00,0.000000E+00
19:30:00,7.502560E-02,1.494798E+03,3.916542E-01,4.846670E+03,6.500199E+03,7.502560E-02,1.736046E+03,3.823863E-01,4.501941E+03,6.903220E+03,7.502560E-02,4.244464E+03,7.502560E-02,0.000000E+00,0.000000E+00,5.687426E-02,1.133153E+03,3.603612E-01,4.382632E+03,5.743042E+03,5.687426E-02,1.316035E+03,3.330171E-01,3.894422E+03,5.845007E+03,1.248048E-01,5.189795E+03,5.687426E-02,0.000000E+00,0.000000E+00,3.373854E-02,6.722011E+02,2.377201E-01,2.867232E+03,3.690968E+03,3.373854E-02,7.806890E+02,2.218024E-01,2.581002E+03,3.758560E+03,7.473875E-02,3.099070E+03,3.373854E-02,0.000000E+00,0.000000E+00,5.687426E-02,1.133153E+03,3.805529E-01,4.608075E+03,5.981613E+03,5.687426E-02,1.316035E+03,3.526579E-01,4.113711E+03,6.079775E+03,1.251025E-01,5.198447E+03,5.687426E-02,0.000000E+00,0.000000E+00,3.373854E-02,6.722011E+02,3.415240E-01,4.026245E+03,4.891435E+03,3.373854E-02,7.806890E+02,3.244187E-01,3.726746E+03,4.948228E+03,7.496459E-02,3.105627E+03,3.373854E-02,0.000000E+00,0.000000E+00
19:40:00,7.502560E-02,1.507928E+03,3.906088E-01,4.821868E+03,6.474501E+03,7.502560E-02,1.749176E+03,3.813483E-01,4.477221E+03,6.877555E+03,7.502560E-02,4.244464E+03,7.502560E-02,0.000000E+00,0.000000E+00,5.687426E-02,1.143107E+03,3.556386E-01,4.319948E+03,5.681337E+03,5.687426E-02,1.325989E+03,3.282651E-01,3.831412E+03,5.781314E+03,1.248051E-01,5.189805E+03,5.687426E-02,0.000000E+00,0.000000E+00,3.373854E-02,6.781058E+02,2.348443E-01,2.829218E+03,3.653915E+03,3.373854E-02,7.865937E+02,2.188840E-01,2.542512E+03,3.719986E+03,7.473892E-02,3.099076E+03,3.373854E-02,0.000000E+00,0.000000E+00,5.687426E-02,1.143107E+03,3.738774E-01,4.523587E+03,5.898053E+03,5.687426E-02,1.325989E+03,3.460337E-01,4.029799E+03,5.994911E+03,1.251029E-01,5.198457E+03,5.687426E-02,0.000000E+00,0.000000E+00,3.373854E-02,6.781058E+02,3.281827E-01,3.871380E+03,4.735662E+03,3.373854E-02,7.865937E+02,3.111863E-01,3.573099E+03,4.792513E+03,7.496476E-02,3.105632E+03,3.373854E-02,0.000000E+00,0.000000E+00
19:50:00,7.502560E-02,1.521058E+03,3.893473E-01,4.794652E+03,6.446287E+03,7.502560E-02,1.762307E+03,3.800944E-01,4.450092E+03,6.849373E+03,7.502560E-02,4.244464E+03,7.502560E-02,0.000000E+00,0.000000E+00,5.687426E-02,1.153061E+03,3.508974E-01,4.257055E+03,5.617711E+03,5.687426E-02,1.335943E+03,3.235012E-01,3.768267E+03,5.716011E+03,1.248054E-01,5.189815E+03,5.687426E-02,0.000000E+00,0.000000E+00,3.373854E-02,6.840105E+02,2.319530E-01,2.791029E+03,3.615444E+03,3.373854E-02,7.924984E+02,2.159541E-01,2.503894E+03,3.680200E+03,7.473910E-02,3.099081E+03,3.373854E-02,0.000000E+00,0.000000E+00,5.687426E-02,1.153061E+03,3.669491E-01,4.436276E+03,5.809576E+03,5.687426E-02,1.335943E+03,3.391578E-01,3.943074E+03,5.905420E+03,1.251032E-01,5.198466E+03,5.687426E-02,0.000000E+00,0.000000E+00,3.373854E-02,6.840105E+02,3.151244E-01,3.719673E+03,4.580646E+03,3.373854E-02,7.924984E+02,2.982318E-01,3.422554E+03,4.637693E+03,7.496494E-02,3.105638E+03,3.373854E-02,0.000000E+00,0.000000E+00
20:00:00,7.502560E-02,1.534189E+03,3.879264E-01,4.765658E+03,6.416225E+03,7.502560E-02,1.775437E+03,3.786812E-01,4.421182E+03,6.819341E+03,7.502560E-02,4.244464E+03,7.502560E-02,0.000000E+00,0.000000E+00,5.687426E-02,1.163015E+03,3.462976E-01,4.195742E+03,5.554785E+03,5.687426E-02,1.345896E+03,3.188787E-01,3.706701E+03,5.651521E+03,1.248058E-01,5.189824E+03,5.687426E-02,0.000000E+00,0.000000E+00,3.373854E-02,6.899152E+02,2.291201E-01,2.753493E+03,3.576997E+03,3.373854E-02,7.984031E+02,2.130840E-01,2.465943E+03,3.640517E+03,7.473927E-02,3.099086E+03,3.373854E-02,0.000000E+00,0.000000E+00,5.687426E-02,1.163015E+03,3.600856E-01,4.349688E+03,5.720144E+03,5.687426E-02,1.345896E+03,3.323380E-01,3.856975E+03,5.814981E+03,1.251035E-01,5.198476E+03,5.687426E-02,0.000000E+00,0.000000E+00,3.373854E-02,6.899152E+02,3.028227E-01,3.576413E+03,4.432280E+03,3.373854E-02,7.984031E+02,2.860232E-01,3.280335E+03,4.489392E+03,7.496512E-02,3.105643E+03,3.373854E-02,0.000000E+00,0.000000E+00
20:10:00,7.502560E-02,1.544932E+03,3.864120E-01,4.738005E+03,6.387517E+03,7.502560E-02,1.786180E+03,3.771739E-01,4.393610E+03,6.790661E+03,7.502560E-02,4.244464E+03,7.502560E-02,0.000000E+00,0.000000E+00,5.687426E-02,1.171158E+03,3.416876E-01,4.136124E+03,5.492628E+03,5.687426E-02,1.354040E+03,3.144141E-01,3.648707E+03,5.590021E+03,1.248061E-01,5.189834E+03,5.687426E-02,0.000000E+00,0.000000E+00,3.373854E-02,6.947463E+02,2.262281E-01,2.716370E+03,3.538342E+03,3.373854E-02,8.032342E+02,2.102682E-01,2.429672E+03,3.602097E+03,7.473945E-02,3.099091E+03,3.373854E-02,0.000000E+00,0.000000E+00,5.687426E-02,1.171158E+03,3.532950E-01,4.265724E+03,5.631843E+03,5.687426E-02,1.354040E+03,3.257376E-01,3.775137E+03,5.727608E+03,1.251039E-01,5.198486E+03,5.687426E-02,0.000000E+00,0.000000E+00,3.373854E-02,6.947463E+02,2.914555E-01,3.444662E+03,4.294402E+03,3.373854E-02,8.032342E+02,2.748438E-01,3.150682E+03,4.352735E+03,7.496529E-02,3.105648E+03,3.373854E-02,0.000000E+00,0.000000E+00
20:20:00,7.502560E-02,1.555675E+03,3.848674E-01,4.710016E+03,6.358455E+03,7.502560E-02,1.796923E+03,3.756357E-01,4.365692E+03,6.761621E+03,7.502560E-02,4.244464E+03,7.502560E-02,0.000000E+00,0.000000E+00,5.687426E-02,1.179302E+03,3.373962E-01,4.080064E+03,5.433794E+03,5.687426E-02,1.362184E+03,3.102593E-01,3.594174E+03,5.531824E+03,1.248064E-01,5.189843E+03,5.687426E-02,0.000000E+00,0.000000E+00,3.373854E-02,6.995774E+02,2.234830E-01,2.680889E+03,3.501144E+03,3.373854E-02,8.080653E+02,2.075957E-01,2.395001E+03,3.565131E+03,7.473962E-02,3.099096E+03,3.373854E-02,0.000000E+00,0.000000E+00,5.687426E-02,1.179302E+03,3.473564E-01,4.191273E+03,5.553202E+03,5.687426E-02,1.362184E+03,3.199708E-01,3.702605E+03,5.649841E+03,1.251042E-01,5.198495E+03,5.687426E-02,0.000000E+00,0.000000E+00,3.373854E-02,6.995774E+02,2.818673E-01,3.332774E+03,4.177118E+03,3.373854E-02,8.080653E+02,2.654068E-01,3.040484E+03,4.236345E+03,7.496546E-02,3.105653E+03,3.373854E-02,0.000000E+00,0.000000E+00
20:30:00,7.502560E-02,1.566418E+03,3.833531E-01,4.682366E+03,6.329759E+03,7.502560E-02,1.807667E+03,3.741269E-01,4.338103E+03,6.732936E+03,7.502560E-02,4.244464E+03,7.502560E-02,0.000000E+00,0.000000E+00,5.687426E-02,1.187446E+03,3.334627E-01,4.028001E+03,5.378982E+03,5.687426E-02,1.370328E+03,3.064514E-01,3.543514E+03,5.477591E+03,1.248067E-01,5.189853E+03,5.687426E-02,0.000000E+00,0.000000E+00,3.373854E-02,7.044085E+02,2.209109E-01,2.647339E+03,3.465851E+03,3.373854E-02,8.128964E+02,2.050908E-01,2.362203E+03,3.530045E+03,7.473979E-02,3.099101E+03,3.373854E-02,0.000000E+00,0.000000E+00,5.687426E-02,1.187446E+03,3.424545E-01,4.128397E+03,5.486976E+03,5.687426E-02,1.370328E+03,3.152084E-01,3.641287E+03,5.584283E+03,1.251045E-01,5.198504E+03,5.687426E-02,0.000000E+00,0.000000E+00,3.373854E-02,7.044085E+02,2.741111E-01,3.241341E+03,4.081611E+03,3.373854E-02,8.128964E+02,2.577336E-01,2.949979E+03,4.141050E+03,7.496563E-02,3.105658E+03,3.373854E-02,0.000000E+00,0.000000E+00
20:40:00,7.502560E-02,1.577161E+03,3.819156E-01,4.655573E+03,6.301986E+03,7.502560E-02,1.818410E+03,3.726937E-01,4.311358E+03,6.705167E+03,7.502560E-02,4.244464E+03,7.502560E-02,0.000000E+00,0.000000E+00,5.687426E-02,1.195590E+03,3.298796E-01,3.979851E+03,5.328229E+03,5.687426E-02,1.378472E+03,3.029846E-01,3.496662E+03,5.427363E+03,1.248071E-01,5.189862E+03,5.687426E-02,0.000000E+00,0.000000E+00,3.373854E-02,7.092396E+02,2.185155E-01,2.615762E+03,3.432586E+03,3.373854E-02,8.177275E+02,2.027583E-01,2.331329E+03,3.496962E+03,7.473996E-02,3.099106E+03,3.373854E-02,0.000000E+00,0.000000E+00,5.687426E-02,1.195590E+03,3.382695E-01,4.073526E+03,5.429317E+03,5.687426E-02,1.378472E+03,3.111457E-01,3.587782E+03,5.527195E+03,1.251048E-01,5.198514E+03,5.687426E-02,0.000000E+00,0.000000E+00,3.373854E-02,7.092396E+02,2.675158E-01,3.162871E+03,3.999813E+03,3.373854E-02,8.177275E+02,2.512346E-01,2.872584E+03,4.059723E+03,7.496580E-02,3.105663E+03,3.373854E-02,0.000000E+00,0.000000E+00
20:50:00,7.502560E-02,1.587904E+03,3.805992E-01,4.630131E+03,6.275499E+03,7.502560E-02,1.829153E+03,3.713806E-01,4.285953E+03,6.678674E+03,7.502560E-02,4.244464E+03,7.502560E-02,0.000000E+00,0.000000E+00,5.687426E-02,1.203734E+03,3.266328E-01,3.935455E+03,5.281027E+03,5.687426E-02,1.386616E+03,2.998464E-01,3.453480E+03,5.380669E+03,1.248074E-01,5.189871E+03,5.687426E-02,0.000000E+00,0.000000E+00,3.373854E-02,7.140707E+02,2.162977E-01,2.586169E+03,3.401142E+03,3.373854E-02,8.225586E+02,2.006000E-01,2.302400E+03,3.465703E+03,7.474013E-02,3.099111E+03,3.373854E-02,0.000000E+00,0.000000E+00,5.687426E-02,1.203734E+03,3.345230E-01,4.023550E+03,5.376313E+03,5.687426E-02,1.386616E+03,3.075137E-01,3.539086E+03,5.474742E+03,1.251052E-01,5.198523E+03,5.687426E-02,0.000000E+00,0.000000E+00,3.373854E-02,7.140707E+02,2.616494E-01,3.092539E+03,3.925848E+03,3.373854E-02,8.225586E+02,2.454547E-01,2.803219E+03,3.986129E+03,7.496597E-02,3.105667E+03,3.373854E-02,0.000000E+00,0.000000E+00
21:00:00,7.502560E-02,1.598647E+03,3.793657E-01,4.605594E+03,6.249801E+03,7.502560E-02,1.839896E+03,3.701494E-01,4.261442E+03,6.652958E+03,7.502560E-02,4.244464E+03,7.502560E-02,0.000000E+00,0.000000E+00,5.687426E-02,1.211878E+03,3.235825E-01,3.893233E+03,5.235702E+03,5.687426E-02,1.394760E+03,2.968996E-01,3.412414E+03,5.335819E+03,1.248077E-01,5.189880E+03,5.687426E-02,0.000000E+00,0.000000E+00,3.373854E-02,7.189018E+02,2.141862E-01,2.557749E+03,3.370683E+03,3.373854E-02,8.273897E+02,1.985450E-01,2.274611E+03,3.435411E+03,7.474030E-02,3.099115E+03,3.373854E-02,0.000000E+00,0.000000E+00,5.687426E-02,1.211878E+03,3.310209E-01,3.976283E+03,5.325657E+03,5.687426E-02,1.394760E+03,3.041196E-01,3.493025E+03,5.424573E+03,1.251055E-01,5.198532E+03,5.687426E-02,0.000000E+00,0.000000E+00,3.373854E-02,7.189018E+02,2.563032E-01,3.028000E+03,3.857424E+03,3.373854E-02,8.273897E+02,2.401877E-01,2.739565E+03,3.917980E+03,7.496614E-02,3.105672E+03,3.373854E-02,0.000000E+00,0.000000E+00
21:10:00,7.502560E-02,1.609391E+03,3.782289E-01,4.582135E+03,6.225621E+03,7.502560E-02,1.850639E+03,3.690142E-01,4.238002E+03,6.628762E+03,7.502560E-02,4.244464E+03,7.502560E-02,0.000000E+00,0.000000E+00,5.687426E-02,1.220022E+03,3.207039E-01,3.852925E+03,5.193144E+03,5.687426E-02,1.402904E+03,2.941239E-01,3.373258E+03,5.293712E+03,1.248080E-01,5.189889E+03,5.687426E-02,0.000000E+00,0.000000E+00,3.373854E-02,7.237329E+02,2.121707E-01,2.530399E+03,3.341814E+03,3.373854E-02,8.322208E+02,1.965854E-01,2.247887E+03,3.406682E+03,7.474046E-02,3.099120E+03,3.373854E-02,0.000000E+00,0.000000E+00,5.687426E-02,1.220022E+03,3.277261E-01,3.931329E+03,5.278294E+03,5.687426E-02,1.402904E+03,3.009315E-01,3.449263E+03,5.377675E+03,1.251058E-01,5.198541E+03,5.687426E-02,0.000000E+00,0.000000E+00,3.373854E-02,7.237329E+02,2.514047E-01,2.968459E+03,3.795346E+03,3.373854E-02,8.322208E+02,2.353642E-01,2.680862E+03,3.856194E+03,7.496630E-02,3.105677E+03,3.373854E-02,0.000000E+00,0.000000E+00
21:20:00,7.502560E-02,1.620134E+03,3.771689E-01,4.559533E+03,6.202343E+03,7.502560E-02,1.861382E+03,3.679552E-01,4.215410E+03,6.605461E+03,7.502560E-02,4.244464E+03,7.502560E-02,0.000000E+00,0.000000E+00,5.687426E-02,1.228166E+03,3.179713E-01,3.814249E+03,5.152244E+03,5.687426E-02,1.411048E+03,2.914932E-01,3.335720E+03,5.253255E+03,1.248083E-01,5.189898E+03,5.687426E-02,0.000000E+00,0.000000E+00,3.373854E-02,7.285640E+02,2.102394E-01,2.503991E+03,3.313904E+03,3.373854E-02,8.370519E+02,1.947093E-01,2.222095E+03,3.378907E+03,7.474063E-02,3.099125E+03,3.373854E-02,0.000000E+00,0.000000E+00,5.687426E-02,1.228166E+03,3.246100E-01,3.888370E+03,5.232946E+03,5.687426E-02,1.411048E+03,2.979202E-01,3.407475E+03,5.332772E+03,1.251061E-01,5.198550E+03,5.687426E-02,0.000000E+00,0.000000E+00,3.373854E-02,7.285640E+02,2.468989E-01,2.913304E+03,3.737778E+03,3.373854E-02,8.370519E+02,2.309293E-01,2.626499E+03,3.798880E+03,7.496647E-02,3.105682E+03,3.373854E-02,0.000000E+00,0.000000E+00
21:30:00,7.502560E-02,1.630877E+03,3.761773E-01,4.537695E+03,6.179869E+03,7.502560E-02,1.872125E+03,3.669639E-01,4.193577E+03,6.582958E+03,7.502560E-02,4.244464E+03,7.502560E-02,0.000000E+00,0.000000E+00,5.687426E-02,1.236310E+03,3.153707E-01,3.777047E+03,5.112855E+03,5.687426E-02,1.419192E+03,2.889939E-01,3.299650E+03,5.214308E+03,1.248086E-01,5.189907E+03,5.687426E-02,0.000000E+00,0.000000E+00,3.373854E-02,7.333951E+02,2.083865E-01,2.478457E+03,3.286894E+03,3.373854E-02,8.418830E+02,1.929110E-01,2.197171E+03,3.352027E+03,7.474079E-02,3.099130E+03,3.373854E-02,0.000000E+00,0.000000E+00,5.687426E-02,1.236310E+03,3.216573E-01,3.847236E+03,5.189459E+03,5.687426E-02,1.419192E+03,2.950706E-01,3.367493E+03,5.289714E+03,1.251064E-01,5.198559E+03,5.687426E-02,0.000000E+00,0.000000E+00,3.373854E-02,7.333951E+02,2.427432E-01,2.862058E+03,3.684239E+03,3.373854E-02,8.418830E+02,2.268412E-01,2.576007E+03,3.745565E+03,7.496663E-02,3.105687E+03,3.373854E-02,0.000000E+00,0.000000E+00
21:40:00,7.502560E-02,1.641620E+03,3.752459E-01,4.516529E+03,6.158099E+03,7.502560E-02,1.882868E+03,3.660324E-01,4.172410E+03,6.561156E+03,7.502560E-02,4.244464E+03,7.502560E-02,0.000000E+00,0.000000E+00,5.687426E-02,1.244454E+03,3.128891E-01,3.741174E+03,5.074833E+03,5.687426E-02,1.427336E+03,2.866134E-01,3.264906E+03,5.176729E+03,1.248089E-01,5.189916E+03,5.687426E-02,0.000000E+00,0.000000E+00,3.373854E-02,7.382262E+02,2.066060E-01,2.453732E+03,3.260717E+03,3.373854E-02,8.467141E+02,1.911844E-01,2.173049E+03,3.325977E+03,7.474095E-02,3.099134E+03,3.373854E-02,0.000000E+00,0.000000E+00,5.687426E-02,1.244454E+03,3.188535E-01,3.807765E+03,5.147679E+03,5.687426E-02,1.427336E+03,2.923687E-01,3.329161E+03,5.248351E+03,1.251067E-01,5.198568E+03,5.687426E-02,0.000000E+00,0.000000E+00,3.373854E-02,7.382262E+02,2.388997E-01,2.814297E+03,3.634296E+03,3.373854E-02,8.467141E+02,2.230623E-01,2.528970E+03,3.695821E+03,7.496679E-02,3.105691E+03,3.373854E-02,0.000000E+00,0.000000E+00
21:50:00,7.502560E-02,1.652363E+03,3.743442E-01,4.495694E+03,6.136648E+03,7.502560E-02,1.893611E+03,3.651302E-01,4.151570E+03,6.539668E+03,7.502560E-02,4.244464E+03,7.502560E-02,0.000000E+00,0.000000E+00,5.687426E-02,1.252598E+03,3.104939E-01,3.706266E+03,5.037774E+03,5.687426E-02,1.435480E+03,2.843180E-01,3.231113E+03,5.140096E+03,1.248092E-01,5.189925E+03,5.687426E-02,0.000000E+00,0.000000E+00,3.373854E-02,7.430573E+02,2.048796E-01,2.429612E+03,3.235148E+03,3.373854E-02,8.515452E+02,1.895107E-01,2.149517E+03,3.300519E+03,7.474111E-02,3.099139E+03,3.373854E-02,0.000000E+00,0.000000E+00,5.687426E-02,1.252598E+03,3.161643E-01,3.769573E+03,5.107185E+03,5.687426E-02,1.435480E+03,2.897788E-01,3.292080E+03,5.208240E+03,1.251070E-01,5.198577E+03,5.687426E-02,0.000000E+00,0.000000E+00,3.373854E-02,7.430573E+02,2.353224E-01,2.769509E+03,3.587408E+03,3.373854E-02,8.515452E+02,2.195465E-01,2.484869E+03,3.649100E+03,7.496695E-02,3.105696E+03,3.373854E-02,0.000000E+00,0.000000E+00
22:00:00,7.502560E-02,1.663106E+03,3.735042E-01,4.475569E+03,6.115950E+03,7.502560E-02,1.904354E+03,3.642895E-01,4.131439E+03,6.518933E+03,7.502560E-02,4.244464E+03,7.502560E-02,0.000000E+00,0.000000E+00,5.687426E-02,1.260742E+03,3.082079E-01,3.672597E+03,5.002008E+03,5.687426E-02,1.443624E+03,2.821337E-01,3.198582E+03,5.104789E+03,1.248095E-01,5.189934E+03,5.687426E-02,0.000000E+00,0.000000E+00,3.373854E-02,7.478884E+02,2.032214E-01,2.406266E+03,3.210386E+03,3.373854E-02,8.563763E+02,1.879056E-01,2.126765E+03,3.275877E+03,7.474127E-02,3.099144E+03,3.373854E-02,0.000000E+00,0.000000E+00,5.687426E-02,1.260742E+03,3.136105E-01,3.732915E+03,5.068286E+03,5.687426E-02,1.443624E+03,2.873251E-01,3.256539E+03,5.169740E+03,1.251073E-01,5.198586E+03,5.687426E-02,0.000000E+00,0.000000E+00,3.373854E-02,7.478884E+02,2.319992E-01,2.727573E+03,3.543470E+03,3.373854E-02,8.563763E+02,2.162834E-01,2.443604E+03,3.605320E+03,7.496711E-02,3.105700E+03,3.373854E-02,0.000000E+00,0.000000E+00
22:10:00,7.502560E-02,1.671462E+03,3.726974E-01,4.458205E+03,6.098073E+03,7.502560E-02,1.912710E+03,3.634818E-01,4.114064E+03,6.501019E+03,7.502560E-02,4.244464E+03,7.502560E-02,0.000000E+00,0.000000E+00,5.687426E-02,1.267076E+03,3.060154E-01,3.641784E+03,4.969181E+03,5.687426E-02,1.449958E+03,2.800402E-01,3.168874E+03,5.072390E+03,1.248098E-01,5.189942E+03,5.687426E-02,0.000000E+00,0.000000E+00,3.373854E-02,7.516459E+02,2.016226E-01,2.384658E+03,3.187411E+03,3.373854E-02,8.601338E+02,1.863578E-01,2.105727E+03,3.253000E+03,7.474143E-02,3.099148E+03,3.373854E-02,0.000000E+00,0.000000E+00,5.687426E-02,1.267076E+03,3.111742E-01,3.699379E+03,5.032600E+03,5.687426E-02,1.449958E+03,2.849847E-01,3.224076E+03,5.134411E+03,1.251076E-01,5.198594E+03,5.687426E-02,0.000000E+00,0.000000E+00,3.373854E-02,7.516459E+02,2.289008E-01,2.689222E+03,3.503225E+03,3.373854E-02,8.601338E+02,2.132416E-01,2.405886E+03,3.565201E+03,7.496727E-02,3.105705E+03,3.373854E-02,0.000000E+00,0.000000E+00
22:20:00,7.502560E-02,1.679817E+03,3.719285E-01,4.441265E+03,6.080631E+03,7.502560E-02,1.921066E+03,3.627118E-01,4.097111E+03,6.483540E+03,7.502560E-02,4.244464E+03,7.502560E-02,0.000000E+00,0.000000E+00,5.687426E-02,1.273410E+03,3.039161E-01,3.612012E+03,4.937462E+03,5.687426E-02,1.456292E+03,2.780390E-01,3.140198E+03,5.041116E+03,1.248101E-01,5.189951E+03,5.687426E-02,0.000000E+00,0.000000E+00,3.373854E-02,7.554034E+02,2.000832E-01,2.363714E+03,3.165145E+03,3.373854E-02,8.638913E+02,1.848678E-01,2.085335E+03,3.230833E+03,7.474159E-02,3.099153E+03,3.373854E-02,0.000000E+00,0.000000E+00,5.687426E-02,1.273410E+03,3.088537E-01,3.667137E+03,4.998287E+03,5.687426E-02,1.456292E+03,2.827571E-01,3.192872E+03,5.100445E+03,1.251079E-01,5.198603E+03,5.687426E-02,0.000000E+00,0.000000E+00,3.373854E-02,7.554034E+02,2.260076E-01,2.653162E+03,3.465373E+03,3.373854E-02,8.638913E+02,2.104022E-01,2.370427E+03,3.527467E+03,7.496742E-02,3.105710E+03,3.373854E-02,0.000000E+00,0.000000E+00
22:30:00,7.502560E-02,1.688173E+03,3.711922E-01,4.424688E+03,6.063565E+03,7.502560E-02,1.929422E+03,3.619742E-01,4.080519E+03,6.466432E+03,7.502560E-02,4.244464E+03,7.502560E-02,0.000000E+00,0.000000E+00,5.687426E-02,1.279745E+03,3.019019E-01,3.583190E+03,4.906765E+03,5.687426E-02,1.462626E+03,2.761208E-01,3.112448E+03,5.010869E+03,1.248104E-01,5.189959E+03,5.687426E-02,0.000000E+00,0.000000E+00,3.373854E-02,7.591610E+02,1.985986E-01,2.343382E+03,3.143541E+03,3.373854E-02,8.676488E+02,1.834310E-01,2.065536E+03,3.209331E+03,7.474174E-02,3.099157E+03,3.373854E-02,0.000000E+00,0.000000E+00,5.687426E-02,1.279745E+03,3.066390E-01,3.636077E+03,4.965238E+03,5.687426E-02,1.462626E+03,2.806322E-01,3.162815E+03,5.067742E+03,1.251082E-01,5.198612E+03,5.687426E-02,0.000000E+00,0.000000E+00,3.373854E-02,7.591610E+02,2.232981E-01,2.619153E+03,3.429671E+03,3.373854E-02,8.676488E+02,2.077439E-01,2.336991E+03,3.491881E+03,7.496758E-02,3.105714E+03,3.373854E-02,0.000000E+00,0.000000E+00
22:40:00,7.502560E-02,1.696529E+03,3.704847E-01,4.408432E+03,6.046828E+03,7.502560E-02,1.937777E+03,3.612653E-01,4.064249E+03,6.449655E+03,7.502560E-02,4.244464E+03,7.502560E-02,0.000000E+00,0.000000E+00,5.687426E-02,1.286079E+03,2.999664E-01,3.555247E+03,4.877009E+03,5.687426E-02,1.468961E+03,2.742784E-01,3.085544E+03,4.981558E+03,1.248107E-01,5.189968E+03,5.687426E-02,0.000000E+00,0.000000E+00,3.373854E-02,7.629185E+02,1.971652E-01,2.323620E+03,3.122550E+03,3.373854E-02,8.714064E+02,1.820438E-01,2.046292E+03,3.188447E+03,7.474190E-02,3.099162E+03,3.373854E-02,0.000000E+00,0.000000E+00,5.687426E-02,1.286079E+03,3.045219E-01,3.606106E+03,4.933351E+03,5.687426E-02,1.468961E+03,2.786020E-01,3.133815E+03,5.036198E+03,1.251085E-01,5.198620E+03,5.687426E-02,0.000000E+00,0.000000E+00,3.373854E-02,7.629185E+02,2.207538E-01,2.586989E+03,3.395898E+03,3.373854E-02,8.714064E+02,2.052484E-01,2.305371E+03,3.458222E+03,7.496773E-02,3.105719E+03,3.373854E-02,0.000000E+00,0.000000E+00
22:50:00,7.502560E-02,1.704885E+03,3.698029E-01,4.392464E+03,6.030385E+03,7.502560E-02,1.946133E+03,3.605820E-01,4.048264E+03,6.433171E+03,7.502560E-02,4.244464E+03,7.502560E-02,0.000000E+00,0.000000E+00,5.687426E-02,1.292413E+03,2.981040E-01,3.528120E+03,4.848125E+03,5.687426E-02,1.475295E+03,2.725056E-01,3.059418E+03,4.953097E+03,1.248110E-01,5.189976E+03,5.687426E-02,0.000000E+00,0.000000E+00,3.373854E-02,7.666760E+02,1.957795E-01,2.304392E+03,3.102130E+03,3.373854E-02,8.751639E+02,1.807030E-01,2.027564E+03,3.168129E+03,7.474205E-02,3.099166E+03,3.373854E-02,0.000000E+00,0.000000E+00,5.687426E-02,1.292413E+03,3.024950E-01,3.577142E+03,4.902536E+03,5.687426E-02,1.475295E+03,2.766593E-01,3.105791E+03,5.005714E+03,1.251088E-01,5.198628E+03,5.687426E-02,0.000000E+00,0.000000E+00,3.373854E-02,7.666760E+02,2.183584E-01,2.556487E+03,3.363859E+03,3.373854E-02,8.751639E+02,2.028995E-01,2.275389E+03,3.426287E+03,7.496789E-02,3.105723E+03,3.373854E-02,0.000000E+00,0.000000E+00
23:00:00,7.502560E-02,1.713240E+03,3.691441E-01,4.376753E+03,6.014207E+03,7.502560E-02,1.954489E+03,3.599217E-01,4.032536E+03,6.416950E+03,7.502560E-02,4.244464E+03,7.502560E-02,0.000000E+00,0.000000E+00,5.687426E-02,1.298747E+03,2.963098E-01,3.501754E+03,4.820053E+03,5.687426E-02,1.481629E+03,2.707968E-01,3.034007E+03,4.925414E+03,1.248113E-01,5.189984E+03,5.687426E-02,0.000000E+00,0.000000E+00,3.373854E-02,7.704335E+02,1.944388E-01,2.285666E+03,3.082241E+03,3.373854E-02,8.789214E+02,1.794056E-01,2.009323E+03,3.148335E+03,7.474220E-02,3.099171E+03,3.373854E-02,0.000000E+00,0.000000E+00,5.687426E-02,1.298747E+03,3.005519E-01,3.549114E+03,4.872712E+03,5.687426E-02,1.481629E+03,2.747976E-01,3.078672E+03,4.976206E+03,1.251091E-01,5.198637E+03,5.687426E-02,0.000000E+00,0.000000E+00,3.373854E-02,7.704335E+02,2.160975E-01,2.527487E+03,3.333385E+03,3.373854E-02,8.789214E+02,2.006831E-01,2.246886E+03,3.395902E+03,7.496804E-02,3.105727E+03,3.373854E-02,0.000000E+00,0.000000E+00
23:10:00,7.502560E-02,1.721596E+03,3.685060E-01,4.361273E+03,5.998263E+03,7.502560E-02,1.962844E+03,3.592820E-01,4.017038E+03,6.400963E+03,7.502560E-02,4.244464E+03,7.502560E-02,0.000000E+00,0.000000E+00,5.687426E-02,1.305081E+03,2.945669E-01,3.475961E+03,4.792576E+03,5.687426E-02,1.487963E+03,2.691380E-01,3.009153E+03,4.898320E+03,1.248116E-01,5.189993E+03,5.687426E-02,0.000000E+00,0.000000E+00,3.373854E-02,7.741910E+02,1.931338E-01,2.267338E+03,3.062766E+03,3.373854E-02,8.826789E+02,1.781440E-01,1.991481E+03,3.128964E+03,7.474235E-02,3.099175E+03,3.373854E-02,0.000000E+00,0.000000E+00,5.687426E-02,1.305081E+03,2.986747E-01,3.521822E+03,4.843655E+03,5.687426E-02,1.487963E+03,2.730021E-01,3.052293E+03,4.947479E+03,1.251094E-01,5.198645E+03,5.687426E-02,0.000000E+00,0.000000E+00,3.373854E-02,7.741910E+02,2.139519E-01,2.499774E+03,3.304241E+03,3.373854E-02,8.826789E+02,1.985814E-01,2.219664E+03,3.366849E+03,7.496819E-02,3.105732E+03,3.373854E-02,0.000000E+00,0.000000E+00
23:20:00,7.502560E-02,1.729952E+03,3.678864E-01,4.345999E+03,5.982532E+03,7.502560E-02,1.971200E+03,3.586607E-01,4.001746E+03,6.385188E+03,7.502560E-02,4.244464E+03,7.502560E-02,0.000000E+00,0.000000E+00,5.687426E-02,1.311416E+03,2.928712E-01,3.450694E+03,4.765646E+03,5.687426E-02,1.494297E+03,2.675237E-01,2.984796E+03,4.871747E+03,1.248118E-01,5.190001E+03,5.687426E-02,0.000000E+00,0.000000E+00,3.373854E-02,7.779486E+02,1.918618E-01,2.249380E+03,3.043676E+03,3.373854E-02,8.864365E+02,1.769157E-01,1.974010E+03,3.109982E+03,7.474250E-02,3.099179E+03,3.373854E-02,0.000000E+00,0.000000E+00,5.687426E-02,1.311416E+03,2.968572E-01,3.495195E+03,4.815289E+03,5.687426E-02,1.494297E+03,2.712669E-01,3.026586E+03,4.919458E+03,1.251096E-01,5.198653E+03,5.687426E-02,0.000000E+00,0.000000E+00,3.373854E-02,7.779486E+02,2.119101E-01,2.473220E+03,3.276294E+03,3.373854E-02,8.864365E+02,1.965832E-01,2.193597E+03,3.338994E+03,7.496834E-02,3.105736E+03,3.373854E-02,0.000000E+00,0.000000E+00
23:30:00,7.502560E-02,1.738308E+03,3.672833E-01,4.330910E+03,5.966988E+03,7.502560E-02,1.979556E+03,3.580560E-01,3.986638E+03,6.369600E+03,7.502560E-02,4.244464E+03,7.502560E-02,0.000000E+00,0.000000E+00,5.687426E-02,1.317750E+03,2.912187E-01,3.425911E+03,4.739215E+03,5.687426E-02,1.500632E+03,2.659506E-01,2.960899E+03,4.845770E+03,1.248121E-01,5.190009E+03,5.687426E-02,0.000000E+00,0.000000E+00,3.373854E-02,7.817061E+02,1.906207E-01,2.231766E+03,3.024940E+03,3.373854E-02,8.901940E+02,1.757182E-01,1.956883E+03,3.091446E+03,7.474265E-02,3.099184E+03,3.373854E-02,0.000000E+00,0.000000E+00,5.687426E-02,1.317750E+03,2.950941E-01,3.469177E+03,4.787552E+03,5.687426E-02,1.500632E+03,2.695867E-01,3.001493E+03,4.892202E+03,1.251099E-01,5.198661E+03,5.687426E-02,0.000000E+00,0.000000E+00,3.373854E-02,7.817061E+02,2.099620E-01,2.447712E+03,3.249426E+03,3.373854E-02,8.901940E+02,1.946782E-01,2.168571E+03,3.312316E+03,7.496848E-02,3.105740E+03,3.373854E-02,0.000000E+00,0.000000E+00
23:40:00,7.502560E-02,1.746663E+03,3.666950E-01,4.315985E+03,5.951613E+03,7.502560E-02,1.987912E+03,3.574660E-01,3.971695E+03,6.354181E+03,7.502560E-02,4.244464E+03,7.502560E-02,0.000000E+00,0.000000E+00,5.687426E-02,1.324084E+03,2.896062E-01,3.401574E+03,4.713247E+03,5.687426E-02,1.506966E+03,2.644152E-01,2.937424E+03,4.820639E+03,1.248124E-01,5.190017E+03,5.687426E-02,0.000000E+00,0.000000E+00,3.373854E-02,7.854636E+02,1.894084E-01,2.214474E+03,3.006538E+03,3.373854E-02,8.939515E+02,1.745490E-01,1.940072E+03,3.073544E+03,7.474280E-02,3.099188E+03,3.373854E-02,0.000000E+00,0.000000E+00,5.687426E-02,1.324084E+03,2.933810E-01,3.443716E+03,4.760392E+03,5.687426E-02,1.506966E+03,2.679567E-01,2.976961E+03,4.865962E+03,1.251102E-01,5.198670E+03,5.687426E-02,0.000000E+00,0.000000E+00,3.373854E-02,7.854636E+02,2.080987E-01,2.423151E+03,3.223536E+03,3.373854E-02,8.939515E+02,1.928573E-01,2.144483E+03,3.286947E+03,7.496863E-02,3.105745E+03,3.373854E-02,0.000000E+00,0.000000E+00
23:50:00,7.502560E-02,1.755019E+03,3.661198E-01,4.301207E+03,5.936387E+03,7.502560E-02,1.996267E+03,3.568892E-01,3.956899E+03,6.338913E+03,7.502560E-02,4.244464E+03,7.502560E-02,0.000000E+00,0.000000E+00,5.687426E-02,1.330418E+03,2.880307E-01,3.377649E+03,4.687704E+03,5.687426E-02,1.513300E+03,2.629144E-01,2.914334E+03,4.796381E+03,1.248127E-01,5.190025E+03,5.687426E-02,0.000000E+00,0.000000E+00,3.373854E-02,7.892211E+02,1.882230E-01,2.197481E+03,2.988445E+03,3.373854E-02,8.977090E+02,1.734059E-01,1.923552E+03,3.056291E+03,7.474294E-02,3.099192E+03,3.373854E-02,0.000000E+00,0.000000E+00,5.687426E-02,1.330418E+03,2.917136E-01,3.418766E+03,4.733760E+03,5.687426E-02,1.513300E+03,2.663729E-01,2.952944E+03,4.840760E+03,1.251105E-01,5.198678E+03,5.687426E-02,0.000000E+00,0.000000E+00,3.373854E-02,7.892211E+02,2.063122E-01,2.399448E+03,3.198530E+03,3.373854E-02,8.977090E+02,1.911122E-01,2.121243E+03,3.262831E+03,7.496878E-02,3.105749E+03,3.373854E-02,0.000000E+00,0.000000E+00
24:00:00,7.502560E-02,1.763375E+03,3.655564E-01,4.286561E+03,5.921296E+03,7.502560E-02,2.004623E+03,3.563242E-01,3.942235E+03,6.323778E+03,7.502560E-02,4.244464E+03,7.502560E-02,0.000000E+00,0.000000E+00,5.687426E-02,1.336752E+03,2.864894E-01,3.354107E+03,4.662556E+03,5.687426E-02,1.519634E+03,2.614449E-01,2.891594E+03,4.772871E+03,1.248130E-01,5.190033E+03,5.687426E-02,0.000000E+00,0.000000E+00,3.373854E-02,7.929787E+02,1.870628E-01,2.180771E+03,2.970642E+03,3.373854E-02,9.014666E+02,1.722867E-01,1.907300E+03,3.039589E+03,7.474309E-02,3.099196E+03,3.373854E-02,0.000000E+00,0.000000E+00,5.687426E-02,1.336752E+03,2.900883E-01,3.394287E+03,4.707614E+03,5.687426E-02,1.519634E+03,2.648318E-01,2.929405E+03,4.816460E+03,1.251108E-01,5.198686E+03,5.687426E-02,0.000000E+00,0.000000E+00,3.373854E-02,7.929787E+02,2.045954E-01,2.376523E+03,3.174327E+03,3.373854E-02,9.014666E+02,1.894358E-01,2.098769E+03,3.239792E+03,7.496892E-02,3.105753E+03,3.373854E-02,0.000000E+00,0.000000E+00
Coinc Peak   ,7.502560E-02,3.935344E-01,4.244464E+03,5.110352E+03,1.248130E-01,4.081943E-01,5.190033E+03,5.132842E+03,7.474309E-02,3.580880E-01,3.099196E+03,4.246581E+03,1.251108E-01,4.056380E-01,5.198686E+03,5.101837E+03,7.496892E-02,3.999602E-01,3.105753E+03,4.745099E+03
NonCoinc Peak,7.502560E-02,3.935344E-01,4.244464E+03,5.110352E+03,1.248130E-01,4.081943E-01,5.190033E+03,5.132842E+03,7.474309E-02,3.580880E-01,3.099196E+03,4.246581E+03,1.251108E-01,4.056380E-01,5.198686E+03,5.101837E+03,7.496892E-02,3.999602E-01,3.105753E+03,4.745099E+03
