Time,CORE_ZN ZN PSZ-AC-1:DesPer 1:Des Heat Mass Flow [kg/s],CORE_ZN ZN PSZ-AC-1:DesPer 1:Des Heat Cap [W],CORE_ZN ZN PSZ-AC-1:DesPer 1:Des Cool Mass Flow [kg/s],CORE_ZN ZN PSZ-AC-1:DesPer 1:Des Sens Cool Cap [W],CORE_ZN ZN PSZ-AC-1:DesPer 1:Des Tot Cool Cap [W],CORE_ZN ZN PSZ-AC-1:DesPer 2:Des Heat Mass Flow [kg/s],CORE_ZN ZN PSZ-AC-1:DesPer 2:Des Heat Cap [W],CORE_ZN ZN PSZ-AC-1:DesPer 2:Des Cool Mass Flow [kg/s],CORE_ZN ZN PSZ-AC-1:DesPer 2:Des Sens Cool Cap [W],CORE_ZN ZN PSZ-AC-1:DesPer 2:Des Tot Cool Cap [W],CORE_ZN ZN PSZ-AC-1:DesPer 3:Des Heat Mass Flow [kg/s],CORE_ZN ZN PSZ-AC-1:DesPer 3:Des Heat Cap [W],CORE_ZN ZN PSZ-AC-1:DesPer 3:Des Cool Mass Flow [kg/s],CORE_ZN ZN PSZ-AC-1:DesPer 3:Des Sens Cool Cap [W],CORE_ZN ZN PSZ-AC-1:DesPer 3:Des Tot Cool Cap [W],PERIMETER_ZN_1 ZN PSZ-AC-2:DesPer 1:Des Heat Mass Flow [kg/s],PERIMETER_ZN_1 ZN PSZ-AC-2:DesPer 1:Des Heat Cap [W],PERIMETER_ZN_1 ZN PSZ-AC-2:DesPer 1:Des Cool Mass Flow [kg/s],PERIMETER_ZN_1 ZN PSZ-AC-2:DesPer 1:Des Sens Cool Cap [W],PERIMETER_ZN_1 ZN PSZ-AC-2:DesPer 1:Des Tot Cool Cap [W],PERIMETER_ZN_1 ZN PSZ-AC-2:DesPer 2:Des Heat Mass Flow [kg/s],PERIMETER_ZN_1 ZN PSZ-AC-2:DesPer 2:Des Heat Cap [W],PERIMETER_ZN_1 ZN PSZ-AC-2:DesPer 2:Des Cool Mass Flow [kg/s],PERIMETER_ZN_1 ZN PSZ-AC-2:DesPer 2:Des Sens Cool Cap [W],PERIMETER_ZN_1 ZN PSZ-AC-2:DesPer 2:Des Tot Cool Cap [W],PERIMETER_ZN_1 ZN PSZ-AC-2:DesPer 3:Des Heat Mass Flow [kg/s],PERIMETER_ZN_1 ZN PSZ-AC-2:DesPer 3:Des Heat Cap [W],PERIMETER_ZN_1 ZN PSZ-AC-2:DesPer 3:Des Cool Mass Flow [kg/s],PERIMETER_ZN_1 ZN PSZ-AC-2:DesPer 3:Des Sens Cool Cap [W],PERIMETER_ZN_1 ZN PSZ-AC-2:DesPer 3:Des Tot Cool Cap [W],PERIMETER_ZN_2 ZN PSZ-AC-3:DesPer 1:Des Heat Mass Flow [kg/s],PERIMETER_ZN_2 ZN PSZ-AC-3:DesPer 1:Des Heat Cap [W],PERIMETER_ZN_2 ZN PSZ-AC-3:DesPer 1:Des Cool Mass Flow [kg/s],PERIMETER_ZN_2 ZN PSZ-AC-3:DesPer 1:Des Sens Cool Cap [W],PERIMETER_ZN_2 ZN PSZ-AC-3:DesPer 1:Des Tot Cool Cap [W],PERIMETER_ZN_2 ZN PSZ-AC-3:DesPer 2:Des Heat Mass Flow [kg/s],PERIMETER_ZN_2 ZN PSZ-AC-3:DesPer 2:Des Heat Cap [W],PERIMETER_ZN_2 ZN PSZ-AC-3:DesPer 2:Des Cool Mass Flow [kg/s],PERIMETER_ZN_2 ZN PSZ-AC-3:DesPer 2:Des Sens Cool Cap [W],PERIMETER_ZN_2 ZN PSZ-AC-3:DesPer 2:Des Tot Cool Cap [W],PERIMETER_ZN_2 ZN PSZ-AC-3:DesPer 3:Des Heat Mass Flow [kg/s],PERIMETER_ZN_2 ZN PSZ-AC-3:DesPer 3:Des Heat Cap [W],PERIMETER_ZN_2 ZN PSZ-AC-3:DesPer 3:Des Cool Mass Flow [kg/s],PERIMETER_ZN_2 ZN PSZ-AC-3:DesPer 3:Des Sens Cool Cap [W],PERIMETER_ZN_2 ZN PSZ-AC-3:DesPer 3:Des Tot Cool Cap [W],PERIMETER_ZN_3 ZN PSZ-AC-4:DesPer 1:Des Heat Mass Flow [kg/s],PERIMETER_ZN_3 ZN PSZ-AC-4:DesPer 1:Des Heat Cap [W],PERIMETER_ZN_3 ZN PSZ-AC-4:DesPer 1:Des Cool Mass Flow [kg/s],PERIMETER_ZN_3 ZN PSZ-AC-4:DesPer 1:Des Sens Cool Cap [W],PERIMETER_ZN_3 ZN PSZ-AC-4:DesPer 1:Des Tot Cool Cap [W],PERIMETER_ZN_3 ZN PSZ-AC-4:DesPer 2:Des Heat Mass Flow [kg/s],PERIMETER_ZN_3 ZN PSZ-AC-4:DesPer 2:Des Heat Cap [W],PERIMETER_ZN_3 ZN PSZ-AC-4:DesPer 2:Des Cool Mass Flow [kg/s],PERIMETER_ZN_3 ZN PSZ-AC-4:DesPer 2:Des Sens Cool Cap [W],PERIMETER_ZN_3 ZN PSZ-AC-4:DesPer 2:Des Tot Cool Cap [W],PERIMETER_ZN_3 ZN PSZ-AC-4:DesPer 3:Des Heat Mass Flow [kg/s],PERIMETER_ZN_3 ZN PSZ-AC-4:DesPer 3:Des Heat Cap [W],PERIMETER_ZN_3 ZN PSZ-AC-4:DesPer 3:Des Cool Mass Flow [kg/s],PERIMETER_ZN_3 ZN PSZ-AC-4:DesPer 3:Des Sens Cool Cap [W],PERIMETER_ZN_3 ZN PSZ-AC-4:DesPer 3:Des Tot Cool Cap [W],PERIMETER_ZN_4 ZN PSZ-AC-5:DesPer 1:Des Heat Mass Flow [kg/s],PERIMETER_ZN_4 ZN PSZ-AC-5:DesPer 1:Des Heat Cap [W],PERIMETER_ZN_4 ZN PSZ-AC-5:DesPer 1:Des Cool Mass Flow [kg/s],PERIMETER_ZN_4 ZN PSZ-AC-5:DesPer 1:Des Sens Cool Cap [W],PERIMETER_ZN_4 ZN PSZ-AC-5:DesPer 1:Des Tot Cool Cap [W],PERIMETER_ZN_4 ZN PSZ-AC-5:DesPer 2:Des Heat Mass Flow [kg/s],PERIMETER_ZN_4 ZN PSZ-AC-5:DesPer 2:Des Heat Cap [W],PERIMETER_ZN_4 ZN PSZ-AC-5:DesPer 2:Des Cool Mass Flow [kg/s],PERIMETER_ZN_4 ZN PSZ-AC-5:DesPer 2:Des Sens Cool Cap [W],PERIMETER_ZN_4 ZN PSZ-AC-5:DesPer 2:Des Tot Cool Cap [W],PERIMETER_ZN_4 ZN PSZ-AC-5:DesPer 3:Des Heat Mass Flow [kg/s],PERIMETER_ZN_4 ZN PSZ-AC-5:DesPer 3:Des Heat Cap [W],PERIMETER_ZN_4 ZN PSZ-AC-5:DesPer 3:Des Cool Mass Flow [kg/s],PERIMETER_ZN_4 ZN PSZ-AC-5:DesPer 3:Des Sens Cool Cap [W],PERIMETER_ZN_4 ZN PSZ-AC-5:DesPer 3:Des Tot Cool Cap [W]
00:10:00,6.823837E-02,1.555851E+03,3.520143E-01,4.164777E+03,4.380274E+03,6.823837E-02,2.104411E+03,3.253146E-01,3.318116E+03,4.888030E+03,6.823837E-02,3.785059E+03,6.823837E-02,0.000000E+00,0.000000E+00,5.172911E-02,1.179436E+03,2.857097E-01,3.367811E+03,3.487097E+03,5.172911E-02,1.595280E+03,2.091153E-01,2.096666E+03,3.378704E+03,1.306269E-01,5.159982E+03,5.172911E-02,0.000000E+00,0.000000E+00,3.068637E-02,6.996567E+02,1.791753E-01,2.106011E+03,2.177348E+03,3.068637E-02,9.463404E+02,1.329925E-01,1.343606E+03,2.121063E+03,8.022994E-02,3.140542E+03,3.068637E-02,0.000000E+00,0.000000E+00,5.172911E-02,1.179436E+03,2.874540E-01,3.387289E+03,3.505070E+03,5.172911E-02,1.595280E+03,2.095222E-01,2.101206E+03,3.388689E+03,1.319721E-01,5.199047E+03,5.172911E-02,0.000000E+00,0.000000E+00,3.068637E-02,6.996567E+02,1.899554E-01,2.226375E+03,2.301965E+03,3.068637E-02,9.463404E+02,1.424271E-01,1.448941E+03,2.234233E+03,7.954953E-02,3.120787E+03,3.068637E-02,0.000000E+00,0.000000E+00
00:20:00,6.823837E-02,1.564765E+03,3.516859E-01,4.152196E+03,4.367291E+03,6.823837E-02,2.113325E+03,3.249723E-01,3.305381E+03,4.874821E+03,6.823837E-02,3.785059E+03,6.823837E-02,0.000000E+00,0.000000E+00,5.172911E-02,1.186194E+03,2.840163E-01,3.342146E+03,3.461139E+03,5.172911E-02,1.602037E+03,2.074594E-01,2.071420E+03,3.353093E+03,1.306105E-01,5.159508E+03,5.172911E-02,0.000000E+00,0.000000E+00,3.068637E-02,7.036653E+02,1.780169E-01,2.089069E+03,2.160236E+03,3.068637E-02,9.503490E+02,1.318578E-01,1.326929E+03,2.104220E+03,8.022026E-02,3.140261E+03,3.068637E-02,0.000000E+00,0.000000E+00,5.172911E-02,1.186194E+03,2.857237E-01,3.361211E+03,3.478717E+03,5.172911E-02,1.602037E+03,2.078270E-01,2.075521E+03,3.362651E+03,1.319557E-01,5.198572E+03,5.172911E-02,0.000000E+00,0.000000E+00,3.068637E-02,7.036653E+02,1.884328E-01,2.205365E+03,2.280677E+03,3.068637E-02,9.503490E+02,1.409288E-01,1.428204E+03,2.213190E+03,7.953985E-02,3.120506E+03,3.068637E-02,0.000000E+00,0.000000E+00
00:30:00,6.823837E-02,1.573680E+03,3.513612E-01,4.139658E+03,4.354352E+03,6.823837E-02,2.122239E+03,3.246341E-01,3.292690E+03,4.861657E+03,6.823837E-02,3.785059E+03,6.823837E-02,0.000000E+00,0.000000E+00,5.172911E-02,1.192951E+03,2.823639E-01,3.316938E+03,3.435623E+03,5.172911E-02,1.608795E+03,2.058326E-01,2.046498E+03,3.327745E+03,1.305942E-01,5.159034E+03,5.172911E-02,0.000000E+00,0.000000E+00,3.068637E-02,7.076739E+02,1.768860E-01,2.072432E+03,2.143419E+03,3.068637E-02,9.543576E+02,1.307433E-01,1.310477E+03,2.087557E+03,8.021060E-02,3.139981E+03,3.068637E-02,0.000000E+00,0.000000E+00,5.172911E-02,1.192951E+03,2.840382E-01,3.335634E+03,3.452850E+03,5.172911E-02,1.608795E+03,2.061644E-01,2.050201E+03,3.336915E+03,1.319394E-01,5.198098E+03,5.172911E-02,0.000000E+00,0.000000E+00,3.068637E-02,7.076739E+02,1.869641E-01,2.184958E+03,2.259987E+03,3.068637E-02,9.543576E+02,1.394773E-01,1.407989E+03,2.192634E+03,7.953018E-02,3.120226E+03,3.068637E-02,0.000000E+00,0.000000E+00
00:40:00,6.823837E-02,1.582594E+03,3.510402E-01,4.127159E+03,4.341455E+03,6.823837E-02,2.131153E+03,3.242995E-01,3.280040E+03,4.848537E+03,6.823837E-02,3.785059E+03,6.823837E-02,0.000000E+00,0.000000E+00,5.172911E-02,1.199708E+03,2.807512E-01,3.292174E+03,3.410544E+03,5.172911E-02,1.615552E+03,2.042341E-01,2.021894E+03,3.302662E+03,1.305779E-01,5.158561E+03,5.172911E-02,0.000000E+00,0.000000E+00,3.068637E-02,7.116825E+02,1.757816E-01,2.056093E+03,2.126894E+03,3.068637E-02,9.583662E+02,1.296484E-01,1.294243E+03,2.071077E+03,8.020095E-02,3.139701E+03,3.068637E-02,0.000000E+00,0.000000E+00,5.172911E-02,1.199708E+03,2.823959E-01,3.310540E+03,3.427460E+03,5.172911E-02,1.615552E+03,2.045334E-01,2.025233E+03,3.311478E+03,1.319231E-01,5.197625E+03,5.172911E-02,0.000000E+00,0.000000E+00,3.068637E-02,7.116825E+02,1.855457E-01,2.165112E+03,2.239861E+03,3.068637E-02,9.583662E+02,1.380695E-01,1.388262E+03,2.172537E+03,7.952053E-02,3.119946E+03,3.068637E-02,0.000000E+00,0.000000E+00
00:50:00,6.823837E-02,1.591508E+03,3.507226E-01,4.114699E+03,4.328595E+03,6.823837E-02,2.140067E+03,3.239684E-01,3.267430E+03,4.835456E+03,6.823837E-02,3.785059E+03,6.823837E-02,0.000000E+00,0.000000E+00,5.172911E-02,1.206466E+03,2.791772E-01,3.267842E+03,3.385899E+03,5.172911E-02,1.622309E+03,2.026633E-01,1.997598E+03,3.277854E+03,1.305616E-01,5.158088E+03,5.172911E-02,0.000000E+00,0.000000E+00,3.068637E-02,7.156911E+02,1.747031E-01,2.040041E+03,2.110658E+03,3.068637E-02,9.623748E+02,1.285725E-01,1.278222E+03,2.054785E+03,8.019132E-02,3.139421E+03,3.068637E-02,0.000000E+00,0.000000E+00,5.172911E-02,1.206466E+03,2.807954E-01,3.285912E+03,3.402538E+03,5.172911E-02,1.622309E+03,2.029330E-01,2.000606E+03,3.286349E+03,1.319068E-01,5.197152E+03,5.172911E-02,0.000000E+00,0.000000E+00,3.068637E-02,7.156911E+02,1.841745E-01,2.145793E+03,2.220269E+03,3.068637E-02,9.623748E+02,1.367024E-01,1.368990E+03,2.152881E+03,7.951089E-02,3.119666E+03,3.068637E-02,0.000000E+00,0.000000E+00
01:00:00,6.823837E-02,1.600422E+03,3.504082E-01,4.102274E+03,4.315773E+03,6.823837E-02,2.148981E+03,3.236407E-01,3.254857E+03,4.822413E+03,6.823837E-02,3.785059E+03,6.823837E-02,0.000000E+00,0.000000E+00,5.172911E-02,1.213223E+03,2.776408E-01,3.243929E+03,3.361685E+03,5.172911E-02,1.629067E+03,2.011196E-01,1.973606E+03,3.253333E+03,1.305454E-01,5.157616E+03,5.172911E-02,0.000000E+00,0.000000E+00,3.068637E-02,7.196997E+02,1.736496E-01,2.024270E+03,2.094708E+03,3.068637E-02,9.663834E+02,1.275152E-01,1.262409E+03,2.038689E+03,8.018169E-02,3.139141E+03,3.068637E-02,0.000000E+00,0.000000E+00,5.172911E-02,1.213223E+03,2.792354E-01,3.261735E+03,3.378080E+03,5.172911E-02,1.629067E+03,2.013623E-01,1.976312E+03,3.261536E+03,1.318905E-01,5.196680E+03,5.172911E-02,0.000000E+00,0.000000E+00,3.068637E-02,7.196997E+02,1.828475E-01,2.126968E+03,2.201184E+03,3.068637E-02,9.663834E+02,1.353737E-01,1.350146E+03,2.133650E+03,7.950126E-02,3.119386E+03,3.068637E-02,0.000000E+00,0.000000E+00
01:10:00,6.823837E-02,1.606365E+03,3.501570E-01,4.093527E+03,4.306791E+03,6.823837E-02,2.154924E+03,3.233844E-01,3.246053E+03,4.813338E+03,6.823837E-02,3.785059E+03,6.823837E-02,0.000000E+00,0.000000E+00,5.172911E-02,1.217728E+03,2.761941E-01,3.223271E+03,3.340864E+03,5.172911E-02,1.633572E+03,1.996650E-01,1.952860E+03,3.232301E+03,1.305462E-01,5.157639E+03,5.172911E-02,0.000000E+00,0.000000E+00,3.068637E-02,7.223721E+02,1.726519E-01,2.010457E+03,2.080797E+03,3.068637E-02,9.690558E+02,1.265131E-01,1.248548E+03,2.024682E+03,8.018215E-02,3.139155E+03,3.068637E-02,0.000000E+00,0.000000E+00,5.172911E-02,1.217728E+03,2.777678E-01,3.240843E+03,3.357046E+03,5.172911E-02,1.633572E+03,1.998830E-01,1.955291E+03,3.240241E+03,1.318913E-01,5.196702E+03,5.172911E-02,0.000000E+00,0.000000E+00,3.068637E-02,7.223721E+02,1.815940E-01,2.110299E+03,2.184339E+03,3.068637E-02,9.690558E+02,1.341185E-01,1.333459E+03,2.116717E+03,7.950172E-02,3.119399E+03,3.068637E-02,0.000000E+00,0.000000E+00
01:20:00,6.823837E-02,1.612307E+03,3.499087E-01,4.084813E+03,4.297845E+03,6.823837E-02,2.160867E+03,3.231312E-01,3.237283E+03,4.804298E+03,6.823837E-02,3.785059E+03,6.823837E-02,0.000000E+00,0.000000E+00,5.172911E-02,1.222233E+03,2.747940E-01,3.203133E+03,3.320541E+03,5.172911E-02,1.638077E+03,1.982520E-01,1.932578E+03,3.211680E+03,1.305469E-01,5.157661E+03,5.172911E-02,0.000000E+00,0.000000E+00,3.068637E-02,7.250445E+02,1.716842E-01,1.996980E+03,2.067204E+03,3.068637E-02,9.717282E+02,1.255380E-01,1.234988E+03,2.010933E+03,8.018260E-02,3.139168E+03,3.068637E-02,0.000000E+00,0.000000E+00,5.172911E-02,1.222233E+03,2.763494E-01,3.220502E+03,3.336540E+03,5.172911E-02,1.638077E+03,1.984479E-01,1.934763E+03,3.219385E+03,1.318921E-01,5.196724E+03,5.172911E-02,0.000000E+00,0.000000E+00,3.068637E-02,7.250445E+02,1.803865E-01,2.094144E+03,2.167995E+03,3.068637E-02,9.717282E+02,1.329066E-01,1.317256E+03,2.100228E+03,7.950217E-02,3.119413E+03,3.068637E-02,0.000000E+00,0.000000E+00
01:30:00,6.823837E-02,1.618250E+03,3.496636E-01,4.076133E+03,4.288934E+03,6.823837E-02,2.166809E+03,3.228811E-01,3.228548E+03,4.795294E+03,6.823837E-02,3.785059E+03,6.823837E-02,0.000000E+00,0.000000E+00,5.172911E-02,1.226738E+03,2.734399E-01,3.183509E+03,3.300693E+03,5.172911E-02,1.642582E+03,1.968808E-01,1.912764E+03,3.191437E+03,1.305477E-01,5.157683E+03,5.172911E-02,0.000000E+00,0.000000E+00,3.068637E-02,7.277169E+02,1.707462E-01,1.983834E+03,2.053916E+03,3.068637E-02,9.744007E+02,1.245899E-01,1.221730E+03,1.997419E+03,8.018306E-02,3.139181E+03,3.068637E-02,0.000000E+00,0.000000E+00,5.172911E-02,1.226738E+03,2.749797E-01,3.200703E+03,3.316536E+03,5.172911E-02,1.642582E+03,1.970571E-01,1.914729E+03,3.198934E+03,1.318929E-01,5.196747E+03,5.172911E-02,0.000000E+00,0.000000E+00,3.068637E-02,7.277169E+02,1.792231E-01,2.078482E+03,2.152119E+03,3.068637E-02,9.744007E+02,1.317369E-01,1.301523E+03,2.084143E+03,7.950263E-02,3.119426E+03,3.068637E-02,0.000000E+00,0.000000E+00
01:40:00,6.823837E-02,1.624193E+03,3.494215E-01,4.067488E+03,4.280058E+03,6.823837E-02,2.172752E+03,3.226341E-01,3.219847E+03,4.786325E+03,6.823837E-02,3.785059E+03,6.823837E-02,0.000000E+00,0.000000E+00,5.172911E-02,1.231243E+03,2.721315E-01,3.164394E+03,3.281330E+03,5.172911E-02,1.647087E+03,1.955518E-01,1.893421E+03,3.171601E+03,1.305485E-01,5.157705E+03,5.172911E-02,0.000000E+00,0.000000E+00,3.068637E-02,7.303894E+02,1.698376E-01,1.971016E+03,2.040937E+03,3.068637E-02,9.770731E+02,1.236690E-01,1.208776E+03,1.984159E+03,8.018351E-02,3.139194E+03,3.068637E-02,0.000000E+00,0.000000E+00,5.172911E-02,1.231243E+03,2.736581E-01,3.181442E+03,3.297043E+03,5.172911E-02,1.647087E+03,1.957109E-01,1.895194E+03,3.178912E+03,1.318936E-01,5.196769E+03,5.172911E-02,0.000000E+00,0.000000E+00,3.068637E-02,7.303894E+02,1.781025E-01,2.063297E+03,2.136705E+03,3.068637E-02,9.770731E+02,1.306080E-01,1.286247E+03,2.068468E+03,7.950308E-02,3.119439E+03,3.068637E-02,0.000000E+00,0.000000E+00
01:50:00,6.823837E-02,1.630135E+03,3.491827E-01,4.058878E+03,4.271220E+03,6.823837E-02,2.178695E+03,3.223903E-01,3.211182E+03,4.777394E+03,6.823837E-02,3.785059E+03,6.823837E-02,0.000000E+00,0.000000E+00,5.172911E-02,1.235748E+03,2.708685E-01,3.145787E+03,3.262470E+03,5.172911E-02,1.651592E+03,1.942655E-01,1.874554E+03,3.152215E+03,1.305492E-01,5.157728E+03,5.172911E-02,0.000000E+00,0.000000E+00,3.068637E-02,7.330618E+02,1.689580E-01,1.958524E+03,2.028280E+03,3.068637E-02,9.797455E+02,1.227756E-01,1.196128E+03,1.971183E+03,8.018397E-02,3.139208E+03,3.068637E-02,0.000000E+00,0.000000E+00,5.172911E-02,1.235748E+03,2.723841E-01,3.162711E+03,3.278076E+03,5.172911E-02,1.651592E+03,1.944096E-01,1.876160E+03,3.159365E+03,1.318944E-01,5.196791E+03,5.172911E-02,0.000000E+00,0.000000E+00,3.068637E-02,7.330618E+02,1.770232E-01,2.048573E+03,2.121753E+03,3.068637E-02,9.797455E+02,1.295192E-01,1.271418E+03,2.053220E+03,7.950354E-02,3.119452E+03,3.068637E-02,0.000000E+00,0.000000E+00
02:00:00,6.823837E-02,1.636078E+03,3.489471E-01,4.050305E+03,4.262421E+03,6.823837E-02,2.184638E+03,3.221496E-01,3.202552E+03,4.768500E+03,6.823837E-02,3.785059E+03,6.823837E-02,0.000000E+00,0.000000E+00,5.172911E-02,1.240253E+03,2.696505E-01,3.127683E+03,3.244128E+03,5.172911E-02,1.656097E+03,1.930224E-01,1.856169E+03,3.133322E+03,1.305500E-01,5.157750E+03,5.172911E-02,0.000000E+00,0.000000E+00,3.068637E-02,7.357342E+02,1.681074E-01,1.946353E+03,2.015954E+03,3.068637E-02,9.824179E+02,1.219098E-01,1.183789E+03,1.958516E+03,8.018442E-02,3.139221E+03,3.068637E-02,0.000000E+00,0.000000E+00,5.172911E-02,1.240253E+03,2.711572E-01,3.144507E+03,3.259652E+03,5.172911E-02,1.656097E+03,1.931535E-01,1.857630E+03,3.140334E+03,1.318952E-01,5.196813E+03,5.172911E-02,0.000000E+00,0.000000E+00,3.068637E-02,7.357342E+02,1.759841E-01,2.034299E+03,2.107263E+03,3.068637E-02,9.824179E+02,1.284696E-01,1.257027E+03,2.038418E+03,7.950399E-02,3.119465E+03,3.068637E-02,0.000000E+00,0.000000E+00
02:10:00,6.823837E-02,1.640535E+03,3.487149E-01,4.043255E+03,4.255175E+03,6.823837E-02,2.189095E+03,3.219122E-01,3.195445E+03,4.761165E+03,6.823837E-02,3.785059E+03,6.823837E-02,0.000000E+00,0.000000E+00,5.172911E-02,1.243632E+03,2.684652E-01,3.111070E+03,3.227307E+03,5.172911E-02,1.659475E+03,1.918091E-01,1.839245E+03,3.115909E+03,1.305508E-01,5.157772E+03,5.172911E-02,0.000000E+00,0.000000E+00,3.068637E-02,7.377385E+02,1.672784E-01,1.935092E+03,2.004554E+03,3.068637E-02,9.844222E+02,1.210639E-01,1.172340E+03,1.946751E+03,8.018487E-02,3.139234E+03,3.068637E-02,0.000000E+00,0.000000E+00,5.172911E-02,1.243632E+03,2.699648E-01,3.127814E+03,3.242771E+03,5.172911E-02,1.659475E+03,1.919293E-01,1.840584E+03,3.122809E+03,1.318959E-01,5.196836E+03,5.172911E-02,0.000000E+00,0.000000E+00,3.068637E-02,7.377385E+02,1.749768E-01,2.021047E+03,2.093817E+03,3.068637E-02,9.844222E+02,1.274504E-01,1.243643E+03,2.024637E+03,7.950444E-02,3.119478E+03,3.068637E-02,0.000000E+00,0.000000E+00
02:20:00,6.823837E-02,1.644992E+03,3.484859E-01,4.036242E+03,4.247966E+03,6.823837E-02,2.193552E+03,3.216780E-01,3.188373E+03,4.753866E+03,6.823837E-02,3.785059E+03,6.823837E-02,0.000000E+00,0.000000E+00,5.172911E-02,1.247011E+03,2.673123E-01,3.094817E+03,3.210834E+03,5.172911E-02,1.662854E+03,1.906257E-01,1.822653E+03,3.098786E+03,1.305515E-01,5.157794E+03,5.172911E-02,0.000000E+00,0.000000E+00,3.068637E-02,7.397428E+02,1.664708E-01,1.924071E+03,1.993384E+03,3.068637E-02,9.864265E+02,1.202378E-01,1.161113E+03,1.935174E+03,8.018532E-02,3.139247E+03,3.068637E-02,0.000000E+00,0.000000E+00,5.172911E-02,1.247011E+03,2.688061E-01,3.111499E+03,3.226251E+03,5.172911E-02,1.662854E+03,1.907366E-01,1.823888E+03,3.105590E+03,1.318967E-01,5.196858E+03,5.172911E-02,0.000000E+00,0.000000E+00,3.068637E-02,7.397428E+02,1.740003E-01,2.008140E+03,2.080708E+03,3.068637E-02,9.864265E+02,1.264606E-01,1.230587E+03,2.011157E+03,7.950490E-02,3.119492E+03,3.068637E-02,0.000000E+00,0.000000E+00
02:30:00,6.823837E-02,1.649449E+03,3.482602E-01,4.029265E+03,4.240796E+03,6.823837E-02,2.198009E+03,3.214469E-01,3.181335E+03,4.746603E+03,6.823837E-02,3.785059E+03,6.823837E-02,0.000000E+00,0.000000E+00,5.172911E-02,1.250389E+03,2.661912E-01,3.078922E+03,3.194696E+03,5.172911E-02,1.666233E+03,1.894719E-01,1.806392E+03,3.081939E+03,1.305523E-01,5.157816E+03,5.172911E-02,0.000000E+00,0.000000E+00,3.068637E-02,7.417471E+02,1.656843E-01,1.913285E+03,1.982437E+03,3.068637E-02,9.884308E+02,1.194315E-01,1.150107E+03,1.923780E+03,8.018578E-02,3.139260E+03,3.068637E-02,0.000000E+00,0.000000E+00,5.172911E-02,1.250389E+03,2.676806E-01,3.095553E+03,3.210080E+03,5.172911E-02,1.666233E+03,1.895749E-01,1.807539E+03,3.088661E+03,1.318974E-01,5.196880E+03,5.172911E-02,0.000000E+00,0.000000E+00,3.068637E-02,7.417471E+02,1.730537E-01,1.995567E+03,2.067922E+03,3.068637E-02,9.884308E+02,1.254993E-01,1.217850E+03,1.997959E+03,7.950535E-02,3.119505E+03,3.068637E-02,0.000000E+00,0.000000E+00
02:40:00,6.823837E-02,1.653906E+03,3.480376E-01,4.022322E+03,4.233662E+03,6.823837E-02,2.202466E+03,3.212188E-01,3.174331E+03,4.739376E+03,6.823837E-02,3.785059E+03,6.823837E-02,0.000000E+00,0.000000E+00,5.172911E-02,1.253768E+03,2.651016E-01,3.063376E+03,3.178896E+03,5.172911E-02,1.669612E+03,1.883476E-01,1.790461E+03,3.065381E+03,1.305530E-01,5.157839E+03,5.172911E-02,0.000000E+00,0.000000E+00,3.068637E-02,7.437514E+02,1.649187E-01,1.902732E+03,1.971713E+03,3.068637E-02,9.904351E+02,1.186448E-01,1.139319E+03,1.912575E+03,8.018623E-02,3.139273E+03,3.068637E-02,0.000000E+00,0.000000E+00,5.172911E-02,1.253768E+03,2.665877E-01,3.079971E+03,3.194259E+03,5.172911E-02,1.669612E+03,1.884440E-01,1.791534E+03,3.072035E+03,1.318982E-01,5.196902E+03,5.172911E-02,0.000000E+00,0.000000E+00,3.068637E-02,7.437514E+02,1.721361E-01,1.983316E+03,2.055452E+03,3.068637E-02,9.904351E+02,1.245657E-01,1.205423E+03,1.985044E+03,7.950580E-02,3.119518E+03,3.068637E-02,0.000000E+00,0.000000E+00
02:50:00,6.823837E-02,1.658363E+03,3.478181E-01,4.015414E+03,4.226563E+03,6.823837E-02,2.206923E+03,3.209936E-01,3.167360E+03,4.732183E+03,6.823837E-02,3.785059E+03,6.823837E-02,0.000000E+00,0.000000E+00,5.172911E-02,1.257147E+03,2.640429E-01,3.048177E+03,3.163441E+03,5.172911E-02,1.672990E+03,1.872527E-01,1.774857E+03,3.049134E+03,1.305538E-01,5.157861E+03,5.172911E-02,0.000000E+00,0.000000E+00,3.068637E-02,7.457557E+02,1.641735E-01,1.892407E+03,1.961218E+03,3.068637E-02,9.924394E+02,1.178777E-01,1.128749E+03,1.901576E+03,8.018668E-02,3.139286E+03,3.068637E-02,0.000000E+00,0.000000E+00,5.172911E-02,1.257147E+03,2.655267E-01,3.064745E+03,3.178794E+03,5.172911E-02,1.672990E+03,1.873437E-01,1.775870E+03,3.055734E+03,1.318990E-01,5.196924E+03,5.172911E-02,0.000000E+00,0.000000E+00,3.068637E-02,7.457557E+02,1.712464E-01,1.971378E+03,2.043296E+03,3.068637E-02,9.924394E+02,1.236591E-01,1.193296E+03,1.972420E+03,7.950625E-02,3.119531E+03,3.068637E-02,0.000000E+00,0.000000E+00
03:00:00,6.823837E-02,1.662820E+03,3.476015E-01,4.008539E+03,4.219500E+03,6.823837E-02,2.211380E+03,3.207713E-01,3.160421E+03,4.715073E+03,6.823837E-02,3.785059E+03,6.823837E-02,0.000000E+00,0.000000E+00,5.172911E-02,1.260526E+03,2.630147E-01,3.033318E+03,3.148336E+03,5.172911E-02,1.676369E+03,1.861861E-01,1.759570E+03,3.025663E+03,1.305546E-01,5.157883E+03,5.172911E-02,0.000000E+00,0.000000E+00,3.068637E-02,7.477600E+02,1.634485E-01,1.882308E+03,1.950953E+03,3.068637E-02,9.944437E+02,1.171295E-01,1.118391E+03,1.886313E+03,8.018713E-02,3.139299E+03,3.068637E-02,0.000000E+00,0.000000E+00,5.172911E-02,1.260526E+03,2.644971E-01,3.049871E+03,3.163690E+03,5.172911E-02,1.676369E+03,1.862731E-01,1.760539E+03,3.032225E+03,1.318997E-01,5.196946E+03,5.172911E-02,0.000000E+00,0.000000E+00,3.068637E-02,7.477600E+02,1.703838E-01,1.959743E+03,2.031452E+03,3.068637E-02,9.944437E+02,1.227783E-01,1.181458E+03,1.955612E+03,7.950670E-02,3.119544E+03,3.068637E-02,0.000000E+00,0.000000E+00
03:10:00,6.823837E-02,1.667278E+03,3.473879E-01,4.001698E+03,4.212471E+03,6.823837E-02,2.215837E+03,3.205518E-01,3.153513E+03,4.697270E+03,6.823837E-02,3.785059E+03,6.823837E-02,0.000000E+00,0.000000E+00,5.172911E-02,1.263904E+03,2.620058E-01,3.018674E+03,3.133443E+03,5.172911E-02,1.679748E+03,1.851330E-01,1.744433E+03,3.001575E+03,1.305553E-01,5.157905E+03,5.172911E-02,0.000000E+00,0.000000E+00,3.068637E-02,7.497643E+02,1.627371E-01,1.872361E+03,1.940838E+03,3.068637E-02,9.964480E+02,1.163915E-01,1.108148E+03,1.870686E+03,8.018758E-02,3.139312E+03,3.068637E-02,0.000000E+00,0.000000E+00,5.172911E-02,1.263904E+03,2.634876E-01,3.035220E+03,3.148805E+03,5.172911E-02,1.679748E+03,1.852173E-01,1.745372E+03,3.008104E+03,1.319005E-01,5.196968E+03,5.172911E-02,0.000000E+00,0.000000E+00,3.068637E-02,7.497643E+02,1.695410E-01,1.948328E+03,2.019829E+03,3.068637E-02,9.964480E+02,1.219139E-01,1.169802E+03,1.938504E+03,7.950715E-02,3.119557E+03,3.068637E-02,0.000000E+00,0.000000E+00
03:20:00,6.823837E-02,1.671735E+03,3.471771E-01,3.994887E+03,4.205473E+03,6.823837E-02,2.220294E+03,3.203349E-01,3.146635E+03,4.679538E+03,6.823837E-02,3.785059E+03,6.823837E-02,0.000000E+00,0.000000E+00,5.172911E-02,1.267283E+03,2.610156E-01,3.004239E+03,3.118759E+03,5.172911E-02,1.683127E+03,1.840929E-01,1.729442E+03,2.977365E+03,1.305561E-01,5.157927E+03,5.172911E-02,0.000000E+00,0.000000E+00,3.068637E-02,7.517686E+02,1.620389E-01,1.862560E+03,1.930872E+03,3.068637E-02,9.984523E+02,1.156634E-01,1.098015E+03,1.854980E+03,8.018803E-02,3.139325E+03,3.068637E-02,0.000000E+00,0.000000E+00,5.172911E-02,1.267283E+03,2.624968E-01,3.020779E+03,3.134132E+03,5.172911E-02,1.683127E+03,1.841752E-01,1.730358E+03,2.983857E+03,1.319013E-01,5.196990E+03,5.172911E-02,0.000000E+00,0.000000E+00,3.068637E-02,7.517686E+02,1.687171E-01,1.937125E+03,2.008420E+03,3.068637E-02,9.984523E+02,1.210649E-01,1.158319E+03,1.921373E+03,7.950760E-02,3.119570E+03,3.068637E-02,0.000000E+00,0.000000E+00
03:30:00,6.823837E-02,1.676192E+03,3.469688E-01,3.988104E+03,4.198505E+03,6.823837E-02,2.224751E+03,3.201205E-01,3.139784E+03,4.661874E+03,6.823837E-02,3.785059E+03,6.823837E-02,0.000000E+00,0.000000E+00,5.172911E-02,1.270662E+03,2.600433E-01,2.990004E+03,3.104279E+03,5.172911E-02,1.686505E+03,1.830652E-01,1.714589E+03,2.953051E+03,1.305568E-01,5.157949E+03,5.172911E-02,0.000000E+00,0.000000E+00,3.068637E-02,7.537729E+02,1.613532E-01,1.852900E+03,1.921049E+03,3.068637E-02,1.000457E+03,1.149449E-01,1.087989E+03,1.839211E+03,8.018847E-02,3.139338E+03,3.068637E-02,0.000000E+00,0.000000E+00,5.172911E-02,1.270662E+03,2.615240E-01,3.006538E+03,3.119661E+03,5.172911E-02,1.686505E+03,1.831460E-01,1.715489E+03,2.959500E+03,1.319020E-01,5.197012E+03,5.172911E-02,0.000000E+00,0.000000E+00,3.068637E-02,7.537729E+02,1.679112E-01,1.926122E+03,1.997216E+03,3.068637E-02,1.000457E+03,1.202306E-01,1.147000E+03,1.904232E+03,7.950805E-02,3.119583E+03,3.068637E-02,0.000000E+00,0.000000E+00
03:40:00,6.823837E-02,1.680649E+03,3.467630E-01,3.981349E+03,4.191564E+03,6.823837E-02,2.229208E+03,3.199084E-01,3.132958E+03,4.644278E+03,6.823837E-02,3.785059E+03,6.823837E-02,0.000000E+00,0.000000E+00,5.172911E-02,1.274040E+03,2.590882E-01,2.975961E+03,3.089994E+03,5.172911E-02,1.689884E+03,1.820491E-01,1.699866E+03,2.928687E+03,1.305576E-01,5.157971E+03,5.172911E-02,0.000000E+00,0.000000E+00,3.068637E-02,7.557772E+02,1.606798E-01,1.843376E+03,1.911364E+03,3.068637E-02,1.002461E+03,1.142355E-01,1.078064E+03,1.823418E+03,8.018892E-02,3.139351E+03,3.068637E-02,0.000000E+00,0.000000E+00,5.172911E-02,1.274040E+03,2.605682E-01,2.992488E+03,3.105384E+03,5.172911E-02,1.689884E+03,1.821290E-01,1.700755E+03,2.935089E+03,1.319028E-01,5.197034E+03,5.172911E-02,0.000000E+00,0.000000E+00,3.068637E-02,7.557772E+02,1.671224E-01,1.915309E+03,1.986206E+03,3.068637E-02,1.002461E+03,1.194101E-01,1.135836E+03,1.887120E+03,7.950850E-02,3.119596E+03,3.068637E-02,0.000000E+00,0.000000E+00
03:50:00,6.823837E-02,1.685106E+03,3.465593E-01,3.974617E+03,4.184649E+03,6.823837E-02,2.233665E+03,3.196983E-01,3.126156E+03,4.626745E+03,6.823837E-02,3.785059E+03,6.823837E-02,0.000000E+00,0.000000E+00,5.172911E-02,1.277419E+03,2.581498E-01,2.962105E+03,3.075900E+03,5.172911E-02,1.693263E+03,1.810439E-01,1.685266E+03,2.904322E+03,1.305584E-01,5.157993E+03,5.172911E-02,0.000000E+00,0.000000E+00,3.068637E-02,7.577815E+02,1.600179E-01,1.833982E+03,1.901812E+03,3.068637E-02,1.004465E+03,1.135347E-01,1.068235E+03,1.807639E+03,8.018937E-02,3.139364E+03,3.068637E-02,0.000000E+00,0.000000E+00,5.172911E-02,1.277419E+03,2.596287E-01,2.978619E+03,3.091292E+03,5.172911E-02,1.693263E+03,1.811233E-01,1.686149E+03,2.910677E+03,1.319035E-01,5.197056E+03,5.172911E-02,0.000000E+00,0.000000E+00,3.068637E-02,7.577815E+02,1.663497E-01,1.904678E+03,1.975382E+03,3.068637E-02,1.004465E+03,1.186027E-01,1.124817E+03,1.870073E+03,7.950894E-02,3.119609E+03,3.068637E-02,0.000000E+00,0.000000E+00
04:00:00,6.823837E-02,1.689563E+03,3.463576E-01,3.967909E+03,4.177757E+03,6.823837E-02,2.238122E+03,3.194901E-01,3.119375E+03,4.609275E+03,6.823837E-02,3.785059E+03,6.823837E-02,0.000000E+00,0.000000E+00,5.172911E-02,1.280798E+03,2.572276E-01,2.948429E+03,3.061991E+03,5.172911E-02,1.696641E+03,1.800500E-01,1.670790E+03,2.880004E+03,1.305591E-01,5.158015E+03,5.172911E-02,0.000000E+00,0.000000E+00,3.068637E-02,7.597858E+02,1.593672E-01,1.824712E+03,1.892387E+03,3.068637E-02,1.006470E+03,1.128424E-01,1.058502E+03,1.791904E+03,8.018982E-02,3.139377E+03,3.068637E-02,0.000000E+00,0.000000E+00,5.172911E-02,1.280798E+03,2.587046E-01,2.964922E+03,3.077376E+03,5.172911E-02,1.696641E+03,1.801291E-01,1.671670E+03,2.886310E+03,1.319043E-01,5.197078E+03,5.172911E-02,0.000000E+00,0.000000E+00,3.068637E-02,7.597858E+02,1.655923E-01,1.894217E+03,1.964733E+03,3.068637E-02,1.006470E+03,1.178079E-01,1.113939E+03,1.853119E+03,7.950939E-02,3.119622E+03,3.068637E-02,0.000000E+00,0.000000E+00
04:10:00,6.823837E-02,1.692534E+03,3.461579E-01,3.962707E+03,4.172404E+03,6.823837E-02,2.241093E+03,3.192838E-01,3.114100E+03,4.596861E+03,6.823837E-02,3.785059E+03,6.823837E-02,0.000000E+00,0.000000E+00,5.172911E-02,1.283050E+03,2.563296E-01,2.936150E+03,3.049520E+03,5.172911E-02,1.698894E+03,1.790824E-01,1.657736E+03,2.859773E+03,1.305599E-01,5.158037E+03,5.172911E-02,0.000000E+00,0.000000E+00,3.068637E-02,7.611220E+02,1.587327E-01,1.816291E+03,1.883836E+03,3.068637E-02,1.007806E+03,1.121678E-01,1.049634E+03,1.778611E+03,8.019026E-02,3.139390E+03,3.068637E-02,0.000000E+00,0.000000E+00,5.172911E-02,1.283050E+03,2.578050E-01,2.952625E+03,3.064902E+03,5.172911E-02,1.698894E+03,1.791614E-01,1.658614E+03,2.866029E+03,1.319050E-01,5.197100E+03,5.172911E-02,0.000000E+00,0.000000E+00,3.068637E-02,7.611220E+02,1.648554E-01,1.884653E+03,1.955007E+03,3.068637E-02,1.007806E+03,1.170346E-01,1.103970E+03,1.838653E+03,7.950984E-02,3.119635E+03,3.068637E-02,0.000000E+00,0.000000E+00
04:20:00,6.823837E-02,1.695505E+03,3.459601E-01,3.957527E+03,4.167071E+03,6.823837E-02,2.244065E+03,3.190793E-01,3.108845E+03,4.584485E+03,6.823837E-02,3.785059E+03,6.823837E-02,0.000000E+00,0.000000E+00,5.172911E-02,1.285303E+03,2.554552E-01,2.924135E+03,3.037305E+03,5.172911E-02,1.701146E+03,1.781409E-01,1.644972E+03,2.839855E+03,1.305606E-01,5.158058E+03,5.172911E-02,0.000000E+00,0.000000E+00,3.068637E-02,7.624582E+02,1.581142E-01,1.808049E+03,1.875458E+03,3.068637E-02,1.009142E+03,1.115103E-01,1.040958E+03,1.765525E+03,8.019071E-02,3.139403E+03,3.068637E-02,0.000000E+00,0.000000E+00,5.172911E-02,1.285303E+03,2.569297E-01,2.940600E+03,3.052692E+03,5.172911E-02,1.701146E+03,1.782203E-01,1.645856E+03,2.846068E+03,1.319058E-01,5.197122E+03,5.172911E-02,0.000000E+00,0.000000E+00,3.068637E-02,7.624582E+02,1.641383E-01,1.875310E+03,1.945497E+03,3.068637E-02,1.009142E+03,1.162823E-01,1.094234E+03,1.824440E+03,7.951028E-02,3.119648E+03,3.068637E-02,0.000000E+00,0.000000E+00
04:30:00,6.823837E-02,1.698477E+03,3.457642E-01,3.952369E+03,4.161762E+03,6.823837E-02,2.247036E+03,3.188766E-01,3.103611E+03,4.572148E+03,6.823837E-02,3.785059E+03,6.823837E-02,0.000000E+00,0.000000E+00,5.172911E-02,1.287555E+03,2.546041E-01,2.912379E+03,3.025335E+03,5.172911E-02,1.703399E+03,1.772255E-01,1.632500E+03,2.820271E+03,1.305614E-01,5.158080E+03,5.172911E-02,0.000000E+00,0.000000E+00,3.068637E-02,7.637944E+02,1.575113E-01,1.799982E+03,1.867244E+03,3.068637E-02,1.010478E+03,1.108700E-01,1.032474E+03,1.752661E+03,8.019115E-02,3.139416E+03,3.068637E-02,0.000000E+00,0.000000E+00,5.172911E-02,1.287555E+03,2.560786E-01,2.928843E+03,3.040735E+03,5.172911E-02,1.703399E+03,1.773060E-01,1.633396E+03,2.826451E+03,1.319065E-01,5.197144E+03,5.172911E-02,0.000000E+00,0.000000E+00,3.068637E-02,7.637944E+02,1.634407E-01,1.866184E+03,1.936193E+03,3.068637E-02,1.010478E+03,1.155506E-01,1.084730E+03,1.810491E+03,7.951073E-02,3.119661E+03,3.068637E-02,0.000000E+00,0.000000E+00
04:40:00,6.823837E-02,1.701448E+03,3.455703E-01,3.947233E+03,4.156475E+03,6.823837E-02,2.250008E+03,3.186759E-01,3.098398E+03,4.559852E+03,6.823837E-02,3.785059E+03,6.823837E-02,0.000000E+00,0.000000E+00,5.172911E-02,1.289808E+03,2.537758E-01,2.900878E+03,3.013608E+03,5.172911E-02,1.705651E+03,1.763363E-01,1.620320E+03,2.801032E+03,1.305621E-01,5.158102E+03,5.172911E-02,0.000000E+00,0.000000E+00,3.068637E-02,7.651306E+02,1.569240E-01,1.792088E+03,1.859196E+03,3.068637E-02,1.011814E+03,1.102469E-01,1.024181E+03,1.740024E+03,8.019160E-02,3.139429E+03,3.068637E-02,0.000000E+00,0.000000E+00,5.172911E-02,1.289808E+03,2.552512E-01,2.917353E+03,3.029032E+03,5.172911E-02,1.705651E+03,1.764184E-01,1.621234E+03,2.807188E+03,1.319073E-01,5.197166E+03,5.172911E-02,0.000000E+00,0.000000E+00,3.068637E-02,7.651306E+02,1.627619E-01,1.857270E+03,1.927094E+03,3.068637E-02,1.011814E+03,1.148394E-01,1.075453E+03,1.796808E+03,7.951117E-02,3.119674E+03,3.068637E-02,0.000000E+00,0.000000E+00
04:50:00,6.823837E-02,1.704420E+03,3.453786E-01,3.942121E+03,4.151213E+03,6.823837E-02,2.252979E+03,3.184772E-01,3.093208E+03,4.547596E+03,6.823837E-02,3.785059E+03,6.823837E-02,0.000000E+00,0.000000E+00,5.172911E-02,1.292060E+03,2.529699E-01,2.889627E+03,3.002130E+03,5.172911E-02,1.707904E+03,1.754732E-01,1.608432E+03,2.782144E+03,1.305629E-01,5.158124E+03,5.172911E-02,0.000000E+00,0.000000E+00,3.068637E-02,7.664668E+02,1.563521E-01,1.784366E+03,1.851318E+03,3.068637E-02,1.013151E+03,1.096410E-01,1.016080E+03,1.727616E+03,8.019204E-02,3.139442E+03,3.068637E-02,0.000000E+00,0.000000E+00,5.172911E-02,1.292060E+03,2.544476E-01,2.906128E+03,3.017593E+03,5.172911E-02,1.707904E+03,1.755576E-01,1.609371E+03,2.788283E+03,1.319080E-01,5.197187E+03,5.172911E-02,0.000000E+00,0.000000E+00,3.068637E-02,7.664668E+02,1.621018E-01,1.848563E+03,1.918203E+03,3.068637E-02,1.013151E+03,1.141485E-01,1.066403E+03,1.783392E+03,7.951162E-02,3.119687E+03,3.068637E-02,0.000000E+00,0.000000E+00
05:00:00,6.823837E-02,1.707391E+03,3.451889E-01,3.937032E+03,4.145976E+03,6.823837E-02,2.255950E+03,3.182805E-01,3.088040E+03,4.535382E+03,6.823837E-02,3.785059E+03,6.823837E-02,0.000000E+00,0.000000E+00,5.172911E-02,1.294313E+03,2.521857E-01,2.878619E+03,2.990901E+03,5.172911E-02,1.710156E+03,1.746365E-01,1.596838E+03,2.763612E+03,1.305636E-01,5.158145E+03,5.172911E-02,0.000000E+00,0.000000E+00,3.068637E-02,7.678030E+02,1.557954E-01,1.776814E+03,1.843615E+03,3.068637E-02,1.014487E+03,1.090522E-01,1.008171E+03,1.715439E+03,8.019249E-02,3.139455E+03,3.068637E-02,0.000000E+00,0.000000E+00,5.172911E-02,1.294313E+03,2.536674E-01,2.895164E+03,3.006422E+03,5.172911E-02,1.710156E+03,1.747236E-01,1.597808E+03,2.769742E+03,1.319088E-01,5.197209E+03,5.172911E-02,0.000000E+00,0.000000E+00,3.068637E-02,7.678030E+02,1.614600E-01,1.840061E+03,1.909521E+03,3.068637E-02,1.014487E+03,1.134776E-01,1.057578E+03,1.770241E+03,7.951206E-02,3.119700E+03,3.068637E-02,0.000000E+00,0.000000E+00
05:10:00,6.823837E-02,1.704420E+03,3.450016E-01,3.937912E+03,4.146826E+03,6.823837E-02,2.252979E+03,3.180859E-01,3.088840E+03,4.543022E+03,6.823837E-02,3.785059E+03,6.823837E-02,0.000000E+00,0.000000E+00,5.172911E-02,1.292060E+03,2.514509E-01,2.872667E+03,2.984872E+03,5.172911E-02,1.707904E+03,1.738744E-01,1.590583E+03,2.761168E+03,1.305644E-01,5.158167E+03,5.172911E-02,0.000000E+00,0.000000E+00,3.068637E-02,7.664668E+02,1.552696E-01,1.772279E+03,1.839012E+03,3.068637E-02,1.013151E+03,1.085091E-01,1.003444E+03,1.712819E+03,8.019293E-02,3.139468E+03,3.068637E-02,0.000000E+00,0.000000E+00,5.172911E-02,1.292060E+03,2.529384E-01,2.889277E+03,3.000474E+03,5.172911E-02,1.707904E+03,1.739647E-01,1.591588E+03,2.767296E+03,1.319095E-01,5.197231E+03,5.172911E-02,0.000000E+00,0.000000E+00,3.068637E-02,7.664668E+02,1.608530E-01,1.834619E+03,1.903985E+03,3.068637E-02,1.013151E+03,1.128558E-01,1.051972E+03,1.766686E+03,7.951250E-02,3.119712E+03,3.068637E-02,0.000000E+00,0.000000E+00
05:20:00,6.823837E-02,1.701448E+03,3.448169E-01,3.938821E+03,4.147709E+03,6.823837E-02,2.250008E+03,3.178940E-01,3.089668E+03,4.550710E+03,6.823837E-02,3.785059E+03,6.823837E-02,0.000000E+00,0.000000E+00,5.172911E-02,1.289808E+03,2.507675E-01,2.867289E+03,2.979375E+03,5.172911E-02,1.705651E+03,1.731875E-01,1.585167E+03,2.759855E+03,1.305651E-01,5.158189E+03,5.172911E-02,0.000000E+00,0.000000E+00,3.068637E-02,7.651306E+02,1.547755E-01,1.768099E+03,1.834733E+03,3.068637E-02,1.011814E+03,1.080117E-01,9.992272E+02,1.710900E+03,8.019337E-02,3.139481E+03,3.068637E-02,0.000000E+00,0.000000E+00,5.172911E-02,1.289808E+03,2.522632E-01,2.883990E+03,2.995083E+03,5.172911E-02,1.705651E+03,1.732829E-01,1.586229E+03,2.766021E+03,1.319103E-01,5.197253E+03,5.172911E-02,0.000000E+00,0.000000E+00,3.068637E-02,7.651306E+02,1.602815E-01,1.829574E+03,1.898814E+03,3.068637E-02,1.011814E+03,1.122831E-01,1.046915E+03,1.763870E+03,7.951295E-02,3.119725E+03,3.068637E-02,0.000000E+00,0.000000E+00
05:30:00,6.823837E-02,1.698477E+03,3.446355E-01,3.939767E+03,4.148630E+03,6.823837E-02,2.247036E+03,3.177052E-01,3.090532E+03,4.558453E+03,6.823837E-02,3.785059E+03,6.823837E-02,0.000000E+00,0.000000E+00,5.172911E-02,1.287555E+03,2.501372E-01,2.862503E+03,2.974395E+03,5.172911E-02,1.703399E+03,1.725772E-01,1.580606E+03,2.759723E+03,1.305659E-01,5.158211E+03,5.172911E-02,0.000000E+00,0.000000E+00,3.068637E-02,7.637944E+02,1.543142E-01,1.764284E+03,1.830765E+03,3.068637E-02,1.010478E+03,1.075610E-01,9.955318E+02,1.709714E+03,8.019381E-02,3.139493E+03,3.068637E-02,0.000000E+00,0.000000E+00,5.172911E-02,1.287555E+03,2.516434E-01,2.879323E+03,2.990232E+03,5.172911E-02,1.703399E+03,1.726798E-01,1.581749E+03,2.765965E+03,1.319110E-01,5.197274E+03,5.172911E-02,0.000000E+00,0.000000E+00,3.068637E-02,7.637944E+02,1.597464E-01,1.824936E+03,1.893993E+03,3.068637E-02,1.010478E+03,1.117603E-01,1.042415E+03,1.761829E+03,7.951339E-02,3.119738E+03,3.068637E-02,0.000000E+00,0.000000E+00
05:40:00,6.823837E-02,1.695505E+03,3.444578E-01,3.940755E+03,4.149596E+03,6.823837E-02,2.244065E+03,3.175201E-01,3.091436E+03,4.566258E+03,6.823837E-02,3.785059E+03,6.823837E-02,0.000000E+00,0.000000E+00,5.172911E-02,1.285303E+03,2.495618E-01,2.858332E+03,2.969975E+03,5.172911E-02,1.701146E+03,1.720450E-01,1.576917E+03,2.760786E+03,1.305666E-01,5.158232E+03,5.172911E-02,0.000000E+00,0.000000E+00,3.068637E-02,7.624582E+02,1.538867E-01,1.760847E+03,1.827137E+03,3.068637E-02,1.009142E+03,1.071578E-01,9.923668E+02,1.709267E+03,8.019425E-02,3.139506E+03,3.068637E-02,0.000000E+00,0.000000E+00,5.172911E-02,1.285303E+03,2.510811E-01,2.875296E+03,2.985964E+03,5.172911E-02,1.701146E+03,1.721571E-01,1.578166E+03,2.767143E+03,1.319118E-01,5.197296E+03,5.172911E-02,0.000000E+00,0.000000E+00,3.068637E-02,7.624582E+02,1.592486E-01,1.820714E+03,1.889551E+03,3.068637E-02,1.009142E+03,1.112882E-01,1.038481E+03,1.760566E+03,7.951383E-02,3.119751E+03,3.068637E-02,0.000000E+00,0.000000E+00
05:50:00,6.823837E-02,1.692534E+03,3.442846E-01,3.941792E+03,4.150612E+03,6.823837E-02,2.241093E+03,3.173392E-01,3.092388E+03,4.574130E+03,6.823837E-02,3.785059E+03,6.823837E-02,0.000000E+00,0.000000E+00,5.172911E-02,1.283050E+03,2.490433E-01,2.854794E+03,2.966174E+03,5.172911E-02,1.698894E+03,1.715925E-01,1.574117E+03,2.763048E+03,1.305673E-01,5.158254E+03,5.172911E-02,0.000000E+00,0.000000E+00,3.068637E-02,7.611220E+02,1.534940E-01,1.757798E+03,1.823884E+03,3.068637E-02,1.007806E+03,1.068030E-01,9.897418E+02,1.709558E+03,8.019469E-02,3.139519E+03,3.068637E-02,0.000000E+00,0.000000E+00,5.172911E-02,1.283050E+03,2.505780E-01,2.871931E+03,2.982341E+03,5.172911E-02,1.698894E+03,1.717162E-01,1.575496E+03,2.769558E+03,1.319125E-01,5.197318E+03,5.172911E-02,0.000000E+00,0.000000E+00,3.068637E-02,7.611220E+02,1.587892E-01,1.816920E+03,1.885525E+03,3.068637E-02,1.007806E+03,1.108677E-01,1.035122E+03,1.760075E+03,7.951427E-02,3.119764E+03,3.068637E-02,0.000000E+00,0.000000E+00
06:00:00,6.823837E-02,1.689563E+03,3.441170E-01,3.942892E+03,4.151695E+03,6.823837E-02,2.238122E+03,3.171636E-01,3.093399E+03,4.582083E+03,6.823837E-02,3.785059E+03,6.823837E-02,0.000000E+00,0.000000E+00,5.172911E-02,1.280798E+03,2.486653E-01,2.852827E+03,2.964090E+03,5.172911E-02,1.696641E+03,1.713310E-01,1.573450E+03,2.768131E+03,1.305681E-01,5.158275E+03,5.172911E-02,0.000000E+00,0.000000E+00,3.068637E-02,7.597858E+02,1.531993E-01,1.755845E+03,1.821828E+03,3.068637E-02,1.006470E+03,1.065752E-01,9.885348E+02,1.711722E+03,8.019513E-02,3.139532E+03,3.068637E-02,0.000000E+00,0.000000E+00,5.172911E-02,1.280798E+03,2.502302E-01,2.870301E+03,2.980618E+03,5.172911E-02,1.696641E+03,1.714767E-01,1.575074E+03,2.774951E+03,1.319133E-01,5.197339E+03,5.172911E-02,0.000000E+00,0.000000E+00,3.068637E-02,7.597858E+02,1.584134E-01,1.814061E+03,1.882508E+03,3.068637E-02,1.006470E+03,1.105526E-01,1.032940E+03,1.761126E+03,7.951471E-02,3.119777E+03,3.068637E-02,0.000000E+00,0.000000E+00
06:10:00,6.823837E-02,1.679163E+03,3.439599E-01,3.951538E+03,4.160485E+03,6.823837E-02,2.227722E+03,3.169980E-01,3.101949E+03,4.615305E+03,6.823837E-02,3.785059E+03,6.823837E-02,0.000000E+00,0.000000E+00,5.172911E-02,1.272914E+03,2.484762E-01,2.858599E+03,2.970014E+03,5.172911E-02,1.688758E+03,1.717119E-01,1.585585E+03,2.801536E+03,1.305688E-01,5.158297E+03,5.172911E-02,0.000000E+00,0.000000E+00,3.068637E-02,7.551091E+02,1.532199E-01,1.760750E+03,1.827080E+03,3.068637E-02,1.001793E+03,1.069787E-01,9.977149E+02,1.734318E+03,8.019557E-02,3.139545E+03,3.068637E-02,0.000000E+00,0.000000E+00,5.172911E-02,1.272914E+03,2.502204E-01,2.878075E+03,2.988789E+03,5.172911E-02,1.688758E+03,1.720704E-01,1.589585E+03,2.811490E+03,1.319140E-01,5.197361E+03,5.172911E-02,0.000000E+00,0.000000E+00,3.068637E-02,7.551091E+02,1.581445E-01,1.815735E+03,1.884164E+03,3.068637E-02,1.001793E+03,1.106385E-01,1.038575E+03,1.779225E+03,7.951515E-02,3.119789E+03,3.068637E-02,0.000000E+00,0.000000E+00
06:20:00,6.823837E-02,1.668763E+03,3.438249E-01,3.960431E+03,4.169546E+03,6.823837E-02,2.217323E+03,3.168535E-01,3.110736E+03,4.649010E+03,6.823837E-02,3.785059E+03,6.823837E-02,0.000000E+00,0.000000E+00,5.172911E-02,1.265031E+03,2.485580E-01,2.867395E+03,2.979622E+03,5.172911E-02,1.680874E+03,1.723833E-01,1.600963E+03,2.834513E+03,1.305696E-01,5.158319E+03,5.172911E-02,0.000000E+00,0.000000E+00,3.068637E-02,7.504324E+02,1.540952E-01,1.775200E+03,1.843148E+03,3.068637E-02,9.971161E+02,1.081821E-01,1.015826E+03,1.764916E+03,8.019601E-02,3.139557E+03,3.068637E-02,0.000000E+00,0.000000E+00,5.172911E-02,1.265031E+03,2.509267E-01,2.893843E+03,3.006180E+03,5.172911E-02,1.680874E+03,1.734083E-01,1.612404E+03,2.853776E+03,1.319147E-01,5.197382E+03,5.172911E-02,0.000000E+00,0.000000E+00,3.068637E-02,7.504324E+02,1.580254E-01,1.819082E+03,1.887914E+03,3.068637E-02,9.971161E+02,1.108806E-01,1.045954E+03,1.796166E+03,7.951559E-02,3.119802E+03,3.068637E-02,0.000000E+00,0.000000E+00
06:30:00,6.823837E-02,1.658363E+03,3.437301E-01,3.969772E+03,4.179096E+03,6.823837E-02,2.206923E+03,3.167477E-01,3.119954E+03,4.682646E+03,6.823837E-02,3.785059E+03,6.823837E-02,0.000000E+00,0.000000E+00,5.172911E-02,1.257147E+03,2.489499E-01,2.879653E+03,2.993001E+03,5.172911E-02,1.672990E+03,1.733716E-01,1.619879E+03,2.869324E+03,1.305703E-01,5.158340E+03,5.172911E-02,0.000000E+00,0.000000E+00,3.068637E-02,7.457557E+02,1.558772E-01,1.799772E+03,1.869799E+03,3.068637E-02,9.924394E+02,1.100636E-01,1.041506E+03,1.802203E+03,8.019645E-02,3.139570E+03,3.068637E-02,0.000000E+00,0.000000E+00,5.172911E-02,1.257147E+03,2.523430E-01,2.917539E+03,3.031904E+03,5.172911E-02,1.672990E+03,1.753785E-01,1.642281E+03,2.901493E+03,1.319155E-01,5.197404E+03,5.172911E-02,0.000000E+00,0.000000E+00,3.068637E-02,7.457557E+02,1.580761E-01,1.824325E+03,1.893736E+03,3.068637E-02,9.924394E+02,1.112938E-01,1.055242E+03,1.813747E+03,7.951603E-02,3.119815E+03,3.068637E-02,0.000000E+00,0.000000E+00
06:40:00,6.823837E-02,1.647964E+03,3.436933E-01,3.979760E+03,4.189338E+03,6.823837E-02,2.196523E+03,3.166982E-01,3.129801E+03,4.692785E+03,6.823837E-02,3.785059E+03,6.823837E-02,0.000000E+00,0.000000E+00,5.172911E-02,1.249263E+03,2.496923E-01,2.895826E+03,3.010381E+03,5.172911E-02,1.665107E+03,1.747032E-01,1.642628E+03,2.890797E+03,1.305711E-01,5.158361E+03,5.172911E-02,0.000000E+00,0.000000E+00,3.068637E-02,7.410790E+02,1.587002E-01,1.835965E+03,1.908317E+03,3.068637E-02,9.877627E+02,1.128060E-01,1.076797E+03,1.839742E+03,8.019689E-02,3.139583E+03,3.068637E-02,0.000000E+00,0.000000E+00,5.172911E-02,1.249263E+03,2.544679E-01,2.949146E+03,3.065585E+03,5.172911E-02,1.665107E+03,1.779418E-01,1.678779E+03,2.938612E+03,1.319162E-01,5.197425E+03,5.172911E-02,0.000000E+00,0.000000E+00,3.068637E-02,7.410790E+02,1.583169E-01,1.831689E+03,1.901689E+03,3.068637E-02,9.877627E+02,1.118917E-01,1.066593E+03,1.823318E+03,7.951647E-02,3.119828E+03,3.068637E-02,0.000000E+00,0.000000E+00
06:50:00,6.823837E-02,1.637564E+03,3.437308E-01,3.990578E+03,4.200457E+03,6.823837E-02,2.186123E+03,3.167211E-01,3.140456E+03,4.703789E+03,6.823837E-02,3.785059E+03,6.823837E-02,0.000000E+00,0.000000E+00,5.172911E-02,1.241379E+03,2.508559E-01,2.916700E+03,3.032594E+03,5.172911E-02,1.657223E+03,1.764370E-01,1.669867E+03,2.918663E+03,1.305718E-01,5.158383E+03,5.172911E-02,0.000000E+00,0.000000E+00,3.068637E-02,7.364023E+02,1.629492E-01,1.888081E+03,1.963512E+03,3.068637E-02,9.830860E+02,1.168066E-01,1.126134E+03,1.894340E+03,8.019733E-02,3.139595E+03,3.068637E-02,0.000000E+00,0.000000E+00,5.172911E-02,1.241379E+03,2.574784E-01,2.990641E+03,3.109572E+03,5.172911E-02,1.657223E+03,1.811809E-01,1.722823E+03,2.985538E+03,1.319170E-01,5.197447E+03,5.172911E-02,0.000000E+00,0.000000E+00,3.068637E-02,7.364023E+02,1.587820E-01,1.841558E+03,1.912167E+03,3.068637E-02,9.830860E+02,1.127034E-01,1.080332E+03,1.836560E+03,7.951690E-02,3.119840E+03,3.068637E-02,0.000000E+00,0.000000E+00
07:00:00,6.823837E-02,1.627164E+03,3.438569E-01,4.002386E+03,4.212619E+03,6.823837E-02,2.175723E+03,3.168310E-01,3.152084E+03,4.715827E+03,6.823837E-02,3.785059E+03,6.823837E-02,0.000000E+00,0.000000E+00,5.172911E-02,1.233496E+03,2.523683E-01,2.941469E+03,3.058730E+03,5.172911E-02,1.649339E+03,1.784595E-01,1.700330E+03,2.951019E+03,1.305725E-01,5.158404E+03,5.172911E-02,0.000000E+00,0.000000E+00,3.068637E-02,7.317256E+02,1.683905E-01,1.953506E+03,2.032160E+03,3.068637E-02,9.784093E+02,1.218682E-01,1.187316E+03,1.962221E+03,8.019776E-02,3.139608E+03,3.068637E-02,0.000000E+00,0.000000E+00,5.172911E-02,1.233496E+03,2.611221E-01,3.039205E+03,3.160685E+03,5.172911E-02,1.649339E+03,1.848878E-01,1.772088E+03,3.039141E+03,1.319177E-01,5.197468E+03,5.172911E-02,0.000000E+00,0.000000E+00,3.068637E-02,7.317256E+02,1.594297E-01,1.853466E+03,1.924664E+03,3.068637E-02,9.784093E+02,1.136729E-01,1.095833E+03,1.852462E+03,7.951734E-02,3.119853E+03,3.068637E-02,0.000000E+00,0.000000E+00
07:10:00,6.823837E-02,1.601908E+03,3.440766E-01,4.030096E+03,4.241034E+03,6.823837E-02,2.150467E+03,3.170335E-01,3.179600E+03,4.744171E+03,6.823837E-02,3.785059E+03,6.823837E-02,0.000000E+00,0.000000E+00,5.172911E-02,1.214350E+03,2.542746E-01,2.981897E+03,3.100933E+03,5.172911E-02,1.630193E+03,1.803777E-01,1.740891E+03,2.993441E+03,1.305733E-01,5.158426E+03,5.172911E-02,0.000000E+00,0.000000E+00,3.068637E-02,7.203678E+02,1.748728E-01,2.037236E+03,2.119421E+03,3.068637E-02,9.670515E+02,1.275504E-01,1.262105E+03,2.043636E+03,8.019820E-02,3.139621E+03,3.068637E-02,0.000000E+00,0.000000E+00,5.172911E-02,1.214350E+03,2.652136E-01,3.104029E+03,3.228367E+03,5.172911E-02,1.630193E+03,1.883946E-01,1.830383E+03,3.101256E+03,1.319184E-01,5.197490E+03,5.172911E-02,0.000000E+00,0.000000E+00,3.068637E-02,7.203678E+02,1.602894E-01,1.874422E+03,1.946426E+03,3.068637E-02,9.670515E+02,1.145386E-01,1.116855E+03,1.873889E+03,7.951778E-02,3.119866E+03,3.068637E-02,0.000000E+00,0.000000E+00
07:20:00,6.823837E-02,1.576651E+03,3.443827E-01,4.058770E+03,4.270457E+03,6.823837E-02,2.125210E+03,3.173219E-01,3.208077E+03,4.773528E+03,6.823837E-02,3.785059E+03,6.823837E-02,0.000000E+00,0.000000E+00,5.172911E-02,1.195203E+03,2.565247E-01,3.026166E+03,3.146987E+03,5.172911E-02,1.611047E+03,1.825552E-01,1.784348E+03,3.039212E+03,1.305740E-01,5.158447E+03,5.172911E-02,0.000000E+00,0.000000E+00,3.068637E-02,7.090101E+02,1.818652E-01,2.126661E+03,2.212017E+03,3.068637E-02,9.556938E+02,1.337011E-01,1.342128E+03,2.129470E+03,8.019864E-02,3.139633E+03,3.068637E-02,0.000000E+00,0.000000E+00,5.172911E-02,1.195203E+03,2.692246E-01,3.167957E+03,3.294578E+03,5.172911E-02,1.611047E+03,1.917189E-01,1.886642E+03,3.160458E+03,1.319192E-01,5.197511E+03,5.172911E-02,0.000000E+00,0.000000E+00,3.068637E-02,7.090101E+02,1.613273E-01,1.897367E+03,1.970156E+03,3.068637E-02,9.556938E+02,1.155492E-01,1.139496E+03,1.897241E+03,7.951821E-02,3.119878E+03,3.068637E-02,0.000000E+00,0.000000E+00
07:30:00,6.823837E-02,1.551394E+03,3.447569E-01,4.088204E+03,4.300669E+03,6.823837E-02,2.099954E+03,3.176788E-01,3.237318E+03,4.803682E+03,6.823837E-02,3.785059E+03,6.823837E-02,0.000000E+00,0.000000E+00,5.172911E-02,1.176057E+03,2.591062E-01,3.074132E+03,3.196708E+03,5.172911E-02,1.591901E+03,1.849699E-01,1.830452E+03,3.087801E+03,1.305747E-01,5.158468E+03,5.172911E-02,0.000000E+00,0.000000E+00,3.068637E-02,6.976524E+02,1.893150E-01,2.221193E+03,2.309518E+03,3.068637E-02,9.443361E+02,1.404462E-01,1.428786E+03,2.221589E+03,8.019907E-02,3.139646E+03,3.068637E-02,0.000000E+00,0.000000E+00,5.172911E-02,1.176057E+03,2.730680E-01,3.230013E+03,3.358490E+03,5.172911E-02,1.591901E+03,1.949047E-01,1.941356E+03,3.217446E+03,1.319199E-01,5.197532E+03,5.172911E-02,0.000000E+00,0.000000E+00,3.068637E-02,6.976524E+02,1.625446E-01,1.922315E+03,1.995865E+03,3.068637E-02,9.443361E+02,1.166916E-01,1.163609E+03,1.922183E+03,7.951865E-02,3.119891E+03,3.068637E-02,0.000000E+00,0.000000E+00
07:40:00,6.823837E-02,1.526138E+03,3.451768E-01,4.118148E+03,4.331399E+03,6.823837E-02,2.074697E+03,3.180830E-01,3.267087E+03,4.834374E+03,6.823837E-02,3.785059E+03,6.823837E-02,0.000000E+00,0.000000E+00,5.172911E-02,1.156911E+03,2.620002E-01,3.125590E+03,3.249908E+03,5.172911E-02,1.572755E+03,1.875915E-01,1.878867E+03,3.138764E+03,1.305755E-01,5.158490E+03,5.172911E-02,0.000000E+00,0.000000E+00,3.068637E-02,6.862946E+02,1.970697E-01,2.319131E+03,2.410223E+03,3.068637E-02,9.329783E+02,1.475997E-01,1.520004E+03,2.317632E+03,8.019951E-02,3.139659E+03,3.068637E-02,0.000000E+00,0.000000E+00,5.172911E-02,1.156911E+03,2.766543E-01,3.289200E+03,3.419226E+03,5.172911E-02,1.572755E+03,1.979173E-01,1.994136E+03,3.271925E+03,1.319207E-01,5.197554E+03,5.172911E-02,0.000000E+00,0.000000E+00,3.068637E-02,6.862946E+02,1.639295E-01,1.949135E+03,2.023430E+03,3.068637E-02,9.329783E+02,1.179513E-01,1.189030E+03,1.948498E+03,7.951908E-02,3.119904E+03,3.068637E-02,0.000000E+00,0.000000E+00
07:50:00,6.823837E-02,1.500881E+03,3.456191E-01,4.148342E+03,4.362374E+03,6.823837E-02,2.049440E+03,3.185121E-01,3.297134E+03,4.865339E+03,6.823837E-02,3.785059E+03,6.823837E-02,0.000000E+00,0.000000E+00,5.172911E-02,1.137765E+03,2.652235E-01,3.180723E+03,3.306871E+03,5.172911E-02,1.553609E+03,1.903852E-01,1.929203E+03,3.191682E+03,1.305762E-01,5.158511E+03,5.172911E-02,0.000000E+00,0.000000E+00,3.068637E-02,6.749369E+02,2.051317E-01,2.420499E+03,2.514343E+03,3.068637E-02,9.216206E+02,1.551245E-01,1.615368E+03,2.417393E+03,8.019994E-02,3.139671E+03,3.068637E-02,0.000000E+00,0.000000E+00,5.172911E-02,1.137765E+03,2.798684E-01,3.344232E+03,3.475511E+03,5.172911E-02,1.553609E+03,2.007179E-01,2.044550E+03,3.323583E+03,1.319214E-01,5.197575E+03,5.172911E-02,0.000000E+00,0.000000E+00,3.068637E-02,6.749369E+02,1.654868E-01,1.977880E+03,2.052957E+03,3.068637E-02,9.216206E+02,1.193092E-01,1.215548E+03,1.975960E+03,7.951952E-02,3.119916E+03,3.068637E-02,0.000000E+00,0.000000E+00
08:00:00,6.823837E-02,1.475625E+03,3.460612E-01,4.178535E+03,4.393327E+03,6.823837E-02,2.024184E+03,3.189441E-01,3.327214E+03,4.896314E+03,6.823837E-02,3.785059E+03,6.823837E-02,0.000000E+00,0.000000E+00,5.172911E-02,1.118619E+03,2.687306E-01,3.239025E+03,3.367012E+03,5.172911E-02,1.534462E+03,1.933741E-01,1.981718E+03,3.246925E+03,1.305769E-01,5.158532E+03,5.172911E-02,0.000000E+00,0.000000E+00,3.068637E-02,6.635792E+02,2.133079E-01,2.523144E+03,2.619179E+03,3.068637E-02,9.102629E+02,1.628014E-01,1.712431E+03,2.517506E+03,8.020038E-02,3.139684E+03,3.068637E-02,0.000000E+00,0.000000E+00,5.172911E-02,1.118619E+03,2.827216E-01,3.395235E+03,3.527432E+03,5.172911E-02,1.534462E+03,2.032783E-01,2.092283E+03,3.372028E+03,1.319221E-01,5.197596E+03,5.172911E-02,0.000000E+00,0.000000E+00,3.068637E-02,6.635792E+02,1.672066E-01,2.008439E+03,2.084325E+03,3.068637E-02,9.102629E+02,1.207716E-01,1.243232E+03,2.004685E+03,7.951995E-02,3.119929E+03,3.068637E-02,0.000000E+00,0.000000E+00
08:10:00,6.823837E-02,1.447397E+03,3.464856E-01,4.211501E+03,4.427084E+03,6.823837E-02,1.995956E+03,3.193618E-01,3.360105E+03,4.930138E+03,6.823837E-02,3.785059E+03,6.823837E-02,0.000000E+00,0.000000E+00,5.172911E-02,1.097220E+03,2.724245E-01,3.301665E+03,3.431476E+03,5.172911E-02,1.513064E+03,1.964788E-01,2.037777E+03,3.305680E+03,1.305777E-01,5.158554E+03,5.172911E-02,0.000000E+00,0.000000E+00,3.068637E-02,6.508852E+02,2.214575E-01,2.626828E+03,2.724717E+03,3.068637E-02,8.975690E+02,1.704869E-01,1.810928E+03,2.618042E+03,8.020081E-02,3.139697E+03,3.068637E-02,0.000000E+00,0.000000E+00,5.172911E-02,1.097220E+03,2.852777E-01,3.445173E+03,3.578164E+03,5.172911E-02,1.513064E+03,2.056391E-01,2.140041E+03,3.420281E+03,1.319229E-01,5.197618E+03,5.172911E-02,0.000000E+00,0.000000E+00,3.068637E-02,6.508852E+02,1.690271E-01,2.041458E+03,2.118155E+03,3.068637E-02,8.975690E+02,1.222953E-01,1.272938E+03,2.035451E+03,7.952039E-02,3.119941E+03,3.068637E-02,0.000000E+00,0.000000E+00
08:20:00,6.823837E-02,1.419169E+03,3.468858E-01,4.244198E+03,4.460548E+03,6.823837E-02,1.967728E+03,3.197586E-01,3.392763E+03,4.963701E+03,6.823837E-02,3.785059E+03,6.823837E-02,0.000000E+00,0.000000E+00,5.172911E-02,1.075822E+03,2.762826E-01,3.366140E+03,3.497729E+03,5.172911E-02,1.491665E+03,1.997064E-01,2.095210E+03,3.365677E+03,1.305784E-01,5.158575E+03,5.172911E-02,0.000000E+00,0.000000E+00,3.068637E-02,6.381913E+02,2.295502E-01,2.729879E+03,2.829591E+03,3.068637E-02,8.848750E+02,1.781449E-01,1.909119E+03,2.717823E+03,8.020124E-02,3.139709E+03,3.068637E-02,0.000000E+00,0.000000E+00,5.172911E-02,1.075822E+03,2.878162E-01,3.494916E+03,3.628810E+03,5.172911E-02,1.491665E+03,2.079746E-01,2.187517E+03,3.468379E+03,1.319236E-01,5.197639E+03,5.172911E-02,0.000000E+00,0.000000E+00,3.068637E-02,6.381913E+02,1.709567E-01,2.075696E+03,2.153209E+03,3.068637E-02,8.848750E+02,1.238906E-01,1.303442E+03,2.066986E+03,7.952082E-02,3.119954E+03,3.068637E-02,0.000000E+00,0.000000E+00
08:30:00,6.823837E-02,1.390941E+03,3.472658E-01,4.276669E+03,4.493773E+03,6.823837E-02,1.939500E+03,3.201384E-01,3.425232E+03,4.997060E+03,6.823837E-02,3.785059E+03,6.823837E-02,0.000000E+00,0.000000E+00,5.172911E-02,1.054423E+03,2.802860E-01,3.432236E+03,3.565568E+03,5.172911E-02,1.470267E+03,2.030646E-01,2.154101E+03,3.426996E+03,1.305791E-01,5.158596E+03,5.172911E-02,0.000000E+00,0.000000E+00,3.068637E-02,6.254974E+02,2.375287E-01,2.831655E+03,2.933245E+03,3.068637E-02,8.721811E+02,1.857203E-01,2.006390E+03,2.816500E+03,8.020167E-02,3.139722E+03,3.068637E-02,0.000000E+00,0.000000E+00,5.172911E-02,1.054423E+03,2.905180E-01,3.546481E+03,3.681389E+03,5.172911E-02,1.470267E+03,2.104409E-01,2.236452E+03,3.518206E+03,1.319243E-01,5.197660E+03,5.172911E-02,0.000000E+00,0.000000E+00,3.068637E-02,6.254974E+02,1.729743E-01,2.110917E+03,2.189229E+03,3.068637E-02,8.721811E+02,1.255709E-01,1.334895E+03,2.099446E+03,7.952125E-02,3.119966E+03,3.068637E-02,0.000000E+00,0.000000E+00
08:40:00,6.823837E-02,1.362713E+03,3.476355E-01,4.309023E+03,4.526877E+03,6.823837E-02,1.911272E+03,3.205103E-01,3.457612E+03,5.030322E+03,6.823837E-02,3.785059E+03,6.823837E-02,0.000000E+00,0.000000E+00,5.172911E-02,1.033025E+03,2.844171E-01,3.499759E+03,3.634810E+03,5.172911E-02,1.448868E+03,2.065654E-01,2.214584E+03,3.489814E+03,1.305799E-01,5.158617E+03,5.172911E-02,0.000000E+00,0.000000E+00,3.068637E-02,6.128034E+02,2.453647E-01,2.931841E+03,3.035379E+03,3.068637E-02,8.594872E+02,1.931728E-01,2.102289E+03,2.913742E+03,8.020210E-02,3.139734E+03,3.068637E-02,0.000000E+00,0.000000E+00,5.172911E-02,1.033025E+03,2.935207E-01,3.601407E+03,3.737430E+03,5.172911E-02,1.448868E+03,2.131382E-01,2.287966E+03,3.570850E+03,1.319250E-01,5.197681E+03,5.172911E-02,0.000000E+00,0.000000E+00,3.068637E-02,6.128034E+02,1.750884E-01,2.147215E+03,2.226339E+03,3.068637E-02,8.594872E+02,1.273382E-01,1.367321E+03,2.132841E+03,7.952168E-02,3.119979E+03,3.068637E-02,0.000000E+00,0.000000E+00
08:50:00,6.823837E-02,1.334485E+03,3.480061E-01,4.341389E+03,4.559990E+03,6.823837E-02,1.883044E+03,3.208852E-01,3.490025E+03,5.063617E+03,6.823837E-02,3.785059E+03,6.823837E-02,0.000000E+00,0.000000E+00,5.172911E-02,1.011626E+03,2.885913E-01,3.567762E+03,3.704421E+03,5.172911E-02,1.427469E+03,2.101891E-01,2.276440E+03,3.553897E+03,1.305806E-01,5.158638E+03,5.172911E-02,0.000000E+00,0.000000E+00,3.068637E-02,6.001095E+02,2.525908E-01,3.025217E+03,3.130294E+03,3.068637E-02,8.467932E+02,2.000685E-01,2.191974E+03,3.003998E+03,8.020254E-02,3.139747E+03,3.068637E-02,0.000000E+00,0.000000E+00,5.172911E-02,1.011626E+03,2.967598E-01,3.658971E+03,3.796051E+03,5.172911E-02,1.427469E+03,2.160373E-01,2.341733E+03,3.625768E+03,1.319258E-01,5.197702E+03,5.172911E-02,0.000000E+00,0.000000E+00,3.068637E-02,6.001095E+02,1.772578E-01,2.184130E+03,2.264030E+03,3.068637E-02,8.467932E+02,1.291978E-01,1.400776E+03,2.167260E+03,7.952211E-02,3.119992E+03,3.068637E-02,0.000000E+00,0.000000E+00
09:00:00,6.823837E-02,1.306257E+03,3.483885E-01,4.373887E+03,4.593239E+03,6.823837E-02,1.854816E+03,3.212732E-01,3.522586E+03,5.097064E+03,6.823837E-02,3.785059E+03,6.823837E-02,0.000000E+00,0.000000E+00,5.172911E-02,9.902273E+02,2.928445E-01,3.636648E+03,3.774889E+03,5.172911E-02,1.406071E+03,2.139182E-01,2.339472E+03,3.619042E+03,1.305813E-01,5.158659E+03,5.172911E-02,0.000000E+00,0.000000E+00,3.068637E-02,5.874156E+02,2.595077E-01,3.115142E+03,3.221702E+03,3.068637E-02,8.340993E+02,2.066842E-01,2.278534E+03,3.091040E+03,8.020297E-02,3.139759E+03,3.068637E-02,0.000000E+00,0.000000E+00,5.172911E-02,9.902273E+02,3.003937E-01,3.720942E+03,3.859295E+03,5.172911E-02,1.406071E+03,2.192515E-01,2.399017E+03,3.684526E+03,1.319265E-01,5.197723E+03,5.172911E-02,0.000000E+00,0.000000E+00,3.068637E-02,5.874156E+02,1.795046E-01,2.221911E+03,2.302597E+03,3.068637E-02,8.340993E+02,1.311442E-01,1.435201E+03,2.202636E+03,7.952255E-02,3.120004E+03,3.068637E-02,0.000000E+00,0.000000E+00
09:10:00,6.823837E-02,1.281000E+03,3.487927E-01,4.403657E+03,4.623713E+03,6.823837E-02,1.829560E+03,3.216844E-01,3.552433E+03,5.127744E+03,6.823837E-02,3.785059E+03,6.823837E-02,0.000000E+00,0.000000E+00,5.172911E-02,9.710812E+02,2.971187E-01,3.703517E+03,3.843215E+03,5.172911E-02,1.386925E+03,2.176900E-01,2.400729E+03,3.682127E+03,1.305820E-01,5.158681E+03,5.172911E-02,0.000000E+00,0.000000E+00,3.068637E-02,5.760579E+02,2.660686E-01,3.199756E+03,3.307698E+03,3.068637E-02,8.227416E+02,2.129688E-01,2.360062E+03,3.172926E+03,8.020340E-02,3.139772E+03,3.068637E-02,0.000000E+00,0.000000E+00,5.172911E-02,9.710812E+02,3.042961E-01,3.783660E+03,3.923358E+03,5.172911E-02,1.386925E+03,2.227017E-01,2.456684E+03,3.743788E+03,1.319272E-01,5.197745E+03,5.172911E-02,0.000000E+00,0.000000E+00,3.068637E-02,5.760579E+02,1.818022E-01,2.258921E+03,2.340345E+03,3.068637E-02,8.227416E+02,1.331491E-01,1.468944E+03,2.237233E+03,7.952298E-02,3.120016E+03,3.068637E-02,0.000000E+00,0.000000E+00
09:20:00,6.823837E-02,1.255744E+03,3.492220E-01,4.433706E+03,4.654486E+03,6.823837E-02,1.804303E+03,3.221217E-01,3.582572E+03,5.158736E+03,6.823837E-02,3.785059E+03,6.823837E-02,0.000000E+00,0.000000E+00,5.172911E-02,9.519351E+02,3.014000E-01,3.770464E+03,3.911586E+03,5.172911E-02,1.367779E+03,2.214837E-01,2.462231E+03,3.745283E+03,1.305828E-01,5.158702E+03,5.172911E-02,0.000000E+00,0.000000E+00,3.068637E-02,5.647001E+02,2.722143E-01,3.279735E+03,3.388989E+03,3.068637E-02,8.113838E+02,2.188648E-01,2.437251E+03,3.250422E+03,8.020383E-02,3.139784E+03,3.068637E-02,0.000000E+00,0.000000E+00,5.172911E-02,9.519351E+02,3.083304E-01,3.847849E+03,3.988938E+03,5.172911E-02,1.367779E+03,2.262764E-01,2.515741E+03,3.804448E+03,1.319280E-01,5.197766E+03,5.172911E-02,0.000000E+00,0.000000E+00,3.068637E-02,5.647001E+02,1.841348E-01,2.296324E+03,2.378479E+03,3.068637E-02,8.113838E+02,1.351991E-01,1.503188E+03,2.272280E+03,7.952341E-02,3.120029E+03,3.068637E-02,0.000000E+00,0.000000E+00
09:30:00,6.823837E-02,1.230487E+03,3.496726E-01,4.463993E+03,4.685510E+03,6.823837E-02,1.779046E+03,3.225816E-01,3.612963E+03,5.189995E+03,6.823837E-02,3.785059E+03,6.823837E-02,0.000000E+00,0.000000E+00,5.172911E-02,9.327889E+02,3.056767E-01,3.837361E+03,3.979891E+03,5.172911E-02,1.348632E+03,2.252838E-01,2.523805E+03,3.808373E+03,1.305835E-01,5.158723E+03,5.172911E-02,0.000000E+00,0.000000E+00,3.068637E-02,5.533424E+02,2.779211E-01,3.354813E+03,3.465321E+03,3.068637E-02,8.000261E+02,2.243444E-01,2.509793E+03,3.323254E+03,8.020425E-02,3.139797E+03,3.068637E-02,0.000000E+00,0.000000E+00,5.172911E-02,9.327889E+02,3.124043E-01,3.912480E+03,4.054953E+03,5.172911E-02,1.348632E+03,2.298825E-01,2.575148E+03,3.865328E+03,1.319287E-01,5.197787E+03,5.172911E-02,0.000000E+00,0.000000E+00,3.068637E-02,5.533424E+02,1.865043E-01,2.334137E+03,2.417038E+03,3.068637E-02,8.000261E+02,1.372796E-01,1.537775E+03,2.307618E+03,7.952383E-02,3.120041E+03,3.068637E-02,0.000000E+00,0.000000E+00
09:40:00,6.823837E-02,1.205231E+03,3.501387E-01,4.494454E+03,4.716714E+03,6.823837E-02,1.753790E+03,3.230580E-01,3.643539E+03,5.221447E+03,6.823837E-02,3.785059E+03,6.823837E-02,0.000000E+00,0.000000E+00,5.172911E-02,9.136428E+02,3.099402E-01,3.904111E+03,4.048032E+03,5.172911E-02,1.329486E+03,2.290808E-01,2.585343E+03,3.871500E+03,1.305842E-01,5.158744E+03,5.172911E-02,0.000000E+00,0.000000E+00,3.068637E-02,5.419847E+02,2.831518E-01,3.424575E+03,3.536248E+03,3.068637E-02,7.886684E+02,2.293726E-01,2.577294E+03,3.391230E+03,8.020468E-02,3.139809E+03,3.068637E-02,0.000000E+00,0.000000E+00,5.172911E-02,9.136428E+02,3.164661E-01,3.976977E+03,4.120789E+03,5.172911E-02,1.329486E+03,2.334914E-01,2.634586E+03,3.926307E+03,1.319294E-01,5.197808E+03,5.172911E-02,0.000000E+00,0.000000E+00,3.068637E-02,5.419847E+02,1.888940E-01,2.372176E+03,2.455821E+03,3.068637E-02,7.886684E+02,1.393912E-01,1.572708E+03,2.343405E+03,7.952426E-02,3.120054E+03,3.068637E-02,0.000000E+00,0.000000E+00
09:50:00,6.823837E-02,1.179974E+03,3.506150E-01,4.525028E+03,4.748037E+03,6.823837E-02,1.728533E+03,3.235454E-01,3.674238E+03,5.253026E+03,6.823837E-02,3.785059E+03,6.823837E-02,0.000000E+00,0.000000E+00,5.172911E-02,8.944967E+02,3.142236E-01,3.971082E+03,4.116417E+03,5.172911E-02,1.310340E+03,2.329047E-01,2.647183E+03,3.935421E+03,1.305849E-01,5.158765E+03,5.172911E-02,0.000000E+00,0.000000E+00,3.068637E-02,5.306269E+02,2.879040E-01,3.488995E+03,3.601738E+03,3.068637E-02,7.773106E+02,2.339445E-01,2.639700E+03,3.454647E+03,8.020511E-02,3.139821E+03,3.068637E-02,0.000000E+00,0.000000E+00,5.172911E-02,8.944967E+02,3.205496E-01,4.041717E+03,4.186877E+03,5.172911E-02,1.310340E+03,2.371187E-01,2.694230E+03,3.987975E+03,1.319301E-01,5.197829E+03,5.172911E-02,0.000000E+00,0.000000E+00,3.068637E-02,5.306269E+02,1.913255E-01,2.410683E+03,2.495098E+03,3.068637E-02,7.773106E+02,1.415382E-01,1.608036E+03,2.379930E+03,7.952469E-02,3.120066E+03,3.068637E-02,0.000000E+00,0.000000E+00
10:00:00,6.823837E-02,1.154717E+03,3.510970E-01,4.555666E+03,4.779421E+03,6.823837E-02,1.703277E+03,3.240394E-01,3.705009E+03,5.284675E+03,6.823837E-02,3.785059E+03,6.823837E-02,0.000000E+00,0.000000E+00,5.172911E-02,8.753505E+02,3.184832E-01,4.037788E+03,4.184451E+03,5.172911E-02,1.291194E+03,2.367094E-01,2.708808E+03,3.999537E+03,1.305857E-01,5.158786E+03,5.172911E-02,0.000000E+00,0.000000E+00,3.068637E-02,5.192692E+02,2.919202E-01,3.545197E+03,3.658676E+03,3.068637E-02,7.659529E+02,2.378132E-01,2.694256E+03,3.510375E+03,8.020554E-02,3.139834E+03,3.068637E-02,0.000000E+00,0.000000E+00,5.172911E-02,8.753505E+02,3.245951E-01,4.106033E+03,4.252432E+03,5.172911E-02,1.291194E+03,2.407275E-01,2.753668E+03,4.049879E+03,1.319308E-01,5.197850E+03,5.172911E-02,0.000000E+00,0.000000E+00,3.068637E-02,5.192692E+02,1.937593E-01,2.449215E+03,2.534352E+03,3.068637E-02,7.659529E+02,1.437010E-01,1.643542E+03,2.416958E+03,7.952512E-02,3.120079E+03,3.068637E-02,0.000000E+00,0.000000E+00
10:10:00,6.823837E-02,1.132432E+03,3.515799E-01,4.583344E+03,4.807782E+03,6.823837E-02,1.680991E+03,3.245347E-01,3.732824E+03,5.313291E+03,6.823837E-02,3.785059E+03,6.823837E-02,0.000000E+00,0.000000E+00,5.172911E-02,8.584569E+02,3.226994E-01,4.101757E+03,4.249625E+03,5.172911E-02,1.274300E+03,2.404841E-01,2.767846E+03,4.061359E+03,1.305864E-01,5.158807E+03,5.172911E-02,0.000000E+00,0.000000E+00,3.068637E-02,5.092477E+02,2.951503E-01,3.591286E+03,3.705353E+03,3.068637E-02,7.559314E+02,2.409309E-01,2.739091E+03,3.556635E+03,8.020597E-02,3.139846E+03,3.068637E-02,0.000000E+00,0.000000E+00,5.172911E-02,8.584569E+02,3.285869E-01,4.167496E+03,4.315006E+03,5.172911E-02,1.274300E+03,2.442934E-01,2.810375E+03,4.109340E+03,1.319316E-01,5.197871E+03,5.172911E-02,0.000000E+00,0.000000E+00,3.068637E-02,5.092477E+02,1.961876E-01,2.486349E+03,2.572148E+03,3.068637E-02,7.559314E+02,1.458626E-01,1.677697E+03,2.452852E+03,7.952555E-02,3.120091E+03,3.068637E-02,0.000000E+00,0.000000E+00
10:20:00,6.823837E-02,1.110147E+03,3.520587E-01,4.610974E+03,4.836086E+03,6.823837E-02,1.658706E+03,3.250262E-01,3.760597E+03,5.341855E+03,6.823837E-02,3.785059E+03,6.823837E-02,0.000000E+00,0.000000E+00,5.172911E-02,8.415633E+02,3.268654E-01,4.165165E+03,4.314235E+03,5.172911E-02,1.257407E+03,2.442238E-01,2.826492E+03,4.123063E+03,1.305871E-01,5.158827E+03,5.172911E-02,0.000000E+00,0.000000E+00,3.068637E-02,4.992262E+02,2.975592E-01,3.628206E+03,3.742838E+03,3.068637E-02,7.459099E+02,2.432645E-01,2.775171E+03,3.594344E+03,8.020639E-02,3.139859E+03,3.068637E-02,0.000000E+00,0.000000E+00,5.172911E-02,8.415633E+02,3.325180E-01,4.228281E+03,4.376893E+03,5.172911E-02,1.257407E+03,2.478135E-01,2.866570E+03,4.168554E+03,1.319323E-01,5.197891E+03,5.172911E-02,0.000000E+00,0.000000E+00,3.068637E-02,4.992262E+02,1.986031E-01,2.523340E+03,2.609806E+03,3.068637E-02,7.459099E+02,1.480191E-01,1.711796E+03,2.488877E+03,7.952597E-02,3.120104E+03,3.068637E-02,0.000000E+00,0.000000E+00
10:30:00,6.823837E-02,1.087862E+03,3.525287E-01,4.638507E+03,4.864281E+03,6.823837E-02,1.636421E+03,3.255092E-01,3.788275E+03,5.370311E+03,6.823837E-02,3.785059E+03,6.823837E-02,0.000000E+00,0.000000E+00,5.172911E-02,8.246696E+02,3.309748E-01,4.227942E+03,4.378235E+03,5.172911E-02,1.240513E+03,2.479233E-01,2.884690E+03,4.184501E+03,1.305878E-01,5.158848E+03,5.172911E-02,0.000000E+00,0.000000E+00,3.068637E-02,4.892046E+02,2.991138E-01,3.655588E+03,3.770680E+03,3.068637E-02,7.358883E+02,2.447851E-01,2.802174E+03,3.622947E+03,8.020682E-02,3.139871E+03,3.068637E-02,0.000000E+00,0.000000E+00,5.172911E-02,8.246696E+02,3.363807E-01,4.288304E+03,4.438033E+03,5.172911E-02,1.240513E+03,2.512823E-01,2.922192E+03,4.227370E+03,1.319330E-01,5.197912E+03,5.172911E-02,0.000000E+00,0.000000E+00,3.068637E-02,4.892046E+02,2.009982E-01,2.560104E+03,2.647251E+03,3.068637E-02,7.358883E+02,1.501649E-01,1.745775E+03,2.524901E+03,7.952640E-02,3.120116E+03,3.068637E-02,0.000000E+00,0.000000E+00
10:40:00,6.823837E-02,1.065576E+03,3.529861E-01,4.665899E+03,4.892327E+03,6.823837E-02,1.614136E+03,3.259798E-01,3.815814E+03,5.398614E+03,6.823837E-02,3.785059E+03,6.823837E-02,0.000000E+00,0.000000E+00,5.172911E-02,8.077760E+02,3.350196E-01,4.289998E+03,4.441521E+03,5.172911E-02,1.223619E+03,2.515741E-01,2.942344E+03,4.245491E+03,1.305885E-01,5.158869E+03,5.172911E-02,0.000000E+00,0.000000E+00,3.068637E-02,4.791831E+02,2.997890E-01,3.673152E+03,3.788478E+03,3.068637E-02,7.258668E+02,2.454670E-01,2.819813E+03,3.641916E+03,8.020724E-02,3.139883E+03,3.068637E-02,0.000000E+00,0.000000E+00,5.172911E-02,8.077760E+02,3.401676E-01,4.347480E+03,4.498327E+03,5.172911E-02,1.223619E+03,2.546916E-01,2.977149E+03,4.285613E+03,1.319337E-01,5.197933E+03,5.172911E-02,0.000000E+00,0.000000E+00,3.068637E-02,4.791831E+02,2.033659E-01,2.596562E+03,2.684393E+03,3.068637E-02,7.258668E+02,1.522927E-01,1.779552E+03,2.560783E+03,7.952682E-02,3.120128E+03,3.068637E-02,0.000000E+00,0.000000E+00
10:50:00,6.823837E-02,1.043291E+03,3.534272E-01,4.693109E+03,4.920176E+03,6.823837E-02,1.591851E+03,3.264342E-01,3.843174E+03,5.426723E+03,6.823837E-02,3.785059E+03,6.823837E-02,0.000000E+00,0.000000E+00,5.172911E-02,7.908823E+02,3.389904E-01,4.351227E+03,4.503953E+03,5.172911E-02,1.206726E+03,2.551659E-01,2.999340E+03,4.305850E+03,1.305893E-01,5.158890E+03,5.172911E-02,0.000000E+00,0.000000E+00,3.068637E-02,4.691616E+02,2.995614E-01,3.680634E+03,3.795865E+03,3.068637E-02,7.158453E+02,2.452880E-01,2.827840E+03,3.650828E+03,8.020767E-02,3.139896E+03,3.068637E-02,0.000000E+00,0.000000E+00,5.172911E-02,7.908823E+02,3.438351E-01,4.405322E+03,4.557214E+03,5.172911E-02,1.206726E+03,2.580002E-01,3.030982E+03,4.342678E+03,1.319344E-01,5.197954E+03,5.172911E-02,0.000000E+00,0.000000E+00,3.068637E-02,4.691616E+02,2.056795E-01,2.632416E+03,2.720892E+03,3.068637E-02,7.158453E+02,1.543771E-01,1.812845E+03,2.596157E+03,7.952725E-02,3.120141E+03,3.068637E-02,0.000000E+00,0.000000E+00
11:00:00,6.823837E-02,1.021006E+03,3.538490E-01,4.720104E+03,4.947799E+03,6.823837E-02,1.569565E+03,3.268695E-01,3.870319E+03,5.454602E+03,6.823837E-02,3.785059E+03,6.823837E-02,0.000000E+00,0.000000E+00,5.172911E-02,7.739887E+02,3.429321E-01,4.412131E+03,4.566035E+03,5.172911E-02,1.189832E+03,2.587453E-01,3.056196E+03,4.366115E+03,1.305900E-01,5.158911E+03,5.172911E-02,0.000000E+00,0.000000E+00,3.068637E-02,4.591401E+02,2.986509E-01,3.680493E+03,3.795443E+03,3.068637E-02,7.058238E+02,2.444622E-01,2.828645E+03,3.652304E+03,8.020809E-02,3.139908E+03,3.068637E-02,0.000000E+00,0.000000E+00,5.172911E-02,7.739887E+02,3.474192E-01,4.462233E+03,4.615127E+03,5.172911E-02,1.189832E+03,2.612393E-01,3.084039E+03,4.398956E+03,1.319352E-01,5.197975E+03,5.172911E-02,0.000000E+00,0.000000E+00,3.068637E-02,4.591401E+02,2.079562E-01,2.667858E+03,2.756958E+03,3.068637E-02,7.058238E+02,1.564328E-01,1.845818E+03,2.631208E+03,7.952767E-02,3.120153E+03,3.068637E-02,0.000000E+00,0.000000E+00
11:10:00,6.823837E-02,1.006149E+03,3.542503E-01,4.739441E+03,4.967601E+03,6.823837E-02,1.554709E+03,3.272842E-01,3.889805E+03,5.474631E+03,6.823837E-02,3.785059E+03,6.823837E-02,0.000000E+00,0.000000E+00,5.172911E-02,7.627263E+02,3.468062E-01,4.466649E+03,4.621511E+03,5.172911E-02,1.178570E+03,2.622796E-01,3.106917E+03,4.420020E+03,1.305907E-01,5.158932E+03,5.172911E-02,0.000000E+00,0.000000E+00,3.068637E-02,4.524590E+02,2.970692E-01,3.669517E+03,3.783917E+03,3.068637E-02,6.991427E+02,2.430054E-01,2.819064E+03,3.643063E+03,8.020852E-02,3.139920E+03,3.068637E-02,0.000000E+00,0.000000E+00,5.172911E-02,7.627263E+02,3.508763E-01,4.512097E+03,4.665777E+03,5.172911E-02,1.178570E+03,2.643726E-01,3.130284E+03,4.448173E+03,1.319359E-01,5.197996E+03,5.172911E-02,0.000000E+00,0.000000E+00,3.068637E-02,4.524590E+02,2.101659E-01,2.699211E+03,2.788810E+03,3.068637E-02,6.991427E+02,1.584346E-01,1.874847E+03,2.662167E+03,7.952810E-02,3.120165E+03,3.068637E-02,0.000000E+00,0.000000E+00
11:20:00,6.823837E-02,9.912924E+02,3.546304E-01,4.758542E+03,4.987152E+03,6.823837E-02,1.539852E+03,3.276777E-01,3.909056E+03,5.494407E+03,6.823837E-02,3.785059E+03,6.823837E-02,0.000000E+00,0.000000E+00,5.172911E-02,7.514638E+02,3.506114E-01,4.520398E+03,4.676226E+03,5.172911E-02,1.167307E+03,2.657617E-01,3.157055E+03,4.473244E+03,1.305914E-01,5.158952E+03,5.172911E-02,0.000000E+00,0.000000E+00,3.068637E-02,4.457780E+02,2.948399E-01,3.651309E+03,3.765029E+03,3.068637E-02,6.924617E+02,2.409500E-01,2.802799E+03,3.626863E+03,8.020894E-02,3.139933E+03,3.068637E-02,0.000000E+00,0.000000E+00,5.172911E-02,7.514638E+02,3.542018E-01,4.560489E+03,4.714963E+03,5.172911E-02,1.167307E+03,2.673949E-01,3.175289E+03,4.496042E+03,1.319366E-01,5.198016E+03,5.172911E-02,0.000000E+00,0.000000E+00,3.068637E-02,4.457780E+02,2.123043E-01,2.729769E+03,2.819874E+03,3.068637E-02,6.924617E+02,1.603778E-01,1.903224E+03,2.692405E+03,7.952852E-02,3.120177E+03,3.068637E-02,0.000000E+00,0.000000E+00
11:30:00,6.823837E-02,9.764356E+02,3.549892E-01,4.777405E+03,5.006455E+03,6.823837E-02,1.524995E+03,3.280499E-01,3.928068E+03,5.513932E+03,6.823837E-02,3.785059E+03,6.823837E-02,0.000000E+00,0.000000E+00,5.172911E-02,7.402014E+02,3.543452E-01,4.573350E+03,4.730203E+03,5.172911E-02,1.156045E+03,2.691876E-01,3.206566E+03,4.525766E+03,1.305921E-01,5.158973E+03,5.172911E-02,0.000000E+00,0.000000E+00,3.068637E-02,4.390970E+02,2.919848E-01,3.626114E+03,3.739035E+03,3.068637E-02,6.857807E+02,2.383376E-01,2.780315E+03,3.604165E+03,8.020936E-02,3.139945E+03,3.068637E-02,0.000000E+00,0.000000E+00,5.172911E-02,7.402014E+02,3.573910E-01,4.607362E+03,4.762671E+03,5.172911E-02,1.156045E+03,2.703013E-01,3.218999E+03,4.542510E+03,1.319373E-01,5.198037E+03,5.172911E-02,0.000000E+00,0.000000E+00,3.068637E-02,4.390970E+02,2.143672E-01,2.759483E+03,2.850122E+03,3.068637E-02,6.857807E+02,1.622580E-01,1.930896E+03,2.721868E+03,7.952894E-02,3.120190E+03,3.068637E-02,0.000000E+00,0.000000E+00
11:40:00,6.823837E-02,9.615788E+02,3.553267E-01,4.796029E+03,5.025508E+03,6.823837E-02,1.510138E+03,3.284007E-01,3.946842E+03,5.533204E+03,6.823837E-02,3.785059E+03,6.823837E-02,0.000000E+00,0.000000E+00,5.172911E-02,7.289390E+02,3.580057E-01,4.625483E+03,4.783407E+03,5.172911E-02,1.144782E+03,2.725549E-01,3.255423E+03,4.577572E+03,1.305928E-01,5.158994E+03,5.172911E-02,0.000000E+00,0.000000E+00,3.068637E-02,4.324160E+02,2.886050E-01,3.595060E+03,3.707106E+03,3.068637E-02,6.790997E+02,2.352238E-01,2.752233E+03,3.575602E+03,8.020978E-02,3.139957E+03,3.068637E-02,0.000000E+00,0.000000E+00,5.172911E-02,7.289390E+02,3.604395E-01,4.652662E+03,4.808817E+03,5.172911E-02,1.144782E+03,2.730867E-01,3.261359E+03,4.587507E+03,1.319380E-01,5.198058E+03,5.172911E-02,0.000000E+00,0.000000E+00,3.068637E-02,4.324160E+02,2.163505E-01,2.788309E+03,2.879487E+03,3.068637E-02,6.790997E+02,1.640708E-01,1.957816E+03,2.750499E+03,7.952937E-02,3.120202E+03,3.068637E-02,0.000000E+00,0.000000E+00
11:50:00,6.823837E-02,9.467220E+02,3.556430E-01,4.814419E+03,5.044315E+03,6.823837E-02,1.495281E+03,3.287304E-01,3.965380E+03,5.552229E+03,6.823837E-02,3.785059E+03,6.823837E-02,0.000000E+00,0.000000E+00,5.172911E-02,7.176766E+02,3.615541E-01,4.676365E+03,4.835328E+03,5.172911E-02,1.133520E+03,2.758272E-01,3.303219E+03,4.628188E+03,1.305935E-01,5.159014E+03,5.172911E-02,0.000000E+00,0.000000E+00,3.068637E-02,4.257350E+02,2.849010E-01,3.560387E+03,3.671529E+03,3.068637E-02,6.724187E+02,2.317855E-01,2.720528E+03,3.543338E+03,8.021020E-02,3.139969E+03,3.068637E-02,0.000000E+00,0.000000E+00,5.172911E-02,7.176766E+02,3.633433E-01,4.696346E+03,4.853309E+03,5.172911E-02,1.133520E+03,2.757469E-01,3.302321E+03,4.630970E+03,1.319387E-01,5.198079E+03,5.172911E-02,0.000000E+00,0.000000E+00,3.068637E-02,4.257350E+02,2.182509E-01,2.816208E+03,2.907904E+03,3.068637E-02,6.724187E+02,1.658127E-01,1.983944E+03,2.778252E+03,7.952979E-02,3.120214E+03,3.068637E-02,0.000000E+00,0.000000E+00
12:00:00,6.823837E-02,9.318652E+02,3.559398E-01,4.832589E+03,5.062893E+03,6.823837E-02,1.480424E+03,3.290402E-01,3.983696E+03,5.571022E+03,6.823837E-02,3.785059E+03,6.823837E-02,0.000000E+00,0.000000E+00,5.172911E-02,7.064141E+02,3.649763E-01,4.725838E+03,4.885764E+03,5.172911E-02,1.122258E+03,2.789874E-01,3.349764E+03,4.677391E+03,1.305943E-01,5.159035E+03,5.172911E-02,0.000000E+00,0.000000E+00,3.068637E-02,4.190540E+02,2.814519E-01,3.528559E+03,3.639058E+03,3.068637E-02,6.657377E+02,2.285676E-01,2.691283E+03,3.514049E+03,8.021063E-02,3.139982E+03,3.068637E-02,0.000000E+00,0.000000E+00,5.172911E-02,7.064141E+02,3.661001E-01,4.738391E+03,4.896089E+03,5.172911E-02,1.122258E+03,2.782789E-01,3.341853E+03,4.672854E+03,1.319394E-01,5.198099E+03,5.172911E-02,0.000000E+00,0.000000E+00,3.068637E-02,4.190540E+02,2.200657E-01,2.843153E+03,2.935323E+03,3.068637E-02,6.657377E+02,1.674806E-01,2.009247E+03,2.805086E+03,7.953021E-02,3.120226E+03,3.068637E-02,0.000000E+00,0.000000E+00
12:10:00,6.823837E-02,9.199797E+02,3.562203E-01,4.847606E+03,5.078258E+03,6.823837E-02,1.468539E+03,3.293334E-01,3.998854E+03,5.586583E+03,6.823837E-02,3.785059E+03,6.823837E-02,0.000000E+00,0.000000E+00,5.172911E-02,6.974042E+02,3.683154E-01,4.772131E+03,4.932938E+03,5.172911E-02,1.113248E+03,2.820721E-01,3.393213E+03,4.723367E+03,1.305950E-01,5.159056E+03,5.172911E-02,0.000000E+00,0.000000E+00,3.068637E-02,4.137091E+02,2.784174E-01,3.500024E+03,3.609670E+03,3.068637E-02,6.603928E+02,2.257239E-01,2.664879E+03,3.487405E+03,8.021105E-02,3.139994E+03,3.068637E-02,0.000000E+00,0.000000E+00,5.172911E-02,6.974042E+02,3.687555E-01,4.777050E+03,4.935400E+03,5.172911E-02,1.113248E+03,2.807195E-01,3.378110E+03,4.711335E+03,1.319402E-01,5.198120E+03,5.172911E-02,0.000000E+00,0.000000E+00,3.068637E-02,4.137091E+02,2.218195E-01,2.868079E+03,2.960673E+03,3.068637E-02,6.603928E+02,1.690938E-01,2.032601E+03,2.829889E+03,7.953063E-02,3.120239E+03,3.068637E-02,0.000000E+00,0.000000E+00
12:20:00,6.823837E-02,9.080943E+02,3.564889E-01,4.862491E+03,5.093487E+03,6.823837E-02,1.456654E+03,3.296140E-01,4.013873E+03,5.602001E+03,6.823837E-02,3.785059E+03,6.823837E-02,0.000000E+00,0.000000E+00,5.172911E-02,6.883942E+02,3.715724E-01,4.817506E+03,4.979194E+03,5.172911E-02,1.104238E+03,2.850834E-01,3.435842E+03,4.768449E+03,1.305957E-01,5.159076E+03,5.172911E-02,0.000000E+00,0.000000E+00,3.068637E-02,4.083643E+02,2.758990E-01,3.477250E+03,3.585854E+03,3.068637E-02,6.550480E+02,2.233395E-01,2.643602E+03,3.465563E+03,8.021147E-02,3.140006E+03,3.068637E-02,0.000000E+00,0.000000E+00,5.172911E-02,6.883942E+02,3.713153E-01,4.814641E+03,4.973646E+03,5.172911E-02,1.104238E+03,2.830733E-01,3.413399E+03,4.748782E+03,1.319409E-01,5.198141E+03,5.172911E-02,0.000000E+00,0.000000E+00,3.068637E-02,4.083643E+02,2.235120E-01,2.892322E+03,2.985340E+03,3.068637E-02,6.550480E+02,1.706516E-01,2.055339E+03,2.854028E+03,7.953105E-02,3.120251E+03,3.068637E-02,0.000000E+00,0.000000E+00
12:30:00,6.823837E-02,8.962088E+02,3.567499E-01,4.877290E+03,5.108630E+03,6.823837E-02,1.444768E+03,3.298862E-01,4.028798E+03,5.617324E+03,6.823837E-02,3.785059E+03,6.823837E-02,0.000000E+00,0.000000E+00,5.172911E-02,6.793843E+02,3.747489E-01,4.861983E+03,5.024563E+03,5.172911E-02,1.095228E+03,2.880209E-01,3.477648E+03,4.812635E+03,1.305964E-01,5.159097E+03,5.172911E-02,0.000000E+00,0.000000E+00,3.068637E-02,4.030195E+02,2.739917E-01,3.461300E+03,3.568962E+03,3.068637E-02,6.497032E+02,2.214811E-01,2.628197E+03,3.449606E+03,8.021189E-02,3.140018E+03,3.068637E-02,0.000000E+00,0.000000E+00,5.172911E-02,6.793843E+02,3.737865E-01,4.851243E+03,5.010914E+03,5.172911E-02,1.095228E+03,2.853470E-01,3.447794E+03,4.785277E+03,1.319416E-01,5.198161E+03,5.172911E-02,0.000000E+00,0.000000E+00,3.068637E-02,4.030195E+02,2.251450E-01,2.915900E+03,3.009347E+03,3.068637E-02,6.497032E+02,1.721552E-01,2.077470E+03,2.877517E+03,7.953147E-02,3.120263E+03,3.068637E-02,0.000000E+00,0.000000E+00
12:40:00,6.823837E-02,8.843233E+02,3.570072E-01,4.892048E+03,5.123733E+03,6.823837E-02,1.432883E+03,3.301538E-01,4.043671E+03,5.632597E+03,6.823837E-02,3.785059E+03,6.823837E-02,0.000000E+00,0.000000E+00,5.172911E-02,6.703744E+02,3.778474E-01,4.905589E+03,5.069056E+03,5.172911E-02,1.086218E+03,2.908892E-01,3.518681E+03,4.855984E+03,1.305971E-01,5.159117E+03,5.172911E-02,0.000000E+00,0.000000E+00,3.068637E-02,3.976747E+02,2.727049E-01,3.452277E+03,3.559332E+03,3.068637E-02,6.443584E+02,2.201984E-01,2.619219E+03,3.440522E+03,8.021231E-02,3.140030E+03,3.068637E-02,0.000000E+00,0.000000E+00,5.172911E-02,6.703744E+02,3.761777E-01,4.886952E+03,5.047290E+03,5.172911E-02,1.086218E+03,2.875453E-01,3.481347E+03,4.820869E+03,1.319423E-01,5.198182E+03,5.172911E-02,0.000000E+00,0.000000E+00,3.068637E-02,3.976747E+02,2.267211E-01,2.938843E+03,3.032718E+03,3.068637E-02,6.443584E+02,1.736057E-01,2.099010E+03,2.900367E+03,7.953189E-02,3.120275E+03,3.068637E-02,0.000000E+00,0.000000E+00
12:50:00,6.823837E-02,8.724379E+02,3.572641E-01,4.906803E+03,5.138832E+03,6.823837E-02,1.420997E+03,3.304201E-01,4.058530E+03,5.647857E+03,6.823837E-02,3.785059E+03,6.823837E-02,0.000000E+00,0.000000E+00,5.172911E-02,6.613644E+02,3.808688E-01,4.948334E+03,5.112664E+03,5.172911E-02,1.077208E+03,2.936893E-01,3.558952E+03,4.898502E+03,1.305978E-01,5.159138E+03,5.172911E-02,0.000000E+00,0.000000E+00,3.068637E-02,3.923299E+02,2.719493E-01,3.449184E+03,3.556021E+03,3.068637E-02,6.390136E+02,2.194184E-01,2.615853E+03,3.437632E+03,8.021272E-02,3.140042E+03,3.068637E-02,0.000000E+00,0.000000E+00,5.172911E-02,6.613644E+02,3.784984E-01,4.921873E+03,5.082861E+03,5.172911E-02,1.077208E+03,2.896792E-01,3.514181E+03,4.855689E+03,1.319430E-01,5.198202E+03,5.172911E-02,0.000000E+00,0.000000E+00,3.068637E-02,3.923299E+02,2.282442E-01,2.961194E+03,3.055481E+03,3.068637E-02,6.390136E+02,1.750077E-01,2.120006E+03,2.922635E+03,7.953231E-02,3.120287E+03,3.068637E-02,0.000000E+00,0.000000E+00
13:00:00,6.823837E-02,8.605524E+02,3.575227E-01,4.921575E+03,5.153955E+03,6.823837E-02,1.409112E+03,3.306871E-01,4.073397E+03,5.663131E+03,6.823837E-02,3.785059E+03,6.823837E-02,0.000000E+00,0.000000E+00,5.172911E-02,6.523545E+02,3.838134E-01,4.990222E+03,5.155379E+03,5.172911E-02,1.068198E+03,2.964262E-01,3.598519E+03,4.940255E+03,1.305985E-01,5.159158E+03,5.172911E-02,0.000000E+00,0.000000E+00,3.068637E-02,3.869851E+02,2.712568E-01,3.446796E+03,3.553429E+03,3.068637E-02,6.336688E+02,2.186995E-01,2.613169E+03,3.435391E+03,8.021314E-02,3.140055E+03,3.068637E-02,0.000000E+00,0.000000E+00,5.172911E-02,6.523545E+02,3.807577E-01,4.956110E+03,5.117720E+03,5.172911E-02,1.068198E+03,2.917582E-01,3.546402E+03,4.889846E+03,1.319437E-01,5.198223E+03,5.172911E-02,0.000000E+00,0.000000E+00,3.068637E-02,3.869851E+02,2.297182E-01,2.982997E+03,3.077677E+03,3.068637E-02,6.336688E+02,1.763654E-01,2.140510E+03,2.944370E+03,7.953273E-02,3.120300E+03,3.068637E-02,0.000000E+00,0.000000E+00
13:10:00,6.823837E-02,8.531240E+02,3.577827E-01,4.931907E+03,5.164552E+03,6.823837E-02,1.401683E+03,3.309550E-01,4.083816E+03,5.673854E+03,6.823837E-02,3.785059E+03,6.823837E-02,0.000000E+00,0.000000E+00,5.172911E-02,6.467233E+02,3.866619E-01,5.027658E+03,5.193512E+03,5.172911E-02,1.062567E+03,2.990784E-01,3.633760E+03,4.977492E+03,1.305992E-01,5.159179E+03,5.172911E-02,0.000000E+00,0.000000E+00,3.068637E-02,3.836446E+02,2.705911E-01,3.442702E+03,3.549076E+03,3.068637E-02,6.303283E+02,2.180043E-01,2.608746E+03,3.431305E+03,8.021356E-02,3.140067E+03,3.068637E-02,0.000000E+00,0.000000E+00,5.172911E-02,6.467233E+02,3.829461E-01,4.986176E+03,5.148288E+03,5.172911E-02,1.062567E+03,2.937766E-01,3.574567E+03,4.919786E+03,1.319444E-01,5.198243E+03,5.172911E-02,0.000000E+00,0.000000E+00,3.068637E-02,3.836446E+02,2.311376E-01,3.002186E+03,3.097184E+03,3.068637E-02,6.303283E+02,1.776757E-01,2.158479E+03,2.963467E+03,7.953314E-02,3.120312E+03,3.068637E-02,0.000000E+00,0.000000E+00
13:20:00,6.823837E-02,8.456956E+02,3.580434E-01,4.942245E+03,5.175157E+03,6.823837E-02,1.394255E+03,3.312230E-01,4.094236E+03,5.684581E+03,6.823837E-02,3.785059E+03,6.823837E-02,0.000000E+00,0.000000E+00,5.172911E-02,6.410920E+02,3.894102E-01,5.063975E+03,5.230530E+03,5.172911E-02,1.056936E+03,3.016447E-01,3.668042E+03,5.013680E+03,1.305999E-01,5.159199E+03,5.172911E-02,0.000000E+00,0.000000E+00,3.068637E-02,3.803041E+02,2.699560E-01,3.438952E+03,3.545092E+03,3.068637E-02,6.269878E+02,2.173375E-01,2.604641E+03,3.427486E+03,8.021398E-02,3.140079E+03,3.068637E-02,0.000000E+00,0.000000E+00,5.172911E-02,6.410920E+02,3.850678E-01,5.015497E+03,5.178127E+03,5.172911E-02,1.056936E+03,2.957381E-01,3.602097E+03,4.949021E+03,1.319451E-01,5.198264E+03,5.172911E-02,0.000000E+00,0.000000E+00,3.068637E-02,3.803041E+02,2.325058E-01,3.020803E+03,3.116127E+03,3.068637E-02,6.269878E+02,1.789417E-01,2.175953E+03,2.982021E+03,7.953356E-02,3.120324E+03,3.068637E-02,0.000000E+00,0.000000E+00
13:30:00,6.823837E-02,8.382672E+02,3.583036E-01,4.952579E+03,5.185758E+03,6.823837E-02,1.386827E+03,3.314901E-01,4.104648E+03,5.695299E+03,6.823837E-02,3.785059E+03,6.823837E-02,0.000000E+00,0.000000E+00,5.172911E-02,6.354608E+02,3.920515E-01,5.099098E+03,5.266373E+03,5.172911E-02,1.051304E+03,3.041218E-01,3.701330E+03,5.048788E+03,1.306006E-01,5.159220E+03,5.172911E-02,0.000000E+00,0.000000E+00,3.068637E-02,3.769635E+02,2.693621E-01,3.435661E+03,3.541602E+03,3.068637E-02,6.236473E+02,2.167104E-01,2.600979E+03,3.424068E+03,8.021439E-02,3.140091E+03,3.068637E-02,0.000000E+00,0.000000E+00,5.172911E-02,6.354608E+02,3.871249E-01,5.044097E+03,5.207279E+03,5.172911E-02,1.051304E+03,2.976448E-01,3.629015E+03,4.977578E+03,1.319458E-01,5.198284E+03,5.172911E-02,0.000000E+00,0.000000E+00,3.068637E-02,3.769635E+02,2.338248E-01,3.038871E+03,3.134539E+03,3.068637E-02,6.236473E+02,1.801656E-01,2.192958E+03,3.000059E+03,7.953398E-02,3.120336E+03,3.068637E-02,0.000000E+00,0.000000E+00
13:40:00,6.823837E-02,8.308388E+02,3.585627E-01,4.962901E+03,5.196346E+03,6.823837E-02,1.379398E+03,3.317559E-01,4.115043E+03,5.706002E+03,6.823837E-02,3.785059E+03,6.823837E-02,0.000000E+00,0.000000E+00,5.172911E-02,6.298296E+02,3.945748E-01,5.132903E+03,5.300889E+03,5.172911E-02,1.045673E+03,3.064972E-01,3.733481E+03,5.082658E+03,1.306013E-01,5.159240E+03,5.172911E-02,0.000000E+00,0.000000E+00,3.068637E-02,3.736230E+02,2.688190E-01,3.432938E+03,3.538705E+03,3.068637E-02,6.203067E+02,2.161334E-01,2.597876E+03,3.421185E+03,8.021481E-02,3.140103E+03,3.068637E-02,0.000000E+00,0.000000E+00,5.172911E-02,6.298296E+02,3.891168E-01,5.071969E+03,5.235715E+03,5.172911E-02,1.045673E+03,2.994992E-01,3.655350E+03,5.005490E+03,1.319465E-01,5.198304E+03,5.172911E-02,0.000000E+00,0.000000E+00,3.068637E-02,3.736230E+02,2.350952E-01,3.056396E+03,3.152412E+03,3.068637E-02,6.203067E+02,1.813495E-01,2.209516E+03,3.017604E+03,7.953439E-02,3.120348E+03,3.068637E-02,0.000000E+00,0.000000E+00
13:50:00,6.823837E-02,8.234104E+02,3.588201E-01,4.973203E+03,5.206911E+03,6.823837E-02,1.371970E+03,3.320198E-01,4.125418E+03,5.716681E+03,6.823837E-02,3.785059E+03,6.823837E-02,0.000000E+00,0.000000E+00,5.172911E-02,6.241984E+02,3.969697E-01,5.165274E+03,5.333932E+03,5.172911E-02,1.040042E+03,3.087611E-01,3.764388E+03,5.115174E+03,1.306020E-01,5.159261E+03,5.172911E-02,0.000000E+00,0.000000E+00,3.068637E-02,3.702825E+02,2.683318E-01,3.430839E+03,3.536445E+03,3.068637E-02,6.169662E+02,2.156134E-01,2.595410E+03,3.418924E+03,8.021522E-02,3.140115E+03,3.068637E-02,0.000000E+00,0.000000E+00,5.172911E-02,6.241984E+02,3.910401E-01,5.099074E+03,5.263366E+03,5.172911E-02,1.040042E+03,3.012965E-01,3.681047E+03,5.032687E+03,1.319472E-01,5.198325E+03,5.172911E-02,0.000000E+00,0.000000E+00,3.068637E-02,3.702825E+02,2.363163E-01,3.073371E+03,3.169722E+03,3.068637E-02,6.169662E+02,1.824917E-01,2.225609E+03,3.034633E+03,7.953481E-02,3.120360E+03,3.068637E-02,0.000000E+00,0.000000E+00
14:00:00,6.823837E-02,8.159820E+02,3.590753E-01,4.983480E+03,5.217453E+03,6.823837E-02,1.364541E+03,3.322813E-01,4.135766E+03,5.727334E+03,6.823837E-02,3.785059E+03,6.823837E-02,0.000000E+00,0.000000E+00,5.172911E-02,6.185672E+02,3.992237E-01,5.196072E+03,5.365343E+03,5.172911E-02,1.034411E+03,3.109003E-01,3.793902E+03,5.146178E+03,1.306027E-01,5.159281E+03,5.172911E-02,0.000000E+00,0.000000E+00,3.068637E-02,3.669420E+02,2.679008E-01,3.429367E+03,3.534815E+03,3.068637E-02,6.136257E+02,2.151509E-01,2.593587E+03,3.417300E+03,8.021564E-02,3.140127E+03,3.068637E-02,0.000000E+00,0.000000E+00,5.172911E-02,6.185672E+02,3.928892E-01,5.125351E+03,5.290148E+03,5.172911E-02,1.034411E+03,3.030307E-01,3.706039E+03,5.059094E+03,1.319479E-01,5.198345E+03,5.172911E-02,0.000000E+00,0.000000E+00,3.068637E-02,3.669420E+02,2.376037E-01,3.091086E+03,3.187867E+03,3.068637E-02,6.136257E+02,1.837054E-01,2.242500E+03,3.052639E+03,7.953522E-02,3.120372E+03,3.068637E-02,0.000000E+00,0.000000E+00
14:10:00,6.823837E-02,8.159820E+02,3.593286E-01,4.986309E+03,5.220396E+03,6.823837E-02,1.364541E+03,3.325410E-01,4.138666E+03,5.730361E+03,6.823837E-02,3.785059E+03,6.823837E-02,0.000000E+00,0.000000E+00,5.172911E-02,6.185672E+02,4.012907E-01,5.219152E+03,5.388813E+03,5.172911E-02,1.034411E+03,3.128745E-01,3.815944E+03,5.169397E+03,1.306034E-01,5.159301E+03,5.172911E-02,0.000000E+00,0.000000E+00,3.068637E-02,3.669420E+02,2.675033E-01,3.424929E+03,3.530135E+03,3.068637E-02,6.136257E+02,2.147270E-01,2.588854E+03,3.412655E+03,8.021605E-02,3.140139E+03,3.068637E-02,0.000000E+00,0.000000E+00,5.172911E-02,6.185672E+02,3.946248E-01,5.144730E+03,5.309831E+03,5.172911E-02,1.034411E+03,3.046681E-01,3.724321E+03,5.078507E+03,1.319486E-01,5.198366E+03,5.172911E-02,0.000000E+00,0.000000E+00,3.068637E-02,3.669420E+02,2.394422E-01,3.111613E+03,3.209219E+03,3.068637E-02,6.136257E+02,1.854732E-01,2.262236E+03,3.074354E+03,7.953564E-02,3.120384E+03,3.068637E-02,0.000000E+00,0.000000E+00
14:20:00,6.823837E-02,8.159820E+02,3.595820E-01,4.989137E+03,5.223341E+03,6.823837E-02,1.364541E+03,3.328008E-01,4.141566E+03,5.733391E+03,6.823837E-02,3.785059E+03,6.823837E-02,0.000000E+00,0.000000E+00,5.172911E-02,6.185672E+02,4.031593E-01,5.240015E+03,5.410072E+03,5.172911E-02,1.034411E+03,3.146717E-01,3.836009E+03,5.190478E+03,1.306041E-01,5.159322E+03,5.172911E-02,0.000000E+00,0.000000E+00,3.068637E-02,3.669420E+02,2.671318E-01,3.420781E+03,3.525795E+03,3.068637E-02,6.136257E+02,2.143349E-01,2.584475E+03,3.408324E+03,8.021647E-02,3.140151E+03,3.068637E-02,0.000000E+00,0.000000E+00,5.172911E-02,6.185672E+02,3.962387E-01,5.162750E+03,5.328182E+03,5.172911E-02,1.034411E+03,3.062012E-01,3.741436E+03,5.096626E+03,1.319493E-01,5.198386E+03,5.172911E-02,0.000000E+00,0.000000E+00,3.068637E-02,3.669420E+02,2.419602E-01,3.139727E+03,3.238254E+03,3.068637E-02,6.136257E+02,1.879078E-01,2.289417E+03,3.103713E+03,7.953605E-02,3.120396E+03,3.068637E-02,0.000000E+00,0.000000E+00
14:30:00,6.823837E-02,8.159820E+02,3.598378E-01,4.991994E+03,5.226317E+03,6.823837E-02,1.364541E+03,3.330632E-01,4.144496E+03,5.736454E+03,6.823837E-02,3.785059E+03,6.823837E-02,0.000000E+00,0.000000E+00,5.172911E-02,6.185672E+02,4.048188E-01,5.258545E+03,5.429027E+03,5.172911E-02,1.034411E+03,3.162807E-01,3.853973E+03,5.209304E+03,1.306048E-01,5.159342E+03,5.172911E-02,0.000000E+00,0.000000E+00,3.068637E-02,3.669420E+02,2.667773E-01,3.416823E+03,3.521708E+03,3.068637E-02,6.136257E+02,2.139658E-01,2.580353E+03,3.404208E+03,8.021688E-02,3.140163E+03,3.068637E-02,0.000000E+00,0.000000E+00,5.172911E-02,6.185672E+02,3.977246E-01,5.179341E+03,5.345158E+03,5.172911E-02,1.034411E+03,3.076234E-01,3.757315E+03,5.113387E+03,1.319500E-01,5.198406E+03,5.172911E-02,0.000000E+00,0.000000E+00,3.068637E-02,3.669420E+02,2.452467E-01,3.176421E+03,3.275832E+03,3.068637E-02,6.136257E+02,1.910882E-01,2.324921E+03,3.141277E+03,7.953647E-02,3.120408E+03,3.068637E-02,0.000000E+00,0.000000E+00
14:40:00,6.823837E-02,8.159820E+02,3.600985E-01,4.994904E+03,5.229350E+03,6.823837E-02,1.364541E+03,3.333305E-01,4.147481E+03,5.739577E+03,6.823837E-02,3.785059E+03,6.823837E-02,0.000000E+00,0.000000E+00,5.172911E-02,6.185672E+02,4.062618E-01,5.274657E+03,5.445551E+03,5.172911E-02,1.034411E+03,3.176933E-01,3.869745E+03,5.225772E+03,1.306055E-01,5.159362E+03,5.172911E-02,0.000000E+00,0.000000E+00,3.068637E-02,3.669420E+02,2.664296E-01,3.412941E+03,3.517730E+03,3.068637E-02,6.136257E+02,2.136100E-01,2.576381E+03,3.400196E+03,8.021729E-02,3.140175E+03,3.068637E-02,0.000000E+00,0.000000E+00,5.172911E-02,6.185672E+02,3.990761E-01,5.194431E+03,5.360647E+03,5.172911E-02,1.034411E+03,3.089285E-01,3.771886E+03,5.128710E+03,1.319507E-01,5.198426E+03,5.172911E-02,0.000000E+00,0.000000E+00,3.068637E-02,3.669420E+02,2.493840E-01,3.222613E+03,3.323011E+03,3.068637E-02,6.136257E+02,1.950737E-01,2.369415E+03,3.187861E+03,7.953688E-02,3.120420E+03,3.068637E-02,0.000000E+00,0.000000E+00
14:50:00,6.823837E-02,8.159820E+02,3.603660E-01,4.997891E+03,5.232464E+03,6.823837E-02,1.364541E+03,3.336048E-01,4.150543E+03,5.742782E+03,6.823837E-02,3.785059E+03,6.823837E-02,0.000000E+00,0.000000E+00,5.172911E-02,6.185672E+02,4.074802E-01,5.288262E+03,5.459505E+03,5.172911E-02,1.034411E+03,3.189009E-01,3.883228E+03,5.239773E+03,1.306062E-01,5.159382E+03,5.172911E-02,0.000000E+00,0.000000E+00,3.068637E-02,3.669420E+02,2.660780E-01,3.409016E+03,3.513710E+03,3.068637E-02,6.136257E+02,2.132575E-01,2.572445E+03,3.396171E+03,8.021771E-02,3.140187E+03,3.068637E-02,0.000000E+00,0.000000E+00,5.172911E-02,6.185672E+02,4.002866E-01,5.207948E+03,5.374524E+03,5.172911E-02,1.034411E+03,3.101101E-01,3.785078E+03,5.142511E+03,1.319514E-01,5.198447E+03,5.172911E-02,0.000000E+00,0.000000E+00,3.068637E-02,3.669420E+02,2.544408E-01,3.279072E+03,3.380766E+03,3.068637E-02,6.136257E+02,1.999138E-01,2.423449E+03,3.244353E+03,7.953729E-02,3.120432E+03,3.068637E-02,0.000000E+00,0.000000E+00
15:00:00,6.823837E-02,8.159820E+02,3.606422E-01,5.000974E+03,5.235679E+03,6.823837E-02,1.364541E+03,3.338875E-01,4.153700E+03,5.746086E+03,6.823837E-02,3.785059E+03,6.823837E-02,0.000000E+00,0.000000E+00,5.172911E-02,6.185672E+02,4.084683E-01,5.299296E+03,5.470787E+03,5.172911E-02,1.034411E+03,3.198969E-01,3.894348E+03,5.251224E+03,1.306069E-01,5.159402E+03,5.172911E-02,0.000000E+00,0.000000E+00,3.068637E-02,3.669420E+02,2.657118E-01,3.404926E+03,3.509504E+03,3.068637E-02,6.136257E+02,2.128979E-01,2.568430E+03,3.392013E+03,8.021812E-02,3.140199E+03,3.068637E-02,0.000000E+00,0.000000E+00,5.172911E-02,6.185672E+02,4.013500E-01,5.219821E+03,5.386682E+03,5.172911E-02,1.034411E+03,3.111620E-01,3.796822E+03,5.154707E+03,1.319521E-01,5.198467E+03,5.172911E-02,0.000000E+00,0.000000E+00,3.068637E-02,3.669420E+02,2.603141E-01,3.344647E+03,3.447964E+03,3.068637E-02,6.136257E+02,2.055311E-01,2.486160E+03,3.309980E+03,7.953770E-02,3.120444E+03,3.068637E-02,0.000000E+00,0.000000E+00
15:10:00,6.823837E-02,8.248961E+02,3.609272E-01,4.995242E+03,5.229904E+03,6.823837E-02,1.373455E+03,3.341789E-01,4.148039E+03,5.740367E+03,6.823837E-02,3.785059E+03,6.823837E-02,0.000000E+00,0.000000E+00,5.172911E-02,6.253246E+02,4.092303E-01,5.301047E+03,5.472545E+03,5.172911E-02,1.041168E+03,3.206900E-01,3.896447E+03,5.253329E+03,1.306076E-01,5.159423E+03,5.172911E-02,0.000000E+00,0.000000E+00,3.068637E-02,3.709506E+02,2.653088E-01,3.396418E+03,3.500757E+03,3.068637E-02,6.176343E+02,2.125130E-01,2.560124E+03,3.383396E+03,8.021853E-02,3.140211E+03,3.068637E-02,0.000000E+00,0.000000E+00,5.172911E-02,6.253246E+02,4.022403E-01,5.223004E+03,5.389900E+03,5.172911E-02,1.041168E+03,3.120625E-01,3.800120E+03,5.158101E+03,1.319528E-01,5.198487E+03,5.172911E-02,0.000000E+00,0.000000E+00,3.068637E-02,3.709506E+02,2.665139E-01,3.409859E+03,3.514710E+03,3.068637E-02,6.176343E+02,2.114387E-01,2.548103E+03,3.374501E+03,7.953811E-02,3.120456E+03,3.068637E-02,0.000000E+00,0.000000E+00
15:20:00,6.823837E-02,8.338102E+02,3.612192E-01,4.989589E+03,5.224213E+03,6.823837E-02,1.382370E+03,3.344772E-01,4.142456E+03,5.734730E+03,6.823837E-02,3.785059E+03,6.823837E-02,0.000000E+00,0.000000E+00,5.172911E-02,6.320821E+02,4.097855E-01,5.300488E+03,5.472023E+03,5.172911E-02,1.047926E+03,3.212970E-01,3.896467E+03,5.253210E+03,1.306083E-01,5.159443E+03,5.172911E-02,0.000000E+00,0.000000E+00,3.068637E-02,3.749592E+02,2.648612E-01,3.387412E+03,3.491554E+03,3.068637E-02,6.216429E+02,2.120943E-01,2.551441E+03,3.374324E+03,8.021894E-02,3.140223E+03,3.068637E-02,0.000000E+00,0.000000E+00,5.172911E-02,6.320821E+02,4.029520E-01,5.224194E+03,5.391154E+03,5.172911E-02,1.047926E+03,3.128056E-01,3.801658E+03,5.159573E+03,1.319535E-01,5.198507E+03,5.172911E-02,0.000000E+00,0.000000E+00,3.068637E-02,3.749592E+02,2.729203E-01,3.477377E+03,3.583831E+03,3.068637E-02,6.216429E+02,2.175395E-01,2.612203E+03,3.440948E+03,7.953853E-02,3.120468E+03,3.068637E-02,0.000000E+00,0.000000E+00
15:30:00,6.823837E-02,8.427243E+02,3.615156E-01,4.983984E+03,5.218568E+03,6.823837E-02,1.391284E+03,3.347796E-01,4.136918E+03,5.729137E+03,6.823837E-02,3.785059E+03,6.823837E-02,0.000000E+00,0.000000E+00,5.172911E-02,6.388396E+02,4.101320E-01,5.297601E+03,5.469198E+03,5.172911E-02,1.054683E+03,3.217164E-01,3.894393E+03,5.250809E+03,1.306090E-01,5.159463E+03,5.172911E-02,0.000000E+00,0.000000E+00,3.068637E-02,3.789678E+02,2.643587E-01,3.377793E+03,3.481791E+03,3.068637E-02,6.256516E+02,2.116339E-01,2.542291E+03,3.364706E+03,8.021935E-02,3.140235E+03,3.068637E-02,0.000000E+00,0.000000E+00,5.172911E-02,6.388396E+02,4.034765E-01,5.223293E+03,5.390372E+03,5.172911E-02,1.054683E+03,3.133831E-01,3.801349E+03,5.159037E+03,1.319542E-01,5.198527E+03,5.172911E-02,0.000000E+00,0.000000E+00,3.068637E-02,3.789678E+02,2.794450E-01,3.546217E+03,3.654352E+03,3.068637E-02,6.256516E+02,2.237587E-01,2.677626E+03,3.508501E+03,7.953894E-02,3.120480E+03,3.068637E-02,0.000000E+00,0.000000E+00
15:40:00,6.823837E-02,8.516384E+02,3.618131E-01,4.978392E+03,5.212935E+03,6.823837E-02,1.400198E+03,3.350831E-01,4.131392E+03,5.723555E+03,6.823837E-02,3.785059E+03,6.823837E-02,0.000000E+00,0.000000E+00,5.172911E-02,6.455970E+02,4.102688E-01,5.292371E+03,5.464012E+03,5.172911E-02,1.061441E+03,3.219498E-01,3.890243E+03,5.246141E+03,1.306097E-01,5.159483E+03,5.172911E-02,0.000000E+00,0.000000E+00,3.068637E-02,3.829765E+02,2.637918E-01,3.367455E+03,3.471327E+03,3.068637E-02,6.296602E+02,2.111211E-01,2.532558E+03,3.354413E+03,8.021976E-02,3.140247E+03,3.068637E-02,0.000000E+00,0.000000E+00,5.172911E-02,6.455970E+02,4.038055E-01,5.220210E+03,5.387416E+03,5.172911E-02,1.061441E+03,3.137874E-01,3.799107E+03,5.156398E+03,1.319549E-01,5.198547E+03,5.172911E-02,0.000000E+00,0.000000E+00,3.068637E-02,3.829765E+02,2.859971E-01,3.615364E+03,3.725199E+03,3.068637E-02,6.296602E+02,2.300317E-01,2.743652E+03,3.576451E+03,7.953935E-02,3.120492E+03,3.068637E-02,0.000000E+00,0.000000E+00
15:50:00,6.823837E-02,8.605524E+02,3.621087E-01,4.972777E+03,5.207276E+03,6.823837E-02,1.409112E+03,3.353846E-01,4.125844E+03,5.717949E+03,6.823837E-02,3.785059E+03,6.823837E-02,0.000000E+00,0.000000E+00,5.172911E-02,6.523545E+02,4.101969E-01,5.284811E+03,5.456436E+03,5.172911E-02,1.068198E+03,3.219962E-01,3.884004E+03,5.239203E+03,1.306104E-01,5.159503E+03,5.172911E-02,0.000000E+00,0.000000E+00,3.068637E-02,3.869851E+02,2.631513E-01,3.356295E+03,3.460022E+03,3.068637E-02,6.336688E+02,2.105471E-01,2.522141E+03,3.343347E+03,8.022017E-02,3.140259E+03,3.068637E-02,0.000000E+00,0.000000E+00,5.172911E-02,6.523545E+02,4.039319E-01,5.214863E+03,5.382138E+03,5.172911E-02,1.068198E+03,3.140117E-01,3.794854E+03,5.151564E+03,1.319556E-01,5.198568E+03,5.172911E-02,0.000000E+00,0.000000E+00,3.068637E-02,3.869851E+02,2.924918E-01,3.683870E+03,3.795359E+03,3.068637E-02,6.336688E+02,2.362965E-01,2.809586E+03,3.644118E+03,7.953976E-02,3.120504E+03,3.068637E-02,0.000000E+00,0.000000E+00
16:00:00,6.823837E-02,8.694665E+02,3.623991E-01,4.967106E+03,5.201557E+03,6.823837E-02,1.418026E+03,3.356812E-01,4.120241E+03,5.712280E+03,6.823837E-02,3.785059E+03,6.823837E-02,0.000000E+00,0.000000E+00,5.172911E-02,6.591119E+02,4.099194E-01,5.274956E+03,5.446484E+03,5.172911E-02,1.074955E+03,3.218590E-01,3.875716E+03,5.230054E+03,1.306111E-01,5.159523E+03,5.172911E-02,0.000000E+00,0.000000E+00,3.068637E-02,3.909937E+02,2.624286E-01,3.344217E+03,3.447753E+03,3.068637E-02,6.376774E+02,2.099039E-01,2.510951E+03,3.331413E+03,8.022058E-02,3.140271E+03,3.068637E-02,0.000000E+00,0.000000E+00,5.172911E-02,6.591119E+02,4.038485E-01,5.207176E+03,5.374420E+03,5.172911E-02,1.074955E+03,3.140494E-01,3.788519E+03,5.144447E+03,1.319563E-01,5.198588E+03,5.172911E-02,0.000000E+00,0.000000E+00,3.068637E-02,3.909937E+02,2.988908E-01,3.751308E+03,3.864390E+03,3.068637E-02,6.376774E+02,2.424929E-01,2.874758E+03,3.710842E+03,7.954016E-02,3.120516E+03,3.068637E-02,0.000000E+00,0.000000E+00
16:10:00,6.823837E-02,8.813520E+02,3.626810E-01,4.958368E+03,5.192701E+03,6.823837E-02,1.429911E+03,3.359694E-01,4.111573E+03,5.703467E+03,6.823837E-02,3.785059E+03,6.823837E-02,0.000000E+00,0.000000E+00,5.172911E-02,6.681219E+02,4.094198E-01,5.260369E+03,5.431643E+03,5.172911E-02,1.083965E+03,3.215098E-01,3.862809E+03,5.216033E+03,1.306118E-01,5.159543E+03,5.172911E-02,0.000000E+00,0.000000E+00,3.068637E-02,3.963385E+02,2.616226E-01,3.329873E+03,3.433140E+03,3.068637E-02,6.430222E+02,2.091820E-01,2.497547E+03,3.317133E+03,8.022099E-02,3.140282E+03,3.068637E-02,0.000000E+00,0.000000E+00,5.172911E-02,6.681219E+02,4.035586E-01,5.194929E+03,5.361983E+03,5.172911E-02,1.083965E+03,3.138927E-01,3.777761E+03,5.132637E+03,1.319570E-01,5.198608E+03,5.172911E-02,0.000000E+00,0.000000E+00,3.068637E-02,3.963385E+02,3.048612E-01,3.812625E+03,3.926963E+03,3.068637E-02,6.430222E+02,2.482991E-01,2.934237E+03,3.771263E+03,7.954057E-02,3.120527E+03,3.068637E-02,0.000000E+00,0.000000E+00
16:20:00,6.823837E-02,8.932374E+02,3.629495E-01,4.949480E+03,5.183687E+03,6.823837E-02,1.441797E+03,3.362447E-01,4.102762E+03,5.694499E+03,6.823837E-02,3.785059E+03,6.823837E-02,0.000000E+00,0.000000E+00,5.172911E-02,6.771318E+02,4.087156E-01,5.243497E+03,5.414530E+03,5.172911E-02,1.092975E+03,3.209670E-01,3.847740E+03,5.199789E+03,1.306124E-01,5.159563E+03,5.172911E-02,0.000000E+00,0.000000E+00,3.068637E-02,4.016833E+02,2.607427E-01,3.314704E+03,3.417725E+03,3.068637E-02,6.483670E+02,2.083920E-01,2.483383E+03,3.302077E+03,8.022139E-02,3.140294E+03,3.068637E-02,0.000000E+00,0.000000E+00,5.172911E-02,6.771318E+02,4.030845E-01,5.180626E+03,5.347504E+03,5.172911E-02,1.092975E+03,3.135657E-01,3.765101E+03,5.118869E+03,1.319576E-01,5.198628E+03,5.172911E-02,0.000000E+00,0.000000E+00,3.068637E-02,4.016833E+02,3.103904E-01,3.869016E+03,3.984677E+03,3.068637E-02,6.483670E+02,2.536981E-01,2.989172E+03,3.827167E+03,7.954098E-02,3.120539E+03,3.068637E-02,0.000000E+00,0.000000E+00
16:30:00,6.823837E-02,9.051229E+02,3.632004E-01,4.940396E+03,5.174461E+03,6.823837E-02,1.453682E+03,3.365029E-01,4.093759E+03,5.685324E+03,6.823837E-02,3.785059E+03,6.823837E-02,0.000000E+00,0.000000E+00,5.172911E-02,6.861418E+02,4.078132E-01,5.224412E+03,5.395205E+03,5.172911E-02,1.101985E+03,3.202364E-01,3.830575E+03,5.181368E+03,1.306131E-01,5.159583E+03,5.172911E-02,0.000000E+00,0.000000E+00,3.068637E-02,4.070281E+02,2.597842E-01,3.298657E+03,3.401443E+03,3.068637E-02,6.537118E+02,2.075277E-01,2.468389E+03,3.286150E+03,8.022180E-02,3.140306E+03,3.068637E-02,0.000000E+00,0.000000E+00,5.172911E-02,6.861418E+02,4.024247E-01,5.164250E+03,5.330959E+03,5.172911E-02,1.101985E+03,3.130664E-01,3.750518E+03,5.103102E+03,1.319583E-01,5.198648E+03,5.172911E-02,0.000000E+00,0.000000E+00,3.068637E-02,4.070281E+02,3.154176E-01,3.919803E+03,4.036861E+03,3.068637E-02,6.537118E+02,2.586299E-01,3.038891E+03,3.877942E+03,7.954139E-02,3.120551E+03,3.068637E-02,0.000000E+00,0.000000E+00
16:40:00,6.823837E-02,9.170083E+02,3.634304E-01,4.931078E+03,5.164988E+03,6.823837E-02,1.465568E+03,3.367406E-01,4.084528E+03,5.675906E+03,6.823837E-02,3.785059E+03,6.823837E-02,0.000000E+00,0.000000E+00,5.172911E-02,6.951517E+02,4.067170E-01,5.203163E+03,5.373669E+03,5.172911E-02,1.110995E+03,3.193200E-01,3.811335E+03,5.160742E+03,1.306138E-01,5.159603E+03,5.172911E-02,0.000000E+00,0.000000E+00,3.068637E-02,4.123729E+02,2.587415E-01,3.281671E+03,3.384205E+03,3.068637E-02,6.590566E+02,2.065852E-01,2.452522E+03,3.269286E+03,8.022221E-02,3.140318E+03,3.068637E-02,0.000000E+00,0.000000E+00,5.172911E-02,6.951517E+02,4.015733E-01,5.145735E+03,5.312234E+03,5.172911E-02,1.110995E+03,3.123893E-01,3.733950E+03,5.085224E+03,1.319590E-01,5.198668E+03,5.172911E-02,0.000000E+00,0.000000E+00,3.068637E-02,4.123729E+02,3.198827E-01,3.964313E+03,4.082692E+03,3.068637E-02,6.590566E+02,2.630341E-01,3.082721E+03,3.922720E+03,7.954180E-02,3.120563E+03,3.068637E-02,0.000000E+00,0.000000E+00
16:50:00,6.823837E-02,9.288938E+02,3.636363E-01,4.921492E+03,5.155234E+03,6.823837E-02,1.477453E+03,3.369548E-01,4.075034E+03,5.666210E+03,6.823837E-02,3.785059E+03,6.823837E-02,0.000000E+00,0.000000E+00,5.172911E-02,7.041616E+02,4.054310E-01,5.179795E+03,5.349933E+03,5.172911E-02,1.120005E+03,3.182239E-01,3.790090E+03,5.137958E+03,1.306145E-01,5.159623E+03,5.172911E-02,0.000000E+00,0.000000E+00,3.068637E-02,4.177177E+02,2.576096E-01,3.263689E+03,3.365933E+03,3.068637E-02,6.644015E+02,2.055599E-01,2.435732E+03,3.251416E+03,8.022262E-02,3.140330E+03,3.068637E-02,0.000000E+00,0.000000E+00,5.172911E-02,7.041616E+02,4.005255E-01,5.125026E+03,5.291237E+03,5.172911E-02,1.120005E+03,3.115298E-01,3.715346E+03,5.065154E+03,1.319597E-01,5.198687E+03,5.172911E-02,0.000000E+00,0.000000E+00,3.068637E-02,4.177177E+02,3.237291E-01,4.001915E+03,4.121400E+03,3.068637E-02,6.644015E+02,2.668540E-01,3.120027E+03,3.960671E+03,7.954220E-02,3.120575E+03,3.068637E-02,0.000000E+00,0.000000E+00
17:00:00,6.823837E-02,9.407792E+02,3.638155E-01,4.911607E+03,5.145169E+03,6.823837E-02,1.489339E+03,3.371428E-01,4.065247E+03,5.656206E+03,6.823837E-02,3.785059E+03,6.823837E-02,0.000000E+00,0.000000E+00,5.172911E-02,7.131716E+02,4.039573E-01,5.154332E+03,5.324008E+03,5.172911E-02,1.129015E+03,3.169509E-01,3.766868E+03,5.113040E+03,1.306152E-01,5.159643E+03,5.172911E-02,0.000000E+00,0.000000E+00,3.068637E-02,4.230626E+02,2.563844E-01,3.244664E+03,3.346573E+03,3.068637E-02,6.697463E+02,2.044476E-01,2.417970E+03,3.232489E+03,8.022302E-02,3.140341E+03,3.068637E-02,0.000000E+00,0.000000E+00,5.172911E-02,7.131716E+02,3.992782E-01,5.102091E+03,5.267918E+03,5.172911E-02,1.129015E+03,3.104857E-01,3.694681E+03,5.042854E+03,1.319604E-01,5.198707E+03,5.172911E-02,0.000000E+00,0.000000E+00,3.068637E-02,4.230626E+02,3.269002E-01,4.031978E+03,4.152279E+03,3.068637E-02,6.697463E+02,2.700346E-01,3.150196E+03,3.991060E+03,7.954261E-02,3.120587E+03,3.068637E-02,0.000000E+00,0.000000E+00
17:10:00,6.823837E-02,9.556361E+02,3.639662E-01,4.898434E+03,5.131736E+03,6.823837E-02,1.504195E+03,3.373027E-01,4.052176E+03,5.642826E+03,6.823837E-02,3.785059E+03,6.823837E-02,0.000000E+00,0.000000E+00,5.172911E-02,7.244340E+02,4.023589E-01,5.125222E+03,5.294356E+03,5.172911E-02,1.140278E+03,3.155614E-01,3.740094E+03,5.084466E+03,1.306159E-01,5.159663E+03,5.172911E-02,0.000000E+00,0.000000E+00,3.068637E-02,4.297436E+02,2.550949E-01,3.223585E+03,3.325111E+03,3.068637E-02,6.764273E+02,2.032776E-01,2.398226E+03,3.211520E+03,8.022343E-02,3.140353E+03,3.068637E-02,0.000000E+00,0.000000E+00,5.172911E-02,7.244340E+02,3.978896E-01,5.075324E+03,5.240680E+03,5.172911E-02,1.140278E+03,3.093136E-01,3.670334E+03,5.016759E+03,1.319611E-01,5.198727E+03,5.172911E-02,0.000000E+00,0.000000E+00,3.068637E-02,4.297436E+02,3.296511E-01,4.056014E+03,4.177024E+03,3.068637E-02,6.764273E+02,2.728191E-01,3.174607E+03,4.015597E+03,7.954301E-02,3.120598E+03,3.068637E-02,0.000000E+00,0.000000E+00
17:20:00,6.823837E-02,9.704929E+02,3.640885E-01,4.884942E+03,5.117969E+03,6.823837E-02,1.519052E+03,3.374344E-01,4.038790E+03,5.629115E+03,6.823837E-02,3.785059E+03,6.823837E-02,0.000000E+00,0.000000E+00,5.172911E-02,7.356964E+02,4.005971E-01,5.094289E+03,5.262851E+03,5.172911E-02,1.151540E+03,3.140200E-01,3.711624E+03,5.054086E+03,1.306166E-01,5.159683E+03,5.172911E-02,0.000000E+00,0.000000E+00,3.068637E-02,4.364246E+02,2.537197E-01,3.201550E+03,3.302684E+03,3.068637E-02,6.831083E+02,2.020287E-01,2.377603E+03,3.189608E+03,8.022383E-02,3.140365E+03,3.068637E-02,0.000000E+00,0.000000E+00,5.172911E-02,7.356964E+02,3.963326E-01,5.046677E+03,5.211534E+03,5.172911E-02,1.151540E+03,3.079868E-01,3.644259E+03,4.988828E+03,1.319618E-01,5.198747E+03,5.172911E-02,0.000000E+00,0.000000E+00,3.068637E-02,4.364246E+02,3.318862E-01,4.074289E+03,4.195915E+03,3.068637E-02,6.831083E+02,2.751132E-01,3.193543E+03,4.034499E+03,7.954342E-02,3.120610E+03,3.068637E-02,0.000000E+00,0.000000E+00
17:30:00,6.823837E-02,9.853497E+02,3.641822E-01,4.871131E+03,5.103868E+03,6.823837E-02,1.533909E+03,3.375376E-01,4.025085E+03,5.615068E+03,6.823837E-02,3.785059E+03,6.823837E-02,0.000000E+00,0.000000E+00,5.172911E-02,7.469589E+02,3.986662E-01,5.061468E+03,5.229436E+03,5.172911E-02,1.162802E+03,3.123215E-01,3.681400E+03,5.021834E+03,1.306172E-01,5.159702E+03,5.172911E-02,0.000000E+00,0.000000E+00,3.068637E-02,4.431056E+02,2.522552E-01,3.178517E+03,3.279250E+03,3.068637E-02,6.897893E+02,2.006978E-01,2.356064E+03,3.166713E+03,8.022424E-02,3.140377E+03,3.068637E-02,0.000000E+00,0.000000E+00,5.172911E-02,7.469589E+02,3.946197E-01,5.016291E+03,5.180643E+03,5.172911E-02,1.162802E+03,3.065177E-01,3.616597E+03,4.959219E+03,1.319624E-01,5.198767E+03,5.172911E-02,0.000000E+00,0.000000E+00,3.068637E-02,4.431056E+02,3.335588E-01,4.086285E+03,4.208425E+03,3.068637E-02,6.897893E+02,2.768700E-01,3.206479E+03,4.047223E+03,7.954382E-02,3.120622E+03,3.068637E-02,0.000000E+00,0.000000E+00
17:40:00,6.823837E-02,1.000207E+03,3.642467E-01,4.856995E+03,5.089431E+03,6.823837E-02,1.548766E+03,3.376116E-01,4.011055E+03,5.600681E+03,6.823837E-02,3.785059E+03,6.823837E-02,0.000000E+00,0.000000E+00,5.172911E-02,7.582213E+02,3.965615E-01,5.026707E+03,5.194043E+03,5.172911E-02,1.174065E+03,3.104618E-01,3.649376E+03,4.987663E+03,1.306179E-01,5.159722E+03,5.172911E-02,0.000000E+00,0.000000E+00,3.068637E-02,4.497866E+02,2.506994E-01,3.154465E+03,3.254782E+03,3.068637E-02,6.964703E+02,1.992833E-01,2.333591E+03,3.142816E+03,8.022464E-02,3.140388E+03,3.068637E-02,0.000000E+00,0.000000E+00,5.172911E-02,7.582213E+02,3.928658E-01,4.985445E+03,5.149376E+03,5.172911E-02,1.174065E+03,3.050080E-01,3.588480E+03,4.929238E+03,1.319631E-01,5.198787E+03,5.172911E-02,0.000000E+00,0.000000E+00,3.068637E-02,4.497866E+02,3.346246E-01,4.091505E+03,4.214043E+03,3.068637E-02,6.964703E+02,2.780459E-01,3.212930E+03,4.053275E+03,7.954423E-02,3.120634E+03,3.068637E-02,0.000000E+00,0.000000E+00
17:50:00,6.823837E-02,1.015063E+03,3.642840E-01,4.842554E+03,5.074675E+03,6.823837E-02,1.563623E+03,3.376584E-01,3.996721E+03,5.585977E+03,6.823837E-02,3.785059E+03,6.823837E-02,0.000000E+00,0.000000E+00,5.172911E-02,7.694837E+02,3.942763E-01,4.989930E+03,5.156572E+03,5.172911E-02,1.185327E+03,3.084351E-01,3.615488E+03,4.951499E+03,1.306186E-01,5.159742E+03,5.172911E-02,0.000000E+00,0.000000E+00,3.068637E-02,4.564676E+02,2.490514E-01,3.129384E+03,3.229253E+03,3.068637E-02,7.031514E+02,1.977844E-01,2.310177E+03,3.117910E+03,8.022504E-02,3.140400E+03,3.068637E-02,0.000000E+00,0.000000E+00,5.172911E-02,7.694837E+02,3.913132E-01,4.956848E+03,5.120551E+03,5.172911E-02,1.185327E+03,3.036873E-01,3.562474E+03,4.901720E+03,1.319638E-01,5.198807E+03,5.172911E-02,0.000000E+00,0.000000E+00,3.068637E-02,4.564676E+02,3.350591E-01,4.089676E+03,4.212479E+03,3.068637E-02,7.031514E+02,2.786169E-01,3.212628E+03,4.052399E+03,7.954463E-02,3.120645E+03,3.068637E-02,0.000000E+00,0.000000E+00
18:00:00,6.823837E-02,1.029920E+03,3.643015E-01,4.827893E+03,5.059700E+03,6.823837E-02,1.578479E+03,3.376852E-01,3.982164E+03,5.571050E+03,6.823837E-02,3.785059E+03,6.823837E-02,0.000000E+00,0.000000E+00,5.172911E-02,7.807462E+02,3.917291E-01,4.950227E+03,5.116019E+03,5.172911E-02,1.196590E+03,3.061649E-01,3.578881E+03,4.912343E+03,1.306193E-01,5.159762E+03,5.172911E-02,0.000000E+00,0.000000E+00,3.068637E-02,4.631487E+02,2.472727E-01,3.102843E+03,3.202189E+03,3.068637E-02,7.098324E+02,1.961651E-01,2.285417E+03,3.091522E+03,8.022545E-02,3.140412E+03,3.068637E-02,0.000000E+00,0.000000E+00,5.172911E-02,7.807462E+02,3.898995E-01,4.929801E+03,5.093116E+03,5.172911E-02,1.196590E+03,3.025013E-01,3.537972E+03,4.875524E+03,1.319645E-01,5.198826E+03,5.172911E-02,0.000000E+00,0.000000E+00,3.068637E-02,4.631487E+02,3.344209E-01,4.075872E+03,4.198455E+03,3.068637E-02,7.098324E+02,2.781613E-01,3.200864E+03,4.039314E+03,7.954503E-02,3.120657E+03,3.068637E-02,0.000000E+00,0.000000E+00
18:10:00,6.823837E-02,1.052205E+03,3.643075E-01,4.805675E+03,5.037023E+03,6.823837E-02,1.600765E+03,3.377002E-01,3.960046E+03,5.548389E+03,6.823837E-02,3.785059E+03,6.823837E-02,0.000000E+00,0.000000E+00,5.172911E-02,7.976398E+02,3.889268E-01,4.902045E+03,5.066801E+03,5.172911E-02,1.213483E+03,3.036679E-01,3.534111E+03,4.864769E+03,1.306200E-01,5.159781E+03,5.172911E-02,0.000000E+00,0.000000E+00,3.068637E-02,4.731702E+02,2.453695E-01,3.071572E+03,3.170293E+03,3.068637E-02,7.198539E+02,1.944369E-01,2.256102E+03,3.060447E+03,8.022585E-02,3.140423E+03,3.068637E-02,0.000000E+00,0.000000E+00,5.172911E-02,7.976398E+02,3.886663E-01,4.899139E+03,5.061884E+03,5.172911E-02,1.213483E+03,3.015002E-01,3.509902E+03,4.845568E+03,1.319652E-01,5.198846E+03,5.172911E-02,0.000000E+00,0.000000E+00,3.068637E-02,4.731702E+02,3.330033E-01,4.050024E+03,4.172481E+03,3.068637E-02,7.198539E+02,2.769664E-01,3.177506E+03,4.014872E+03,7.954544E-02,3.120669E+03,3.068637E-02,0.000000E+00,0.000000E+00
18:20:00,6.823837E-02,1.074491E+03,3.643086E-01,4.783402E+03,5.014290E+03,6.823837E-02,1.623050E+03,3.377102E-01,3.937872E+03,5.525673E+03,6.823837E-02,3.785059E+03,6.823837E-02,0.000000E+00,0.000000E+00,5.172911E-02,8.145334E+02,3.858693E-01,4.851015E+03,5.014729E+03,5.172911E-02,1.230377E+03,3.009456E-01,3.486826E+03,4.814514E+03,1.306206E-01,5.159801E+03,5.172911E-02,0.000000E+00,0.000000E+00,3.068637E-02,4.831917E+02,2.433457E-01,3.038954E+03,3.137059E+03,3.068637E-02,7.298754E+02,1.926047E-01,2.225626E+03,3.028121E+03,8.022625E-02,3.140435E+03,3.068637E-02,0.000000E+00,0.000000E+00,5.172911E-02,8.145334E+02,3.876036E-01,4.870379E+03,5.032642E+03,5.172911E-02,1.230377E+03,3.006704E-01,3.483745E+03,4.817502E+03,1.319658E-01,5.198866E+03,5.172911E-02,0.000000E+00,0.000000E+00,3.068637E-02,4.831917E+02,3.308178E-01,4.015601E+03,4.137887E+03,3.068637E-02,7.298754E+02,2.750361E-01,3.145937E+03,3.982087E+03,7.954584E-02,3.120680E+03,3.068637E-02,0.000000E+00,0.000000E+00
18:30:00,6.823837E-02,1.096776E+03,3.643074E-01,4.761104E+03,4.991526E+03,6.823837E-02,1.645335E+03,3.377176E-01,3.915670E+03,5.502926E+03,6.823837E-02,3.785059E+03,6.823837E-02,0.000000E+00,0.000000E+00,5.172911E-02,8.314271E+02,3.825550E-01,4.797116E+03,4.959762E+03,5.172911E-02,1.247271E+03,2.979969E-01,3.437013E+03,4.761498E+03,1.306213E-01,5.159821E+03,5.172911E-02,0.000000E+00,0.000000E+00,3.068637E-02,4.932132E+02,2.412032E-01,3.005011E+03,3.102502E+03,3.068637E-02,7.398970E+02,1.906705E-01,2.194010E+03,2.994528E+03,8.022665E-02,3.140447E+03,3.068637E-02,0.000000E+00,0.000000E+00,5.172911E-02,8.314271E+02,3.866196E-01,4.842498E+03,5.004406E+03,5.172911E-02,1.247271E+03,2.999260E-01,3.458540E+03,4.790355E+03,1.319665E-01,5.198886E+03,5.172911E-02,0.000000E+00,0.000000E+00,3.068637E-02,4.932132E+02,3.278259E-01,3.972177E+03,4.093985E+03,3.068637E-02,7.398970E+02,2.723440E-01,3.105863E+03,3.940245E+03,7.954624E-02,3.120692E+03,3.068637E-02,0.000000E+00,0.000000E+00
18:40:00,6.823837E-02,1.119061E+03,3.643016E-01,4.738754E+03,4.968705E+03,6.823837E-02,1.667620E+03,3.377203E-01,3.893415E+03,5.480118E+03,6.823837E-02,3.785059E+03,6.823837E-02,0.000000E+00,0.000000E+00,5.172911E-02,8.483207E+02,3.789864E-01,4.740379E+03,4.901881E+03,5.172911E-02,1.264164E+03,2.948266E-01,3.384726E+03,4.705753E+03,1.306220E-01,5.159841E+03,5.172911E-02,0.000000E+00,0.000000E+00,3.068637E-02,5.032348E+02,2.389452E-01,2.969779E+03,3.066628E+03,3.068637E-02,7.499185E+02,1.886384E-01,2.161303E+03,2.959709E+03,8.022705E-02,3.140458E+03,3.068637E-02,0.000000E+00,0.000000E+00,5.172911E-02,8.483207E+02,3.854802E-01,4.812882E+03,4.974447E+03,5.172911E-02,1.264164E+03,2.990549E-01,3.431922E+03,4.761604E+03,1.319672E-01,5.198905E+03,5.172911E-02,0.000000E+00,0.000000E+00,3.068637E-02,5.032348E+02,3.240073E-01,3.919520E+03,4.040494E+03,3.068637E-02,7.499185E+02,2.688640E-01,3.056993E+03,3.888979E+03,7.954664E-02,3.120704E+03,3.068637E-02,0.000000E+00,0.000000E+00
18:50:00,6.823837E-02,1.141346E+03,3.642823E-01,4.716253E+03,4.945719E+03,6.823837E-02,1.689906E+03,3.377095E-01,3.871009E+03,5.457148E+03,6.823837E-02,3.785059E+03,6.823837E-02,0.000000E+00,0.000000E+00,5.172911E-02,8.652144E+02,3.751643E-01,4.680812E+03,4.841042E+03,5.172911E-02,1.281058E+03,2.914385E-01,3.330008E+03,4.647310E+03,1.306227E-01,5.159860E+03,5.172911E-02,0.000000E+00,0.000000E+00,3.068637E-02,5.132563E+02,2.365725E-01,2.933265E+03,3.029414E+03,3.068637E-02,7.599400E+02,1.865108E-01,2.127528E+03,2.923687E+03,8.022745E-02,3.140470E+03,3.068637E-02,0.000000E+00,0.000000E+00,5.172911E-02,8.652144E+02,3.837902E-01,4.777119E+03,4.938084E+03,5.172911E-02,1.281058E+03,2.976873E-01,3.399760E+03,4.726716E+03,1.319679E-01,5.198925E+03,5.172911E-02,0.000000E+00,0.000000E+00,3.068637E-02,5.132563E+02,3.193151E-01,3.857111E+03,3.976900E+03,3.068637E-02,7.599400E+02,2.645596E-01,2.998918E+03,3.827947E+03,7.954704E-02,3.120715E+03,3.068637E-02,0.000000E+00,0.000000E+00
19:00:00,6.823837E-02,1.163631E+03,3.642312E-01,4.693398E+03,4.922359E+03,6.823837E-02,1.712191E+03,3.376675E-01,3.848254E+03,5.433803E+03,6.823837E-02,3.785059E+03,6.823837E-02,0.000000E+00,0.000000E+00,5.172911E-02,8.821080E+02,3.711671E-01,4.619289E+03,4.778179E+03,5.172911E-02,1.297951E+03,2.879105E-01,3.273727E+03,4.587185E+03,1.306233E-01,5.159880E+03,5.172911E-02,0.000000E+00,0.000000E+00,3.068637E-02,5.232778E+02,2.341240E-01,2.895906E+03,2.991325E+03,3.068637E-02,7.699615E+02,1.843263E-01,2.093119E+03,2.886973E+03,8.022785E-02,3.140482E+03,3.068637E-02,0.000000E+00,0.000000E+00,5.172911E-02,8.821080E+02,3.815169E-01,4.734843E+03,4.895081E+03,5.172911E-02,1.297951E+03,2.957913E-01,3.361700E+03,4.685589E+03,1.319686E-01,5.198944E+03,5.172911E-02,0.000000E+00,0.000000E+00,3.068637E-02,5.232778E+02,3.141353E-01,3.789257E+03,3.907888E+03,3.068637E-02,7.699615E+02,2.598071E-01,2.935840E+03,3.761987E+03,7.954744E-02,3.120727E+03,3.068637E-02,0.000000E+00,0.000000E+00
19:10:00,6.823837E-02,1.179974E+03,3.641268E-01,4.675890E+03,4.904426E+03,6.823837E-02,1.728533E+03,3.375731E-01,3.830859E+03,5.415917E+03,6.823837E-02,3.785059E+03,6.823837E-02,0.000000E+00,0.000000E+00,5.172911E-02,8.944967E+02,3.677821E-01,4.569106E+03,4.727550E+03,5.172911E-02,1.310340E+03,2.842707E-01,3.220703E+03,4.530347E+03,1.306240E-01,5.159899E+03,5.172911E-02,0.000000E+00,0.000000E+00,3.068637E-02,5.306269E+02,2.321213E-01,2.866196E+03,2.961454E+03,3.068637E-02,7.773106E+02,1.821015E-01,2.060932E+03,2.852519E+03,8.022825E-02,3.140493E+03,3.068637E-02,0.000000E+00,0.000000E+00,5.172911E-02,8.944967E+02,3.791784E-01,4.696345E+03,4.856444E+03,5.172911E-02,1.310340E+03,2.931286E-01,3.319586E+03,4.639846E+03,1.319692E-01,5.198964E+03,5.172911E-02,0.000000E+00,0.000000E+00,3.068637E-02,5.306269E+02,3.083787E-01,3.717635E+03,3.835135E+03,3.068637E-02,7.773106E+02,2.540713E-01,2.864457E+03,3.687116E+03,7.954784E-02,3.120738E+03,3.068637E-02,0.000000E+00,0.000000E+00
19:20:00,6.823837E-02,1.196316E+03,3.639471E-01,4.657540E+03,4.885602E+03,6.823837E-02,1.744876E+03,3.374039E-01,3.812627E+03,5.397137E+03,6.823837E-02,3.785059E+03,6.823837E-02,0.000000E+00,0.000000E+00,5.172911E-02,9.068853E+02,3.642665E-01,4.517465E+03,4.669226E+03,5.172911E-02,1.322729E+03,2.805479E-01,3.166752E+03,4.473193E+03,1.306247E-01,5.159919E+03,5.172911E-02,0.000000E+00,0.000000E+00,3.068637E-02,5.379761E+02,2.300593E-01,2.835824E+03,2.926627E+03,3.068637E-02,7.846598E+02,1.798458E-01,2.028399E+03,2.818176E+03,8.022865E-02,3.140505E+03,3.068637E-02,0.000000E+00,0.000000E+00,5.172911E-02,9.068853E+02,3.760397E-01,4.648913E+03,4.802138E+03,5.172911E-02,1.322729E+03,2.897655E-01,3.269652E+03,4.586699E+03,1.319699E-01,5.198984E+03,5.172911E-02,0.000000E+00,0.000000E+00,3.068637E-02,5.379761E+02,3.017973E-01,3.636803E+03,3.748104E+03,3.068637E-02,7.846598E+02,2.475931E-01,2.784784E+03,3.604672E+03,7.954824E-02,3.120750E+03,3.068637E-02,0.000000E+00,0.000000E+00
19:30:00,6.823837E-02,1.212659E+03,3.636769E-01,4.638182E+03,4.865714E+03,6.823837E-02,1.761218E+03,3.371444E-01,3.793387E+03,5.377285E+03,6.823837E-02,3.785059E+03,6.823837E-02,0.000000E+00,0.000000E+00,5.172911E-02,9.192740E+02,3.606234E-01,4.464401E+03,4.607994E+03,5.172911E-02,1.335118E+03,2.767571E-01,3.112042E+03,4.415133E+03,1.306254E-01,5.159938E+03,5.172911E-02,0.000000E+00,0.000000E+00,3.068637E-02,5.453252E+02,2.279348E-01,2.804755E+03,2.890166E+03,3.068637E-02,7.920089E+02,1.775600E-01,1.995531E+03,2.783398E+03,8.022905E-02,3.140516E+03,3.068637E-02,0.000000E+00,0.000000E+00,5.172911E-02,9.192740E+02,3.719548E-01,4.590918E+03,4.735379E+03,5.172911E-02,1.335118E+03,2.855862E-01,3.210607E+03,4.523631E+03,1.319706E-01,5.199003E+03,5.172911E-02,0.000000E+00,0.000000E+00,3.068637E-02,5.453252E+02,2.943187E-01,3.545956E+03,3.650149E+03,3.068637E-02,7.920089E+02,2.403016E-01,2.696032E+03,3.512499E+03,7.954864E-02,3.120762E+03,3.068637E-02,0.000000E+00,0.000000E+00
19:40:00,6.823837E-02,1.229001E+03,3.633088E-01,4.617730E+03,4.844683E+03,6.823837E-02,1.777561E+03,3.367866E-01,3.773050E+03,5.356274E+03,6.823837E-02,3.785059E+03,6.823837E-02,0.000000E+00,0.000000E+00,5.172911E-02,9.316627E+02,3.569022E-01,4.410465E+03,4.547905E+03,5.172911E-02,1.347506E+03,2.729518E-01,3.057171E+03,4.356412E+03,1.306260E-01,5.159958E+03,5.172911E-02,0.000000E+00,0.000000E+00,3.068637E-02,5.526743E+02,2.257672E-01,2.773205E+03,2.854692E+03,3.068637E-02,7.993580E+02,1.752638E-01,1.962547E+03,2.748124E+03,8.022945E-02,3.140528E+03,3.068637E-02,0.000000E+00,0.000000E+00,5.172911E-02,9.316627E+02,3.671973E-01,4.525414E+03,4.663224E+03,5.172911E-02,1.347506E+03,2.808504E-01,3.145349E+03,4.453593E+03,1.319712E-01,5.199023E+03,5.172911E-02,0.000000E+00,0.000000E+00,3.068637E-02,5.526743E+02,2.863600E-01,3.449750E+03,3.548907E+03,3.068637E-02,7.993580E+02,2.325855E-01,2.602538E+03,3.414977E+03,7.954904E-02,3.120773E+03,3.068637E-02,0.000000E+00,0.000000E+00
19:50:00,6.823837E-02,1.245344E+03,3.628462E-01,4.596222E+03,4.822550E+03,6.823837E-02,1.793903E+03,3.363328E-01,3.751641E+03,5.334139E+03,6.823837E-02,3.785059E+03,6.823837E-02,0.000000E+00,0.000000E+00,5.172911E-02,9.440514E+02,3.531525E-01,4.356213E+03,4.490059E+03,5.172911E-02,1.359895E+03,2.691800E-01,3.002672E+03,4.297572E+03,1.306267E-01,5.159977E+03,5.172911E-02,0.000000E+00,0.000000E+00,3.068637E-02,5.600234E+02,2.235763E-01,2.741396E+03,2.820744E+03,3.068637E-02,8.067071E+02,1.729803E-01,1.929703E+03,2.712628E+03,8.022984E-02,3.140540E+03,3.068637E-02,0.000000E+00,0.000000E+00,5.172911E-02,9.440514E+02,3.621363E-01,4.456522E+03,4.590447E+03,5.172911E-02,1.359895E+03,2.758977E-01,3.077669E+03,4.380676E+03,1.319719E-01,5.199042E+03,5.172911E-02,0.000000E+00,0.000000E+00,3.068637E-02,5.600234E+02,2.783614E-01,3.353097E+03,3.449261E+03,3.068637E-02,8.067071E+02,2.248530E-01,2.508861E+03,3.316749E+03,7.954943E-02,3.120785E+03,3.068637E-02,0.000000E+00,0.000000E+00
20:00:00,6.823837E-02,1.261686E+03,3.623038E-01,4.573825E+03,4.799495E+03,6.823837E-02,1.810246E+03,3.357971E-01,3.729318E+03,5.311051E+03,6.823837E-02,3.785059E+03,6.823837E-02,0.000000E+00,0.000000E+00,5.172911E-02,9.564400E+02,3.494579E-01,4.302577E+03,4.434628E+03,5.172911E-02,1.372284E+03,2.655026E-01,2.949227E+03,4.239706E+03,1.306274E-01,5.159997E+03,5.172911E-02,0.000000E+00,0.000000E+00,3.068637E-02,5.673725E+02,2.214001E-01,2.709751E+03,2.788161E+03,3.068637E-02,8.140562E+02,1.707424E-01,1.897370E+03,2.677577E+03,8.023024E-02,3.140551E+03,3.068637E-02,0.000000E+00,0.000000E+00,5.172911E-02,9.564400E+02,3.570522E-01,4.387373E+03,4.519176E+03,5.172911E-02,1.372284E+03,2.709864E-01,3.010450E+03,4.308096E+03,1.319726E-01,5.199062E+03,5.172911E-02,0.000000E+00,0.000000E+00,3.068637E-02,5.673725E+02,2.706587E-01,3.259749E+03,3.353865E+03,3.068637E-02,8.140562E+02,2.174080E-01,2.418393E+03,3.221352E+03,7.954983E-02,3.120796E+03,3.068637E-02,0.000000E+00,0.000000E+00
20:10:00,6.823837E-02,1.275058E+03,3.617055E-01,4.553773E+03,4.778834E+03,6.823837E-02,1.823617E+03,3.352019E-01,3.709302E+03,5.290325E+03,6.823837E-02,3.785059E+03,6.823837E-02,0.000000E+00,0.000000E+00,5.172911E-02,9.665762E+02,3.451971E-01,4.244871E+03,4.375335E+03,5.172911E-02,1.382420E+03,2.619906E-01,2.899882E+03,4.186954E+03,1.306281E-01,5.160016E+03,5.172911E-02,0.000000E+00,0.000000E+00,3.068637E-02,5.733854E+02,2.188025E-01,2.674737E+03,2.752335E+03,3.068637E-02,8.200692E+02,1.685779E-01,1.867191E+03,2.645357E+03,8.023064E-02,3.140563E+03,3.068637E-02,0.000000E+00,0.000000E+00,5.172911E-02,9.665762E+02,3.515736E-01,4.316071E+03,4.445908E+03,5.172911E-02,1.382420E+03,2.664272E-01,2.949414E+03,4.242820E+03,1.319733E-01,5.199081E+03,5.172911E-02,0.000000E+00,0.000000E+00,3.068637E-02,5.733854E+02,2.632773E-01,3.171323E+03,3.263426E+03,3.068637E-02,8.200692E+02,2.107037E-01,2.337529E+03,3.136476E+03,7.955023E-02,3.120808E+03,3.068637E-02,0.000000E+00,0.000000E+00
20:20:00,6.823837E-02,1.288429E+03,3.610797E-01,4.533416E+03,4.757867E+03,6.823837E-02,1.836988E+03,3.345760E-01,3.688943E+03,5.269255E+03,6.823837E-02,3.785059E+03,6.823837E-02,0.000000E+00,0.000000E+00,5.172911E-02,9.767124E+02,3.411625E-01,4.189691E+03,4.318929E+03,5.172911E-02,1.392556E+03,2.586594E-01,2.852555E+03,4.137298E+03,1.306287E-01,5.160036E+03,5.172911E-02,0.000000E+00,0.000000E+00,3.068637E-02,5.793984E+02,2.163092E-01,2.640888E+03,2.717869E+03,3.068637E-02,8.260821E+02,1.664946E-01,1.837920E+03,2.614782E+03,8.023103E-02,3.140574E+03,3.068637E-02,0.000000E+00,0.000000E+00,5.172911E-02,9.767124E+02,3.464984E-01,4.249273E+03,4.377391E+03,5.172911E-02,1.392556E+03,2.622059E-01,2.892150E+03,4.182366E+03,1.319739E-01,5.199101E+03,5.172911E-02,0.000000E+00,0.000000E+00,3.068637E-02,5.793984E+02,2.566031E-01,3.090792E+03,3.180907E+03,3.068637E-02,8.260821E+02,2.046366E-01,2.263779E+03,3.059526E+03,7.955062E-02,3.120819E+03,3.068637E-02,0.000000E+00,0.000000E+00
20:30:00,6.823837E-02,1.301800E+03,3.604520E-01,4.513037E+03,4.736890E+03,6.823837E-02,1.850359E+03,3.339450E-01,3.668527E+03,5.248144E+03,6.823837E-02,3.785059E+03,6.823837E-02,0.000000E+00,0.000000E+00,5.172911E-02,9.868486E+02,3.373988E-01,4.137535E+03,4.265708E+03,5.172911E-02,1.402692E+03,2.555351E-01,2.807538E+03,4.090836E+03,1.306294E-01,5.160055E+03,5.172911E-02,0.000000E+00,0.000000E+00,3.068637E-02,5.854113E+02,2.139443E-01,2.608473E+03,2.684902E+03,3.068637E-02,8.320950E+02,1.645088E-01,1.809737E+03,2.585879E+03,8.023143E-02,3.140586E+03,3.068637E-02,0.000000E+00,0.000000E+00,5.172911E-02,9.868486E+02,3.420911E-01,4.189931E+03,4.316710E+03,5.172911E-02,1.402692E+03,2.585460E-01,2.841153E+03,4.129542E+03,1.319746E-01,5.199120E+03,5.172911E-02,0.000000E+00,0.000000E+00,3.068637E-02,5.854113E+02,2.508983E-01,3.021085E+03,3.109576E+03,3.068637E-02,8.320950E+02,1.994429E-01,2.199779E+03,2.993509E+03,7.955102E-02,3.120831E+03,3.068637E-02,0.000000E+00,0.000000E+00
20:40:00,6.823837E-02,1.315171E+03,3.598440E-01,4.492878E+03,4.716156E+03,6.823837E-02,1.863730E+03,3.333314E-01,3.648305E+03,5.227253E+03,6.823837E-02,3.785059E+03,6.823837E-02,0.000000E+00,0.000000E+00,5.172911E-02,9.969848E+02,3.338993E-01,4.088327E+03,4.215571E+03,5.172911E-02,1.412828E+03,2.525998E-01,2.764630E+03,4.047080E+03,1.306301E-01,5.160075E+03,5.172911E-02,0.000000E+00,0.000000E+00,3.068637E-02,5.914242E+02,2.117080E-01,2.577492E+03,2.653422E+03,3.068637E-02,8.381079E+02,1.626165E-01,1.782597E+03,2.558400E+03,8.023182E-02,3.140597E+03,3.068637E-02,0.000000E+00,0.000000E+00,5.172911E-02,9.969848E+02,3.382406E-01,4.136804E+03,4.262584E+03,5.172911E-02,1.412828E+03,2.553356E-01,2.795174E+03,4.082727E+03,1.319753E-01,5.199139E+03,5.172911E-02,0.000000E+00,0.000000E+00,3.068637E-02,5.914242E+02,2.459239E-01,2.959530E+03,3.046726E+03,3.068637E-02,8.381079E+02,1.949092E-01,2.143148E+03,2.935676E+03,7.955141E-02,3.120842E+03,3.068637E-02,0.000000E+00,0.000000E+00
20:50:00,6.823837E-02,1.328542E+03,3.592697E-01,4.473094E+03,4.695830E+03,6.823837E-02,1.877101E+03,3.327493E-01,3.628435E+03,5.206752E+03,6.823837E-02,3.785059E+03,6.823837E-02,0.000000E+00,0.000000E+00,5.172911E-02,1.007121E+03,3.306587E-01,4.042008E+03,4.168497E+03,5.172911E-02,1.422964E+03,2.498402E-01,2.723683E+03,4.005703E+03,1.306307E-01,5.160094E+03,5.172911E-02,0.000000E+00,0.000000E+00,3.068637E-02,5.974371E+02,2.096018E-01,2.547962E+03,2.623475E+03,3.068637E-02,8.441208E+02,1.608104E-01,1.756420E+03,2.532126E+03,8.023222E-02,3.140608E+03,3.068637E-02,0.000000E+00,0.000000E+00,5.172911E-02,1.007121E+03,3.347727E-01,4.087948E+03,4.212983E+03,5.172911E-02,1.422964E+03,2.524106E-01,2.752380E+03,4.039660E+03,1.319759E-01,5.199159E+03,5.172911E-02,0.000000E+00,0.000000E+00,3.068637E-02,5.974371E+02,2.414266E-01,2.903303E+03,2.989422E+03,3.068637E-02,8.441208E+02,1.907949E-01,2.091198E+03,2.882928E+03,7.955181E-02,3.120854E+03,3.068637E-02,0.000000E+00,0.000000E+00
21:00:00,6.823837E-02,1.341913E+03,3.587339E-01,4.453741E+03,4.675967E+03,6.823837E-02,1.890473E+03,3.322046E-01,3.608982E+03,5.186704E+03,6.823837E-02,3.785059E+03,6.823837E-02,0.000000E+00,0.000000E+00,5.172911E-02,1.017257E+03,3.276334E-01,3.998094E+03,4.123985E+03,5.172911E-02,1.433101E+03,2.472263E-01,2.684364E+03,3.966231E+03,1.306314E-01,5.160113E+03,5.172911E-02,0.000000E+00,0.000000E+00,3.068637E-02,6.034500E+02,2.076080E-01,2.519688E+03,2.594863E+03,3.068637E-02,8.501337E+02,1.590728E-01,1.731007E+03,2.506759E+03,8.023261E-02,3.140620E+03,3.068637E-02,0.000000E+00,0.000000E+00,5.172911E-02,1.017257E+03,3.315422E-01,4.041741E+03,4.166184E+03,5.172911E-02,1.433101E+03,2.496328E-01,2.711230E+03,3.998461E+03,1.319766E-01,5.199178E+03,5.172911E-02,0.000000E+00,0.000000E+00,3.068637E-02,6.034500E+02,2.372478E-01,2.850631E+03,2.935797E+03,3.068637E-02,8.501337E+02,1.869557E-01,2.042321E+03,2.833419E+03,7.955220E-02,3.120865E+03,3.068637E-02,0.000000E+00,0.000000E+00
21:10:00,6.823837E-02,1.355284E+03,3.582350E-01,4.434799E+03,4.656542E+03,6.823837E-02,1.903844E+03,3.316958E-01,3.589931E+03,5.167092E+03,6.823837E-02,3.785059E+03,6.823837E-02,0.000000E+00,0.000000E+00,5.172911E-02,1.027393E+03,3.247183E-01,3.955409E+03,4.080751E+03,5.172911E-02,1.443237E+03,2.446987E-01,2.646007E+03,3.927833E+03,1.306321E-01,5.160132E+03,5.172911E-02,0.000000E+00,0.000000E+00,3.068637E-02,6.094629E+02,2.056739E-01,2.492078E+03,2.566943E+03,3.068637E-02,8.561466E+02,1.573794E-01,1.706087E+03,2.481947E+03,8.023301E-02,3.140631E+03,3.068637E-02,0.000000E+00,0.000000E+00,5.172911E-02,1.027393E+03,3.284296E-01,3.996850E+03,4.120741E+03,5.172911E-02,1.443237E+03,2.469374E-01,2.670999E+03,3.958246E+03,1.319773E-01,5.199197E+03,5.172911E-02,0.000000E+00,0.000000E+00,3.068637E-02,6.094629E+02,2.333066E-01,2.800612E+03,2.884890E+03,3.068637E-02,8.561466E+02,1.833252E-01,1.995772E+03,2.786298E+03,7.955260E-02,3.120877E+03,3.068637E-02,0.000000E+00,0.000000E+00
21:20:00,6.823837E-02,1.368656E+03,3.577680E-01,4.416214E+03,4.637497E+03,6.823837E-02,1.917215E+03,3.312187E-01,3.571233E+03,5.147858E+03,6.823837E-02,3.785059E+03,6.823837E-02,0.000000E+00,0.000000E+00,5.172911E-02,1.037530E+03,3.219015E-01,3.913821E+03,4.038654E+03,5.172911E-02,1.453373E+03,2.422450E-01,2.608475E+03,3.890332E+03,1.306327E-01,5.160152E+03,5.172911E-02,0.000000E+00,0.000000E+00,3.068637E-02,6.154759E+02,2.037952E-01,2.465089E+03,2.539665E+03,3.068637E-02,8.621596E+02,1.557262E-01,1.681615E+03,2.457620E+03,8.023340E-02,3.140643E+03,3.068637E-02,0.000000E+00,0.000000E+00,5.172911E-02,1.037530E+03,3.254193E-01,3.953103E+03,4.076472E+03,5.172911E-02,1.453373E+03,2.443169E-01,2.631604E+03,3.918910E+03,1.319779E-01,5.199217E+03,5.172911E-02,0.000000E+00,0.000000E+00,3.068637E-02,6.154759E+02,2.295885E-01,2.753084E+03,2.836531E+03,3.068637E-02,8.621596E+02,1.798892E-01,1.951396E+03,2.741401E+03,7.955299E-02,3.120888E+03,3.068637E-02,0.000000E+00,0.000000E+00
21:30:00,6.823837E-02,1.382027E+03,3.573278E-01,4.397928E+03,4.618766E+03,6.823837E-02,1.930586E+03,3.307683E-01,3.552833E+03,5.128940E+03,6.823837E-02,3.785059E+03,6.823837E-02,0.000000E+00,0.000000E+00,5.172911E-02,1.047666E+03,3.191756E-01,3.873249E+03,3.997605E+03,5.172911E-02,1.463509E+03,2.398598E-01,2.571708E+03,3.853642E+03,1.306334E-01,5.160171E+03,5.172911E-02,0.000000E+00,0.000000E+00,3.068637E-02,6.214888E+02,2.019698E-01,2.438695E+03,2.513000E+03,3.068637E-02,8.681725E+02,1.541115E-01,1.657574E+03,2.433748E+03,8.023379E-02,3.140654E+03,3.068637E-02,0.000000E+00,0.000000E+00,5.172911E-02,1.047666E+03,3.225070E-01,3.910448E+03,4.033322E+03,5.172911E-02,1.463509E+03,2.417676E-01,2.593005E+03,3.880395E+03,1.319786E-01,5.199236E+03,5.172911E-02,0.000000E+00,0.000000E+00,3.068637E-02,6.214888E+02,2.260818E-01,2.707917E+03,2.790589E+03,3.068637E-02,8.681725E+02,1.766420E-01,1.909127E+03,2.698668E+03,7.955338E-02,3.120899E+03,3.068637E-02,0.000000E+00,0.000000E+00
21:40:00,6.823837E-02,1.395398E+03,3.569102E-01,4.379895E+03,4.600299E+03,6.823837E-02,1.943957E+03,3.303401E-01,3.534681E+03,5.110283E+03,6.823837E-02,3.785059E+03,6.823837E-02,0.000000E+00,0.000000E+00,5.172911E-02,1.057802E+03,3.165342E-01,3.833620E+03,3.957527E+03,5.172911E-02,1.473645E+03,2.375367E-01,2.535633E+03,3.817675E+03,1.306340E-01,5.160190E+03,5.172911E-02,0.000000E+00,0.000000E+00,3.068637E-02,6.275017E+02,2.001954E-01,2.412869E+03,2.486918E+03,3.068637E-02,8.741854E+02,1.525331E-01,1.633939E+03,2.410296E+03,8.023418E-02,3.140665E+03,3.068637E-02,0.000000E+00,0.000000E+00,5.172911E-02,1.057802E+03,3.196882E-01,3.868839E+03,3.991244E+03,5.172911E-02,1.473645E+03,2.392859E-01,2.555159E+03,3.842651E+03,1.319793E-01,5.199255E+03,5.172911E-02,0.000000E+00,0.000000E+00,3.068637E-02,6.275017E+02,2.227740E-01,2.664970E+03,2.746923E+03,3.068637E-02,8.741854E+02,1.735717E-01,1.868833E+03,2.657961E+03,7.955378E-02,3.120911E+03,3.068637E-02,0.000000E+00,0.000000E+00
21:50:00,6.823837E-02,1.408769E+03,3.565118E-01,4.362075E+03,4.582051E+03,6.823837E-02,1.957328E+03,3.299312E-01,3.516744E+03,5.091849E+03,6.823837E-02,3.785059E+03,6.823837E-02,0.000000E+00,0.000000E+00,5.172911E-02,1.067938E+03,3.139714E-01,3.794868E+03,3.918350E+03,5.172911E-02,1.483782E+03,2.352712E-01,2.500202E+03,3.782367E+03,1.306347E-01,5.160209E+03,5.172911E-02,0.000000E+00,0.000000E+00,3.068637E-02,6.335146E+02,1.984693E-01,2.387584E+03,2.461392E+03,3.068637E-02,8.801983E+02,1.509898E-01,1.610694E+03,2.387243E+03,8.023457E-02,3.140677E+03,3.068637E-02,0.000000E+00,0.000000E+00,5.172911E-02,1.067938E+03,3.169587E-01,3.828226E+03,3.950188E+03,5.172911E-02,1.483782E+03,2.368691E-01,2.518039E+03,3.805644E+03,1.319799E-01,5.199274E+03,5.172911E-02,0.000000E+00,0.000000E+00,3.068637E-02,6.335146E+02,2.196518E-01,2.624096E+03,2.705381E+03,3.068637E-02,8.801983E+02,1.706675E-01,1.830394E+03,2.619160E+03,7.955417E-02,3.120922E+03,3.068637E-02,0.000000E+00,0.000000E+00
22:00:00,6.823837E-02,1.422140E+03,3.561297E-01,4.344437E+03,4.563993E+03,6.823837E-02,1.970699E+03,3.295390E-01,3.498993E+03,5.073609E+03,6.823837E-02,3.785059E+03,6.823837E-02,0.000000E+00,0.000000E+00,5.172911E-02,1.078074E+03,3.114814E-01,3.756930E+03,3.880011E+03,5.172911E-02,1.493918E+03,2.330581E-01,2.465356E+03,3.747653E+03,1.306354E-01,5.160229E+03,5.172911E-02,0.000000E+00,0.000000E+00,3.068637E-02,6.395275E+02,1.967892E-01,2.362811E+03,2.436392E+03,3.068637E-02,8.862112E+02,1.494794E-01,1.587817E+03,2.364561E+03,8.023497E-02,3.140688E+03,3.068637E-02,0.000000E+00,0.000000E+00,5.172911E-02,1.078074E+03,3.143136E-01,3.788555E+03,3.910099E+03,5.172911E-02,1.493918E+03,2.345132E-01,2.481599E+03,3.769325E+03,1.319806E-01,5.199293E+03,5.172911E-02,0.000000E+00,0.000000E+00,3.068637E-02,6.395275E+02,2.167015E-01,2.585141E+03,2.665810E+03,3.068637E-02,8.862112E+02,1.679171E-01,1.793672E+03,2.582123E+03,7.955456E-02,3.120933E+03,3.068637E-02,0.000000E+00,0.000000E+00
22:10:00,6.823837E-02,1.432540E+03,3.557618E-01,4.329930E+03,4.549128E+03,6.823837E-02,1.981099E+03,3.291612E-01,3.484376E+03,5.058577E+03,6.823837E-02,3.785059E+03,6.823837E-02,0.000000E+00,0.000000E+00,5.172911E-02,1.085958E+03,3.090879E-01,3.722322E+03,3.845101E+03,5.172911E-02,1.501801E+03,2.309139E-01,2.433531E+03,3.716066E+03,1.306360E-01,5.160248E+03,5.172911E-02,0.000000E+00,0.000000E+00,3.068637E-02,6.442042E+02,1.951692E-01,2.340046E+03,2.413459E+03,3.068637E-02,8.908879E+02,1.480121E-01,1.566757E+03,2.343755E+03,8.023536E-02,3.140700E+03,3.068637E-02,0.000000E+00,0.000000E+00,5.172911E-02,1.085958E+03,3.117765E-01,3.752343E+03,3.873573E+03,5.172911E-02,1.501801E+03,2.322370E-01,2.448301E+03,3.736259E+03,1.319812E-01,5.199313E+03,5.172911E-02,0.000000E+00,0.000000E+00,3.068637E-02,6.442042E+02,2.139269E-01,2.549484E+03,2.629629E+03,3.068637E-02,8.908879E+02,1.653216E-01,1.760016E+03,2.548255E+03,7.955495E-02,3.120945E+03,3.068637E-02,0.000000E+00,0.000000E+00
22:20:00,6.823837E-02,1.442940E+03,3.554065E-01,4.315564E+03,4.534408E+03,6.823837E-02,1.991499E+03,3.287964E-01,3.469903E+03,5.043694E+03,6.823837E-02,3.785059E+03,6.823837E-02,0.000000E+00,0.000000E+00,5.172911E-02,1.093842E+03,3.067859E-01,3.688734E+03,3.811204E+03,5.172911E-02,1.509685E+03,2.288382E-01,2.402472E+03,3.685196E+03,1.306367E-01,5.160267E+03,5.172911E-02,0.000000E+00,0.000000E+00,3.068637E-02,6.488809E+02,1.936067E-01,2.317923E+03,2.391157E+03,3.068637E-02,8.955647E+02,1.465879E-01,1.546179E+03,2.323387E+03,8.023575E-02,3.140711E+03,3.068637E-02,0.000000E+00,0.000000E+00,5.172911E-02,1.093842E+03,3.093433E-01,3.717291E+03,3.838200E+03,5.172911E-02,1.509685E+03,2.300382E-01,2.415867E+03,3.704002E+03,1.319819E-01,5.199332E+03,5.172911E-02,0.000000E+00,0.000000E+00,3.068637E-02,6.488809E+02,2.113149E-01,2.515643E+03,2.595283E+03,3.068637E-02,8.955647E+02,1.628706E-01,1.727974E+03,2.515985E+03,7.955534E-02,3.120956E+03,3.068637E-02,0.000000E+00,0.000000E+00
22:30:00,6.823837E-02,1.453339E+03,3.550626E-01,4.301324E+03,4.519818E+03,6.823837E-02,2.001899E+03,3.284433E-01,3.455561E+03,5.028945E+03,6.823837E-02,3.785059E+03,6.823837E-02,0.000000E+00,0.000000E+00,5.172911E-02,1.101725E+03,3.045712E-01,3.656122E+03,3.778252E+03,5.172911E-02,1.517569E+03,2.268272E-01,2.372135E+03,3.654951E+03,1.306373E-01,5.160286E+03,5.172911E-02,0.000000E+00,0.000000E+00,3.068637E-02,6.535577E+02,1.920994E-01,2.296416E+03,2.369449E+03,3.068637E-02,9.002414E+02,1.452059E-01,1.526071E+03,2.303417E+03,8.023614E-02,3.140722E+03,3.068637E-02,0.000000E+00,0.000000E+00,5.172911E-02,1.101725E+03,3.070095E-01,3.683349E+03,3.803910E+03,5.172911E-02,1.517569E+03,2.279153E-01,2.384280E+03,3.672497E+03,1.319826E-01,5.199351E+03,5.172911E-02,0.000000E+00,0.000000E+00,3.068637E-02,6.535577E+02,2.088534E-01,2.483482E+03,2.562621E+03,3.068637E-02,9.002414E+02,1.605533E-01,1.697423E+03,2.485162E+03,7.955573E-02,3.120967E+03,3.068637E-02,0.000000E+00,0.000000E+00
22:40:00,6.823837E-02,1.463739E+03,3.547291E-01,4.287201E+03,4.505347E+03,6.823837E-02,2.012298E+03,3.281009E-01,3.441338E+03,5.014319E+03,6.823837E-02,3.785059E+03,6.823837E-02,0.000000E+00,0.000000E+00,5.172911E-02,1.109609E+03,3.024403E-01,3.624445E+03,3.746220E+03,5.172911E-02,1.525453E+03,2.248791E-01,2.342500E+03,3.625329E+03,1.306380E-01,5.160305E+03,5.172911E-02,0.000000E+00,0.000000E+00,3.068637E-02,6.582344E+02,1.906452E-01,2.275502E+03,2.348324E+03,3.068637E-02,9.049181E+02,1.438642E-01,1.506414E+03,2.283837E+03,8.023652E-02,3.140733E+03,3.068637E-02,0.000000E+00,0.000000E+00,5.172911E-02,1.109609E+03,3.047709E-01,3.650469E+03,3.770670E+03,5.172911E-02,1.525453E+03,2.258656E-01,2.353511E+03,3.641734E+03,1.319832E-01,5.199370E+03,5.172911E-02,0.000000E+00,0.000000E+00,3.068637E-02,6.582344E+02,2.065312E-01,2.452877E+03,2.531530E+03,3.068637E-02,9.049181E+02,1.583594E-01,1.668252E+03,2.455688E+03,7.955612E-02,3.120979E+03,3.068637E-02,0.000000E+00,0.000000E+00
22:50:00,6.823837E-02,1.474139E+03,3.544052E-01,4.273185E+03,4.490987E+03,6.823837E-02,2.022698E+03,3.277686E-01,3.427228E+03,4.999809E+03,6.823837E-02,3.785059E+03,6.823837E-02,0.000000E+00,0.000000E+00,5.172911E-02,1.117493E+03,3.003896E-01,3.593665E+03,3.715097E+03,5.172911E-02,1.533336E+03,2.229918E-01,2.313543E+03,3.596346E+03,1.306387E-01,5.160324E+03,5.172911E-02,0.000000E+00,0.000000E+00,3.068637E-02,6.629111E+02,1.892422E-01,2.255160E+03,2.327775E+03,3.068637E-02,9.095948E+02,1.425618E-01,1.487196E+03,2.264665E+03,8.023691E-02,3.140745E+03,3.068637E-02,0.000000E+00,0.000000E+00,5.172911E-02,1.117493E+03,3.026234E-01,3.618608E+03,3.738461E+03,5.172911E-02,1.533336E+03,2.238863E-01,2.323527E+03,3.611719E+03,1.319839E-01,5.199389E+03,5.172911E-02,0.000000E+00,0.000000E+00,3.068637E-02,6.629111E+02,2.043381E-01,2.423712E+03,2.501910E+03,3.068637E-02,9.095948E+02,1.562799E-01,1.640356E+03,2.427491E+03,7.955651E-02,3.120990E+03,3.068637E-02,0.000000E+00,0.000000E+00
23:00:00,6.823837E-02,1.484539E+03,3.540902E-01,4.259268E+03,4.476728E+03,6.823837E-02,2.033098E+03,3.274455E-01,3.413220E+03,4.985404E+03,6.823837E-02,3.785059E+03,6.823837E-02,0.000000E+00,0.000000E+00,5.172911E-02,1.125376E+03,2.984162E-01,3.563746E+03,3.684862E+03,5.172911E-02,1.541220E+03,2.211632E-01,2.285243E+03,3.568012E+03,1.306393E-01,5.160343E+03,5.172911E-02,0.000000E+00,0.000000E+00,3.068637E-02,6.675878E+02,1.878886E-01,2.235369E+03,2.307793E+03,3.068637E-02,9.142715E+02,1.412977E-01,1.468405E+03,2.245910E+03,8.023730E-02,3.140756E+03,3.068637E-02,0.000000E+00,0.000000E+00,5.172911E-02,1.125376E+03,3.005633E-01,3.587721E+03,3.707259E+03,5.172911E-02,1.541220E+03,2.219749E-01,2.294302E+03,3.582458E+03,1.319845E-01,5.199408E+03,5.172911E-02,0.000000E+00,0.000000E+00,3.068637E-02,6.675878E+02,2.022644E-01,2.395882E+03,2.473663E+03,3.068637E-02,9.142715E+02,1.543061E-01,1.613642E+03,2.400499E+03,7.955690E-02,3.121001E+03,3.068637E-02,0.000000E+00,0.000000E+00
23:10:00,6.823837E-02,1.494938E+03,3.537834E-01,4.245443E+03,4.462563E+03,6.823837E-02,2.043498E+03,3.271310E-01,3.399309E+03,4.971098E+03,6.823837E-02,3.785059E+03,6.823837E-02,0.000000E+00,0.000000E+00,5.172911E-02,1.133260E+03,2.964884E-01,3.534337E+03,3.655139E+03,5.172911E-02,1.549104E+03,2.193704E-01,2.257342E+03,3.540036E+03,1.306400E-01,5.160362E+03,5.172911E-02,0.000000E+00,0.000000E+00,3.068637E-02,6.722645E+02,1.865658E-01,2.215923E+03,2.288157E+03,3.068637E-02,9.189482E+02,1.400583E-01,1.449889E+03,2.227406E+03,8.023769E-02,3.140767E+03,3.068637E-02,0.000000E+00,0.000000E+00,5.172911E-02,1.133260E+03,2.985583E-01,3.557451E+03,3.676677E+03,5.172911E-02,1.549104E+03,2.201059E-01,2.265550E+03,3.553632E+03,1.319852E-01,5.199427E+03,5.172911E-02,0.000000E+00,0.000000E+00,3.068637E-02,6.722645E+02,2.002845E-01,2.369098E+03,2.446486E+03,3.068637E-02,9.189482E+02,1.524168E-01,1.587870E+03,2.374452E+03,7.955728E-02,3.121013E+03,3.068637E-02,0.000000E+00,0.000000E+00
23:20:00,6.823837E-02,1.505338E+03,3.534841E-01,4.231701E+03,4.448484E+03,6.823837E-02,2.053898E+03,3.268243E-01,3.385486E+03,4.956883E+03,6.823837E-02,3.785059E+03,6.823837E-02,0.000000E+00,0.000000E+00,5.172911E-02,1.141144E+03,2.946038E-01,3.505411E+03,3.625904E+03,5.172911E-02,1.556987E+03,2.176074E-01,2.229774E+03,3.512356E+03,1.306406E-01,5.160381E+03,5.172911E-02,0.000000E+00,0.000000E+00,3.068637E-02,6.769412E+02,1.852724E-01,2.196805E+03,2.268855E+03,3.068637E-02,9.236249E+02,1.388402E-01,1.431613E+03,2.209120E+03,8.023808E-02,3.140779E+03,3.068637E-02,0.000000E+00,0.000000E+00,5.172911E-02,1.141144E+03,2.966042E-01,3.527749E+03,3.646673E+03,5.172911E-02,1.556987E+03,2.182750E-01,2.237224E+03,3.525199E+03,1.319858E-01,5.199446E+03,5.172911E-02,0.000000E+00,0.000000E+00,3.068637E-02,6.769412E+02,1.983905E-01,2.343273E+03,2.420291E+03,3.068637E-02,9.236249E+02,1.506032E-01,1.562944E+03,2.349257E+03,7.955767E-02,3.121024E+03,3.068637E-02,0.000000E+00,0.000000E+00
23:30:00,6.823837E-02,1.515738E+03,3.531914E-01,4.218033E+03,4.434481E+03,6.823837E-02,2.064297E+03,3.265247E-01,3.371741E+03,4.942749E+03,6.823837E-02,3.785059E+03,6.823837E-02,0.000000E+00,0.000000E+00,5.172911E-02,1.149028E+03,2.927597E-01,3.476936E+03,3.597127E+03,5.172911E-02,1.564871E+03,2.158719E-01,2.202512E+03,3.484951E+03,1.306413E-01,5.160400E+03,5.172911E-02,0.000000E+00,0.000000E+00,3.068637E-02,6.816179E+02,1.840069E-01,2.177998E+03,2.249869E+03,3.068637E-02,9.283016E+02,1.376415E-01,1.413552E+03,2.191028E+03,8.023846E-02,3.140790E+03,3.068637E-02,0.000000E+00,0.000000E+00,5.172911E-02,1.149028E+03,2.946976E-01,3.498577E+03,3.617208E+03,5.172911E-02,1.564871E+03,2.164772E-01,2.209268E+03,3.497106E+03,1.319865E-01,5.199465E+03,5.172911E-02,0.000000E+00,0.000000E+00,3.068637E-02,6.816179E+02,1.965751E-01,2.318327E+03,2.394997E+03,3.068637E-02,9.283016E+02,1.488584E-01,1.538787E+03,2.324836E+03,7.955806E-02,3.121035E+03,3.068637E-02,0.000000E+00,0.000000E+00
23:40:00,6.823837E-02,1.526138E+03,3.529047E-01,4.204432E+03,4.420547E+03,6.823837E-02,2.074697E+03,3.262314E-01,3.358066E+03,4.928687E+03,6.823837E-02,3.785059E+03,6.823837E-02,0.000000E+00,0.000000E+00,5.172911E-02,1.156911E+03,2.909534E-01,3.448885E+03,3.568783E+03,5.172911E-02,1.572755E+03,2.141606E-01,2.175522E+03,3.457789E+03,1.306419E-01,5.160419E+03,5.172911E-02,0.000000E+00,0.000000E+00,3.068637E-02,6.862946E+02,1.827676E-01,2.159483E+03,2.231182E+03,3.068637E-02,9.329783E+02,1.364610E-01,1.395695E+03,2.173124E+03,8.023885E-02,3.140801E+03,3.068637E-02,0.000000E+00,0.000000E+00,5.172911E-02,1.156911E+03,2.928352E-01,3.469898E+03,3.588248E+03,5.172911E-02,1.572755E+03,2.147093E-01,2.181645E+03,3.469319E+03,1.319871E-01,5.199484E+03,5.172911E-02,0.000000E+00,0.000000E+00,3.068637E-02,6.862946E+02,1.948316E-01,2.294182E+03,2.370526E+03,3.068637E-02,9.329783E+02,1.471761E-01,1.515326E+03,2.301118E+03,7.955844E-02,3.121046E+03,3.068637E-02,0.000000E+00,0.000000E+00
23:50:00,6.823837E-02,1.536538E+03,3.526233E-01,4.190891E+03,4.406674E+03,6.823837E-02,2.085097E+03,3.259437E-01,3.344454E+03,4.914688E+03,6.823837E-02,3.785059E+03,6.823837E-02,0.000000E+00,0.000000E+00,5.172911E-02,1.164795E+03,2.891827E-01,3.421230E+03,3.540842E+03,5.172911E-02,1.580638E+03,2.124711E-01,2.148775E+03,3.430841E+03,1.306426E-01,5.160438E+03,5.172911E-02,0.000000E+00,0.000000E+00,3.068637E-02,6.909713E+02,1.815531E-01,2.141246E+03,2.212777E+03,3.068637E-02,9.376551E+02,1.352969E-01,1.378021E+03,2.155387E+03,8.023924E-02,3.140812E+03,3.068637E-02,0.000000E+00,0.000000E+00,5.172911E-02,1.164795E+03,2.910139E-01,3.441679E+03,3.559756E+03,5.172911E-02,1.580638E+03,2.129683E-01,2.154323E+03,3.441807E+03,1.319878E-01,5.199503E+03,5.172911E-02,0.000000E+00,0.000000E+00,3.068637E-02,6.909713E+02,1.931537E-01,2.270771E+03,2.346807E+03,3.068637E-02,9.376551E+02,1.455503E-01,1.492497E+03,2.278035E+03,7.955883E-02,3.121057E+03,3.068637E-02,0.000000E+00,0.000000E+00
24:00:00,6.823837E-02,1.546937E+03,3.523467E-01,4.177403E+03,4.392854E+03,6.823837E-02,2.095497E+03,3.256610E-01,3.330898E+03,4.900747E+03,6.823837E-02,3.785059E+03,6.823837E-02,0.000000E+00,0.000000E+00,5.172911E-02,1.172679E+03,2.874455E-01,3.393950E+03,3.513284E+03,5.172911E-02,1.588522E+03,2.108013E-01,2.122247E+03,3.404086E+03,1.306432E-01,5.160457E+03,5.172911E-02,0.000000E+00,0.000000E+00,3.068637E-02,6.956481E+02,1.803620E-01,2.123270E+03,2.194640E+03,3.068637E-02,9.423318E+02,1.341479E-01,1.360516E+03,2.137801E+03,8.023962E-02,3.140823E+03,3.068637E-02,0.000000E+00,0.000000E+00,5.172911E-02,1.172679E+03,2.892311E-01,3.413888E+03,3.531703E+03,5.172911E-02,1.588522E+03,2.112514E-01,2.127270E+03,3.414538E+03,1.319884E-01,5.199522E+03,5.172911E-02,0.000000E+00,0.000000E+00,3.068637E-02,6.956481E+02,1.915360E-01,2.248032E+03,2.323776E+03,3.068637E-02,9.423318E+02,1.439756E-01,1.470239E+03,2.255526E+03,7.955922E-02,3.121069E+03,3.068637E-02,0.000000E+00,0.000000E+00
Coinc Peak   ,6.823837E-02,3.643086E-01,3.785059E+03,5.000974E+03,1.306432E-01,4.102688E-01,5.160457E+03,5.301047E+03,8.023962E-02,2.997890E-01,3.140823E+03,3.680634E+03,1.319884E-01,4.039319E-01,5.199522E+03,5.224194E+03,7.955922E-02,3.350591E-01,3.121069E+03,4.091505E+03
NonCoinc Peak,6.823837E-02,3.643086E-01,3.785059E+03,5.000974E+03,1.306432E-01,4.102688E-01,5.160457E+03,5.301047E+03,8.023962E-02,2.997890E-01,3.140823E+03,3.680634E+03,1.319884E-01,4.039319E-01,5.199522E+03,5.224194E+03,7.955922E-02,3.350591E-01,3.121069E+03,4.091505E+03
