Time,CORE_ZN ZN:ATLANTA-HARTSFIELD.JACKSON.INTL.AP_GA_USA ANN HTG 99.6% CONDNS DB:Des Heat Load [W],CORE_ZN ZN:ATLANTA-HARTSFIELD.JACKSON.INTL.AP_GA_USA ANN CLG .4% CONDNS DB=>MWB:Des Sens Cool Load [W],CORE_ZN ZN:ATLANTA-HARTSFIELD.JACKSON.INTL.AP_GA_USA ANN HTG 99.6% CONDNS DB:Des Heat Mass Flow [kg/s],CORE_ZN ZN:ATLANTA-HARTSFIELD.JACKSON.INTL.AP_GA_USA ANN CLG .4% CONDNS DB=>MWB:Des Cool Mass Flow [kg/s],CORE_ZN ZN::Des Latent Heat Load [W],CORE_ZN ZN::Des Latent Cool Load [W],CORE_ZN ZN::Des Latent Heat Mass Flow [kg/s],CORE_ZN ZN::Des Latent Cool Mass Flow [kg/s],CORE_ZN ZN::Des Heat Load No DOAS [W],CORE_ZN ZN::Des Sens Cool Load No DOAS [W],CORE_ZN ZN::Des Latent Heat Load No DOAS [W],CORE_ZN ZN::Des Latent Cool Load No DOAS [W],CORE_ZN ZN:ATLANTA-HARTSFIELD.JACKSON.INTL.AP_GA_USA ANN HTG 99.6% CONDNS DB:Heating Zone Temperature [C],CORE_ZN ZN:ATLANTA-HARTSFIELD.JACKSON.INTL.AP_GA_USA ANN HTG 99.6% CONDNS DB:Heating Zone Relative Humidity [%],CORE_ZN ZN:ATLANTA-HARTSFIELD.JACKSON.INTL.AP_GA_USA ANN CLG .4% CONDNS DB=>MWB:Cooling Zone Temperature [C],CORE_ZN ZN:ATLANTA-HARTSFIELD.JACKSON.INTL.AP_GA_USA ANN CLG .4% CONDNS DB=>MWB:Cooling Zone Relative Humidity [%],PERIMETER_ZN_1 ZN:ATLANTA-HARTSFIELD.JACKSON.INTL.AP_GA_USA ANN HTG 99.6% CONDNS DB:Des Heat Load [W],PERIMETER_ZN_1 ZN:ATLANTA-HARTSFIELD.JACKSON.INTL.AP_GA_USA ANN CLG .4% CONDNS DB=>MWB:Des Sens Cool Load [W],PERIMETER_ZN_1 ZN:ATLANTA-HARTSFIELD.JACKSON.INTL.AP_GA_USA ANN HTG 99.6% CONDNS DB:Des Heat Mass Flow [kg/s],PERIMETER_ZN_1 ZN:ATLANTA-HARTSFIELD.JACKSON.INTL.AP_GA_USA ANN CLG .4% CONDNS DB=>MWB:Des Cool Mass Flow [kg/s],PERIMETER_ZN_1 ZN::Des Latent Heat Load [W],PERIMETER_ZN_1 ZN::Des Latent Cool Load [W],PERIMETER_ZN_1 ZN::Des Latent Heat Mass Flow [kg/s],PERIMETER_ZN_1 ZN::Des Latent Cool Mass Flow [kg/s],PERIMETER_ZN_1 ZN::Des Heat Load No DOAS [W],PERIMETER_ZN_1 ZN::Des Sens Cool Load No DOAS [W],PERIMETER_ZN_1 ZN::Des Latent Heat Load No DOAS [W],PERIMETER_ZN_1 ZN::Des Latent Cool Load No DOAS [W],PERIMETER_ZN_1 ZN:ATLANTA-HARTSFIELD.JACKSON.INTL.AP_GA_USA ANN HTG 99.6% CONDNS DB:Heating Zone Temperature [C],PERIMETER_ZN_1 ZN:ATLANTA-HARTSFIELD.JACKSON.INTL.AP_GA_USA ANN HTG 99.6% CONDNS DB:Heating Zone Relative Humidity [%],PERIMETER_ZN_1 ZN:ATLANTA-HARTSFIELD.JACKSON.INTL.AP_GA_USA ANN CLG .4% CONDNS DB=>MWB:Cooling Zone Temperature [C],PERIMETER_ZN_1 ZN:ATLANTA-HARTSFIELD.JACKSON.INTL.AP_GA_USA ANN CLG .4% CONDNS DB=>MWB:Cooling Zone Relative Humidity [%],PERIMETER_ZN_2 ZN:ATLANTA-HARTSFIELD.JACKSON.INTL.AP_GA_USA ANN HTG 99.6% CONDNS DB:Des Heat Load [W],PERIMETER_ZN_2 ZN:ATLANTA-HARTSFIELD.JACKSON.INTL.AP_GA_USA ANN CLG .4% CONDNS DB=>MWB:Des Sens Cool Load [W],PERIMETER_ZN_2 ZN:ATLANTA-HARTSFIELD.JACKSON.INTL.AP_GA_USA ANN HTG 99.6% CONDNS DB:Des Heat Mass Flow [kg/s],PERIMETER_ZN_2 ZN:ATLANTA-HARTSFIELD.JACKSON.INTL.AP_GA_USA ANN CLG .4% CONDNS DB=>MWB:Des Cool Mass Flow [kg/s],PERIMETER_ZN_2 ZN::Des Latent Heat Load [W],PERIMETER_ZN_2 ZN::Des Latent Cool Load [W],PERIMETER_ZN_2 ZN::Des Latent Heat Mass Flow [kg/s],PERIMETER_ZN_2 ZN::Des Latent Cool Mass Flow [kg/s],PERIMETER_ZN_2 ZN::Des Heat Load No DOAS [W],PERIMETER_ZN_2 ZN::Des Sens Cool Load No DOAS [W],PERIMETER_ZN_2 ZN::Des Latent Heat Load No DOAS [W],PERIMETER_ZN_2 ZN::Des Latent Cool Load No DOAS [W],PERIMETER_ZN_2 ZN:ATLANTA-HARTSFIELD.JACKSON.INTL.AP_GA_USA ANN HTG 99.6% CONDNS DB:Heating Zone Temperature [C],PERIMETER_ZN_2 ZN:ATLANTA-HARTSFIELD.JACKSON.INTL.AP_GA_USA ANN HTG 99.6% CONDNS DB:Heating Zone Relative Humidity [%],PERIMETER_ZN_2 ZN:ATLANTA-HARTSFIELD.JACKSON.INTL.AP_GA_USA ANN CLG .4% CONDNS DB=>MWB:Cooling Zone Temperature [C],PERIMETER_ZN_2 ZN:ATLANTA-HARTSFIELD.JACKSON.INTL.AP_GA_USA ANN CLG .4% CONDNS DB=>MWB:Cooling Zone Relative Humidity [%],PERIMETER_ZN_3 ZN:ATLANTA-HARTSFIELD.JACKSON.INTL.AP_GA_USA ANN HTG 99.6% CONDNS DB:Des Heat Load [W],PERIMETER_ZN_3 ZN:ATLANTA-HARTSFIELD.JACKSON.INTL.AP_GA_USA ANN CLG .4% CONDNS DB=>MWB:Des Sens Cool Load [W],PERIMETER_ZN_3 ZN:ATLANTA-HARTSFIELD.JACKSON.INTL.AP_GA_USA ANN HTG 99.6% CONDNS DB:Des Heat Mass Flow [kg/s],PERIMETER_ZN_3 ZN:ATLANTA-HARTSFIELD.JACKSON.INTL.AP_GA_USA ANN CLG .4% CONDNS DB=>MWB:Des Cool Mass Flow [kg/s],PERIMETER_ZN_3 ZN::Des Latent Heat Load [W],PERIMETER_ZN_3 ZN::Des Latent Cool Load [W],PERIMETER_ZN_3 ZN::Des Latent Heat Mass Flow [kg/s],PERIMETER_ZN_3 ZN::Des Latent Cool Mass Flow [kg/s],PERIMETER_ZN_3 ZN::Des Heat Load No DOAS [W],PERIMETER_ZN_3 ZN::Des Sens Cool Load No DOAS [W],PERIMETER_ZN_3 ZN::Des Latent Heat Load No DOAS [W],PERIMETER_ZN_3 ZN::Des Latent Cool Load No DOAS [W],PERIMETER_ZN_3 ZN:ATLANTA-HARTSFIELD.JACKSON.INTL.AP_GA_USA ANN HTG 99.6% CONDNS DB:Heating Zone Temperature [C],PERIMETER_ZN_3 ZN:ATLANTA-HARTSFIELD.JACKSON.INTL.AP_GA_USA ANN HTG 99.6% CONDNS DB:Heating Zone Relative Humidity [%],PERIMETER_ZN_3 ZN:ATLANTA-HARTSFIELD.JACKSON.INTL.AP_GA_USA ANN CLG .4% CONDNS DB=>MWB:Cooling Zone Temperature [C],PERIMETER_ZN_3 ZN:ATLANTA-HARTSFIELD.JACKSON.INTL.AP_GA_USA ANN CLG .4% CONDNS DB=>MWB:Cooling Zone Relative Humidity [%],PERIMETER_ZN_4 ZN:ATLANTA-HARTSFIELD.JACKSON.INTL.AP_GA_USA ANN HTG 99.6% CONDNS DB:Des Heat Load [W],PERIMETER_ZN_4 ZN:ATLANTA-HARTSFIELD.JACKSON.INTL.AP_GA_USA ANN CLG .4% CONDNS DB=>MWB:Des Sens Cool Load [W],PERIMETER_ZN_4 ZN:ATLANTA-HARTSFIELD.JACKSON.INTL.AP_GA_USA ANN HTG 99.6% CONDNS DB:Des Heat Mass Flow [kg/s],PERIMETER_ZN_4 ZN:ATLANTA-HARTSFIELD.JACKSON.INTL.AP_GA_USA ANN CLG .4% CONDNS DB=>MWB:Des Cool Mass Flow [kg/s],PERIMETER_ZN_4 ZN::Des Latent Heat Load [W],PERIMETER_ZN_4 ZN::Des Latent Cool Load [W],PERIMETER_ZN_4 ZN::Des Latent Heat Mass Flow [kg/s],PERIMETER_ZN_4 ZN::Des Latent Cool Mass Flow [kg/s],PERIMETER_ZN_4 ZN::Des Heat Load No DOAS [W],PERIMETER_ZN_4 ZN::Des Sens Cool Load No DOAS [W],PERIMETER_ZN_4 ZN::Des Latent Heat Load No DOAS [W],PERIMETER_ZN_4 ZN::Des Latent Cool Load No DOAS [W],PERIMETER_ZN_4 ZN:ATLANTA-HARTSFIELD.JACKSON.INTL.AP_GA_USA ANN HTG 99.6% CONDNS DB:Heating Zone Temperature [C],PERIMETER_ZN_4 ZN:ATLANTA-HARTSFIELD.JACKSON.INTL.AP_GA_USA ANN HTG 99.6% CONDNS DB:Heating Zone Relative Humidity [%],PERIMETER_ZN_4 ZN:ATLANTA-HARTSFIELD.JACKSON.INTL.AP_GA_USA ANN CLG .4% CONDNS DB=>MWB:Cooling Zone Temperature [C],PERIMETER_ZN_4 ZN:ATLANTA-HARTSFIELD.JACKSON.INTL.AP_GA_USA ANN CLG .4% CONDNS DB=>MWB:Cooling Zone Relative Humidity [%]
00:10:00,9.382983E+02,3.366245E+03,3.185048E-02,2.968404E-01,0.000000E+00,0.000000E+00,0.000000E+00,0.000000E+00,0.000000E+00,0.000000E+00,0.000000E+00,0.000000E+00,2.111000E+01,4.949701E+01,2.388869E+01,4.744854E+01,3.680070E+03,2.510809E+03,1.249006E-01,2.214156E-01,0.000000E+00,0.000000E+00,0.000000E+00,0.000000E+00,0.000000E+00,0.000000E+00,0.000000E+00,0.000000E+00,2.110556E+01,4.030009E+01,2.388826E+01,4.869258E+01,2.228314E+03,1.561095E+03,7.562750E-02,1.376653E-01,0.000000E+00,0.000000E+00,0.000000E+00,0.000000E+00,0.000000E+00,0.000000E+00,0.000000E+00,0.000000E+00,2.110522E+01,3.963234E+01,2.388824E+01,4.863910E+01,3.746230E+03,2.533765E+03,1.271453E-01,2.234403E-01,0.000000E+00,0.000000E+00,0.000000E+00,0.000000E+00,0.000000E+00,0.000000E+00,0.000000E+00,0.000000E+00,2.110540E+01,4.011343E+01,2.388824E+01,4.870760E+01,2.254180E+03,1.642313E+03,7.650534E-02,1.448273E-01,0.000000E+00,0.000000E+00,0.000000E+00,0.000000E+00,0.000000E+00,0.000000E+00,0.000000E+00,0.000000E+00,2.110521E+01,3.971417E+01,2.388826E+01,4.843444E+01
00:20:00,9.374935E+02,3.361875E+03,3.182317E-02,2.964550E-01,0.000000E+00,0.000000E+00,0.000000E+00,0.000000E+00,0.000000E+00,0.000000E+00,0.000000E+00,0.000000E+00,2.111000E+01,4.949701E+01,2.388869E+01,4.745248E+01,3.679791E+03,2.499597E+03,1.248911E-01,2.204268E-01,0.000000E+00,0.000000E+00,0.000000E+00,0.000000E+00,0.000000E+00,0.000000E+00,0.000000E+00,0.000000E+00,2.110556E+01,4.030013E+01,2.388826E+01,4.869987E+01,2.228164E+03,1.553475E+03,7.562241E-02,1.369933E-01,0.000000E+00,0.000000E+00,0.000000E+00,0.000000E+00,0.000000E+00,0.000000E+00,0.000000E+00,0.000000E+00,2.110522E+01,3.963237E+01,2.388824E+01,4.864697E+01,3.745951E+03,2.522175E+03,1.271358E-01,2.224181E-01,0.000000E+00,0.000000E+00,0.000000E+00,0.000000E+00,0.000000E+00,0.000000E+00,0.000000E+00,0.000000E+00,2.110540E+01,4.011347E+01,2.388824E+01,4.871503E+01,2.254031E+03,1.632611E+03,7.650028E-02,1.439717E-01,0.000000E+00,0.000000E+00,0.000000E+00,0.000000E+00,0.000000E+00,0.000000E+00,0.000000E+00,0.000000E+00,2.110521E+01,3.971421E+01,2.388826E+01,4.844610E+01
00:30:00,9.366943E+02,3.357559E+03,3.179604E-02,2.960744E-01,0.000000E+00,0.000000E+00,0.000000E+00,0.000000E+00,0.000000E+00,0.000000E+00,0.000000E+00,0.000000E+00,2.111000E+01,4.949701E+01,2.388869E+01,4.745637E+01,3.679514E+03,2.488625E+03,1.248817E-01,2.194592E-01,0.000000E+00,0.000000E+00,0.000000E+00,0.000000E+00,0.000000E+00,0.000000E+00,0.000000E+00,0.000000E+00,2.110556E+01,4.030017E+01,2.388826E+01,4.870715E+01,2.228016E+03,1.546014E+03,7.561736E-02,1.363353E-01,0.000000E+00,0.000000E+00,0.000000E+00,0.000000E+00,0.000000E+00,0.000000E+00,0.000000E+00,0.000000E+00,2.110522E+01,3.963241E+01,2.388825E+01,4.865485E+01,3.745674E+03,2.510848E+03,1.271264E-01,2.214193E-01,0.000000E+00,0.000000E+00,0.000000E+00,0.000000E+00,0.000000E+00,0.000000E+00,0.000000E+00,0.000000E+00,2.110540E+01,4.011350E+01,2.388825E+01,4.872243E+01,2.253883E+03,1.623194E+03,7.649525E-02,1.431412E-01,0.000000E+00,0.000000E+00,0.000000E+00,0.000000E+00,0.000000E+00,0.000000E+00,0.000000E+00,0.000000E+00,2.110521E+01,3.971424E+01,2.388826E+01,4.845755E+01
00:40:00,9.359007E+02,3.353293E+03,3.176910E-02,2.956982E-01,0.000000E+00,0.000000E+00,0.000000E+00,0.000000E+00,0.000000E+00,0.000000E+00,0.000000E+00,0.000000E+00,2.111000E+01,4.949701E+01,2.388869E+01,4.746022E+01,3.679239E+03,2.477886E+03,1.248724E-01,2.185120E-01,0.000000E+00,0.000000E+00,0.000000E+00,0.000000E+00,0.000000E+00,0.000000E+00,0.000000E+00,0.000000E+00,2.110556E+01,4.030020E+01,2.388827E+01,4.871439E+01,2.227868E+03,1.538707E+03,7.561236E-02,1.356909E-01,0.000000E+00,0.000000E+00,0.000000E+00,0.000000E+00,0.000000E+00,0.000000E+00,0.000000E+00,0.000000E+00,2.110522E+01,3.963244E+01,2.388825E+01,4.866273E+01,3.745399E+03,2.499777E+03,1.271171E-01,2.204429E-01,0.000000E+00,0.000000E+00,0.000000E+00,0.000000E+00,0.000000E+00,0.000000E+00,0.000000E+00,0.000000E+00,2.110540E+01,4.011354E+01,2.388825E+01,4.872976E+01,2.253736E+03,1.614046E+03,7.649027E-02,1.423344E-01,0.000000E+00,0.000000E+00,0.000000E+00,0.000000E+00,0.000000E+00,0.000000E+00,0.000000E+00,0.000000E+00,2.110521E+01,3.971428E+01,2.388827E+01,4.846878E+01
00:50:00,9.351125E+02,3.349072E+03,3.174234E-02,2.953261E-01,0.000000E+00,0.000000E+00,0.000000E+00,0.000000E+00,0.000000E+00,0.000000E+00,0.000000E+00,0.000000E+00,2.111000E+01,4.949701E+01,2.388869E+01,4.746403E+01,3.678967E+03,2.467372E+03,1.248631E-01,2.175848E-01,0.000000E+00,0.000000E+00,0.000000E+00,0.000000E+00,0.000000E+00,0.000000E+00,0.000000E+00,0.000000E+00,2.110556E+01,4.030024E+01,2.388827E+01,4.872155E+01,2.227722E+03,1.531549E+03,7.560739E-02,1.350596E-01,0.000000E+00,0.000000E+00,0.000000E+00,0.000000E+00,0.000000E+00,0.000000E+00,0.000000E+00,0.000000E+00,2.110522E+01,3.963248E+01,2.388826E+01,4.867055E+01,3.745126E+03,2.488951E+03,1.271078E-01,2.194881E-01,0.000000E+00,0.000000E+00,0.000000E+00,0.000000E+00,0.000000E+00,0.000000E+00,0.000000E+00,0.000000E+00,2.110540E+01,4.011358E+01,2.388825E+01,4.873700E+01,2.253590E+03,1.605149E+03,7.648532E-02,1.415498E-01,0.000000E+00,0.000000E+00,0.000000E+00,0.000000E+00,0.000000E+00,0.000000E+00,0.000000E+00,0.000000E+00,2.110521E+01,3.971431E+01,2.388827E+01,4.847976E+01
01:00:00,9.343298E+02,3.344895E+03,3.171577E-02,2.949577E-01,0.000000E+00,0.000000E+00,0.000000E+00,0.000000E+00,0.000000E+00,0.000000E+00,0.000000E+00,0.000000E+00,2.111000E+01,4.949701E+01,2.388869E+01,4.746781E+01,3.678696E+03,2.457077E+03,1.248540E-01,2.166769E-01,0.000000E+00,0.000000E+00,0.000000E+00,0.000000E+00,0.000000E+00,0.000000E+00,0.000000E+00,0.000000E+00,2.110556E+01,4.030028E+01,2.388827E+01,4.872861E+01,2.227576E+03,1.524537E+03,7.560246E-02,1.344412E-01,0.000000E+00,0.000000E+00,0.000000E+00,0.000000E+00,0.000000E+00,0.000000E+00,0.000000E+00,0.000000E+00,2.110522E+01,3.963251E+01,2.388826E+01,4.867826E+01,3.744856E+03,2.478363E+03,1.270987E-01,2.185544E-01,0.000000E+00,0.000000E+00,0.000000E+00,0.000000E+00,0.000000E+00,0.000000E+00,0.000000E+00,0.000000E+00,2.110540E+01,4.011362E+01,2.388826E+01,4.874410E+01,2.253445E+03,1.596491E+03,7.648041E-02,1.407863E-01,0.000000E+00,0.000000E+00,0.000000E+00,0.000000E+00,0.000000E+00,0.000000E+00,0.000000E+00,0.000000E+00,2.110521E+01,3.971435E+01,2.388827E+01,4.849045E+01
01:10:00,9.343834E+02,3.340883E+03,3.171759E-02,2.946039E-01,0.000000E+00,0.000000E+00,0.000000E+00,0.000000E+00,0.000000E+00,0.000000E+00,0.000000E+00,0.000000E+00,2.111000E+01,4.949701E+01,2.388869E+01,4.747155E+01,3.678716E+03,2.447130E+03,1.248546E-01,2.157997E-01,0.000000E+00,0.000000E+00,0.000000E+00,0.000000E+00,0.000000E+00,0.000000E+00,0.000000E+00,0.000000E+00,2.110556E+01,4.030032E+01,2.388828E+01,4.873555E+01,2.227587E+03,1.517739E+03,7.560282E-02,1.338417E-01,0.000000E+00,0.000000E+00,0.000000E+00,0.000000E+00,0.000000E+00,0.000000E+00,0.000000E+00,0.000000E+00,2.110522E+01,3.963255E+01,2.388826E+01,4.868584E+01,3.744875E+03,2.468140E+03,1.270993E-01,2.176527E-01,0.000000E+00,0.000000E+00,0.000000E+00,0.000000E+00,0.000000E+00,0.000000E+00,0.000000E+00,0.000000E+00,2.110540E+01,4.011365E+01,2.388826E+01,4.875107E+01,2.253456E+03,1.588135E+03,7.648077E-02,1.400494E-01,0.000000E+00,0.000000E+00,0.000000E+00,0.000000E+00,0.000000E+00,0.000000E+00,0.000000E+00,0.000000E+00,2.110521E+01,3.971438E+01,2.388828E+01,4.850087E+01
01:20:00,9.344367E+02,3.336908E+03,3.171940E-02,2.942535E-01,0.000000E+00,0.000000E+00,0.000000E+00,0.000000E+00,0.000000E+00,0.000000E+00,0.000000E+00,0.000000E+00,2.111000E+01,4.949701E+01,2.388869E+01,4.747526E+01,3.678735E+03,2.437469E+03,1.248553E-01,2.149477E-01,0.000000E+00,0.000000E+00,0.000000E+00,0.000000E+00,0.000000E+00,0.000000E+00,0.000000E+00,0.000000E+00,2.110556E+01,4.030035E+01,2.388828E+01,4.874265E+01,2.227597E+03,1.511124E+03,7.560317E-02,1.332583E-01,0.000000E+00,0.000000E+00,0.000000E+00,0.000000E+00,0.000000E+00,0.000000E+00,0.000000E+00,0.000000E+00,2.110522E+01,3.963258E+01,2.388826E+01,4.869364E+01,3.744895E+03,2.458221E+03,1.271000E-01,2.167780E-01,0.000000E+00,0.000000E+00,0.000000E+00,0.000000E+00,0.000000E+00,0.000000E+00,0.000000E+00,0.000000E+00,2.110540E+01,4.011369E+01,2.388826E+01,4.875819E+01,2.253466E+03,1.580041E+03,7.648112E-02,1.393355E-01,0.000000E+00,0.000000E+00,0.000000E+00,0.000000E+00,0.000000E+00,0.000000E+00,0.000000E+00,0.000000E+00,2.110521E+01,3.971441E+01,2.388828E+01,4.851136E+01
01:30:00,9.344896E+02,3.332970E+03,3.172120E-02,2.939062E-01,0.000000E+00,0.000000E+00,0.000000E+00,0.000000E+00,0.000000E+00,0.000000E+00,0.000000E+00,0.000000E+00,2.111000E+01,4.949701E+01,2.388869E+01,4.747895E+01,3.678754E+03,2.428093E+03,1.248559E-01,2.141208E-01,0.000000E+00,0.000000E+00,0.000000E+00,0.000000E+00,0.000000E+00,0.000000E+00,0.000000E+00,0.000000E+00,2.110556E+01,4.030039E+01,2.388828E+01,4.875000E+01,2.227608E+03,1.504692E+03,7.560352E-02,1.326910E-01,0.000000E+00,0.000000E+00,0.000000E+00,0.000000E+00,0.000000E+00,0.000000E+00,0.000000E+00,0.000000E+00,2.110522E+01,3.963262E+01,2.388827E+01,4.870178E+01,3.744914E+03,2.448605E+03,1.271006E-01,2.159299E-01,0.000000E+00,0.000000E+00,0.000000E+00,0.000000E+00,0.000000E+00,0.000000E+00,0.000000E+00,0.000000E+00,2.110540E+01,4.011372E+01,2.388826E+01,4.876557E+01,2.253477E+03,1.572199E+03,7.648147E-02,1.386440E-01,0.000000E+00,0.000000E+00,0.000000E+00,0.000000E+00,0.000000E+00,0.000000E+00,0.000000E+00,0.000000E+00,2.110521E+01,3.971445E+01,2.388828E+01,4.852206E+01
01:40:00,9.345422E+02,3.329068E+03,3.172298E-02,2.935621E-01,0.000000E+00,0.000000E+00,0.000000E+00,0.000000E+00,0.000000E+00,0.000000E+00,0.000000E+00,0.000000E+00,2.111000E+01,4.949701E+01,2.388869E+01,4.748261E+01,3.678773E+03,2.419001E+03,1.248566E-01,2.133189E-01,0.000000E+00,0.000000E+00,0.000000E+00,0.000000E+00,0.000000E+00,0.000000E+00,0.000000E+00,0.000000E+00,2.110556E+01,4.030042E+01,2.388828E+01,4.875756E+01,2.227618E+03,1.498440E+03,7.560387E-02,1.321397E-01,0.000000E+00,0.000000E+00,0.000000E+00,0.000000E+00,0.000000E+00,0.000000E+00,0.000000E+00,0.000000E+00,2.110522E+01,3.963265E+01,2.388827E+01,4.871019E+01,3.744933E+03,2.439288E+03,1.271013E-01,2.151083E-01,0.000000E+00,0.000000E+00,0.000000E+00,0.000000E+00,0.000000E+00,0.000000E+00,0.000000E+00,0.000000E+00,2.110540E+01,4.011376E+01,2.388827E+01,4.877314E+01,2.253487E+03,1.564604E+03,7.648182E-02,1.379742E-01,0.000000E+00,0.000000E+00,0.000000E+00,0.000000E+00,0.000000E+00,0.000000E+00,0.000000E+00,0.000000E+00,2.110521E+01,3.971448E+01,2.388828E+01,4.853292E+01
01:50:00,9.345944E+02,3.325203E+03,3.172475E-02,2.932213E-01,0.000000E+00,0.000000E+00,0.000000E+00,0.000000E+00,0.000000E+00,0.000000E+00,0.000000E+00,0.000000E+00,2.111000E+01,4.949701E+01,2.388869E+01,4.748624E+01,3.678792E+03,2.410190E+03,1.248572E-01,2.125419E-01,0.000000E+00,0.000000E+00,0.000000E+00,0.000000E+00,0.000000E+00,0.000000E+00,0.000000E+00,0.000000E+00,2.110556E+01,4.030046E+01,2.388829E+01,4.876521E+01,2.227628E+03,1.492367E+03,7.560422E-02,1.316041E-01,0.000000E+00,0.000000E+00,0.000000E+00,0.000000E+00,0.000000E+00,0.000000E+00,0.000000E+00,0.000000E+00,2.110522E+01,3.963268E+01,2.388827E+01,4.871874E+01,3.744952E+03,2.430268E+03,1.271019E-01,2.143128E-01,0.000000E+00,0.000000E+00,0.000000E+00,0.000000E+00,0.000000E+00,0.000000E+00,0.000000E+00,0.000000E+00,2.110540E+01,4.011380E+01,2.388827E+01,4.878081E+01,2.253497E+03,1.557249E+03,7.648217E-02,1.373256E-01,0.000000E+00,0.000000E+00,0.000000E+00,0.000000E+00,0.000000E+00,0.000000E+00,0.000000E+00,0.000000E+00,2.110521E+01,3.971451E+01,2.388829E+01,4.854381E+01
02:00:00,9.346462E+02,3.321374E+03,3.172651E-02,2.928836E-01,0.000000E+00,0.000000E+00,0.000000E+00,0.000000E+00,0.000000E+00,0.000000E+00,0.000000E+00,0.000000E+00,2.111000E+01,4.949701E+01,2.388869E+01,4.748984E+01,3.678811E+03,2.401660E+03,1.248579E-01,2.117896E-01,0.000000E+00,0.000000E+00,0.000000E+00,0.000000E+00,0.000000E+00,0.000000E+00,0.000000E+00,0.000000E+00,2.110556E+01,4.030050E+01,2.388829E+01,4.877288E+01,2.227639E+03,1.486473E+03,7.560456E-02,1.310843E-01,0.000000E+00,0.000000E+00,0.000000E+00,0.000000E+00,0.000000E+00,0.000000E+00,0.000000E+00,0.000000E+00,2.110522E+01,3.963272E+01,2.388827E+01,4.872733E+01,3.744971E+03,2.421544E+03,1.271026E-01,2.135434E-01,0.000000E+00,0.000000E+00,0.000000E+00,0.000000E+00,0.000000E+00,0.000000E+00,0.000000E+00,0.000000E+00,2.110540E+01,4.011383E+01,2.388827E+01,4.878848E+01,2.253507E+03,1.550128E+03,7.648251E-02,1.366976E-01,0.000000E+00,0.000000E+00,0.000000E+00,0.000000E+00,0.000000E+00,0.000000E+00,0.000000E+00,0.000000E+00,2.110521E+01,3.971454E+01,2.388829E+01,4.855463E+01
02:10:00,9.346976E+02,3.317581E+03,3.172826E-02,2.925492E-01,0.000000E+00,0.000000E+00,0.000000E+00,0.000000E+00,0.000000E+00,0.000000E+00,0.000000E+00,0.000000E+00,2.111000E+01,4.949701E+01,2.388869E+01,4.749342E+01,3.678830E+03,2.393325E+03,1.248585E-01,2.110546E-01,0.000000E+00,0.000000E+00,0.000000E+00,0.000000E+00,0.000000E+00,0.000000E+00,0.000000E+00,0.000000E+00,2.110556E+01,4.030053E+01,2.388829E+01,4.878051E+01,2.227649E+03,1.480706E+03,7.560491E-02,1.305758E-01,0.000000E+00,0.000000E+00,0.000000E+00,0.000000E+00,0.000000E+00,0.000000E+00,0.000000E+00,0.000000E+00,2.110522E+01,3.963275E+01,2.388828E+01,4.873588E+01,3.744989E+03,2.413028E+03,1.271032E-01,2.127924E-01,0.000000E+00,0.000000E+00,0.000000E+00,0.000000E+00,0.000000E+00,0.000000E+00,0.000000E+00,0.000000E+00,2.110540E+01,4.011387E+01,2.388827E+01,4.879609E+01,2.253517E+03,1.543185E+03,7.648285E-02,1.360853E-01,0.000000E+00,0.000000E+00,0.000000E+00,0.000000E+00,0.000000E+00,0.000000E+00,0.000000E+00,0.000000E+00,2.110521E+01,3.971457E+01,2.388829E+01,4.856532E+01
02:20:00,9.347487E+02,3.313826E+03,3.172999E-02,2.922181E-01,0.000000E+00,0.000000E+00,0.000000E+00,0.000000E+00,0.000000E+00,0.000000E+00,0.000000E+00,0.000000E+00,2.111000E+01,4.949701E+01,2.388869E+01,4.749697E+01,3.678848E+03,2.385183E+03,1.248591E-01,2.103365E-01,0.000000E+00,0.000000E+00,0.000000E+00,0.000000E+00,0.000000E+00,0.000000E+00,0.000000E+00,0.000000E+00,2.110556E+01,4.030057E+01,2.388829E+01,4.878821E+01,2.227659E+03,1.475067E+03,7.560525E-02,1.300784E-01,0.000000E+00,0.000000E+00,0.000000E+00,0.000000E+00,0.000000E+00,0.000000E+00,0.000000E+00,0.000000E+00,2.110522E+01,3.963278E+01,2.388828E+01,4.874454E+01,3.745008E+03,2.404714E+03,1.271038E-01,2.120592E-01,0.000000E+00,0.000000E+00,0.000000E+00,0.000000E+00,0.000000E+00,0.000000E+00,0.000000E+00,0.000000E+00,2.110540E+01,4.011390E+01,2.388827E+01,4.880379E+01,2.253527E+03,1.536416E+03,7.648319E-02,1.354883E-01,0.000000E+00,0.000000E+00,0.000000E+00,0.000000E+00,0.000000E+00,0.000000E+00,0.000000E+00,0.000000E+00,2.110521E+01,3.971461E+01,2.388829E+01,4.857604E+01
02:30:00,9.347995E+02,3.310106E+03,3.173172E-02,2.918900E-01,0.000000E+00,0.000000E+00,0.000000E+00,0.000000E+00,0.000000E+00,0.000000E+00,0.000000E+00,0.000000E+00,2.111000E+01,4.949701E+01,2.388869E+01,4.750050E+01,3.678867E+03,2.377230E+03,1.248597E-01,2.096352E-01,0.000000E+00,0.000000E+00,0.000000E+00,0.000000E+00,0.000000E+00,0.000000E+00,0.000000E+00,0.000000E+00,2.110556E+01,4.030060E+01,2.388829E+01,4.879603E+01,2.227668E+03,1.469552E+03,7.560558E-02,1.295920E-01,0.000000E+00,0.000000E+00,0.000000E+00,0.000000E+00,0.000000E+00,0.000000E+00,0.000000E+00,0.000000E+00,2.110522E+01,3.963281E+01,2.388828E+01,4.875336E+01,3.745026E+03,2.396600E+03,1.271044E-01,2.113437E-01,0.000000E+00,0.000000E+00,0.000000E+00,0.000000E+00,0.000000E+00,0.000000E+00,0.000000E+00,0.000000E+00,2.110540E+01,4.011393E+01,2.388828E+01,4.881160E+01,2.253537E+03,1.529815E+03,7.648352E-02,1.349062E-01,0.000000E+00,0.000000E+00,0.000000E+00,0.000000E+00,0.000000E+00,0.000000E+00,0.000000E+00,0.000000E+00,2.110521E+01,3.971464E+01,2.388829E+01,4.858683E+01
02:40:00,9.348499E+02,3.306422E+03,3.173343E-02,2.915652E-01,0.000000E+00,0.000000E+00,0.000000E+00,0.000000E+00,0.000000E+00,0.000000E+00,0.000000E+00,0.000000E+00,2.111000E+01,4.949701E+01,2.388869E+01,4.750400E+01,3.678885E+03,2.369466E+03,1.248604E-01,2.089504E-01,0.000000E+00,0.000000E+00,0.000000E+00,0.000000E+00,0.000000E+00,0.000000E+00,0.000000E+00,0.000000E+00,2.110556E+01,4.030063E+01,2.388829E+01,4.880392E+01,2.227678E+03,1.464160E+03,7.560591E-02,1.291165E-01,0.000000E+00,0.000000E+00,0.000000E+00,0.000000E+00,0.000000E+00,0.000000E+00,0.000000E+00,0.000000E+00,2.110522E+01,3.963284E+01,2.388828E+01,4.876229E+01,3.745044E+03,2.388682E+03,1.271051E-01,2.106454E-01,0.000000E+00,0.000000E+00,0.000000E+00,0.000000E+00,0.000000E+00,0.000000E+00,0.000000E+00,0.000000E+00,2.110540E+01,4.011397E+01,2.388828E+01,4.881947E+01,2.253547E+03,1.523378E+03,7.648386E-02,1.343385E-01,0.000000E+00,0.000000E+00,0.000000E+00,0.000000E+00,0.000000E+00,0.000000E+00,0.000000E+00,0.000000E+00,2.110521E+01,3.971467E+01,2.388829E+01,4.859766E+01
02:50:00,9.348999E+02,3.302772E+03,3.173513E-02,2.912434E-01,0.000000E+00,0.000000E+00,0.000000E+00,0.000000E+00,0.000000E+00,0.000000E+00,0.000000E+00,0.000000E+00,2.111000E+01,4.949701E+01,2.388868E+01,4.750748E+01,3.678903E+03,2.361885E+03,1.248610E-01,2.082819E-01,0.000000E+00,0.000000E+00,0.000000E+00,0.000000E+00,0.000000E+00,0.000000E+00,0.000000E+00,0.000000E+00,2.110556E+01,4.030067E+01,2.388829E+01,4.881183E+01,2.227688E+03,1.458889E+03,7.560625E-02,1.286517E-01,0.000000E+00,0.000000E+00,0.000000E+00,0.000000E+00,0.000000E+00,0.000000E+00,0.000000E+00,0.000000E+00,2.110522E+01,3.963288E+01,2.388828E+01,4.877124E+01,3.745062E+03,2.380956E+03,1.271057E-01,2.099640E-01,0.000000E+00,0.000000E+00,0.000000E+00,0.000000E+00,0.000000E+00,0.000000E+00,0.000000E+00,0.000000E+00,2.110540E+01,4.011400E+01,2.388828E+01,4.882736E+01,2.253557E+03,1.517100E+03,7.648418E-02,1.337849E-01,0.000000E+00,0.000000E+00,0.000000E+00,0.000000E+00,0.000000E+00,0.000000E+00,0.000000E+00,0.000000E+00,2.110521E+01,3.971470E+01,2.388829E+01,4.860845E+01
03:00:00,9.349496E+02,3.299157E+03,3.173681E-02,2.909246E-01,0.000000E+00,0.000000E+00,0.000000E+00,0.000000E+00,0.000000E+00,0.000000E+00,0.000000E+00,0.000000E+00,2.111000E+01,4.949701E+01,2.388868E+01,4.751093E+01,3.678921E+03,2.354487E+03,1.248616E-01,2.076295E-01,0.000000E+00,0.000000E+00,0.000000E+00,0.000000E+00,0.000000E+00,0.000000E+00,0.000000E+00,0.000000E+00,2.110556E+01,4.030070E+01,2.388830E+01,4.881970E+01,2.227698E+03,1.453738E+03,7.560657E-02,1.281974E-01,0.000000E+00,0.000000E+00,0.000000E+00,0.000000E+00,0.000000E+00,0.000000E+00,0.000000E+00,0.000000E+00,2.110522E+01,3.963291E+01,2.388828E+01,4.878017E+01,3.745080E+03,2.373420E+03,1.271063E-01,2.092994E-01,0.000000E+00,0.000000E+00,0.000000E+00,0.000000E+00,0.000000E+00,0.000000E+00,0.000000E+00,0.000000E+00,2.110540E+01,4.011404E+01,2.388828E+01,4.883521E+01,2.253566E+03,1.510978E+03,7.648451E-02,1.332450E-01,0.000000E+00,0.000000E+00,0.000000E+00,0.000000E+00,0.000000E+00,0.000000E+00,0.000000E+00,0.000000E+00,2.110521E+01,3.971473E+01,2.388830E+01,4.861916E+01
03:10:00,9.349990E+02,3.295576E+03,3.173849E-02,2.906088E-01,0.000000E+00,0.000000E+00,0.000000E+00,0.000000E+00,0.000000E+00,0.000000E+00,0.000000E+00,0.000000E+00,2.111000E+01,4.949701E+01,2.388868E+01,4.751435E+01,3.678939E+03,2.347191E+03,1.248622E-01,2.069861E-01,0.000000E+00,0.000000E+00,0.000000E+00,0.000000E+00,0.000000E+00,0.000000E+00,0.000000E+00,0.000000E+00,2.110556E+01,4.030074E+01,2.388830E+01,4.882750E+01,2.227707E+03,1.448659E+03,7.560690E-02,1.277496E-01,0.000000E+00,0.000000E+00,0.000000E+00,0.000000E+00,0.000000E+00,0.000000E+00,0.000000E+00,0.000000E+00,2.110522E+01,3.963294E+01,2.388829E+01,4.878903E+01,3.745098E+03,2.365993E+03,1.271069E-01,2.086444E-01,0.000000E+00,0.000000E+00,0.000000E+00,0.000000E+00,0.000000E+00,0.000000E+00,0.000000E+00,0.000000E+00,2.110540E+01,4.011407E+01,2.388828E+01,4.884299E+01,2.253576E+03,1.504960E+03,7.648484E-02,1.327143E-01,0.000000E+00,0.000000E+00,0.000000E+00,0.000000E+00,0.000000E+00,0.000000E+00,0.000000E+00,0.000000E+00,2.110521E+01,3.971476E+01,2.388830E+01,4.862973E+01
03:20:00,9.350480E+02,3.292028E+03,3.174015E-02,2.902959E-01,0.000000E+00,0.000000E+00,0.000000E+00,0.000000E+00,0.000000E+00,0.000000E+00,0.000000E+00,0.000000E+00,2.111000E+01,4.949701E+01,2.388868E+01,4.751775E+01,3.678956E+03,2.339994E+03,1.248628E-01,2.063514E-01,0.000000E+00,0.000000E+00,0.000000E+00,0.000000E+00,0.000000E+00,0.000000E+00,0.000000E+00,0.000000E+00,2.110556E+01,4.030077E+01,2.388830E+01,4.883523E+01,2.227717E+03,1.443651E+03,7.560722E-02,1.273079E-01,0.000000E+00,0.000000E+00,0.000000E+00,0.000000E+00,0.000000E+00,0.000000E+00,0.000000E+00,0.000000E+00,2.110522E+01,3.963297E+01,2.388829E+01,4.879781E+01,3.745116E+03,2.358668E+03,1.271075E-01,2.079984E-01,0.000000E+00,0.000000E+00,0.000000E+00,0.000000E+00,0.000000E+00,0.000000E+00,0.000000E+00,0.000000E+00,2.110540E+01,4.011410E+01,2.388828E+01,4.885068E+01,2.253585E+03,1.499042E+03,7.648516E-02,1.321924E-01,0.000000E+00,0.000000E+00,0.000000E+00,0.000000E+00,0.000000E+00,0.000000E+00,0.000000E+00,0.000000E+00,2.110521E+01,3.971479E+01,2.388830E+01,4.864017E+01
03:30:00,9.350967E+02,3.288511E+03,3.174181E-02,2.899858E-01,0.000000E+00,0.000000E+00,0.000000E+00,0.000000E+00,0.000000E+00,0.000000E+00,0.000000E+00,0.000000E+00,2.111000E+01,4.949701E+01,2.388868E+01,4.752113E+01,3.678974E+03,2.332892E+03,1.248634E-01,2.057251E-01,0.000000E+00,0.000000E+00,0.000000E+00,0.000000E+00,0.000000E+00,0.000000E+00,0.000000E+00,0.000000E+00,2.110556E+01,4.030080E+01,2.388830E+01,4.884286E+01,2.227726E+03,1.438710E+03,7.560754E-02,1.268722E-01,0.000000E+00,0.000000E+00,0.000000E+00,0.000000E+00,0.000000E+00,0.000000E+00,0.000000E+00,0.000000E+00,2.110522E+01,3.963300E+01,2.388829E+01,4.880648E+01,3.745133E+03,2.351439E+03,1.271081E-01,2.073609E-01,0.000000E+00,0.000000E+00,0.000000E+00,0.000000E+00,0.000000E+00,0.000000E+00,0.000000E+00,0.000000E+00,2.110540E+01,4.011414E+01,2.388828E+01,4.885827E+01,2.253595E+03,1.493221E+03,7.648548E-02,1.316790E-01,0.000000E+00,0.000000E+00,0.000000E+00,0.000000E+00,0.000000E+00,0.000000E+00,0.000000E+00,0.000000E+00,2.110521E+01,3.971482E+01,2.388830E+01,4.865045E+01
03:40:00,9.351450E+02,3.285024E+03,3.174345E-02,2.896783E-01,0.000000E+00,0.000000E+00,0.000000E+00,0.000000E+00,0.000000E+00,0.000000E+00,0.000000E+00,0.000000E+00,2.111000E+01,4.949701E+01,2.388868E+01,4.752448E+01,3.678991E+03,2.325880E+03,1.248640E-01,2.051067E-01,0.000000E+00,0.000000E+00,0.000000E+00,0.000000E+00,0.000000E+00,0.000000E+00,0.000000E+00,0.000000E+00,2.110556E+01,4.030083E+01,2.388830E+01,4.885039E+01,2.227736E+03,1.433834E+03,7.560786E-02,1.264422E-01,0.000000E+00,0.000000E+00,0.000000E+00,0.000000E+00,0.000000E+00,0.000000E+00,0.000000E+00,0.000000E+00,2.110522E+01,3.963303E+01,2.388829E+01,4.881505E+01,3.745151E+03,2.344303E+03,1.271087E-01,2.067316E-01,0.000000E+00,0.000000E+00,0.000000E+00,0.000000E+00,0.000000E+00,0.000000E+00,0.000000E+00,0.000000E+00,2.110540E+01,4.011417E+01,2.388829E+01,4.886576E+01,2.253604E+03,1.487490E+03,7.648579E-02,1.311736E-01,0.000000E+00,0.000000E+00,0.000000E+00,0.000000E+00,0.000000E+00,0.000000E+00,0.000000E+00,0.000000E+00,2.110521E+01,3.971485E+01,2.388830E+01,4.866059E+01
03:50:00,9.351931E+02,3.281565E+03,3.174508E-02,2.893733E-01,0.000000E+00,0.000000E+00,0.000000E+00,0.000000E+00,0.000000E+00,0.000000E+00,0.000000E+00,0.000000E+00,2.111000E+01,4.949701E+01,2.388868E+01,4.752781E+01,3.679008E+03,2.318954E+03,1.248645E-01,2.044959E-01,0.000000E+00,0.000000E+00,0.000000E+00,0.000000E+00,0.000000E+00,0.000000E+00,0.000000E+00,0.000000E+00,2.110556E+01,4.030087E+01,2.388830E+01,4.885782E+01,2.227745E+03,1.429021E+03,7.560818E-02,1.260177E-01,0.000000E+00,0.000000E+00,0.000000E+00,0.000000E+00,0.000000E+00,0.000000E+00,0.000000E+00,0.000000E+00,2.110522E+01,3.963306E+01,2.388829E+01,4.882351E+01,3.745168E+03,2.337253E+03,1.271093E-01,2.061099E-01,0.000000E+00,0.000000E+00,0.000000E+00,0.000000E+00,0.000000E+00,0.000000E+00,0.000000E+00,0.000000E+00,2.110540E+01,4.011420E+01,2.388829E+01,4.887314E+01,2.253613E+03,1.481846E+03,7.648611E-02,1.306759E-01,0.000000E+00,0.000000E+00,0.000000E+00,0.000000E+00,0.000000E+00,0.000000E+00,0.000000E+00,0.000000E+00,2.110521E+01,3.971488E+01,2.388830E+01,4.867058E+01
04:00:00,9.352407E+02,3.278132E+03,3.174669E-02,2.890706E-01,0.000000E+00,0.000000E+00,0.000000E+00,0.000000E+00,0.000000E+00,0.000000E+00,0.000000E+00,0.000000E+00,2.111000E+01,4.949701E+01,2.388868E+01,4.753113E+01,3.679025E+03,2.312111E+03,1.248651E-01,2.038925E-01,0.000000E+00,0.000000E+00,0.000000E+00,0.000000E+00,0.000000E+00,0.000000E+00,0.000000E+00,0.000000E+00,2.110556E+01,4.030090E+01,2.388830E+01,4.886515E+01,2.227754E+03,1.424266E+03,7.560849E-02,1.255984E-01,0.000000E+00,0.000000E+00,0.000000E+00,0.000000E+00,0.000000E+00,0.000000E+00,0.000000E+00,0.000000E+00,2.110522E+01,3.963309E+01,2.388829E+01,4.883186E+01,3.745185E+03,2.330288E+03,1.271098E-01,2.054957E-01,0.000000E+00,0.000000E+00,0.000000E+00,0.000000E+00,0.000000E+00,0.000000E+00,0.000000E+00,0.000000E+00,2.110540E+01,4.011423E+01,2.388829E+01,4.888043E+01,2.253622E+03,1.476285E+03,7.648642E-02,1.301855E-01,0.000000E+00,0.000000E+00,0.000000E+00,0.000000E+00,0.000000E+00,0.000000E+00,0.000000E+00,0.000000E+00,2.110521E+01,3.971491E+01,2.388830E+01,4.868041E+01
04:10:00,9.352881E+02,3.274726E+03,3.174830E-02,2.887702E-01,0.000000E+00,0.000000E+00,0.000000E+00,0.000000E+00,0.000000E+00,0.000000E+00,0.000000E+00,0.000000E+00,2.111000E+01,4.949701E+01,2.388868E+01,4.753442E+01,3.679042E+03,2.305417E+03,1.248657E-01,2.033021E-01,0.000000E+00,0.000000E+00,0.000000E+00,0.000000E+00,0.000000E+00,0.000000E+00,0.000000E+00,0.000000E+00,2.110556E+01,4.030093E+01,2.388830E+01,4.887238E+01,2.227763E+03,1.419610E+03,7.560880E-02,1.251878E-01,0.000000E+00,0.000000E+00,0.000000E+00,0.000000E+00,0.000000E+00,0.000000E+00,0.000000E+00,0.000000E+00,2.110522E+01,3.963312E+01,2.388829E+01,4.884010E+01,3.745202E+03,2.323475E+03,1.271104E-01,2.048948E-01,0.000000E+00,0.000000E+00,0.000000E+00,0.000000E+00,0.000000E+00,0.000000E+00,0.000000E+00,0.000000E+00,2.110540E+01,4.011426E+01,2.388829E+01,4.888762E+01,2.253632E+03,1.470846E+03,7.648673E-02,1.297058E-01,0.000000E+00,0.000000E+00,0.000000E+00,0.000000E+00,0.000000E+00,0.000000E+00,0.000000E+00,0.000000E+00,2.110521E+01,3.971494E+01,2.388830E+01,4.869010E+01
04:20:00,9.353351E+02,3.271344E+03,3.174990E-02,2.884721E-01,0.000000E+00,0.000000E+00,0.000000E+00,0.000000E+00,0.000000E+00,0.000000E+00,0.000000E+00,0.000000E+00,2.111000E+01,4.949701E+01,2.388868E+01,4.753770E+01,3.679059E+03,2.298870E+03,1.248663E-01,2.027248E-01,0.000000E+00,0.000000E+00,0.000000E+00,0.000000E+00,0.000000E+00,0.000000E+00,0.000000E+00,0.000000E+00,2.110556E+01,4.030096E+01,2.388831E+01,4.887967E+01,2.227772E+03,1.415051E+03,7.560911E-02,1.247857E-01,0.000000E+00,0.000000E+00,0.000000E+00,0.000000E+00,0.000000E+00,0.000000E+00,0.000000E+00,0.000000E+00,2.110522E+01,3.963315E+01,2.388829E+01,4.884842E+01,3.745219E+03,2.316808E+03,1.271110E-01,2.043069E-01,0.000000E+00,0.000000E+00,0.000000E+00,0.000000E+00,0.000000E+00,0.000000E+00,0.000000E+00,0.000000E+00,2.110540E+01,4.011430E+01,2.388829E+01,4.889487E+01,2.253641E+03,1.465527E+03,7.648703E-02,1.292368E-01,0.000000E+00,0.000000E+00,0.000000E+00,0.000000E+00,0.000000E+00,0.000000E+00,0.000000E+00,0.000000E+00,2.110521E+01,3.971497E+01,2.388831E+01,4.869984E+01
04:30:00,9.353818E+02,3.267988E+03,3.175148E-02,2.881761E-01,0.000000E+00,0.000000E+00,0.000000E+00,0.000000E+00,0.000000E+00,0.000000E+00,0.000000E+00,0.000000E+00,2.111000E+01,4.949701E+01,2.388868E+01,4.754096E+01,3.679076E+03,2.292472E+03,1.248668E-01,2.021605E-01,0.000000E+00,0.000000E+00,0.000000E+00,0.000000E+00,0.000000E+00,0.000000E+00,0.000000E+00,0.000000E+00,2.110556E+01,4.030099E+01,2.388831E+01,4.888708E+01,2.227781E+03,1.410589E+03,7.560941E-02,1.243922E-01,0.000000E+00,0.000000E+00,0.000000E+00,0.000000E+00,0.000000E+00,0.000000E+00,0.000000E+00,0.000000E+00,2.110522E+01,3.963318E+01,2.388830E+01,4.885690E+01,3.745235E+03,2.310290E+03,1.271116E-01,2.037321E-01,0.000000E+00,0.000000E+00,0.000000E+00,0.000000E+00,0.000000E+00,0.000000E+00,0.000000E+00,0.000000E+00,2.110540E+01,4.011433E+01,2.388829E+01,4.890225E+01,2.253650E+03,1.460326E+03,7.648734E-02,1.287782E-01,0.000000E+00,0.000000E+00,0.000000E+00,0.000000E+00,0.000000E+00,0.000000E+00,0.000000E+00,0.000000E+00,2.110521E+01,3.971500E+01,2.388831E+01,4.870970E+01
04:40:00,9.354282E+02,3.264658E+03,3.175306E-02,2.878825E-01,0.000000E+00,0.000000E+00,0.000000E+00,0.000000E+00,0.000000E+00,0.000000E+00,0.000000E+00,0.000000E+00,2.111000E+01,4.949701E+01,2.388868E+01,4.754420E+01,3.679092E+03,2.286222E+03,1.248674E-01,2.016094E-01,0.000000E+00,0.000000E+00,0.000000E+00,0.000000E+00,0.000000E+00,0.000000E+00,0.000000E+00,0.000000E+00,2.110556E+01,4.030102E+01,2.388831E+01,4.889459E+01,2.227790E+03,1.406223E+03,7.560972E-02,1.240072E-01,0.000000E+00,0.000000E+00,0.000000E+00,0.000000E+00,0.000000E+00,0.000000E+00,0.000000E+00,0.000000E+00,2.110522E+01,3.963321E+01,2.388830E+01,4.886550E+01,3.745252E+03,2.303921E+03,1.271121E-01,2.031705E-01,0.000000E+00,0.000000E+00,0.000000E+00,0.000000E+00,0.000000E+00,0.000000E+00,0.000000E+00,0.000000E+00,2.110540E+01,4.011436E+01,2.388829E+01,4.890975E+01,2.253658E+03,1.455243E+03,7.648764E-02,1.283299E-01,0.000000E+00,0.000000E+00,0.000000E+00,0.000000E+00,0.000000E+00,0.000000E+00,0.000000E+00,0.000000E+00,2.110521E+01,3.971503E+01,2.388831E+01,4.871966E+01
04:50:00,9.354742E+02,3.261353E+03,3.175462E-02,2.875911E-01,0.000000E+00,0.000000E+00,0.000000E+00,0.000000E+00,0.000000E+00,0.000000E+00,0.000000E+00,0.000000E+00,2.111000E+01,4.949701E+01,2.388868E+01,4.754742E+01,3.679109E+03,2.280122E+03,1.248680E-01,2.010714E-01,0.000000E+00,0.000000E+00,0.000000E+00,0.000000E+00,0.000000E+00,0.000000E+00,0.000000E+00,0.000000E+00,2.110556E+01,4.030106E+01,2.388831E+01,4.890213E+01,2.227799E+03,1.401954E+03,7.561002E-02,1.236307E-01,0.000000E+00,0.000000E+00,0.000000E+00,0.000000E+00,0.000000E+00,0.000000E+00,0.000000E+00,0.000000E+00,2.110522E+01,3.963324E+01,2.388830E+01,4.887416E+01,3.745269E+03,2.297703E+03,1.271127E-01,2.026220E-01,0.000000E+00,0.000000E+00,0.000000E+00,0.000000E+00,0.000000E+00,0.000000E+00,0.000000E+00,0.000000E+00,2.110540E+01,4.011439E+01,2.388829E+01,4.891729E+01,2.253667E+03,1.450275E+03,7.648794E-02,1.278918E-01,0.000000E+00,0.000000E+00,0.000000E+00,0.000000E+00,0.000000E+00,0.000000E+00,0.000000E+00,0.000000E+00,2.110521E+01,3.971505E+01,2.388831E+01,4.872964E+01
05:00:00,9.355200E+02,3.258075E+03,3.175617E-02,2.873020E-01,0.000000E+00,0.000000E+00,0.000000E+00,0.000000E+00,0.000000E+00,0.000000E+00,0.000000E+00,0.000000E+00,2.111000E+01,4.949701E+01,2.388868E+01,4.755062E+01,3.679125E+03,2.274169E+03,1.248685E-01,2.005465E-01,0.000000E+00,0.000000E+00,0.000000E+00,0.000000E+00,0.000000E+00,0.000000E+00,0.000000E+00,0.000000E+00,2.110556E+01,4.030109E+01,2.388831E+01,4.890965E+01,2.227808E+03,1.397779E+03,7.561031E-02,1.232626E-01,0.000000E+00,0.000000E+00,0.000000E+00,0.000000E+00,0.000000E+00,0.000000E+00,0.000000E+00,0.000000E+00,2.110522E+01,3.963327E+01,2.388830E+01,4.888282E+01,3.745285E+03,2.291634E+03,1.271132E-01,2.020868E-01,0.000000E+00,0.000000E+00,0.000000E+00,0.000000E+00,0.000000E+00,0.000000E+00,0.000000E+00,0.000000E+00,2.110540E+01,4.011442E+01,2.388829E+01,4.892483E+01,2.253676E+03,1.445421E+03,7.648824E-02,1.274638E-01,0.000000E+00,0.000000E+00,0.000000E+00,0.000000E+00,0.000000E+00,0.000000E+00,0.000000E+00,0.000000E+00,2.110521E+01,3.971508E+01,2.388831E+01,4.873959E+01
05:10:00,9.355654E+02,3.254825E+03,3.175771E-02,2.870154E-01,0.000000E+00,0.000000E+00,0.000000E+00,0.000000E+00,0.000000E+00,0.000000E+00,0.000000E+00,0.000000E+00,2.111000E+01,4.949701E+01,2.388868E+01,4.755380E+01,3.679141E+03,2.268563E+03,1.248691E-01,2.000520E-01,0.000000E+00,0.000000E+00,0.000000E+00,0.000000E+00,0.000000E+00,0.000000E+00,0.000000E+00,0.000000E+00,2.110556E+01,4.030112E+01,2.388831E+01,4.891713E+01,2.227817E+03,1.393822E+03,7.561061E-02,1.229136E-01,0.000000E+00,0.000000E+00,0.000000E+00,0.000000E+00,0.000000E+00,0.000000E+00,0.000000E+00,0.000000E+00,2.110522E+01,3.963329E+01,2.388830E+01,4.889143E+01,3.745301E+03,2.285916E+03,1.271138E-01,2.015826E-01,0.000000E+00,0.000000E+00,0.000000E+00,0.000000E+00,0.000000E+00,0.000000E+00,0.000000E+00,0.000000E+00,2.110540E+01,4.011445E+01,2.388829E+01,4.893232E+01,2.253685E+03,1.440805E+03,7.648853E-02,1.270566E-01,0.000000E+00,0.000000E+00,0.000000E+00,0.000000E+00,0.000000E+00,0.000000E+00,0.000000E+00,0.000000E+00,2.110521E+01,3.971511E+01,2.388831E+01,4.874947E+01
05:20:00,9.356105E+02,3.251606E+03,3.175925E-02,2.867316E-01,0.000000E+00,0.000000E+00,0.000000E+00,0.000000E+00,0.000000E+00,0.000000E+00,0.000000E+00,0.000000E+00,2.111000E+01,4.949701E+01,2.388868E+01,4.755697E+01,3.679157E+03,2.263316E+03,1.248696E-01,1.995894E-01,0.000000E+00,0.000000E+00,0.000000E+00,0.000000E+00,0.000000E+00,0.000000E+00,0.000000E+00,0.000000E+00,2.110556E+01,4.030115E+01,2.388831E+01,4.892520E+01,2.227825E+03,1.390089E+03,7.561090E-02,1.225844E-01,0.000000E+00,0.000000E+00,0.000000E+00,0.000000E+00,0.000000E+00,0.000000E+00,0.000000E+00,0.000000E+00,2.110522E+01,3.963332E+01,2.388830E+01,4.890077E+01,3.745317E+03,2.280592E+03,1.271143E-01,2.011131E-01,0.000000E+00,0.000000E+00,0.000000E+00,0.000000E+00,0.000000E+00,0.000000E+00,0.000000E+00,0.000000E+00,2.110540E+01,4.011448E+01,2.388829E+01,4.894044E+01,2.253693E+03,1.436437E+03,7.648882E-02,1.266714E-01,0.000000E+00,0.000000E+00,0.000000E+00,0.000000E+00,0.000000E+00,0.000000E+00,0.000000E+00,0.000000E+00,2.110521E+01,3.971514E+01,2.388831E+01,4.876004E+01
05:30:00,9.356553E+02,3.248424E+03,3.176077E-02,2.864509E-01,0.000000E+00,0.000000E+00,0.000000E+00,0.000000E+00,0.000000E+00,0.000000E+00,0.000000E+00,0.000000E+00,2.111000E+01,4.949701E+01,2.388868E+01,4.756011E+01,3.679173E+03,2.258437E+03,1.248701E-01,1.991591E-01,0.000000E+00,0.000000E+00,0.000000E+00,0.000000E+00,0.000000E+00,0.000000E+00,0.000000E+00,0.000000E+00,2.110556E+01,4.030118E+01,2.388831E+01,4.893408E+01,2.227834E+03,1.386585E+03,7.561120E-02,1.222754E-01,0.000000E+00,0.000000E+00,0.000000E+00,0.000000E+00,0.000000E+00,0.000000E+00,0.000000E+00,0.000000E+00,2.110522E+01,3.963335E+01,2.388830E+01,4.891107E+01,3.745333E+03,2.275665E+03,1.271149E-01,2.006786E-01,0.000000E+00,0.000000E+00,0.000000E+00,0.000000E+00,0.000000E+00,0.000000E+00,0.000000E+00,0.000000E+00,2.110540E+01,4.011451E+01,2.388829E+01,4.894937E+01,2.253702E+03,1.432321E+03,7.648911E-02,1.263085E-01,0.000000E+00,0.000000E+00,0.000000E+00,0.000000E+00,0.000000E+00,0.000000E+00,0.000000E+00,0.000000E+00,2.110521E+01,3.971516E+01,2.388831E+01,4.877156E+01
05:40:00,9.356998E+02,3.245281E+03,3.176228E-02,2.861738E-01,0.000000E+00,0.000000E+00,0.000000E+00,0.000000E+00,0.000000E+00,0.000000E+00,0.000000E+00,0.000000E+00,2.111000E+01,4.949701E+01,2.388868E+01,4.756322E+01,3.679189E+03,2.253935E+03,1.248707E-01,1.987621E-01,0.000000E+00,0.000000E+00,0.000000E+00,0.000000E+00,0.000000E+00,0.000000E+00,0.000000E+00,0.000000E+00,2.110556E+01,4.030121E+01,2.388831E+01,4.894362E+01,2.227842E+03,1.383315E+03,7.561148E-02,1.219870E-01,0.000000E+00,0.000000E+00,0.000000E+00,0.000000E+00,0.000000E+00,0.000000E+00,0.000000E+00,0.000000E+00,2.110522E+01,3.963338E+01,2.388830E+01,4.892219E+01,3.745349E+03,2.271142E+03,1.271154E-01,2.002797E-01,0.000000E+00,0.000000E+00,0.000000E+00,0.000000E+00,0.000000E+00,0.000000E+00,0.000000E+00,0.000000E+00,2.110540E+01,4.011454E+01,2.388829E+01,4.895897E+01,2.253710E+03,1.428461E+03,7.648940E-02,1.259681E-01,0.000000E+00,0.000000E+00,0.000000E+00,0.000000E+00,0.000000E+00,0.000000E+00,0.000000E+00,0.000000E+00,2.110521E+01,3.971519E+01,2.388831E+01,4.878385E+01
05:50:00,9.357439E+02,3.242192E+03,3.176378E-02,2.859014E-01,0.000000E+00,0.000000E+00,0.000000E+00,0.000000E+00,0.000000E+00,0.000000E+00,0.000000E+00,0.000000E+00,2.111000E+01,4.949701E+01,2.388868E+01,4.756629E+01,3.679205E+03,2.250513E+03,1.248712E-01,1.984603E-01,0.000000E+00,0.000000E+00,0.000000E+00,0.000000E+00,0.000000E+00,0.000000E+00,0.000000E+00,0.000000E+00,2.110556E+01,4.030124E+01,2.388831E+01,4.895360E+01,2.227851E+03,1.380852E+03,7.561177E-02,1.217698E-01,0.000000E+00,0.000000E+00,0.000000E+00,0.000000E+00,0.000000E+00,0.000000E+00,0.000000E+00,0.000000E+00,2.110522E+01,3.963341E+01,2.388830E+01,4.893382E+01,3.745365E+03,2.267853E+03,1.271159E-01,1.999897E-01,0.000000E+00,0.000000E+00,0.000000E+00,0.000000E+00,0.000000E+00,0.000000E+00,0.000000E+00,0.000000E+00,2.110540E+01,4.011457E+01,2.388829E+01,4.896897E+01,2.253719E+03,1.425229E+03,7.648969E-02,1.256831E-01,0.000000E+00,0.000000E+00,0.000000E+00,0.000000E+00,0.000000E+00,0.000000E+00,0.000000E+00,0.000000E+00,2.110521E+01,3.971522E+01,2.388831E+01,4.879661E+01
06:00:00,9.357878E+02,3.239205E+03,3.176526E-02,2.856381E-01,0.000000E+00,0.000000E+00,0.000000E+00,0.000000E+00,0.000000E+00,0.000000E+00,0.000000E+00,0.000000E+00,2.111000E+01,4.949701E+01,2.388868E+01,4.756932E+01,3.679220E+03,2.248629E+03,1.248717E-01,1.982942E-01,0.000000E+00,0.000000E+00,0.000000E+00,0.000000E+00,0.000000E+00,0.000000E+00,0.000000E+00,0.000000E+00,2.110556E+01,4.030127E+01,2.388830E+01,4.896260E+01,2.227859E+03,1.381971E+03,7.561206E-02,1.218685E-01,0.000000E+00,0.000000E+00,0.000000E+00,0.000000E+00,0.000000E+00,0.000000E+00,0.000000E+00,0.000000E+00,2.110522E+01,3.963343E+01,2.388829E+01,4.894412E+01,3.745380E+03,2.268008E+03,1.271165E-01,2.000034E-01,0.000000E+00,0.000000E+00,0.000000E+00,0.000000E+00,0.000000E+00,0.000000E+00,0.000000E+00,0.000000E+00,2.110540E+01,4.011460E+01,2.388829E+01,4.897778E+01,2.253727E+03,1.422852E+03,7.648997E-02,1.254734E-01,0.000000E+00,0.000000E+00,0.000000E+00,0.000000E+00,0.000000E+00,0.000000E+00,0.000000E+00,0.000000E+00,2.110521E+01,3.971524E+01,2.388830E+01,4.880861E+01
06:10:00,9.358314E+02,3.236451E+03,3.176674E-02,2.853952E-01,0.000000E+00,0.000000E+00,0.000000E+00,0.000000E+00,0.000000E+00,0.000000E+00,0.000000E+00,0.000000E+00,2.111000E+01,4.949701E+01,2.388868E+01,4.757226E+01,3.679236E+03,2.248780E+03,1.248723E-01,1.983076E-01,0.000000E+00,0.000000E+00,0.000000E+00,0.000000E+00,0.000000E+00,0.000000E+00,0.000000E+00,0.000000E+00,2.110556E+01,4.030129E+01,2.388830E+01,4.896923E+01,2.227868E+03,1.391961E+03,7.561234E-02,1.227495E-01,0.000000E+00,0.000000E+00,0.000000E+00,0.000000E+00,0.000000E+00,0.000000E+00,0.000000E+00,0.000000E+00,2.110522E+01,3.963346E+01,2.388827E+01,4.894430E+01,3.745396E+03,2.275080E+03,1.271170E-01,2.006271E-01,0.000000E+00,0.000000E+00,0.000000E+00,0.000000E+00,0.000000E+00,0.000000E+00,0.000000E+00,0.000000E+00,2.110540E+01,4.011463E+01,2.388828E+01,4.898089E+01,2.253735E+03,1.421582E+03,7.649025E-02,1.253615E-01,0.000000E+00,0.000000E+00,0.000000E+00,0.000000E+00,0.000000E+00,0.000000E+00,0.000000E+00,0.000000E+00,2.110521E+01,3.971527E+01,2.388830E+01,4.881866E+01
06:20:00,9.358746E+02,3.234141E+03,3.176821E-02,2.851915E-01,0.000000E+00,0.000000E+00,0.000000E+00,0.000000E+00,0.000000E+00,0.000000E+00,0.000000E+00,0.000000E+00,2.111000E+01,4.949701E+01,2.388868E+01,4.757498E+01,3.679251E+03,2.251628E+03,1.248728E-01,1.985587E-01,0.000000E+00,0.000000E+00,0.000000E+00,0.000000E+00,0.000000E+00,0.000000E+00,0.000000E+00,0.000000E+00,2.110556E+01,4.030132E+01,2.388829E+01,4.896280E+01,2.227876E+03,1.414294E+03,7.561262E-02,1.247192E-01,0.000000E+00,0.000000E+00,0.000000E+00,0.000000E+00,0.000000E+00,0.000000E+00,0.000000E+00,0.000000E+00,2.110522E+01,3.963349E+01,2.388822E+01,4.890577E+01,3.745411E+03,2.290851E+03,1.271175E-01,2.020180E-01,0.000000E+00,0.000000E+00,0.000000E+00,0.000000E+00,0.000000E+00,0.000000E+00,0.000000E+00,0.000000E+00,2.110540E+01,4.011466E+01,2.388825E+01,4.896094E+01,2.253744E+03,1.421760E+03,7.649053E-02,1.253772E-01,0.000000E+00,0.000000E+00,0.000000E+00,0.000000E+00,0.000000E+00,0.000000E+00,0.000000E+00,0.000000E+00,2.110521E+01,3.971530E+01,2.388829E+01,4.881516E+01
06:30:00,9.359176E+02,3.232507E+03,3.176967E-02,2.850474E-01,0.000000E+00,0.000000E+00,0.000000E+00,0.000000E+00,0.000000E+00,0.000000E+00,0.000000E+00,0.000000E+00,2.111000E+01,4.949701E+01,2.388868E+01,4.757724E+01,3.679266E+03,2.257428E+03,1.248733E-01,1.990703E-01,0.000000E+00,0.000000E+00,0.000000E+00,0.000000E+00,0.000000E+00,0.000000E+00,0.000000E+00,0.000000E+00,2.110556E+01,4.030135E+01,2.388829E+01,4.894774E+01,2.227884E+03,1.447632E+03,7.561290E-02,1.276593E-01,0.000000E+00,0.000000E+00,0.000000E+00,0.000000E+00,0.000000E+00,0.000000E+00,0.000000E+00,0.000000E+00,2.110522E+01,3.963351E+01,2.388816E+01,4.882178E+01,3.745426E+03,2.313879E+03,1.271180E-01,2.040489E-01,0.000000E+00,0.000000E+00,0.000000E+00,0.000000E+00,0.000000E+00,0.000000E+00,0.000000E+00,0.000000E+00,2.110540E+01,4.011468E+01,2.388823E+01,4.891938E+01,2.253752E+03,1.423505E+03,7.649081E-02,1.255312E-01,0.000000E+00,0.000000E+00,0.000000E+00,0.000000E+00,0.000000E+00,0.000000E+00,0.000000E+00,0.000000E+00,2.110521E+01,3.971532E+01,2.388829E+01,4.880355E+01
06:40:00,9.359602E+02,3.231741E+03,3.177112E-02,2.849799E-01,0.000000E+00,0.000000E+00,0.000000E+00,0.000000E+00,0.000000E+00,0.000000E+00,0.000000E+00,0.000000E+00,2.111000E+01,4.949701E+01,2.388868E+01,4.757880E+01,3.679281E+03,2.266474E+03,1.248738E-01,1.998681E-01,0.000000E+00,0.000000E+00,0.000000E+00,0.000000E+00,0.000000E+00,0.000000E+00,0.000000E+00,0.000000E+00,2.110556E+01,4.030138E+01,2.388828E+01,4.892895E+01,2.227892E+03,1.492600E+03,7.561317E-02,1.316252E-01,0.000000E+00,0.000000E+00,0.000000E+00,0.000000E+00,0.000000E+00,0.000000E+00,0.000000E+00,0.000000E+00,2.110522E+01,3.963354E+01,2.388812E+01,4.870558E+01,3.745441E+03,2.343520E+03,1.271185E-01,2.066631E-01,0.000000E+00,0.000000E+00,0.000000E+00,0.000000E+00,0.000000E+00,0.000000E+00,0.000000E+00,0.000000E+00,2.110540E+01,4.011471E+01,2.388822E+01,4.886564E+01,2.253760E+03,1.426944E+03,7.649108E-02,1.258344E-01,0.000000E+00,0.000000E+00,0.000000E+00,0.000000E+00,0.000000E+00,0.000000E+00,0.000000E+00,0.000000E+00,2.110521E+01,3.971535E+01,2.388828E+01,4.878942E+01
06:50:00,9.360026E+02,3.231991E+03,3.177256E-02,2.850020E-01,0.000000E+00,0.000000E+00,0.000000E+00,0.000000E+00,0.000000E+00,0.000000E+00,0.000000E+00,0.000000E+00,2.111000E+01,4.949701E+01,2.388868E+01,4.757948E+01,3.679296E+03,2.278323E+03,1.248743E-01,2.009131E-01,0.000000E+00,0.000000E+00,0.000000E+00,0.000000E+00,0.000000E+00,0.000000E+00,0.000000E+00,0.000000E+00,2.110556E+01,4.030141E+01,2.388828E+01,4.890843E+01,2.227900E+03,1.548799E+03,7.561344E-02,1.365815E-01,0.000000E+00,0.000000E+00,0.000000E+00,0.000000E+00,0.000000E+00,0.000000E+00,0.000000E+00,0.000000E+00,2.110522E+01,3.963357E+01,2.388810E+01,4.857069E+01,3.745456E+03,2.378389E+03,1.271190E-01,2.097382E-01,0.000000E+00,0.000000E+00,0.000000E+00,0.000000E+00,0.000000E+00,0.000000E+00,0.000000E+00,0.000000E+00,2.110540E+01,4.011474E+01,2.388821E+01,4.880780E+01,2.253768E+03,1.431803E+03,7.649135E-02,1.262630E-01,0.000000E+00,0.000000E+00,0.000000E+00,0.000000E+00,0.000000E+00,0.000000E+00,0.000000E+00,0.000000E+00,2.110521E+01,3.971537E+01,2.388828E+01,4.877497E+01
07:00:00,9.360447E+02,3.233329E+03,3.177398E-02,2.851199E-01,0.000000E+00,0.000000E+00,0.000000E+00,0.000000E+00,0.000000E+00,0.000000E+00,0.000000E+00,0.000000E+00,2.111000E+01,4.949701E+01,2.388867E+01,4.757921E+01,3.679311E+03,2.293220E+03,1.248748E-01,2.022269E-01,0.000000E+00,0.000000E+00,0.000000E+00,0.000000E+00,0.000000E+00,0.000000E+00,0.000000E+00,0.000000E+00,2.110556E+01,4.030144E+01,2.388828E+01,4.888637E+01,2.227908E+03,1.616662E+03,7.561372E-02,1.425665E-01,0.000000E+00,0.000000E+00,0.000000E+00,0.000000E+00,0.000000E+00,0.000000E+00,0.000000E+00,0.000000E+00,2.110522E+01,3.963359E+01,2.388809E+01,4.842695E+01,3.745471E+03,2.417559E+03,1.271195E-01,2.131926E-01,0.000000E+00,0.000000E+00,0.000000E+00,0.000000E+00,0.000000E+00,0.000000E+00,0.000000E+00,0.000000E+00,2.110540E+01,4.011477E+01,2.388822E+01,4.875053E+01,2.253776E+03,1.438177E+03,7.649162E-02,1.268252E-01,0.000000E+00,0.000000E+00,0.000000E+00,0.000000E+00,0.000000E+00,0.000000E+00,0.000000E+00,0.000000E+00,2.110521E+01,3.971540E+01,2.388828E+01,4.876030E+01
07:10:00,9.360865E+02,3.235562E+03,3.177540E-02,2.853159E-01,0.000000E+00,0.000000E+00,0.000000E+00,0.000000E+00,0.000000E+00,0.000000E+00,0.000000E+00,0.000000E+00,2.111000E+01,4.949701E+01,2.388890E+01,4.757693E+01,3.679326E+03,2.310824E+03,1.248753E-01,2.037784E-01,0.000000E+00,0.000000E+00,0.000000E+00,0.000000E+00,0.000000E+00,0.000000E+00,0.000000E+00,0.000000E+00,2.110556E+01,4.030146E+01,2.388856E+01,4.885356E+01,2.227916E+03,1.688217E+03,7.561399E-02,1.488762E-01,0.000000E+00,0.000000E+00,0.000000E+00,0.000000E+00,0.000000E+00,0.000000E+00,0.000000E+00,0.000000E+00,2.110522E+01,3.963362E+01,2.388839E+01,4.823053E+01,3.745486E+03,2.454940E+03,1.271200E-01,2.164883E-01,0.000000E+00,0.000000E+00,0.000000E+00,0.000000E+00,0.000000E+00,0.000000E+00,0.000000E+00,0.000000E+00,2.110540E+01,4.011480E+01,2.388852E+01,4.867780E+01,2.253784E+03,1.445908E+03,7.649189E-02,1.275064E-01,0.000000E+00,0.000000E+00,0.000000E+00,0.000000E+00,0.000000E+00,0.000000E+00,0.000000E+00,0.000000E+00,2.110521E+01,3.971542E+01,2.388856E+01,4.873880E+01
07:20:00,9.361280E+02,3.238687E+03,3.177681E-02,2.855895E-01,0.000000E+00,0.000000E+00,0.000000E+00,0.000000E+00,0.000000E+00,0.000000E+00,0.000000E+00,0.000000E+00,2.111000E+01,4.949701E+01,2.388915E+01,4.757423E+01,3.679341E+03,2.330808E+03,1.248758E-01,2.055388E-01,0.000000E+00,0.000000E+00,0.000000E+00,0.000000E+00,0.000000E+00,0.000000E+00,0.000000E+00,0.000000E+00,2.110556E+01,4.030149E+01,2.388888E+01,4.882618E+01,2.227924E+03,1.759565E+03,7.561425E-02,1.551666E-01,0.000000E+00,0.000000E+00,0.000000E+00,0.000000E+00,0.000000E+00,0.000000E+00,0.000000E+00,0.000000E+00,2.110522E+01,3.963364E+01,2.388876E+01,4.808740E+01,3.745500E+03,2.487431E+03,1.271205E-01,2.193514E-01,0.000000E+00,0.000000E+00,0.000000E+00,0.000000E+00,0.000000E+00,0.000000E+00,0.000000E+00,0.000000E+00,2.110540E+01,4.011482E+01,2.388886E+01,4.862970E+01,2.253791E+03,1.454812E+03,7.649216E-02,1.282904E-01,0.000000E+00,0.000000E+00,0.000000E+00,0.000000E+00,0.000000E+00,0.000000E+00,0.000000E+00,0.000000E+00,2.110521E+01,3.971545E+01,2.388888E+01,4.872100E+01
07:30:00,9.361692E+02,3.242467E+03,3.177821E-02,2.859207E-01,0.000000E+00,0.000000E+00,0.000000E+00,0.000000E+00,0.000000E+00,0.000000E+00,0.000000E+00,0.000000E+00,2.111000E+01,4.949701E+01,2.388916E+01,4.757127E+01,3.679355E+03,2.353070E+03,1.248763E-01,2.075001E-01,0.000000E+00,0.000000E+00,0.000000E+00,0.000000E+00,0.000000E+00,0.000000E+00,0.000000E+00,0.000000E+00,2.110556E+01,4.030152E+01,2.388889E+01,4.879389E+01,2.227932E+03,1.831382E+03,7.561452E-02,1.614982E-01,0.000000E+00,0.000000E+00,0.000000E+00,0.000000E+00,0.000000E+00,0.000000E+00,0.000000E+00,0.000000E+00,2.110522E+01,3.963367E+01,2.388880E+01,4.793698E+01,3.745515E+03,2.515339E+03,1.271210E-01,2.218103E-01,0.000000E+00,0.000000E+00,0.000000E+00,0.000000E+00,0.000000E+00,0.000000E+00,0.000000E+00,0.000000E+00,2.110540E+01,4.011485E+01,2.388888E+01,4.858448E+01,2.253799E+03,1.464839E+03,7.649242E-02,1.291734E-01,0.000000E+00,0.000000E+00,0.000000E+00,0.000000E+00,0.000000E+00,0.000000E+00,0.000000E+00,0.000000E+00,2.110521E+01,3.971547E+01,2.388888E+01,4.870045E+01
07:40:00,9.362101E+02,3.246635E+03,3.177960E-02,2.862862E-01,0.000000E+00,0.000000E+00,0.000000E+00,0.000000E+00,0.000000E+00,0.000000E+00,0.000000E+00,0.000000E+00,2.111000E+01,4.949701E+01,2.388916E+01,4.756787E+01,3.679369E+03,2.377409E+03,1.248768E-01,2.096445E-01,0.000000E+00,0.000000E+00,0.000000E+00,0.000000E+00,0.000000E+00,0.000000E+00,0.000000E+00,0.000000E+00,2.110556E+01,4.030155E+01,2.388889E+01,4.876000E+01,2.227939E+03,1.902326E+03,7.561478E-02,1.677525E-01,0.000000E+00,0.000000E+00,0.000000E+00,0.000000E+00,0.000000E+00,0.000000E+00,0.000000E+00,0.000000E+00,2.110522E+01,3.963369E+01,2.388882E+01,4.780299E+01,3.745529E+03,2.538456E+03,1.271215E-01,2.238466E-01,0.000000E+00,0.000000E+00,0.000000E+00,0.000000E+00,0.000000E+00,0.000000E+00,0.000000E+00,0.000000E+00,2.110540E+01,4.011488E+01,2.388888E+01,4.854992E+01,2.253807E+03,1.475908E+03,7.649268E-02,1.301484E-01,0.000000E+00,0.000000E+00,0.000000E+00,0.000000E+00,0.000000E+00,0.000000E+00,0.000000E+00,0.000000E+00,2.110521E+01,3.971550E+01,2.388888E+01,4.867887E+01
07:50:00,9.362508E+02,3.250963E+03,3.178098E-02,2.866657E-01,0.000000E+00,0.000000E+00,0.000000E+00,0.000000E+00,0.000000E+00,0.000000E+00,0.000000E+00,0.000000E+00,2.111000E+01,4.949701E+01,2.388916E+01,4.756417E+01,3.679384E+03,2.403669E+03,1.248773E-01,2.119582E-01,0.000000E+00,0.000000E+00,0.000000E+00,0.000000E+00,0.000000E+00,0.000000E+00,0.000000E+00,0.000000E+00,2.110556E+01,4.030157E+01,2.388888E+01,4.872471E+01,2.227947E+03,1.971465E+03,7.561504E-02,1.738476E-01,0.000000E+00,0.000000E+00,0.000000E+00,0.000000E+00,0.000000E+00,0.000000E+00,0.000000E+00,0.000000E+00,2.110522E+01,3.963372E+01,2.388883E+01,4.768482E+01,3.745544E+03,2.556878E+03,1.271220E-01,2.254689E-01,0.000000E+00,0.000000E+00,0.000000E+00,0.000000E+00,0.000000E+00,0.000000E+00,0.000000E+00,0.000000E+00,2.110540E+01,4.011490E+01,2.388889E+01,4.852513E+01,2.253815E+03,1.487983E+03,7.649294E-02,1.312120E-01,0.000000E+00,0.000000E+00,0.000000E+00,0.000000E+00,0.000000E+00,0.000000E+00,0.000000E+00,0.000000E+00,2.110521E+01,3.971552E+01,2.388888E+01,4.865625E+01
08:00:00,9.362911E+02,3.255262E+03,3.178235E-02,2.870428E-01,0.000000E+00,0.000000E+00,0.000000E+00,0.000000E+00,0.000000E+00,0.000000E+00,0.000000E+00,0.000000E+00,2.111000E+01,4.949701E+01,2.388916E+01,4.756037E+01,3.679398E+03,2.431228E+03,1.248778E-01,2.143865E-01,0.000000E+00,0.000000E+00,0.000000E+00,0.000000E+00,0.000000E+00,0.000000E+00,0.000000E+00,0.000000E+00,2.110556E+01,4.030160E+01,2.388888E+01,4.868831E+01,2.227955E+03,2.034969E+03,7.561530E-02,1.794456E-01,0.000000E+00,0.000000E+00,0.000000E+00,0.000000E+00,0.000000E+00,0.000000E+00,0.000000E+00,0.000000E+00,2.110522E+01,3.963374E+01,2.388883E+01,4.758142E+01,3.745558E+03,2.569218E+03,1.271225E-01,2.265548E-01,0.000000E+00,0.000000E+00,0.000000E+00,0.000000E+00,0.000000E+00,0.000000E+00,0.000000E+00,0.000000E+00,2.110540E+01,4.011493E+01,2.388889E+01,4.850849E+01,2.253822E+03,1.500800E+03,7.649320E-02,1.323411E-01,0.000000E+00,0.000000E+00,0.000000E+00,0.000000E+00,0.000000E+00,0.000000E+00,0.000000E+00,0.000000E+00,2.110521E+01,3.971555E+01,2.388887E+01,4.863265E+01
08:10:00,9.363312E+02,3.259599E+03,3.178371E-02,2.874240E-01,0.000000E+00,0.000000E+00,0.000000E+00,0.000000E+00,0.000000E+00,0.000000E+00,0.000000E+00,0.000000E+00,2.111000E+01,4.949701E+01,2.388916E+01,4.755658E+01,3.679412E+03,2.459881E+03,1.248782E-01,2.169121E-01,0.000000E+00,0.000000E+00,0.000000E+00,0.000000E+00,0.000000E+00,0.000000E+00,0.000000E+00,0.000000E+00,2.110556E+01,4.030163E+01,2.388888E+01,4.865105E+01,2.227962E+03,2.094994E+03,7.561556E-02,1.847376E-01,0.000000E+00,0.000000E+00,0.000000E+00,0.000000E+00,0.000000E+00,0.000000E+00,0.000000E+00,0.000000E+00,2.110522E+01,3.963377E+01,2.388884E+01,4.749128E+01,3.745572E+03,2.579932E+03,1.271230E-01,2.274983E-01,0.000000E+00,0.000000E+00,0.000000E+00,0.000000E+00,0.000000E+00,0.000000E+00,0.000000E+00,0.000000E+00,2.110540E+01,4.011496E+01,2.388889E+01,4.849718E+01,2.253830E+03,1.514257E+03,7.649345E-02,1.335271E-01,0.000000E+00,0.000000E+00,0.000000E+00,0.000000E+00,0.000000E+00,0.000000E+00,0.000000E+00,0.000000E+00,2.110521E+01,3.971557E+01,2.388887E+01,4.860814E+01
08:20:00,9.363710E+02,3.263847E+03,3.178506E-02,2.877986E-01,0.000000E+00,0.000000E+00,0.000000E+00,0.000000E+00,0.000000E+00,0.000000E+00,0.000000E+00,0.000000E+00,2.111000E+01,4.949701E+01,2.388916E+01,4.755281E+01,3.679426E+03,2.489320E+03,1.248787E-01,2.195081E-01,0.000000E+00,0.000000E+00,0.000000E+00,0.000000E+00,0.000000E+00,0.000000E+00,0.000000E+00,0.000000E+00,2.110556E+01,4.030165E+01,2.388888E+01,4.861316E+01,2.227970E+03,2.151398E+03,7.561581E-02,1.897110E-01,0.000000E+00,0.000000E+00,0.000000E+00,0.000000E+00,0.000000E+00,0.000000E+00,0.000000E+00,0.000000E+00,2.110522E+01,3.963379E+01,2.388885E+01,4.741254E+01,3.745586E+03,2.591147E+03,1.271234E-01,2.284871E-01,0.000000E+00,0.000000E+00,0.000000E+00,0.000000E+00,0.000000E+00,0.000000E+00,0.000000E+00,0.000000E+00,2.110540E+01,4.011498E+01,2.388889E+01,4.848598E+01,2.253837E+03,1.528249E+03,7.649371E-02,1.347610E-01,0.000000E+00,0.000000E+00,0.000000E+00,0.000000E+00,0.000000E+00,0.000000E+00,0.000000E+00,0.000000E+00,2.110521E+01,3.971560E+01,2.388887E+01,4.858273E+01
08:30:00,9.364105E+02,3.268042E+03,3.178640E-02,2.881679E-01,0.000000E+00,0.000000E+00,0.000000E+00,0.000000E+00,0.000000E+00,0.000000E+00,0.000000E+00,0.000000E+00,2.111000E+01,4.949701E+01,2.388931E+01,4.754856E+01,3.679440E+03,2.519323E+03,1.248792E-01,2.221531E-01,0.000000E+00,0.000000E+00,0.000000E+00,0.000000E+00,0.000000E+00,0.000000E+00,0.000000E+00,0.000000E+00,2.110556E+01,4.030168E+01,2.388906E+01,4.857459E+01,2.227977E+03,2.204138E+03,7.561606E-02,1.943609E-01,0.000000E+00,0.000000E+00,0.000000E+00,0.000000E+00,0.000000E+00,0.000000E+00,0.000000E+00,0.000000E+00,2.110522E+01,3.963382E+01,2.388903E+01,4.734278E+01,3.745600E+03,2.604601E+03,1.271239E-01,2.296728E-01,0.000000E+00,0.000000E+00,0.000000E+00,0.000000E+00,0.000000E+00,0.000000E+00,0.000000E+00,0.000000E+00,2.110540E+01,4.011501E+01,2.388907E+01,4.847100E+01,2.253845E+03,1.542712E+03,7.649396E-02,1.360360E-01,0.000000E+00,0.000000E+00,0.000000E+00,0.000000E+00,0.000000E+00,0.000000E+00,0.000000E+00,0.000000E+00,2.110521E+01,3.971562E+01,2.388905E+01,4.855603E+01
08:40:00,9.364498E+02,3.272462E+03,3.178774E-02,2.885566E-01,0.000000E+00,0.000000E+00,0.000000E+00,0.000000E+00,0.000000E+00,0.000000E+00,0.000000E+00,0.000000E+00,2.111000E+01,4.949701E+01,2.388938E+01,4.754433E+01,3.679453E+03,2.550776E+03,1.248797E-01,2.249256E-01,0.000000E+00,0.000000E+00,0.000000E+00,0.000000E+00,0.000000E+00,0.000000E+00,0.000000E+00,0.000000E+00,2.110556E+01,4.030170E+01,2.388916E+01,4.853661E+01,2.227985E+03,2.255079E+03,7.561631E-02,1.988519E-01,0.000000E+00,0.000000E+00,0.000000E+00,0.000000E+00,0.000000E+00,0.000000E+00,0.000000E+00,0.000000E+00,2.110522E+01,3.963384E+01,2.388914E+01,4.728311E+01,3.745613E+03,2.622312E+03,1.271244E-01,2.312335E-01,0.000000E+00,0.000000E+00,0.000000E+00,0.000000E+00,0.000000E+00,0.000000E+00,0.000000E+00,0.000000E+00,2.110540E+01,4.011503E+01,2.388917E+01,4.845170E+01,2.253852E+03,1.558145E+03,7.649421E-02,1.373963E-01,0.000000E+00,0.000000E+00,0.000000E+00,0.000000E+00,0.000000E+00,0.000000E+00,0.000000E+00,0.000000E+00,2.110521E+01,3.971564E+01,2.388915E+01,4.852892E+01
08:50:00,9.364888E+02,3.277255E+03,3.178906E-02,2.889783E-01,0.000000E+00,0.000000E+00,0.000000E+00,0.000000E+00,0.000000E+00,0.000000E+00,0.000000E+00,0.000000E+00,2.111000E+01,4.949701E+01,2.388939E+01,4.753956E+01,3.679467E+03,2.582756E+03,1.248801E-01,2.277446E-01,0.000000E+00,0.000000E+00,0.000000E+00,0.000000E+00,0.000000E+00,0.000000E+00,0.000000E+00,0.000000E+00,2.110556E+01,4.030173E+01,2.388916E+01,4.849411E+01,2.227992E+03,2.302832E+03,7.561656E-02,2.030618E-01,0.000000E+00,0.000000E+00,0.000000E+00,0.000000E+00,0.000000E+00,0.000000E+00,0.000000E+00,0.000000E+00,2.110522E+01,3.963386E+01,2.388915E+01,4.722392E+01,3.745627E+03,2.644143E+03,1.271248E-01,2.331576E-01,0.000000E+00,0.000000E+00,0.000000E+00,0.000000E+00,0.000000E+00,0.000000E+00,0.000000E+00,0.000000E+00,2.110540E+01,4.011506E+01,2.388916E+01,4.842650E+01,2.253859E+03,1.574140E+03,7.649446E-02,1.388061E-01,0.000000E+00,0.000000E+00,0.000000E+00,0.000000E+00,0.000000E+00,0.000000E+00,0.000000E+00,0.000000E+00,2.110521E+01,3.971567E+01,2.388915E+01,4.849781E+01
09:00:00,9.365275E+02,3.282563E+03,3.179037E-02,2.894454E-01,0.000000E+00,0.000000E+00,0.000000E+00,0.000000E+00,0.000000E+00,0.000000E+00,0.000000E+00,0.000000E+00,2.111000E+01,4.949701E+01,2.388939E+01,4.753441E+01,3.679481E+03,2.615063E+03,1.248806E-01,2.305925E-01,0.000000E+00,0.000000E+00,0.000000E+00,0.000000E+00,0.000000E+00,0.000000E+00,0.000000E+00,0.000000E+00,2.110556E+01,4.030176E+01,2.388916E+01,4.845289E+01,2.227999E+03,2.347184E+03,7.561681E-02,2.069717E-01,0.000000E+00,0.000000E+00,0.000000E+00,0.000000E+00,0.000000E+00,0.000000E+00,0.000000E+00,0.000000E+00,2.110522E+01,3.963389E+01,2.388915E+01,4.717443E+01,3.745640E+03,2.670115E+03,1.271253E-01,2.354468E-01,0.000000E+00,0.000000E+00,0.000000E+00,0.000000E+00,0.000000E+00,0.000000E+00,0.000000E+00,0.000000E+00,2.110540E+01,4.011508E+01,2.388916E+01,4.839907E+01,2.253866E+03,1.590623E+03,7.649470E-02,1.402590E-01,0.000000E+00,0.000000E+00,0.000000E+00,0.000000E+00,0.000000E+00,0.000000E+00,0.000000E+00,0.000000E+00,2.110521E+01,3.971569E+01,2.388915E+01,4.846677E+01
09:10:00,9.365659E+02,3.288437E+03,3.179168E-02,2.899623E-01,0.000000E+00,0.000000E+00,0.000000E+00,0.000000E+00,0.000000E+00,0.000000E+00,0.000000E+00,0.000000E+00,2.111000E+01,4.949701E+01,2.388939E+01,4.752886E+01,3.679494E+03,2.647233E+03,1.248810E-01,2.334282E-01,0.000000E+00,0.000000E+00,0.000000E+00,0.000000E+00,0.000000E+00,0.000000E+00,0.000000E+00,0.000000E+00,2.110556E+01,4.030178E+01,2.388916E+01,4.841341E+01,2.228006E+03,2.387647E+03,7.561705E-02,2.105388E-01,0.000000E+00,0.000000E+00,0.000000E+00,0.000000E+00,0.000000E+00,0.000000E+00,0.000000E+00,0.000000E+00,2.110522E+01,3.963391E+01,2.388915E+01,4.713400E+01,3.745654E+03,2.697930E+03,1.271258E-01,2.378985E-01,0.000000E+00,0.000000E+00,0.000000E+00,0.000000E+00,0.000000E+00,0.000000E+00,0.000000E+00,0.000000E+00,2.110540E+01,4.011511E+01,2.388916E+01,4.837069E+01,2.253874E+03,1.607337E+03,7.649495E-02,1.417322E-01,0.000000E+00,0.000000E+00,0.000000E+00,0.000000E+00,0.000000E+00,0.000000E+00,0.000000E+00,0.000000E+00,2.110521E+01,3.971571E+01,2.388915E+01,4.843620E+01
09:20:00,9.366041E+02,3.294829E+03,3.179297E-02,2.905249E-01,0.000000E+00,0.000000E+00,0.000000E+00,0.000000E+00,0.000000E+00,0.000000E+00,0.000000E+00,0.000000E+00,2.111000E+01,4.949701E+01,2.388939E+01,4.752293E+01,3.679507E+03,2.679154E+03,1.248815E-01,2.362420E-01,0.000000E+00,0.000000E+00,0.000000E+00,0.000000E+00,0.000000E+00,0.000000E+00,0.000000E+00,0.000000E+00,2.110556E+01,4.030181E+01,2.388916E+01,4.837566E+01,2.228014E+03,2.424096E+03,7.561730E-02,2.137518E-01,0.000000E+00,0.000000E+00,0.000000E+00,0.000000E+00,0.000000E+00,0.000000E+00,0.000000E+00,0.000000E+00,2.110522E+01,3.963393E+01,2.388916E+01,4.710116E+01,3.745667E+03,2.726720E+03,1.271262E-01,2.404362E-01,0.000000E+00,0.000000E+00,0.000000E+00,0.000000E+00,0.000000E+00,0.000000E+00,0.000000E+00,0.000000E+00,2.110540E+01,4.011513E+01,2.388916E+01,4.834194E+01,2.253881E+03,1.624218E+03,7.649519E-02,1.432202E-01,0.000000E+00,0.000000E+00,0.000000E+00,0.000000E+00,0.000000E+00,0.000000E+00,0.000000E+00,0.000000E+00,2.110521E+01,3.971573E+01,2.388915E+01,4.840616E+01
09:30:00,9.366420E+02,3.301736E+03,3.179426E-02,2.911337E-01,0.000000E+00,0.000000E+00,0.000000E+00,0.000000E+00,0.000000E+00,0.000000E+00,0.000000E+00,0.000000E+00,2.111000E+01,4.949701E+01,2.388939E+01,4.751666E+01,3.679520E+03,2.710824E+03,1.248819E-01,2.390342E-01,0.000000E+00,0.000000E+00,0.000000E+00,0.000000E+00,0.000000E+00,0.000000E+00,0.000000E+00,0.000000E+00,2.110556E+01,4.030183E+01,2.388916E+01,4.833952E+01,2.228021E+03,2.456560E+03,7.561754E-02,2.166140E-01,0.000000E+00,0.000000E+00,0.000000E+00,0.000000E+00,0.000000E+00,0.000000E+00,0.000000E+00,0.000000E+00,2.110522E+01,3.963396E+01,2.388916E+01,4.707479E+01,3.745680E+03,2.755848E+03,1.271267E-01,2.430044E-01,0.000000E+00,0.000000E+00,0.000000E+00,0.000000E+00,0.000000E+00,0.000000E+00,0.000000E+00,0.000000E+00,2.110540E+01,4.011516E+01,2.388916E+01,4.831317E+01,2.253888E+03,1.641252E+03,7.649543E-02,1.447220E-01,0.000000E+00,0.000000E+00,0.000000E+00,0.000000E+00,0.000000E+00,0.000000E+00,0.000000E+00,0.000000E+00,2.110521E+01,3.971576E+01,2.388915E+01,4.837663E+01
09:40:00,9.366797E+02,3.308972E+03,3.179554E-02,2.917717E-01,0.000000E+00,0.000000E+00,0.000000E+00,0.000000E+00,0.000000E+00,0.000000E+00,0.000000E+00,0.000000E+00,2.111000E+01,4.949701E+01,2.388939E+01,4.751011E+01,3.679534E+03,2.741199E+03,1.248824E-01,2.417126E-01,0.000000E+00,0.000000E+00,0.000000E+00,0.000000E+00,0.000000E+00,0.000000E+00,0.000000E+00,0.000000E+00,2.110556E+01,4.030186E+01,2.388916E+01,4.830484E+01,2.228028E+03,2.481829E+03,7.561778E-02,2.188422E-01,0.000000E+00,0.000000E+00,0.000000E+00,0.000000E+00,0.000000E+00,0.000000E+00,0.000000E+00,0.000000E+00,2.110522E+01,3.963398E+01,2.388916E+01,4.705504E+01,3.745693E+03,2.784105E+03,1.271271E-01,2.454960E-01,0.000000E+00,0.000000E+00,0.000000E+00,0.000000E+00,0.000000E+00,0.000000E+00,0.000000E+00,0.000000E+00,2.110540E+01,4.011518E+01,2.388915E+01,4.828459E+01,2.253895E+03,1.657878E+03,7.649566E-02,1.461880E-01,0.000000E+00,0.000000E+00,0.000000E+00,0.000000E+00,0.000000E+00,0.000000E+00,0.000000E+00,0.000000E+00,2.110521E+01,3.971578E+01,2.388914E+01,4.834760E+01
09:50:00,9.367171E+02,3.316466E+03,3.179681E-02,2.924325E-01,0.000000E+00,0.000000E+00,0.000000E+00,0.000000E+00,0.000000E+00,0.000000E+00,0.000000E+00,0.000000E+00,2.111000E+01,4.949701E+01,2.388939E+01,4.750333E+01,3.679546E+03,2.771079E+03,1.248828E-01,2.443474E-01,0.000000E+00,0.000000E+00,0.000000E+00,0.000000E+00,0.000000E+00,0.000000E+00,0.000000E+00,0.000000E+00,2.110556E+01,4.030188E+01,2.388916E+01,4.827147E+01,2.228035E+03,2.500316E+03,7.561801E-02,2.204722E-01,0.000000E+00,0.000000E+00,0.000000E+00,0.000000E+00,0.000000E+00,0.000000E+00,0.000000E+00,0.000000E+00,2.110522E+01,3.963400E+01,2.388916E+01,4.704390E+01,3.745706E+03,2.812042E+03,1.271275E-01,2.479596E-01,0.000000E+00,0.000000E+00,0.000000E+00,0.000000E+00,0.000000E+00,0.000000E+00,0.000000E+00,0.000000E+00,2.110540E+01,4.011521E+01,2.388915E+01,4.825638E+01,2.253902E+03,1.674425E+03,7.649590E-02,1.476471E-01,0.000000E+00,0.000000E+00,0.000000E+00,0.000000E+00,0.000000E+00,0.000000E+00,0.000000E+00,0.000000E+00,2.110521E+01,3.971580E+01,2.388914E+01,4.831908E+01
10:00:00,9.367542E+02,3.324214E+03,3.179807E-02,2.931162E-01,0.000000E+00,0.000000E+00,0.000000E+00,0.000000E+00,0.000000E+00,0.000000E+00,0.000000E+00,0.000000E+00,2.111000E+01,4.949701E+01,2.388928E+01,4.749865E+01,3.679559E+03,2.800564E+03,1.248833E-01,2.469479E-01,0.000000E+00,0.000000E+00,0.000000E+00,0.000000E+00,0.000000E+00,0.000000E+00,0.000000E+00,0.000000E+00,2.110556E+01,4.030190E+01,2.388902E+01,4.824864E+01,2.228042E+03,2.511966E+03,7.561825E-02,2.214999E-01,0.000000E+00,0.000000E+00,0.000000E+00,0.000000E+00,0.000000E+00,0.000000E+00,0.000000E+00,0.000000E+00,2.110522E+01,3.963402E+01,2.388904E+01,4.704169E+01,3.745719E+03,2.839765E+03,1.271280E-01,2.504046E-01,0.000000E+00,0.000000E+00,0.000000E+00,0.000000E+00,0.000000E+00,0.000000E+00,0.000000E+00,0.000000E+00,2.110540E+01,4.011523E+01,2.388901E+01,4.823683E+01,2.253909E+03,1.690934E+03,7.649613E-02,1.491032E-01,0.000000E+00,0.000000E+00,0.000000E+00,0.000000E+00,0.000000E+00,0.000000E+00,0.000000E+00,0.000000E+00,2.110521E+01,3.971582E+01,2.388900E+01,4.829933E+01
10:10:00,9.367911E+02,3.332075E+03,3.179932E-02,2.938103E-01,0.000000E+00,0.000000E+00,0.000000E+00,0.000000E+00,0.000000E+00,0.000000E+00,0.000000E+00,0.000000E+00,2.111000E+01,4.949701E+01,2.388916E+01,4.749230E+01,3.679572E+03,2.829558E+03,1.248837E-01,2.495057E-01,0.000000E+00,0.000000E+00,0.000000E+00,0.000000E+00,0.000000E+00,0.000000E+00,0.000000E+00,0.000000E+00,2.110556E+01,4.030193E+01,2.388886E+01,4.821957E+01,2.228049E+03,2.516601E+03,7.561848E-02,2.219094E-01,0.000000E+00,0.000000E+00,0.000000E+00,0.000000E+00,0.000000E+00,0.000000E+00,0.000000E+00,0.000000E+00,2.110522E+01,3.963405E+01,2.388890E+01,4.704622E+01,3.745732E+03,2.867112E+03,1.271284E-01,2.528173E-01,0.000000E+00,0.000000E+00,0.000000E+00,0.000000E+00,0.000000E+00,0.000000E+00,0.000000E+00,0.000000E+00,2.110540E+01,4.011526E+01,2.388885E+01,4.821154E+01,2.253916E+03,1.707312E+03,7.649637E-02,1.505481E-01,0.000000E+00,0.000000E+00,0.000000E+00,0.000000E+00,0.000000E+00,0.000000E+00,0.000000E+00,0.000000E+00,2.110521E+01,3.971585E+01,2.388884E+01,4.827374E+01
10:20:00,9.368277E+02,3.339990E+03,3.180056E-02,2.945092E-01,0.000000E+00,0.000000E+00,0.000000E+00,0.000000E+00,0.000000E+00,0.000000E+00,0.000000E+00,0.000000E+00,2.111000E+01,4.949701E+01,2.388916E+01,4.748471E+01,3.679585E+03,2.858063E+03,1.248841E-01,2.520204E-01,0.000000E+00,0.000000E+00,0.000000E+00,0.000000E+00,0.000000E+00,0.000000E+00,0.000000E+00,0.000000E+00,2.110556E+01,4.030195E+01,2.388886E+01,4.818770E+01,2.228055E+03,2.514100E+03,7.561871E-02,2.216898E-01,0.000000E+00,0.000000E+00,0.000000E+00,0.000000E+00,0.000000E+00,0.000000E+00,0.000000E+00,0.000000E+00,2.110522E+01,3.963407E+01,2.388889E+01,4.705777E+01,3.745745E+03,2.894027E+03,1.271288E-01,2.551918E-01,0.000000E+00,0.000000E+00,0.000000E+00,0.000000E+00,0.000000E+00,0.000000E+00,0.000000E+00,0.000000E+00,2.110540E+01,4.011528E+01,2.388885E+01,4.818349E+01,2.253922E+03,1.723520E+03,7.649660E-02,1.519780E-01,0.000000E+00,0.000000E+00,0.000000E+00,0.000000E+00,0.000000E+00,0.000000E+00,0.000000E+00,0.000000E+00,2.110521E+01,3.971587E+01,2.388884E+01,4.824527E+01
10:30:00,9.368641E+02,3.347924E+03,3.180180E-02,2.952098E-01,0.000000E+00,0.000000E+00,0.000000E+00,0.000000E+00,0.000000E+00,0.000000E+00,0.000000E+00,0.000000E+00,2.111000E+01,4.949701E+01,2.388916E+01,4.747720E+01,3.679597E+03,2.886083E+03,1.248845E-01,2.544923E-01,0.000000E+00,0.000000E+00,0.000000E+00,0.000000E+00,0.000000E+00,0.000000E+00,0.000000E+00,0.000000E+00,2.110556E+01,4.030198E+01,2.388886E+01,4.815770E+01,2.228062E+03,2.504361E+03,7.561894E-02,2.208318E-01,0.000000E+00,0.000000E+00,0.000000E+00,0.000000E+00,0.000000E+00,0.000000E+00,0.000000E+00,0.000000E+00,2.110522E+01,3.963409E+01,2.388889E+01,4.707538E+01,3.745757E+03,2.920476E+03,1.271293E-01,2.575252E-01,0.000000E+00,0.000000E+00,0.000000E+00,0.000000E+00,0.000000E+00,0.000000E+00,0.000000E+00,0.000000E+00,2.110540E+01,4.011530E+01,2.388885E+01,4.815691E+01,2.253929E+03,1.739530E+03,7.649683E-02,1.533905E-01,0.000000E+00,0.000000E+00,0.000000E+00,0.000000E+00,0.000000E+00,0.000000E+00,0.000000E+00,0.000000E+00,2.110521E+01,3.971589E+01,2.388884E+01,4.821817E+01
10:40:00,9.369002E+02,3.355839E+03,3.180302E-02,2.959087E-01,0.000000E+00,0.000000E+00,0.000000E+00,0.000000E+00,0.000000E+00,0.000000E+00,0.000000E+00,0.000000E+00,2.111000E+01,4.949701E+01,2.388916E+01,4.746980E+01,3.679610E+03,2.913594E+03,1.248850E-01,2.569193E-01,0.000000E+00,0.000000E+00,0.000000E+00,0.000000E+00,0.000000E+00,0.000000E+00,0.000000E+00,0.000000E+00,2.110556E+01,4.030200E+01,2.388886E+01,4.812923E+01,2.228069E+03,2.488692E+03,7.561917E-02,2.194511E-01,0.000000E+00,0.000000E+00,0.000000E+00,0.000000E+00,0.000000E+00,0.000000E+00,0.000000E+00,0.000000E+00,2.110522E+01,3.963411E+01,2.388889E+01,4.709855E+01,3.745770E+03,2.946420E+03,1.271297E-01,2.598142E-01,0.000000E+00,0.000000E+00,0.000000E+00,0.000000E+00,0.000000E+00,0.000000E+00,0.000000E+00,0.000000E+00,2.110540E+01,4.011533E+01,2.388885E+01,4.813158E+01,2.253936E+03,1.755313E+03,7.649705E-02,1.547829E-01,0.000000E+00,0.000000E+00,0.000000E+00,0.000000E+00,0.000000E+00,0.000000E+00,0.000000E+00,0.000000E+00,2.110521E+01,3.971591E+01,2.388883E+01,4.819222E+01
10:50:00,9.369360E+02,3.363704E+03,3.180424E-02,2.966032E-01,0.000000E+00,0.000000E+00,0.000000E+00,0.000000E+00,0.000000E+00,0.000000E+00,0.000000E+00,0.000000E+00,2.111000E+01,4.949701E+01,2.388916E+01,4.746250E+01,3.679622E+03,2.940532E+03,1.248854E-01,2.592959E-01,0.000000E+00,0.000000E+00,0.000000E+00,0.000000E+00,0.000000E+00,0.000000E+00,0.000000E+00,0.000000E+00,2.110556E+01,4.030202E+01,2.388885E+01,4.810207E+01,2.228075E+03,2.468138E+03,7.561940E-02,2.176395E-01,0.000000E+00,0.000000E+00,0.000000E+00,0.000000E+00,0.000000E+00,0.000000E+00,0.000000E+00,0.000000E+00,2.110522E+01,3.963413E+01,2.388889E+01,4.712713E+01,3.745782E+03,2.971836E+03,1.271301E-01,2.620565E-01,0.000000E+00,0.000000E+00,0.000000E+00,0.000000E+00,0.000000E+00,0.000000E+00,0.000000E+00,0.000000E+00,2.110540E+01,4.011535E+01,2.388884E+01,4.810733E+01,2.253942E+03,1.770841E+03,7.649728E-02,1.561529E-01,0.000000E+00,0.000000E+00,0.000000E+00,0.000000E+00,0.000000E+00,0.000000E+00,0.000000E+00,0.000000E+00,2.110521E+01,3.971593E+01,2.388883E+01,4.816728E+01
11:00:00,9.369717E+02,3.371427E+03,3.180545E-02,2.972847E-01,0.000000E+00,0.000000E+00,0.000000E+00,0.000000E+00,0.000000E+00,0.000000E+00,0.000000E+00,0.000000E+00,2.111000E+01,4.949701E+01,2.388916E+01,4.745530E+01,3.679635E+03,2.966827E+03,1.248858E-01,2.616152E-01,0.000000E+00,0.000000E+00,0.000000E+00,0.000000E+00,0.000000E+00,0.000000E+00,0.000000E+00,0.000000E+00,2.110556E+01,4.030205E+01,2.388885E+01,4.807612E+01,2.228082E+03,2.442954E+03,7.561962E-02,2.154193E-01,0.000000E+00,0.000000E+00,0.000000E+00,0.000000E+00,0.000000E+00,0.000000E+00,0.000000E+00,0.000000E+00,2.110522E+01,3.963416E+01,2.388890E+01,4.716101E+01,3.745795E+03,2.996630E+03,1.271305E-01,2.642434E-01,0.000000E+00,0.000000E+00,0.000000E+00,0.000000E+00,0.000000E+00,0.000000E+00,0.000000E+00,0.000000E+00,2.110540E+01,4.011537E+01,2.388884E+01,4.808408E+01,2.253949E+03,1.786043E+03,7.649750E-02,1.574938E-01,0.000000E+00,0.000000E+00,0.000000E+00,0.000000E+00,0.000000E+00,0.000000E+00,0.000000E+00,0.000000E+00,2.110521E+01,3.971595E+01,2.388883E+01,4.814328E+01
11:10:00,9.370070E+02,3.379070E+03,3.180665E-02,2.979587E-01,0.000000E+00,0.000000E+00,0.000000E+00,0.000000E+00,0.000000E+00,0.000000E+00,0.000000E+00,0.000000E+00,2.111000E+01,4.949701E+01,2.388916E+01,4.744821E+01,3.679647E+03,2.992384E+03,1.248862E-01,2.638689E-01,0.000000E+00,0.000000E+00,0.000000E+00,0.000000E+00,0.000000E+00,0.000000E+00,0.000000E+00,0.000000E+00,2.110556E+01,4.030207E+01,2.388885E+01,4.805128E+01,2.228089E+03,2.413312E+03,7.561984E-02,2.128054E-01,0.000000E+00,0.000000E+00,0.000000E+00,0.000000E+00,0.000000E+00,0.000000E+00,0.000000E+00,0.000000E+00,2.110522E+01,3.963418E+01,2.388890E+01,4.720009E+01,3.745807E+03,3.020548E+03,1.271309E-01,2.663526E-01,0.000000E+00,0.000000E+00,0.000000E+00,0.000000E+00,0.000000E+00,0.000000E+00,0.000000E+00,0.000000E+00,2.110540E+01,4.011540E+01,2.388884E+01,4.806180E+01,2.253955E+03,1.800757E+03,7.649772E-02,1.587913E-01,0.000000E+00,0.000000E+00,0.000000E+00,0.000000E+00,0.000000E+00,0.000000E+00,0.000000E+00,0.000000E+00,2.110521E+01,3.971597E+01,2.388883E+01,4.812022E+01
11:20:00,9.370422E+02,3.386624E+03,3.180784E-02,2.986248E-01,0.000000E+00,0.000000E+00,0.000000E+00,0.000000E+00,0.000000E+00,0.000000E+00,0.000000E+00,0.000000E+00,2.111000E+01,4.949701E+01,2.388916E+01,4.744124E+01,3.679659E+03,3.017354E+03,1.248866E-01,2.660707E-01,0.000000E+00,0.000000E+00,0.000000E+00,0.000000E+00,0.000000E+00,0.000000E+00,0.000000E+00,0.000000E+00,2.110556E+01,4.030209E+01,2.388885E+01,4.802746E+01,2.228095E+03,2.379556E+03,7.562006E-02,2.098288E-01,0.000000E+00,0.000000E+00,0.000000E+00,0.000000E+00,0.000000E+00,0.000000E+00,0.000000E+00,0.000000E+00,2.110522E+01,3.963420E+01,2.388890E+01,4.724428E+01,3.745819E+03,3.043561E+03,1.271314E-01,2.683819E-01,0.000000E+00,0.000000E+00,0.000000E+00,0.000000E+00,0.000000E+00,0.000000E+00,0.000000E+00,0.000000E+00,2.110540E+01,4.011542E+01,2.388884E+01,4.804068E+01,2.253962E+03,1.814967E+03,7.649794E-02,1.600444E-01,0.000000E+00,0.000000E+00,0.000000E+00,0.000000E+00,0.000000E+00,0.000000E+00,0.000000E+00,0.000000E+00,2.110521E+01,3.971599E+01,2.388883E+01,4.809826E+01
11:30:00,9.370770E+02,3.394063E+03,3.180903E-02,2.992807E-01,0.000000E+00,0.000000E+00,0.000000E+00,0.000000E+00,0.000000E+00,0.000000E+00,0.000000E+00,0.000000E+00,2.111000E+01,4.949701E+01,2.388916E+01,4.743440E+01,3.679671E+03,3.041697E+03,1.248870E-01,2.682173E-01,0.000000E+00,0.000000E+00,0.000000E+00,0.000000E+00,0.000000E+00,0.000000E+00,0.000000E+00,0.000000E+00,2.110556E+01,4.030211E+01,2.388885E+01,4.800436E+01,2.228102E+03,2.342059E+03,7.562028E-02,2.065224E-01,0.000000E+00,0.000000E+00,0.000000E+00,0.000000E+00,0.000000E+00,0.000000E+00,0.000000E+00,0.000000E+00,2.110522E+01,3.963422E+01,2.388890E+01,4.729344E+01,3.745831E+03,3.065625E+03,1.271318E-01,2.703275E-01,0.000000E+00,0.000000E+00,0.000000E+00,0.000000E+00,0.000000E+00,0.000000E+00,0.000000E+00,0.000000E+00,2.110540E+01,4.011544E+01,2.388884E+01,4.802073E+01,2.253968E+03,1.828645E+03,7.649816E-02,1.612505E-01,0.000000E+00,0.000000E+00,0.000000E+00,0.000000E+00,0.000000E+00,0.000000E+00,0.000000E+00,0.000000E+00,2.110521E+01,3.971601E+01,2.388883E+01,4.807739E+01
11:40:00,9.371117E+02,3.401374E+03,3.181020E-02,2.999254E-01,0.000000E+00,0.000000E+00,0.000000E+00,0.000000E+00,0.000000E+00,0.000000E+00,0.000000E+00,0.000000E+00,2.111000E+01,4.949701E+01,2.388916E+01,4.742770E+01,3.679683E+03,3.065375E+03,1.248874E-01,2.703053E-01,0.000000E+00,0.000000E+00,0.000000E+00,0.000000E+00,0.000000E+00,0.000000E+00,0.000000E+00,0.000000E+00,2.110556E+01,4.030214E+01,2.388885E+01,4.798195E+01,2.228108E+03,2.302515E+03,7.562050E-02,2.030353E-01,0.000000E+00,0.000000E+00,0.000000E+00,0.000000E+00,0.000000E+00,0.000000E+00,0.000000E+00,0.000000E+00,2.110522E+01,3.963424E+01,2.388890E+01,4.734685E+01,3.745843E+03,3.086708E+03,1.271322E-01,2.721867E-01,0.000000E+00,0.000000E+00,0.000000E+00,0.000000E+00,0.000000E+00,0.000000E+00,0.000000E+00,0.000000E+00,2.110540E+01,4.011546E+01,2.388884E+01,4.800185E+01,2.253975E+03,1.841769E+03,7.649838E-02,1.624078E-01,0.000000E+00,0.000000E+00,0.000000E+00,0.000000E+00,0.000000E+00,0.000000E+00,0.000000E+00,0.000000E+00,2.110521E+01,3.971603E+01,2.388883E+01,4.805750E+01
11:50:00,9.371461E+02,3.408556E+03,3.181137E-02,3.005587E-01,0.000000E+00,0.000000E+00,0.000000E+00,0.000000E+00,0.000000E+00,0.000000E+00,0.000000E+00,0.000000E+00,2.111000E+01,4.949701E+01,2.388916E+01,4.742114E+01,3.679695E+03,3.088364E+03,1.248878E-01,2.723324E-01,0.000000E+00,0.000000E+00,0.000000E+00,0.000000E+00,0.000000E+00,0.000000E+00,0.000000E+00,0.000000E+00,2.110556E+01,4.030216E+01,2.388885E+01,4.796033E+01,2.228114E+03,2.266723E+03,7.562072E-02,1.998792E-01,0.000000E+00,0.000000E+00,0.000000E+00,0.000000E+00,0.000000E+00,0.000000E+00,0.000000E+00,0.000000E+00,2.110522E+01,3.963426E+01,2.388889E+01,4.739955E+01,3.745855E+03,3.106793E+03,1.271326E-01,2.739578E-01,0.000000E+00,0.000000E+00,0.000000E+00,0.000000E+00,0.000000E+00,0.000000E+00,0.000000E+00,0.000000E+00,2.110540E+01,4.011549E+01,2.388884E+01,4.798394E+01,2.253981E+03,1.854327E+03,7.649859E-02,1.635152E-01,0.000000E+00,0.000000E+00,0.000000E+00,0.000000E+00,0.000000E+00,0.000000E+00,0.000000E+00,0.000000E+00,2.110521E+01,3.971605E+01,2.388883E+01,4.803855E+01
12:00:00,9.371802E+02,3.415625E+03,3.181253E-02,3.011820E-01,0.000000E+00,0.000000E+00,0.000000E+00,0.000000E+00,0.000000E+00,0.000000E+00,0.000000E+00,0.000000E+00,2.111000E+01,4.949701E+01,2.388916E+01,4.741472E+01,3.679706E+03,3.110660E+03,1.248882E-01,2.742985E-01,0.000000E+00,0.000000E+00,0.000000E+00,0.000000E+00,0.000000E+00,0.000000E+00,0.000000E+00,0.000000E+00,2.110556E+01,4.030218E+01,2.388885E+01,4.793954E+01,2.228121E+03,2.235869E+03,7.562093E-02,1.971586E-01,0.000000E+00,0.000000E+00,0.000000E+00,0.000000E+00,0.000000E+00,0.000000E+00,0.000000E+00,0.000000E+00,2.110522E+01,3.963428E+01,2.388888E+01,4.744145E+01,3.745867E+03,3.125887E+03,1.271330E-01,2.756415E-01,0.000000E+00,0.000000E+00,0.000000E+00,0.000000E+00,0.000000E+00,0.000000E+00,0.000000E+00,0.000000E+00,2.110540E+01,4.011551E+01,2.388884E+01,4.796691E+01,2.253987E+03,1.866308E+03,7.649880E-02,1.645716E-01,0.000000E+00,0.000000E+00,0.000000E+00,0.000000E+00,0.000000E+00,0.000000E+00,0.000000E+00,0.000000E+00,2.110521E+01,3.971607E+01,2.388883E+01,4.802046E+01
12:10:00,9.372142E+02,3.422606E+03,3.181368E-02,3.017975E-01,0.000000E+00,0.000000E+00,0.000000E+00,0.000000E+00,0.000000E+00,0.000000E+00,0.000000E+00,0.000000E+00,2.111000E+01,4.949701E+01,2.388916E+01,4.740841E+01,3.679718E+03,3.132405E+03,1.248886E-01,2.762160E-01,0.000000E+00,0.000000E+00,0.000000E+00,0.000000E+00,0.000000E+00,0.000000E+00,0.000000E+00,0.000000E+00,2.110556E+01,4.030220E+01,2.388885E+01,4.791962E+01,2.228127E+03,2.210961E+03,7.562114E-02,1.949623E-01,0.000000E+00,0.000000E+00,0.000000E+00,0.000000E+00,0.000000E+00,0.000000E+00,0.000000E+00,0.000000E+00,2.110522E+01,3.963430E+01,2.388887E+01,4.747153E+01,3.745878E+03,3.144322E+03,1.271334E-01,2.772672E-01,0.000000E+00,0.000000E+00,0.000000E+00,0.000000E+00,0.000000E+00,0.000000E+00,0.000000E+00,0.000000E+00,2.110540E+01,4.011553E+01,2.388884E+01,4.795066E+01,2.253994E+03,1.877891E+03,7.649901E-02,1.655930E-01,0.000000E+00,0.000000E+00,0.000000E+00,0.000000E+00,0.000000E+00,0.000000E+00,0.000000E+00,0.000000E+00,2.110521E+01,3.971609E+01,2.388883E+01,4.800319E+01
12:20:00,9.372479E+02,3.429522E+03,3.181483E-02,3.024074E-01,0.000000E+00,0.000000E+00,0.000000E+00,0.000000E+00,0.000000E+00,0.000000E+00,0.000000E+00,0.000000E+00,2.111000E+01,4.949701E+01,2.388916E+01,4.740218E+01,3.679730E+03,3.153436E+03,1.248890E-01,2.780705E-01,0.000000E+00,0.000000E+00,0.000000E+00,0.000000E+00,0.000000E+00,0.000000E+00,0.000000E+00,0.000000E+00,2.110556E+01,4.030222E+01,2.388885E+01,4.790060E+01,2.228133E+03,2.192660E+03,7.562135E-02,1.933485E-01,0.000000E+00,0.000000E+00,0.000000E+00,0.000000E+00,0.000000E+00,0.000000E+00,0.000000E+00,0.000000E+00,2.110522E+01,3.963432E+01,2.388887E+01,4.749361E+01,3.745890E+03,3.162162E+03,1.271338E-01,2.788402E-01,0.000000E+00,0.000000E+00,0.000000E+00,0.000000E+00,0.000000E+00,0.000000E+00,0.000000E+00,0.000000E+00,2.110540E+01,4.011555E+01,2.388884E+01,4.793517E+01,2.254000E+03,1.889086E+03,7.649922E-02,1.665803E-01,0.000000E+00,0.000000E+00,0.000000E+00,0.000000E+00,0.000000E+00,0.000000E+00,0.000000E+00,0.000000E+00,2.110521E+01,3.971611E+01,2.388883E+01,4.798676E+01
12:30:00,9.372813E+02,3.436395E+03,3.181596E-02,3.030134E-01,0.000000E+00,0.000000E+00,0.000000E+00,0.000000E+00,0.000000E+00,0.000000E+00,0.000000E+00,0.000000E+00,2.111000E+01,4.949701E+01,2.388916E+01,4.739601E+01,3.679741E+03,3.173771E+03,1.248894E-01,2.798637E-01,0.000000E+00,0.000000E+00,0.000000E+00,0.000000E+00,0.000000E+00,0.000000E+00,0.000000E+00,0.000000E+00,2.110556E+01,4.030225E+01,2.388885E+01,4.788245E+01,2.228139E+03,2.181526E+03,7.562156E-02,1.923668E-01,0.000000E+00,0.000000E+00,0.000000E+00,0.000000E+00,0.000000E+00,0.000000E+00,0.000000E+00,0.000000E+00,2.110522E+01,3.963434E+01,2.388886E+01,4.751040E+01,3.745901E+03,3.179476E+03,1.271342E-01,2.803670E-01,0.000000E+00,0.000000E+00,0.000000E+00,0.000000E+00,0.000000E+00,0.000000E+00,0.000000E+00,0.000000E+00,2.110540E+01,4.011557E+01,2.388884E+01,4.792035E+01,2.254006E+03,1.899917E+03,7.649943E-02,1.675354E-01,0.000000E+00,0.000000E+00,0.000000E+00,0.000000E+00,0.000000E+00,0.000000E+00,0.000000E+00,0.000000E+00,2.110521E+01,3.971613E+01,2.388883E+01,4.797110E+01
12:40:00,9.373145E+02,3.443243E+03,3.181709E-02,3.036172E-01,0.000000E+00,0.000000E+00,0.000000E+00,0.000000E+00,0.000000E+00,0.000000E+00,0.000000E+00,0.000000E+00,2.111000E+01,4.949701E+01,2.388916E+01,4.738991E+01,3.679753E+03,3.193456E+03,1.248898E-01,2.815996E-01,0.000000E+00,0.000000E+00,0.000000E+00,0.000000E+00,0.000000E+00,0.000000E+00,0.000000E+00,0.000000E+00,2.110556E+01,4.030227E+01,2.388885E+01,4.786507E+01,2.228145E+03,2.176755E+03,7.562177E-02,1.919462E-01,0.000000E+00,0.000000E+00,0.000000E+00,0.000000E+00,0.000000E+00,0.000000E+00,0.000000E+00,0.000000E+00,2.110522E+01,3.963436E+01,2.388886E+01,4.752346E+01,3.745913E+03,3.196346E+03,1.271345E-01,2.818546E-01,0.000000E+00,0.000000E+00,0.000000E+00,0.000000E+00,0.000000E+00,0.000000E+00,0.000000E+00,0.000000E+00,2.110540E+01,4.011559E+01,2.388884E+01,4.790605E+01,2.254012E+03,1.910413E+03,7.649964E-02,1.684609E-01,0.000000E+00,0.000000E+00,0.000000E+00,0.000000E+00,0.000000E+00,0.000000E+00,0.000000E+00,0.000000E+00,2.110521E+01,3.971615E+01,2.388883E+01,4.795608E+01
12:50:00,9.373475E+02,3.450071E+03,3.181821E-02,3.042193E-01,0.000000E+00,0.000000E+00,0.000000E+00,0.000000E+00,0.000000E+00,0.000000E+00,0.000000E+00,0.000000E+00,2.111000E+01,4.949701E+01,2.388916E+01,4.738386E+01,3.679764E+03,3.212531E+03,1.248902E-01,2.832815E-01,0.000000E+00,0.000000E+00,0.000000E+00,0.000000E+00,0.000000E+00,0.000000E+00,0.000000E+00,0.000000E+00,2.110556E+01,4.030229E+01,2.388885E+01,4.784839E+01,2.228151E+03,2.173369E+03,7.562197E-02,1.916479E-01,0.000000E+00,0.000000E+00,0.000000E+00,0.000000E+00,0.000000E+00,0.000000E+00,0.000000E+00,0.000000E+00,2.110522E+01,3.963438E+01,2.388885E+01,4.753379E+01,3.745924E+03,3.212851E+03,1.271349E-01,2.833100E-01,0.000000E+00,0.000000E+00,0.000000E+00,0.000000E+00,0.000000E+00,0.000000E+00,0.000000E+00,0.000000E+00,2.110540E+01,4.011562E+01,2.388884E+01,4.789215E+01,2.254018E+03,1.920610E+03,7.649984E-02,1.693601E-01,0.000000E+00,0.000000E+00,0.000000E+00,0.000000E+00,0.000000E+00,0.000000E+00,0.000000E+00,0.000000E+00,2.110521E+01,3.971617E+01,2.388883E+01,4.794161E+01
13:00:00,9.373803E+02,3.456868E+03,3.181932E-02,3.048186E-01,0.000000E+00,0.000000E+00,0.000000E+00,0.000000E+00,0.000000E+00,0.000000E+00,0.000000E+00,0.000000E+00,2.111000E+01,4.949701E+01,2.388916E+01,4.737787E+01,3.679775E+03,3.231019E+03,1.248906E-01,2.849118E-01,0.000000E+00,0.000000E+00,0.000000E+00,0.000000E+00,0.000000E+00,0.000000E+00,0.000000E+00,0.000000E+00,2.110556E+01,4.030231E+01,2.388885E+01,4.783235E+01,2.228157E+03,2.170942E+03,7.562218E-02,1.914339E-01,0.000000E+00,0.000000E+00,0.000000E+00,0.000000E+00,0.000000E+00,0.000000E+00,0.000000E+00,0.000000E+00,2.110522E+01,3.963440E+01,2.388885E+01,4.754200E+01,3.745935E+03,3.229049E+03,1.271353E-01,2.847384E-01,0.000000E+00,0.000000E+00,0.000000E+00,0.000000E+00,0.000000E+00,0.000000E+00,0.000000E+00,0.000000E+00,2.110540E+01,4.011564E+01,2.388884E+01,4.787856E+01,2.254024E+03,1.930540E+03,7.650005E-02,1.702358E-01,0.000000E+00,0.000000E+00,0.000000E+00,0.000000E+00,0.000000E+00,0.000000E+00,0.000000E+00,0.000000E+00,2.110521E+01,3.971619E+01,2.388883E+01,4.792759E+01
13:10:00,9.374129E+02,3.463837E+03,3.182043E-02,3.054332E-01,0.000000E+00,0.000000E+00,0.000000E+00,0.000000E+00,0.000000E+00,0.000000E+00,0.000000E+00,0.000000E+00,2.111000E+01,4.949701E+01,2.388916E+01,4.737274E+01,3.679786E+03,3.249047E+03,1.248909E-01,2.865016E-01,0.000000E+00,0.000000E+00,0.000000E+00,0.000000E+00,0.000000E+00,0.000000E+00,0.000000E+00,0.000000E+00,2.110556E+01,4.030233E+01,2.388885E+01,4.781892E+01,2.228163E+03,2.169383E+03,7.562238E-02,1.912965E-01,0.000000E+00,0.000000E+00,0.000000E+00,0.000000E+00,0.000000E+00,0.000000E+00,0.000000E+00,0.000000E+00,2.110522E+01,3.963442E+01,2.388885E+01,4.754786E+01,3.745946E+03,3.245101E+03,1.271357E-01,2.861540E-01,0.000000E+00,0.000000E+00,0.000000E+00,0.000000E+00,0.000000E+00,0.000000E+00,0.000000E+00,0.000000E+00,2.110540E+01,4.011566E+01,2.388884E+01,4.786700E+01,2.254030E+03,1.940306E+03,7.650025E-02,1.710969E-01,0.000000E+00,0.000000E+00,0.000000E+00,0.000000E+00,0.000000E+00,0.000000E+00,0.000000E+00,0.000000E+00,2.110521E+01,3.971621E+01,2.388882E+01,4.791577E+01
13:20:00,9.374452E+02,3.470561E+03,3.182152E-02,3.060280E-01,0.000000E+00,0.000000E+00,0.000000E+00,0.000000E+00,0.000000E+00,0.000000E+00,0.000000E+00,0.000000E+00,2.111000E+01,4.949701E+01,2.388873E+01,4.736937E+01,3.679797E+03,3.266197E+03,1.248913E-01,2.880163E-01,0.000000E+00,0.000000E+00,0.000000E+00,0.000000E+00,0.000000E+00,0.000000E+00,0.000000E+00,0.000000E+00,2.110556E+01,4.030235E+01,2.388829E+01,4.780900E+01,2.228169E+03,2.168353E+03,7.562258E-02,1.912072E-01,0.000000E+00,0.000000E+00,0.000000E+00,0.000000E+00,0.000000E+00,0.000000E+00,0.000000E+00,0.000000E+00,2.110522E+01,3.963444E+01,2.388832E+01,4.755319E+01,3.745957E+03,3.260614E+03,1.271361E-01,2.875243E-01,0.000000E+00,0.000000E+00,0.000000E+00,0.000000E+00,0.000000E+00,0.000000E+00,0.000000E+00,0.000000E+00,2.110540E+01,4.011568E+01,2.388827E+01,4.785844E+01,2.254036E+03,1.949682E+03,7.650045E-02,1.719251E-01,0.000000E+00,0.000000E+00,0.000000E+00,0.000000E+00,0.000000E+00,0.000000E+00,0.000000E+00,0.000000E+00,2.110521E+01,3.971623E+01,2.388827E+01,4.790704E+01
13:30:00,9.374773E+02,3.477260E+03,3.182261E-02,3.066210E-01,0.000000E+00,0.000000E+00,0.000000E+00,0.000000E+00,0.000000E+00,0.000000E+00,0.000000E+00,0.000000E+00,2.111000E+01,4.949701E+01,2.388868E+01,4.736357E+01,3.679808E+03,3.282657E+03,1.248917E-01,2.894704E-01,0.000000E+00,0.000000E+00,0.000000E+00,0.000000E+00,0.000000E+00,0.000000E+00,0.000000E+00,0.000000E+00,2.110556E+01,4.030237E+01,2.388823E+01,4.779476E+01,2.228175E+03,2.167889E+03,7.562278E-02,1.911681E-01,0.000000E+00,0.000000E+00,0.000000E+00,0.000000E+00,0.000000E+00,0.000000E+00,0.000000E+00,0.000000E+00,2.110522E+01,3.963446E+01,2.388825E+01,4.755760E+01,3.745968E+03,3.275799E+03,1.271364E-01,2.888661E-01,0.000000E+00,0.000000E+00,0.000000E+00,0.000000E+00,0.000000E+00,0.000000E+00,0.000000E+00,0.000000E+00,2.110540E+01,4.011570E+01,2.388821E+01,4.784566E+01,2.254042E+03,1.958800E+03,7.650065E-02,1.727308E-01,0.000000E+00,0.000000E+00,0.000000E+00,0.000000E+00,0.000000E+00,0.000000E+00,0.000000E+00,0.000000E+00,2.110521E+01,3.971625E+01,2.388820E+01,4.789413E+01
13:40:00,9.375091E+02,3.483828E+03,3.182369E-02,3.072024E-01,0.000000E+00,0.000000E+00,0.000000E+00,0.000000E+00,0.000000E+00,0.000000E+00,0.000000E+00,0.000000E+00,2.111000E+01,4.949701E+01,2.388868E+01,4.735777E+01,3.679819E+03,3.298277E+03,1.248921E-01,2.908506E-01,0.000000E+00,0.000000E+00,0.000000E+00,0.000000E+00,0.000000E+00,0.000000E+00,0.000000E+00,0.000000E+00,2.110556E+01,4.030239E+01,2.388822E+01,4.778115E+01,2.228181E+03,2.167856E+03,7.562298E-02,1.911669E-01,0.000000E+00,0.000000E+00,0.000000E+00,0.000000E+00,0.000000E+00,0.000000E+00,0.000000E+00,0.000000E+00,2.110522E+01,3.963448E+01,2.388824E+01,4.756087E+01,3.745979E+03,3.290527E+03,1.271368E-01,2.901677E-01,0.000000E+00,0.000000E+00,0.000000E+00,0.000000E+00,0.000000E+00,0.000000E+00,0.000000E+00,0.000000E+00,2.110540E+01,4.011572E+01,2.388820E+01,4.783312E+01,2.254047E+03,1.967595E+03,7.650084E-02,1.735080E-01,0.000000E+00,0.000000E+00,0.000000E+00,0.000000E+00,0.000000E+00,0.000000E+00,0.000000E+00,0.000000E+00,2.110521E+01,3.971627E+01,2.388819E+01,4.788153E+01
13:50:00,9.375408E+02,3.490260E+03,3.182477E-02,3.077718E-01,0.000000E+00,0.000000E+00,0.000000E+00,0.000000E+00,0.000000E+00,0.000000E+00,0.000000E+00,0.000000E+00,2.111000E+01,4.949701E+01,2.388868E+01,4.735212E+01,3.679830E+03,3.312990E+03,1.248924E-01,2.921508E-01,0.000000E+00,0.000000E+00,0.000000E+00,0.000000E+00,0.000000E+00,0.000000E+00,0.000000E+00,0.000000E+00,2.110556E+01,4.030241E+01,2.388822E+01,4.776838E+01,2.228187E+03,2.168164E+03,7.562317E-02,1.911958E-01,0.000000E+00,0.000000E+00,0.000000E+00,0.000000E+00,0.000000E+00,0.000000E+00,0.000000E+00,0.000000E+00,2.110522E+01,3.963450E+01,2.388824E+01,4.756335E+01,3.745990E+03,3.304744E+03,1.271372E-01,2.914241E-01,0.000000E+00,0.000000E+00,0.000000E+00,0.000000E+00,0.000000E+00,0.000000E+00,0.000000E+00,0.000000E+00,2.110540E+01,4.011574E+01,2.388820E+01,4.782100E+01,2.254053E+03,1.976421E+03,7.650104E-02,1.742880E-01,0.000000E+00,0.000000E+00,0.000000E+00,0.000000E+00,0.000000E+00,0.000000E+00,0.000000E+00,0.000000E+00,2.110521E+01,3.971628E+01,2.388819E+01,4.786943E+01
14:00:00,9.375722E+02,3.496548E+03,3.182584E-02,3.083285E-01,0.000000E+00,0.000000E+00,0.000000E+00,0.000000E+00,0.000000E+00,0.000000E+00,0.000000E+00,0.000000E+00,2.111000E+01,4.949701E+01,2.388868E+01,4.734663E+01,3.679840E+03,3.326713E+03,1.248928E-01,2.933637E-01,0.000000E+00,0.000000E+00,0.000000E+00,0.000000E+00,0.000000E+00,0.000000E+00,0.000000E+00,0.000000E+00,2.110556E+01,4.030243E+01,2.388822E+01,4.775648E+01,2.228193E+03,2.168715E+03,7.562337E-02,1.912462E-01,0.000000E+00,0.000000E+00,0.000000E+00,0.000000E+00,0.000000E+00,0.000000E+00,0.000000E+00,0.000000E+00,2.110522E+01,3.963451E+01,2.388824E+01,4.756520E+01,3.746001E+03,3.318374E+03,1.271375E-01,2.926289E-01,0.000000E+00,0.000000E+00,0.000000E+00,0.000000E+00,0.000000E+00,0.000000E+00,0.000000E+00,0.000000E+00,2.110540E+01,4.011576E+01,2.388820E+01,4.780934E+01,2.254059E+03,1.990607E+03,7.650123E-02,1.755406E-01,0.000000E+00,0.000000E+00,0.000000E+00,0.000000E+00,0.000000E+00,0.000000E+00,0.000000E+00,0.000000E+00,2.110521E+01,3.971630E+01,2.388819E+01,4.785709E+01
14:10:00,9.376034E+02,3.502476E+03,3.182690E-02,3.088534E-01,0.000000E+00,0.000000E+00,0.000000E+00,0.000000E+00,0.000000E+00,0.000000E+00,0.000000E+00,0.000000E+00,2.111000E+01,4.949701E+01,2.388868E+01,4.734132E+01,3.679851E+03,3.338924E+03,1.248931E-01,2.944432E-01,0.000000E+00,0.000000E+00,0.000000E+00,0.000000E+00,0.000000E+00,0.000000E+00,0.000000E+00,0.000000E+00,2.110556E+01,4.030245E+01,2.388822E+01,4.774546E+01,2.228198E+03,2.169148E+03,7.562356E-02,1.912862E-01,0.000000E+00,0.000000E+00,0.000000E+00,0.000000E+00,0.000000E+00,0.000000E+00,0.000000E+00,0.000000E+00,2.110522E+01,3.963453E+01,2.388823E+01,4.756653E+01,3.746011E+03,3.330898E+03,1.271379E-01,2.937360E-01,0.000000E+00,0.000000E+00,0.000000E+00,0.000000E+00,0.000000E+00,0.000000E+00,0.000000E+00,0.000000E+00,2.110540E+01,4.011578E+01,2.388820E+01,4.779816E+01,2.254065E+03,2.011065E+03,7.650142E-02,1.773464E-01,0.000000E+00,0.000000E+00,0.000000E+00,0.000000E+00,0.000000E+00,0.000000E+00,0.000000E+00,0.000000E+00,2.110521E+01,3.971632E+01,2.388817E+01,4.783339E+01
14:20:00,9.376344E+02,3.508455E+03,3.182795E-02,3.093809E-01,0.000000E+00,0.000000E+00,0.000000E+00,0.000000E+00,0.000000E+00,0.000000E+00,0.000000E+00,0.000000E+00,2.111000E+01,4.949701E+01,2.388868E+01,4.733615E+01,3.679862E+03,3.349964E+03,1.248935E-01,2.954171E-01,0.000000E+00,0.000000E+00,0.000000E+00,0.000000E+00,0.000000E+00,0.000000E+00,0.000000E+00,0.000000E+00,2.110556E+01,4.030247E+01,2.388823E+01,4.773551E+01,2.228204E+03,2.169593E+03,7.562375E-02,1.913256E-01,0.000000E+00,0.000000E+00,0.000000E+00,0.000000E+00,0.000000E+00,0.000000E+00,0.000000E+00,0.000000E+00,2.110522E+01,3.963455E+01,2.388823E+01,4.756756E+01,3.746022E+03,3.342641E+03,1.271382E-01,2.947720E-01,0.000000E+00,0.000000E+00,0.000000E+00,0.000000E+00,0.000000E+00,0.000000E+00,0.000000E+00,0.000000E+00,2.110540E+01,4.011580E+01,2.388820E+01,4.778764E+01,2.254070E+03,2.038966E+03,7.650161E-02,1.798072E-01,0.000000E+00,0.000000E+00,0.000000E+00,0.000000E+00,0.000000E+00,0.000000E+00,0.000000E+00,0.000000E+00,2.110521E+01,3.971634E+01,2.388814E+01,4.779319E+01
14:30:00,9.376652E+02,3.514258E+03,3.182899E-02,3.098926E-01,0.000000E+00,0.000000E+00,0.000000E+00,0.000000E+00,0.000000E+00,0.000000E+00,0.000000E+00,0.000000E+00,2.111000E+01,4.949701E+01,2.388868E+01,4.733109E+01,3.679872E+03,3.359814E+03,1.248939E-01,2.962857E-01,0.000000E+00,0.000000E+00,0.000000E+00,0.000000E+00,0.000000E+00,0.000000E+00,0.000000E+00,0.000000E+00,2.110556E+01,4.030249E+01,2.388823E+01,4.772670E+01,2.228209E+03,2.169832E+03,7.562394E-02,1.913467E-01,0.000000E+00,0.000000E+00,0.000000E+00,0.000000E+00,0.000000E+00,0.000000E+00,0.000000E+00,0.000000E+00,2.110522E+01,3.963457E+01,2.388823E+01,4.756845E+01,3.746032E+03,3.353318E+03,1.271386E-01,2.957135E-01,0.000000E+00,0.000000E+00,0.000000E+00,0.000000E+00,0.000000E+00,0.000000E+00,0.000000E+00,0.000000E+00,2.110540E+01,4.011582E+01,2.388820E+01,4.777789E+01,2.254076E+03,2.074635E+03,7.650180E-02,1.829529E-01,0.000000E+00,0.000000E+00,0.000000E+00,0.000000E+00,0.000000E+00,0.000000E+00,0.000000E+00,0.000000E+00,2.110521E+01,3.971636E+01,2.388812E+01,4.773771E+01
14:40:00,9.376958E+02,3.519987E+03,3.183003E-02,3.103978E-01,0.000000E+00,0.000000E+00,0.000000E+00,0.000000E+00,0.000000E+00,0.000000E+00,0.000000E+00,0.000000E+00,2.111000E+01,4.949701E+01,2.388868E+01,4.732613E+01,3.679882E+03,3.368669E+03,1.248942E-01,2.970665E-01,0.000000E+00,0.000000E+00,0.000000E+00,0.000000E+00,0.000000E+00,0.000000E+00,0.000000E+00,0.000000E+00,2.110556E+01,4.030251E+01,2.388823E+01,4.771868E+01,2.228215E+03,2.169826E+03,7.562413E-02,1.913463E-01,0.000000E+00,0.000000E+00,0.000000E+00,0.000000E+00,0.000000E+00,0.000000E+00,0.000000E+00,0.000000E+00,2.110522E+01,3.963459E+01,2.388823E+01,4.756930E+01,3.746043E+03,3.362956E+03,1.271389E-01,2.965634E-01,0.000000E+00,0.000000E+00,0.000000E+00,0.000000E+00,0.000000E+00,0.000000E+00,0.000000E+00,0.000000E+00,2.110540E+01,4.011584E+01,2.388820E+01,4.776889E+01,2.254081E+03,2.118404E+03,7.650199E-02,1.868130E-01,0.000000E+00,0.000000E+00,0.000000E+00,0.000000E+00,0.000000E+00,0.000000E+00,0.000000E+00,0.000000E+00,2.110521E+01,3.971637E+01,2.388811E+01,4.767137E+01
14:50:00,9.377261E+02,3.525637E+03,3.183106E-02,3.108960E-01,0.000000E+00,0.000000E+00,0.000000E+00,0.000000E+00,0.000000E+00,0.000000E+00,0.000000E+00,0.000000E+00,2.111000E+01,4.949701E+01,2.388868E+01,4.732126E+01,3.679893E+03,3.376520E+03,1.248946E-01,2.977588E-01,0.000000E+00,0.000000E+00,0.000000E+00,0.000000E+00,0.000000E+00,0.000000E+00,0.000000E+00,0.000000E+00,2.110556E+01,4.030253E+01,2.388823E+01,4.771113E+01,2.228220E+03,2.169491E+03,7.562432E-02,1.913168E-01,0.000000E+00,0.000000E+00,0.000000E+00,0.000000E+00,0.000000E+00,0.000000E+00,0.000000E+00,0.000000E+00,2.110522E+01,3.963460E+01,2.388823E+01,4.757019E+01,3.746053E+03,3.371493E+03,1.271393E-01,2.973162E-01,0.000000E+00,0.000000E+00,0.000000E+00,0.000000E+00,0.000000E+00,0.000000E+00,0.000000E+00,0.000000E+00,2.110540E+01,4.011586E+01,2.388821E+01,4.776060E+01,2.254087E+03,2.170097E+03,7.650218E-02,1.913718E-01,0.000000E+00,0.000000E+00,0.000000E+00,0.000000E+00,0.000000E+00,0.000000E+00,0.000000E+00,0.000000E+00,2.110521E+01,3.971639E+01,2.388810E+01,4.759887E+01
15:00:00,9.377563E+02,3.531205E+03,3.183208E-02,3.113869E-01,0.000000E+00,0.000000E+00,0.000000E+00,0.000000E+00,0.000000E+00,0.000000E+00,0.000000E+00,0.000000E+00,2.111000E+01,4.949701E+01,2.388868E+01,4.731648E+01,3.679903E+03,3.383356E+03,1.248949E-01,2.983616E-01,0.000000E+00,0.000000E+00,0.000000E+00,0.000000E+00,0.000000E+00,0.000000E+00,0.000000E+00,0.000000E+00,2.110556E+01,4.030255E+01,2.388823E+01,4.770399E+01,2.228226E+03,2.168743E+03,7.562450E-02,1.912507E-01,0.000000E+00,0.000000E+00,0.000000E+00,0.000000E+00,0.000000E+00,0.000000E+00,0.000000E+00,0.000000E+00,2.110522E+01,3.963462E+01,2.388823E+01,4.757119E+01,3.746063E+03,3.378875E+03,1.271396E-01,2.979672E-01,0.000000E+00,0.000000E+00,0.000000E+00,0.000000E+00,0.000000E+00,0.000000E+00,0.000000E+00,0.000000E+00,2.110540E+01,4.011588E+01,2.388821E+01,4.775300E+01,2.254092E+03,2.224496E+03,7.650236E-02,1.961694E-01,0.000000E+00,0.000000E+00,0.000000E+00,0.000000E+00,0.000000E+00,0.000000E+00,0.000000E+00,0.000000E+00,2.110521E+01,3.971641E+01,2.388810E+01,4.752379E+01
15:10:00,9.377862E+02,3.536666E+03,3.183310E-02,3.118685E-01,0.000000E+00,0.000000E+00,0.000000E+00,0.000000E+00,0.000000E+00,0.000000E+00,0.000000E+00,0.000000E+00,2.111000E+01,4.949701E+01,2.388869E+01,4.731180E+01,3.679913E+03,3.389059E+03,1.248953E-01,2.988646E-01,0.000000E+00,0.000000E+00,0.000000E+00,0.000000E+00,0.000000E+00,0.000000E+00,0.000000E+00,0.000000E+00,2.110556E+01,4.030257E+01,2.388823E+01,4.769739E+01,2.228231E+03,2.167457E+03,7.562469E-02,1.911373E-01,0.000000E+00,0.000000E+00,0.000000E+00,0.000000E+00,0.000000E+00,0.000000E+00,0.000000E+00,0.000000E+00,2.110522E+01,3.963464E+01,2.388823E+01,4.757241E+01,3.746073E+03,3.384894E+03,1.271400E-01,2.984979E-01,0.000000E+00,0.000000E+00,0.000000E+00,0.000000E+00,0.000000E+00,0.000000E+00,0.000000E+00,0.000000E+00,2.110540E+01,4.011590E+01,2.388821E+01,4.774610E+01,2.254098E+03,2.280362E+03,7.650254E-02,2.010961E-01,0.000000E+00,0.000000E+00,0.000000E+00,0.000000E+00,0.000000E+00,0.000000E+00,0.000000E+00,0.000000E+00,2.110521E+01,3.971643E+01,2.388810E+01,4.744849E+01
15:20:00,9.378159E+02,3.541986E+03,3.183411E-02,3.123377E-01,0.000000E+00,0.000000E+00,0.000000E+00,0.000000E+00,0.000000E+00,0.000000E+00,0.000000E+00,0.000000E+00,2.111000E+01,4.949701E+01,2.388869E+01,4.730724E+01,3.679923E+03,3.393624E+03,1.248956E-01,2.992670E-01,0.000000E+00,0.000000E+00,0.000000E+00,0.000000E+00,0.000000E+00,0.000000E+00,0.000000E+00,0.000000E+00,2.110556E+01,4.030259E+01,2.388824E+01,4.769167E+01,2.228237E+03,2.165581E+03,7.562487E-02,1.909719E-01,0.000000E+00,0.000000E+00,0.000000E+00,0.000000E+00,0.000000E+00,0.000000E+00,0.000000E+00,0.000000E+00,2.110522E+01,3.963466E+01,2.388824E+01,4.757402E+01,3.746083E+03,3.389520E+03,1.271403E-01,2.989058E-01,0.000000E+00,0.000000E+00,0.000000E+00,0.000000E+00,0.000000E+00,0.000000E+00,0.000000E+00,0.000000E+00,2.110540E+01,4.011591E+01,2.388821E+01,4.774017E+01,2.254103E+03,2.336727E+03,7.650273E-02,2.060668E-01,0.000000E+00,0.000000E+00,0.000000E+00,0.000000E+00,0.000000E+00,0.000000E+00,0.000000E+00,0.000000E+00,2.110521E+01,3.971644E+01,2.388811E+01,4.737456E+01
15:30:00,9.378454E+02,3.547128E+03,3.183511E-02,3.127910E-01,0.000000E+00,0.000000E+00,0.000000E+00,0.000000E+00,0.000000E+00,0.000000E+00,0.000000E+00,0.000000E+00,2.111000E+01,4.949701E+01,2.388869E+01,4.730282E+01,3.679933E+03,3.396772E+03,1.248959E-01,2.995446E-01,0.000000E+00,0.000000E+00,0.000000E+00,0.000000E+00,0.000000E+00,0.000000E+00,0.000000E+00,0.000000E+00,2.110556E+01,4.030261E+01,2.388824E+01,4.768700E+01,2.228242E+03,2.163058E+03,7.562505E-02,1.907494E-01,0.000000E+00,0.000000E+00,0.000000E+00,0.000000E+00,0.000000E+00,0.000000E+00,0.000000E+00,0.000000E+00,2.110522E+01,3.963467E+01,2.388824E+01,4.757612E+01,3.746093E+03,3.392691E+03,1.271407E-01,2.991854E-01,0.000000E+00,0.000000E+00,0.000000E+00,0.000000E+00,0.000000E+00,0.000000E+00,0.000000E+00,0.000000E+00,2.110540E+01,4.011593E+01,2.388822E+01,4.773531E+01,2.254108E+03,2.393024E+03,7.650291E-02,2.110314E-01,0.000000E+00,0.000000E+00,0.000000E+00,0.000000E+00,0.000000E+00,0.000000E+00,0.000000E+00,0.000000E+00,2.110521E+01,3.971646E+01,2.388812E+01,4.730300E+01
15:40:00,9.378748E+02,3.552051E+03,3.183611E-02,3.132252E-01,0.000000E+00,0.000000E+00,0.000000E+00,0.000000E+00,0.000000E+00,0.000000E+00,0.000000E+00,0.000000E+00,2.111000E+01,4.949701E+01,2.388869E+01,4.729857E+01,3.679943E+03,3.398341E+03,1.248963E-01,2.996829E-01,0.000000E+00,0.000000E+00,0.000000E+00,0.000000E+00,0.000000E+00,0.000000E+00,0.000000E+00,0.000000E+00,2.110556E+01,4.030263E+01,2.388824E+01,4.768340E+01,2.228247E+03,2.159837E+03,7.562523E-02,1.904653E-01,0.000000E+00,0.000000E+00,0.000000E+00,0.000000E+00,0.000000E+00,0.000000E+00,0.000000E+00,0.000000E+00,2.110522E+01,3.963469E+01,2.388824E+01,4.757876E+01,3.746103E+03,3.394358E+03,1.271410E-01,2.993323E-01,0.000000E+00,0.000000E+00,0.000000E+00,0.000000E+00,0.000000E+00,0.000000E+00,0.000000E+00,0.000000E+00,2.110540E+01,4.011595E+01,2.388822E+01,4.773150E+01,2.254113E+03,2.448817E+03,7.650308E-02,2.159515E-01,0.000000E+00,0.000000E+00,0.000000E+00,0.000000E+00,0.000000E+00,0.000000E+00,0.000000E+00,0.000000E+00,2.110521E+01,3.971648E+01,2.388813E+01,4.723444E+01
15:50:00,9.379039E+02,3.556719E+03,3.183709E-02,3.136368E-01,0.000000E+00,0.000000E+00,0.000000E+00,0.000000E+00,0.000000E+00,0.000000E+00,0.000000E+00,0.000000E+00,2.111000E+01,4.949701E+01,2.388869E+01,4.729452E+01,3.679953E+03,3.398293E+03,1.248966E-01,2.996785E-01,0.000000E+00,0.000000E+00,0.000000E+00,0.000000E+00,0.000000E+00,0.000000E+00,0.000000E+00,0.000000E+00,2.110556E+01,4.030264E+01,2.388825E+01,4.768083E+01,2.228253E+03,2.155867E+03,7.562541E-02,1.901152E-01,0.000000E+00,0.000000E+00,0.000000E+00,0.000000E+00,0.000000E+00,0.000000E+00,0.000000E+00,0.000000E+00,2.110522E+01,3.963471E+01,2.388824E+01,4.758197E+01,3.746113E+03,3.394476E+03,1.271413E-01,2.993426E-01,0.000000E+00,0.000000E+00,0.000000E+00,0.000000E+00,0.000000E+00,0.000000E+00,0.000000E+00,0.000000E+00,2.110540E+01,4.011597E+01,2.388822E+01,4.772868E+01,2.254119E+03,2.503694E+03,7.650326E-02,2.207908E-01,0.000000E+00,0.000000E+00,0.000000E+00,0.000000E+00,0.000000E+00,0.000000E+00,0.000000E+00,0.000000E+00,2.110521E+01,3.971649E+01,2.388814E+01,4.716929E+01
16:00:00,9.379328E+02,3.561095E+03,3.183808E-02,3.140226E-01,0.000000E+00,0.000000E+00,0.000000E+00,0.000000E+00,0.000000E+00,0.000000E+00,0.000000E+00,0.000000E+00,2.111000E+01,4.949701E+01,2.388869E+01,4.729069E+01,3.679962E+03,3.396616E+03,1.248969E-01,2.995306E-01,0.000000E+00,0.000000E+00,0.000000E+00,0.000000E+00,0.000000E+00,0.000000E+00,0.000000E+00,0.000000E+00,2.110556E+01,4.030266E+01,2.388825E+01,4.767925E+01,2.228258E+03,2.151119E+03,7.562559E-02,1.896964E-01,0.000000E+00,0.000000E+00,0.000000E+00,0.000000E+00,0.000000E+00,0.000000E+00,0.000000E+00,0.000000E+00,2.110522E+01,3.963473E+01,2.388824E+01,4.758579E+01,3.746123E+03,3.393008E+03,1.271417E-01,2.992130E-01,0.000000E+00,0.000000E+00,0.000000E+00,0.000000E+00,0.000000E+00,0.000000E+00,0.000000E+00,0.000000E+00,2.110540E+01,4.011599E+01,2.388823E+01,4.772680E+01,2.254124E+03,2.556015E+03,7.650344E-02,2.254046E-01,0.000000E+00,0.000000E+00,0.000000E+00,0.000000E+00,0.000000E+00,0.000000E+00,0.000000E+00,0.000000E+00,2.110521E+01,3.971651E+01,2.388815E+01,4.710781E+01
16:10:00,9.379615E+02,3.565140E+03,3.183905E-02,3.143793E-01,0.000000E+00,0.000000E+00,0.000000E+00,0.000000E+00,0.000000E+00,0.000000E+00,0.000000E+00,0.000000E+00,2.111000E+01,4.949701E+01,2.388869E+01,4.728710E+01,3.679972E+03,3.393725E+03,1.248973E-01,2.992756E-01,0.000000E+00,0.000000E+00,0.000000E+00,0.000000E+00,0.000000E+00,0.000000E+00,0.000000E+00,0.000000E+00,2.110556E+01,4.030268E+01,2.388825E+01,4.767863E+01,2.228263E+03,2.145796E+03,7.562576E-02,1.892271E-01,0.000000E+00,0.000000E+00,0.000000E+00,0.000000E+00,0.000000E+00,0.000000E+00,0.000000E+00,0.000000E+00,2.110522E+01,3.963474E+01,2.388825E+01,4.759026E+01,3.746132E+03,3.390379E+03,1.271420E-01,2.989812E-01,0.000000E+00,0.000000E+00,0.000000E+00,0.000000E+00,0.000000E+00,0.000000E+00,0.000000E+00,0.000000E+00,2.110540E+01,4.011601E+01,2.388823E+01,4.772584E+01,2.254129E+03,2.604571E+03,7.650361E-02,2.296863E-01,0.000000E+00,0.000000E+00,0.000000E+00,0.000000E+00,0.000000E+00,0.000000E+00,0.000000E+00,0.000000E+00,2.110521E+01,3.971653E+01,2.388817E+01,4.705199E+01
16:20:00,9.379900E+02,3.568818E+03,3.184002E-02,3.147036E-01,0.000000E+00,0.000000E+00,0.000000E+00,0.000000E+00,0.000000E+00,0.000000E+00,0.000000E+00,0.000000E+00,2.111000E+01,4.949701E+01,2.388869E+01,4.728379E+01,3.679982E+03,3.389601E+03,1.248976E-01,2.989118E-01,0.000000E+00,0.000000E+00,0.000000E+00,0.000000E+00,0.000000E+00,0.000000E+00,0.000000E+00,0.000000E+00,2.110556E+01,4.030270E+01,2.388826E+01,4.767903E+01,2.228268E+03,2.139864E+03,7.562593E-02,1.887039E-01,0.000000E+00,0.000000E+00,0.000000E+00,0.000000E+00,0.000000E+00,0.000000E+00,0.000000E+00,0.000000E+00,2.110522E+01,3.963476E+01,2.388825E+01,4.759547E+01,3.746142E+03,3.386533E+03,1.271423E-01,2.986419E-01,0.000000E+00,0.000000E+00,0.000000E+00,0.000000E+00,0.000000E+00,0.000000E+00,0.000000E+00,0.000000E+00,2.110540E+01,4.011602E+01,2.388823E+01,4.772588E+01,2.254134E+03,2.648668E+03,7.650379E-02,2.335747E-01,0.000000E+00,0.000000E+00,0.000000E+00,0.000000E+00,0.000000E+00,0.000000E+00,0.000000E+00,0.000000E+00,2.110521E+01,3.971654E+01,2.388818E+01,4.700383E+01
16:30:00,9.380183E+02,3.572094E+03,3.184098E-02,3.149925E-01,0.000000E+00,0.000000E+00,0.000000E+00,0.000000E+00,0.000000E+00,0.000000E+00,0.000000E+00,0.000000E+00,2.111000E+01,4.949701E+01,2.388869E+01,4.728077E+01,3.679991E+03,3.384241E+03,1.248979E-01,2.984391E-01,0.000000E+00,0.000000E+00,0.000000E+00,0.000000E+00,0.000000E+00,0.000000E+00,0.000000E+00,0.000000E+00,2.110556E+01,4.030272E+01,2.388826E+01,4.768047E+01,2.228273E+03,2.133295E+03,7.562611E-02,1.881246E-01,0.000000E+00,0.000000E+00,0.000000E+00,0.000000E+00,0.000000E+00,0.000000E+00,0.000000E+00,0.000000E+00,2.110522E+01,3.963478E+01,2.388825E+01,4.760147E+01,3.746151E+03,3.381430E+03,1.271426E-01,2.981918E-01,0.000000E+00,0.000000E+00,0.000000E+00,0.000000E+00,0.000000E+00,0.000000E+00,0.000000E+00,0.000000E+00,2.110540E+01,4.011604E+01,2.388824E+01,4.772700E+01,2.254139E+03,2.687917E+03,7.650396E-02,2.370356E-01,0.000000E+00,0.000000E+00,0.000000E+00,0.000000E+00,0.000000E+00,0.000000E+00,0.000000E+00,0.000000E+00,2.110521E+01,3.971656E+01,2.388820E+01,4.696338E+01
16:40:00,9.380465E+02,3.574936E+03,3.184193E-02,3.152431E-01,0.000000E+00,0.000000E+00,0.000000E+00,0.000000E+00,0.000000E+00,0.000000E+00,0.000000E+00,0.000000E+00,2.111000E+01,4.949701E+01,2.388869E+01,4.727809E+01,3.680001E+03,3.377648E+03,1.248982E-01,2.978576E-01,0.000000E+00,0.000000E+00,0.000000E+00,0.000000E+00,0.000000E+00,0.000000E+00,0.000000E+00,0.000000E+00,2.110556E+01,4.030273E+01,2.388826E+01,4.768295E+01,2.228278E+03,2.126068E+03,7.562628E-02,1.874872E-01,0.000000E+00,0.000000E+00,0.000000E+00,0.000000E+00,0.000000E+00,0.000000E+00,0.000000E+00,0.000000E+00,2.110522E+01,3.963479E+01,2.388826E+01,4.760829E+01,3.746161E+03,3.375043E+03,1.271430E-01,2.976285E-01,0.000000E+00,0.000000E+00,0.000000E+00,0.000000E+00,0.000000E+00,0.000000E+00,0.000000E+00,0.000000E+00,2.110540E+01,4.011606E+01,2.388824E+01,4.772922E+01,2.254144E+03,2.721778E+03,7.650413E-02,2.400214E-01,0.000000E+00,0.000000E+00,0.000000E+00,0.000000E+00,0.000000E+00,0.000000E+00,0.000000E+00,0.000000E+00,2.110521E+01,3.971658E+01,2.388822E+01,4.692931E+01
16:50:00,9.380744E+02,3.577318E+03,3.184288E-02,3.154531E-01,0.000000E+00,0.000000E+00,0.000000E+00,0.000000E+00,0.000000E+00,0.000000E+00,0.000000E+00,0.000000E+00,2.111000E+01,4.949701E+01,2.388869E+01,4.727576E+01,3.680010E+03,3.369815E+03,1.248985E-01,2.971667E-01,0.000000E+00,0.000000E+00,0.000000E+00,0.000000E+00,0.000000E+00,0.000000E+00,0.000000E+00,0.000000E+00,2.110556E+01,4.030275E+01,2.388827E+01,4.768646E+01,2.228283E+03,2.118163E+03,7.562645E-02,1.867900E-01,0.000000E+00,0.000000E+00,0.000000E+00,0.000000E+00,0.000000E+00,0.000000E+00,0.000000E+00,0.000000E+00,2.110522E+01,3.963481E+01,2.388826E+01,4.761597E+01,3.746170E+03,3.367357E+03,1.271433E-01,2.969505E-01,0.000000E+00,0.000000E+00,0.000000E+00,0.000000E+00,0.000000E+00,0.000000E+00,0.000000E+00,0.000000E+00,2.110540E+01,4.011608E+01,2.388824E+01,4.773253E+01,2.254149E+03,2.749740E+03,7.650430E-02,2.424870E-01,0.000000E+00,0.000000E+00,0.000000E+00,0.000000E+00,0.000000E+00,0.000000E+00,0.000000E+00,0.000000E+00,2.110521E+01,3.971659E+01,2.388823E+01,4.690049E+01
17:00:00,9.381021E+02,3.579053E+03,3.184382E-02,3.156050E-01,0.000000E+00,0.000000E+00,0.000000E+00,0.000000E+00,0.000000E+00,0.000000E+00,0.000000E+00,0.000000E+00,2.111000E+01,4.949701E+01,2.388891E+01,4.727281E+01,3.680019E+03,3.359541E+03,1.248989E-01,2.962593E-01,0.000000E+00,0.000000E+00,0.000000E+00,0.000000E+00,0.000000E+00,0.000000E+00,0.000000E+00,0.000000E+00,2.110556E+01,4.030277E+01,2.388855E+01,4.769212E+01,2.228288E+03,2.108942E+03,7.562662E-02,1.859761E-01,0.000000E+00,0.000000E+00,0.000000E+00,0.000000E+00,0.000000E+00,0.000000E+00,0.000000E+00,0.000000E+00,2.110522E+01,3.963482E+01,2.388854E+01,4.762674E+01,3.746180E+03,3.357263E+03,1.271436E-01,2.960591E-01,0.000000E+00,0.000000E+00,0.000000E+00,0.000000E+00,0.000000E+00,0.000000E+00,0.000000E+00,0.000000E+00,2.110540E+01,4.011609E+01,2.388853E+01,4.773801E+01,2.254154E+03,2.770729E+03,7.650447E-02,2.443365E-01,0.000000E+00,0.000000E+00,0.000000E+00,0.000000E+00,0.000000E+00,0.000000E+00,0.000000E+00,0.000000E+00,2.110521E+01,3.971661E+01,2.388851E+01,4.687044E+01
17:10:00,9.381297E+02,3.580279E+03,3.184476E-02,3.157109E-01,0.000000E+00,0.000000E+00,0.000000E+00,0.000000E+00,0.000000E+00,0.000000E+00,0.000000E+00,0.000000E+00,2.111000E+01,4.949701E+01,2.388916E+01,4.727096E+01,3.680028E+03,3.347730E+03,1.248992E-01,2.952151E-01,0.000000E+00,0.000000E+00,0.000000E+00,0.000000E+00,0.000000E+00,0.000000E+00,0.000000E+00,0.000000E+00,2.110556E+01,4.030279E+01,2.388887E+01,4.769875E+01,2.228293E+03,2.098888E+03,7.562679E-02,1.850879E-01,0.000000E+00,0.000000E+00,0.000000E+00,0.000000E+00,0.000000E+00,0.000000E+00,0.000000E+00,0.000000E+00,2.110522E+01,3.963484E+01,2.388885E+01,4.763682E+01,3.746189E+03,3.345616E+03,1.271439E-01,2.950293E-01,0.000000E+00,0.000000E+00,0.000000E+00,0.000000E+00,0.000000E+00,0.000000E+00,0.000000E+00,0.000000E+00,2.110540E+01,4.011611E+01,2.388885E+01,4.774444E+01,2.254159E+03,2.786861E+03,7.650463E-02,2.457566E-01,0.000000E+00,0.000000E+00,0.000000E+00,0.000000E+00,0.000000E+00,0.000000E+00,0.000000E+00,0.000000E+00,2.110521E+01,3.971662E+01,2.388884E+01,4.685530E+01
17:20:00,9.381570E+02,3.580979E+03,3.184569E-02,3.157704E-01,0.000000E+00,0.000000E+00,0.000000E+00,0.000000E+00,0.000000E+00,0.000000E+00,0.000000E+00,0.000000E+00,2.111000E+01,4.949701E+01,2.388917E+01,4.727004E+01,3.680038E+03,3.334405E+03,1.248995E-01,2.940374E-01,0.000000E+00,0.000000E+00,0.000000E+00,0.000000E+00,0.000000E+00,0.000000E+00,0.000000E+00,0.000000E+00,2.110556E+01,4.030280E+01,2.388888E+01,4.770843E+01,2.228298E+03,2.088026E+03,7.562695E-02,1.841283E-01,0.000000E+00,0.000000E+00,0.000000E+00,0.000000E+00,0.000000E+00,0.000000E+00,0.000000E+00,0.000000E+00,2.110522E+01,3.963486E+01,2.388886E+01,4.765010E+01,3.746198E+03,3.333165E+03,1.271442E-01,2.939285E-01,0.000000E+00,0.000000E+00,0.000000E+00,0.000000E+00,0.000000E+00,0.000000E+00,0.000000E+00,0.000000E+00,2.110540E+01,4.011613E+01,2.388887E+01,4.775367E+01,2.254164E+03,2.798089E+03,7.650480E-02,2.467442E-01,0.000000E+00,0.000000E+00,0.000000E+00,0.000000E+00,0.000000E+00,0.000000E+00,0.000000E+00,0.000000E+00,2.110521E+01,3.971664E+01,2.388886E+01,4.684384E+01
17:30:00,9.381842E+02,3.581128E+03,3.184661E-02,3.157812E-01,0.000000E+00,0.000000E+00,0.000000E+00,0.000000E+00,0.000000E+00,0.000000E+00,0.000000E+00,0.000000E+00,2.111000E+01,4.949701E+01,2.388917E+01,4.726957E+01,3.680047E+03,3.319504E+03,1.248998E-01,2.927206E-01,0.000000E+00,0.000000E+00,0.000000E+00,0.000000E+00,0.000000E+00,0.000000E+00,0.000000E+00,0.000000E+00,2.110556E+01,4.030282E+01,2.388888E+01,4.771895E+01,2.228303E+03,2.076343E+03,7.562712E-02,1.830964E-01,0.000000E+00,0.000000E+00,0.000000E+00,0.000000E+00,0.000000E+00,0.000000E+00,0.000000E+00,0.000000E+00,2.110522E+01,3.963487E+01,2.388887E+01,4.766390E+01,3.746207E+03,3.321091E+03,1.271445E-01,2.928610E-01,0.000000E+00,0.000000E+00,0.000000E+00,0.000000E+00,0.000000E+00,0.000000E+00,0.000000E+00,0.000000E+00,2.110540E+01,4.011615E+01,2.388887E+01,4.776228E+01,2.254169E+03,2.803958E+03,7.650496E-02,2.472594E-01,0.000000E+00,0.000000E+00,0.000000E+00,0.000000E+00,0.000000E+00,0.000000E+00,0.000000E+00,0.000000E+00,2.110521E+01,3.971665E+01,2.388887E+01,4.683658E+01
17:40:00,9.382111E+02,3.580751E+03,3.184752E-02,3.157456E-01,0.000000E+00,0.000000E+00,0.000000E+00,0.000000E+00,0.000000E+00,0.000000E+00,0.000000E+00,0.000000E+00,2.111000E+01,4.949701E+01,2.388917E+01,4.726952E+01,3.680056E+03,3.302969E+03,1.249001E-01,2.912598E-01,0.000000E+00,0.000000E+00,0.000000E+00,0.000000E+00,0.000000E+00,0.000000E+00,0.000000E+00,0.000000E+00,2.110556E+01,4.030284E+01,2.388889E+01,4.773042E+01,2.228308E+03,2.063844E+03,7.562728E-02,1.819925E-01,0.000000E+00,0.000000E+00,0.000000E+00,0.000000E+00,0.000000E+00,0.000000E+00,0.000000E+00,0.000000E+00,2.110522E+01,3.963489E+01,2.388887E+01,4.767835E+01,3.746216E+03,3.311684E+03,1.271448E-01,2.920288E-01,0.000000E+00,0.000000E+00,0.000000E+00,0.000000E+00,0.000000E+00,0.000000E+00,0.000000E+00,0.000000E+00,2.110540E+01,4.011616E+01,2.388887E+01,4.776811E+01,2.254174E+03,2.804405E+03,7.650512E-02,2.472963E-01,0.000000E+00,0.000000E+00,0.000000E+00,0.000000E+00,0.000000E+00,0.000000E+00,0.000000E+00,0.000000E+00,2.110521E+01,3.971667E+01,2.388887E+01,4.683355E+01
17:50:00,9.382379E+02,3.579948E+03,3.184843E-02,3.156726E-01,0.000000E+00,0.000000E+00,0.000000E+00,0.000000E+00,0.000000E+00,0.000000E+00,0.000000E+00,0.000000E+00,2.111000E+01,4.949701E+01,2.388917E+01,4.726982E+01,3.680065E+03,3.284740E+03,1.249004E-01,2.896496E-01,0.000000E+00,0.000000E+00,0.000000E+00,0.000000E+00,0.000000E+00,0.000000E+00,0.000000E+00,0.000000E+00,2.110556E+01,4.030286E+01,2.388889E+01,4.774304E+01,2.228313E+03,2.050545E+03,7.562744E-02,1.808181E-01,0.000000E+00,0.000000E+00,0.000000E+00,0.000000E+00,0.000000E+00,0.000000E+00,0.000000E+00,0.000000E+00,2.110522E+01,3.963490E+01,2.388887E+01,4.769362E+01,3.746225E+03,3.305388E+03,1.271451E-01,2.914708E-01,0.000000E+00,0.000000E+00,0.000000E+00,0.000000E+00,0.000000E+00,0.000000E+00,0.000000E+00,0.000000E+00,2.110540E+01,4.011618E+01,2.388886E+01,4.776878E+01,2.254178E+03,2.799377E+03,7.650529E-02,2.468506E-01,0.000000E+00,0.000000E+00,0.000000E+00,0.000000E+00,0.000000E+00,0.000000E+00,0.000000E+00,0.000000E+00,2.110521E+01,3.971668E+01,2.388888E+01,4.683480E+01
18:00:00,9.382645E+02,3.579017E+03,3.184934E-02,3.155893E-01,0.000000E+00,0.000000E+00,0.000000E+00,0.000000E+00,0.000000E+00,0.000000E+00,0.000000E+00,0.000000E+00,2.111000E+01,4.949701E+01,2.388917E+01,4.727038E+01,3.680074E+03,3.265935E+03,1.249007E-01,2.879899E-01,0.000000E+00,0.000000E+00,0.000000E+00,0.000000E+00,0.000000E+00,0.000000E+00,0.000000E+00,0.000000E+00,2.110556E+01,4.030287E+01,2.388889E+01,4.775697E+01,2.228317E+03,2.037086E+03,7.562760E-02,1.796304E-01,0.000000E+00,0.000000E+00,0.000000E+00,0.000000E+00,0.000000E+00,0.000000E+00,0.000000E+00,0.000000E+00,2.110522E+01,3.963492E+01,2.388887E+01,4.770979E+01,3.746234E+03,3.303385E+03,1.271454E-01,2.912927E-01,0.000000E+00,0.000000E+00,0.000000E+00,0.000000E+00,0.000000E+00,0.000000E+00,0.000000E+00,0.000000E+00,2.110540E+01,4.011620E+01,2.388886E+01,4.776467E+01,2.254183E+03,2.790490E+03,7.650545E-02,2.460655E-01,0.000000E+00,0.000000E+00,0.000000E+00,0.000000E+00,0.000000E+00,0.000000E+00,0.000000E+00,0.000000E+00,2.110521E+01,3.971670E+01,2.388888E+01,4.684035E+01
18:10:00,9.382909E+02,3.577902E+03,3.185023E-02,3.154909E-01,0.000000E+00,0.000000E+00,0.000000E+00,0.000000E+00,0.000000E+00,0.000000E+00,0.000000E+00,0.000000E+00,2.111000E+01,4.949701E+01,2.388917E+01,4.727106E+01,3.680082E+03,3.245277E+03,1.249010E-01,2.861682E-01,0.000000E+00,0.000000E+00,0.000000E+00,0.000000E+00,0.000000E+00,0.000000E+00,0.000000E+00,0.000000E+00,2.110556E+01,4.030289E+01,2.388889E+01,4.777239E+01,2.228322E+03,2.022824E+03,7.562776E-02,1.783727E-01,0.000000E+00,0.000000E+00,0.000000E+00,0.000000E+00,0.000000E+00,0.000000E+00,0.000000E+00,0.000000E+00,2.110522E+01,3.963493E+01,2.388887E+01,4.772692E+01,3.746243E+03,3.304219E+03,1.271457E-01,2.913662E-01,0.000000E+00,0.000000E+00,0.000000E+00,0.000000E+00,0.000000E+00,0.000000E+00,0.000000E+00,0.000000E+00,2.110540E+01,4.011621E+01,2.388886E+01,4.775775E+01,2.254188E+03,2.775734E+03,7.650560E-02,2.447642E-01,0.000000E+00,0.000000E+00,0.000000E+00,0.000000E+00,0.000000E+00,0.000000E+00,0.000000E+00,0.000000E+00,2.110521E+01,3.971671E+01,2.388889E+01,4.685057E+01
18:20:00,9.383172E+02,3.576651E+03,3.185112E-02,3.153806E-01,0.000000E+00,0.000000E+00,0.000000E+00,0.000000E+00,0.000000E+00,0.000000E+00,0.000000E+00,0.000000E+00,2.111000E+01,4.949701E+01,2.388917E+01,4.727180E+01,3.680091E+03,3.222681E+03,1.249013E-01,2.841756E-01,0.000000E+00,0.000000E+00,0.000000E+00,0.000000E+00,0.000000E+00,0.000000E+00,0.000000E+00,0.000000E+00,2.110556E+01,4.030291E+01,2.388890E+01,4.778954E+01,2.228327E+03,2.007753E+03,7.562792E-02,1.770437E-01,0.000000E+00,0.000000E+00,0.000000E+00,0.000000E+00,0.000000E+00,0.000000E+00,0.000000E+00,0.000000E+00,2.110522E+01,3.963495E+01,2.388888E+01,4.774511E+01,3.746251E+03,3.306382E+03,1.271460E-01,2.915570E-01,0.000000E+00,0.000000E+00,0.000000E+00,0.000000E+00,0.000000E+00,0.000000E+00,0.000000E+00,0.000000E+00,2.110540E+01,4.011623E+01,2.388887E+01,4.775028E+01,2.254192E+03,2.754635E+03,7.650576E-02,2.429036E-01,0.000000E+00,0.000000E+00,0.000000E+00,0.000000E+00,0.000000E+00,0.000000E+00,0.000000E+00,0.000000E+00,2.110521E+01,3.971673E+01,2.388889E+01,4.686616E+01
18:30:00,9.383432E+02,3.575272E+03,3.185201E-02,3.152590E-01,0.000000E+00,0.000000E+00,0.000000E+00,0.000000E+00,0.000000E+00,0.000000E+00,0.000000E+00,0.000000E+00,2.111000E+01,4.949701E+01,2.388917E+01,4.727264E+01,3.680100E+03,3.198172E+03,1.249016E-01,2.820143E-01,0.000000E+00,0.000000E+00,0.000000E+00,0.000000E+00,0.000000E+00,0.000000E+00,0.000000E+00,0.000000E+00,2.110556E+01,4.030292E+01,2.388890E+01,4.780851E+01,2.228331E+03,1.991912E+03,7.562808E-02,1.756468E-01,0.000000E+00,0.000000E+00,0.000000E+00,0.000000E+00,0.000000E+00,0.000000E+00,0.000000E+00,0.000000E+00,2.110522E+01,3.963496E+01,2.388888E+01,4.776440E+01,3.746260E+03,3.307237E+03,1.271463E-01,2.916323E-01,0.000000E+00,0.000000E+00,0.000000E+00,0.000000E+00,0.000000E+00,0.000000E+00,0.000000E+00,0.000000E+00,2.110540E+01,4.011624E+01,2.388887E+01,4.774459E+01,2.254197E+03,2.726902E+03,7.650592E-02,2.404579E-01,0.000000E+00,0.000000E+00,0.000000E+00,0.000000E+00,0.000000E+00,0.000000E+00,0.000000E+00,0.000000E+00,2.110521E+01,3.971674E+01,2.388890E+01,4.688787E+01
18:40:00,9.383691E+02,3.573666E+03,3.185289E-02,3.151174E-01,0.000000E+00,0.000000E+00,0.000000E+00,0.000000E+00,0.000000E+00,0.000000E+00,0.000000E+00,0.000000E+00,2.111000E+01,4.949701E+01,2.388917E+01,4.727370E+01,3.680108E+03,3.171296E+03,1.249019E-01,2.796443E-01,0.000000E+00,0.000000E+00,0.000000E+00,0.000000E+00,0.000000E+00,0.000000E+00,0.000000E+00,0.000000E+00,2.110556E+01,4.030294E+01,2.388890E+01,4.782942E+01,2.228336E+03,1.975087E+03,7.562823E-02,1.741632E-01,0.000000E+00,0.000000E+00,0.000000E+00,0.000000E+00,0.000000E+00,0.000000E+00,0.000000E+00,0.000000E+00,2.110522E+01,3.963498E+01,2.388888E+01,4.778488E+01,3.746269E+03,3.300843E+03,1.271466E-01,2.910685E-01,0.000000E+00,0.000000E+00,0.000000E+00,0.000000E+00,0.000000E+00,0.000000E+00,0.000000E+00,0.000000E+00,2.110540E+01,4.011626E+01,2.388888E+01,4.774396E+01,2.254202E+03,2.688713E+03,7.650607E-02,2.370903E-01,0.000000E+00,0.000000E+00,0.000000E+00,0.000000E+00,0.000000E+00,0.000000E+00,0.000000E+00,0.000000E+00,2.110521E+01,3.971676E+01,2.388891E+01,4.691776E+01
18:50:00,9.383948E+02,3.571604E+03,3.185376E-02,3.149355E-01,0.000000E+00,0.000000E+00,0.000000E+00,0.000000E+00,0.000000E+00,0.000000E+00,0.000000E+00,0.000000E+00,2.111000E+01,4.949701E+01,2.388917E+01,4.727513E+01,3.680117E+03,3.142409E+03,1.249022E-01,2.770970E-01,0.000000E+00,0.000000E+00,0.000000E+00,0.000000E+00,0.000000E+00,0.000000E+00,0.000000E+00,0.000000E+00,2.110556E+01,4.030295E+01,2.388891E+01,4.785271E+01,2.228340E+03,1.957436E+03,7.562839E-02,1.726067E-01,0.000000E+00,0.000000E+00,0.000000E+00,0.000000E+00,0.000000E+00,0.000000E+00,0.000000E+00,0.000000E+00,2.110522E+01,3.963499E+01,2.388889E+01,4.780695E+01,3.746277E+03,3.287314E+03,1.271469E-01,2.898755E-01,0.000000E+00,0.000000E+00,0.000000E+00,0.000000E+00,0.000000E+00,0.000000E+00,0.000000E+00,0.000000E+00,2.110540E+01,4.011628E+01,2.388889E+01,4.775233E+01,2.254206E+03,2.642159E+03,7.650623E-02,2.329850E-01,0.000000E+00,0.000000E+00,0.000000E+00,0.000000E+00,0.000000E+00,0.000000E+00,0.000000E+00,0.000000E+00,2.110521E+01,3.971677E+01,2.388892E+01,4.696008E+01
19:00:00,9.384203E+02,3.568816E+03,3.185462E-02,3.146898E-01,0.000000E+00,0.000000E+00,0.000000E+00,0.000000E+00,0.000000E+00,0.000000E+00,0.000000E+00,0.000000E+00,2.111000E+01,4.949701E+01,2.388917E+01,4.727712E+01,3.680125E+03,3.111634E+03,1.249025E-01,2.743831E-01,0.000000E+00,0.000000E+00,0.000000E+00,0.000000E+00,0.000000E+00,0.000000E+00,0.000000E+00,0.000000E+00,2.110556E+01,4.030297E+01,2.388891E+01,4.787802E+01,2.228345E+03,1.939009E+03,7.562854E-02,1.709817E-01,0.000000E+00,0.000000E+00,0.000000E+00,0.000000E+00,0.000000E+00,0.000000E+00,0.000000E+00,0.000000E+00,2.110522E+01,3.963501E+01,2.388889E+01,4.783036E+01,3.746286E+03,3.265808E+03,1.271472E-01,2.879789E-01,0.000000E+00,0.000000E+00,0.000000E+00,0.000000E+00,0.000000E+00,0.000000E+00,0.000000E+00,0.000000E+00,2.110540E+01,4.011629E+01,2.388889E+01,4.776849E+01,2.254211E+03,2.587235E+03,7.650638E-02,2.281417E-01,0.000000E+00,0.000000E+00,0.000000E+00,0.000000E+00,0.000000E+00,0.000000E+00,0.000000E+00,0.000000E+00,2.110521E+01,3.971679E+01,2.388893E+01,4.701169E+01
19:10:00,9.384456E+02,3.565071E+03,3.185548E-02,3.143595E-01,0.000000E+00,0.000000E+00,0.000000E+00,0.000000E+00,0.000000E+00,0.000000E+00,0.000000E+00,0.000000E+00,2.111000E+01,4.949701E+01,2.388917E+01,4.727982E+01,3.680134E+03,3.084257E+03,1.249027E-01,2.719691E-01,0.000000E+00,0.000000E+00,0.000000E+00,0.000000E+00,0.000000E+00,0.000000E+00,0.000000E+00,0.000000E+00,2.110556E+01,4.030299E+01,2.388890E+01,4.792269E+01,2.228349E+03,1.923206E+03,7.562869E-02,1.695881E-01,0.000000E+00,0.000000E+00,0.000000E+00,0.000000E+00,0.000000E+00,0.000000E+00,0.000000E+00,0.000000E+00,2.110522E+01,3.963502E+01,2.388888E+01,4.787469E+01,3.746294E+03,3.241136E+03,1.271475E-01,2.858032E-01,0.000000E+00,0.000000E+00,0.000000E+00,0.000000E+00,0.000000E+00,0.000000E+00,0.000000E+00,0.000000E+00,2.110540E+01,4.011631E+01,2.388889E+01,4.780962E+01,2.254215E+03,2.527658E+03,7.650653E-02,2.228881E-01,0.000000E+00,0.000000E+00,0.000000E+00,0.000000E+00,0.000000E+00,0.000000E+00,0.000000E+00,0.000000E+00,2.110521E+01,3.971680E+01,2.388892E+01,4.709108E+01
19:20:00,9.384708E+02,3.560200E+03,3.185634E-02,3.139299E-01,0.000000E+00,0.000000E+00,0.000000E+00,0.000000E+00,0.000000E+00,0.000000E+00,0.000000E+00,0.000000E+00,2.111000E+01,4.949701E+01,2.388917E+01,4.728336E+01,3.680142E+03,3.055677E+03,1.249030E-01,2.694489E-01,0.000000E+00,0.000000E+00,0.000000E+00,0.000000E+00,0.000000E+00,0.000000E+00,0.000000E+00,0.000000E+00,2.110556E+01,4.030300E+01,2.388888E+01,4.803247E+01,2.228354E+03,1.906916E+03,7.562885E-02,1.681518E-01,0.000000E+00,0.000000E+00,0.000000E+00,0.000000E+00,0.000000E+00,0.000000E+00,0.000000E+00,0.000000E+00,2.110522E+01,3.963504E+01,2.388885E+01,4.799068E+01,3.746302E+03,3.206212E+03,1.271478E-01,2.827236E-01,0.000000E+00,0.000000E+00,0.000000E+00,0.000000E+00,0.000000E+00,0.000000E+00,0.000000E+00,0.000000E+00,2.110540E+01,4.011632E+01,2.388887E+01,4.792418E+01,2.254219E+03,2.458164E+03,7.650668E-02,2.167601E-01,0.000000E+00,0.000000E+00,0.000000E+00,0.000000E+00,0.000000E+00,0.000000E+00,0.000000E+00,0.000000E+00,2.110521E+01,3.971682E+01,2.388890E+01,4.724939E+01
19:30:00,9.384958E+02,3.554089E+03,3.185719E-02,3.133911E-01,0.000000E+00,0.000000E+00,0.000000E+00,0.000000E+00,0.000000E+00,0.000000E+00,0.000000E+00,0.000000E+00,2.111000E+01,4.949701E+01,2.388917E+01,4.728780E+01,3.680150E+03,3.026160E+03,1.249033E-01,2.668463E-01,0.000000E+00,0.000000E+00,0.000000E+00,0.000000E+00,0.000000E+00,0.000000E+00,0.000000E+00,0.000000E+00,2.110556E+01,4.030302E+01,2.388886E+01,4.814529E+01,2.228358E+03,1.890211E+03,7.562900E-02,1.666789E-01,0.000000E+00,0.000000E+00,0.000000E+00,0.000000E+00,0.000000E+00,0.000000E+00,0.000000E+00,0.000000E+00,2.110522E+01,3.963505E+01,2.388882E+01,4.810800E+01,3.746311E+03,3.162193E+03,1.271480E-01,2.788420E-01,0.000000E+00,0.000000E+00,0.000000E+00,0.000000E+00,0.000000E+00,0.000000E+00,0.000000E+00,0.000000E+00,2.110540E+01,4.011634E+01,2.388885E+01,4.804961E+01,2.254224E+03,2.381415E+03,7.650683E-02,2.099924E-01,0.000000E+00,0.000000E+00,0.000000E+00,0.000000E+00,0.000000E+00,0.000000E+00,0.000000E+00,0.000000E+00,2.110521E+01,3.971683E+01,2.388888E+01,4.741680E+01
19:40:00,9.385206E+02,3.546736E+03,3.185803E-02,3.127428E-01,0.000000E+00,0.000000E+00,0.000000E+00,0.000000E+00,0.000000E+00,0.000000E+00,0.000000E+00,0.000000E+00,2.111000E+01,4.949701E+01,2.388917E+01,4.729318E+01,3.680158E+03,2.996677E+03,1.249036E-01,2.642467E-01,0.000000E+00,0.000000E+00,0.000000E+00,0.000000E+00,0.000000E+00,0.000000E+00,0.000000E+00,0.000000E+00,2.110556E+01,4.030303E+01,2.388884E+01,4.822784E+01,2.228363E+03,1.873517E+03,7.562914E-02,1.652069E-01,0.000000E+00,0.000000E+00,0.000000E+00,0.000000E+00,0.000000E+00,0.000000E+00,0.000000E+00,0.000000E+00,2.110522E+01,3.963507E+01,2.388881E+01,4.819023E+01,3.746319E+03,3.115763E+03,1.271483E-01,2.747480E-01,0.000000E+00,0.000000E+00,0.000000E+00,0.000000E+00,0.000000E+00,0.000000E+00,0.000000E+00,0.000000E+00,2.110540E+01,4.011635E+01,2.388884E+01,4.815076E+01,2.254228E+03,2.306534E+03,7.650698E-02,2.033896E-01,0.000000E+00,0.000000E+00,0.000000E+00,0.000000E+00,0.000000E+00,0.000000E+00,0.000000E+00,0.000000E+00,2.110521E+01,3.971684E+01,2.388886E+01,4.755544E+01
19:50:00,9.385452E+02,3.538305E+03,3.185887E-02,3.119993E-01,0.000000E+00,0.000000E+00,0.000000E+00,0.000000E+00,0.000000E+00,0.000000E+00,0.000000E+00,0.000000E+00,2.111000E+01,4.949701E+01,2.388918E+01,4.729947E+01,3.680167E+03,2.967530E+03,1.249039E-01,2.616768E-01,0.000000E+00,0.000000E+00,0.000000E+00,0.000000E+00,0.000000E+00,0.000000E+00,0.000000E+00,0.000000E+00,2.110556E+01,4.030305E+01,2.388884E+01,4.828975E+01,2.228367E+03,1.856939E+03,7.562929E-02,1.637454E-01,0.000000E+00,0.000000E+00,0.000000E+00,0.000000E+00,0.000000E+00,0.000000E+00,0.000000E+00,0.000000E+00,2.110522E+01,3.963508E+01,2.388880E+01,4.824940E+01,3.746327E+03,3.068904E+03,1.271486E-01,2.706162E-01,0.000000E+00,0.000000E+00,0.000000E+00,0.000000E+00,0.000000E+00,0.000000E+00,0.000000E+00,0.000000E+00,2.110540E+01,4.011637E+01,2.388883E+01,4.823197E+01,2.254233E+03,2.235292E+03,7.650713E-02,1.971077E-01,0.000000E+00,0.000000E+00,0.000000E+00,0.000000E+00,0.000000E+00,0.000000E+00,0.000000E+00,0.000000E+00,2.110521E+01,3.971686E+01,2.388885E+01,4.766866E+01
20:00:00,9.385697E+02,3.529059E+03,3.185970E-02,3.111840E-01,0.000000E+00,0.000000E+00,0.000000E+00,0.000000E+00,0.000000E+00,0.000000E+00,0.000000E+00,0.000000E+00,2.111000E+01,4.949701E+01,2.388918E+01,4.730648E+01,3.680175E+03,2.939689E+03,1.249041E-01,2.592221E-01,0.000000E+00,0.000000E+00,0.000000E+00,0.000000E+00,0.000000E+00,0.000000E+00,0.000000E+00,0.000000E+00,2.110556E+01,4.030306E+01,2.388883E+01,4.833866E+01,2.228371E+03,1.840923E+03,7.562944E-02,1.623332E-01,0.000000E+00,0.000000E+00,0.000000E+00,0.000000E+00,0.000000E+00,0.000000E+00,0.000000E+00,0.000000E+00,2.110522E+01,3.963509E+01,2.388880E+01,4.829480E+01,3.746335E+03,3.023794E+03,1.271489E-01,2.666387E-01,0.000000E+00,0.000000E+00,0.000000E+00,0.000000E+00,0.000000E+00,0.000000E+00,0.000000E+00,0.000000E+00,2.110540E+01,4.011639E+01,2.388882E+01,4.829645E+01,2.254237E+03,2.169969E+03,7.650727E-02,1.913478E-01,0.000000E+00,0.000000E+00,0.000000E+00,0.000000E+00,0.000000E+00,0.000000E+00,0.000000E+00,0.000000E+00,2.110521E+01,3.971687E+01,2.388884E+01,4.775940E+01
20:10:00,9.385940E+02,3.519304E+03,3.186052E-02,3.103238E-01,0.000000E+00,0.000000E+00,0.000000E+00,0.000000E+00,0.000000E+00,0.000000E+00,0.000000E+00,0.000000E+00,2.111000E+01,4.949701E+01,2.388918E+01,4.731398E+01,3.680183E+03,2.909090E+03,1.249044E-01,2.565242E-01,0.000000E+00,0.000000E+00,0.000000E+00,0.000000E+00,0.000000E+00,0.000000E+00,0.000000E+00,0.000000E+00,2.110556E+01,4.030308E+01,2.388883E+01,4.837768E+01,2.228376E+03,1.822690E+03,7.562958E-02,1.607256E-01,0.000000E+00,0.000000E+00,0.000000E+00,0.000000E+00,0.000000E+00,0.000000E+00,0.000000E+00,0.000000E+00,2.110522E+01,3.963511E+01,2.388880E+01,4.833041E+01,3.746343E+03,2.977236E+03,1.271492E-01,2.625334E-01,0.000000E+00,0.000000E+00,0.000000E+00,0.000000E+00,0.000000E+00,0.000000E+00,0.000000E+00,0.000000E+00,2.110540E+01,4.011640E+01,2.388882E+01,4.834692E+01,2.254241E+03,2.109078E+03,7.650742E-02,1.859787E-01,0.000000E+00,0.000000E+00,0.000000E+00,0.000000E+00,0.000000E+00,0.000000E+00,0.000000E+00,0.000000E+00,2.110521E+01,3.971688E+01,2.388883E+01,4.783220E+01
20:20:00,9.386181E+02,3.509350E+03,3.186134E-02,3.094461E-01,0.000000E+00,0.000000E+00,0.000000E+00,0.000000E+00,0.000000E+00,0.000000E+00,0.000000E+00,0.000000E+00,2.111000E+01,4.949701E+01,2.388918E+01,4.732172E+01,3.680191E+03,2.880754E+03,1.249047E-01,2.540257E-01,0.000000E+00,0.000000E+00,0.000000E+00,0.000000E+00,0.000000E+00,0.000000E+00,0.000000E+00,0.000000E+00,2.110556E+01,4.030309E+01,2.388883E+01,4.840949E+01,2.228380E+03,1.805514E+03,7.562973E-02,1.592112E-01,0.000000E+00,0.000000E+00,0.000000E+00,0.000000E+00,0.000000E+00,0.000000E+00,0.000000E+00,0.000000E+00,2.110522E+01,3.963512E+01,2.388880E+01,4.835926E+01,3.746351E+03,2.937528E+03,1.271494E-01,2.590322E-01,0.000000E+00,0.000000E+00,0.000000E+00,0.000000E+00,0.000000E+00,0.000000E+00,0.000000E+00,0.000000E+00,2.110540E+01,4.011642E+01,2.388882E+01,4.838719E+01,2.254245E+03,2.059615E+03,7.650756E-02,1.816172E-01,0.000000E+00,0.000000E+00,0.000000E+00,0.000000E+00,0.000000E+00,0.000000E+00,0.000000E+00,0.000000E+00,2.110521E+01,3.971690E+01,2.388883E+01,4.789260E+01
20:30:00,9.386421E+02,3.499503E+03,3.186215E-02,3.085778E-01,0.000000E+00,0.000000E+00,0.000000E+00,0.000000E+00,0.000000E+00,0.000000E+00,0.000000E+00,0.000000E+00,2.111000E+01,4.949701E+01,2.388918E+01,4.732948E+01,3.680199E+03,2.854794E+03,1.249049E-01,2.517366E-01,0.000000E+00,0.000000E+00,0.000000E+00,0.000000E+00,0.000000E+00,0.000000E+00,0.000000E+00,0.000000E+00,2.110556E+01,4.030311E+01,2.388883E+01,4.843622E+01,2.228384E+03,1.789478E+03,7.562987E-02,1.577972E-01,0.000000E+00,0.000000E+00,0.000000E+00,0.000000E+00,0.000000E+00,0.000000E+00,0.000000E+00,0.000000E+00,2.110522E+01,3.963514E+01,2.388880E+01,4.838358E+01,3.746359E+03,2.905381E+03,1.271497E-01,2.561976E-01,0.000000E+00,0.000000E+00,0.000000E+00,0.000000E+00,0.000000E+00,0.000000E+00,0.000000E+00,0.000000E+00,2.110540E+01,4.011643E+01,2.388882E+01,4.842034E+01,2.254250E+03,2.020587E+03,7.650770E-02,1.781759E-01,0.000000E+00,0.000000E+00,0.000000E+00,0.000000E+00,0.000000E+00,0.000000E+00,0.000000E+00,0.000000E+00,2.110521E+01,3.971691E+01,2.388882E+01,4.794443E+01
20:40:00,9.386659E+02,3.490008E+03,3.186296E-02,3.077405E-01,0.000000E+00,0.000000E+00,0.000000E+00,0.000000E+00,0.000000E+00,0.000000E+00,0.000000E+00,0.000000E+00,2.111000E+01,4.949701E+01,2.388917E+01,4.733714E+01,3.680206E+03,2.831071E+03,1.249052E-01,2.496448E-01,0.000000E+00,0.000000E+00,0.000000E+00,0.000000E+00,0.000000E+00,0.000000E+00,0.000000E+00,0.000000E+00,2.110556E+01,4.030312E+01,2.388883E+01,4.845925E+01,2.228388E+03,1.774545E+03,7.563001E-02,1.564805E-01,0.000000E+00,0.000000E+00,0.000000E+00,0.000000E+00,0.000000E+00,0.000000E+00,0.000000E+00,0.000000E+00,2.110522E+01,3.963515E+01,2.388880E+01,4.840470E+01,3.746367E+03,2.878133E+03,1.271500E-01,2.537949E-01,0.000000E+00,0.000000E+00,0.000000E+00,0.000000E+00,0.000000E+00,0.000000E+00,0.000000E+00,0.000000E+00,2.110540E+01,4.011644E+01,2.388882E+01,4.844837E+01,2.254254E+03,1.987832E+03,7.650784E-02,1.752877E-01,0.000000E+00,0.000000E+00,0.000000E+00,0.000000E+00,0.000000E+00,0.000000E+00,0.000000E+00,0.000000E+00,2.110521E+01,3.971692E+01,2.388882E+01,4.798993E+01
20:50:00,9.386895E+02,3.481212E+03,3.186376E-02,3.069649E-01,0.000000E+00,0.000000E+00,0.000000E+00,0.000000E+00,0.000000E+00,0.000000E+00,0.000000E+00,0.000000E+00,2.111000E+01,4.949701E+01,2.388917E+01,4.734364E+01,3.680214E+03,2.809538E+03,1.249055E-01,2.477460E-01,0.000000E+00,0.000000E+00,0.000000E+00,0.000000E+00,0.000000E+00,0.000000E+00,0.000000E+00,0.000000E+00,2.110556E+01,4.030314E+01,2.388883E+01,4.847713E+01,2.228392E+03,1.760753E+03,7.563015E-02,1.552642E-01,0.000000E+00,0.000000E+00,0.000000E+00,0.000000E+00,0.000000E+00,0.000000E+00,0.000000E+00,0.000000E+00,2.110522E+01,3.963516E+01,2.388880E+01,4.842123E+01,3.746375E+03,2.853835E+03,1.271502E-01,2.516524E-01,0.000000E+00,0.000000E+00,0.000000E+00,0.000000E+00,0.000000E+00,0.000000E+00,0.000000E+00,0.000000E+00,2.110540E+01,4.011646E+01,2.388882E+01,4.846984E+01,2.254258E+03,1.958743E+03,7.650798E-02,1.727227E-01,0.000000E+00,0.000000E+00,0.000000E+00,0.000000E+00,0.000000E+00,0.000000E+00,0.000000E+00,0.000000E+00,2.110521E+01,3.971694E+01,2.388883E+01,4.802566E+01
21:00:00,9.387130E+02,3.472755E+03,3.186456E-02,3.062211E-01,0.000000E+00,0.000000E+00,0.000000E+00,0.000000E+00,0.000000E+00,0.000000E+00,0.000000E+00,0.000000E+00,2.111000E+01,4.949701E+01,2.388875E+01,4.735018E+01,3.680222E+03,2.789058E+03,1.249057E-01,2.459422E-01,0.000000E+00,0.000000E+00,0.000000E+00,0.000000E+00,0.000000E+00,0.000000E+00,0.000000E+00,0.000000E+00,2.110556E+01,4.030315E+01,2.388826E+01,4.849238E+01,2.228397E+03,1.747513E+03,7.563029E-02,1.540980E-01,0.000000E+00,0.000000E+00,0.000000E+00,0.000000E+00,0.000000E+00,0.000000E+00,0.000000E+00,0.000000E+00,2.110522E+01,3.963518E+01,2.388823E+01,4.843558E+01,3.746382E+03,2.830981E+03,1.271505E-01,2.496392E-01,0.000000E+00,0.000000E+00,0.000000E+00,0.000000E+00,0.000000E+00,0.000000E+00,0.000000E+00,0.000000E+00,2.110540E+01,4.011647E+01,2.388824E+01,4.848763E+01,2.254262E+03,1.932074E+03,7.650812E-02,1.703723E-01,0.000000E+00,0.000000E+00,0.000000E+00,0.000000E+00,0.000000E+00,0.000000E+00,0.000000E+00,0.000000E+00,2.110521E+01,3.971695E+01,2.388828E+01,4.805517E+01
21:10:00,9.387363E+02,3.464854E+03,3.186535E-02,3.055266E-01,0.000000E+00,0.000000E+00,0.000000E+00,0.000000E+00,0.000000E+00,0.000000E+00,0.000000E+00,0.000000E+00,2.111000E+01,4.949701E+01,2.388870E+01,4.735722E+01,3.680229E+03,2.769516E+03,1.249060E-01,2.442212E-01,0.000000E+00,0.000000E+00,0.000000E+00,0.000000E+00,0.000000E+00,0.000000E+00,0.000000E+00,0.000000E+00,2.110556E+01,4.030317E+01,2.388820E+01,4.850919E+01,2.228401E+03,1.734781E+03,7.563043E-02,1.529767E-01,0.000000E+00,0.000000E+00,0.000000E+00,0.000000E+00,0.000000E+00,0.000000E+00,0.000000E+00,0.000000E+00,2.110522E+01,3.963519E+01,2.388818E+01,4.845148E+01,3.746390E+03,2.809329E+03,1.271507E-01,2.477323E-01,0.000000E+00,0.000000E+00,0.000000E+00,0.000000E+00,0.000000E+00,0.000000E+00,0.000000E+00,0.000000E+00,2.110540E+01,4.011649E+01,2.388819E+01,4.850734E+01,2.254266E+03,1.907459E+03,7.650826E-02,1.682033E-01,0.000000E+00,0.000000E+00,0.000000E+00,0.000000E+00,0.000000E+00,0.000000E+00,0.000000E+00,0.000000E+00,2.110521E+01,3.971696E+01,2.388823E+01,4.808958E+01
21:20:00,9.387594E+02,3.457382E+03,3.186614E-02,3.048699E-01,0.000000E+00,0.000000E+00,0.000000E+00,0.000000E+00,0.000000E+00,0.000000E+00,0.000000E+00,0.000000E+00,2.111000E+01,4.949701E+01,2.388870E+01,4.736387E+01,3.680237E+03,2.750738E+03,1.249063E-01,2.425676E-01,0.000000E+00,0.000000E+00,0.000000E+00,0.000000E+00,0.000000E+00,0.000000E+00,0.000000E+00,0.000000E+00,2.110556E+01,4.030318E+01,2.388820E+01,4.852440E+01,2.228405E+03,1.722471E+03,7.563057E-02,1.518925E-01,0.000000E+00,0.000000E+00,0.000000E+00,0.000000E+00,0.000000E+00,0.000000E+00,0.000000E+00,0.000000E+00,2.110522E+01,3.963520E+01,2.388818E+01,4.846602E+01,3.746398E+03,2.788656E+03,1.271510E-01,2.459116E-01,0.000000E+00,0.000000E+00,0.000000E+00,0.000000E+00,0.000000E+00,0.000000E+00,0.000000E+00,0.000000E+00,2.110540E+01,4.011650E+01,2.388818E+01,4.852499E+01,2.254270E+03,1.884594E+03,7.650840E-02,1.661885E-01,0.000000E+00,0.000000E+00,0.000000E+00,0.000000E+00,0.000000E+00,0.000000E+00,0.000000E+00,0.000000E+00,2.110521E+01,3.971698E+01,2.388822E+01,4.812093E+01
21:30:00,9.387824E+02,3.450311E+03,3.186692E-02,3.042486E-01,0.000000E+00,0.000000E+00,0.000000E+00,0.000000E+00,0.000000E+00,0.000000E+00,0.000000E+00,0.000000E+00,2.111000E+01,4.949701E+01,2.388870E+01,4.737026E+01,3.680245E+03,2.732659E+03,1.249065E-01,2.409756E-01,0.000000E+00,0.000000E+00,0.000000E+00,0.000000E+00,0.000000E+00,0.000000E+00,0.000000E+00,0.000000E+00,2.110556E+01,4.030319E+01,2.388820E+01,4.853842E+01,2.228409E+03,1.710557E+03,7.563071E-02,1.508434E-01,0.000000E+00,0.000000E+00,0.000000E+00,0.000000E+00,0.000000E+00,0.000000E+00,0.000000E+00,0.000000E+00,2.110522E+01,3.963522E+01,2.388818E+01,4.847959E+01,3.746405E+03,2.768869E+03,1.271513E-01,2.441691E-01,0.000000E+00,0.000000E+00,0.000000E+00,0.000000E+00,0.000000E+00,0.000000E+00,0.000000E+00,0.000000E+00,2.110540E+01,4.011652E+01,2.388818E+01,4.854109E+01,2.254274E+03,1.863272E+03,7.650853E-02,1.643098E-01,0.000000E+00,0.000000E+00,0.000000E+00,0.000000E+00,0.000000E+00,0.000000E+00,0.000000E+00,0.000000E+00,2.110521E+01,3.971699E+01,2.388822E+01,4.814977E+01
21:40:00,9.388052E+02,3.443604E+03,3.186769E-02,3.036593E-01,0.000000E+00,0.000000E+00,0.000000E+00,0.000000E+00,0.000000E+00,0.000000E+00,0.000000E+00,0.000000E+00,2.111000E+01,4.949701E+01,2.388870E+01,4.737640E+01,3.680252E+03,2.715212E+03,1.249068E-01,2.394394E-01,0.000000E+00,0.000000E+00,0.000000E+00,0.000000E+00,0.000000E+00,0.000000E+00,0.000000E+00,0.000000E+00,2.110556E+01,4.030321E+01,2.388821E+01,4.855145E+01,2.228413E+03,1.699010E+03,7.563084E-02,1.498266E-01,0.000000E+00,0.000000E+00,0.000000E+00,0.000000E+00,0.000000E+00,0.000000E+00,0.000000E+00,0.000000E+00,2.110522E+01,3.963523E+01,2.388818E+01,4.849235E+01,3.746413E+03,2.749881E+03,1.271515E-01,2.424969E-01,0.000000E+00,0.000000E+00,0.000000E+00,0.000000E+00,0.000000E+00,0.000000E+00,0.000000E+00,0.000000E+00,2.110540E+01,4.011653E+01,2.388819E+01,4.855592E+01,2.254278E+03,1.843315E+03,7.650867E-02,1.625514E-01,0.000000E+00,0.000000E+00,0.000000E+00,0.000000E+00,0.000000E+00,0.000000E+00,0.000000E+00,0.000000E+00,2.110521E+01,3.971700E+01,2.388822E+01,4.817642E+01
21:50:00,9.388279E+02,3.437002E+03,3.186846E-02,3.030793E-01,0.000000E+00,0.000000E+00,0.000000E+00,0.000000E+00,0.000000E+00,0.000000E+00,0.000000E+00,0.000000E+00,2.111000E+01,4.949701E+01,2.388870E+01,4.738232E+01,3.680259E+03,2.698101E+03,1.249070E-01,2.379326E-01,0.000000E+00,0.000000E+00,0.000000E+00,0.000000E+00,0.000000E+00,0.000000E+00,0.000000E+00,0.000000E+00,2.110556E+01,4.030322E+01,2.388821E+01,4.856362E+01,2.228417E+03,1.687658E+03,7.563097E-02,1.488269E-01,0.000000E+00,0.000000E+00,0.000000E+00,0.000000E+00,0.000000E+00,0.000000E+00,0.000000E+00,0.000000E+00,2.110522E+01,3.963524E+01,2.388819E+01,4.850438E+01,3.746420E+03,2.731371E+03,1.271518E-01,2.408670E-01,0.000000E+00,0.000000E+00,0.000000E+00,0.000000E+00,0.000000E+00,0.000000E+00,0.000000E+00,0.000000E+00,2.110540E+01,4.011654E+01,2.388819E+01,4.856964E+01,2.254282E+03,1.824424E+03,7.650880E-02,1.608870E-01,0.000000E+00,0.000000E+00,0.000000E+00,0.000000E+00,0.000000E+00,0.000000E+00,0.000000E+00,0.000000E+00,2.110521E+01,3.971701E+01,2.388822E+01,4.820109E+01
22:00:00,9.388504E+02,3.430859E+03,3.186923E-02,3.025379E-01,0.000000E+00,0.000000E+00,0.000000E+00,0.000000E+00,0.000000E+00,0.000000E+00,0.000000E+00,0.000000E+00,2.111000E+01,4.949701E+01,2.388870E+01,4.738801E+01,3.680267E+03,2.681675E+03,1.249073E-01,2.364843E-01,0.000000E+00,0.000000E+00,0.000000E+00,0.000000E+00,0.000000E+00,0.000000E+00,0.000000E+00,0.000000E+00,2.110556E+01,4.030324E+01,2.388821E+01,4.857503E+01,2.228421E+03,1.676717E+03,7.563111E-02,1.478621E-01,0.000000E+00,0.000000E+00,0.000000E+00,0.000000E+00,0.000000E+00,0.000000E+00,0.000000E+00,0.000000E+00,2.110522E+01,3.963525E+01,2.388819E+01,4.851574E+01,3.746427E+03,2.713680E+03,1.271520E-01,2.393071E-01,0.000000E+00,0.000000E+00,0.000000E+00,0.000000E+00,0.000000E+00,0.000000E+00,0.000000E+00,0.000000E+00,2.110540E+01,4.011656E+01,2.388819E+01,4.858240E+01,2.254286E+03,1.806697E+03,7.650893E-02,1.593239E-01,0.000000E+00,0.000000E+00,0.000000E+00,0.000000E+00,0.000000E+00,0.000000E+00,0.000000E+00,0.000000E+00,2.110521E+01,3.971703E+01,2.388822E+01,4.822399E+01
22:10:00,9.388728E+02,3.424902E+03,3.186998E-02,3.020126E-01,0.000000E+00,0.000000E+00,0.000000E+00,0.000000E+00,0.000000E+00,0.000000E+00,0.000000E+00,0.000000E+00,2.111000E+01,4.949701E+01,2.388870E+01,4.739349E+01,3.680274E+03,2.665839E+03,1.249075E-01,2.350877E-01,0.000000E+00,0.000000E+00,0.000000E+00,0.000000E+00,0.000000E+00,0.000000E+00,0.000000E+00,0.000000E+00,2.110556E+01,4.030325E+01,2.388822E+01,4.858575E+01,2.228424E+03,1.666133E+03,7.563124E-02,1.469287E-01,0.000000E+00,0.000000E+00,0.000000E+00,0.000000E+00,0.000000E+00,0.000000E+00,0.000000E+00,0.000000E+00,2.110522E+01,3.963527E+01,2.388820E+01,4.852649E+01,3.746435E+03,2.696693E+03,1.271523E-01,2.378090E-01,0.000000E+00,0.000000E+00,0.000000E+00,0.000000E+00,0.000000E+00,0.000000E+00,0.000000E+00,0.000000E+00,2.110540E+01,4.011657E+01,2.388820E+01,4.859429E+01,2.254290E+03,1.789999E+03,7.650907E-02,1.578513E-01,0.000000E+00,0.000000E+00,0.000000E+00,0.000000E+00,0.000000E+00,0.000000E+00,0.000000E+00,0.000000E+00,2.110521E+01,3.971704E+01,2.388823E+01,4.824528E+01
22:20:00,9.388950E+02,3.419192E+03,3.187074E-02,3.015091E-01,0.000000E+00,0.000000E+00,0.000000E+00,0.000000E+00,0.000000E+00,0.000000E+00,0.000000E+00,0.000000E+00,2.111000E+01,4.949701E+01,2.388869E+01,4.739876E+01,3.680281E+03,2.650637E+03,1.249078E-01,2.337470E-01,0.000000E+00,0.000000E+00,0.000000E+00,0.000000E+00,0.000000E+00,0.000000E+00,0.000000E+00,0.000000E+00,2.110556E+01,4.030326E+01,2.388822E+01,4.859609E+01,2.228428E+03,1.655937E+03,7.563137E-02,1.460295E-01,0.000000E+00,0.000000E+00,0.000000E+00,0.000000E+00,0.000000E+00,0.000000E+00,0.000000E+00,0.000000E+00,2.110522E+01,3.963528E+01,2.388820E+01,4.853700E+01,3.746442E+03,2.680450E+03,1.271525E-01,2.363766E-01,0.000000E+00,0.000000E+00,0.000000E+00,0.000000E+00,0.000000E+00,0.000000E+00,0.000000E+00,0.000000E+00,2.110540E+01,4.011659E+01,2.388820E+01,4.860567E+01,2.254294E+03,1.774273E+03,7.650920E-02,1.564645E-01,0.000000E+00,0.000000E+00,0.000000E+00,0.000000E+00,0.000000E+00,0.000000E+00,0.000000E+00,0.000000E+00,2.110521E+01,3.971705E+01,2.388823E+01,4.826544E+01
22:30:00,9.389170E+02,3.413692E+03,3.187149E-02,3.010242E-01,0.000000E+00,0.000000E+00,0.000000E+00,0.000000E+00,0.000000E+00,0.000000E+00,0.000000E+00,0.000000E+00,2.111000E+01,4.949701E+01,2.388869E+01,4.740386E+01,3.680289E+03,2.636019E+03,1.249080E-01,2.324580E-01,0.000000E+00,0.000000E+00,0.000000E+00,0.000000E+00,0.000000E+00,0.000000E+00,0.000000E+00,0.000000E+00,2.110556E+01,4.030328E+01,2.388822E+01,4.860620E+01,2.228432E+03,1.646100E+03,7.563150E-02,1.451620E-01,0.000000E+00,0.000000E+00,0.000000E+00,0.000000E+00,0.000000E+00,0.000000E+00,0.000000E+00,0.000000E+00,2.110522E+01,3.963529E+01,2.388820E+01,4.854742E+01,3.746449E+03,2.664891E+03,1.271527E-01,2.350044E-01,0.000000E+00,0.000000E+00,0.000000E+00,0.000000E+00,0.000000E+00,0.000000E+00,0.000000E+00,0.000000E+00,2.110540E+01,4.011660E+01,2.388821E+01,4.861670E+01,2.254297E+03,1.759422E+03,7.650933E-02,1.551549E-01,0.000000E+00,0.000000E+00,0.000000E+00,0.000000E+00,0.000000E+00,0.000000E+00,0.000000E+00,0.000000E+00,2.110521E+01,3.971706E+01,2.388823E+01,4.828471E+01
22:40:00,9.389389E+02,3.408379E+03,3.187223E-02,3.005557E-01,0.000000E+00,0.000000E+00,0.000000E+00,0.000000E+00,0.000000E+00,0.000000E+00,0.000000E+00,0.000000E+00,2.111000E+01,4.949701E+01,2.388869E+01,4.740880E+01,3.680296E+03,2.621954E+03,1.249082E-01,2.312175E-01,0.000000E+00,0.000000E+00,0.000000E+00,0.000000E+00,0.000000E+00,0.000000E+00,0.000000E+00,0.000000E+00,2.110556E+01,4.030329E+01,2.388823E+01,4.861609E+01,2.228436E+03,1.636605E+03,7.563163E-02,1.443246E-01,0.000000E+00,0.000000E+00,0.000000E+00,0.000000E+00,0.000000E+00,0.000000E+00,0.000000E+00,0.000000E+00,2.110522E+01,3.963530E+01,2.388821E+01,4.855771E+01,3.746456E+03,2.649971E+03,1.271530E-01,2.336886E-01,0.000000E+00,0.000000E+00,0.000000E+00,0.000000E+00,0.000000E+00,0.000000E+00,0.000000E+00,0.000000E+00,2.110540E+01,4.011661E+01,2.388821E+01,4.862740E+01,2.254301E+03,1.745367E+03,7.650945E-02,1.539154E-01,0.000000E+00,0.000000E+00,0.000000E+00,0.000000E+00,0.000000E+00,0.000000E+00,0.000000E+00,0.000000E+00,2.110521E+01,3.971708E+01,2.388823E+01,4.830314E+01
22:50:00,9.389607E+02,3.403235E+03,3.187297E-02,3.001021E-01,0.000000E+00,0.000000E+00,0.000000E+00,0.000000E+00,0.000000E+00,0.000000E+00,0.000000E+00,0.000000E+00,2.111000E+01,4.949701E+01,2.388869E+01,4.741357E+01,3.680303E+03,2.608411E+03,1.249085E-01,2.300232E-01,0.000000E+00,0.000000E+00,0.000000E+00,0.000000E+00,0.000000E+00,0.000000E+00,0.000000E+00,0.000000E+00,2.110556E+01,4.030330E+01,2.388823E+01,4.862569E+01,2.228440E+03,1.627435E+03,7.563176E-02,1.435159E-01,0.000000E+00,0.000000E+00,0.000000E+00,0.000000E+00,0.000000E+00,0.000000E+00,0.000000E+00,0.000000E+00,2.110522E+01,3.963532E+01,2.388821E+01,4.856781E+01,3.746463E+03,2.635654E+03,1.271532E-01,2.324260E-01,0.000000E+00,0.000000E+00,0.000000E+00,0.000000E+00,0.000000E+00,0.000000E+00,0.000000E+00,0.000000E+00,2.110540E+01,4.011663E+01,2.388821E+01,4.863773E+01,2.254305E+03,1.732039E+03,7.650958E-02,1.527401E-01,0.000000E+00,0.000000E+00,0.000000E+00,0.000000E+00,0.000000E+00,0.000000E+00,0.000000E+00,0.000000E+00,2.110521E+01,3.971709E+01,2.388824E+01,4.832070E+01
23:00:00,9.389822E+02,3.398242E+03,3.187370E-02,2.996618E-01,0.000000E+00,0.000000E+00,0.000000E+00,0.000000E+00,0.000000E+00,0.000000E+00,0.000000E+00,0.000000E+00,2.111000E+01,4.949701E+01,2.388869E+01,4.741822E+01,3.680310E+03,2.595366E+03,1.249087E-01,2.288727E-01,0.000000E+00,0.000000E+00,0.000000E+00,0.000000E+00,0.000000E+00,0.000000E+00,0.000000E+00,0.000000E+00,2.110556E+01,4.030332E+01,2.388823E+01,4.863500E+01,2.228443E+03,1.618576E+03,7.563189E-02,1.427346E-01,0.000000E+00,0.000000E+00,0.000000E+00,0.000000E+00,0.000000E+00,0.000000E+00,0.000000E+00,0.000000E+00,2.110522E+01,3.963533E+01,2.388821E+01,4.857765E+01,3.746470E+03,2.621905E+03,1.271535E-01,2.312134E-01,0.000000E+00,0.000000E+00,0.000000E+00,0.000000E+00,0.000000E+00,0.000000E+00,0.000000E+00,0.000000E+00,2.110540E+01,4.011664E+01,2.388822E+01,4.864765E+01,2.254309E+03,1.719377E+03,7.650971E-02,1.516234E-01,0.000000E+00,0.000000E+00,0.000000E+00,0.000000E+00,0.000000E+00,0.000000E+00,0.000000E+00,0.000000E+00,2.110521E+01,3.971710E+01,2.388824E+01,4.833741E+01
23:10:00,9.390037E+02,3.393386E+03,3.187443E-02,2.992336E-01,0.000000E+00,0.000000E+00,0.000000E+00,0.000000E+00,0.000000E+00,0.000000E+00,0.000000E+00,0.000000E+00,2.111000E+01,4.949701E+01,2.388869E+01,4.742273E+01,3.680317E+03,2.582601E+03,1.249090E-01,2.277470E-01,0.000000E+00,0.000000E+00,0.000000E+00,0.000000E+00,0.000000E+00,0.000000E+00,0.000000E+00,0.000000E+00,2.110556E+01,4.030333E+01,2.388824E+01,4.864399E+01,2.228447E+03,1.609901E+03,7.563201E-02,1.419695E-01,0.000000E+00,0.000000E+00,0.000000E+00,0.000000E+00,0.000000E+00,0.000000E+00,0.000000E+00,0.000000E+00,2.110522E+01,3.963534E+01,2.388822E+01,4.858720E+01,3.746477E+03,2.608499E+03,1.271537E-01,2.300312E-01,0.000000E+00,0.000000E+00,0.000000E+00,0.000000E+00,0.000000E+00,0.000000E+00,0.000000E+00,0.000000E+00,2.110540E+01,4.011665E+01,2.388822E+01,4.865718E+01,2.254312E+03,1.707211E+03,7.650983E-02,1.505505E-01,0.000000E+00,0.000000E+00,0.000000E+00,0.000000E+00,0.000000E+00,0.000000E+00,0.000000E+00,0.000000E+00,2.110521E+01,3.971711E+01,2.388824E+01,4.835329E+01
23:20:00,9.390250E+02,3.388651E+03,3.187515E-02,2.988161E-01,0.000000E+00,0.000000E+00,0.000000E+00,0.000000E+00,0.000000E+00,0.000000E+00,0.000000E+00,0.000000E+00,2.111000E+01,4.949701E+01,2.388869E+01,4.742713E+01,3.680324E+03,2.570095E+03,1.249092E-01,2.266441E-01,0.000000E+00,0.000000E+00,0.000000E+00,0.000000E+00,0.000000E+00,0.000000E+00,0.000000E+00,0.000000E+00,2.110556E+01,4.030334E+01,2.388824E+01,4.865268E+01,2.228451E+03,1.601398E+03,7.563214E-02,1.412196E-01,0.000000E+00,0.000000E+00,0.000000E+00,0.000000E+00,0.000000E+00,0.000000E+00,0.000000E+00,0.000000E+00,2.110522E+01,3.963535E+01,2.388822E+01,4.859646E+01,3.746484E+03,2.595405E+03,1.271539E-01,2.288764E-01,0.000000E+00,0.000000E+00,0.000000E+00,0.000000E+00,0.000000E+00,0.000000E+00,0.000000E+00,0.000000E+00,2.110540E+01,4.011666E+01,2.388822E+01,4.866632E+01,2.254316E+03,1.695494E+03,7.650996E-02,1.495172E-01,0.000000E+00,0.000000E+00,0.000000E+00,0.000000E+00,0.000000E+00,0.000000E+00,0.000000E+00,0.000000E+00,2.110521E+01,3.971712E+01,2.388824E+01,4.836838E+01
23:30:00,9.390461E+02,3.384024E+03,3.187587E-02,2.984081E-01,0.000000E+00,0.000000E+00,0.000000E+00,0.000000E+00,0.000000E+00,0.000000E+00,0.000000E+00,0.000000E+00,2.111000E+01,4.949701E+01,2.388869E+01,4.743143E+01,3.680331E+03,2.557827E+03,1.249094E-01,2.255621E-01,0.000000E+00,0.000000E+00,0.000000E+00,0.000000E+00,0.000000E+00,0.000000E+00,0.000000E+00,0.000000E+00,2.110556E+01,4.030336E+01,2.388824E+01,4.866107E+01,2.228455E+03,1.593055E+03,7.563226E-02,1.404839E-01,0.000000E+00,0.000000E+00,0.000000E+00,0.000000E+00,0.000000E+00,0.000000E+00,0.000000E+00,0.000000E+00,2.110522E+01,3.963536E+01,2.388823E+01,4.860543E+01,3.746491E+03,2.582595E+03,1.271542E-01,2.277466E-01,0.000000E+00,0.000000E+00,0.000000E+00,0.000000E+00,0.000000E+00,0.000000E+00,0.000000E+00,0.000000E+00,2.110540E+01,4.011668E+01,2.388823E+01,4.867510E+01,2.254320E+03,1.684182E+03,7.651008E-02,1.485197E-01,0.000000E+00,0.000000E+00,0.000000E+00,0.000000E+00,0.000000E+00,0.000000E+00,0.000000E+00,0.000000E+00,2.110521E+01,3.971714E+01,2.388825E+01,4.838275E+01
23:40:00,9.390671E+02,3.379494E+03,3.187658E-02,2.980086E-01,0.000000E+00,0.000000E+00,0.000000E+00,0.000000E+00,0.000000E+00,0.000000E+00,0.000000E+00,0.000000E+00,2.111000E+01,4.949701E+01,2.388869E+01,4.743564E+01,3.680337E+03,2.545778E+03,1.249097E-01,2.244995E-01,0.000000E+00,0.000000E+00,0.000000E+00,0.000000E+00,0.000000E+00,0.000000E+00,0.000000E+00,0.000000E+00,2.110556E+01,4.030337E+01,2.388825E+01,4.866918E+01,2.228458E+03,1.584861E+03,7.563238E-02,1.397612E-01,0.000000E+00,0.000000E+00,0.000000E+00,0.000000E+00,0.000000E+00,0.000000E+00,0.000000E+00,0.000000E+00,2.110522E+01,3.963538E+01,2.388823E+01,4.861412E+01,3.746498E+03,2.570043E+03,1.271544E-01,2.266397E-01,0.000000E+00,0.000000E+00,0.000000E+00,0.000000E+00,0.000000E+00,0.000000E+00,0.000000E+00,0.000000E+00,2.110540E+01,4.011669E+01,2.388823E+01,4.868353E+01,2.254323E+03,1.673238E+03,7.651020E-02,1.475545E-01,0.000000E+00,0.000000E+00,0.000000E+00,0.000000E+00,0.000000E+00,0.000000E+00,0.000000E+00,0.000000E+00,2.110521E+01,3.971715E+01,2.388825E+01,4.839645E+01
23:50:00,9.390880E+02,3.375048E+03,3.187729E-02,2.976166E-01,0.000000E+00,0.000000E+00,0.000000E+00,0.000000E+00,0.000000E+00,0.000000E+00,0.000000E+00,0.000000E+00,2.111000E+01,4.949701E+01,2.388869E+01,4.743977E+01,3.680344E+03,2.533930E+03,1.249099E-01,2.234547E-01,0.000000E+00,0.000000E+00,0.000000E+00,0.000000E+00,0.000000E+00,0.000000E+00,0.000000E+00,0.000000E+00,2.110556E+01,4.030338E+01,2.388825E+01,4.867703E+01,2.228462E+03,1.576805E+03,7.563251E-02,1.390508E-01,0.000000E+00,0.000000E+00,0.000000E+00,0.000000E+00,0.000000E+00,0.000000E+00,0.000000E+00,0.000000E+00,2.110522E+01,3.963539E+01,2.388823E+01,4.862254E+01,3.746505E+03,2.557728E+03,1.271546E-01,2.255537E-01,0.000000E+00,0.000000E+00,0.000000E+00,0.000000E+00,0.000000E+00,0.000000E+00,0.000000E+00,0.000000E+00,2.110540E+01,4.011670E+01,2.388823E+01,4.869165E+01,2.254327E+03,1.662628E+03,7.651032E-02,1.466188E-01,0.000000E+00,0.000000E+00,0.000000E+00,0.000000E+00,0.000000E+00,0.000000E+00,0.000000E+00,0.000000E+00,2.110521E+01,3.971716E+01,2.388825E+01,4.840953E+01
24:00:00,9.391087E+02,3.370676E+03,3.187799E-02,2.972311E-01,0.000000E+00,0.000000E+00,0.000000E+00,0.000000E+00,0.000000E+00,0.000000E+00,0.000000E+00,0.000000E+00,2.111000E+01,4.949701E+01,2.388869E+01,4.744383E+01,3.680351E+03,2.522269E+03,1.249101E-01,2.224262E-01,0.000000E+00,0.000000E+00,0.000000E+00,0.000000E+00,0.000000E+00,0.000000E+00,0.000000E+00,0.000000E+00,2.110556E+01,4.030339E+01,2.388825E+01,4.868463E+01,2.228465E+03,1.568878E+03,7.563263E-02,1.383517E-01,0.000000E+00,0.000000E+00,0.000000E+00,0.000000E+00,0.000000E+00,0.000000E+00,0.000000E+00,0.000000E+00,2.110522E+01,3.963540E+01,2.388824E+01,4.863071E+01,3.746511E+03,2.545631E+03,1.271549E-01,2.244868E-01,0.000000E+00,0.000000E+00,0.000000E+00,0.000000E+00,0.000000E+00,0.000000E+00,0.000000E+00,0.000000E+00,2.110540E+01,4.011672E+01,2.388824E+01,4.869948E+01,2.254330E+03,1.652321E+03,7.651045E-02,1.457099E-01,0.000000E+00,0.000000E+00,0.000000E+00,0.000000E+00,0.000000E+00,0.000000E+00,0.000000E+00,0.000000E+00,2.110521E+01,3.971717E+01,2.388826E+01,4.842204E+01
Peak,9.391087E+02,3.581128E+03,3.187799E-02,3.157812E-01,0.000000E+00,0.000000E+00,0.000000E+00,0.000000E+00,0.000000E+00,0.000000E+00,0.000000E+00,0.000000E+00,,,,,3.680351E+03,3.398341E+03,1.249101E-01,2.996829E-01,0.000000E+00,0.000000E+00,0.000000E+00,0.000000E+00,0.000000E+00,0.000000E+00,0.000000E+00,0.000000E+00,,,,,2.228465E+03,2.516601E+03,7.563263E-02,2.219094E-01,0.000000E+00,0.000000E+00,0.000000E+00,0.000000E+00,0.000000E+00,0.000000E+00,0.000000E+00,0.000000E+00,,,,,3.746511E+03,3.394476E+03,1.271549E-01,2.993426E-01,0.000000E+00,0.000000E+00,0.000000E+00,0.000000E+00,0.000000E+00,0.000000E+00,0.000000E+00,0.000000E+00,,,,,2.254330E+03,2.804405E+03,7.651045E-02,2.472963E-01,0.000000E+00,0.000000E+00,0.000000E+00,0.000000E+00,0.000000E+00,0.000000E+00,0.000000E+00,0.000000E+00,,,,

Peak Vol Flow (m3/s),,,2.745758E-02,2.719929E-01,,,0.000000E+00,0.000000E+00,,,,,,,,,,,1.075893E-01,2.581269E-01,,,0.000000E+00,0.000000E+00,,,,,,,,,,,6.514492E-02,1.911380E-01,,,0.000000E+00,0.000000E+00,,,,,,,,,,,1.095227E-01,2.578339E-01,,,0.000000E+00,0.000000E+00,,,,,,,,,,,6.590101E-02,2.130046E-01,,,0.000000E+00,0.000000E+00,,,,,,,,
