Time,CORE_ZN ZN PSZ-AC-1:DesPer 1:Des Heat Mass Flow [kg/s],CORE_ZN ZN PSZ-AC-1:DesPer 1:Des Heat Cap [W],CORE_ZN ZN PSZ-AC-1:DesPer 1:Des Cool Mass Flow [kg/s],CORE_ZN ZN PSZ-AC-1:DesPer 1:Des Sens Cool Cap [W],CORE_ZN ZN PSZ-AC-1:DesPer 1:Des Tot Cool Cap [W],CORE_ZN ZN PSZ-AC-1:DesPer 2:Des Heat Mass Flow [kg/s],CORE_ZN ZN PSZ-AC-1:DesPer 2:Des Heat Cap [W],CORE_ZN ZN PSZ-AC-1:DesPer 2:Des Cool Mass Flow [kg/s],CORE_ZN ZN PSZ-AC-1:DesPer 2:Des Sens Cool Cap [W],CORE_ZN ZN PSZ-AC-1:DesPer 2:Des Tot Cool Cap [W],CORE_ZN ZN PSZ-AC-1:DesPer 3:Des Heat Mass Flow [kg/s],CORE_ZN ZN PSZ-AC-1:DesPer 3:Des Heat Cap [W],CORE_ZN ZN PSZ-AC-1:DesPer 3:Des Cool Mass Flow [kg/s],CORE_ZN ZN PSZ-AC-1:DesPer 3:Des Sens Cool Cap [W],CORE_ZN ZN PSZ-AC-1:DesPer 3:Des Tot Cool Cap [W],PERIMETER_ZN_1 ZN PSZ-AC-2:DesPer 1:Des Heat Mass Flow [kg/s],PERIMETER_ZN_1 ZN PSZ-AC-2:DesPer 1:Des Heat Cap [W],PERIMETER_ZN_1 ZN PSZ-AC-2:DesPer 1:Des Cool Mass Flow [kg/s],PERIMETER_ZN_1 ZN PSZ-AC-2:DesPer 1:Des Sens Cool Cap [W],PERIMETER_ZN_1 ZN PSZ-AC-2:DesPer 1:Des Tot Cool Cap [W],PERIMETER_ZN_1 ZN PSZ-AC-2:DesPer 2:Des Heat Mass Flow [kg/s],PERIMETER_ZN_1 ZN PSZ-AC-2:DesPer 2:Des Heat Cap [W],PERIMETER_ZN_1 ZN PSZ-AC-2:DesPer 2:Des Cool Mass Flow [kg/s],PERIMETER_ZN_1 ZN PSZ-AC-2:DesPer 2:Des Sens Cool Cap [W],PERIMETER_ZN_1 ZN PSZ-AC-2:DesPer 2:Des Tot Cool Cap [W],PERIMETER_ZN_1 ZN PSZ-AC-2:DesPer 3:Des Heat Mass Flow [kg/s],PERIMETER_ZN_1 ZN PSZ-AC-2:DesPer 3:Des Heat Cap [W],PERIMETER_ZN_1 ZN PSZ-AC-2:DesPer 3:Des Cool Mass Flow [kg/s],PERIMETER_ZN_1 ZN PSZ-AC-2:DesPer 3:Des Sens Cool Cap [W],PERIMETER_ZN_1 ZN PSZ-AC-2:DesPer 3:Des Tot Cool Cap [W],PERIMETER_ZN_2 ZN PSZ-AC-3:DesPer 1:Des Heat Mass Flow [kg/s],PERIMETER_ZN_2 ZN PSZ-AC-3:DesPer 1:Des Heat Cap [W],PERIMETER_ZN_2 ZN PSZ-AC-3:DesPer 1:Des Cool Mass Flow [kg/s],PERIMETER_ZN_2 ZN PSZ-AC-3:DesPer 1:Des Sens Cool Cap [W],PERIMETER_ZN_2 ZN PSZ-AC-3:DesPer 1:Des Tot Cool Cap [W],PERIMETER_ZN_2 ZN PSZ-AC-3:DesPer 2:Des Heat Mass Flow [kg/s],PERIMETER_ZN_2 ZN PSZ-AC-3:DesPer 2:Des Heat Cap [W],PERIMETER_ZN_2 ZN PSZ-AC-3:DesPer 2:Des Cool Mass Flow [kg/s],PERIMETER_ZN_2 ZN PSZ-AC-3:DesPer 2:Des Sens Cool Cap [W],PERIMETER_ZN_2 ZN PSZ-AC-3:DesPer 2:Des Tot Cool Cap [W],PERIMETER_ZN_2 ZN PSZ-AC-3:DesPer 3:Des Heat Mass Flow [kg/s],PERIMETER_ZN_2 ZN PSZ-AC-3:DesPer 3:Des Heat Cap [W],PERIMETER_ZN_2 ZN PSZ-AC-3:DesPer 3:Des Cool Mass Flow [kg/s],PERIMETER_ZN_2 ZN PSZ-AC-3:DesPer 3:Des Sens Cool Cap [W],PERIMETER_ZN_2 ZN PSZ-AC-3:DesPer 3:Des Tot Cool Cap [W],PERIMETER_ZN_3 ZN PSZ-AC-4:DesPer 1:Des Heat Mass Flow [kg/s],PERIMETER_ZN_3 ZN PSZ-AC-4:DesPer 1:Des Heat Cap [W],PERIMETER_ZN_3 ZN PSZ-AC-4:DesPer 1:Des Cool Mass Flow [kg/s],PERIMETER_ZN_3 ZN PSZ-AC-4:DesPer 1:Des Sens Cool Cap [W],PERIMETER_ZN_3 ZN PSZ-AC-4:DesPer 1:Des Tot Cool Cap [W],PERIMETER_ZN_3 ZN PSZ-AC-4:DesPer 2:Des Heat Mass Flow [kg/s],PERIMETER_ZN_3 ZN PSZ-AC-4:DesPer 2:Des Heat Cap [W],PERIMETER_ZN_3 ZN PSZ-AC-4:DesPer 2:Des Cool Mass Flow [kg/s],PERIMETER_ZN_3 ZN PSZ-AC-4:DesPer 2:Des Sens Cool Cap [W],PERIMETER_ZN_3 ZN PSZ-AC-4:DesPer 2:Des Tot Cool Cap [W],PERIMETER_ZN_3 ZN PSZ-AC-4:DesPer 3:Des Heat Mass Flow [kg/s],PERIMETER_ZN_3 ZN PSZ-AC-4:DesPer 3:Des Heat Cap [W],PERIMETER_ZN_3 ZN PSZ-AC-4:DesPer 3:Des Cool Mass Flow [kg/s],PERIMETER_ZN_3 ZN PSZ-AC-4:DesPer 3:Des Sens Cool Cap [W],PERIMETER_ZN_3 ZN PSZ-AC-4:DesPer 3:Des Tot Cool Cap [W],PERIMETER_ZN_4 ZN PSZ-AC-5:DesPer 1:Des Heat Mass Flow [kg/s],PERIMETER_ZN_4 ZN PSZ-AC-5:DesPer 1:Des Heat Cap [W],PERIMETER_ZN_4 ZN PSZ-AC-5:DesPer 1:Des Cool Mass Flow [kg/s],PERIMETER_ZN_4 ZN PSZ-AC-5:DesPer 1:Des Sens Cool Cap [W],PERIMETER_ZN_4 ZN PSZ-AC-5:DesPer 1:Des Tot Cool Cap [W],PERIMETER_ZN_4 ZN PSZ-AC-5:DesPer 2:Des Heat Mass Flow [kg/s],PERIMETER_ZN_4 ZN PSZ-AC-5:DesPer 2:Des Heat Cap [W],PERIMETER_ZN_4 ZN PSZ-AC-5:DesPer 2:Des Cool Mass Flow [kg/s],PERIMETER_ZN_4 ZN PSZ-AC-5:DesPer 2:Des Sens Cool Cap [W],PERIMETER_ZN_4 ZN PSZ-AC-5:DesPer 2:Des Tot Cool Cap [W],PERIMETER_ZN_4 ZN PSZ-AC-5:DesPer 3:Des Heat Mass Flow [kg/s],PERIMETER_ZN_4 ZN PSZ-AC-5:DesPer 3:Des Heat Cap [W],PERIMETER_ZN_4 ZN PSZ-AC-5:DesPer 3:Des Cool Mass Flow [kg/s],PERIMETER_ZN_4 ZN PSZ-AC-5:DesPer 3:Des Sens Cool Cap [W],PERIMETER_ZN_4 ZN PSZ-AC-5:DesPer 3:Des Tot Cool Cap [W]
00:10:00,7.502560E-02,1.770537E+03,3.562085E-01,4.175028E+03,5.805269E+03,7.502560E-02,2.011785E+03,3.467305E-01,3.827958E+03,6.204702E+03,7.502560E-02,4.244464E+03,7.502560E-02,0.000000E+00,0.000000E+00,5.687426E-02,1.342182E+03,2.656987E-01,3.116501E+03,4.473588E+03,5.687426E-02,1.525063E+03,2.400870E-01,2.647648E+03,4.592678E+03,1.498807E-01,5.918003E+03,5.687426E-02,0.000000E+00,0.000000E+00,3.373854E-02,7.961994E+02,1.651983E-01,1.933400E+03,2.752432E+03,3.373854E-02,9.046873E+02,1.502029E-01,1.657476E+03,2.829019E+03,9.075300E-02,3.564133E+03,3.373854E-02,0.000000E+00,0.000000E+00,5.687426E-02,1.342182E+03,2.681284E-01,3.143623E+03,4.507878E+03,5.687426E-02,1.525063E+03,2.420423E-01,2.669473E+03,4.623140E+03,1.525744E-01,5.996230E+03,5.687426E-02,0.000000E+00,0.000000E+00,3.373854E-02,7.961994E+02,1.737928E-01,2.029355E+03,2.853770E+03,3.373854E-02,9.046873E+02,1.583144E-01,1.748037E+03,2.925641E+03,9.180641E-02,3.594719E+03,3.373854E-02,0.000000E+00,0.000000E+00
00:20:00,7.502560E-02,1.777699E+03,3.557460E-01,4.162702E+03,5.792541E+03,7.502560E-02,2.018947E+03,3.462660E-01,3.815610E+03,6.191927E+03,7.502560E-02,4.244464E+03,7.502560E-02,0.000000E+00,0.000000E+00,5.687426E-02,1.347611E+03,2.645122E-01,3.097825E+03,4.452800E+03,5.687426E-02,1.530493E+03,2.390121E-01,2.630219E+03,4.575435E+03,1.498693E-01,5.917673E+03,5.687426E-02,0.000000E+00,0.000000E+00,3.373854E-02,7.994201E+02,1.643919E-01,1.921177E+03,2.738805E+03,3.373854E-02,9.079080E+02,1.494689E-01,1.646061E+03,2.817812E+03,9.074689E-02,3.563956E+03,3.373854E-02,0.000000E+00,0.000000E+00,5.687426E-02,1.347611E+03,2.669018E-01,3.124500E+03,4.486564E+03,5.687426E-02,1.530493E+03,2.409538E-01,2.651891E+03,4.605820E+03,1.525630E-01,5.995900E+03,5.687426E-02,0.000000E+00,0.000000E+00,3.373854E-02,7.994201E+02,1.727660E-01,2.014671E+03,2.837579E+03,3.373854E-02,9.079080E+02,1.573696E-01,1.734269E+03,2.912059E+03,9.180033E-02,3.594543E+03,3.373854E-02,0.000000E+00,0.000000E+00
00:30:00,7.502560E-02,1.784861E+03,3.552893E-01,4.150441E+03,5.779879E+03,7.502560E-02,2.026109E+03,3.458073E-01,3.803326E+03,6.179219E+03,7.502560E-02,4.244464E+03,7.502560E-02,0.000000E+00,0.000000E+00,5.687426E-02,1.353040E+03,2.633510E-01,3.079433E+03,4.432342E+03,5.687426E-02,1.535922E+03,2.379472E-01,2.612901E+03,4.558461E+03,1.498580E-01,5.917346E+03,5.687426E-02,0.000000E+00,0.000000E+00,3.373854E-02,8.026409E+02,1.636024E-01,1.909141E+03,2.725399E+03,3.373854E-02,9.111288E+02,1.487411E-01,1.634715E+03,2.806770E+03,9.074084E-02,3.563780E+03,3.373854E-02,0.000000E+00,0.000000E+00,5.687426E-02,1.353040E+03,2.657031E-01,3.105689E+03,4.465613E+03,5.687426E-02,1.535922E+03,2.398764E-01,2.634433E+03,4.588786E+03,1.525517E-01,5.995572E+03,5.687426E-02,0.000000E+00,0.000000E+00,3.373854E-02,8.026409E+02,1.717695E-01,2.000325E+03,2.821764E+03,3.373854E-02,9.111288E+02,1.564475E-01,1.720754E+03,2.898829E+03,9.179430E-02,3.594368E+03,3.373854E-02,0.000000E+00,0.000000E+00
00:40:00,7.502560E-02,1.792023E+03,3.548379E-01,4.138239E+03,5.767277E+03,7.502560E-02,2.033271E+03,3.453538E-01,3.791101E+03,6.166570E+03,7.502560E-02,4.244464E+03,7.502560E-02,0.000000E+00,0.000000E+00,5.687426E-02,1.358470E+03,2.622144E-01,3.061315E+03,4.412204E+03,5.687426E-02,1.541351E+03,2.368945E-01,2.595718E+03,4.541721E+03,1.498469E-01,5.917021E+03,5.687426E-02,0.000000E+00,0.000000E+00,3.373854E-02,8.058616E+02,1.628290E-01,1.897287E+03,2.712205E+03,3.373854E-02,9.143495E+02,1.480214E-01,1.623459E+03,2.795874E+03,9.073483E-02,3.563605E+03,3.373854E-02,0.000000E+00,0.000000E+00,5.687426E-02,1.358470E+03,2.645314E-01,3.087179E+03,4.445011E+03,5.687426E-02,1.541351E+03,2.388072E-01,2.617067E+03,4.571933E+03,1.525405E-01,5.995247E+03,5.687426E-02,0.000000E+00,0.000000E+00,3.373854E-02,8.058616E+02,1.708013E-01,1.986295E+03,2.806303E+03,3.373854E-02,9.143495E+02,1.555446E-01,1.707452E+03,2.885865E+03,9.178832E-02,3.594194E+03,3.373854E-02,0.000000E+00,0.000000E+00
00:50:00,7.502560E-02,1.799185E+03,3.543913E-01,4.126091E+03,5.754731E+03,7.502560E-02,2.040433E+03,3.449053E-01,3.778931E+03,6.143622E+03,7.502560E-02,4.244464E+03,7.502560E-02,0.000000E+00,0.000000E+00,5.687426E-02,1.363899E+03,2.611017E-01,3.043464E+03,4.392372E+03,5.687426E-02,1.546781E+03,2.358538E-01,2.578670E+03,4.517339E+03,1.498358E-01,5.916699E+03,5.687426E-02,0.000000E+00,0.000000E+00,3.373854E-02,8.090823E+02,1.620715E-01,1.885610E+03,2.699214E+03,3.373854E-02,9.175702E+02,1.473101E-01,1.612296E+03,2.780458E+03,9.072886E-02,3.563432E+03,3.373854E-02,0.000000E+00,0.000000E+00,5.687426E-02,1.363899E+03,2.633857E-01,3.068960E+03,4.424741E+03,5.687426E-02,1.546781E+03,2.377488E-01,2.599821E+03,4.547419E+03,1.525294E-01,5.994925E+03,5.687426E-02,0.000000E+00,0.000000E+00,3.373854E-02,8.090823E+02,1.698598E-01,1.972564E+03,2.791170E+03,3.373854E-02,9.175702E+02,1.546575E-01,1.694328E+03,2.868453E+03,9.178238E-02,3.594022E+03,3.373854E-02,0.000000E+00,0.000000E+00
01:00:00,7.502560E-02,1.806347E+03,3.539492E-01,4.113994E+03,5.742235E+03,7.502560E-02,2.047596E+03,3.444612E-01,3.766811E+03,6.110405E+03,7.502560E-02,4.244464E+03,7.502560E-02,0.000000E+00,0.000000E+00,5.687426E-02,1.369328E+03,2.600123E-01,3.025872E+03,4.372836E+03,5.687426E-02,1.552210E+03,2.348250E-01,2.561754E+03,4.485181E+03,1.498247E-01,5.916379E+03,5.687426E-02,0.000000E+00,0.000000E+00,3.373854E-02,8.123031E+02,1.613294E-01,1.874105E+03,2.686417E+03,3.373854E-02,9.207910E+02,1.466071E-01,1.601226E+03,2.760424E+03,9.072295E-02,3.563260E+03,3.373854E-02,0.000000E+00,0.000000E+00,5.687426E-02,1.369328E+03,2.622652E-01,3.051021E+03,4.404790E+03,5.687426E-02,1.552210E+03,2.367021E-01,2.582705E+03,4.515118E+03,1.525184E-01,5.994605E+03,5.687426E-02,0.000000E+00,0.000000E+00,3.373854E-02,8.123031E+02,1.689436E-01,1.959114E+03,2.776346E+03,3.373854E-02,9.207910E+02,1.537872E-01,1.681389E+03,2.846510E+03,9.177650E-02,3.593851E+03,3.373854E-02,0.000000E+00,0.000000E+00
01:10:00,7.502560E-02,1.811122E+03,3.535247E-01,4.104479E+03,5.732403E+03,7.502560E-02,2.052370E+03,3.440351E-01,3.757278E+03,6.086814E+03,7.502560E-02,4.244464E+03,7.502560E-02,0.000000E+00,0.000000E+00,5.687426E-02,1.372948E+03,2.589596E-01,3.010500E+03,4.355627E+03,5.687426E-02,1.555830E+03,2.338231E-01,2.546948E+03,4.460197E+03,1.498255E-01,5.916402E+03,5.687426E-02,0.000000E+00,0.000000E+00,3.373854E-02,8.144502E+02,1.606100E-01,1.863926E+03,2.675011E+03,3.373854E-02,9.229381E+02,1.459205E-01,1.591414E+03,2.744611E+03,9.072338E-02,3.563273E+03,3.373854E-02,0.000000E+00,0.000000E+00,5.687426E-02,1.372948E+03,2.611833E-01,3.035323E+03,4.387189E+03,5.687426E-02,1.555830E+03,2.356823E-01,2.567700E+03,4.489973E+03,1.525192E-01,5.994628E+03,5.687426E-02,0.000000E+00,0.000000E+00,3.373854E-02,8.144502E+02,1.680593E-01,1.947095E+03,2.763019E+03,3.373854E-02,9.229381E+02,1.529418E-01,1.669803E+03,2.828867E+03,9.177692E-02,3.593863E+03,3.373854E-02,0.000000E+00,0.000000E+00
01:20:00,7.502560E-02,1.815897E+03,3.531042E-01,4.095009E+03,5.722617E+03,7.502560E-02,2.057145E+03,3.436129E-01,3.747789E+03,6.063317E+03,7.502560E-02,4.244464E+03,7.502560E-02,0.000000E+00,0.000000E+00,5.687426E-02,1.376567E+03,2.579372E-01,2.995467E+03,4.338837E+03,5.687426E-02,1.559449E+03,2.328422E-01,2.532376E+03,4.435152E+03,1.498263E-01,5.916425E+03,5.687426E-02,0.000000E+00,0.000000E+00,3.373854E-02,8.165974E+02,1.599100E-01,1.853964E+03,2.663875E+03,3.373854E-02,9.250853E+02,1.452476E-01,1.581754E+03,2.728734E+03,9.072381E-02,3.563285E+03,3.373854E-02,0.000000E+00,0.000000E+00,5.687426E-02,1.376567E+03,2.601336E-01,3.019985E+03,4.370033E+03,5.687426E-02,1.559449E+03,2.346841E-01,2.552934E+03,4.464753E+03,1.525200E-01,5.994651E+03,5.687426E-02,0.000000E+00,0.000000E+00,3.373854E-02,8.165974E+02,1.672026E-01,1.935384E+03,2.750058E+03,3.373854E-02,9.250853E+02,1.521177E-01,1.658455E+03,2.811232E+03,9.177735E-02,3.593876E+03,3.373854E-02,0.000000E+00,0.000000E+00
01:30:00,7.502560E-02,1.820671E+03,3.526875E-01,4.085581E+03,5.712874E+03,7.502560E-02,2.061920E+03,3.431945E-01,3.738344E+03,6.039914E+03,7.502560E-02,4.244464E+03,7.502560E-02,0.000000E+00,0.000000E+00,5.687426E-02,1.380187E+03,2.569450E-01,2.980770E+03,4.322471E+03,5.687426E-02,1.563069E+03,2.318829E-01,2.518046E+03,4.410104E+03,1.498271E-01,5.916448E+03,5.687426E-02,0.000000E+00,0.000000E+00,3.373854E-02,8.187445E+02,1.592292E-01,1.844217E+03,2.653014E+03,3.373854E-02,9.272324E+02,1.445887E-01,1.572249E+03,2.712837E+03,9.072423E-02,3.563298E+03,3.373854E-02,0.000000E+00,0.000000E+00,5.687426E-02,1.380187E+03,2.591159E-01,3.005004E+03,4.353326E+03,5.687426E-02,1.563069E+03,2.337080E-01,2.538416E+03,4.439521E+03,1.525208E-01,5.994674E+03,5.687426E-02,0.000000E+00,0.000000E+00,3.373854E-02,8.187445E+02,1.663728E-01,1.923973E+03,2.737462E+03,3.373854E-02,9.272324E+02,1.513146E-01,1.647340E+03,2.793651E+03,9.177777E-02,3.593888E+03,3.373854E-02,0.000000E+00,0.000000E+00
01:40:00,7.502560E-02,1.825446E+03,3.522746E-01,4.076197E+03,5.703175E+03,7.502560E-02,2.066694E+03,3.427800E-01,3.728941E+03,6.016604E+03,7.502560E-02,4.244464E+03,7.502560E-02,0.000000E+00,0.000000E+00,5.687426E-02,1.383806E+03,2.559827E-01,2.966408E+03,4.306523E+03,5.687426E-02,1.566688E+03,2.309457E-01,2.503961E+03,4.385143E+03,1.498279E-01,5.916471E+03,5.687426E-02,0.000000E+00,0.000000E+00,3.373854E-02,8.208917E+02,1.585676E-01,1.834683E+03,2.642421E+03,3.373854E-02,9.293796E+02,1.439440E-01,1.562904E+03,2.696985E+03,9.072465E-02,3.563310E+03,3.373854E-02,0.000000E+00,0.000000E+00,5.687426E-02,1.383806E+03,2.581299E-01,2.990377E+03,4.337060E+03,5.687426E-02,1.566688E+03,2.327546E-01,2.524152E+03,4.414372E+03,1.525215E-01,5.994696E+03,5.687426E-02,0.000000E+00,0.000000E+00,3.373854E-02,8.208917E+02,1.655691E-01,1.912853E+03,2.725215E+03,3.373854E-02,9.293796E+02,1.505323E-01,1.636458E+03,2.776186E+03,9.177819E-02,3.593900E+03,3.373854E-02,0.000000E+00,0.000000E+00
01:50:00,7.502560E-02,1.830221E+03,3.518655E-01,4.066855E+03,5.693522E+03,7.502560E-02,2.071469E+03,3.423692E-01,3.719580E+03,5.993387E+03,7.502560E-02,4.244464E+03,7.502560E-02,0.000000E+00,0.000000E+00,5.687426E-02,1.387426E+03,2.550503E-01,2.952379E+03,4.290980E+03,5.687426E-02,1.570308E+03,2.300316E-01,2.490136E+03,4.360353E+03,1.498287E-01,5.916493E+03,5.687426E-02,0.000000E+00,0.000000E+00,3.373854E-02,8.230389E+02,1.579249E-01,1.825362E+03,2.632088E+03,3.373854E-02,9.315267E+02,1.433141E-01,1.553724E+03,2.681236E+03,9.072506E-02,3.563322E+03,3.373854E-02,0.000000E+00,0.000000E+00,5.687426E-02,1.387426E+03,2.571754E-01,2.976101E+03,4.321221E+03,5.687426E-02,1.570308E+03,2.318250E-01,2.510154E+03,4.389396E+03,1.525223E-01,5.994719E+03,5.687426E-02,0.000000E+00,0.000000E+00,3.373854E-02,8.230389E+02,1.647907E-01,1.902015E+03,2.713302E+03,3.373854E-02,9.315267E+02,1.497708E-01,1.625809E+03,2.758892E+03,9.177860E-02,3.593912E+03,3.373854E-02,0.000000E+00,0.000000E+00
02:00:00,7.502560E-02,1.834995E+03,3.514604E-01,4.057557E+03,5.683912E+03,7.502560E-02,2.076244E+03,3.419623E-01,3.710262E+03,5.970261E+03,7.502560E-02,4.244464E+03,7.502560E-02,0.000000E+00,0.000000E+00,5.687426E-02,1.391045E+03,2.541476E-01,2.938682E+03,4.275833E+03,5.687426E-02,1.573927E+03,2.291418E-01,2.476582E+03,4.335799E+03,1.498294E-01,5.916515E+03,5.687426E-02,0.000000E+00,0.000000E+00,3.373854E-02,8.251860E+02,1.573012E-01,1.816251E+03,2.622006E+03,3.373854E-02,9.336739E+02,1.426997E-01,1.544716E+03,2.665630E+03,9.072548E-02,3.563334E+03,3.373854E-02,0.000000E+00,0.000000E+00,5.687426E-02,1.391045E+03,2.562521E-01,2.962174E+03,4.305797E+03,5.687426E-02,1.573927E+03,2.309203E-01,2.496432E+03,4.364657E+03,1.525231E-01,5.994741E+03,5.687426E-02,0.000000E+00,0.000000E+00,3.373854E-02,8.251860E+02,1.640371E-01,1.891455E+03,2.701707E+03,3.373854E-02,9.336739E+02,1.490303E-01,1.615394E+03,2.741807E+03,9.177901E-02,3.593924E+03,3.373854E-02,0.000000E+00,0.000000E+00
02:10:00,7.502560E-02,1.838576E+03,3.510591E-01,4.049495E+03,5.675569E+03,7.502560E-02,2.079825E+03,3.415591E-01,3.702179E+03,5.951805E+03,7.502560E-02,4.244464E+03,7.502560E-02,0.000000E+00,0.000000E+00,5.687426E-02,1.393760E+03,2.532655E-01,2.926119E+03,4.261879E+03,5.687426E-02,1.576642E+03,2.282695E-01,2.464128E+03,4.314886E+03,1.498302E-01,5.916537E+03,5.687426E-02,0.000000E+00,0.000000E+00,3.373854E-02,8.267964E+02,1.566909E-01,1.807827E+03,2.612648E+03,3.373854E-02,9.352843E+02,1.420968E-01,1.536375E+03,2.652194E+03,9.072589E-02,3.563346E+03,3.373854E-02,0.000000E+00,0.000000E+00,5.687426E-02,1.393760E+03,2.553508E-01,2.949398E+03,4.291585E+03,5.687426E-02,1.576642E+03,2.300338E-01,2.483821E+03,4.343567E+03,1.525238E-01,5.994763E+03,5.687426E-02,0.000000E+00,0.000000E+00,3.373854E-02,8.267964E+02,1.633023E-01,1.881642E+03,2.690899E+03,3.373854E-02,9.352843E+02,1.483064E-01,1.605702E+03,2.726952E+03,9.177942E-02,3.593936E+03,3.373854E-02,0.000000E+00,0.000000E+00
02:20:00,7.502560E-02,1.842157E+03,3.506617E-01,4.041477E+03,5.667271E+03,7.502560E-02,2.083406E+03,3.411597E-01,3.694139E+03,5.933420E+03,7.502560E-02,4.244464E+03,7.502560E-02,0.000000E+00,0.000000E+00,5.687426E-02,1.396475E+03,2.524038E-01,2.913785E+03,4.248203E+03,5.687426E-02,1.579357E+03,2.274145E-01,2.451868E+03,4.294143E+03,1.498309E-01,5.916559E+03,5.687426E-02,0.000000E+00,0.000000E+00,3.373854E-02,8.284067E+02,1.560941E-01,1.799554E+03,2.603473E+03,3.373854E-02,9.368946E+02,1.415053E-01,1.528161E+03,2.638869E+03,9.072629E-02,3.563357E+03,3.373854E-02,0.000000E+00,0.000000E+00,5.687426E-02,1.396475E+03,2.544711E-01,2.936862E+03,4.277664E+03,5.687426E-02,1.579357E+03,2.291654E-01,2.471410E+03,4.322651E+03,1.525246E-01,5.994785E+03,5.687426E-02,0.000000E+00,0.000000E+00,3.373854E-02,8.284067E+02,1.625860E-01,1.872034E+03,2.680331E+03,3.373854E-02,9.368946E+02,1.475987E-01,1.596191E+03,2.712263E+03,9.177983E-02,3.593947E+03,3.373854E-02,0.000000E+00,0.000000E+00
02:30:00,7.502560E-02,1.845739E+03,3.502681E-01,4.033501E+03,5.659017E+03,7.502560E-02,2.086987E+03,3.407640E-01,3.686140E+03,5.915105E+03,7.502560E-02,4.244464E+03,7.502560E-02,0.000000E+00,0.000000E+00,5.687426E-02,1.399189E+03,2.515623E-01,2.901675E+03,4.234803E+03,5.687426E-02,1.582071E+03,2.265769E-01,2.439801E+03,4.273579E+03,1.498317E-01,5.916581E+03,5.687426E-02,0.000000E+00,0.000000E+00,3.373854E-02,8.300171E+02,1.555105E-01,1.791428E+03,2.594480E+03,3.373854E-02,9.385050E+02,1.409253E-01,1.520075E+03,2.625663E+03,9.072670E-02,3.563369E+03,3.373854E-02,0.000000E+00,0.000000E+00,5.687426E-02,1.399189E+03,2.536124E-01,2.924561E+03,4.264032E+03,5.687426E-02,1.582071E+03,2.283147E-01,2.459198E+03,4.301921E+03,1.525253E-01,5.994806E+03,5.687426E-02,0.000000E+00,0.000000E+00,3.373854E-02,8.300171E+02,1.618874E-01,1.862625E+03,2.669999E+03,3.373854E-02,9.385050E+02,1.469069E-01,1.586856E+03,2.697745E+03,9.178023E-02,3.593959E+03,3.373854E-02,0.000000E+00,0.000000E+00
02:40:00,7.502560E-02,1.849320E+03,3.498782E-01,4.025568E+03,5.650806E+03,7.502560E-02,2.090568E+03,3.403720E-01,3.678182E+03,5.896860E+03,7.502560E-02,4.244464E+03,7.502560E-02,0.000000E+00,0.000000E+00,5.687426E-02,1.401904E+03,2.507405E-01,2.889787E+03,4.221671E+03,5.687426E-02,1.584786E+03,2.257564E-01,2.427927E+03,4.253207E+03,1.498324E-01,5.916602E+03,5.687426E-02,0.000000E+00,0.000000E+00,3.373854E-02,8.316275E+02,1.549398E-01,1.783447E+03,2.585665E+03,3.373854E-02,9.401154E+02,1.403567E-01,1.512116E+03,2.612583E+03,9.072710E-02,3.563381E+03,3.373854E-02,0.000000E+00,0.000000E+00,5.687426E-02,1.401904E+03,2.527744E-01,2.912491E+03,4.250681E+03,5.687426E-02,1.584786E+03,2.274818E-01,2.447185E+03,4.281388E+03,1.525261E-01,5.994828E+03,5.687426E-02,0.000000E+00,0.000000E+00,3.373854E-02,8.316275E+02,1.612062E-01,1.853410E+03,2.659894E+03,3.373854E-02,9.401154E+02,1.462305E-01,1.577694E+03,2.683401E+03,9.178063E-02,3.593971E+03,3.373854E-02,0.000000E+00,0.000000E+00
02:50:00,7.502560E-02,1.852901E+03,3.494920E-01,4.017675E+03,5.642638E+03,7.502560E-02,2.094149E+03,3.399836E-01,3.670264E+03,5.878684E+03,7.502560E-02,4.244464E+03,7.502560E-02,0.000000E+00,0.000000E+00,5.687426E-02,1.404619E+03,2.499383E-01,2.878116E+03,4.208798E+03,5.687426E-02,1.587501E+03,2.249531E-01,2.416243E+03,4.233037E+03,1.498332E-01,5.916624E+03,5.687426E-02,0.000000E+00,0.000000E+00,3.373854E-02,8.332378E+02,1.543821E-01,1.775610E+03,2.577019E+03,3.373854E-02,9.417257E+02,1.397994E-01,1.504284E+03,2.599635E+03,9.072749E-02,3.563392E+03,3.373854E-02,0.000000E+00,0.000000E+00,5.687426E-02,1.404619E+03,2.519568E-01,2.900649E+03,4.237601E+03,5.687426E-02,1.587501E+03,2.266666E-01,2.435368E+03,4.261063E+03,1.525268E-01,5.994849E+03,5.687426E-02,0.000000E+00,0.000000E+00,3.373854E-02,8.332378E+02,1.605419E-01,1.844382E+03,2.650007E+03,3.373854E-02,9.417257E+02,1.455693E-01,1.568702E+03,2.669235E+03,9.178102E-02,3.593982E+03,3.373854E-02,0.000000E+00,0.000000E+00
03:00:00,7.502560E-02,1.856482E+03,3.491095E-01,4.009823E+03,5.634514E+03,7.502560E-02,2.097730E+03,3.395987E-01,3.662386E+03,5.860575E+03,7.502560E-02,4.244464E+03,7.502560E-02,0.000000E+00,0.000000E+00,5.687426E-02,1.407333E+03,2.491554E-01,2.866660E+03,4.196177E+03,5.687426E-02,1.590215E+03,2.241669E-01,2.404751E+03,4.213077E+03,1.498339E-01,5.916645E+03,5.687426E-02,0.000000E+00,0.000000E+00,3.373854E-02,8.348482E+02,1.538369E-01,1.767913E+03,2.568539E+03,3.373854E-02,9.433361E+02,1.392533E-01,1.496577E+03,2.586824E+03,9.072789E-02,3.563404E+03,3.373854E-02,0.000000E+00,0.000000E+00,5.687426E-02,1.407333E+03,2.511593E-01,2.889030E+03,4.224782E+03,5.687426E-02,1.590215E+03,2.258689E-01,2.423748E+03,4.240952E+03,1.525275E-01,5.994870E+03,5.687426E-02,0.000000E+00,0.000000E+00,3.373854E-02,8.348482E+02,1.598940E-01,1.835539E+03,2.640328E+03,3.373854E-02,9.433361E+02,1.449229E-01,1.559875E+03,2.655248E+03,9.178141E-02,3.593994E+03,3.373854E-02,0.000000E+00,0.000000E+00
03:10:00,7.502560E-02,1.860063E+03,3.487306E-01,4.002011E+03,5.626430E+03,7.502560E-02,2.101311E+03,3.392174E-01,3.654548E+03,5.842535E+03,7.502560E-02,4.244464E+03,7.502560E-02,0.000000E+00,0.000000E+00,5.687426E-02,1.410048E+03,2.483833E-01,2.855326E+03,4.183691E+03,5.687426E-02,1.592930E+03,2.233897E-01,2.393360E+03,4.193219E+03,1.498346E-01,5.916666E+03,5.687426E-02,0.000000E+00,0.000000E+00,3.373854E-02,8.364586E+02,1.532995E-01,1.760303E+03,2.560152E+03,3.373854E-02,9.449465E+02,1.387138E-01,1.488944E+03,2.574089E+03,9.072828E-02,3.563415E+03,3.373854E-02,0.000000E+00,0.000000E+00,5.687426E-02,1.410048E+03,2.503733E-01,2.877541E+03,4.212106E+03,5.687426E-02,1.592930E+03,2.250808E-01,2.412235E+03,4.220950E+03,1.525283E-01,5.994891E+03,5.687426E-02,0.000000E+00,0.000000E+00,3.373854E-02,8.364586E+02,1.592571E-01,1.826819E+03,2.630782E+03,3.373854E-02,9.449465E+02,1.442865E-01,1.551159E+03,2.641375E+03,9.178180E-02,3.594005E+03,3.373854E-02,0.000000E+00,0.000000E+00
03:20:00,7.502560E-02,1.863644E+03,3.483551E-01,3.994238E+03,5.618386E+03,7.502560E-02,2.104892E+03,3.388395E-01,3.646747E+03,5.824561E+03,7.502560E-02,4.244464E+03,7.502560E-02,0.000000E+00,0.000000E+00,5.687426E-02,1.412763E+03,2.476217E-01,2.844109E+03,4.171332E+03,5.687426E-02,1.595644E+03,2.226211E-01,2.382064E+03,4.173463E+03,1.498353E-01,5.916687E+03,5.687426E-02,0.000000E+00,0.000000E+00,3.373854E-02,8.380689E+02,1.527695E-01,1.752776E+03,2.551857E+03,3.373854E-02,9.465568E+02,1.381807E-01,1.481381E+03,2.561427E+03,9.072867E-02,3.563426E+03,3.373854E-02,0.000000E+00,0.000000E+00,5.687426E-02,1.412763E+03,2.495981E-01,2.866171E+03,4.199561E+03,5.687426E-02,1.595644E+03,2.243016E-01,2.400821E+03,4.201052E+03,1.525290E-01,5.994912E+03,5.687426E-02,0.000000E+00,0.000000E+00,3.373854E-02,8.380689E+02,1.586309E-01,1.818217E+03,2.621364E+03,3.373854E-02,9.465568E+02,1.436594E-01,1.542548E+03,2.627613E+03,9.178219E-02,3.594016E+03,3.373854E-02,0.000000E+00,0.000000E+00
03:30:00,7.502560E-02,1.867225E+03,3.479830E-01,3.986502E+03,5.610380E+03,7.502560E-02,2.108473E+03,3.384648E-01,3.638983E+03,5.806650E+03,7.502560E-02,4.244464E+03,7.502560E-02,0.000000E+00,0.000000E+00,5.687426E-02,1.415477E+03,2.468701E-01,2.833003E+03,4.159093E+03,5.687426E-02,1.598359E+03,2.218606E-01,2.370859E+03,4.153804E+03,1.498360E-01,5.916707E+03,5.687426E-02,0.000000E+00,0.000000E+00,3.373854E-02,8.396793E+02,1.522466E-01,1.745328E+03,2.543648E+03,3.373854E-02,9.481672E+02,1.376535E-01,1.473886E+03,2.548837E+03,9.072905E-02,3.563438E+03,3.373854E-02,0.000000E+00,0.000000E+00,5.687426E-02,1.415477E+03,2.488331E-01,2.854917E+03,4.187140E+03,5.687426E-02,1.598359E+03,2.235307E-01,2.389499E+03,4.181254E+03,1.525297E-01,5.994933E+03,5.687426E-02,0.000000E+00,0.000000E+00,3.373854E-02,8.396793E+02,1.580148E-01,1.809728E+03,2.612066E+03,3.373854E-02,9.481672E+02,1.430413E-01,1.534037E+03,2.613956E+03,9.178257E-02,3.594027E+03,3.373854E-02,0.000000E+00,0.000000E+00
03:40:00,7.502560E-02,1.870806E+03,3.476140E-01,3.978801E+03,5.602410E+03,7.502560E-02,2.112054E+03,3.380932E-01,3.631253E+03,5.788803E+03,7.502560E-02,4.244464E+03,7.502560E-02,0.000000E+00,0.000000E+00,5.687426E-02,1.418192E+03,2.461280E-01,2.822004E+03,4.146970E+03,5.687426E-02,1.601074E+03,2.211077E-01,2.359739E+03,4.134240E+03,1.498368E-01,5.916728E+03,5.687426E-02,0.000000E+00,0.000000E+00,3.373854E-02,8.412897E+02,1.517306E-01,1.737957E+03,2.535521E+03,3.373854E-02,9.497776E+02,1.371321E-01,1.466454E+03,2.536317E+03,9.072943E-02,3.563449E+03,3.373854E-02,0.000000E+00,0.000000E+00,5.687426E-02,1.418192E+03,2.480779E-01,2.843770E+03,4.174836E+03,5.687426E-02,1.601074E+03,2.227676E-01,2.378265E+03,4.161552E+03,1.525304E-01,5.994954E+03,5.687426E-02,0.000000E+00,0.000000E+00,3.373854E-02,8.412897E+02,1.574084E-01,1.801347E+03,2.602882E+03,3.373854E-02,9.497776E+02,1.424316E-01,1.525620E+03,2.600401E+03,9.178295E-02,3.594038E+03,3.373854E-02,0.000000E+00,0.000000E+00
03:50:00,7.502560E-02,1.874387E+03,3.472479E-01,3.971133E+03,5.594475E+03,7.502560E-02,2.115635E+03,3.377246E-01,3.623556E+03,5.771016E+03,7.502560E-02,4.244464E+03,7.502560E-02,0.000000E+00,0.000000E+00,5.687426E-02,1.420907E+03,2.453951E-01,2.811107E+03,4.134954E+03,5.687426E-02,1.603788E+03,2.203621E-01,2.348700E+03,4.114767E+03,1.498375E-01,5.916748E+03,5.687426E-02,0.000000E+00,0.000000E+00,3.373854E-02,8.429000E+02,1.512212E-01,1.730659E+03,2.527471E+03,3.373854E-02,9.513879E+02,1.366162E-01,1.459084E+03,2.523864E+03,9.072981E-02,3.563460E+03,3.373854E-02,0.000000E+00,0.000000E+00,5.687426E-02,1.420907E+03,2.473319E-01,2.832728E+03,4.162641E+03,5.687426E-02,1.603788E+03,2.220118E-01,2.367113E+03,4.141943E+03,1.525311E-01,5.994974E+03,5.687426E-02,0.000000E+00,0.000000E+00,3.373854E-02,8.429000E+02,1.568111E-01,1.793069E+03,2.593807E+03,3.373854E-02,9.513879E+02,1.418300E-01,1.517293E+03,2.586944E+03,9.178333E-02,3.594049E+03,3.373854E-02,0.000000E+00,0.000000E+00
04:00:00,7.502560E-02,1.877968E+03,3.468848E-01,3.963497E+03,5.586573E+03,7.502560E-02,2.119216E+03,3.373588E-01,3.615891E+03,5.753288E+03,7.502560E-02,4.244464E+03,7.502560E-02,0.000000E+00,0.000000E+00,5.687426E-02,1.423621E+03,2.446710E-01,2.800308E+03,4.123044E+03,5.687426E-02,1.606503E+03,2.196233E-01,2.337737E+03,4.095383E+03,1.498382E-01,5.916768E+03,5.687426E-02,0.000000E+00,0.000000E+00,3.373854E-02,8.445104E+02,1.507181E-01,1.723432E+03,2.519497E+03,3.373854E-02,9.529983E+02,1.361054E-01,1.451771E+03,2.511476E+03,9.073019E-02,3.563471E+03,3.373854E-02,0.000000E+00,0.000000E+00,5.687426E-02,1.423621E+03,2.465948E-01,2.821783E+03,4.150552E+03,5.687426E-02,1.606503E+03,2.212630E-01,2.356039E+03,4.122421E+03,1.525318E-01,5.994994E+03,5.687426E-02,0.000000E+00,0.000000E+00,3.373854E-02,8.445104E+02,1.562226E-01,1.784888E+03,2.584834E+03,3.373854E-02,9.529983E+02,1.412359E-01,1.509050E+03,2.573579E+03,9.178370E-02,3.594060E+03,3.373854E-02,0.000000E+00,0.000000E+00
04:10:00,7.502560E-02,1.880355E+03,3.465243E-01,3.957085E+03,5.579922E+03,7.502560E-02,2.121604E+03,3.369957E-01,3.609449E+03,5.740091E+03,7.502560E-02,4.244464E+03,7.502560E-02,0.000000E+00,0.000000E+00,5.687426E-02,1.425431E+03,2.439625E-01,2.790589E+03,4.112257E+03,5.687426E-02,1.608313E+03,2.188995E-01,2.327847E+03,4.079594E+03,1.498388E-01,5.916789E+03,5.687426E-02,0.000000E+00,0.000000E+00,3.373854E-02,8.455840E+02,1.502253E-01,1.716857E+03,2.512202E+03,3.373854E-02,9.540719E+02,1.356046E-01,1.445106E+03,2.501232E+03,9.073056E-02,3.563481E+03,3.373854E-02,0.000000E+00,0.000000E+00,5.687426E-02,1.425431E+03,2.458738E-01,2.811924E+03,4.139592E+03,5.687426E-02,1.608313E+03,2.205292E-01,2.346037E+03,4.106496E+03,1.525325E-01,5.995014E+03,5.687426E-02,0.000000E+00,0.000000E+00,3.373854E-02,8.455840E+02,1.556470E-01,1.777389E+03,2.576571E+03,3.373854E-02,9.540719E+02,1.406542E-01,1.501483E+03,2.562387E+03,9.178407E-02,3.594071E+03,3.373854E-02,0.000000E+00,0.000000E+00
04:20:00,7.502560E-02,1.882743E+03,3.461665E-01,3.950703E+03,5.573304E+03,7.502560E-02,2.123991E+03,3.366353E-01,3.603038E+03,5.726936E+03,7.502560E-02,4.244464E+03,7.502560E-02,0.000000E+00,0.000000E+00,5.687426E-02,1.427241E+03,2.432697E-01,2.781045E+03,4.101685E+03,5.687426E-02,1.610123E+03,2.181908E-01,2.318125E+03,4.064000E+03,1.498395E-01,5.916808E+03,5.687426E-02,0.000000E+00,0.000000E+00,3.373854E-02,8.466576E+02,1.497429E-01,1.710398E+03,2.505048E+03,3.373854E-02,9.551455E+02,1.351137E-01,1.438552E+03,2.491116E+03,9.073093E-02,3.563492E+03,3.373854E-02,0.000000E+00,0.000000E+00,5.687426E-02,1.427241E+03,2.451683E-01,2.802238E+03,4.128845E+03,5.687426E-02,1.610123E+03,2.198108E-01,2.336207E+03,4.090769E+03,1.525332E-01,5.995034E+03,5.687426E-02,0.000000E+00,0.000000E+00,3.373854E-02,8.466576E+02,1.550841E-01,1.770031E+03,2.568477E+03,3.373854E-02,9.551455E+02,1.400848E-01,1.494051E+03,2.551348E+03,9.178444E-02,3.594081E+03,3.373854E-02,0.000000E+00,0.000000E+00
04:30:00,7.502560E-02,1.885130E+03,3.458114E-01,3.944351E+03,5.566717E+03,7.502560E-02,2.126378E+03,3.362775E-01,3.596657E+03,5.713824E+03,7.502560E-02,4.244464E+03,7.502560E-02,0.000000E+00,0.000000E+00,5.687426E-02,1.429050E+03,2.425926E-01,2.771675E+03,4.091330E+03,5.687426E-02,1.611932E+03,2.174972E-01,2.308572E+03,4.048600E+03,1.498402E-01,5.916828E+03,5.687426E-02,0.000000E+00,0.000000E+00,3.373854E-02,8.477311E+02,1.492707E-01,1.704052E+03,2.498037E+03,3.373854E-02,9.562190E+02,1.346327E-01,1.432109E+03,2.481126E+03,9.073130E-02,3.563503E+03,3.373854E-02,0.000000E+00,0.000000E+00,5.687426E-02,1.429050E+03,2.444785E-01,2.792727E+03,4.118319E+03,5.687426E-02,1.611932E+03,2.191079E-01,2.326550E+03,4.075242E+03,1.525339E-01,5.995054E+03,5.687426E-02,0.000000E+00,0.000000E+00,3.373854E-02,8.477311E+02,1.545338E-01,1.762813E+03,2.560553E+03,3.373854E-02,9.562190E+02,1.395274E-01,1.486755E+03,2.540462E+03,9.178481E-02,3.594092E+03,3.373854E-02,0.000000E+00,0.000000E+00
04:40:00,7.502560E-02,1.887517E+03,3.454590E-01,3.938029E+03,5.560161E+03,7.502560E-02,2.128766E+03,3.359225E-01,3.590306E+03,5.700755E+03,7.502560E-02,4.244464E+03,7.502560E-02,0.000000E+00,0.000000E+00,5.687426E-02,1.430860E+03,2.419313E-01,2.762482E+03,4.081193E+03,5.687426E-02,1.613742E+03,2.168189E-01,2.299189E+03,4.033399E+03,1.498409E-01,5.916848E+03,5.687426E-02,0.000000E+00,0.000000E+00,3.373854E-02,8.488047E+02,1.488087E-01,1.697821E+03,2.491168E+03,3.373854E-02,9.572926E+02,1.341618E-01,1.425777E+03,2.471266E+03,9.073166E-02,3.563513E+03,3.373854E-02,0.000000E+00,0.000000E+00,5.687426E-02,1.430860E+03,2.438045E-01,2.783394E+03,4.108012E+03,5.687426E-02,1.613742E+03,2.184206E-01,2.317067E+03,4.059918E+03,1.525345E-01,5.995074E+03,5.687426E-02,0.000000E+00,0.000000E+00,3.373854E-02,8.488047E+02,1.539958E-01,1.755734E+03,2.552796E+03,3.373854E-02,9.572926E+02,1.389821E-01,1.479594E+03,2.529729E+03,9.178517E-02,3.594103E+03,3.373854E-02,0.000000E+00,0.000000E+00
04:50:00,7.502560E-02,1.889905E+03,3.451093E-01,3.931737E+03,5.553636E+03,7.502560E-02,2.131153E+03,3.355703E-01,3.583986E+03,5.687730E+03,7.502560E-02,4.244464E+03,7.502560E-02,0.000000E+00,0.000000E+00,5.687426E-02,1.432670E+03,2.412857E-01,2.753465E+03,4.071268E+03,5.687426E-02,1.615552E+03,2.161559E-01,2.289977E+03,4.018398E+03,1.498416E-01,5.916867E+03,5.687426E-02,0.000000E+00,0.000000E+00,3.373854E-02,8.498783E+02,1.483568E-01,1.691703E+03,2.484435E+03,3.373854E-02,9.583662E+02,1.337009E-01,1.419558E+03,2.461537E+03,9.073202E-02,3.563524E+03,3.373854E-02,0.000000E+00,0.000000E+00,5.687426E-02,1.432670E+03,2.431464E-01,2.774237E+03,4.097919E+03,5.687426E-02,1.615552E+03,2.177490E-01,2.307759E+03,4.044801E+03,1.525352E-01,5.995093E+03,5.687426E-02,0.000000E+00,0.000000E+00,3.373854E-02,8.498783E+02,1.534701E-01,1.748791E+03,2.545200E+03,3.373854E-02,9.583662E+02,1.384489E-01,1.472568E+03,2.519149E+03,9.178553E-02,3.594113E+03,3.373854E-02,0.000000E+00,0.000000E+00
05:00:00,7.502560E-02,1.892292E+03,3.447624E-01,3.925477E+03,5.547144E+03,7.502560E-02,2.133540E+03,3.352209E-01,3.577697E+03,5.674749E+03,7.502560E-02,4.244464E+03,7.502560E-02,0.000000E+00,0.000000E+00,5.687426E-02,1.434480E+03,2.406558E-01,2.744622E+03,4.061550E+03,5.687426E-02,1.617362E+03,2.155083E-01,2.280938E+03,4.003602E+03,1.498422E-01,5.916886E+03,5.687426E-02,0.000000E+00,0.000000E+00,3.373854E-02,8.509519E+02,1.479151E-01,1.685697E+03,2.477836E+03,3.373854E-02,9.594398E+02,1.332501E-01,1.413452E+03,2.451941E+03,9.073238E-02,3.563534E+03,3.373854E-02,0.000000E+00,0.000000E+00,5.687426E-02,1.434480E+03,2.425042E-01,2.765257E+03,4.088037E+03,5.687426E-02,1.617362E+03,2.170934E-01,2.298630E+03,4.029893E+03,1.525359E-01,5.995112E+03,5.687426E-02,0.000000E+00,0.000000E+00,3.373854E-02,8.509519E+02,1.529565E-01,1.741983E+03,2.537762E+03,3.373854E-02,9.594398E+02,1.379278E-01,1.465676E+03,2.508725E+03,9.178588E-02,3.594123E+03,3.373854E-02,0.000000E+00,0.000000E+00
05:10:00,7.502560E-02,1.889905E+03,3.444185E-01,3.924024E+03,5.545573E+03,7.502560E-02,2.131153E+03,3.348743E-01,3.576215E+03,5.679592E+03,7.502560E-02,4.244464E+03,7.502560E-02,0.000000E+00,0.000000E+00,5.687426E-02,1.432670E+03,2.400624E-01,2.739808E+03,4.056027E+03,5.687426E-02,1.615552E+03,2.149033E-01,2.275993E+03,4.002878E+03,1.498429E-01,5.916906E+03,5.687426E-02,0.000000E+00,0.000000E+00,3.373854E-02,8.498783E+02,1.474963E-01,1.682095E+03,2.473740E+03,3.373854E-02,9.583662E+02,1.328251E-01,1.409781E+03,2.450697E+03,9.073273E-02,3.563544E+03,3.373854E-02,0.000000E+00,0.000000E+00,5.687426E-02,1.432670E+03,2.418991E-01,2.760311E+03,4.082357E+03,5.687426E-02,1.615552E+03,2.164796E-01,2.293587E+03,4.029049E+03,1.525365E-01,5.995131E+03,5.687426E-02,0.000000E+00,0.000000E+00,3.373854E-02,8.498783E+02,1.524680E-01,1.737603E+03,2.532850E+03,3.373854E-02,9.583662E+02,1.374341E-01,1.461238E+03,2.506671E+03,9.178624E-02,3.594134E+03,3.373854E-02,0.000000E+00,0.000000E+00
05:20:00,7.502560E-02,1.887517E+03,3.440779E-01,3.922609E+03,5.544043E+03,7.502560E-02,2.128766E+03,3.345310E-01,3.574770E+03,5.684485E+03,7.502560E-02,4.244464E+03,7.502560E-02,0.000000E+00,0.000000E+00,5.687426E-02,1.430860E+03,2.395072E-01,2.735420E+03,4.051071E+03,5.687426E-02,1.613742E+03,2.143421E-01,2.271538E+03,4.002756E+03,1.498435E-01,5.916925E+03,5.687426E-02,0.000000E+00,0.000000E+00,3.373854E-02,8.488047E+02,1.471013E-01,1.678759E+03,2.470005E+03,3.373854E-02,9.572926E+02,1.324266E-01,1.406405E+03,2.449820E+03,9.073309E-02,3.563555E+03,3.373854E-02,0.000000E+00,0.000000E+00,5.687426E-02,1.430860E+03,2.413357E-01,2.755831E+03,4.077298E+03,5.687426E-02,1.613742E+03,2.159105E-01,2.289044E+03,4.028824E+03,1.525372E-01,5.995150E+03,5.687426E-02,0.000000E+00,0.000000E+00,3.373854E-02,8.488047E+02,1.520057E-01,1.733516E+03,2.528330E+03,3.373854E-02,9.572926E+02,1.369691E-01,1.457120E+03,2.505009E+03,9.178659E-02,3.594144E+03,3.373854E-02,0.000000E+00,0.000000E+00
05:30:00,7.502560E-02,1.885130E+03,3.437411E-01,3.921236E+03,5.542556E+03,7.502560E-02,2.126378E+03,3.341915E-01,3.573366E+03,5.689432E+03,7.502560E-02,4.244464E+03,7.502560E-02,0.000000E+00,0.000000E+00,5.687426E-02,1.429050E+03,2.389909E-01,2.731465E+03,4.046710E+03,5.687426E-02,1.611932E+03,2.138255E-01,2.267580E+03,4.003243E+03,1.498442E-01,5.916943E+03,5.687426E-02,0.000000E+00,0.000000E+00,3.373854E-02,8.477311E+02,1.467304E-01,1.675692E+03,2.466648E+03,3.373854E-02,9.562190E+02,1.320549E-01,1.403330E+03,2.449313E+03,9.073343E-02,3.563565E+03,3.373854E-02,0.000000E+00,0.000000E+00,5.687426E-02,1.429050E+03,2.408143E-01,2.751819E+03,4.072877E+03,5.687426E-02,1.611932E+03,2.153871E-01,2.285010E+03,4.029226E+03,1.525378E-01,5.995169E+03,5.687426E-02,0.000000E+00,0.000000E+00,3.373854E-02,8.477311E+02,1.515701E-01,1.729726E+03,2.524219E+03,3.373854E-02,9.562190E+02,1.365331E-01,1.453326E+03,2.503741E+03,9.178694E-02,3.594154E+03,3.373854E-02,0.000000E+00,0.000000E+00
05:40:00,7.502560E-02,1.882743E+03,3.434086E-01,3.919911E+03,5.541120E+03,7.502560E-02,2.123991E+03,3.338560E-01,3.572008E+03,5.694441E+03,7.502560E-02,4.244464E+03,7.502560E-02,0.000000E+00,0.000000E+00,5.687426E-02,1.427241E+03,2.385146E-01,2.727956E+03,4.042949E+03,5.687426E-02,1.610123E+03,2.133545E-01,2.264131E+03,4.004353E+03,1.498448E-01,5.916962E+03,5.687426E-02,0.000000E+00,0.000000E+00,3.373854E-02,8.466576E+02,1.463844E-01,1.672903E+03,2.463669E+03,3.373854E-02,9.551455E+02,1.317107E-01,1.400560E+03,2.449184E+03,9.073378E-02,3.563575E+03,3.373854E-02,0.000000E+00,0.000000E+00,5.687426E-02,1.427241E+03,2.403357E-01,2.748285E+03,4.069094E+03,5.687426E-02,1.610123E+03,2.149104E-01,2.281497E+03,4.030266E+03,1.525385E-01,5.995188E+03,5.687426E-02,0.000000E+00,0.000000E+00,3.373854E-02,8.466576E+02,1.511618E-01,1.726240E+03,2.520516E+03,3.373854E-02,9.551455E+02,1.361266E-01,1.449861E+03,2.502874E+03,9.178728E-02,3.594164E+03,3.373854E-02,0.000000E+00,0.000000E+00
05:50:00,7.502560E-02,1.880355E+03,3.430817E-01,3.918648E+03,5.539750E+03,7.502560E-02,2.121604E+03,3.335261E-01,3.570711E+03,5.699527E+03,7.502560E-02,4.244464E+03,7.502560E-02,0.000000E+00,0.000000E+00,5.687426E-02,1.425431E+03,2.381524E-01,2.725723E+03,4.040775E+03,5.687426E-02,1.608313E+03,2.130158E-01,2.262160E+03,4.007325E+03,1.498455E-01,5.916981E+03,5.687426E-02,0.000000E+00,0.000000E+00,3.373854E-02,8.455840E+02,1.461238E-01,1.671066E+03,2.461875E+03,3.373854E-02,9.540719E+02,1.314598E-01,1.398833E+03,2.450373E+03,9.073413E-02,3.563585E+03,3.373854E-02,0.000000E+00,0.000000E+00,5.687426E-02,1.425431E+03,2.399876E-01,2.746210E+03,4.067122E+03,5.687426E-02,1.608313E+03,2.145754E-01,2.279567E+03,4.033304E+03,1.525391E-01,5.995206E+03,5.687426E-02,0.000000E+00,0.000000E+00,3.373854E-02,8.455840E+02,1.508197E-01,1.723495E+03,2.517733E+03,3.373854E-02,9.540719E+02,1.357911E-01,1.447189E+03,2.502998E+03,9.178762E-02,3.594174E+03,3.373854E-02,0.000000E+00,0.000000E+00
06:00:00,7.502560E-02,1.877968E+03,3.427657E-01,3.917507E+03,5.538515E+03,7.502560E-02,2.119216E+03,3.332069E-01,3.569535E+03,5.704757E+03,7.502560E-02,4.244464E+03,7.502560E-02,0.000000E+00,0.000000E+00,5.687426E-02,1.423621E+03,2.379530E-01,2.725306E+03,4.040724E+03,5.687426E-02,1.606503E+03,2.128542E-01,2.262164E+03,4.012657E+03,1.498461E-01,5.916999E+03,5.687426E-02,0.000000E+00,0.000000E+00,3.373854E-02,8.445104E+02,1.462422E-01,1.673462E+03,2.465158E+03,3.373854E-02,9.529983E+02,1.315660E-01,1.401092E+03,2.456532E+03,9.073447E-02,3.563595E+03,3.373854E-02,0.000000E+00,0.000000E+00,5.687426E-02,1.423621E+03,2.400041E-01,2.748203E+03,4.069998E+03,5.687426E-02,1.606503E+03,2.146072E-01,2.281731E+03,4.041400E+03,1.525398E-01,5.995225E+03,5.687426E-02,0.000000E+00,0.000000E+00,3.373854E-02,8.445104E+02,1.505681E-01,1.721760E+03,2.516125E+03,3.373854E-02,9.529983E+02,1.355496E-01,1.445566E+03,2.504365E+03,9.178796E-02,3.594184E+03,3.373854E-02,0.000000E+00,0.000000E+00
06:10:00,7.502560E-02,1.869612E+03,3.424742E-01,3.922609E+03,5.543692E+03,7.502560E-02,2.110860E+03,3.329123E-01,3.574601E+03,5.732770E+03,7.502560E-02,4.244464E+03,7.502560E-02,0.000000E+00,0.000000E+00,5.687426E-02,1.417287E+03,2.379691E-01,2.731820E+03,4.048023E+03,5.687426E-02,1.600169E+03,2.129579E-01,2.269656E+03,4.038517E+03,1.498467E-01,5.917017E+03,5.687426E-02,0.000000E+00,0.000000E+00,3.373854E-02,8.407529E+02,1.472994E-01,1.689022E+03,2.483384E+03,3.373854E-02,9.492408E+02,1.325401E-01,1.415723E+03,2.484553E+03,9.073481E-02,3.563605E+03,3.373854E-02,0.000000E+00,0.000000E+00,5.687426E-02,1.417287E+03,2.407526E-01,2.762893E+03,4.086951E+03,5.687426E-02,1.600169E+03,2.152812E-01,2.295589E+03,4.075087E+03,1.525404E-01,5.995243E+03,5.687426E-02,0.000000E+00,0.000000E+00,3.373854E-02,8.407529E+02,1.504338E-01,1.724018E+03,2.518735E+03,3.373854E-02,9.492408E+02,1.354534E-01,1.448250E+03,2.517745E+03,9.178830E-02,3.594194E+03,3.373854E-02,0.000000E+00,0.000000E+00
06:20:00,7.502560E-02,1.861256E+03,3.422298E-01,3.928236E+03,5.549447E+03,7.502560E-02,2.102505E+03,3.326650E-01,3.580196E+03,5.761511E+03,7.502560E-02,4.244464E+03,7.502560E-02,0.000000E+00,0.000000E+00,5.687426E-02,1.410953E+03,2.382705E-01,2.741518E+03,4.058031E+03,5.687426E-02,1.593835E+03,2.133338E-01,2.280186E+03,4.065853E+03,1.498473E-01,5.917035E+03,5.687426E-02,0.000000E+00,0.000000E+00,3.373854E-02,8.369954E+02,1.496630E-01,1.719166E+03,2.517140E+03,3.373854E-02,9.454833E+02,1.347091E-01,1.443694E+03,2.526481E+03,9.073514E-02,3.563614E+03,3.373854E-02,0.000000E+00,0.000000E+00,5.687426E-02,1.410953E+03,2.424216E-01,2.787859E+03,4.114316E+03,5.687426E-02,1.593835E+03,2.167555E-01,2.318380E+03,4.116891E+03,1.525410E-01,5.995261E+03,5.687426E-02,0.000000E+00,0.000000E+00,3.373854E-02,8.369954E+02,1.504527E-01,1.727985E+03,2.522634E+03,3.373854E-02,9.454833E+02,1.354990E-01,1.452516E+03,2.531456E+03,9.178864E-02,3.594203E+03,3.373854E-02,0.000000E+00,0.000000E+00
06:30:00,7.502560E-02,1.852901E+03,3.420569E-01,3.934661E+03,5.556065E+03,7.502560E-02,2.094149E+03,3.324897E-01,3.586594E+03,5.791269E+03,7.502560E-02,4.244464E+03,7.502560E-02,0.000000E+00,0.000000E+00,5.687426E-02,1.404619E+03,2.388844E-01,2.754706E+03,4.071509E+03,5.687426E-02,1.587501E+03,2.139932E-01,2.293881E+03,4.096105E+03,1.498480E-01,5.917053E+03,5.687426E-02,0.000000E+00,0.000000E+00,3.373854E-02,8.332378E+02,1.531912E-01,1.762311E+03,2.563899E+03,3.373854E-02,9.417257E+02,1.380064E-01,1.484259E+03,2.581246E+03,9.073548E-02,3.563624E+03,3.373854E-02,0.000000E+00,0.000000E+00,5.687426E-02,1.404619E+03,2.448586E-01,2.821400E+03,4.150073E+03,5.687426E-02,1.587501E+03,2.189345E-01,2.349039E+03,4.166396E+03,1.525416E-01,5.995279E+03,5.687426E-02,0.000000E+00,0.000000E+00,3.373854E-02,8.332378E+02,1.506374E-01,1.733805E+03,2.528308E+03,3.373854E-02,9.417257E+02,1.356935E-01,1.458444E+03,2.546574E+03,9.178897E-02,3.594213E+03,3.373854E-02,0.000000E+00,0.000000E+00
06:40:00,7.502560E-02,1.844545E+03,3.419759E-01,3.942112E+03,5.563777E+03,7.502560E-02,2.085793E+03,3.324066E-01,3.594023E+03,5.822278E+03,7.502560E-02,4.244464E+03,7.502560E-02,0.000000E+00,0.000000E+00,5.687426E-02,1.398284E+03,2.398417E-01,2.771727E+03,4.089306E+03,5.687426E-02,1.581166E+03,2.149409E-01,2.310794E+03,4.130531E+03,1.498486E-01,5.917071E+03,5.687426E-02,0.000000E+00,0.000000E+00,3.373854E-02,8.294803E+02,1.579502E-01,1.819197E+03,2.624991E+03,3.373854E-02,9.379682E+02,1.424974E-01,1.538152E+03,2.650517E+03,9.073581E-02,3.563634E+03,3.373854E-02,0.000000E+00,0.000000E+00,5.687426E-02,1.398284E+03,2.479957E-01,2.862755E+03,4.194072E+03,5.687426E-02,1.581166E+03,2.217694E-01,2.387020E+03,4.224324E+03,1.525422E-01,5.995297E+03,5.687426E-02,0.000000E+00,0.000000E+00,3.373854E-02,8.294803E+02,1.510013E-01,1.741625E+03,2.536256E+03,3.373854E-02,9.379682E+02,1.360389E-01,1.466057E+03,2.563996E+03,9.178930E-02,3.594222E+03,3.373854E-02,0.000000E+00,0.000000E+00
06:50:00,7.502560E-02,1.836189E+03,3.420024E-01,3.950763E+03,5.572762E+03,7.502560E-02,2.077437E+03,3.324316E-01,3.602657E+03,5.854717E+03,7.502560E-02,4.244464E+03,7.502560E-02,0.000000E+00,0.000000E+00,5.687426E-02,1.391950E+03,2.410957E-01,2.792061E+03,4.110957E+03,5.687426E-02,1.574832E+03,2.161275E-01,2.330374E+03,4.168878E+03,1.498492E-01,5.917089E+03,5.687426E-02,0.000000E+00,0.000000E+00,3.373854E-02,8.257228E+02,1.638978E-01,1.889352E+03,2.700280E+03,3.373854E-02,9.342107E+02,1.481403E-01,1.604903E+03,2.734175E+03,9.073613E-02,3.563643E+03,3.373854E-02,0.000000E+00,0.000000E+00,5.687426E-02,1.391950E+03,2.516859E-01,2.910286E+03,4.244993E+03,5.687426E-02,1.574832E+03,2.251168E-01,2.430723E+03,4.289464E+03,1.525429E-01,5.995315E+03,5.687426E-02,0.000000E+00,0.000000E+00,3.373854E-02,8.257228E+02,1.515156E-01,1.751123E+03,2.546211E+03,3.373854E-02,9.342107E+02,1.365121E-01,1.475096E+03,2.583694E+03,9.178962E-02,3.594232E+03,3.373854E-02,0.000000E+00,0.000000E+00
07:00:00,7.502560E-02,1.827833E+03,3.421439E-01,3.960699E+03,5.583107E+03,7.502560E-02,2.069082E+03,3.325722E-01,3.612582E+03,5.888677E+03,7.502560E-02,4.244464E+03,7.502560E-02,0.000000E+00,0.000000E+00,5.687426E-02,1.385616E+03,2.426722E-01,2.815995E+03,4.136814E+03,5.687426E-02,1.568498E+03,2.175875E-01,2.353008E+03,4.211569E+03,1.498498E-01,5.917106E+03,5.687426E-02,0.000000E+00,0.000000E+00,3.373854E-02,8.219653E+02,1.710798E-01,1.973287E+03,2.790643E+03,3.373854E-02,9.304532E+02,1.550062E-01,1.685306E+03,2.833386E+03,9.073646E-02,3.563653E+03,3.373854E-02,0.000000E+00,0.000000E+00,5.687426E-02,1.385616E+03,2.558312E-01,2.962898E+03,4.301902E+03,5.687426E-02,1.568498E+03,2.288842E-01,2.479114E+03,4.360815E+03,1.525435E-01,5.995332E+03,5.687426E-02,0.000000E+00,0.000000E+00,3.373854E-02,8.219653E+02,1.521902E-01,1.762412E+03,2.558310E+03,3.373854E-02,9.304532E+02,1.371257E-01,1.485705E+03,2.605786E+03,9.178995E-02,3.594241E+03,3.373854E-02,0.000000E+00,0.000000E+00
07:10:00,7.502560E-02,1.807541E+03,3.423791E-01,3.983627E+03,5.606710E+03,7.502560E-02,2.048789E+03,3.328069E-01,3.635505E+03,5.970262E+03,7.502560E-02,4.244464E+03,7.502560E-02,0.000000E+00,0.000000E+00,5.687426E-02,1.370233E+03,2.445340E-01,2.852173E+03,4.174859E+03,5.687426E-02,1.553115E+03,2.192446E-01,2.386900E+03,4.291854E+03,1.498504E-01,5.917124E+03,5.687426E-02,0.000000E+00,0.000000E+00,3.373854E-02,8.128399E+02,1.786515E-01,2.066949E+03,2.886937E+03,3.373854E-02,9.213277E+02,1.623106E-01,1.775981E+03,2.954136E+03,9.073678E-02,3.563662E+03,3.373854E-02,0.000000E+00,0.000000E+00,5.687426E-02,1.370233E+03,2.597859E-01,3.022441E+03,4.363819E+03,5.687426E-02,1.553115E+03,2.325352E-01,2.535267E+03,4.464299E+03,1.525441E-01,5.995350E+03,5.687426E-02,0.000000E+00,0.000000E+00,3.373854E-02,8.128399E+02,1.530076E-01,1.780669E+03,2.577476E+03,3.373854E-02,9.213277E+02,1.378335E-01,1.502738E+03,2.650115E+03,9.179027E-02,3.594251E+03,3.373854E-02,0.000000E+00,0.000000E+00
07:20:00,7.502560E-02,1.787248E+03,3.427074E-01,4.007606E+03,5.631480E+03,7.502560E-02,2.028497E+03,3.331351E-01,3.659482E+03,6.029556E+03,7.502560E-02,4.244464E+03,7.502560E-02,0.000000E+00,0.000000E+00,5.687426E-02,1.354850E+03,2.466466E-01,2.891160E+03,4.216769E+03,5.687426E-02,1.537732E+03,2.211319E-01,2.423373E+03,4.358425E+03,1.498510E-01,5.917141E+03,5.687426E-02,0.000000E+00,0.000000E+00,3.373854E-02,8.037144E+02,1.862000E-01,2.160362E+03,2.985512E+03,3.373854E-02,9.122023E+02,1.696744E-01,1.867332E+03,3.068162E+03,9.073710E-02,3.563671E+03,3.373854E-02,0.000000E+00,0.000000E+00,5.687426E-02,1.354850E+03,2.632217E-01,3.076205E+03,4.421029E+03,5.687426E-02,1.537732E+03,2.357832E-01,2.586933E+03,4.547061E+03,1.525447E-01,5.995367E+03,5.687426E-02,0.000000E+00,0.000000E+00,3.373854E-02,8.037144E+02,1.539485E-01,1.800311E+03,2.598521E+03,3.373854E-02,9.122023E+02,1.386591E-01,1.521093E+03,2.685985E+03,9.179059E-02,3.594260E+03,3.373854E-02,0.000000E+00,0.000000E+00
07:30:00,7.502560E-02,1.766956E+03,3.431048E-01,4.032358E+03,5.657020E+03,7.502560E-02,2.008204E+03,3.335329E-01,3.684237E+03,6.055159E+03,7.502560E-02,4.244464E+03,7.502560E-02,0.000000E+00,0.000000E+00,5.687426E-02,1.339467E+03,2.490001E-01,2.932839E+03,4.261328E+03,5.687426E-02,1.522349E+03,2.232559E-01,2.462490E+03,4.401470E+03,1.498516E-01,5.917158E+03,5.687426E-02,0.000000E+00,0.000000E+00,3.373854E-02,7.945890E+02,1.937979E-01,2.254332E+03,3.083021E+03,3.373854E-02,9.030769E+02,1.771006E-01,1.959382E+03,3.165116E+03,9.073742E-02,3.563681E+03,3.373854E-02,0.000000E+00,0.000000E+00,5.687426E-02,1.339467E+03,2.661723E-01,3.124552E+03,4.471772E+03,5.687426E-02,1.522349E+03,2.386094E-01,2.633893E+03,4.597596E+03,1.525452E-01,5.995384E+03,5.687426E-02,0.000000E+00,0.000000E+00,3.373854E-02,7.945890E+02,1.550081E-01,1.821279E+03,2.620932E+03,3.373854E-02,9.030769E+02,1.396038E-01,1.540778E+03,2.707721E+03,9.179090E-02,3.594269E+03,3.373854E-02,0.000000E+00,0.000000E+00
07:40:00,7.502560E-02,1.746663E+03,3.435434E-01,4.057569E+03,5.683025E+03,7.502560E-02,1.987912E+03,3.339722E-01,3.709456E+03,6.081234E+03,7.502560E-02,4.244464E+03,7.502560E-02,0.000000E+00,0.000000E+00,5.687426E-02,1.324084E+03,2.515733E-01,2.976971E+03,4.308621E+03,5.687426E-02,1.506966E+03,2.256221E-01,2.504310E+03,4.446920E+03,1.498522E-01,5.917175E+03,5.687426E-02,0.000000E+00,0.000000E+00,3.373854E-02,7.854636E+02,2.013030E-01,2.347268E+03,3.179550E+03,3.373854E-02,8.939515E+02,1.844491E-01,2.050570E+03,3.260353E+03,9.073774E-02,3.563690E+03,3.373854E-02,0.000000E+00,0.000000E+00,5.687426E-02,1.324084E+03,2.686160E-01,3.167241E+03,4.516707E+03,5.687426E-02,1.506966E+03,2.409784E-01,2.675748E+03,4.641910E+03,1.525458E-01,5.995401E+03,5.687426E-02,0.000000E+00,0.000000E+00,3.373854E-02,7.854636E+02,1.561780E-01,1.843478E+03,2.644742E+03,3.373854E-02,8.939515E+02,1.406702E-01,1.561823E+03,2.730544E+03,9.179122E-02,3.594278E+03,3.373854E-02,0.000000E+00,0.000000E+00
07:50:00,7.502560E-02,1.726371E+03,3.439989E-01,4.082969E+03,5.709208E+03,7.502560E-02,1.967619E+03,3.344288E-01,3.734867E+03,6.107491E+03,7.502560E-02,4.244464E+03,7.502560E-02,0.000000E+00,0.000000E+00,5.687426E-02,1.308701E+03,2.543498E-01,3.023373E+03,4.358432E+03,5.687426E-02,1.491583E+03,2.282043E-01,2.548543E+03,4.494350E+03,1.498527E-01,5.917192E+03,5.687426E-02,0.000000E+00,0.000000E+00,3.373854E-02,7.763382E+02,2.086172E-01,2.438075E+03,3.273980E+03,3.373854E-02,8.848261E+02,1.916178E-01,2.139751E+03,3.352713E+03,9.073805E-02,3.563699E+03,3.373854E-02,0.000000E+00,0.000000E+00,5.687426E-02,1.308701E+03,2.705626E-01,3.204383E+03,4.555941E+03,5.687426E-02,1.491583E+03,2.428912E-01,2.712511E+03,4.679995E+03,1.525464E-01,5.995418E+03,5.687426E-02,0.000000E+00,0.000000E+00,3.373854E-02,7.763382E+02,1.574544E-01,1.866867E+03,2.669895E+03,3.373854E-02,8.848261E+02,1.418500E-01,1.584132E+03,2.754300E+03,9.179153E-02,3.594287E+03,3.373854E-02,0.000000E+00,0.000000E+00
08:00:00,7.502560E-02,1.706078E+03,3.444513E-01,4.108335E+03,5.735336E+03,7.502560E-02,1.947327E+03,3.348828E-01,3.760250E+03,6.133694E+03,7.502560E-02,4.244464E+03,7.502560E-02,0.000000E+00,0.000000E+00,5.687426E-02,1.293318E+03,2.572638E-01,3.071310E+03,4.409884E+03,5.687426E-02,1.476200E+03,2.309323E-01,2.594404E+03,4.543124E+03,1.498533E-01,5.917209E+03,5.687426E-02,0.000000E+00,0.000000E+00,3.373854E-02,7.672128E+02,2.153348E-01,2.522224E+03,3.361180E+03,3.373854E-02,8.757007E+02,1.982069E-01,2.222466E+03,3.437437E+03,9.073836E-02,3.563708E+03,3.373854E-02,0.000000E+00,0.000000E+00,5.687426E-02,1.293318E+03,2.718657E-01,3.234339E+03,4.587388E+03,5.687426E-02,1.476200E+03,2.441971E-01,2.742499E+03,4.710069E+03,1.525470E-01,5.995435E+03,5.687426E-02,0.000000E+00,0.000000E+00,3.373854E-02,7.672128E+02,1.588093E-01,1.891131E+03,2.696013E+03,3.373854E-02,8.757007E+02,1.431110E-01,1.607349E+03,2.778786E+03,9.179184E-02,3.594296E+03,3.373854E-02,0.000000E+00,0.000000E+00
08:10:00,7.502560E-02,1.683398E+03,3.449088E-01,4.136135E+03,5.763963E+03,7.502560E-02,1.924647E+03,3.353419E-01,3.788068E+03,6.162401E+03,7.502560E-02,4.244464E+03,7.502560E-02,0.000000E+00,0.000000E+00,5.687426E-02,1.276125E+03,2.602945E-01,3.122353E+03,4.464560E+03,5.687426E-02,1.459007E+03,2.337821E-01,2.643426E+03,4.595437E+03,1.498539E-01,5.917226E+03,5.687426E-02,0.000000E+00,0.000000E+00,3.373854E-02,7.570138E+02,2.216851E-01,2.603338E+03,3.445289E+03,3.373854E-02,8.655017E+02,2.044320E-01,2.302182E+03,3.519361E+03,9.073867E-02,3.563717E+03,3.373854E-02,0.000000E+00,0.000000E+00,5.687426E-02,1.276125E+03,2.729979E-01,3.264187E+03,4.618940E+03,5.687426E-02,1.459007E+03,2.453295E-01,2.772350E+03,4.740532E+03,1.525476E-01,5.995452E+03,5.687426E-02,0.000000E+00,0.000000E+00,3.373854E-02,7.570138E+02,1.602325E-01,1.917227E+03,2.724054E+03,3.373854E-02,8.655017E+02,1.444435E-01,1.632432E+03,2.805433E+03,9.179215E-02,3.594305E+03,3.373854E-02,0.000000E+00,0.000000E+00
08:20:00,7.502560E-02,1.660719E+03,3.453583E-01,4.163833E+03,5.792474E+03,7.502560E-02,1.901967E+03,3.357926E-01,3.815780E+03,6.190986E+03,7.502560E-02,4.244464E+03,7.502560E-02,0.000000E+00,0.000000E+00,5.687426E-02,1.258932E+03,2.634097E-01,3.174326E+03,4.520183E+03,5.687426E-02,1.441814E+03,2.367182E-01,2.693400E+03,4.649154E+03,1.498545E-01,5.917242E+03,5.687426E-02,0.000000E+00,0.000000E+00,3.373854E-02,7.468148E+02,2.276532E-01,2.680175E+03,3.525012E+03,3.373854E-02,8.553027E+02,2.102863E-01,2.377747E+03,3.597502E+03,9.073897E-02,3.563726E+03,3.373854E-02,0.000000E+00,0.000000E+00,5.687426E-02,1.258932E+03,2.741845E-01,3.294628E+03,4.651203E+03,5.687426E-02,1.441814E+03,2.464982E-01,2.802592E+03,4.772084E+03,1.525481E-01,5.995468E+03,5.687426E-02,0.000000E+00,0.000000E+00,3.373854E-02,7.468148E+02,1.617132E-01,1.943957E+03,2.752766E+03,3.373854E-02,8.553027E+02,1.458333E-01,1.658148E+03,2.833077E+03,9.179245E-02,3.594314E+03,3.373854E-02,0.000000E+00,0.000000E+00
08:30:00,7.502560E-02,1.638039E+03,3.458015E-01,4.191468E+03,5.820901E+03,7.502560E-02,1.879287E+03,3.362367E-01,3.843424E+03,6.219483E+03,7.502560E-02,4.244464E+03,7.502560E-02,0.000000E+00,0.000000E+00,5.687426E-02,1.241739E+03,2.665837E-01,3.226963E+03,4.576468E+03,5.687426E-02,1.424621E+03,2.397149E-01,2.744058E+03,4.703902E+03,1.498550E-01,5.917258E+03,5.687426E-02,0.000000E+00,0.000000E+00,3.373854E-02,7.366158E+02,2.332331E-01,2.752681E+03,3.600241E+03,3.373854E-02,8.451037E+02,2.157593E-01,2.449060E+03,3.671579E+03,9.073928E-02,3.563734E+03,3.373854E-02,0.000000E+00,0.000000E+00,5.687426E-02,1.241739E+03,2.756073E-01,3.327714E+03,4.686266E+03,5.687426E-02,1.424621E+03,2.478753E-01,2.835168E+03,4.806618E+03,1.525487E-01,5.995484E+03,5.687426E-02,0.000000E+00,0.000000E+00,3.373854E-02,7.366158E+02,1.632432E-01,1.971243E+03,2.782058E+03,3.373854E-02,8.451037E+02,1.472717E-01,1.684412E+03,2.861547E+03,9.179275E-02,3.594323E+03,3.373854E-02,0.000000E+00,0.000000E+00
08:40:00,7.502560E-02,1.615359E+03,3.462679E-01,4.219366E+03,5.849608E+03,7.502560E-02,1.856607E+03,3.367045E-01,3.871337E+03,6.248265E+03,7.502560E-02,4.244464E+03,7.502560E-02,0.000000E+00,0.000000E+00,5.687426E-02,1.224547E+03,2.699108E-01,3.281313E+03,4.634723E+03,5.687426E-02,1.407429E+03,2.428658E-01,2.796439E+03,4.760965E+03,1.498556E-01,5.917275E+03,5.687426E-02,0.000000E+00,0.000000E+00,3.373854E-02,7.264168E+02,2.386223E-01,2.823061E+03,3.673657E+03,3.373854E-02,8.349047E+02,2.210472E-01,2.518311E+03,3.744270E+03,9.073958E-02,3.563743E+03,3.373854E-02,0.000000E+00,0.000000E+00,5.687426E-02,1.224547E+03,2.774802E-01,3.365829E+03,4.726820E+03,5.687426E-02,1.407429E+03,2.496620E-01,2.872321E+03,4.846648E+03,1.525493E-01,5.995501E+03,5.687426E-02,0.000000E+00,0.000000E+00,3.373854E-02,7.264168E+02,1.648755E-01,1.999673E+03,2.812640E+03,3.373854E-02,8.349047E+02,1.488078E-01,1.711766E+03,2.891475E+03,9.179305E-02,3.594331E+03,3.373854E-02,0.000000E+00,0.000000E+00
08:50:00,7.502560E-02,1.592679E+03,3.467740E-01,4.247707E+03,5.878721E+03,7.502560E-02,1.833927E+03,3.372121E-01,3.899695E+03,6.277456E+03,7.502560E-02,4.244464E+03,7.502560E-02,0.000000E+00,0.000000E+00,5.687426E-02,1.207354E+03,2.732936E-01,3.336286E+03,4.693084E+03,5.687426E-02,1.390236E+03,2.460779E-01,2.849507E+03,4.818263E+03,1.498561E-01,5.917291E+03,5.687426E-02,0.000000E+00,0.000000E+00,3.373854E-02,7.162178E+02,2.436741E-01,2.889676E+03,3.742478E+03,3.373854E-02,8.247057E+02,2.260054E-01,2.583880E+03,3.812395E+03,9.073987E-02,3.563752E+03,3.373854E-02,0.000000E+00,0.000000E+00,5.687426E-02,1.207354E+03,2.797891E-01,3.408811E+03,4.772474E+03,5.687426E-02,1.390236E+03,2.518551E-01,2.914010E+03,4.891690E+03,1.525498E-01,5.995517E+03,5.687426E-02,0.000000E+00,0.000000E+00,3.373854E-02,7.162178E+02,1.665673E-01,2.028767E+03,2.843692E+03,3.373854E-02,8.247057E+02,1.504046E-01,1.739801E+03,2.921972E+03,9.179335E-02,3.594340E+03,3.373854E-02,0.000000E+00,0.000000E+00
09:00:00,7.502560E-02,1.569999E+03,3.473344E-01,4.276654E+03,5.908480E+03,7.502560E-02,1.811248E+03,3.377741E-01,3.928660E+03,6.307294E+03,7.502560E-02,4.244464E+03,7.502560E-02,0.000000E+00,0.000000E+00,5.687426E-02,1.190161E+03,2.767110E-01,3.391645E+03,4.751900E+03,5.687426E-02,1.373043E+03,2.493307E-01,2.903028E+03,4.876198E+03,1.498567E-01,5.917307E+03,5.687426E-02,0.000000E+00,0.000000E+00,3.373854E-02,7.060188E+02,2.483661E-01,2.952273E+03,3.807457E+03,3.373854E-02,8.145067E+02,2.306112E-01,2.645516E+03,3.876885E+03,9.074017E-02,3.563760E+03,3.373854E-02,0.000000E+00,0.000000E+00,5.687426E-02,1.190161E+03,2.825361E-01,3.456685E+03,4.823657E+03,5.687426E-02,1.373043E+03,2.544623E-01,2.960323E+03,4.942250E+03,1.525504E-01,5.995533E+03,5.687426E-02,0.000000E+00,0.000000E+00,3.373854E-02,7.060188E+02,1.683108E-01,2.058439E+03,2.875384E+03,3.373854E-02,8.145067E+02,1.520549E-01,1.768431E+03,2.953213E+03,9.179364E-02,3.594349E+03,3.373854E-02,0.000000E+00,0.000000E+00
09:10:00,7.502560E-02,1.549707E+03,3.479547E-01,4.303883E+03,5.936511E+03,7.502560E-02,1.790955E+03,3.383959E-01,3.955905E+03,6.335398E+03,7.502560E-02,4.244464E+03,7.502560E-02,0.000000E+00,0.000000E+00,5.687426E-02,1.174778E+03,2.801139E-01,3.445033E+03,4.808724E+03,5.687426E-02,1.357660E+03,2.525776E-01,2.954673E+03,4.932305E+03,1.498572E-01,5.917323E+03,5.687426E-02,0.000000E+00,0.000000E+00,3.373854E-02,6.968934E+02,2.526465E-01,3.009202E+03,3.866865E+03,3.373854E-02,8.053813E+02,2.348146E-01,2.701585E+03,3.935992E+03,9.074046E-02,3.563769E+03,3.373854E-02,0.000000E+00,0.000000E+00,5.687426E-02,1.174778E+03,2.854783E-01,3.504928E+03,4.875402E+03,5.687426E-02,1.357660E+03,2.572588E-01,3.006939E+03,4.993439E+03,1.525509E-01,5.995549E+03,5.687426E-02,0.000000E+00,0.000000E+00,3.373854E-02,6.968934E+02,1.700786E-01,2.087309E+03,2.906283E+03,3.373854E-02,8.053813E+02,1.537330E-01,1.796299E+03,2.983752E+03,9.179393E-02,3.594357E+03,3.373854E-02,0.000000E+00,0.000000E+00
09:20:00,7.502560E-02,1.529414E+03,3.486299E-01,4.331725E+03,5.965195E+03,7.502560E-02,1.770663E+03,3.390728E-01,3.983765E+03,6.364161E+03,7.502560E-02,4.244464E+03,7.502560E-02,0.000000E+00,0.000000E+00,5.687426E-02,1.159395E+03,2.834904E-01,3.498126E+03,4.865258E+03,5.687426E-02,1.342277E+03,2.558058E-01,3.006111E+03,4.988248E+03,1.498578E-01,5.917338E+03,5.687426E-02,0.000000E+00,0.000000E+00,3.373854E-02,6.877680E+02,2.565022E-01,3.061388E+03,3.921554E+03,3.373854E-02,7.962559E+02,2.386018E-01,2.753008E+03,3.990525E+03,9.074075E-02,3.563777E+03,3.373854E-02,0.000000E+00,0.000000E+00,5.687426E-02,1.159395E+03,2.885235E-01,3.554322E+03,4.928394E+03,5.687426E-02,1.342277E+03,2.601583E-01,3.054707E+03,5.045947E+03,1.525514E-01,5.995564E+03,5.687426E-02,0.000000E+00,0.000000E+00,3.373854E-02,6.877680E+02,1.718642E-01,2.116378E+03,2.937400E+03,3.373854E-02,7.962559E+02,1.554323E-01,1.824405E+03,3.014584E+03,9.179422E-02,3.594366E+03,3.373854E-02,0.000000E+00,0.000000E+00
09:30:00,7.502560E-02,1.509122E+03,3.493604E-01,4.360177E+03,5.994535E+03,7.502560E-02,1.750370E+03,3.398051E-01,4.012238E+03,6.393583E+03,7.502560E-02,4.244464E+03,7.502560E-02,0.000000E+00,0.000000E+00,5.687426E-02,1.144012E+03,2.868410E-01,3.550924E+03,4.921498E+03,5.687426E-02,1.326894E+03,2.590164E-01,3.057345E+03,5.044019E+03,1.498583E-01,5.917354E+03,5.687426E-02,0.000000E+00,0.000000E+00,3.373854E-02,6.786426E+02,2.599368E-01,3.108868E+03,3.971501E+03,3.373854E-02,7.871305E+02,2.419773E-01,2.799826E+03,4.040452E+03,9.074104E-02,3.563786E+03,3.373854E-02,0.000000E+00,0.000000E+00,5.687426E-02,1.144012E+03,2.916053E-01,3.604119E+03,4.981773E+03,5.687426E-02,1.326894E+03,2.630996E-01,3.102934E+03,5.098939E+03,1.525520E-01,5.995580E+03,5.687426E-02,0.000000E+00,0.000000E+00,3.373854E-02,6.786426E+02,1.736664E-01,2.145627E+03,2.968715E+03,3.373854E-02,7.871305E+02,1.571522E-01,1.852736E+03,3.045688E+03,9.179451E-02,3.594374E+03,3.373854E-02,0.000000E+00,0.000000E+00
09:40:00,7.502560E-02,1.488829E+03,3.501260E-01,4.389019E+03,6.024280E+03,7.502560E-02,1.730078E+03,3.405718E-01,4.041091E+03,6.423401E+03,7.502560E-02,4.244464E+03,7.502560E-02,0.000000E+00,0.000000E+00,5.687426E-02,1.128629E+03,2.900551E-01,3.602194E+03,4.975969E+03,5.687426E-02,1.311511E+03,2.620993E-01,3.107149E+03,5.098092E+03,1.498588E-01,5.917369E+03,5.687426E-02,0.000000E+00,0.000000E+00,3.373854E-02,6.695172E+02,2.626106E-01,3.147847E+03,4.012473E+03,3.373854E-02,7.780051E+02,2.446035E-01,2.838275E+03,4.081466E+03,9.074133E-02,3.563794E+03,3.373854E-02,0.000000E+00,0.000000E+00,5.687426E-02,1.128629E+03,2.945953E-01,3.652885E+03,5.033864E+03,5.687426E-02,1.311511E+03,2.659619E-01,3.150275E+03,5.150773E+03,1.525525E-01,5.995595E+03,5.687426E-02,0.000000E+00,0.000000E+00,3.373854E-02,6.695172E+02,1.754257E-01,2.174395E+03,2.999438E+03,3.373854E-02,7.780051E+02,1.588374E-01,1.880676E+03,3.076294E+03,9.179480E-02,3.594382E+03,3.373854E-02,0.000000E+00,0.000000E+00
09:50:00,7.502560E-02,1.468537E+03,3.509190E-01,4.418165E+03,6.054340E+03,7.502560E-02,1.709785E+03,3.413650E-01,4.070240E+03,6.453524E+03,7.502560E-02,4.244464E+03,7.502560E-02,0.000000E+00,0.000000E+00,5.687426E-02,1.113246E+03,2.932168E-01,3.652878E+03,5.029786E+03,5.687426E-02,1.296128E+03,2.651305E-01,3.156376E+03,5.151512E+03,1.498594E-01,5.917385E+03,5.687426E-02,0.000000E+00,0.000000E+00,3.373854E-02,6.603918E+02,2.645667E-01,3.178814E+03,4.045299E+03,3.373854E-02,7.688797E+02,2.465232E-01,2.868834E+03,4.114443E+03,9.074162E-02,3.563802E+03,3.373854E-02,0.000000E+00,0.000000E+00,5.687426E-02,1.113246E+03,2.975515E-01,3.701275E+03,5.085467E+03,5.687426E-02,1.296128E+03,2.687910E-01,3.197244E+03,5.202106E+03,1.525530E-01,5.995611E+03,5.687426E-02,0.000000E+00,0.000000E+00,3.373854E-02,6.603918E+02,1.771766E-01,2.203070E+03,3.030036E+03,3.373854E-02,7.688797E+02,1.605131E-01,1.908511E+03,3.106758E+03,9.179508E-02,3.594390E+03,3.373854E-02,0.000000E+00,0.000000E+00
10:00:00,7.502560E-02,1.448244E+03,3.517394E-01,4.447613E+03,6.084990E+03,7.502560E-02,1.689493E+03,3.421852E-01,4.099686E+03,6.484237E+03,7.502560E-02,4.244464E+03,7.502560E-02,0.000000E+00,0.000000E+00,5.687426E-02,1.097863E+03,2.963374E-01,3.703098E+03,5.084150E+03,5.687426E-02,1.280745E+03,2.681258E-01,3.205195E+03,5.205617E+03,1.498599E-01,5.917400E+03,5.687426E-02,0.000000E+00,0.000000E+00,3.373854E-02,6.512664E+02,2.657999E-01,3.201704E+03,4.069937E+03,3.373854E-02,7.597542E+02,2.477321E-01,2.891453E+03,4.139288E+03,9.074190E-02,3.563811E+03,3.373854E-02,0.000000E+00,0.000000E+00,5.687426E-02,1.097863E+03,3.004856E-01,3.749412E+03,5.137684E+03,5.687426E-02,1.280745E+03,2.716020E-01,3.244006E+03,5.254124E+03,1.525536E-01,5.995626E+03,5.687426E-02,0.000000E+00,0.000000E+00,3.373854E-02,6.512664E+02,1.789239E-01,2.231701E+03,3.061135E+03,3.373854E-02,7.597542E+02,1.621873E-01,1.936325E+03,3.137767E+03,9.179536E-02,3.594399E+03,3.373854E-02,0.000000E+00,0.000000E+00
10:10:00,7.502560E-02,1.430339E+03,3.525723E-01,4.474808E+03,6.113114E+03,7.502560E-02,1.671587E+03,3.430070E-01,4.126763E+03,6.512325E+03,7.502560E-02,4.244464E+03,7.502560E-02,0.000000E+00,0.000000E+00,5.687426E-02,1.084290E+03,2.994068E-01,3.750930E+03,5.135151E+03,5.687426E-02,1.267171E+03,2.710609E-01,3.251535E+03,5.256330E+03,1.498604E-01,5.917415E+03,5.687426E-02,0.000000E+00,0.000000E+00,3.373854E-02,6.432145E+02,2.662913E-01,3.215232E+03,4.084853E+03,3.373854E-02,7.517024E+02,2.482029E-01,2.904758E+03,4.154504E+03,9.074218E-02,3.563819E+03,3.373854E-02,0.000000E+00,0.000000E+00,5.687426E-02,1.084290E+03,3.033807E-01,3.795298E+03,5.186762E+03,5.687426E-02,1.267171E+03,2.743638E-01,3.288410E+03,5.302960E+03,1.525541E-01,5.995641E+03,5.687426E-02,0.000000E+00,0.000000E+00,3.373854E-02,6.432145E+02,1.806577E-01,2.259104E+03,3.090489E+03,3.373854E-02,7.517024E+02,1.638413E-01,1.962841E+03,3.167002E+03,9.179564E-02,3.594407E+03,3.373854E-02,0.000000E+00,0.000000E+00
10:20:00,7.502560E-02,1.412434E+03,3.534111E-01,4.502067E+03,6.141181E+03,7.502560E-02,1.653682E+03,3.438381E-01,4.153947E+03,6.540413E+03,7.502560E-02,4.244464E+03,7.502560E-02,0.000000E+00,0.000000E+00,5.687426E-02,1.070716E+03,3.024244E-01,3.798183E+03,5.185090E+03,5.687426E-02,1.253598E+03,2.739524E-01,3.297392E+03,5.306085E+03,1.498609E-01,5.917430E+03,5.687426E-02,0.000000E+00,0.000000E+00,3.373854E-02,6.351627E+02,2.660277E-01,3.220331E+03,4.091068E+03,3.373854E-02,7.436506E+02,2.479329E-01,2.909796E+03,4.161272E+03,9.074245E-02,3.563827E+03,3.373854E-02,0.000000E+00,0.000000E+00,5.687426E-02,1.070716E+03,3.062301E-01,3.840673E+03,5.234875E+03,5.687426E-02,1.253598E+03,2.770887E-01,3.332407E+03,5.350939E+03,1.525546E-01,5.995656E+03,5.687426E-02,0.000000E+00,0.000000E+00,3.373854E-02,6.351627E+02,1.823736E-01,2.286306E+03,3.119380E+03,3.373854E-02,7.436506E+02,1.654811E-01,1.989201E+03,3.195824E+03,9.179592E-02,3.594415E+03,3.373854E-02,0.000000E+00,0.000000E+00
10:30:00,7.502560E-02,1.394529E+03,3.542518E-01,4.529349E+03,6.169279E+03,7.502560E-02,1.635777E+03,3.446798E-01,4.181246E+03,6.568830E+03,7.502560E-02,4.244464E+03,7.502560E-02,0.000000E+00,0.000000E+00,5.687426E-02,1.057143E+03,3.053908E-01,3.844863E+03,5.234486E+03,5.687426E-02,1.240025E+03,2.768056E-01,3.342814E+03,5.356097E+03,1.498615E-01,5.917445E+03,5.687426E-02,0.000000E+00,0.000000E+00,3.373854E-02,6.271109E+02,2.649982E-01,3.216878E+03,4.088273E+03,3.373854E-02,7.355987E+02,2.469170E-01,2.906500E+03,4.158358E+03,9.074273E-02,3.563835E+03,3.373854E-02,0.000000E+00,0.000000E+00,5.687426E-02,1.057143E+03,3.090302E-01,3.885496E+03,5.282439E+03,5.687426E-02,1.240025E+03,2.797738E-01,3.375953E+03,5.399047E+03,1.525551E-01,5.995671E+03,5.687426E-02,0.000000E+00,0.000000E+00,3.373854E-02,6.271109E+02,1.840686E-01,2.313275E+03,3.148048E+03,3.373854E-02,7.355987E+02,1.671062E-01,2.015393E+03,3.224845E+03,9.179619E-02,3.594423E+03,3.373854E-02,0.000000E+00,0.000000E+00
10:40:00,7.502560E-02,1.376624E+03,3.550904E-01,4.556607E+03,6.197359E+03,7.502560E-02,1.617872E+03,3.455194E-01,4.208515E+03,6.596986E+03,7.502560E-02,4.244464E+03,7.502560E-02,0.000000E+00,0.000000E+00,5.687426E-02,1.043570E+03,3.083032E-01,3.890942E+03,5.283273E+03,5.687426E-02,1.226452E+03,2.796057E-01,3.387638E+03,5.404609E+03,1.498620E-01,5.917460E+03,5.687426E-02,0.000000E+00,0.000000E+00,3.373854E-02,6.190590E+02,2.633413E-01,3.206420E+03,4.078139E+03,3.373854E-02,7.275469E+02,2.452860E-01,2.896330E+03,4.148732E+03,9.074300E-02,3.563843E+03,3.373854E-02,0.000000E+00,0.000000E+00,5.687426E-02,1.043570E+03,3.117770E-01,3.929725E+03,5.329385E+03,5.687426E-02,1.226452E+03,2.824068E-01,3.418910E+03,5.445752E+03,1.525556E-01,5.995686E+03,5.687426E-02,0.000000E+00,0.000000E+00,3.373854E-02,6.190590E+02,1.857395E-01,2.339976E+03,3.176439E+03,3.373854E-02,7.275469E+02,1.687076E-01,2.041316E+03,3.253112E+03,9.179646E-02,3.594431E+03,3.373854E-02,0.000000E+00,0.000000E+00
10:50:00,7.502560E-02,1.358718E+03,3.559239E-01,4.583807E+03,6.225380E+03,7.502560E-02,1.599967E+03,3.463525E-01,4.235713E+03,6.624952E+03,7.502560E-02,4.244464E+03,7.502560E-02,0.000000E+00,0.000000E+00,5.687426E-02,1.029997E+03,3.111550E-01,3.936343E+03,5.331345E+03,5.687426E-02,1.212878E+03,2.823488E-01,3.431825E+03,5.452039E+03,1.498625E-01,5.917474E+03,5.687426E-02,0.000000E+00,0.000000E+00,3.373854E-02,6.110072E+02,2.611674E-01,3.190190E+03,4.062014E+03,3.373854E-02,7.194951E+02,2.431480E-01,2.880500E+03,4.133522E+03,9.074328E-02,3.563851E+03,3.373854E-02,0.000000E+00,0.000000E+00,5.687426E-02,1.029997E+03,3.144678E-01,3.973328E+03,5.375663E+03,5.687426E-02,1.212878E+03,2.849839E-01,3.461242E+03,5.491416E+03,1.525561E-01,5.995701E+03,5.687426E-02,0.000000E+00,0.000000E+00,3.373854E-02,6.110072E+02,1.873835E-01,2.366375E+03,3.204508E+03,3.373854E-02,7.194951E+02,1.702817E-01,2.066935E+03,3.280827E+03,9.179673E-02,3.594438E+03,3.373854E-02,0.000000E+00,0.000000E+00
11:00:00,7.502560E-02,1.340813E+03,3.567417E-01,4.610838E+03,6.253213E+03,7.502560E-02,1.582062E+03,3.471699E-01,4.262740E+03,6.652757E+03,7.502560E-02,4.244464E+03,7.502560E-02,0.000000E+00,0.000000E+00,5.687426E-02,1.016423E+03,3.139383E-01,3.980985E+03,5.378596E+03,5.687426E-02,1.199305E+03,2.850233E-01,3.475251E+03,5.498751E+03,1.498630E-01,5.917489E+03,5.687426E-02,0.000000E+00,0.000000E+00,3.373854E-02,6.029553E+02,2.585031E-01,3.168489E+03,4.040190E+03,3.373854E-02,7.114432E+02,2.405308E-01,2.859325E+03,4.112599E+03,9.074354E-02,3.563858E+03,3.373854E-02,0.000000E+00,0.000000E+00,5.687426E-02,1.016423E+03,3.170921E-01,4.016195E+03,5.421134E+03,5.687426E-02,1.199305E+03,2.874947E-01,3.502841E+03,5.536359E+03,1.525566E-01,5.995715E+03,5.687426E-02,0.000000E+00,0.000000E+00,3.373854E-02,6.029553E+02,1.889925E-01,2.392387E+03,3.232151E+03,3.373854E-02,7.114432E+02,1.718207E-01,2.092165E+03,3.308165E+03,9.179700E-02,3.594446E+03,3.373854E-02,0.000000E+00,0.000000E+00
11:10:00,7.502560E-02,1.328876E+03,3.575505E-01,4.631805E+03,6.274835E+03,7.502560E-02,1.570125E+03,3.479889E-01,4.283813E+03,6.674489E+03,7.502560E-02,4.244464E+03,7.502560E-02,0.000000E+00,0.000000E+00,5.687426E-02,1.007374E+03,3.166426E-01,4.020228E+03,5.420257E+03,5.687426E-02,1.190256E+03,2.876397E-01,3.513503E+03,5.540184E+03,1.498635E-01,5.917503E+03,5.687426E-02,0.000000E+00,0.000000E+00,3.373854E-02,5.975875E+02,2.553665E-01,3.138836E+03,4.010097E+03,3.373854E-02,7.060753E+02,2.374649E-01,2.830455E+03,4.083562E+03,9.074381E-02,3.563866E+03,3.373854E-02,0.000000E+00,0.000000E+00,5.687426E-02,1.007374E+03,3.196231E-01,4.053502E+03,5.460819E+03,5.687426E-02,1.190256E+03,2.899318E-01,3.539090E+03,5.575787E+03,1.525571E-01,5.995730E+03,5.687426E-02,0.000000E+00,0.000000E+00,3.373854E-02,5.975875E+02,1.905496E-01,2.415139E+03,3.256400E+03,3.373854E-02,7.060753E+02,1.733194E-01,2.114260E+03,3.332272E+03,9.179727E-02,3.594454E+03,3.373854E-02,0.000000E+00,0.000000E+00
11:20:00,7.502560E-02,1.316940E+03,3.583498E-01,4.652667E+03,6.296346E+03,7.502560E-02,1.558188E+03,3.487944E-01,4.304734E+03,6.696072E+03,7.502560E-02,4.244464E+03,7.502560E-02,0.000000E+00,0.000000E+00,5.687426E-02,9.983256E+02,3.192849E-01,4.058777E+03,5.461168E+03,5.687426E-02,1.181207E+03,2.901928E-01,3.551044E+03,5.580833E+03,1.498640E-01,5.917518E+03,5.687426E-02,0.000000E+00,0.000000E+00,3.373854E-02,5.922196E+02,2.517946E-01,3.104323E+03,3.974884E+03,3.373854E-02,7.007075E+02,2.339815E-01,2.796919E+03,4.049491E+03,9.074408E-02,3.563874E+03,3.373854E-02,0.000000E+00,0.000000E+00,5.687426E-02,9.983256E+02,3.220583E-01,4.089739E+03,5.499342E+03,5.687426E-02,1.181207E+03,2.922727E-01,3.574261E+03,5.614012E+03,1.525576E-01,5.995744E+03,5.687426E-02,0.000000E+00,0.000000E+00,3.373854E-02,5.922196E+02,1.920533E-01,2.437296E+03,3.279997E+03,3.373854E-02,7.007075E+02,1.747655E-01,2.135764E+03,3.355714E+03,9.179753E-02,3.594462E+03,3.373854E-02,0.000000E+00,0.000000E+00
11:30:00,7.502560E-02,1.305003E+03,3.591369E-01,4.673392E+03,6.317714E+03,7.502560E-02,1.546251E+03,3.495791E-01,4.325426E+03,6.717412E+03,7.502560E-02,4.244464E+03,7.502560E-02,0.000000E+00,0.000000E+00,5.687426E-02,9.892767E+02,3.218608E-01,4.096586E+03,5.501240E+03,5.687426E-02,1.172159E+03,2.926728E-01,3.587773E+03,5.620526E+03,1.498644E-01,5.917532E+03,5.687426E-02,0.000000E+00,0.000000E+00,3.373854E-02,5.868517E+02,2.478268E-01,3.065391E+03,3.934986E+03,3.373854E-02,6.953396E+02,2.301292E-01,2.759271E+03,4.010945E+03,9.074434E-02,3.563881E+03,3.373854E-02,0.000000E+00,0.000000E+00,5.687426E-02,9.892767E+02,3.243930E-01,4.124855E+03,5.536649E+03,5.687426E-02,1.172159E+03,2.945120E-01,3.608303E+03,5.650964E+03,1.525581E-01,5.995758E+03,5.687426E-02,0.000000E+00,0.000000E+00,3.373854E-02,5.868517E+02,1.935006E-01,2.458823E+03,3.302904E+03,3.373854E-02,6.953396E+02,1.761537E-01,2.156627E+03,3.378421E+03,9.179779E-02,3.594469E+03,3.373854E-02,0.000000E+00,0.000000E+00
11:40:00,7.502560E-02,1.293066E+03,3.599105E-01,4.693966E+03,6.338924E+03,7.502560E-02,1.534315E+03,3.503501E-01,4.345972E+03,6.738606E+03,7.502560E-02,4.244464E+03,7.502560E-02,0.000000E+00,0.000000E+00,5.687426E-02,9.802279E+02,3.243663E-01,4.133609E+03,5.540423E+03,5.687426E-02,1.163110E+03,2.950877E-01,3.623784E+03,5.659384E+03,1.498649E-01,5.917546E+03,5.687426E-02,0.000000E+00,0.000000E+00,3.373854E-02,5.814838E+02,2.436424E-01,3.024039E+03,3.892565E+03,3.373854E-02,6.899717E+02,2.260616E-01,2.719224E+03,3.969802E+03,9.074460E-02,3.563889E+03,3.373854E-02,0.000000E+00,0.000000E+00,5.687426E-02,9.802279E+02,3.266240E-01,4.158813E+03,5.572692E+03,5.687426E-02,1.163110E+03,2.966549E-01,3.641277E+03,5.686717E+03,1.525586E-01,5.995772E+03,5.687426E-02,0.000000E+00,0.000000E+00,3.373854E-02,5.814838E+02,1.948894E-01,2.479697E+03,3.325093E+03,3.373854E-02,6.899717E+02,1.774876E-01,2.176887E+03,3.400443E+03,9.179805E-02,3.594477E+03,3.373854E-02,0.000000E+00,0.000000E+00
11:50:00,7.502560E-02,1.281129E+03,3.606704E-01,4.714388E+03,6.359972E+03,7.502560E-02,1.522378E+03,3.511087E-01,4.366379E+03,6.759658E+03,7.502560E-02,4.244464E+03,7.502560E-02,0.000000E+00,0.000000E+00,5.687426E-02,9.711790E+02,3.267989E-01,4.169817E+03,5.578697E+03,5.687426E-02,1.154061E+03,2.974362E-01,3.659053E+03,5.697401E+03,1.498654E-01,5.917560E+03,5.687426E-02,0.000000E+00,0.000000E+00,3.373854E-02,5.761159E+02,2.398550E-01,2.987121E+03,3.854941E+03,3.373854E-02,6.846038E+02,2.223657E-01,2.683328E+03,3.933262E+03,9.074486E-02,3.563897E+03,3.373854E-02,0.000000E+00,0.000000E+00,5.687426E-02,9.711790E+02,3.287493E-01,4.191591E+03,5.607436E+03,5.687426E-02,1.154061E+03,2.987007E-01,3.673167E+03,5.721249E+03,1.525591E-01,5.995786E+03,5.687426E-02,0.000000E+00,0.000000E+00,3.373854E-02,5.761159E+02,1.962182E-01,2.499900E+03,3.346538E+03,3.373854E-02,6.846038E+02,1.787666E-01,2.196534E+03,3.421766E+03,9.179831E-02,3.594484E+03,3.373854E-02,0.000000E+00,0.000000E+00
12:00:00,7.502560E-02,1.269193E+03,3.614184E-01,4.734677E+03,6.380881E+03,7.502560E-02,1.510441E+03,3.518554E-01,4.386653E+03,6.780578E+03,7.502560E-02,4.244464E+03,7.502560E-02,0.000000E+00,0.000000E+00,5.687426E-02,9.621302E+02,3.291582E-01,4.205207E+03,5.616073E+03,5.687426E-02,1.145012E+03,2.997167E-01,3.693562E+03,5.734568E+03,1.498659E-01,5.917574E+03,5.687426E-02,0.000000E+00,0.000000E+00,3.373854E-02,5.707480E+02,2.365903E-01,2.956037E+03,3.822753E+03,3.373854E-02,6.792359E+02,2.191773E-01,2.653096E+03,3.902032E+03,9.074511E-02,3.563904E+03,3.373854E-02,0.000000E+00,0.000000E+00,5.687426E-02,9.621302E+02,3.307698E-01,4.223198E+03,5.640887E+03,5.687426E-02,1.145012E+03,3.006487E-01,3.703964E+03,5.754546E+03,1.525596E-01,5.995800E+03,5.687426E-02,0.000000E+00,0.000000E+00,3.373854E-02,5.707480E+02,1.974860E-01,2.519423E+03,3.367228E+03,3.373854E-02,6.792359E+02,1.799887E-01,2.215546E+03,3.442368E+03,9.179856E-02,3.594492E+03,3.373854E-02,0.000000E+00,0.000000E+00
12:10:00,7.502560E-02,1.259643E+03,3.621570E-01,4.752473E+03,6.399239E+03,7.502560E-02,1.500892E+03,3.525928E-01,4.404436E+03,6.798942E+03,7.502560E-02,4.244464E+03,7.502560E-02,0.000000E+00,0.000000E+00,5.687426E-02,9.548911E+02,3.314592E-01,4.238137E+03,5.650904E+03,5.687426E-02,1.137773E+03,3.019377E-01,3.725599E+03,5.769152E+03,1.498664E-01,5.917588E+03,5.687426E-02,0.000000E+00,0.000000E+00,3.373854E-02,5.664537E+02,2.339547E-01,2.930904E+03,3.796258E+03,3.373854E-02,6.749416E+02,2.165972E-01,2.628583E+03,3.876255E+03,9.074537E-02,3.563911E+03,3.373854E-02,0.000000E+00,0.000000E+00,5.687426E-02,9.548911E+02,3.327206E-01,4.252218E+03,5.671648E+03,5.687426E-02,1.137773E+03,3.025298E-01,3.732205E+03,5.785163E+03,1.525600E-01,5.995814E+03,5.687426E-02,0.000000E+00,0.000000E+00,3.373854E-02,5.664537E+02,1.987116E-01,2.537402E+03,3.386311E+03,3.373854E-02,6.749416E+02,1.811704E-01,2.233034E+03,3.461367E+03,9.179882E-02,3.594499E+03,3.373854E-02,0.000000E+00,0.000000E+00
12:20:00,7.502560E-02,1.250094E+03,3.628888E-01,4.770194E+03,6.417514E+03,7.502560E-02,1.491342E+03,3.533233E-01,4.422142E+03,6.817227E+03,7.502560E-02,4.244464E+03,7.502560E-02,0.000000E+00,0.000000E+00,5.687426E-02,9.476520E+02,3.336846E-01,4.270223E+03,5.684823E+03,5.687426E-02,1.130534E+03,3.040863E-01,3.756827E+03,5.802830E+03,1.498668E-01,5.917601E+03,5.687426E-02,0.000000E+00,0.000000E+00,3.373854E-02,5.621594E+02,2.320182E-01,2.913577E+03,3.777903E+03,3.373854E-02,6.706473E+02,2.146889E-01,2.611569E+03,3.858339E+03,9.074562E-02,3.563919E+03,3.373854E-02,0.000000E+00,0.000000E+00,5.687426E-02,9.476520E+02,3.346083E-01,4.280533E+03,5.701655E+03,5.687426E-02,1.130534E+03,3.043510E-01,3.759778E+03,5.815037E+03,1.525605E-01,5.995828E+03,5.687426E-02,0.000000E+00,0.000000E+00,3.373854E-02,5.621594E+02,1.998963E-01,2.554923E+03,3.404904E+03,3.373854E-02,6.706473E+02,1.823130E-01,2.250086E+03,3.479881E+03,9.179907E-02,3.594506E+03,3.373854E-02,0.000000E+00,0.000000E+00
12:30:00,7.502560E-02,1.240544E+03,3.636161E-01,4.787863E+03,6.435737E+03,7.502560E-02,1.481793E+03,3.540493E-01,4.439797E+03,6.835459E+03,7.502560E-02,4.244464E+03,7.502560E-02,0.000000E+00,0.000000E+00,5.687426E-02,9.404130E+02,3.358364E-01,4.301488E+03,5.717860E+03,5.687426E-02,1.123295E+03,3.061658E-01,3.787282E+03,5.835645E+03,1.498673E-01,5.917615E+03,5.687426E-02,0.000000E+00,0.000000E+00,3.373854E-02,5.578651E+02,2.308402E-01,2.904717E+03,3.768765E+03,3.373854E-02,6.663530E+02,2.134951E-01,2.602534E+03,3.849215E+03,9.074587E-02,3.563926E+03,3.373854E-02,0.000000E+00,0.000000E+00,5.687426E-02,9.404130E+02,3.364404E-01,4.308228E+03,5.730998E+03,5.687426E-02,1.123295E+03,3.061198E-01,3.786764E+03,5.844255E+03,1.525610E-01,5.995841E+03,5.687426E-02,0.000000E+00,0.000000E+00,3.373854E-02,5.578651E+02,2.010424E-01,2.572014E+03,3.423035E+03,3.373854E-02,6.663530E+02,1.834191E-01,2.266729E+03,3.497938E+03,9.179932E-02,3.594513E+03,3.373854E-02,0.000000E+00,0.000000E+00
12:40:00,7.502560E-02,1.230995E+03,3.643406E-01,4.805502E+03,6.453929E+03,7.502560E-02,1.472243E+03,3.547724E-01,4.457420E+03,6.853661E+03,7.502560E-02,4.244464E+03,7.502560E-02,0.000000E+00,0.000000E+00,5.687426E-02,9.331739E+02,3.379195E-01,4.331984E+03,5.750068E+03,5.687426E-02,1.116056E+03,3.081809E-01,3.817020E+03,5.867661E+03,1.498678E-01,5.917628E+03,5.687426E-02,0.000000E+00,0.000000E+00,3.373854E-02,5.535708E+02,2.303355E-01,2.903375E+03,3.767926E+03,3.373854E-02,6.620586E+02,2.129610E-01,2.600864E+03,3.848377E+03,9.074612E-02,3.563933E+03,3.373854E-02,0.000000E+00,0.000000E+00,5.687426E-02,9.331739E+02,3.382256E-01,4.335398E+03,5.759773E+03,5.687426E-02,1.116056E+03,3.078443E-01,3.813257E+03,5.872922E+03,1.525614E-01,5.995855E+03,5.687426E-02,0.000000E+00,0.000000E+00,3.373854E-02,5.535708E+02,2.021531E-01,2.588709E+03,3.440739E+03,3.373854E-02,6.620586E+02,1.844916E-01,2.282998E+03,3.515576E+03,9.179957E-02,3.594521E+03,3.373854E-02,0.000000E+00,0.000000E+00
12:50:00,7.502560E-02,1.221446E+03,3.650632E-01,4.823119E+03,6.472097E+03,7.502560E-02,1.462694E+03,3.554934E-01,4.475020E+03,6.871839E+03,7.502560E-02,4.244464E+03,7.502560E-02,0.000000E+00,0.000000E+00,5.687426E-02,9.259348E+02,3.399379E-01,4.361758E+03,5.781492E+03,5.687426E-02,1.108817E+03,3.101363E-01,3.846091E+03,5.898935E+03,1.498682E-01,5.917642E+03,5.687426E-02,0.000000E+00,0.000000E+00,3.373854E-02,5.492764E+02,2.299774E-01,2.903670E+03,3.768704E+03,3.373854E-02,6.577643E+02,2.125858E-01,2.600967E+03,3.849298E+03,9.074637E-02,3.563940E+03,3.373854E-02,0.000000E+00,0.000000E+00,5.687426E-02,9.259348E+02,3.399721E-01,4.362137E+03,5.788072E+03,5.687426E-02,1.108817E+03,3.095329E-01,3.839348E+03,5.901131E+03,1.525619E-01,5.995868E+03,5.687426E-02,0.000000E+00,0.000000E+00,3.373854E-02,5.492764E+02,2.032321E-01,2.605050E+03,3.458056E+03,3.373854E-02,6.577643E+02,1.855343E-01,2.298933E+03,3.532839E+03,9.179981E-02,3.594528E+03,3.373854E-02,0.000000E+00,0.000000E+00
13:00:00,7.502560E-02,1.211896E+03,3.657824E-01,4.840699E+03,6.490229E+03,7.502560E-02,1.453144E+03,3.562111E-01,4.492583E+03,6.889980E+03,7.502560E-02,4.244464E+03,7.502560E-02,0.000000E+00,0.000000E+00,5.687426E-02,9.186957E+02,3.418942E-01,4.390840E+03,5.812165E+03,5.687426E-02,1.101578E+03,3.120347E-01,3.874525E+03,5.929500E+03,1.498687E-01,5.917655E+03,5.687426E-02,0.000000E+00,0.000000E+00,3.373854E-02,5.449821E+02,2.297207E-01,2.905096E+03,3.770582E+03,3.373854E-02,6.534700E+02,2.123103E-01,2.602183E+03,3.851274E+03,9.074661E-02,3.563947E+03,3.373854E-02,0.000000E+00,0.000000E+00,5.687426E-02,9.186957E+02,3.416861E-01,4.388513E+03,5.815968E+03,5.687426E-02,1.101578E+03,3.111915E-01,3.865106E+03,5.928955E+03,1.525624E-01,5.995881E+03,5.687426E-02,0.000000E+00,0.000000E+00,3.373854E-02,5.449821E+02,2.042829E-01,2.621076E+03,3.475027E+03,3.373854E-02,6.534700E+02,1.865506E-01,2.314573E+03,3.549769E+03,9.180005E-02,3.594535E+03,3.373854E-02,0.000000E+00,0.000000E+00
13:10:00,7.502560E-02,1.205928E+03,3.665198E-01,4.854901E+03,6.505047E+03,7.502560E-02,1.447176E+03,3.569471E-01,4.506769E+03,6.904806E+03,7.502560E-02,4.244464E+03,7.502560E-02,0.000000E+00,0.000000E+00,5.687426E-02,9.141713E+02,3.438019E-01,4.416664E+03,5.839767E+03,5.687426E-02,1.097053E+03,3.138941E-01,3.899809E+03,5.957132E+03,1.498691E-01,5.917668E+03,5.687426E-02,0.000000E+00,0.000000E+00,3.373854E-02,5.422982E+02,2.295558E-01,2.905938E+03,3.771767E+03,3.373854E-02,6.507861E+02,2.121291E-01,2.602843E+03,3.852529E+03,9.074686E-02,3.563954E+03,3.373854E-02,0.000000E+00,0.000000E+00,5.687426E-02,9.141713E+02,3.433848E-01,4.412003E+03,5.841149E+03,5.687426E-02,1.097053E+03,3.128427E-01,3.888065E+03,5.954180E+03,1.525628E-01,5.995894E+03,5.687426E-02,0.000000E+00,0.000000E+00,3.373854E-02,5.422982E+02,2.053163E-01,2.635298E+03,3.490295E+03,3.373854E-02,6.507861E+02,1.875545E-01,2.328466E+03,3.565067E+03,9.180030E-02,3.594542E+03,3.373854E-02,0.000000E+00,0.000000E+00
13:20:00,7.502560E-02,1.199959E+03,3.672337E-01,4.868819E+03,6.519614E+03,7.502560E-02,1.441208E+03,3.576596E-01,4.520672E+03,6.919383E+03,7.502560E-02,4.244464E+03,7.502560E-02,0.000000E+00,0.000000E+00,5.687426E-02,9.096469E+02,3.456196E-01,4.441456E+03,5.866416E+03,5.687426E-02,1.092529E+03,3.156658E-01,3.924085E+03,5.983801E+03,1.498696E-01,5.917681E+03,5.687426E-02,0.000000E+00,0.000000E+00,3.373854E-02,5.396142E+02,2.294487E-01,2.907409E+03,3.773484E+03,3.373854E-02,6.481021E+02,2.120042E-01,2.604114E+03,3.854217E+03,9.074710E-02,3.563961E+03,3.373854E-02,0.000000E+00,0.000000E+00,5.687426E-02,9.096469E+02,3.450292E-01,4.434860E+03,5.865774E+03,5.687426E-02,1.092529E+03,3.144396E-01,3.910389E+03,5.978807E+03,1.525633E-01,5.995908E+03,5.687426E-02,0.000000E+00,0.000000E+00,3.373854E-02,5.396142E+02,2.063101E-01,2.649062E+03,3.505144E+03,3.373854E-02,6.481021E+02,1.885192E-01,2.341902E+03,3.579923E+03,9.180054E-02,3.594549E+03,3.373854E-02,0.000000E+00,0.000000E+00
13:30:00,7.502560E-02,1.193991E+03,3.679452E-01,4.882708E+03,6.533954E+03,7.502560E-02,1.435239E+03,3.583699E-01,4.534548E+03,6.933731E+03,7.502560E-02,4.244464E+03,7.502560E-02,0.000000E+00,0.000000E+00,5.687426E-02,9.051225E+02,3.473645E-01,4.465432E+03,5.891675E+03,5.687426E-02,1.088004E+03,3.173716E-01,3.947621E+03,6.009065E+03,1.498700E-01,5.917694E+03,5.687426E-02,0.000000E+00,0.000000E+00,3.373854E-02,5.369303E+02,2.294017E-01,2.909548E+03,3.776011E+03,3.373854E-02,6.454182E+02,2.119410E-01,2.606070E+03,3.856803E+03,9.074734E-02,3.563968E+03,3.373854E-02,0.000000E+00,0.000000E+00,5.687426E-02,9.051225E+02,3.466393E-01,4.457331E+03,5.889529E+03,5.687426E-02,1.088004E+03,3.160072E-01,3.932382E+03,6.002554E+03,1.525637E-01,5.995920E+03,5.687426E-02,0.000000E+00,0.000000E+00,3.373854E-02,5.369303E+02,2.072770E-01,2.662523E+03,3.519391E+03,3.373854E-02,6.454182E+02,1.894600E-01,2.355071E+03,3.594168E+03,9.180077E-02,3.594556E+03,3.373854E-02,0.000000E+00,0.000000E+00
13:40:00,7.502560E-02,1.188023E+03,3.686428E-01,4.896442E+03,6.548128E+03,7.502560E-02,1.429271E+03,3.590665E-01,4.548271E+03,6.947915E+03,7.502560E-02,4.244464E+03,7.502560E-02,0.000000E+00,0.000000E+00,5.687426E-02,9.005980E+02,3.490207E-01,4.488417E+03,5.915868E+03,5.687426E-02,1.083480E+03,3.189931E-01,3.970216E+03,6.033278E+03,1.498705E-01,5.917707E+03,5.687426E-02,0.000000E+00,0.000000E+00,3.373854E-02,5.342463E+02,2.294003E-01,2.912196E+03,3.779032E+03,3.373854E-02,6.427342E+02,2.119238E-01,2.608540E+03,3.859865E+03,9.074757E-02,3.563975E+03,3.373854E-02,0.000000E+00,0.000000E+00,5.687426E-02,9.005980E+02,3.482012E-01,4.479262E+03,5.912692E+03,5.687426E-02,1.083480E+03,3.175295E-01,3.953869E+03,6.025708E+03,1.525642E-01,5.995933E+03,5.687426E-02,0.000000E+00,0.000000E+00,3.373854E-02,5.342463E+02,2.082097E-01,2.675601E+03,3.533219E+03,3.373854E-02,6.427342E+02,1.903686E-01,2.367879E+03,3.607995E+03,9.180101E-02,3.594563E+03,3.373854E-02,0.000000E+00,0.000000E+00
13:50:00,7.502560E-02,1.182054E+03,3.693261E-01,4.910015E+03,6.562140E+03,7.502560E-02,1.423303E+03,3.597489E-01,4.561836E+03,6.961935E+03,7.502560E-02,4.244464E+03,7.502560E-02,0.000000E+00,0.000000E+00,5.687426E-02,8.960736E+02,3.505809E-01,4.510330E+03,5.938917E+03,5.687426E-02,1.078956E+03,3.205227E-01,3.991786E+03,6.056360E+03,1.498709E-01,5.917720E+03,5.687426E-02,0.000000E+00,0.000000E+00,3.373854E-02,5.315624E+02,2.294350E-01,2.915248E+03,3.782446E+03,3.373854E-02,6.400503E+02,2.119437E-01,2.611424E+03,3.863313E+03,9.074781E-02,3.563982E+03,3.373854E-02,0.000000E+00,0.000000E+00,5.687426E-02,8.960736E+02,3.497090E-01,4.500589E+03,5.935196E+03,5.687426E-02,1.078956E+03,3.190010E-01,3.974789E+03,6.048215E+03,1.525646E-01,5.995946E+03,5.687426E-02,0.000000E+00,0.000000E+00,3.373854E-02,5.315624E+02,2.091456E-01,2.688716E+03,3.547124E+03,3.373854E-02,6.400503E+02,1.912824E-01,2.380744E+03,3.621923E+03,9.180124E-02,3.594569E+03,3.373854E-02,0.000000E+00,0.000000E+00
14:00:00,7.502560E-02,1.176086E+03,3.699942E-01,4.923419E+03,6.575977E+03,7.502560E-02,1.417334E+03,3.604163E-01,4.575232E+03,6.975785E+03,7.502560E-02,4.244464E+03,7.502560E-02,0.000000E+00,0.000000E+00,5.687426E-02,8.915492E+02,3.520365E-01,4.531074E+03,5.960711E+03,5.687426E-02,1.074431E+03,3.219513E-01,4.012225E+03,6.078204E+03,1.498713E-01,5.917732E+03,5.687426E-02,0.000000E+00,0.000000E+00,3.373854E-02,5.288785E+02,2.294954E-01,2.918586E+03,3.786129E+03,3.373854E-02,6.373663E+02,2.119905E-01,2.614608E+03,3.867036E+03,9.074804E-02,3.563989E+03,3.373854E-02,0.000000E+00,0.000000E+00,5.687426E-02,8.915492E+02,3.511546E-01,4.521223E+03,5.956939E+03,5.687426E-02,1.074431E+03,3.204140E-01,3.995054E+03,6.069981E+03,1.525650E-01,5.995959E+03,5.687426E-02,0.000000E+00,0.000000E+00,3.373854E-02,5.288785E+02,2.106487E-01,2.708163E+03,3.568400E+03,3.373854E-02,6.373663E+02,1.927566E-01,2.399867E+03,3.643402E+03,9.180148E-02,3.594576E+03,3.373854E-02,0.000000E+00,0.000000E+00
14:10:00,7.502560E-02,1.176086E+03,3.706241E-01,4.930429E+03,6.583238E+03,7.502560E-02,1.417334E+03,3.610457E-01,4.582236E+03,6.983047E+03,7.502560E-02,4.244464E+03,7.502560E-02,0.000000E+00,0.000000E+00,5.687426E-02,8.915492E+02,3.533319E-01,4.545505E+03,5.975905E+03,5.687426E-02,1.074431E+03,3.232207E-01,4.026364E+03,6.093400E+03,1.498718E-01,5.917745E+03,5.687426E-02,0.000000E+00,0.000000E+00,3.373854E-02,5.288785E+02,2.295434E-01,2.919102E+03,3.786857E+03,3.373854E-02,6.373663E+02,2.120243E-01,2.614964E+03,3.867769E+03,9.074827E-02,3.563996E+03,3.373854E-02,0.000000E+00,0.000000E+00,5.687426E-02,8.915492E+02,3.524832E-01,4.536024E+03,5.972580E+03,5.687426E-02,1.074431E+03,3.217106E-01,4.009497E+03,6.085597E+03,1.525655E-01,5.995971E+03,5.687426E-02,0.000000E+00,0.000000E+00,3.373854E-02,5.288785E+02,2.128157E-01,2.732336E+03,3.594556E+03,3.373854E-02,6.373663E+02,1.949121E-01,2.423909E+03,3.670146E+03,9.180171E-02,3.594583E+03,3.373854E-02,0.000000E+00,0.000000E+00
14:20:00,7.502560E-02,1.176086E+03,3.712571E-01,4.937493E+03,6.590576E+03,7.502560E-02,1.417334E+03,3.616786E-01,4.589300E+03,6.990393E+03,7.502560E-02,4.244464E+03,7.502560E-02,0.000000E+00,0.000000E+00,5.687426E-02,8.915492E+02,3.545005E-01,4.558549E+03,5.989626E+03,5.687426E-02,1.074431E+03,3.243711E-01,4.039204E+03,6.107164E+03,1.498722E-01,5.917757E+03,5.687426E-02,0.000000E+00,0.000000E+00,3.373854E-02,5.288785E+02,2.295907E-01,2.919627E+03,3.787565E+03,3.373854E-02,6.373663E+02,2.120620E-01,2.615381E+03,3.868504E+03,9.074850E-02,3.564002E+03,3.373854E-02,0.000000E+00,0.000000E+00,5.687426E-02,8.915492E+02,3.537264E-01,4.549899E+03,5.987221E+03,5.687426E-02,1.074431E+03,3.229308E-01,4.023115E+03,6.100271E+03,1.525659E-01,5.995984E+03,5.687426E-02,0.000000E+00,0.000000E+00,3.373854E-02,5.288785E+02,2.157687E-01,2.765301E+03,3.629433E+03,3.373854E-02,6.373663E+02,1.978216E-01,2.456387E+03,3.705195E+03,9.180194E-02,3.594589E+03,3.373854E-02,0.000000E+00,0.000000E+00
14:30:00,7.502560E-02,1.176086E+03,3.718712E-01,4.944349E+03,6.597690E+03,7.502560E-02,1.417334E+03,3.622928E-01,4.596158E+03,6.997516E+03,7.502560E-02,4.244464E+03,7.502560E-02,0.000000E+00,0.000000E+00,5.687426E-02,8.915492E+02,3.555429E-01,4.570186E+03,6.001866E+03,5.687426E-02,1.074431E+03,3.253974E-01,4.050662E+03,6.119409E+03,1.498726E-01,5.917770E+03,5.687426E-02,0.000000E+00,0.000000E+00,3.373854E-02,5.288785E+02,2.296161E-01,2.919910E+03,3.787978E+03,3.373854E-02,6.373663E+02,2.120793E-01,2.615574E+03,3.868917E+03,9.074873E-02,3.564009E+03,3.373854E-02,0.000000E+00,0.000000E+00,5.687426E-02,8.915492E+02,3.548562E-01,4.562513E+03,6.000491E+03,5.687426E-02,1.074431E+03,3.240415E-01,4.035514E+03,6.113544E+03,1.525663E-01,5.995996E+03,5.687426E-02,0.000000E+00,0.000000E+00,3.373854E-02,5.288785E+02,2.195435E-01,2.807442E+03,3.673471E+03,3.373854E-02,6.373663E+02,2.015273E-01,2.497754E+03,3.749124E+03,9.180216E-02,3.594596E+03,3.373854E-02,0.000000E+00,0.000000E+00
14:40:00,7.502560E-02,1.176086E+03,3.724774E-01,4.951118E+03,6.604714E+03,7.502560E-02,1.417334E+03,3.628993E-01,4.602930E+03,7.004551E+03,7.502560E-02,4.244464E+03,7.502560E-02,0.000000E+00,0.000000E+00,5.687426E-02,8.915492E+02,3.564798E-01,4.580648E+03,6.012848E+03,5.687426E-02,1.074431E+03,3.263226E-01,4.060991E+03,6.130393E+03,1.498731E-01,5.917782E+03,5.687426E-02,0.000000E+00,0.000000E+00,3.373854E-02,5.288785E+02,2.296155E-01,2.919903E+03,3.788052E+03,3.373854E-02,6.373663E+02,2.120738E-01,2.615511E+03,3.868989E+03,9.074896E-02,3.564015E+03,3.373854E-02,0.000000E+00,0.000000E+00,5.687426E-02,8.915492E+02,3.558761E-01,4.573900E+03,6.012432E+03,5.687426E-02,1.074431E+03,3.250482E-01,4.046754E+03,6.125496E+03,1.525667E-01,5.996008E+03,5.687426E-02,0.000000E+00,0.000000E+00,3.373854E-02,5.288785E+02,2.241756E-01,2.859153E+03,3.727396E+03,3.373854E-02,6.373663E+02,2.060708E-01,2.548475E+03,3.802793E+03,9.180239E-02,3.594603E+03,3.373854E-02,0.000000E+00,0.000000E+00
14:50:00,7.502560E-02,1.176086E+03,3.730752E-01,4.957793E+03,6.611642E+03,7.502560E-02,1.417334E+03,3.634977E-01,4.609610E+03,7.011492E+03,7.502560E-02,4.244464E+03,7.502560E-02,0.000000E+00,0.000000E+00,5.687426E-02,8.915492E+02,3.573106E-01,4.589923E+03,6.022512E+03,5.687426E-02,1.074431E+03,3.271462E-01,4.070187E+03,6.140072E+03,1.498735E-01,5.917794E+03,5.687426E-02,0.000000E+00,0.000000E+00,3.373854E-02,5.288785E+02,2.295801E-01,2.919507E+03,3.787681E+03,3.373854E-02,6.373663E+02,2.120362E-01,2.615092E+03,3.868621E+03,9.074918E-02,3.564022E+03,3.373854E-02,0.000000E+00,0.000000E+00,5.687426E-02,8.915492E+02,3.567795E-01,4.583986E+03,6.022954E+03,5.687426E-02,1.074431E+03,3.259441E-01,4.056756E+03,6.136047E+03,1.525672E-01,5.996021E+03,5.687426E-02,0.000000E+00,0.000000E+00,3.373854E-02,5.288785E+02,2.296462E-01,2.920226E+03,3.791263E+03,3.373854E-02,6.373663E+02,2.114380E-01,2.608391E+03,3.866331E+03,9.180261E-02,3.594609E+03,3.373854E-02,0.000000E+00,0.000000E+00
15:00:00,7.502560E-02,1.176086E+03,3.736643E-01,4.964370E+03,6.618468E+03,7.502560E-02,1.417334E+03,3.640874E-01,4.616194E+03,7.018333E+03,7.502560E-02,4.244464E+03,7.502560E-02,0.000000E+00,0.000000E+00,5.687426E-02,8.915492E+02,3.580339E-01,4.597999E+03,6.030838E+03,5.687426E-02,1.074431E+03,3.278674E-01,4.078239E+03,6.148434E+03,1.498739E-01,5.917806E+03,5.687426E-02,0.000000E+00,0.000000E+00,3.373854E-02,5.288785E+02,2.295009E-01,2.918623E+03,3.786756E+03,3.373854E-02,6.373663E+02,2.119583E-01,2.614222E+03,3.867716E+03,9.074940E-02,3.564028E+03,3.373854E-02,0.000000E+00,0.000000E+00,5.687426E-02,8.915492E+02,3.575606E-01,4.592707E+03,6.031982E+03,5.687426E-02,1.074431E+03,3.267213E-01,4.065433E+03,6.145100E+03,1.525676E-01,5.996033E+03,5.687426E-02,0.000000E+00,0.000000E+00,3.373854E-02,5.288785E+02,2.354032E-01,2.984497E+03,3.858174E+03,3.373854E-02,6.373663E+02,2.170871E-01,2.671453E+03,3.932739E+03,9.180283E-02,3.594615E+03,3.373854E-02,0.000000E+00,0.000000E+00
15:10:00,7.502560E-02,1.183248E+03,3.742422E-01,4.963660E+03,6.617833E+03,7.502560E-02,1.424496E+03,3.646659E-01,4.615492E+03,7.017700E+03,7.502560E-02,4.244464E+03,7.502560E-02,0.000000E+00,0.000000E+00,5.687426E-02,8.969785E+02,3.586375E-01,4.599309E+03,6.032129E+03,5.687426E-02,1.079860E+03,3.284755E-01,4.079599E+03,6.149795E+03,1.498743E-01,5.917818E+03,5.687426E-02,0.000000E+00,0.000000E+00,3.373854E-02,5.320992E+02,2.293648E-01,2.913883E+03,3.781821E+03,3.373854E-02,6.405871E+02,2.118274E-01,2.609539E+03,3.862822E+03,9.074962E-02,3.564035E+03,3.373854E-02,0.000000E+00,0.000000E+00,5.687426E-02,8.969785E+02,3.581975E-01,4.594389E+03,6.033678E+03,5.687426E-02,1.079860E+03,3.273638E-01,4.067177E+03,6.146890E+03,1.525680E-01,5.996045E+03,5.687426E-02,0.000000E+00,0.000000E+00,3.373854E-02,5.320992E+02,2.413153E-01,3.047278E+03,3.923334E+03,3.373854E-02,6.405871E+02,2.228616E-01,2.732696E+03,3.996862E+03,9.180305E-02,3.594622E+03,3.373854E-02,0.000000E+00,0.000000E+00
15:20:00,7.502560E-02,1.190410E+03,3.748052E-01,4.962784E+03,6.617023E+03,7.502560E-02,1.431658E+03,3.652296E-01,4.614624E+03,7.016891E+03,7.502560E-02,4.244464E+03,7.502560E-02,0.000000E+00,0.000000E+00,5.687426E-02,9.024078E+02,3.591204E-01,4.599271E+03,6.031985E+03,5.687426E-02,1.085290E+03,3.289697E-01,4.079687E+03,6.149734E+03,1.498747E-01,5.917830E+03,5.687426E-02,0.000000E+00,0.000000E+00,3.373854E-02,5.353199E+02,2.291663E-01,2.908446E+03,3.776120E+03,3.373854E-02,6.438078E+02,2.116378E-01,2.604202E+03,3.857156E+03,9.074984E-02,3.564041E+03,3.373854E-02,0.000000E+00,0.000000E+00,5.687426E-02,9.024078E+02,3.586869E-01,4.594424E+03,6.033600E+03,5.687426E-02,1.085290E+03,3.278655E-01,4.067349E+03,6.146903E+03,1.525684E-01,5.996056E+03,5.687426E-02,0.000000E+00,0.000000E+00,3.373854E-02,5.353199E+02,2.472801E-01,3.110649E+03,3.988879E+03,3.373854E-02,6.438078E+02,2.287146E-01,2.794816E+03,4.061550E+03,9.180327E-02,3.594628E+03,3.373854E-02,0.000000E+00,0.000000E+00
15:30:00,7.502560E-02,1.197572E+03,3.753492E-01,4.961696E+03,6.615990E+03,7.502560E-02,1.438820E+03,3.657745E-01,4.613545E+03,7.015859E+03,7.502560E-02,4.244464E+03,7.502560E-02,0.000000E+00,0.000000E+00,5.687426E-02,9.078371E+02,3.594536E-01,4.597562E+03,6.030055E+03,5.687426E-02,1.090719E+03,3.293215E-01,4.078186E+03,6.147888E+03,1.498751E-01,5.917842E+03,5.687426E-02,0.000000E+00,0.000000E+00,3.373854E-02,5.385407E+02,2.288993E-01,2.902245E+03,3.769582E+03,3.373854E-02,6.470286E+02,2.113838E-01,2.598146E+03,3.850645E+03,9.075006E-02,3.564048E+03,3.373854E-02,0.000000E+00,0.000000E+00,5.687426E-02,9.078371E+02,3.590224E-01,4.592742E+03,6.031681E+03,5.687426E-02,1.090719E+03,3.282202E-01,4.065881E+03,6.145067E+03,1.525688E-01,5.996068E+03,5.687426E-02,0.000000E+00,0.000000E+00,3.373854E-02,5.385407E+02,2.532377E-01,3.173941E+03,4.054155E+03,3.373854E-02,6.470286E+02,2.345780E-01,2.857054E+03,4.126047E+03,9.180349E-02,3.594634E+03,3.373854E-02,0.000000E+00,0.000000E+00
15:40:00,7.502560E-02,1.204734E+03,3.758702E-01,4.960351E+03,6.614684E+03,7.502560E-02,1.445982E+03,3.662964E-01,4.612210E+03,7.014557E+03,7.502560E-02,4.244464E+03,7.502560E-02,0.000000E+00,0.000000E+00,5.687426E-02,9.132664E+02,3.596195E-01,4.593986E+03,6.026114E+03,5.687426E-02,1.096148E+03,3.295137E-01,4.074904E+03,6.144047E+03,1.498755E-01,5.917853E+03,5.687426E-02,0.000000E+00,0.000000E+00,3.373854E-02,5.417614E+02,2.285584E-01,2.895218E+03,3.762139E+03,3.373854E-02,6.502493E+02,2.110598E-01,2.591308E+03,3.843229E+03,9.075028E-02,3.564054E+03,3.373854E-02,0.000000E+00,0.000000E+00,5.687426E-02,9.132664E+02,3.591987E-01,4.589281E+03,6.027848E+03,5.687426E-02,1.096148E+03,3.284228E-01,4.062714E+03,6.141324E+03,1.525692E-01,5.996080E+03,5.687426E-02,0.000000E+00,0.000000E+00,3.373854E-02,5.417614E+02,2.591418E-01,3.236637E+03,4.118665E+03,3.373854E-02,6.502493E+02,2.404017E-01,2.918850E+03,4.189832E+03,9.180370E-02,3.594641E+03,3.373854E-02,0.000000E+00,0.000000E+00
15:50:00,7.502560E-02,1.211896E+03,3.763641E-01,4.958704E+03,6.613060E+03,7.502560E-02,1.453144E+03,3.667916E-01,4.610578E+03,7.012940E+03,7.502560E-02,4.244464E+03,7.502560E-02,0.000000E+00,0.000000E+00,5.687426E-02,9.186957E+02,3.596143E-01,4.588499E+03,6.020107E+03,5.687426E-02,1.101578E+03,3.295417E-01,4.069788E+03,6.138160E+03,1.498759E-01,5.917865E+03,5.687426E-02,0.000000E+00,0.000000E+00,3.373854E-02,5.449821E+02,2.281383E-01,2.887307E+03,3.753729E+03,3.373854E-02,6.534700E+02,2.106608E-01,2.583633E+03,3.834858E+03,9.075049E-02,3.564060E+03,3.373854E-02,0.000000E+00,0.000000E+00,5.687426E-02,9.186957E+02,3.592112E-01,4.583992E+03,6.022034E+03,5.687426E-02,1.101578E+03,3.284689E-01,4.057800E+03,6.135626E+03,1.525696E-01,5.996092E+03,5.687426E-02,0.000000E+00,0.000000E+00,3.373854E-02,5.449821E+02,2.649489E-01,3.298249E+03,4.181934E+03,3.373854E-02,6.534700E+02,2.461388E-01,2.979679E+03,4.252411E+03,9.180391E-02,3.594647E+03,3.373854E-02,0.000000E+00,0.000000E+00
16:00:00,7.502560E-02,1.219058E+03,3.768271E-01,4.956711E+03,6.611073E+03,7.502560E-02,1.460307E+03,3.672563E-01,4.608604E+03,7.010963E+03,7.502560E-02,4.244464E+03,7.502560E-02,0.000000E+00,0.000000E+00,5.687426E-02,9.241250E+02,3.594367E-01,4.581089E+03,6.012016E+03,5.687426E-02,1.107007E+03,3.294041E-01,4.062823E+03,6.130217E+03,1.498763E-01,5.917877E+03,5.687426E-02,0.000000E+00,0.000000E+00,3.373854E-02,5.482029E+02,2.276357E-01,2.878476E+03,3.744310E+03,3.373854E-02,6.566908E+02,2.101831E-01,2.575080E+03,3.825495E+03,9.075070E-02,3.564066E+03,3.373854E-02,0.000000E+00,0.000000E+00,5.687426E-02,9.241250E+02,3.590557E-01,4.576827E+03,6.014180E+03,5.687426E-02,1.107007E+03,3.283566E-01,4.051119E+03,6.127954E+03,1.525700E-01,5.996103E+03,5.687426E-02,0.000000E+00,0.000000E+00,3.373854E-02,5.482029E+02,2.704855E-01,3.356843E+03,4.241830E+03,3.373854E-02,6.566908E+02,2.516167E-01,3.037616E+03,4.311639E+03,9.180413E-02,3.594653E+03,3.373854E-02,0.000000E+00,0.000000E+00
16:10:00,7.502560E-02,1.228608E+03,3.772552E-01,4.951941E+03,6.606230E+03,7.502560E-02,1.469856E+03,3.676864E-01,4.603856E+03,7.006131E+03,7.502560E-02,4.244464E+03,7.502560E-02,0.000000E+00,0.000000E+00,5.687426E-02,9.313641E+02,3.591307E-01,4.570434E+03,6.000551E+03,5.687426E-02,1.114246E+03,3.291404E-01,4.052642E+03,6.118900E+03,1.498767E-01,5.917888E+03,5.687426E-02,0.000000E+00,0.000000E+00,3.373854E-02,5.524972E+02,2.270725E-01,2.867894E+03,3.733069E+03,3.373854E-02,6.609851E+02,2.096463E-01,2.564793E+03,3.814311E+03,9.075091E-02,3.564072E+03,3.373854E-02,0.000000E+00,0.000000E+00,5.687426E-02,9.313641E+02,3.587774E-01,4.566483E+03,6.003018E+03,5.687426E-02,1.114246E+03,3.281225E-01,4.041267E+03,6.116949E+03,1.525704E-01,5.996115E+03,5.687426E-02,0.000000E+00,0.000000E+00,3.373854E-02,5.524972E+02,2.756236E-01,3.409914E+03,4.295929E+03,3.373854E-02,6.609851E+02,2.567070E-01,3.090152E+03,4.365110E+03,9.180434E-02,3.594659E+03,3.373854E-02,0.000000E+00,0.000000E+00
16:20:00,7.502560E-02,1.238157E+03,3.776444E-01,4.946737E+03,6.600933E+03,7.502560E-02,1.479405E+03,3.680778E-01,4.598678E+03,7.000844E+03,7.502560E-02,4.244464E+03,7.502560E-02,0.000000E+00,0.000000E+00,5.687426E-02,9.386032E+02,3.586942E-01,4.558322E+03,5.987548E+03,5.687426E-02,1.121485E+03,3.287492E-01,4.041036E+03,6.106039E+03,1.498771E-01,5.917899E+03,5.687426E-02,0.000000E+00,0.000000E+00,3.373854E-02,5.567915E+02,2.264446E-01,2.856590E+03,3.721062E+03,3.373854E-02,6.652794E+02,2.090467E-01,2.553806E+03,3.802358E+03,9.075112E-02,3.564078E+03,3.373854E-02,0.000000E+00,0.000000E+00,5.687426E-02,9.386032E+02,3.583703E-01,4.554699E+03,5.990333E+03,5.687426E-02,1.121485E+03,3.277633E-01,4.030019E+03,6.104427E+03,1.525708E-01,5.996126E+03,5.687426E-02,0.000000E+00,0.000000E+00,3.373854E-02,5.567915E+02,2.802897E-01,3.457717E+03,4.344724E+03,3.373854E-02,6.652794E+02,2.613363E-01,3.137543E+03,4.413358E+03,9.180454E-02,3.594665E+03,3.373854E-02,0.000000E+00,0.000000E+00
16:30:00,7.502560E-02,1.247706E+03,3.779910E-01,4.941057E+03,6.595133E+03,7.502560E-02,1.488955E+03,3.684269E-01,4.593026E+03,6.995058E+03,7.502560E-02,4.244464E+03,7.502560E-02,0.000000E+00,0.000000E+00,5.687426E-02,9.458423E+02,3.581269E-01,4.544751E+03,5.973004E+03,5.687426E-02,1.128724E+03,3.282299E-01,4.028001E+03,6.091630E+03,1.498775E-01,5.917911E+03,5.687426E-02,0.000000E+00,0.000000E+00,3.373854E-02,5.610858E+02,2.257495E-01,2.844536E+03,3.708256E+03,3.373854E-02,6.695737E+02,2.083815E-01,2.542086E+03,3.789602E+03,9.075133E-02,3.564084E+03,3.373854E-02,0.000000E+00,0.000000E+00,5.687426E-02,9.458423E+02,3.578301E-01,4.541431E+03,5.976079E+03,5.687426E-02,1.128724E+03,3.272749E-01,4.017329E+03,6.090339E+03,1.525712E-01,5.996137E+03,5.687426E-02,0.000000E+00,0.000000E+00,3.373854E-02,5.610858E+02,2.844428E-01,3.499793E+03,4.387785E+03,3.373854E-02,6.695737E+02,2.654633E-01,3.179327E+03,4.455976E+03,9.180475E-02,3.594671E+03,3.373854E-02,0.000000E+00,0.000000E+00
16:40:00,7.502560E-02,1.257256E+03,3.782917E-01,4.934866E+03,6.588797E+03,7.502560E-02,1.498504E+03,3.687303E-01,4.586864E+03,6.988736E+03,7.502560E-02,4.244464E+03,7.502560E-02,0.000000E+00,0.000000E+00,5.687426E-02,9.530813E+02,3.574291E-01,4.529723E+03,5.956921E+03,5.687426E-02,1.135963E+03,3.275826E-01,4.013536E+03,6.075676E+03,1.498779E-01,5.917922E+03,5.687426E-02,0.000000E+00,0.000000E+00,3.373854E-02,5.653801E+02,2.249846E-01,2.831703E+03,3.694622E+03,3.373854E-02,6.738680E+02,2.076486E-01,2.529609E+03,3.776017E+03,9.075153E-02,3.564090E+03,3.373854E-02,0.000000E+00,0.000000E+00,5.687426E-02,9.530813E+02,3.571541E-01,4.526646E+03,5.960223E+03,5.687426E-02,1.135963E+03,3.266545E-01,4.003166E+03,6.074657E+03,1.525716E-01,5.996148E+03,5.687426E-02,0.000000E+00,0.000000E+00,3.373854E-02,5.653801E+02,2.880257E-01,3.535503E+03,4.424303E+03,3.373854E-02,6.738680E+02,2.690310E-01,3.214867E+03,4.492139E+03,9.180495E-02,3.594677E+03,3.373854E-02,0.000000E+00,0.000000E+00
16:50:00,7.502560E-02,1.266805E+03,3.785437E-01,4.928131E+03,6.581894E+03,7.502560E-02,1.508054E+03,3.689850E-01,4.580159E+03,6.981844E+03,7.502560E-02,4.244464E+03,7.502560E-02,0.000000E+00,0.000000E+00,5.687426E-02,9.603204E+02,3.566000E-01,4.513228E+03,5.939287E+03,5.687426E-02,1.143202E+03,3.268063E-01,3.997632E+03,6.058168E+03,1.498783E-01,5.917933E+03,5.687426E-02,0.000000E+00,0.000000E+00,3.373854E-02,5.696744E+02,2.241480E-01,2.818069E+03,3.680137E+03,3.373854E-02,6.781623E+02,2.068456E-01,2.516351E+03,3.761582E+03,9.075174E-02,3.564096E+03,3.373854E-02,0.000000E+00,0.000000E+00,5.687426E-02,9.603204E+02,3.563407E-01,4.510326E+03,5.942744E+03,5.687426E-02,1.143202E+03,3.259006E-01,3.987511E+03,6.057367E+03,1.525719E-01,5.996159E+03,5.687426E-02,0.000000E+00,0.000000E+00,3.373854E-02,5.696744E+02,2.909844E-01,3.564245E+03,4.453518E+03,3.373854E-02,6.781623E+02,2.719852E-01,3.243559E+03,4.521067E+03,9.180516E-02,3.594683E+03,3.373854E-02,0.000000E+00,0.000000E+00
17:00:00,7.502560E-02,1.276355E+03,3.787260E-01,4.920628E+03,6.574110E+03,7.502560E-02,1.517603E+03,3.691700E-01,4.572686E+03,6.974070E+03,7.502560E-02,4.244464E+03,7.502560E-02,0.000000E+00,0.000000E+00,5.687426E-02,9.675595E+02,3.555112E-01,4.493848E+03,5.918733E+03,5.687426E-02,1.150441E+03,3.257732E-01,3.978876E+03,6.037667E+03,1.498786E-01,5.917944E+03,5.687426E-02,0.000000E+00,0.000000E+00,3.373854E-02,5.739687E+02,2.231713E-01,2.802879E+03,3.664205E+03,3.373854E-02,6.824566E+02,2.059057E-01,2.501574E+03,3.745704E+03,9.075194E-02,3.564102E+03,3.373854E-02,0.000000E+00,0.000000E+00,5.687426E-02,9.675595E+02,3.552709E-01,4.491159E+03,5.922387E+03,5.687426E-02,1.150441E+03,3.248933E-01,3.969043E+03,6.037116E+03,1.525723E-01,5.996170E+03,5.687426E-02,0.000000E+00,0.000000E+00,3.373854E-02,5.739687E+02,2.932038E-01,3.584745E+03,4.473310E+03,3.373854E-02,6.824566E+02,2.742097E-01,3.264117E+03,4.540348E+03,9.180536E-02,3.594689E+03,3.373854E-02,0.000000E+00,0.000000E+00
17:10:00,7.502560E-02,1.288291E+03,3.788530E-01,4.910133E+03,6.563369E+03,7.502560E-02,1.529540E+03,3.692998E-01,4.562221E+03,6.963334E+03,7.502560E-02,4.244464E+03,7.502560E-02,0.000000E+00,0.000000E+00,5.687426E-02,9.766083E+02,3.542582E-01,4.470840E+03,5.894360E+03,5.687426E-02,1.159490E+03,3.245754E-01,3.956488E+03,6.013384E+03,1.498790E-01,5.917955E+03,5.687426E-02,0.000000E+00,0.000000E+00,3.373854E-02,5.793366E+02,2.221054E-01,2.785630E+03,3.645964E+03,3.373854E-02,6.878245E+02,2.048764E-01,2.484735E+03,3.727504E+03,9.075214E-02,3.564108E+03,3.373854E-02,0.000000E+00,0.000000E+00,5.687426E-02,9.766083E+02,3.540352E-01,4.468345E+03,5.898183E+03,5.687426E-02,1.159490E+03,3.237253E-01,3.946988E+03,6.013134E+03,1.525727E-01,5.996181E+03,5.687426E-02,0.000000E+00,0.000000E+00,3.373854E-02,5.793366E+02,2.949079E-01,3.598432E+03,4.487426E+03,3.373854E-02,6.878245E+02,2.759274E-01,3.277959E+03,4.554435E+03,9.180556E-02,3.594695E+03,3.373854E-02,0.000000E+00,0.000000E+00
17:20:00,7.502560E-02,1.300228E+03,3.789244E-01,4.899018E+03,6.551955E+03,7.502560E-02,1.541477E+03,3.693740E-01,4.551138E+03,6.951926E+03,7.502560E-02,4.244464E+03,7.502560E-02,0.000000E+00,0.000000E+00,5.687426E-02,9.856572E+02,3.528448E-01,4.446044E+03,5.868220E+03,5.687426E-02,1.168539E+03,3.232249E-01,3.932395E+03,5.987387E+03,1.498794E-01,5.917965E+03,5.687426E-02,0.000000E+00,0.000000E+00,3.373854E-02,5.847045E+02,2.209540E-01,2.767426E+03,3.626820E+03,3.373854E-02,6.931924E+02,2.037663E-01,2.466995E+03,3.708448E+03,9.075234E-02,3.564114E+03,3.373854E-02,0.000000E+00,0.000000E+00,5.687426E-02,9.856572E+02,3.527142E-01,4.444579E+03,5.873145E+03,5.687426E-02,1.168539E+03,3.224743E-01,3.924007E+03,5.988318E+03,1.525731E-01,5.996192E+03,5.687426E-02,0.000000E+00,0.000000E+00,3.373854E-02,5.847045E+02,2.960931E-01,3.606325E+03,4.495375E+03,3.373854E-02,6.931924E+02,2.771346E-01,3.286102E+03,4.562336E+03,9.180576E-02,3.594700E+03,3.373854E-02,0.000000E+00,0.000000E+00
17:30:00,7.502560E-02,1.312165E+03,3.789374E-01,4.887251E+03,6.539858E+03,7.502560E-02,1.553413E+03,3.693900E-01,4.539403E+03,6.939838E+03,7.502560E-02,4.244464E+03,7.502560E-02,0.000000E+00,0.000000E+00,5.687426E-02,9.947060E+02,3.512647E-01,4.419384E+03,5.840015E+03,5.687426E-02,1.177588E+03,3.217120E-01,3.906488E+03,5.959326E+03,1.498797E-01,5.917976E+03,5.687426E-02,0.000000E+00,0.000000E+00,3.373854E-02,5.900724E+02,2.197157E-01,2.748252E+03,3.606580E+03,3.373854E-02,6.985603E+02,2.025718E-01,2.448313E+03,3.688293E+03,9.075254E-02,3.564120E+03,3.373854E-02,0.000000E+00,0.000000E+00,5.687426E-02,9.947060E+02,3.514332E-01,4.421260E+03,5.848516E+03,5.687426E-02,1.177588E+03,3.212605E-01,3.901439E+03,5.963887E+03,1.525734E-01,5.996203E+03,5.687426E-02,0.000000E+00,0.000000E+00,3.373854E-02,5.900724E+02,2.967113E-01,3.607889E+03,4.496735E+03,3.373854E-02,6.985603E+02,2.777836E-01,3.288012E+03,4.563711E+03,9.180595E-02,3.594706E+03,3.373854E-02,0.000000E+00,0.000000E+00
17:40:00,7.502560E-02,1.324102E+03,3.788948E-01,4.874862E+03,6.527116E+03,7.502560E-02,1.565350E+03,3.693505E-01,4.527049E+03,6.927103E+03,7.502560E-02,4.244464E+03,7.502560E-02,0.000000E+00,0.000000E+00,5.687426E-02,1.003755E+03,3.495118E-01,4.390794E+03,5.809685E+03,5.687426E-02,1.186637E+03,3.200309E-01,3.878703E+03,5.929143E+03,1.498801E-01,5.917987E+03,5.687426E-02,0.000000E+00,0.000000E+00,3.373854E-02,5.954403E+02,2.183910E-01,2.728114E+03,3.585263E+03,3.373854E-02,7.039282E+02,2.012935E-01,2.428694E+03,3.667061E+03,9.075274E-02,3.564125E+03,3.373854E-02,0.000000E+00,0.000000E+00,5.687426E-02,1.003755E+03,3.504345E-01,4.401091E+03,5.827145E+03,5.687426E-02,1.186637E+03,3.203217E-01,3.881942E+03,5.942694E+03,1.525738E-01,5.996214E+03,5.687426E-02,0.000000E+00,0.000000E+00,3.373854E-02,5.954403E+02,2.967556E-01,3.603044E+03,4.491440E+03,3.373854E-02,7.039282E+02,2.778673E-01,3.283611E+03,4.558489E+03,9.180615E-02,3.594712E+03,3.373854E-02,0.000000E+00,0.000000E+00
17:50:00,7.502560E-02,1.336039E+03,3.788072E-01,4.861972E+03,6.513854E+03,7.502560E-02,1.577287E+03,3.692662E-01,4.514195E+03,6.913849E+03,7.502560E-02,4.244464E+03,7.502560E-02,0.000000E+00,0.000000E+00,5.687426E-02,1.012804E+03,3.475796E-01,4.360202E+03,5.777172E+03,5.687426E-02,1.195686E+03,3.181756E-01,3.848973E+03,5.896795E+03,1.498805E-01,5.917997E+03,5.687426E-02,0.000000E+00,0.000000E+00,3.373854E-02,6.008082E+02,2.169817E-01,2.707030E+03,3.562903E+03,3.373854E-02,7.092961E+02,1.999331E-01,2.408158E+03,3.644792E+03,9.075293E-02,3.564131E+03,3.373854E-02,0.000000E+00,0.000000E+00,5.687426E-02,1.012804E+03,3.497650E-01,4.384597E+03,5.809303E+03,5.687426E-02,1.195686E+03,3.197063E-01,3.866056E+03,5.924990E+03,1.525742E-01,5.996224E+03,5.687426E-02,0.000000E+00,0.000000E+00,3.373854E-02,6.008082E+02,2.962207E-01,3.591733E+03,4.479433E+03,3.373854E-02,7.092961E+02,2.773807E-01,3.272843E+03,4.546620E+03,9.180634E-02,3.594717E+03,3.373854E-02,0.000000E+00,0.000000E+00
18:00:00,7.502560E-02,1.347975E+03,3.787071E-01,4.848931E+03,6.500459E+03,7.502560E-02,1.589224E+03,3.691695E-01,4.501191E+03,6.900464E+03,7.502560E-02,4.244464E+03,7.502560E-02,0.000000E+00,0.000000E+00,5.687426E-02,1.021853E+03,3.455879E-01,4.328933E+03,5.744036E+03,5.687426E-02,1.204734E+03,3.162662E-01,3.818624E+03,5.863898E+03,1.498808E-01,5.918008E+03,5.687426E-02,0.000000E+00,0.000000E+00,3.373854E-02,6.061761E+02,2.155565E-01,2.685759E+03,3.540387E+03,3.373854E-02,7.146640E+02,1.985580E-01,2.387448E+03,3.622389E+03,9.075312E-02,3.564136E+03,3.373854E-02,0.000000E+00,0.000000E+00,5.687426E-02,1.021853E+03,3.495513E-01,4.373178E+03,5.796684E+03,5.687426E-02,1.204734E+03,3.195444E-01,3.855216E+03,5.912552E+03,1.525745E-01,5.996235E+03,5.687426E-02,0.000000E+00,0.000000E+00,3.373854E-02,6.061761E+02,2.952786E-01,3.575863E+03,4.462857E+03,3.373854E-02,7.146640E+02,2.764973E-01,3.257631E+03,4.530317E+03,9.180653E-02,3.594723E+03,3.373854E-02,0.000000E+00,0.000000E+00
18:10:00,7.502560E-02,1.365880E+03,3.785891E-01,4.829709E+03,6.480731E+03,7.502560E-02,1.607129E+03,3.690548E-01,4.482006E+03,6.880736E+03,7.502560E-02,4.244464E+03,7.502560E-02,0.000000E+00,0.000000E+00,5.687426E-02,1.035426E+03,3.434018E-01,4.290953E+03,5.703905E+03,5.687426E-02,1.218308E+03,3.141764E-01,3.781720E+03,5.824123E+03,1.498812E-01,5.918018E+03,5.687426E-02,0.000000E+00,0.000000E+00,3.373854E-02,6.142279E+02,2.140473E-01,2.660857E+03,3.514086E+03,3.373854E-02,7.227158E+02,1.971069E-01,2.363196E+03,3.596270E+03,9.075331E-02,3.564142E+03,3.373854E-02,0.000000E+00,0.000000E+00,5.687426E-02,1.035426E+03,3.496395E-01,4.360590E+03,5.782940E+03,5.687426E-02,1.218308E+03,3.196876E-01,3.843243E+03,5.899040E+03,1.525749E-01,5.996245E+03,5.687426E-02,0.000000E+00,0.000000E+00,3.373854E-02,6.142279E+02,2.937170E-01,3.550378E+03,4.436342E+03,3.373854E-02,7.227158E+02,2.750069E-01,3.232942E+03,4.504157E+03,9.180673E-02,3.594729E+03,3.373854E-02,0.000000E+00,0.000000E+00
18:20:00,7.502560E-02,1.383786E+03,3.784567E-01,4.810325E+03,6.460829E+03,7.502560E-02,1.625034E+03,3.689259E-01,4.462662E+03,6.860837E+03,7.502560E-02,4.244464E+03,7.502560E-02,0.000000E+00,0.000000E+00,5.687426E-02,1.048999E+03,3.410107E-01,4.250684E+03,5.661316E+03,5.687426E-02,1.231881E+03,3.118872E-01,3.742588E+03,5.781863E+03,1.498816E-01,5.918029E+03,5.687426E-02,0.000000E+00,0.000000E+00,3.373854E-02,6.222798E+02,2.124524E-01,2.634999E+03,3.486740E+03,3.373854E-02,7.307676E+02,1.955725E-01,2.338014E+03,3.569080E+03,9.075350E-02,3.564148E+03,3.373854E-02,0.000000E+00,0.000000E+00,5.687426E-02,1.048999E+03,3.498684E-01,4.349573E+03,5.770946E+03,5.687426E-02,1.231881E+03,3.199812E-01,3.832947E+03,5.887351E+03,1.525752E-01,5.996255E+03,5.687426E-02,0.000000E+00,0.000000E+00,3.373854E-02,6.222798E+02,2.914843E-01,3.517399E+03,4.402062E+03,3.373854E-02,7.307676E+02,2.728581E-01,3.200900E+03,4.470289E+03,9.180691E-02,3.594734E+03,3.373854E-02,0.000000E+00,0.000000E+00
18:30:00,7.502560E-02,1.401691E+03,3.783108E-01,4.790792E+03,6.440770E+03,7.502560E-02,1.642939E+03,3.687838E-01,4.443170E+03,6.840783E+03,7.502560E-02,4.244464E+03,7.502560E-02,0.000000E+00,0.000000E+00,5.687426E-02,1.062572E+03,3.384171E-01,4.208154E+03,5.616301E+03,5.687426E-02,1.245454E+03,3.094050E-01,3.701303E+03,5.737206E+03,1.498819E-01,5.918039E+03,5.687426E-02,0.000000E+00,0.000000E+00,3.373854E-02,6.303316E+02,2.107762E-01,2.608233E+03,3.458403E+03,3.373854E-02,7.388195E+02,1.939617E-01,2.311977E+03,3.540906E+03,9.075369E-02,3.564153E+03,3.373854E-02,0.000000E+00,0.000000E+00,5.687426E-02,1.062572E+03,3.499588E-01,4.337009E+03,5.757410E+03,5.687426E-02,1.245454E+03,3.201499E-01,3.821258E+03,5.874178E+03,1.525756E-01,5.996266E+03,5.687426E-02,0.000000E+00,0.000000E+00,3.373854E-02,6.303316E+02,2.885495E-01,3.476581E+03,4.359693E+03,3.373854E-02,7.388195E+02,2.700211E-01,3.161175E+03,4.428413E+03,9.180710E-02,3.594739E+03,3.373854E-02,0.000000E+00,0.000000E+00
18:40:00,7.502560E-02,1.419596E+03,3.781409E-01,4.770989E+03,6.420436E+03,7.502560E-02,1.660844E+03,3.686178E-01,4.423412E+03,6.820456E+03,7.502560E-02,4.244464E+03,7.502560E-02,0.000000E+00,0.000000E+00,5.687426E-02,1.076146E+03,3.355732E-01,4.162828E+03,5.568241E+03,5.687426E-02,1.259027E+03,3.066786E-01,3.657291E+03,5.689486E+03,1.498823E-01,5.918049E+03,5.687426E-02,0.000000E+00,0.000000E+00,3.373854E-02,6.383834E+02,2.089958E-01,2.580303E+03,3.428782E+03,3.373854E-02,7.468713E+02,1.922488E-01,2.284803E+03,3.511427E+03,9.075388E-02,3.564158E+03,3.373854E-02,0.000000E+00,0.000000E+00,5.687426E-02,1.076146E+03,3.492822E-01,4.315883E+03,5.734641E+03,5.687426E-02,1.259027E+03,3.195780E-01,3.801301E+03,5.851838E+03,1.525759E-01,5.996276E+03,5.687426E-02,0.000000E+00,0.000000E+00,3.373854E-02,6.383834E+02,2.845083E-01,3.423411E+03,4.304349E+03,3.373854E-02,7.468713E+02,2.660971E-01,3.109316E+03,4.373640E+03,9.180729E-02,3.594745E+03,3.373854E-02,0.000000E+00,0.000000E+00
18:50:00,7.502560E-02,1.437501E+03,3.779226E-01,4.750647E+03,6.399541E+03,7.502560E-02,1.678749E+03,3.684040E-01,4.403119E+03,6.799574E+03,7.502560E-02,4.244464E+03,7.502560E-02,0.000000E+00,0.000000E+00,5.687426E-02,1.089719E+03,3.325164E-01,4.115127E+03,5.517669E+03,5.687426E-02,1.272601E+03,3.037551E-01,3.611078E+03,5.639406E+03,1.498826E-01,5.918059E+03,5.687426E-02,0.000000E+00,0.000000E+00,3.373854E-02,6.464353E+02,2.071280E-01,2.551398E+03,3.398122E+03,3.373854E-02,7.549231E+02,1.904572E-01,2.256748E+03,3.480995E+03,9.075407E-02,3.564164E+03,3.373854E-02,0.000000E+00,0.000000E+00,5.687426E-02,1.089719E+03,3.478505E-01,4.286326E+03,5.703353E+03,5.687426E-02,1.272601E+03,3.182742E-01,3.773172E+03,5.821128E+03,1.525763E-01,5.996286E+03,5.687426E-02,0.000000E+00,0.000000E+00,3.373854E-02,6.464353E+02,2.795820E-01,3.360358E+03,4.239241E+03,3.373854E-02,7.549231E+02,2.613121E-01,3.047842E+03,4.309383E+03,9.180747E-02,3.594750E+03,3.373854E-02,0.000000E+00,0.000000E+00
19:00:00,7.502560E-02,1.455406E+03,3.776277E-01,4.729449E+03,6.377751E+03,7.502560E-02,1.696655E+03,3.681140E-01,4.381976E+03,6.777798E+03,7.502560E-02,4.244464E+03,7.502560E-02,0.000000E+00,0.000000E+00,5.687426E-02,1.103292E+03,3.292598E-01,4.065194E+03,5.464685E+03,5.687426E-02,1.286174E+03,3.006445E-01,3.562776E+03,5.587011E+03,1.498829E-01,5.918069E+03,5.687426E-02,0.000000E+00,0.000000E+00,3.373854E-02,6.544871E+02,2.051780E-01,2.521574E+03,3.366461E+03,3.373854E-02,7.629750E+02,1.885898E-01,2.227848E+03,3.449613E+03,9.075425E-02,3.564169E+03,3.373854E-02,0.000000E+00,0.000000E+00,5.687426E-02,1.103292E+03,3.455746E-01,4.247343E+03,5.662184E+03,5.687426E-02,1.286174E+03,3.161432E-01,3.735808E+03,5.780580E+03,1.525766E-01,5.996296E+03,5.687426E-02,0.000000E+00,0.000000E+00,3.373854E-02,6.544871E+02,2.737700E-01,3.287417E+03,4.163838E+03,3.373854E-02,7.629750E+02,2.556630E-01,2.976720E+03,4.234998E+03,9.180766E-02,3.594756E+03,3.373854E-02,0.000000E+00,0.000000E+00
19:10:00,7.502560E-02,1.468537E+03,3.772314E-01,4.711893E+03,6.359659E+03,7.502560E-02,1.709785E+03,3.677231E-01,4.364480E+03,6.759733E+03,7.502560E-02,4.244464E+03,7.502560E-02,0.000000E+00,0.000000E+00,5.687426E-02,1.113246E+03,3.263629E-01,4.022896E+03,5.422609E+03,5.687426E-02,1.296128E+03,2.975535E-01,3.518312E+03,5.540632E+03,1.498833E-01,5.918079E+03,5.687426E-02,0.000000E+00,0.000000E+00,3.373854E-02,6.603918E+02,2.035058E-01,2.496999E+03,3.342335E+03,3.373854E-02,7.688797E+02,1.867722E-01,2.201651E+03,3.422491E+03,9.075443E-02,3.564175E+03,3.373854E-02,0.000000E+00,0.000000E+00,5.687426E-02,1.113246E+03,3.429639E-01,4.208241E+03,5.623857E+03,5.687426E-02,1.296128E+03,3.133269E-01,3.694413E+03,5.737671E+03,1.525770E-01,5.996306E+03,5.687426E-02,0.000000E+00,0.000000E+00,3.373854E-02,6.603918E+02,2.674657E-01,3.211125E+03,4.087309E+03,3.373854E-02,7.688797E+02,2.493185E-01,2.899982E+03,4.156357E+03,9.180784E-02,3.594761E+03,3.373854E-02,0.000000E+00,0.000000E+00
19:20:00,7.502560E-02,1.481667E+03,3.767159E-01,4.693008E+03,6.340169E+03,7.502560E-02,1.722915E+03,3.672134E-01,4.345659E+03,6.740268E+03,7.502560E-02,4.244464E+03,7.502560E-02,0.000000E+00,0.000000E+00,5.687426E-02,1.123200E+03,3.233387E-01,3.979176E+03,5.387331E+03,5.687426E-02,1.306081E+03,2.943506E-01,3.472598E+03,5.499591E+03,1.498836E-01,5.918089E+03,5.687426E-02,0.000000E+00,0.000000E+00,3.373854E-02,6.662965E+02,2.017822E-01,2.471850E+03,3.323428E+03,3.373854E-02,7.747843E+02,1.849120E-01,2.174976E+03,3.399582E+03,9.075461E-02,3.564180E+03,3.373854E-02,0.000000E+00,0.000000E+00,5.687426E-02,1.123200E+03,3.392683E-01,4.157026E+03,5.581533E+03,5.687426E-02,1.306081E+03,3.094630E-01,3.641321E+03,5.689183E+03,1.525773E-01,5.996316E+03,5.687426E-02,0.000000E+00,0.000000E+00,3.373854E-02,6.662965E+02,2.601121E-01,3.123116E+03,4.005784E+03,3.373854E-02,7.747843E+02,2.419829E-01,2.812178E+03,4.071798E+03,9.180802E-02,3.594766E+03,3.373854E-02,0.000000E+00,0.000000E+00
19:30:00,7.502560E-02,1.494798E+03,3.760693E-01,4.672658E+03,6.319134E+03,7.502560E-02,1.736046E+03,3.665727E-01,4.325375E+03,6.719261E+03,7.502560E-02,4.244464E+03,7.502560E-02,0.000000E+00,0.000000E+00,5.687426E-02,1.133153E+03,3.202155E-01,3.934350E+03,5.350810E+03,5.687426E-02,1.316035E+03,2.910637E-01,3.425946E+03,5.457486E+03,1.498840E-01,5.918099E+03,5.687426E-02,0.000000E+00,0.000000E+00,3.373854E-02,6.722011E+02,2.000147E-01,2.446210E+03,3.303851E+03,3.373854E-02,7.806890E+02,1.830164E-01,2.147907E+03,3.376126E+03,9.075479E-02,3.564185E+03,3.373854E-02,0.000000E+00,0.000000E+00,5.687426E-02,1.133153E+03,3.346104E-01,4.095066E+03,5.527634E+03,5.687426E-02,1.316035E+03,3.046887E-01,3.578063E+03,5.629615E+03,1.525777E-01,5.996325E+03,5.687426E-02,0.000000E+00,0.000000E+00,3.373854E-02,6.722011E+02,2.519909E-01,3.026537E+03,3.914239E+03,3.373854E-02,7.806890E+02,2.338728E-01,2.715724E+03,3.977167E+03,9.180820E-02,3.594771E+03,3.373854E-02,0.000000E+00,0.000000E+00
19:40:00,7.502560E-02,1.507928E+03,3.752913E-01,4.650841E+03,6.296559E+03,7.502560E-02,1.749176E+03,3.658005E-01,4.303623E+03,6.696707E+03,7.502560E-02,4.244464E+03,7.502560E-02,0.000000E+00,0.000000E+00,5.687426E-02,1.143107E+03,3.170961E-01,3.889564E+03,5.310089E+03,5.687426E-02,1.325989E+03,2.877980E-01,3.379530E+03,5.412168E+03,1.498843E-01,5.918108E+03,5.687426E-02,0.000000E+00,0.000000E+00,3.373854E-02,6.781058E+02,1.982483E-01,2.420581E+03,3.281226E+03,3.373854E-02,7.865937E+02,1.811325E-01,2.120967E+03,3.350277E+03,9.075497E-02,3.564190E+03,3.373854E-02,0.000000E+00,0.000000E+00,5.687426E-02,1.143107E+03,3.296976E-01,4.030259E+03,5.466507E+03,5.687426E-02,1.325989E+03,2.996708E-01,3.512084E+03,5.563825E+03,1.525780E-01,5.996335E+03,5.687426E-02,0.000000E+00,0.000000E+00,3.373854E-02,6.781058E+02,2.440676E-01,2.932165E+03,3.820909E+03,3.373854E-02,7.865937E+02,2.259775E-01,2.621669E+03,3.881880E+03,9.180838E-02,3.594776E+03,3.373854E-02,0.000000E+00,0.000000E+00
19:50:00,7.502560E-02,1.521058E+03,3.743992E-01,4.627749E+03,6.272655E+03,7.502560E-02,1.762307E+03,3.649138E-01,4.280593E+03,6.672818E+03,7.502560E-02,4.244464E+03,7.502560E-02,0.000000E+00,0.000000E+00,5.687426E-02,1.153061E+03,3.140122E-01,3.845176E+03,5.266958E+03,5.687426E-02,1.335943E+03,2.845708E-01,3.333543E+03,5.364877E+03,1.498846E-01,5.918118E+03,5.687426E-02,0.000000E+00,0.000000E+00,3.373854E-02,6.840105E+02,1.964944E-01,2.395092E+03,3.256765E+03,3.373854E-02,7.924984E+02,1.792624E-01,2.094183E+03,3.322872E+03,9.075515E-02,3.564195E+03,3.373854E-02,0.000000E+00,0.000000E+00,5.687426E-02,1.153061E+03,3.247395E-01,3.964945E+03,5.401642E+03,5.687426E-02,1.335943E+03,2.946141E-01,3.445673E+03,5.494864E+03,1.525783E-01,5.996345E+03,5.687426E-02,0.000000E+00,0.000000E+00,3.373854E-02,6.840105E+02,2.365292E-01,2.842092E+03,3.728935E+03,3.373854E-02,7.924984E+02,2.184566E-01,2.531792E+03,3.788137E+03,9.180855E-02,3.594782E+03,3.373854E-02,0.000000E+00,0.000000E+00
20:00:00,7.502560E-02,1.534189E+03,3.734208E-01,4.603695E+03,6.247751E+03,7.502560E-02,1.775437E+03,3.639404E-01,4.256595E+03,6.647921E+03,7.502560E-02,4.244464E+03,7.502560E-02,0.000000E+00,0.000000E+00,5.687426E-02,1.163015E+03,3.110665E-01,3.802330E+03,5.223837E+03,5.687426E-02,1.345896E+03,2.814835E-01,3.289117E+03,5.317824E+03,1.498850E-01,5.918128E+03,5.687426E-02,0.000000E+00,0.000000E+00,3.373854E-02,6.899152E+02,1.947999E-01,2.370265E+03,3.231889E+03,3.373854E-02,7.984031E+02,1.774542E-01,2.068088E+03,3.295204E+03,9.075533E-02,3.564200E+03,3.373854E-02,0.000000E+00,0.000000E+00,5.687426E-02,1.163015E+03,3.199664E-01,3.901696E+03,5.336652E+03,5.687426E-02,1.345896E+03,2.897486E-01,3.381394E+03,5.426099E+03,1.525787E-01,5.996354E+03,5.687426E-02,0.000000E+00,0.000000E+00,3.373854E-02,6.899152E+02,2.296174E-01,2.759013E+03,3.642090E+03,3.373854E-02,7.984031E+02,2.115478E-01,2.448749E+03,3.699423E+03,9.180873E-02,3.594787E+03,3.373854E-02,0.000000E+00,0.000000E+00
20:10:00,7.502560E-02,1.544932E+03,3.723886E-01,4.581427E+03,6.224667E+03,7.502560E-02,1.786180E+03,3.629126E-01,4.234376E+03,6.624841E+03,7.502560E-02,4.244464E+03,7.502560E-02,0.000000E+00,0.000000E+00,5.687426E-02,1.171158E+03,3.078291E-01,3.758037E+03,5.177311E+03,5.687426E-02,1.354040E+03,2.784469E-01,3.247069E+03,5.271999E+03,1.498853E-01,5.918137E+03,5.687426E-02,0.000000E+00,0.000000E+00,3.373854E-02,6.947463E+02,1.928708E-01,2.343893E+03,3.204145E+03,3.373854E-02,8.032342E+02,1.756411E-01,2.043013E+03,3.267746E+03,9.075550E-02,3.564205E+03,3.373854E-02,0.000000E+00,0.000000E+00,5.687426E-02,1.171158E+03,3.150401E-01,3.838547E+03,5.269379E+03,5.687426E-02,1.354040E+03,2.850877E-01,3.321210E+03,5.359911E+03,1.525790E-01,5.996364E+03,5.687426E-02,0.000000E+00,0.000000E+00,3.373854E-02,6.947463E+02,2.231744E-01,2.682243E+03,3.560163E+03,3.373854E-02,8.032342E+02,2.053102E-01,2.374274E+03,3.618324E+03,9.180890E-02,3.594792E+03,3.373854E-02,0.000000E+00,0.000000E+00
20:20:00,7.502560E-02,1.555675E+03,3.713353E-01,4.558924E+03,6.201338E+03,7.502560E-02,1.796923E+03,3.618630E-01,4.211913E+03,6.601510E+03,7.502560E-02,4.244464E+03,7.502560E-02,0.000000E+00,0.000000E+00,5.687426E-02,1.179302E+03,3.048309E-01,3.716416E+03,5.132963E+03,5.687426E-02,1.362184E+03,2.756375E-01,3.207558E+03,5.228333E+03,1.498856E-01,5.918146E+03,5.687426E-02,0.000000E+00,0.000000E+00,3.373854E-02,6.995774E+02,1.910535E-01,2.318771E+03,3.177296E+03,3.373854E-02,8.080653E+02,1.739335E-01,2.019116E+03,3.241173E+03,9.075567E-02,3.564211E+03,3.373854E-02,0.000000E+00,0.000000E+00,5.687426E-02,1.179302E+03,3.108386E-01,3.783491E+03,5.210234E+03,5.687426E-02,1.362184E+03,2.811183E-01,3.268747E+03,5.301717E+03,1.525793E-01,5.996373E+03,5.687426E-02,0.000000E+00,0.000000E+00,3.373854E-02,6.995774E+02,2.179407E-01,2.618974E+03,3.492458E+03,3.373854E-02,8.080653E+02,2.002209E-01,2.312621E+03,3.550937E+03,9.180907E-02,3.594797E+03,3.373854E-02,0.000000E+00,0.000000E+00
20:30:00,7.502560E-02,1.566418E+03,3.702933E-01,4.536547E+03,6.178151E+03,7.502560E-02,1.807667E+03,3.608241E-01,4.189570E+03,6.578314E+03,7.502560E-02,4.244464E+03,7.502560E-02,0.000000E+00,0.000000E+00,5.687426E-02,1.187446E+03,3.020840E-01,3.677601E+03,5.091259E+03,5.687426E-02,1.370328E+03,2.730672E-01,3.170715E+03,5.187267E+03,1.498859E-01,5.918156E+03,5.687426E-02,0.000000E+00,0.000000E+00,3.373854E-02,7.044085E+02,1.893566E-01,2.294994E+03,3.151650E+03,3.373854E-02,8.128964E+02,1.723401E-01,1.996494E+03,3.215784E+03,9.075584E-02,3.564215E+03,3.373854E-02,0.000000E+00,0.000000E+00,5.687426E-02,1.187446E+03,3.074371E-01,3.737367E+03,5.160708E+03,5.687426E-02,1.370328E+03,2.779017E-01,3.224690E+03,5.252828E+03,1.525796E-01,5.996383E+03,5.687426E-02,0.000000E+00,0.000000E+00,3.373854E-02,7.044085E+02,2.138111E-01,2.568034E+03,3.438145E+03,3.373854E-02,8.128964E+02,1.962376E-01,2.263314E+03,3.497258E+03,9.180924E-02,3.594802E+03,3.373854E-02,0.000000E+00,0.000000E+00
20:40:00,7.502560E-02,1.577161E+03,3.692886E-01,4.514586E+03,6.155417E+03,7.502560E-02,1.818410E+03,3.598217E-01,4.167635E+03,6.555565E+03,7.502560E-02,4.244464E+03,7.502560E-02,0.000000E+00,0.000000E+00,5.687426E-02,1.195590E+03,2.995738E-01,3.641431E+03,5.052200E+03,5.687426E-02,1.378472E+03,2.707219E-01,3.136386E+03,5.148777E+03,1.498862E-01,5.918165E+03,5.687426E-02,0.000000E+00,0.000000E+00,3.373854E-02,7.092396E+02,1.877765E-01,2.272521E+03,3.127276E+03,3.373854E-02,8.177275E+02,1.708576E-01,1.975112E+03,3.191635E+03,9.075601E-02,3.564220E+03,3.373854E-02,0.000000E+00,0.000000E+00,5.687426E-02,1.195590E+03,3.045539E-01,3.697031E+03,5.117365E+03,5.687426E-02,1.378472E+03,2.751882E-01,3.186250E+03,5.210094E+03,1.525799E-01,5.996392E+03,5.687426E-02,0.000000E+00,0.000000E+00,3.373854E-02,7.092396E+02,2.103452E-01,2.524506E+03,3.391779E+03,3.373854E-02,8.177275E+02,1.928884E-01,2.221089E+03,3.451269E+03,9.180941E-02,3.594807E+03,3.373854E-02,0.000000E+00,0.000000E+00
20:50:00,7.502560E-02,1.587904E+03,3.683579E-01,4.493451E+03,6.133456E+03,7.502560E-02,1.829153E+03,3.588929E-01,4.146522E+03,6.533584E+03,7.502560E-02,4.244464E+03,7.502560E-02,0.000000E+00,0.000000E+00,5.687426E-02,1.203734E+03,2.972952E-01,3.607846E+03,5.015567E+03,5.687426E-02,1.386616E+03,2.686043E-01,3.104600E+03,5.112825E+03,1.498866E-01,5.918174E+03,5.687426E-02,0.000000E+00,0.000000E+00,3.373854E-02,7.140707E+02,1.863171E-01,2.251395E+03,3.104131E+03,3.373854E-02,8.225586E+02,1.694944E-01,1.955061E+03,3.168799E+03,9.075618E-02,3.564225E+03,3.373854E-02,0.000000E+00,0.000000E+00,5.687426E-02,1.203734E+03,3.019828E-01,3.660181E+03,5.077317E+03,5.687426E-02,1.386616E+03,2.727806E-01,3.151226E+03,5.170729E+03,1.525803E-01,5.996401E+03,5.687426E-02,0.000000E+00,0.000000E+00,3.373854E-02,7.140707E+02,2.072672E-01,2.485308E+03,3.349516E+03,3.373854E-02,8.225586E+02,1.899208E-01,2.183125E+03,3.409367E+03,9.180958E-02,3.594811E+03,3.373854E-02,0.000000E+00,0.000000E+00
21:00:00,7.502560E-02,1.598647E+03,3.674654E-01,4.472721E+03,6.111784E+03,7.502560E-02,1.839896E+03,3.580016E-01,4.125807E+03,6.511887E+03,7.502560E-02,4.244464E+03,7.502560E-02,0.000000E+00,0.000000E+00,5.687426E-02,1.211878E+03,2.951306E-01,3.575512E+03,4.979883E+03,5.687426E-02,1.394760E+03,2.665950E-01,3.074000E+03,5.077820E+03,1.498869E-01,5.918183E+03,5.687426E-02,0.000000E+00,0.000000E+00,3.373854E-02,7.189018E+02,1.849176E-01,2.230924E+03,3.081460E+03,3.373854E-02,8.273897E+02,1.681874E-01,1.935623E+03,3.146434E+03,9.075635E-02,3.564230E+03,3.373854E-02,0.000000E+00,0.000000E+00,5.687426E-02,1.211878E+03,2.995671E-01,3.625041E+03,5.038620E+03,5.687426E-02,1.394760E+03,2.705209E-01,3.117828E+03,5.132673E+03,1.525806E-01,5.996410E+03,5.687426E-02,0.000000E+00,0.000000E+00,3.373854E-02,7.189018E+02,2.044468E-01,2.448971E+03,3.309859E+03,3.373854E-02,8.273897E+02,1.872045E-01,2.147950E+03,3.370002E+03,9.180975E-02,3.594816E+03,3.373854E-02,0.000000E+00,0.000000E+00
21:10:00,7.502560E-02,1.609391E+03,3.666319E-01,4.452649E+03,6.091092E+03,7.502560E-02,1.850639E+03,3.571691E-01,4.105745E+03,6.491172E+03,7.502560E-02,4.244464E+03,7.502560E-02,0.000000E+00,0.000000E+00,5.687426E-02,1.220022E+03,2.930655E-01,3.544286E+03,4.945861E+03,5.687426E-02,1.402904E+03,2.646878E-01,3.044538E+03,5.044382E+03,1.498872E-01,5.918192E+03,5.687426E-02,0.000000E+00,0.000000E+00,3.373854E-02,7.237329E+02,1.835720E-01,2.211054E+03,3.059715E+03,3.373854E-02,8.322208E+02,1.669356E-01,1.916801E+03,3.124921E+03,9.075652E-02,3.564235E+03,3.373854E-02,0.000000E+00,0.000000E+00,5.687426E-02,1.220022E+03,2.972788E-01,3.591323E+03,5.001998E+03,5.687426E-02,1.402904E+03,2.683906E-01,3.085875E+03,5.096609E+03,1.525809E-01,5.996419E+03,5.687426E-02,0.000000E+00,0.000000E+00,3.373854E-02,7.237329E+02,2.018439E-01,2.415062E+03,3.273513E+03,3.373854E-02,8.322208E+02,1.847048E-01,2.115194E+03,3.333950E+03,9.180991E-02,3.594821E+03,3.373854E-02,0.000000E+00,0.000000E+00
21:20:00,7.502560E-02,1.620134E+03,3.658439E-01,4.433085E+03,6.070935E+03,7.502560E-02,1.861382E+03,3.563816E-01,4.086187E+03,6.470989E+03,7.502560E-02,4.244464E+03,7.502560E-02,0.000000E+00,0.000000E+00,5.687426E-02,1.228166E+03,2.910811E-01,3.513962E+03,4.912716E+03,5.687426E-02,1.411048E+03,2.628623E-01,3.015989E+03,5.011834E+03,1.498875E-01,5.918201E+03,5.687426E-02,0.000000E+00,0.000000E+00,3.373854E-02,7.285640E+02,1.822710E-01,2.191682E+03,3.038456E+03,3.373854E-02,8.370519E+02,1.657288E-01,1.898481E+03,3.103900E+03,9.075668E-02,3.564240E+03,3.373854E-02,0.000000E+00,0.000000E+00,5.687426E-02,1.228166E+03,2.950939E-01,3.558760E+03,4.966491E+03,5.687426E-02,1.411048E+03,2.663643E-01,3.055084E+03,5.061659E+03,1.525812E-01,5.996428E+03,5.687426E-02,0.000000E+00,0.000000E+00,3.373854E-02,7.285640E+02,1.994261E-01,2.383220E+03,3.239280E+03,3.373854E-02,8.370519E+02,1.823887E-01,2.084487E+03,3.299995E+03,9.181008E-02,3.594826E+03,3.373854E-02,0.000000E+00,0.000000E+00
21:30:00,7.502560E-02,1.630877E+03,3.650983E-01,4.413994E+03,6.051282E+03,7.502560E-02,1.872125E+03,3.556362E-01,4.067099E+03,6.451307E+03,7.502560E-02,4.244464E+03,7.502560E-02,0.000000E+00,0.000000E+00,5.687426E-02,1.236310E+03,2.891707E-01,3.484465E+03,4.880397E+03,5.687426E-02,1.419192E+03,2.611123E-01,2.988284E+03,4.980134E+03,1.498878E-01,5.918210E+03,5.687426E-02,0.000000E+00,0.000000E+00,3.373854E-02,7.333951E+02,1.810121E-01,2.172780E+03,3.017671E+03,3.373854E-02,8.418830E+02,1.645646E-01,1.880636E+03,3.083362E+03,9.075685E-02,3.564245E+03,3.373854E-02,0.000000E+00,0.000000E+00,5.687426E-02,1.236310E+03,2.930029E-01,3.527246E+03,4.932023E+03,5.687426E-02,1.419192E+03,2.644329E-01,3.025352E+03,5.027758E+03,1.525815E-01,5.996437E+03,5.687426E-02,0.000000E+00,0.000000E+00,3.373854E-02,7.333951E+02,1.971718E-01,2.353203E+03,3.206928E+03,3.373854E-02,8.418830E+02,1.802351E-01,2.055596E+03,3.267915E+03,9.181024E-02,3.594831E+03,3.373854E-02,0.000000E+00,0.000000E+00
21:40:00,7.502560E-02,1.641620E+03,3.643912E-01,4.395333E+03,6.032083E+03,7.502560E-02,1.882868E+03,3.549290E-01,4.048438E+03,6.432076E+03,7.502560E-02,4.244464E+03,7.502560E-02,0.000000E+00,0.000000E+00,5.687426E-02,1.244454E+03,2.873273E-01,3.455715E+03,4.848837E+03,5.687426E-02,1.427336E+03,2.594313E-01,2.961349E+03,4.949220E+03,1.498881E-01,5.918219E+03,5.687426E-02,0.000000E+00,0.000000E+00,3.373854E-02,7.382262E+02,1.797919E-01,2.154311E+03,2.997329E+03,3.373854E-02,8.467141E+02,1.634398E-01,1.863233E+03,3.063278E+03,9.075701E-02,3.564249E+03,3.373854E-02,0.000000E+00,0.000000E+00,5.687426E-02,1.244454E+03,2.909963E-01,3.496675E+03,4.898507E+03,5.687426E-02,1.427336E+03,2.625872E-01,2.996578E+03,4.994821E+03,1.525818E-01,5.996446E+03,5.687426E-02,0.000000E+00,0.000000E+00,3.373854E-02,7.382262E+02,1.950617E-01,2.324797E+03,3.176243E+03,3.373854E-02,8.467141E+02,1.782252E-01,2.028310E+03,3.237501E+03,9.181040E-02,3.594835E+03,3.373854E-02,0.000000E+00,0.000000E+00
21:50:00,7.502560E-02,1.652363E+03,3.636952E-01,4.376796E+03,6.012989E+03,7.502560E-02,1.893611E+03,3.542327E-01,4.029898E+03,6.412948E+03,7.502560E-02,4.244464E+03,7.502560E-02,0.000000E+00,0.000000E+00,5.687426E-02,1.252598E+03,2.855192E-01,3.427361E+03,4.817629E+03,5.687426E-02,1.435480E+03,2.577855E-01,2.934807E+03,4.918643E+03,1.498884E-01,5.918228E+03,5.687426E-02,0.000000E+00,0.000000E+00,3.373854E-02,7.430573E+02,1.785922E-01,2.136071E+03,2.977194E+03,3.373854E-02,8.515452E+02,1.623347E-01,1.846050E+03,3.043383E+03,9.075717E-02,3.564254E+03,3.373854E-02,0.000000E+00,0.000000E+00,5.687426E-02,1.252598E+03,2.890404E-01,3.466669E+03,4.865514E+03,5.687426E-02,1.435480E+03,2.607909E-01,2.968356E+03,4.962375E+03,1.525821E-01,5.996455E+03,5.687426E-02,0.000000E+00,0.000000E+00,3.373854E-02,7.430573E+02,1.930644E-01,2.297651E+03,3.146840E+03,3.373854E-02,8.515452E+02,1.763262E-01,2.002261E+03,3.208342E+03,9.181056E-02,3.594840E+03,3.373854E-02,0.000000E+00,0.000000E+00
22:00:00,7.502560E-02,1.663106E+03,3.630454E-01,4.358796E+03,5.994472E+03,7.502560E-02,1.904354E+03,3.535826E-01,4.011894E+03,6.394397E+03,7.502560E-02,4.244464E+03,7.502560E-02,0.000000E+00,0.000000E+00,5.687426E-02,1.260742E+03,2.837812E-01,3.399812E+03,4.787277E+03,5.687426E-02,1.443624E+03,2.562158E-01,2.909139E+03,4.889009E+03,1.498887E-01,5.918237E+03,5.687426E-02,0.000000E+00,0.000000E+00,3.373854E-02,7.478884E+02,1.774345E-01,2.118314E+03,2.957572E+03,3.373854E-02,8.563763E+02,1.612742E-01,1.829378E+03,3.024042E+03,9.075733E-02,3.564259E+03,3.373854E-02,0.000000E+00,0.000000E+00,5.687426E-02,1.260742E+03,2.871685E-01,3.437624E+03,4.833533E+03,5.687426E-02,1.443624E+03,2.590830E-01,2.941143E+03,4.931007E+03,1.525824E-01,5.996463E+03,5.687426E-02,0.000000E+00,0.000000E+00,3.373854E-02,7.478884E+02,1.911887E-01,2.271877E+03,3.118874E+03,3.373854E-02,8.563763E+02,1.745502E-01,1.977602E+03,3.180648E+03,9.181072E-02,3.594845E+03,3.373854E-02,0.000000E+00,0.000000E+00
22:10:00,7.502560E-02,1.671462E+03,3.624151E-01,4.343402E+03,5.978617E+03,7.502560E-02,1.912710E+03,3.529517E-01,3.996494E+03,6.378510E+03,7.502560E-02,4.244464E+03,7.502560E-02,0.000000E+00,0.000000E+00,5.687426E-02,1.267076E+03,2.821053E-01,3.374767E+03,4.759516E+03,5.687426E-02,1.449958E+03,2.547045E-01,2.885932E+03,4.861919E+03,1.498890E-01,5.918245E+03,5.687426E-02,0.000000E+00,0.000000E+00,3.373854E-02,7.516459E+02,1.763145E-01,2.102052E+03,2.939500E+03,3.373854E-02,8.601338E+02,1.602480E-01,1.814165E+03,3.006210E+03,9.075749E-02,3.564263E+03,3.373854E-02,0.000000E+00,0.000000E+00,5.687426E-02,1.267076E+03,2.853708E-01,3.411221E+03,4.804284E+03,5.687426E-02,1.449958E+03,2.574442E-01,2.916514E+03,4.902303E+03,1.525827E-01,5.996472E+03,5.687426E-02,0.000000E+00,0.000000E+00,3.373854E-02,7.516459E+02,1.894216E-01,2.248391E+03,3.093280E+03,3.373854E-02,8.601338E+02,1.728790E-01,1.955186E+03,3.155284E+03,9.181088E-02,3.594849E+03,3.373854E-02,0.000000E+00,0.000000E+00
22:20:00,7.502560E-02,1.679817E+03,3.618110E-01,4.328301E+03,5.963065E+03,7.502560E-02,1.921066E+03,3.523468E-01,3.981385E+03,6.362925E+03,7.502560E-02,4.244464E+03,7.502560E-02,0.000000E+00,0.000000E+00,5.687426E-02,1.273410E+03,2.804965E-01,3.350472E+03,4.732596E+03,5.687426E-02,1.456292E+03,2.532573E-01,2.863443E+03,4.835676E+03,1.498893E-01,5.918254E+03,5.687426E-02,0.000000E+00,0.000000E+00,3.373854E-02,7.554034E+02,1.752354E-01,2.086248E+03,2.921947E+03,3.373854E-02,8.638913E+02,1.592606E-01,1.799385E+03,2.988903E+03,9.075765E-02,3.564268E+03,3.373854E-02,0.000000E+00,0.000000E+00,5.687426E-02,1.273410E+03,2.836519E-01,3.385697E+03,4.776011E+03,5.687426E-02,1.456292E+03,2.558806E-01,2.892725E+03,4.874581E+03,1.525830E-01,5.996481E+03,5.687426E-02,0.000000E+00,0.000000E+00,3.373854E-02,7.554034E+02,1.877574E-01,2.226054E+03,3.068927E+03,3.373854E-02,8.638913E+02,1.713078E-01,1.933889E+03,3.131161E+03,9.181103E-02,3.594854E+03,3.373854E-02,0.000000E+00,0.000000E+00
22:30:00,7.502560E-02,1.688173E+03,3.612290E-01,4.313447E+03,5.947770E+03,7.502560E-02,1.929422E+03,3.517641E-01,3.966522E+03,6.347595E+03,7.502560E-02,4.244464E+03,7.502560E-02,0.000000E+00,0.000000E+00,5.687426E-02,1.279745E+03,2.789496E-01,3.326869E+03,4.706465E+03,5.687426E-02,1.462626E+03,2.518684E-01,2.841604E+03,4.810235E+03,1.498896E-01,5.918262E+03,5.687426E-02,0.000000E+00,0.000000E+00,3.373854E-02,7.591610E+02,1.741944E-01,2.070869E+03,2.904886E+03,3.373854E-02,8.676488E+02,1.583093E-01,1.785008E+03,2.972105E+03,9.075780E-02,3.564272E+03,3.373854E-02,0.000000E+00,0.000000E+00,5.687426E-02,1.279745E+03,2.820053E-01,3.360980E+03,4.748653E+03,5.687426E-02,1.462626E+03,2.543858E-01,2.869704E+03,4.847789E+03,1.525833E-01,5.996489E+03,5.687426E-02,0.000000E+00,0.000000E+00,3.373854E-02,7.591610E+02,1.861859E-01,2.204752E+03,3.045703E+03,3.373854E-02,8.676488E+02,1.698265E-01,1.913594E+03,3.108180E+03,9.181119E-02,3.594858E+03,3.373854E-02,0.000000E+00,0.000000E+00
22:40:00,7.502560E-02,1.696529E+03,3.606668E-01,4.298815E+03,5.932702E+03,7.502560E-02,1.937777E+03,3.512010E-01,3.951880E+03,6.332492E+03,7.502560E-02,4.244464E+03,7.502560E-02,0.000000E+00,0.000000E+00,5.687426E-02,1.286079E+03,2.774610E-01,3.303917E+03,4.681077E+03,5.687426E-02,1.468961E+03,2.505337E-01,2.820370E+03,4.785540E+03,1.498899E-01,5.918271E+03,5.687426E-02,0.000000E+00,0.000000E+00,3.373854E-02,7.629185E+02,1.731895E-01,2.055893E+03,2.888289E+03,3.373854E-02,8.714064E+02,1.573920E-01,1.771011E+03,2.955784E+03,9.075796E-02,3.564277E+03,3.373854E-02,0.000000E+00,0.000000E+00,5.687426E-02,1.286079E+03,2.804263E-01,3.337019E+03,4.722149E+03,5.687426E-02,1.468961E+03,2.529554E-01,2.847401E+03,4.821865E+03,1.525836E-01,5.996498E+03,5.687426E-02,0.000000E+00,0.000000E+00,3.373854E-02,7.629185E+02,1.846985E-01,2.184389E+03,3.023504E+03,3.373854E-02,8.714064E+02,1.684268E-01,1.894211E+03,3.086233E+03,9.181134E-02,3.594863E+03,3.373854E-02,0.000000E+00,0.000000E+00
22:50:00,7.502560E-02,1.704885E+03,3.601225E-01,4.284381E+03,5.917838E+03,7.502560E-02,1.946133E+03,3.506557E-01,3.937436E+03,6.317592E+03,7.502560E-02,4.244464E+03,7.502560E-02,0.000000E+00,0.000000E+00,5.687426E-02,1.292413E+03,2.760278E-01,3.281583E+03,4.656388E+03,5.687426E-02,1.475295E+03,2.492499E-01,2.799704E+03,4.761528E+03,1.498902E-01,5.918279E+03,5.687426E-02,0.000000E+00,0.000000E+00,3.373854E-02,7.666760E+02,1.722191E-01,2.041302E+03,2.872131E+03,3.373854E-02,8.751639E+02,1.565074E-01,1.757378E+03,2.939904E+03,9.075811E-02,3.564281E+03,3.373854E-02,0.000000E+00,0.000000E+00,5.687426E-02,1.292413E+03,2.789111E-01,3.313769E+03,4.696442E+03,5.687426E-02,1.475295E+03,2.515854E-01,2.825775E+03,4.796740E+03,1.525839E-01,5.996506E+03,5.687426E-02,0.000000E+00,0.000000E+00,3.373854E-02,7.666760E+02,1.832881E-01,2.164885E+03,3.002234E+03,3.373854E-02,8.751639E+02,1.671016E-01,1.875659E+03,3.065213E+03,9.181150E-02,3.594867E+03,3.373854E-02,0.000000E+00,0.000000E+00
23:00:00,7.502560E-02,1.713240E+03,3.595942E-01,4.270127E+03,5.903158E+03,7.502560E-02,1.954489E+03,3.501263E-01,3.923169E+03,6.302876E+03,7.502560E-02,4.244464E+03,7.502560E-02,0.000000E+00,0.000000E+00,5.687426E-02,1.298747E+03,2.746473E-01,3.259836E+03,4.632361E+03,5.687426E-02,1.481629E+03,2.480136E-01,2.779569E+03,4.738141E+03,1.498905E-01,5.918287E+03,5.687426E-02,0.000000E+00,0.000000E+00,3.373854E-02,7.704335E+02,1.712815E-01,2.027078E+03,2.856387E+03,3.373854E-02,8.789214E+02,1.556541E-01,1.744095E+03,2.924437E+03,9.075826E-02,3.564286E+03,3.373854E-02,0.000000E+00,0.000000E+00,5.687426E-02,1.298747E+03,2.774561E-01,3.291191E+03,4.671486E+03,5.687426E-02,1.481629E+03,2.502728E-01,2.804787E+03,4.772358E+03,1.525842E-01,5.996514E+03,5.687426E-02,0.000000E+00,0.000000E+00,3.373854E-02,7.704335E+02,1.819481E-01,2.146168E+03,2.981815E+03,3.373854E-02,8.789214E+02,1.658445E-01,1.857868E+03,3.045035E+03,9.181165E-02,3.594871E+03,3.373854E-02,0.000000E+00,0.000000E+00
23:10:00,7.502560E-02,1.721596E+03,3.590803E-01,4.256034E+03,5.888643E+03,7.502560E-02,1.962844E+03,3.496113E-01,3.909063E+03,6.288323E+03,7.502560E-02,4.244464E+03,7.502560E-02,0.000000E+00,0.000000E+00,5.687426E-02,1.305081E+03,2.732963E-01,3.238420E+03,4.608685E+03,5.687426E-02,1.487963E+03,2.468087E-01,2.759785E+03,4.715146E+03,1.498907E-01,5.918296E+03,5.687426E-02,0.000000E+00,0.000000E+00,3.373854E-02,7.741910E+02,1.703634E-01,2.013070E+03,2.840874E+03,3.373854E-02,8.826789E+02,1.548229E-01,1.731059E+03,2.909249E+03,9.075841E-02,3.564290E+03,3.373854E-02,0.000000E+00,0.000000E+00,5.687426E-02,1.305081E+03,2.760374E-01,3.269019E+03,4.646961E+03,5.687426E-02,1.487963E+03,2.490004E-01,2.784249E+03,4.748475E+03,1.525844E-01,5.996523E+03,5.687426E-02,0.000000E+00,0.000000E+00,3.373854E-02,7.741910E+02,1.806606E-01,2.128037E+03,2.962011E+03,3.373854E-02,8.826789E+02,1.646415E-01,1.840680E+03,3.025503E+03,9.181180E-02,3.594876E+03,3.373854E-02,0.000000E+00,0.000000E+00
23:20:00,7.502560E-02,1.729952E+03,3.585793E-01,4.242084E+03,5.874276E+03,7.502560E-02,1.971200E+03,3.491091E-01,3.895100E+03,6.273918E+03,7.502560E-02,4.244464E+03,7.502560E-02,0.000000E+00,0.000000E+00,5.687426E-02,1.311416E+03,2.719729E-01,3.217311E+03,4.585334E+03,5.687426E-02,1.494297E+03,2.456366E-01,2.740367E+03,4.692559E+03,1.498910E-01,5.918304E+03,5.687426E-02,0.000000E+00,0.000000E+00,3.373854E-02,7.779486E+02,1.694636E-01,1.999267E+03,2.825579E+03,3.373854E-02,8.864365E+02,1.540140E-01,1.718271E+03,2.894337E+03,9.075856E-02,3.564294E+03,3.373854E-02,0.000000E+00,0.000000E+00,5.687426E-02,1.311416E+03,2.746517E-01,3.247215E+03,4.622825E+03,5.687426E-02,1.494297E+03,2.477658E-01,2.764133E+03,4.725055E+03,1.525847E-01,5.996531E+03,5.687426E-02,0.000000E+00,0.000000E+00,3.373854E-02,7.779486E+02,1.794206E-01,2.110435E+03,2.942762E+03,3.373854E-02,8.864365E+02,1.634878E-01,1.824043E+03,3.006560E+03,9.181195E-02,3.594880E+03,3.373854E-02,0.000000E+00,0.000000E+00
23:30:00,7.502560E-02,1.738308E+03,3.580897E-01,4.228262E+03,5.860039E+03,7.502560E-02,1.979556E+03,3.486182E-01,3.881264E+03,6.259641E+03,7.502560E-02,4.244464E+03,7.502560E-02,0.000000E+00,0.000000E+00,5.687426E-02,1.317750E+03,2.706746E-01,3.196483E+03,4.562278E+03,5.687426E-02,1.500632E+03,2.444925E-01,2.721260E+03,4.670510E+03,1.498913E-01,5.918312E+03,5.687426E-02,0.000000E+00,0.000000E+00,3.373854E-02,7.817061E+02,1.685807E-01,1.985653E+03,2.810482E+03,3.373854E-02,8.901940E+02,1.532257E-01,1.705714E+03,2.879820E+03,9.075871E-02,3.564299E+03,3.373854E-02,0.000000E+00,0.000000E+00,5.687426E-02,1.317750E+03,2.732960E-01,3.225745E+03,4.599040E+03,5.687426E-02,1.500632E+03,2.465679E-01,2.744426E+03,4.702296E+03,1.525850E-01,5.996539E+03,5.687426E-02,0.000000E+00,0.000000E+00,3.373854E-02,7.817061E+02,1.782236E-01,2.093314E+03,2.924014E+03,3.373854E-02,8.901940E+02,1.623791E-01,1.807908E+03,2.988304E+03,9.181210E-02,3.594884E+03,3.373854E-02,0.000000E+00,0.000000E+00
23:40:00,7.502560E-02,1.746663E+03,3.576103E-01,4.214554E+03,5.845918E+03,7.502560E-02,1.987912E+03,3.481374E-01,3.867540E+03,6.245479E+03,7.502560E-02,4.244464E+03,7.502560E-02,0.000000E+00,0.000000E+00,5.687426E-02,1.324084E+03,2.693994E-01,3.175913E+03,4.539494E+03,5.687426E-02,1.506966E+03,2.433699E-01,2.702395E+03,4.649433E+03,1.498916E-01,5.918320E+03,5.687426E-02,0.000000E+00,0.000000E+00,3.373854E-02,7.854636E+02,1.677135E-01,1.972215E+03,2.795571E+03,3.373854E-02,8.939515E+02,1.524535E-01,1.693336E+03,2.866001E+03,9.075886E-02,3.564303E+03,3.373854E-02,0.000000E+00,0.000000E+00,5.687426E-02,1.324084E+03,2.719676E-01,3.204582E+03,4.575577E+03,5.687426E-02,1.506966E+03,2.454040E-01,2.725099E+03,4.680705E+03,1.525853E-01,5.996547E+03,5.687426E-02,0.000000E+00,0.000000E+00,3.373854E-02,7.854636E+02,1.770654E-01,2.076627E+03,2.905721E+03,3.373854E-02,8.939515E+02,1.613119E-01,1.792237E+03,2.971085E+03,9.181224E-02,3.594889E+03,3.373854E-02,0.000000E+00,0.000000E+00
23:50:00,7.502560E-02,1.755019E+03,3.571399E-01,4.200945E+03,5.831898E+03,7.502560E-02,1.996267E+03,3.476655E-01,3.853915E+03,6.231418E+03,7.502560E-02,4.244464E+03,7.502560E-02,0.000000E+00,0.000000E+00,5.687426E-02,1.330418E+03,2.681456E-01,3.155581E+03,4.516958E+03,5.687426E-02,1.513300E+03,2.422644E-01,2.683718E+03,4.629407E+03,1.498919E-01,5.918328E+03,5.687426E-02,0.000000E+00,0.000000E+00,3.373854E-02,7.892211E+02,1.668609E-01,1.958939E+03,2.780831E+03,3.373854E-02,8.977090E+02,1.516941E-01,1.681102E+03,2.852930E+03,9.075901E-02,3.564307E+03,3.373854E-02,0.000000E+00,0.000000E+00,5.687426E-02,1.330418E+03,2.706644E-01,3.183698E+03,4.552406E+03,5.687426E-02,1.513300E+03,2.442659E-01,2.706059E+03,4.660310E+03,1.525856E-01,5.996555E+03,5.687426E-02,0.000000E+00,0.000000E+00,3.373854E-02,7.892211E+02,1.759426E-01,2.060334E+03,2.887837E+03,3.373854E-02,8.977090E+02,1.602829E-01,1.776992E+03,2.954945E+03,9.181239E-02,3.594893E+03,3.373854E-02,0.000000E+00,0.000000E+00
24:00:00,7.502560E-02,1.763375E+03,3.566773E-01,4.187425E+03,5.817968E+03,7.502560E-02,2.004623E+03,3.472013E-01,3.840377E+03,6.217445E+03,7.502560E-02,4.244464E+03,7.502560E-02,0.000000E+00,0.000000E+00,5.687426E-02,1.336752E+03,2.669115E-01,3.135469E+03,4.494652E+03,5.687426E-02,1.519634E+03,2.411713E-01,2.665182E+03,4.610240E+03,1.498921E-01,5.918336E+03,5.687426E-02,0.000000E+00,0.000000E+00,3.373854E-02,7.929787E+02,1.660221E-01,1.945817E+03,2.766251E+03,3.373854E-02,9.014666E+02,1.509446E-01,1.668977E+03,2.840465E+03,9.075915E-02,3.564312E+03,3.373854E-02,0.000000E+00,0.000000E+00,5.687426E-02,1.336752E+03,2.693842E-01,3.163072E+03,4.529503E+03,5.687426E-02,1.519634E+03,2.431470E-01,2.687235E+03,4.640878E+03,1.525858E-01,5.996563E+03,5.687426E-02,0.000000E+00,0.000000E+00,3.373854E-02,7.929787E+02,1.748518E-01,2.044399E+03,2.870327E+03,3.373854E-02,9.014666E+02,1.592852E-01,1.762097E+03,2.939674E+03,9.181253E-02,3.594897E+03,3.373854E-02,0.000000E+00,0.000000E+00
Coinc Peak   ,7.502560E-02,3.789374E-01,4.244464E+03,4.964370E+03,1.498921E-01,3.596195E-01,5.918336E+03,4.599309E+03,9.075915E-02,2.662913E-01,3.564312E+03,3.220331E+03,1.525858E-01,3.592112E-01,5.996563E+03,4.594424E+03,9.181253E-02,2.967556E-01,3.594897E+03,3.607889E+03
NonCoinc Peak,7.502560E-02,3.789374E-01,4.244464E+03,4.964370E+03,1.498921E-01,3.596195E-01,5.918336E+03,4.599309E+03,9.075915E-02,2.662913E-01,3.564312E+03,3.220331E+03,1.525858E-01,3.592112E-01,5.996563E+03,4.594424E+03,9.181253E-02,2.967556E-01,3.594897E+03,3.607889E+03
